# Blender 5.2.0 LTS
# www.blender.org
mtllib wrist_pitch_0093.mtl
o tool_wrist
v -0.029126 0.227902 0.024319
v -0.029126 0.225516 0.023330
v -0.029126 0.223467 0.021758
v -0.029126 0.221894 0.019708
v -0.029126 0.221894 0.009813
v -0.029126 0.225516 0.006192
v -0.029126 0.230463 0.004866
v -0.029126 0.233024 0.005203
v -0.029126 0.235411 0.006192
v -0.029126 0.239032 0.009813
v -0.029126 0.240021 0.012200
v -0.029126 0.239032 0.019708
v -0.029126 0.235411 0.023330
v -0.029126 0.233024 0.024319
v -0.029465 0.224390 0.016388
v -0.029465 0.224175 0.014761
v -0.029465 0.236537 0.016388
v -0.029465 0.234909 0.019207
v -0.029465 0.233607 0.020206
v -0.021480 0.230463 0.019475
v -0.021480 0.229243 0.019314
v -0.021480 0.228106 0.018843
v -0.021480 0.227130 0.018094
v -0.021480 0.226381 0.017118
v -0.021480 0.225910 0.015981
v -0.021480 0.225750 0.014761
v -0.021480 0.225910 0.013541
v -0.021480 0.226381 0.012404
v -0.021480 0.227130 0.011428
v -0.021480 0.228106 0.010679
v -0.021480 0.229243 0.010208
v -0.021480 0.230463 0.010047
v -0.021480 0.231683 0.010208
v -0.021480 0.232820 0.010679
v -0.021480 0.233796 0.011428
v -0.021480 0.234545 0.012404
v -0.021480 0.235016 0.013541
v -0.021480 0.235177 0.014761
v -0.021480 0.235016 0.015981
v -0.021480 0.234545 0.017118
v -0.021480 0.233796 0.018094
v -0.021480 0.232820 0.018843
v -0.021480 0.231683 0.019314
v -0.028954 0.230463 0.032296
v -0.029126 0.230463 0.031855
v -0.029126 0.226039 0.031272
v -0.028954 0.225925 0.031699
v -0.029126 0.221916 0.029565
v -0.028954 0.221696 0.029947
v -0.029126 0.218376 0.026848
v -0.028954 0.218064 0.027160
v -0.029126 0.215660 0.023308
v -0.028954 0.215277 0.023528
v -0.029126 0.213952 0.019185
v -0.028954 0.213526 0.019299
v -0.029126 0.213369 0.014761
v -0.028954 0.212928 0.014761
v -0.028954 0.213526 0.010222
v -0.028954 0.215277 0.005993
v -0.028954 0.218064 0.002362
v -0.028954 0.221696 -0.000425
v -0.029126 0.226039 -0.001750
v -0.028954 0.225925 -0.002177
v -0.028954 0.230463 -0.002774
v -0.028954 0.235002 -0.002177
v -0.028954 0.239231 -0.000425
v -0.029126 0.242550 0.002674
v -0.028954 0.242862 0.002362
v -0.029126 0.245267 0.006214
v -0.028954 0.245649 0.005993
v -0.028954 0.247401 0.010222
v -0.029126 0.247557 0.014761
v -0.028954 0.247998 0.014761
v -0.028954 0.247401 0.019299
v -0.028954 0.245649 0.023528
v -0.028954 0.242862 0.027160
v -0.028954 0.239231 0.029947
v -0.028954 0.235002 0.031699
v -0.021480 0.230463 0.032124
v 0.020900 0.239088 0.000192
v 0.020900 0.242661 -0.002549
v -0.021480 0.225969 0.031533
v 0.020900 0.245402 -0.006122
v -0.021480 0.221781 0.029798
v 0.020900 0.247125 -0.010282
v -0.021480 0.218185 0.027039
v 0.020900 0.247713 -0.014747
v -0.021480 0.215426 0.023443
v 0.020900 0.247125 -0.019211
v -0.021480 0.213691 0.019255
v 0.020900 0.245402 -0.023372
v -0.021480 0.213100 0.014761
v 0.020900 0.242661 -0.026944
v -0.021480 0.213691 0.010267
v 0.020900 0.239088 -0.029685
v -0.021480 0.215426 0.006079
v 0.020900 0.234928 -0.031409
v -0.021480 0.218185 0.002483
v 0.020900 0.230463 -0.031996
v -0.021480 0.221781 -0.000276
v 0.020900 0.225999 -0.031409
v -0.021480 0.225969 -0.002011
v 0.020900 0.221838 -0.029685
v -0.021480 0.230463 -0.002603
v 0.020900 0.218266 -0.026944
v -0.021480 0.234957 -0.002011
v 0.020900 0.215524 -0.023372
v -0.021480 0.239145 -0.000276
v 0.020900 0.213801 -0.019211
v -0.021480 0.242741 0.002483
v 0.020900 0.213213 -0.014747
v -0.021480 0.245501 0.006079
v 0.020900 0.213801 -0.010282
v -0.021480 0.247235 0.010267
v 0.020900 0.215524 -0.006122
v -0.021480 0.247827 0.014761
v 0.020900 0.218266 -0.002549
v -0.021480 0.247235 0.019255
v 0.020900 0.221838 0.000192
v -0.021480 0.245501 0.023443
v 0.020900 0.234928 0.001915
v -0.021480 0.242741 0.027039
v 0.020900 0.225999 0.001915
v -0.021480 0.239145 0.029798
v 0.020900 0.230463 0.002503
v -0.021480 0.234957 0.031533
v -0.023772 0.238528 0.000792
v -0.026834 0.238528 0.000792
v -0.024474 0.238288 0.001208
v -0.025303 0.238204 0.001353
v -0.026131 0.238288 0.001208
v -0.026834 0.234638 -0.000819
v -0.023772 0.234638 -0.000819
v -0.026131 0.234514 -0.000356
v -0.025303 0.234470 -0.000193
v -0.024474 0.234514 -0.000356
v -0.023772 0.214883 0.010586
v -0.026834 0.214883 0.010586
v -0.024474 0.215346 0.010710
v -0.025303 0.215509 0.010754
v -0.026131 0.215346 0.010710
v -0.026834 0.214333 0.014761
v -0.023772 0.214333 0.014761
v -0.026131 0.214813 0.014761
v -0.025303 0.214982 0.014761
v -0.024474 0.214813 0.014761
v -0.023772 0.238528 0.028730
v -0.026834 0.238528 0.028730
v -0.024474 0.238288 0.028314
v -0.025303 0.238204 0.028168
v -0.026131 0.238288 0.028314
v -0.026834 0.241869 0.026166
v -0.023772 0.241869 0.026166
v -0.026131 0.241530 0.025827
v -0.025303 0.241410 0.025708
v -0.024474 0.241530 0.025827
v -0.023772 0.241869 0.003355
v -0.026834 0.241869 0.003355
v -0.024474 0.241529 0.003695
v -0.025303 0.241410 0.003814
v -0.026131 0.241529 0.003695
v -0.023772 0.216494 0.006696
v -0.026834 0.216494 0.006696
v -0.024474 0.216910 0.006936
v -0.025303 0.217056 0.007020
v -0.026131 0.216910 0.006936
v -0.023772 0.234638 0.030341
v -0.026834 0.234638 0.030341
v -0.024474 0.234514 0.029878
v -0.025303 0.234470 0.029715
v -0.026131 0.234514 0.029878
v -0.023772 0.226288 0.030341
v -0.026834 0.226288 0.030341
v -0.024474 0.226413 0.029878
v -0.025303 0.226456 0.029715
v -0.026131 0.226413 0.029878
v -0.026834 0.230463 0.030891
v -0.023772 0.230463 0.030891
v -0.026131 0.230463 0.030411
v -0.025303 0.230463 0.030242
v -0.024474 0.230463 0.030411
v -0.023772 0.244432 0.006696
v -0.026834 0.244432 0.006696
v -0.024474 0.244017 0.006936
v -0.025303 0.243871 0.007020
v -0.026131 0.244017 0.006936
v -0.023772 0.219058 0.003355
v -0.026834 0.219058 0.003355
v -0.024474 0.219397 0.003695
v -0.025303 0.219516 0.003814
v -0.026131 0.219397 0.003695
v -0.023772 0.222398 0.028730
v -0.026834 0.222398 0.028730
v -0.024474 0.222638 0.028314
v -0.025303 0.222722 0.028168
v -0.026131 0.222638 0.028314
v -0.023772 0.246044 0.010586
v -0.026834 0.246044 0.010586
v -0.024474 0.245580 0.010710
v -0.025303 0.245417 0.010754
v -0.026131 0.245580 0.010710
v -0.023772 0.222398 0.000792
v -0.026834 0.222398 0.000792
v -0.024474 0.222638 0.001208
v -0.025303 0.222722 0.001353
v -0.026131 0.222638 0.001208
v -0.023772 0.219058 0.026166
v -0.026834 0.219058 0.026166
v -0.024474 0.219397 0.025827
v -0.025303 0.219516 0.025708
v -0.026131 0.219397 0.025827
v -0.023772 0.246593 0.014761
v -0.026834 0.246593 0.014761
v -0.024474 0.246113 0.014761
v -0.025303 0.245945 0.014761
v -0.026131 0.246113 0.014761
v -0.023772 0.226288 -0.000819
v -0.026834 0.226288 -0.000819
v -0.024474 0.226413 -0.000356
v -0.025303 0.226456 -0.000193
v -0.026131 0.226413 -0.000356
v -0.023772 0.216494 0.022826
v -0.026834 0.216494 0.022826
v -0.024474 0.216910 0.022586
v -0.025303 0.217056 0.022502
v -0.026131 0.216910 0.022586
v -0.023772 0.246044 0.018936
v -0.026834 0.246044 0.018936
v -0.024474 0.245580 0.018811
v -0.025303 0.245417 0.018768
v -0.026131 0.245580 0.018811
v -0.023772 0.230463 -0.001369
v -0.026834 0.230463 -0.001369
v -0.024474 0.230463 -0.000889
v -0.025303 0.230463 -0.000721
v -0.026131 0.230463 -0.000889
v -0.023772 0.214883 0.018936
v -0.026834 0.214883 0.018936
v -0.024474 0.215346 0.018811
v -0.025303 0.215509 0.018768
v -0.026131 0.215346 0.018811
v -0.023772 0.244432 0.022826
v -0.026834 0.244432 0.022826
v -0.024474 0.244017 0.022586
v -0.025303 0.243871 0.022502
v -0.026131 0.244017 0.022586
v -0.027129 0.234841 -0.001576
v -0.028024 0.235002 -0.002177
v -0.027489 0.234955 -0.002001
v -0.027129 0.213550 0.014761
v -0.028024 0.212928 0.014761
v -0.027489 0.213110 0.014761
v -0.027129 0.242423 0.026720
v -0.028024 0.242862 0.027160
v -0.027489 0.242734 0.027031
v -0.027129 0.230463 0.031674
v -0.028024 0.230463 0.032296
v -0.027489 0.230463 0.032114
v -0.028024 0.239231 -0.000425
v -0.027129 0.238920 0.000113
v -0.027489 0.239140 -0.000267
v -0.028024 0.213526 0.010222
v -0.027129 0.214126 0.010383
v -0.027489 0.213701 0.010270
v -0.028024 0.239231 0.029947
v -0.027129 0.238920 0.029408
v -0.027489 0.239140 0.029789
v -0.028024 0.242862 0.002362
v -0.027129 0.242423 0.002801
v -0.027489 0.242734 0.002490
v -0.028024 0.215277 0.005993
v -0.027129 0.215816 0.006304
v -0.027489 0.215435 0.006084
v -0.028024 0.235002 0.031699
v -0.027129 0.234841 0.031098
v -0.027489 0.234955 0.031523
v -0.028024 0.225925 0.031699
v -0.027129 0.226086 0.031098
v -0.027489 0.225972 0.031523
v -0.028024 0.245649 0.005993
v -0.027129 0.245111 0.006304
v -0.027489 0.245491 0.006084
v -0.028024 0.218064 0.002362
v -0.027129 0.218504 0.002801
v -0.027489 0.218193 0.002490
v -0.028024 0.221696 0.029947
v -0.027129 0.222007 0.029408
v -0.027489 0.221787 0.029789
v -0.028024 0.247401 0.010222
v -0.027129 0.246800 0.010383
v -0.027489 0.247225 0.010270
v -0.028024 0.221696 -0.000425
v -0.027129 0.222007 0.000113
v -0.027489 0.221787 -0.000267
v -0.028024 0.218064 0.027160
v -0.027129 0.218504 0.026720
v -0.027489 0.218193 0.027031
v -0.028024 0.247998 0.014761
v -0.027129 0.247377 0.014761
v -0.027489 0.247816 0.014761
v -0.028024 0.225925 -0.002177
v -0.027129 0.226086 -0.001576
v -0.027489 0.225972 -0.002001
v -0.028024 0.215277 0.023528
v -0.027129 0.215816 0.023218
v -0.027489 0.215435 0.023437
v -0.028024 0.247401 0.019299
v -0.027129 0.246800 0.019138
v -0.027489 0.247225 0.019252
v -0.028024 0.230463 -0.002774
v -0.027129 0.230463 -0.002152
v -0.027489 0.230463 -0.002592
v -0.028024 0.213526 0.019299
v -0.027129 0.214126 0.019138
v -0.027489 0.213701 0.019252
v -0.028024 0.245649 0.023528
v -0.027129 0.245111 0.023218
v -0.027489 0.245491 0.023437
v -0.022582 0.239231 -0.000425
v -0.023476 0.238920 0.000113
v -0.023117 0.239140 -0.000267
v -0.022582 0.213526 0.010222
v -0.023476 0.214126 0.010383
v -0.023117 0.213701 0.010270
v -0.022582 0.239231 0.029947
v -0.023476 0.238920 0.029408
v -0.023117 0.239140 0.029789
v -0.022582 0.242862 0.002362
v -0.023476 0.242423 0.002801
v -0.023117 0.242734 0.002490
v -0.022582 0.215277 0.005993
v -0.023476 0.215816 0.006304
v -0.023117 0.215435 0.006084
v -0.022582 0.235002 0.031699
v -0.023476 0.234841 0.031098
v -0.023117 0.234955 0.031523
v -0.022582 0.225925 0.031699
v -0.023476 0.226086 0.031098
v -0.023117 0.225972 0.031523
v -0.022582 0.245649 0.005993
v -0.023476 0.245111 0.006304
v -0.023117 0.245491 0.006084
v -0.022582 0.218064 0.002362
v -0.023476 0.218504 0.002801
v -0.023117 0.218193 0.002490
v -0.022582 0.221696 0.029947
v -0.023476 0.222007 0.029408
v -0.023117 0.221787 0.029789
v -0.022582 0.247401 0.010222
v -0.023476 0.246800 0.010383
v -0.023117 0.247225 0.010270
v -0.022582 0.221696 -0.000425
v -0.023476 0.222007 0.000113
v -0.023117 0.221787 -0.000267
v -0.022582 0.218064 0.027160
v -0.023476 0.218504 0.026720
v -0.023117 0.218193 0.027031
v -0.022582 0.247998 0.014761
v -0.023476 0.247377 0.014761
v -0.023117 0.247816 0.014761
v -0.022582 0.225925 -0.002177
v -0.023476 0.226086 -0.001576
v -0.023117 0.225972 -0.002001
v -0.022582 0.215277 0.023528
v -0.023476 0.215816 0.023218
v -0.023117 0.215435 0.023437
v -0.022582 0.247401 0.019299
v -0.023476 0.246800 0.019138
v -0.023117 0.247225 0.019252
v -0.022582 0.230463 -0.002774
v -0.023476 0.230463 -0.002152
v -0.023117 0.230463 -0.002592
v -0.022582 0.213526 0.019299
v -0.023476 0.214126 0.019138
v -0.023117 0.213701 0.019252
v -0.022582 0.245649 0.023528
v -0.023476 0.245111 0.023218
v -0.023117 0.245491 0.023437
v -0.023476 0.234841 -0.001576
v -0.022582 0.235002 -0.002177
v -0.023117 0.234955 -0.002001
v -0.023476 0.213550 0.014761
v -0.022582 0.212928 0.014761
v -0.023117 0.213110 0.014761
v -0.023476 0.242423 0.026720
v -0.022582 0.242862 0.027160
v -0.023117 0.242734 0.027031
v -0.023476 0.230463 0.031674
v -0.022582 0.230463 0.032296
v -0.023117 0.230463 0.032114
v -0.029465 0.226017 0.019207
v -0.029465 0.224390 0.013133
v -0.029465 0.226017 0.010315
v -0.029465 0.228836 0.008687
v -0.029465 0.233607 0.009315
v -0.029465 0.235909 0.017905
v -0.029465 0.232091 0.020835
v -0.029126 0.230463 0.024656
v -0.029126 0.220906 0.017322
v -0.029126 0.220568 0.014761
v -0.029126 0.220906 0.012200
v -0.029126 0.223656 0.007953
v -0.029126 0.227902 0.005203
v -0.029126 0.237460 0.007764
v -0.029126 0.240358 0.014761
v -0.029126 0.240021 0.017322
v -0.029126 0.237271 0.021568
v -0.029126 0.213952 0.010337
v -0.029126 0.215660 0.006214
v -0.029126 0.218376 0.002674
v -0.029126 0.221916 -0.000043
v -0.029126 0.230463 -0.002333
v -0.029126 0.234887 -0.001750
v -0.029126 0.239010 -0.000043
v -0.029126 0.246975 0.010337
v -0.029126 0.246975 0.019185
v -0.029126 0.245267 0.023308
v -0.029126 0.242550 0.026848
v -0.029126 0.239010 0.029565
v -0.029126 0.234887 0.031272
v -0.029583 0.230463 0.024306
v -0.029505 0.230463 0.024388
v -0.029505 0.227971 0.024060
v -0.029583 0.227993 0.023981
v -0.029505 0.225650 0.023098
v -0.029583 0.225691 0.023027
v -0.029505 0.223656 0.021568
v -0.029583 0.223714 0.021510
v -0.029505 0.222126 0.019575
v -0.029583 0.222197 0.019534
v -0.029505 0.221164 0.017253
v -0.029583 0.221243 0.017231
v -0.029505 0.220836 0.014761
v -0.029583 0.220918 0.014761
v -0.029505 0.221164 0.012269
v -0.029583 0.221243 0.012290
v -0.029505 0.222126 0.009947
v -0.029583 0.222197 0.009988
v -0.029505 0.223656 0.007953
v -0.029583 0.223714 0.008011
v -0.029505 0.225650 0.006423
v -0.029583 0.225691 0.006494
v -0.029505 0.227971 0.005462
v -0.029583 0.227993 0.005541
v -0.029505 0.230463 0.005134
v -0.029583 0.230463 0.005216
v -0.029505 0.232955 0.005462
v -0.029583 0.232934 0.005541
v -0.029505 0.235277 0.006423
v -0.029583 0.235236 0.006494
v -0.029505 0.237271 0.007953
v -0.029583 0.237213 0.008011
v -0.029505 0.238801 0.009947
v -0.029583 0.238730 0.009988
v -0.029505 0.239762 0.012269
v -0.029583 0.239683 0.012290
v -0.029505 0.240091 0.014761
v -0.029583 0.240009 0.014761
v -0.029505 0.239762 0.017253
v -0.029583 0.239683 0.017231
v -0.029505 0.238801 0.019575
v -0.029583 0.238730 0.019534
v -0.029505 0.237271 0.021568
v -0.029583 0.237213 0.021510
v -0.029505 0.235277 0.023098
v -0.029583 0.235236 0.023027
v -0.029505 0.232955 0.024060
v -0.029583 0.232934 0.023981
v 0.028546 0.227971 -0.005447
v 0.028546 0.225650 -0.006409
v 0.028546 0.223656 -0.007939
v 0.028546 0.222126 -0.009933
v 0.028546 0.221164 -0.012255
v 0.028546 0.220836 -0.014747
v 0.028546 0.221164 -0.017238
v 0.028546 0.222126 -0.019560
v 0.028546 0.227971 -0.024046
v 0.028546 0.235277 -0.023084
v 0.028546 0.240091 -0.014747
v 0.028546 0.237271 -0.007939
v 0.028546 0.235277 -0.006409
v 0.028885 0.227319 -0.009301
v 0.028885 0.224175 -0.014747
v 0.028885 0.227319 -0.020192
v 0.028885 0.232091 -0.020820
v 0.028885 0.235909 -0.011603
v 0.028885 0.234909 -0.010300
v 0.028885 0.232091 -0.008673
v 0.020900 0.230463 -0.009225
v 0.020900 0.229034 -0.009413
v 0.020900 0.227702 -0.009965
v 0.020900 0.226559 -0.010842
v 0.020900 0.225681 -0.011986
v 0.020900 0.225130 -0.013318
v 0.020900 0.224942 -0.014747
v 0.020900 0.225130 -0.016176
v 0.020900 0.225681 -0.017507
v 0.020900 0.226559 -0.018651
v 0.020900 0.227702 -0.019529
v 0.020900 0.229034 -0.020080
v 0.020900 0.230463 -0.020268
v 0.020900 0.231892 -0.020080
v 0.020900 0.233224 -0.019529
v 0.020900 0.234368 -0.018651
v 0.020900 0.235245 -0.017507
v 0.020900 0.235797 -0.016176
v 0.020900 0.235985 -0.014747
v 0.020900 0.235797 -0.013318
v 0.020900 0.235245 -0.011986
v 0.020900 0.234368 -0.010842
v 0.020900 0.233224 -0.009965
v 0.020900 0.231892 -0.009413
v 0.028374 0.230463 0.002789
v 0.028374 0.225925 0.002191
v 0.028374 0.221696 0.000439
v 0.028374 0.218064 -0.002347
v 0.028374 0.215277 -0.005979
v 0.028546 0.213693 -0.010253
v 0.028374 0.213526 -0.010208
v 0.028374 0.212928 -0.014747
v 0.028374 0.213526 -0.019285
v 0.028374 0.215277 -0.023514
v 0.028546 0.218187 -0.027023
v 0.028374 0.218064 -0.027146
v 0.028546 0.221783 -0.029782
v 0.028374 0.221696 -0.029933
v 0.028374 0.225925 -0.031684
v 0.028374 0.230463 -0.032282
v 0.028546 0.234957 -0.031516
v 0.028374 0.235002 -0.031684
v 0.028374 0.239231 -0.029933
v 0.028374 0.242862 -0.027146
v 0.028546 0.245499 -0.023427
v 0.028374 0.245649 -0.023514
v 0.028546 0.247233 -0.019240
v 0.028374 0.247401 -0.019285
v 0.028374 0.247998 -0.014747
v 0.028546 0.247233 -0.010253
v 0.028374 0.247401 -0.010208
v 0.028374 0.245649 -0.005979
v 0.028546 0.242740 -0.002470
v 0.028374 0.242862 -0.002347
v 0.028374 0.239231 0.000439
v 0.028546 0.234957 0.002023
v 0.028374 0.235002 0.002191
v 0.021145 0.245649 -0.005979
v 0.021006 0.230463 0.002789
v 0.021006 0.225925 0.002191
v 0.021145 0.213526 -0.010208
v 0.021006 0.221696 0.000439
v 0.021145 0.230463 -0.032282
v 0.021006 0.218064 -0.002347
v 0.021145 0.247401 -0.010208
v 0.021006 0.215277 -0.005979
v 0.021145 0.215277 -0.005979
v 0.021006 0.213526 -0.010208
v 0.021145 0.225925 -0.031684
v 0.021006 0.212928 -0.014747
v 0.021145 0.247998 -0.014747
v 0.021006 0.213526 -0.019285
v 0.021145 0.218064 -0.002347
v 0.021006 0.215277 -0.023514
v 0.021145 0.221696 -0.029933
v 0.021006 0.218064 -0.027146
v 0.021145 0.247401 -0.019285
v 0.021006 0.221696 -0.029933
v 0.021145 0.221696 0.000439
v 0.021006 0.225925 -0.031684
v 0.021145 0.225925 0.002191
v 0.021006 0.230463 -0.032282
v 0.021145 0.230463 0.002789
v 0.021006 0.235002 -0.031684
v 0.021145 0.218064 -0.027146
v 0.021006 0.239231 -0.029933
v 0.021145 0.245649 -0.023514
v 0.021006 0.242862 -0.027146
v 0.021145 0.242862 -0.002347
v 0.021006 0.245649 -0.023514
v 0.021145 0.235002 0.002191
v 0.021006 0.247401 -0.019285
v 0.021145 0.239231 0.000439
v 0.021006 0.247998 -0.014747
v 0.021145 0.212928 -0.014747
v 0.021006 0.247401 -0.010208
v 0.021145 0.215277 -0.023514
v 0.021006 0.245649 -0.005979
v 0.021145 0.213526 -0.019285
v 0.021006 0.242862 -0.002347
v 0.021145 0.235002 -0.031684
v 0.021006 0.239231 0.000439
v 0.021145 0.242862 -0.027146
v 0.021006 0.235002 0.002191
v 0.021145 0.239231 -0.029933
v 0.023192 0.238528 -0.028716
v 0.026254 0.238528 -0.028716
v 0.023894 0.238288 -0.028300
v 0.024723 0.238204 -0.028154
v 0.025551 0.238288 -0.028300
v 0.026254 0.234638 -0.030327
v 0.023192 0.234638 -0.030327
v 0.025551 0.234514 -0.029863
v 0.024723 0.234470 -0.029701
v 0.023894 0.234514 -0.029863
v 0.023192 0.214883 -0.018921
v 0.026254 0.214883 -0.018921
v 0.023894 0.215346 -0.018797
v 0.024723 0.215509 -0.018754
v 0.025551 0.215346 -0.018797
v 0.026254 0.214333 -0.014747
v 0.023192 0.214333 -0.014747
v 0.025551 0.214813 -0.014747
v 0.024723 0.214982 -0.014747
v 0.023894 0.214813 -0.014747
v 0.023192 0.238528 -0.000778
v 0.026254 0.238528 -0.000778
v 0.023894 0.238288 -0.001193
v 0.024723 0.238204 -0.001339
v 0.025551 0.238288 -0.001193
v 0.026254 0.241869 -0.003341
v 0.023192 0.241869 -0.003341
v 0.025551 0.241530 -0.003680
v 0.024723 0.241410 -0.003800
v 0.023894 0.241530 -0.003680
v 0.023192 0.241869 -0.026152
v 0.026254 0.241869 -0.026152
v 0.023894 0.241529 -0.025813
v 0.024723 0.241410 -0.025694
v 0.025551 0.241529 -0.025813
v 0.023192 0.216494 -0.022812
v 0.026254 0.216494 -0.022812
v 0.023894 0.216910 -0.022572
v 0.024723 0.217056 -0.022487
v 0.025551 0.216910 -0.022572
v 0.023192 0.234638 0.000834
v 0.026254 0.234638 0.000834
v 0.023894 0.234514 0.000370
v 0.024723 0.234470 0.000207
v 0.025551 0.234514 0.000370
v 0.023192 0.226288 0.000834
v 0.026254 0.226288 0.000834
v 0.023894 0.226413 0.000370
v 0.024723 0.226456 0.000207
v 0.025551 0.226413 0.000370
v 0.026254 0.230463 0.001383
v 0.023192 0.230463 0.001383
v 0.025551 0.230463 0.000903
v 0.024723 0.230463 0.000735
v 0.023894 0.230463 0.000903
v 0.023192 0.244432 -0.022812
v 0.026254 0.244432 -0.022812
v 0.023894 0.244017 -0.022572
v 0.024723 0.243871 -0.022487
v 0.025551 0.244017 -0.022572
v 0.023192 0.219058 -0.026152
v 0.026254 0.219058 -0.026152
v 0.023894 0.219397 -0.025813
v 0.024723 0.219516 -0.025694
v 0.025551 0.219397 -0.025813
v 0.023192 0.222398 -0.000778
v 0.026254 0.222398 -0.000778
v 0.023894 0.222638 -0.001193
v 0.024723 0.222722 -0.001339
v 0.025551 0.222638 -0.001193
v 0.023192 0.246044 -0.018921
v 0.026254 0.246044 -0.018921
v 0.023894 0.245580 -0.018797
v 0.024723 0.245417 -0.018754
v 0.025551 0.245580 -0.018797
v 0.023192 0.222398 -0.028716
v 0.026254 0.222398 -0.028716
v 0.023894 0.222638 -0.028300
v 0.024723 0.222722 -0.028154
v 0.025551 0.222638 -0.028300
v 0.023192 0.219058 -0.003341
v 0.026254 0.219058 -0.003341
v 0.023894 0.219397 -0.003680
v 0.024723 0.219516 -0.003800
v 0.025551 0.219397 -0.003680
v 0.023192 0.246593 -0.014747
v 0.026254 0.246593 -0.014747
v 0.023894 0.246113 -0.014747
v 0.024723 0.245945 -0.014747
v 0.025551 0.246113 -0.014747
v 0.023192 0.226288 -0.030327
v 0.026254 0.226288 -0.030327
v 0.023894 0.226413 -0.029863
v 0.024723 0.226456 -0.029701
v 0.025551 0.226413 -0.029863
v 0.023192 0.216494 -0.006682
v 0.026254 0.216494 -0.006682
v 0.023894 0.216910 -0.006922
v 0.024723 0.217056 -0.007006
v 0.025551 0.216910 -0.006922
v 0.023192 0.246044 -0.010572
v 0.026254 0.246044 -0.010572
v 0.023894 0.245580 -0.010696
v 0.024723 0.245417 -0.010740
v 0.025551 0.245580 -0.010696
v 0.023192 0.230463 -0.030877
v 0.026254 0.230463 -0.030877
v 0.023894 0.230463 -0.030397
v 0.024723 0.230463 -0.030228
v 0.025551 0.230463 -0.030397
v 0.023192 0.214883 -0.010572
v 0.026254 0.214883 -0.010572
v 0.023894 0.215346 -0.010696
v 0.024723 0.215509 -0.010740
v 0.025551 0.215346 -0.010696
v 0.023192 0.244432 -0.006682
v 0.026254 0.244432 -0.006682
v 0.023894 0.244017 -0.006922
v 0.024723 0.243871 -0.007006
v 0.025551 0.244017 -0.006922
v 0.026549 0.234841 -0.031084
v 0.027444 0.235002 -0.031684
v 0.026909 0.234955 -0.031508
v 0.026549 0.213550 -0.014747
v 0.027444 0.212928 -0.014747
v 0.026909 0.213110 -0.014747
v 0.026549 0.242423 -0.002787
v 0.027444 0.242862 -0.002347
v 0.026909 0.242734 -0.002476
v 0.026549 0.230463 0.002167
v 0.027444 0.230463 0.002789
v 0.026909 0.230463 0.002606
v 0.027444 0.239231 -0.029933
v 0.026549 0.238920 -0.029394
v 0.026909 0.239140 -0.029775
v 0.027444 0.213526 -0.019285
v 0.026549 0.214126 -0.019124
v 0.026909 0.213701 -0.019238
v 0.027444 0.239231 0.000439
v 0.026549 0.238920 -0.000099
v 0.026909 0.239140 0.000282
v 0.027444 0.242862 -0.027146
v 0.026549 0.242423 -0.026706
v 0.026909 0.242734 -0.027017
v 0.027444 0.215277 -0.023514
v 0.026549 0.215816 -0.023203
v 0.026909 0.215435 -0.023423
v 0.027444 0.235002 0.002191
v 0.026549 0.234841 0.001590
v 0.026909 0.234955 0.002015
v 0.027444 0.225925 0.002191
v 0.026549 0.226086 0.001590
v 0.026909 0.225972 0.002015
v 0.027444 0.245649 -0.023514
v 0.026549 0.245111 -0.023203
v 0.026909 0.245491 -0.023423
v 0.027444 0.218064 -0.027146
v 0.026549 0.218504 -0.026706
v 0.026909 0.218193 -0.027017
v 0.027444 0.221696 0.000439
v 0.026549 0.222007 -0.000099
v 0.026909 0.221787 0.000282
v 0.027444 0.247401 -0.019285
v 0.026549 0.246800 -0.019124
v 0.026909 0.247225 -0.019238
v 0.027444 0.221696 -0.029933
v 0.026549 0.222007 -0.029394
v 0.026909 0.221787 -0.029775
v 0.027444 0.218064 -0.002347
v 0.026549 0.218504 -0.002787
v 0.026909 0.218193 -0.002476
v 0.027444 0.247998 -0.014747
v 0.026549 0.247377 -0.014747
v 0.026909 0.247816 -0.014747
v 0.027444 0.225925 -0.031684
v 0.026549 0.226086 -0.031084
v 0.026909 0.225972 -0.031508
v 0.027444 0.215277 -0.005979
v 0.026549 0.215816 -0.006290
v 0.026909 0.215435 -0.006070
v 0.027444 0.247401 -0.010208
v 0.026549 0.246800 -0.010369
v 0.026909 0.247225 -0.010255
v 0.027444 0.230463 -0.032282
v 0.026549 0.230463 -0.031660
v 0.026909 0.230463 -0.032100
v 0.027444 0.213526 -0.010208
v 0.026549 0.214126 -0.010369
v 0.026909 0.213701 -0.010255
v 0.027444 0.245649 -0.005979
v 0.026549 0.245111 -0.006290
v 0.026909 0.245491 -0.006070
v 0.022002 0.239231 -0.029933
v 0.022896 0.238920 -0.029394
v 0.022537 0.239140 -0.029775
v 0.022002 0.213526 -0.019285
v 0.022896 0.214126 -0.019124
v 0.022537 0.213701 -0.019238
v 0.022002 0.239231 0.000439
v 0.022896 0.238920 -0.000099
v 0.022537 0.239140 0.000282
v 0.022002 0.242862 -0.027146
v 0.022896 0.242423 -0.026706
v 0.022537 0.242734 -0.027017
v 0.022002 0.215277 -0.023514
v 0.022896 0.215816 -0.023203
v 0.022537 0.215435 -0.023423
v 0.022002 0.235002 0.002191
v 0.022896 0.234841 0.001590
v 0.022537 0.234955 0.002015
v 0.022002 0.225925 0.002191
v 0.022896 0.226086 0.001590
v 0.022537 0.225972 0.002015
v 0.022002 0.245649 -0.023514
v 0.022896 0.245111 -0.023203
v 0.022537 0.245491 -0.023423
v 0.022002 0.218064 -0.027146
v 0.022896 0.218504 -0.026706
v 0.022537 0.218193 -0.027017
v 0.022002 0.221696 0.000439
v 0.022896 0.222007 -0.000099
v 0.022537 0.221787 0.000282
v 0.022002 0.247401 -0.019285
v 0.022896 0.246800 -0.019124
v 0.022537 0.247225 -0.019238
v 0.022002 0.221696 -0.029933
v 0.022896 0.222007 -0.029394
v 0.022537 0.221787 -0.029775
v 0.022002 0.218064 -0.002347
v 0.022896 0.218504 -0.002787
v 0.022537 0.218193 -0.002476
v 0.022002 0.247998 -0.014747
v 0.022896 0.247377 -0.014747
v 0.022537 0.247816 -0.014747
v 0.022002 0.225925 -0.031684
v 0.022896 0.226086 -0.031084
v 0.022537 0.225972 -0.031508
v 0.022002 0.215277 -0.005979
v 0.022896 0.215816 -0.006290
v 0.022537 0.215435 -0.006070
v 0.022002 0.247401 -0.010208
v 0.022896 0.246800 -0.010369
v 0.022537 0.247225 -0.010255
v 0.022002 0.230463 -0.032282
v 0.022896 0.230463 -0.031660
v 0.022537 0.230463 -0.032100
v 0.022002 0.213526 -0.010208
v 0.022896 0.214126 -0.010369
v 0.022537 0.213701 -0.010255
v 0.022002 0.245649 -0.005979
v 0.022896 0.245111 -0.006290
v 0.022537 0.245491 -0.006070
v 0.022896 0.234841 -0.031084
v 0.022002 0.235002 -0.031684
v 0.022537 0.234955 -0.031508
v 0.022896 0.213550 -0.014747
v 0.022002 0.212928 -0.014747
v 0.022537 0.213110 -0.014747
v 0.022896 0.242423 -0.002787
v 0.022002 0.242862 -0.002347
v 0.022537 0.242734 -0.002476
v 0.022896 0.230463 0.002167
v 0.022002 0.230463 0.002789
v 0.022537 0.230463 0.002606
v 0.028885 0.225018 -0.011603
v 0.028885 0.224390 -0.013119
v 0.028885 0.226017 -0.019193
v 0.028885 0.233607 -0.020192
v 0.028885 0.234909 -0.019193
v 0.028885 0.236537 -0.016374
v 0.028885 0.233607 -0.009301
v 0.028546 0.230463 -0.005119
v 0.028546 0.223656 -0.021554
v 0.028546 0.225650 -0.023084
v 0.028546 0.230463 -0.024374
v 0.028546 0.232955 -0.024046
v 0.028546 0.237271 -0.021554
v 0.028546 0.238801 -0.019560
v 0.028546 0.239762 -0.017238
v 0.028546 0.239762 -0.012255
v 0.028546 0.238801 -0.009933
v 0.028546 0.232955 -0.005447
v 0.028546 0.230463 0.002615
v 0.028546 0.225970 0.002023
v 0.028546 0.221783 0.000289
v 0.028546 0.218187 -0.002470
v 0.028546 0.215428 -0.006066
v 0.028546 0.213102 -0.014747
v 0.028546 0.213693 -0.019240
v 0.028546 0.215428 -0.023427
v 0.028546 0.225970 -0.031516
v 0.028546 0.230463 -0.032108
v 0.028546 0.239144 -0.029782
v 0.028546 0.242740 -0.027023
v 0.028546 0.247825 -0.014747
v 0.028546 0.245499 -0.006066
v 0.028546 0.239144 0.000289
v 0.029003 0.230463 -0.005201
v 0.028925 0.230463 -0.005119
v 0.028925 0.227971 -0.005447
v 0.029003 0.227993 -0.005527
v 0.028925 0.225650 -0.006409
v 0.029003 0.225691 -0.006480
v 0.028925 0.223656 -0.007939
v 0.029003 0.223714 -0.007997
v 0.028925 0.222126 -0.009933
v 0.029003 0.222197 -0.009974
v 0.028925 0.221164 -0.012255
v 0.029003 0.221243 -0.012276
v 0.028925 0.220836 -0.014747
v 0.029003 0.220918 -0.014747
v 0.028925 0.221164 -0.017238
v 0.029003 0.221243 -0.017217
v 0.028925 0.222126 -0.019560
v 0.029003 0.222197 -0.019519
v 0.028925 0.223656 -0.021554
v 0.029003 0.223714 -0.021496
v 0.028925 0.225650 -0.023084
v 0.029003 0.225691 -0.023013
v 0.028925 0.227971 -0.024046
v 0.029003 0.227993 -0.023967
v 0.028925 0.230463 -0.024374
v 0.029003 0.230463 -0.024292
v 0.028925 0.232955 -0.024046
v 0.029003 0.232934 -0.023967
v 0.028925 0.235277 -0.023084
v 0.029003 0.235236 -0.023013
v 0.028925 0.237271 -0.021554
v 0.029003 0.237213 -0.021496
v 0.028925 0.238801 -0.019560
v 0.029003 0.238730 -0.019519
v 0.028925 0.239762 -0.017238
v 0.029003 0.239683 -0.017217
v 0.028925 0.240091 -0.014747
v 0.029003 0.240009 -0.014747
v 0.028925 0.239762 -0.012255
v 0.029003 0.239683 -0.012276
v 0.028925 0.238801 -0.009933
v 0.029003 0.238730 -0.009974
v 0.028925 0.237271 -0.007939
v 0.029003 0.237213 -0.007997
v 0.028925 0.235277 -0.006409
v 0.029003 0.235236 -0.006480
v 0.028925 0.232955 -0.005447
v 0.029003 0.232934 -0.005527
v -0.029126 0.225650 0.023098
v -0.029126 0.227971 0.024060
v -0.029126 0.223656 0.021568
v -0.029126 0.222126 0.019575
v -0.029126 0.232955 0.005462
v -0.029126 0.230463 0.005134
v -0.029126 0.235277 0.006423
v -0.029126 0.239762 0.012269
v -0.029126 0.238801 0.009947
v -0.029126 0.232955 0.024060
v -0.029126 0.235277 0.023098
v -0.029126 0.230463 0.032122
v -0.029126 0.225970 0.031531
v -0.029126 0.221783 0.029796
v -0.029126 0.218187 0.027037
v -0.029126 0.215428 0.023442
v -0.029126 0.213693 0.019254
v -0.029126 0.213102 0.014761
v -0.029126 0.242740 0.002485
v -0.029126 0.245499 0.006080
v -0.029126 0.220836 0.014761
v -0.029126 0.221164 0.017253
v -0.029126 0.221164 0.012269
v -0.029126 0.239762 0.017253
v -0.029126 0.240091 0.014761
v -0.029126 0.213693 0.010267
v -0.029126 0.215428 0.006080
v -0.029126 0.218187 0.002485
v -0.029126 0.221783 -0.000274
v -0.029126 0.230463 -0.002600
v -0.029126 0.234957 -0.002009
v -0.029126 0.239144 -0.000274
v -0.029126 0.247233 0.019254
v -0.029126 0.245499 0.023442
v -0.029126 0.242740 0.027037
v -0.029126 0.239144 0.029796
v -0.029126 0.234957 0.031531
v -0.029126 0.230463 0.024388
v -0.029126 0.222126 0.009947
v -0.029126 0.223467 0.007764
v -0.029126 0.225650 0.006423
v -0.029126 0.227971 0.005462
v -0.029126 0.237271 0.007953
v -0.029126 0.238801 0.019575
v -0.029126 0.237460 0.021758
v -0.029126 0.225970 -0.002009
v -0.029126 0.247233 0.010267
v -0.029126 0.247825 0.014761
v -0.029576 0.228040 0.023805
v -0.029576 0.225782 0.022870
v -0.029576 0.222355 0.019442
v -0.029576 0.221419 0.017184
v -0.029576 0.221100 0.014761
v -0.029576 0.225782 0.006652
v -0.029576 0.237084 0.008140
v -0.029576 0.239507 0.017184
v -0.029576 0.237084 0.021382
v -0.029576 0.235145 0.022870
v -0.029576 0.230463 0.024124
v -0.029576 0.232887 0.023805
v -0.029576 0.223843 0.021382
v -0.029576 0.221419 0.012338
v -0.029576 0.222355 0.010079
v -0.029576 0.223843 0.008140
v -0.029576 0.228040 0.005717
v -0.029576 0.230463 0.005398
v -0.029576 0.232887 0.005717
v -0.029576 0.235145 0.006652
v -0.029576 0.238572 0.010079
v -0.029576 0.239507 0.012338
v -0.029576 0.239826 0.014761
v -0.029576 0.238572 0.019442
v 0.028546 0.230463 -0.004763
v 0.028546 0.230463 -0.024730
v 0.028546 0.237523 -0.021806
v 0.028546 0.239109 -0.009755
v 0.028546 0.233047 -0.005103
v 0.028546 0.227879 -0.005103
v 0.028546 0.225471 -0.006101
v 0.028546 0.223404 -0.007687
v 0.028546 0.221817 -0.009755
v 0.028546 0.220820 -0.012163
v 0.028546 0.220480 -0.014747
v 0.028546 0.220820 -0.017331
v 0.028546 0.221817 -0.019738
v 0.028546 0.223404 -0.021806
v 0.028546 0.225471 -0.023393
v 0.028546 0.227879 -0.024390
v 0.028546 0.233047 -0.024390
v 0.028546 0.235455 -0.023393
v 0.028546 0.239109 -0.019738
v 0.028546 0.240107 -0.017331
v 0.028546 0.240447 -0.014747
v 0.028546 0.240107 -0.012163
v 0.028546 0.237523 -0.007687
v 0.028546 0.235455 -0.006101
v 0.028546 0.230463 0.002121
v 0.028546 0.230463 -0.031615
v 0.028546 0.242391 -0.026674
v 0.028546 0.245071 -0.006313
v 0.028546 0.226097 0.001547
v 0.028546 0.222029 -0.000139
v 0.028546 0.218536 -0.002819
v 0.028546 0.215855 -0.006313
v 0.028546 0.214170 -0.010381
v 0.028546 0.213595 -0.014747
v 0.028546 0.214170 -0.019112
v 0.028546 0.215855 -0.023181
v 0.028546 0.218536 -0.026674
v 0.028546 0.222029 -0.029355
v 0.028546 0.226097 -0.031040
v 0.028546 0.234829 -0.031040
v 0.028546 0.238897 -0.029355
v 0.028546 0.245071 -0.023181
v 0.028546 0.246756 -0.019112
v 0.028546 0.247331 -0.014747
v 0.028546 0.246756 -0.010381
v 0.028546 0.242391 -0.002819
v 0.028546 0.238897 -0.000139
v 0.028546 0.234829 0.001547
v 0.028996 0.232885 -0.005709
v 0.028996 0.225785 -0.006644
v 0.028996 0.221107 -0.014747
v 0.028996 0.221426 -0.017168
v 0.028996 0.222361 -0.019425
v 0.028996 0.225785 -0.022849
v 0.028996 0.228042 -0.023784
v 0.028996 0.230463 -0.024103
v 0.028996 0.232885 -0.023784
v 0.028996 0.238566 -0.010069
v 0.028996 0.237079 -0.008131
v 0.028996 0.228042 -0.005709
v 0.028996 0.230463 -0.005391
v 0.028996 0.223847 -0.008131
v 0.028996 0.222361 -0.010069
v 0.028996 0.221426 -0.012325
v 0.028996 0.223847 -0.021362
v 0.028996 0.235141 -0.022849
v 0.028996 0.237079 -0.021362
v 0.028996 0.238566 -0.019425
v 0.028996 0.239500 -0.017168
v 0.028996 0.239819 -0.014747
v 0.028996 0.239500 -0.012325
v 0.028996 0.235141 -0.006644
v 0.028885 0.236537 -0.013119
v 0.028885 0.236751 -0.014747
v 0.028885 0.235909 -0.017891
v 0.028885 0.226017 -0.010300
v 0.028885 0.228836 -0.008673
v 0.028885 0.230463 -0.008459
v 0.028885 0.230463 -0.021035
v 0.028885 0.228836 -0.020820
v 0.028885 0.225018 -0.017891
v 0.028885 0.224390 -0.016374
v -0.021480 0.230463 0.031902
v -0.021480 0.226027 0.031318
v -0.021480 0.234900 0.031318
v -0.021480 0.221893 0.029606
v -0.021480 0.218343 0.026882
v -0.021480 0.215618 0.023332
v -0.021480 0.213906 0.019197
v -0.021480 0.213322 0.014761
v -0.021480 0.213906 0.010324
v -0.021480 0.215618 0.006190
v -0.021480 0.218343 0.002640
v -0.021480 0.221893 -0.000084
v -0.021480 0.226027 -0.001796
v -0.021480 0.230463 -0.002380
v -0.021480 0.234900 -0.001796
v -0.021480 0.239034 -0.000084
v -0.021480 0.242584 0.002640
v -0.021480 0.245308 0.006190
v -0.021480 0.247020 0.010324
v -0.021480 0.247605 0.014761
v -0.021480 0.247020 0.019197
v -0.021480 0.245308 0.023332
v -0.021480 0.242584 0.026882
v -0.021480 0.239034 0.029606
v -0.021724 0.239231 -0.000425
v -0.021724 0.242862 0.002362
v -0.021724 0.235002 -0.002177
v -0.021724 0.213526 0.010222
v -0.021724 0.215277 0.005993
v -0.021724 0.212928 0.014761
v -0.021724 0.239231 0.029947
v -0.021724 0.235002 0.031699
v -0.021724 0.242862 0.027160
v -0.021724 0.245649 0.005993
v -0.021724 0.218064 0.002362
v -0.021724 0.230463 0.032296
v -0.021724 0.225925 0.031699
v -0.021724 0.221696 0.029947
v -0.021724 0.247401 0.010222
v -0.021724 0.221696 -0.000425
v -0.021724 0.218064 0.027160
v -0.021724 0.247998 0.014761
v -0.021724 0.225925 -0.002177
v -0.021724 0.215277 0.023528
v -0.021724 0.247401 0.019299
v -0.021724 0.230463 -0.002774
v -0.021724 0.213526 0.019299
v -0.021724 0.245649 0.023528
v -0.029465 0.228836 0.020835
v -0.029465 0.227319 0.020206
v -0.029465 0.225018 0.017905
v -0.029465 0.227319 0.009315
v -0.029465 0.234909 0.010315
v -0.029465 0.230463 0.021049
v -0.029465 0.225018 0.011617
v -0.029465 0.230463 0.008473
v -0.029465 0.232091 0.008687
v -0.029465 0.235909 0.011617
v -0.029465 0.236537 0.013133
v -0.029465 0.236751 0.014761
v 0.029063 0.226002 0.020536
v 0.028843 0.227136 0.021106
v 0.028951 0.227010 0.026965
v 0.028586 0.228361 0.021450
v 0.028302 0.229627 0.021550
v 0.025531 0.239410 0.025567
v 0.023903 0.243695 0.019332
v 0.023903 0.243695 0.024897
v 0.029646 0.222995 0.027248
v 0.028041 0.231076 0.026594
v 0.030428 0.215069 0.027565
v 0.030525 0.211132 0.027604
v 0.030517 0.212254 0.026002
v 0.030525 0.211132 0.027351
v 0.023978 0.243509 0.017273
v 0.026561 0.235995 0.016518
v 0.024202 0.242952 0.015270
v 0.026497 0.236203 0.015268
v 0.026698 0.235558 0.017700
v 0.026892 0.234921 0.018769
v 0.029586 0.222867 0.015263
v 0.029556 0.223072 0.016505
v 0.030482 0.213759 0.015270
v 0.029490 0.223502 0.017697
v 0.030137 0.219019 0.027447
v 0.027129 0.234114 0.019694
v 0.026906 0.235206 0.026131
v 0.029387 0.224152 0.018800
v 0.029244 0.224994 0.019757
v 0.030501 0.213084 0.024468
v 0.030487 0.213590 0.022818
v 0.030482 0.213759 0.021120
v 0.027997 0.230889 0.021405
v 0.027691 0.232082 0.021029
v 0.027398 0.233164 0.020451
v 0.023212 0.244429 0.017042
v 0.023154 0.244617 0.019332
v 0.022092 0.244749 0.016915
v 0.022018 0.244964 0.019332
v 0.022310 0.244109 0.014563
v 0.023463 0.243822 0.014839
v 0.028420 0.229491 0.007917
v 0.028154 0.229926 0.006958
v 0.027620 0.232071 0.006843
v 0.027172 0.231974 0.006175
v 0.027036 0.234192 0.007080
v 0.026561 0.234187 0.006424
v 0.026422 0.236233 0.007661
v 0.025916 0.236317 0.007034
v 0.025260 0.238311 0.007986
v 0.025220 0.236257 0.006624
v 0.024546 0.238298 0.007605
v 0.024112 0.238331 0.007575
v 0.023888 0.240151 0.008919
v 0.023555 0.240226 0.008954
v 0.023279 0.241769 0.010541
v 0.023053 0.241846 0.010619
v 0.022752 0.243105 0.012439
v 0.022631 0.243150 0.012510
v 0.024153 0.242643 0.013024
v 0.024693 0.236221 0.006536
v 0.026509 0.231813 0.005739
v 0.024622 0.240122 0.009260
v 0.024032 0.241703 0.010832
v 0.023522 0.243006 0.012670
v 0.025268 0.233966 0.005872
v 0.025883 0.234079 0.005996
v 0.024635 0.241396 0.011278
v 0.025193 0.239882 0.009782
v 0.025798 0.238145 0.008568
v 0.025812 0.231640 0.005602
v 0.024529 0.242118 0.013521
v 0.024960 0.240984 0.011910
v 0.025473 0.239574 0.010491
v 0.026042 0.237925 0.009317
v 0.026636 0.236086 0.008431
v 0.027224 0.234122 0.007866
v 0.027781 0.232094 0.007636
v 0.026305 0.229316 0.005730
v 0.027078 0.229517 0.005864
v 0.027729 0.229732 0.006296
v 0.029811 0.221823 0.008875
v 0.030482 0.213759 0.009980
v 0.030330 0.213645 0.009207
v 0.029890 0.213539 0.008552
v 0.029229 0.213456 0.008116
v 0.028448 0.213409 0.007965
v 0.029159 0.225924 0.008313
v 0.029224 0.221692 0.007426
v 0.029656 0.221844 0.008094
v -0.003320 0.262752 0.024513
v 0.028562 0.221540 0.006985
v 0.027794 0.221271 0.006860
v 0.028932 0.211333 0.010048
v 0.027940 0.211132 0.010054
v 0.028879 0.211386 0.009525
v 0.027940 0.211261 0.009341
v 0.028706 0.211694 0.008811
v 0.027940 0.211631 0.008719
v 0.028446 0.212235 0.008287
v 0.027940 0.212196 0.008266
v 0.028138 0.212924 0.008033
v 0.027940 0.212884 0.008039
v 0.028305 0.213038 0.008017
v 0.029347 0.212134 0.008749
v 0.028414 0.213209 0.007993
v 0.029144 0.212955 0.008186
v 0.028869 0.212525 0.008247
v 0.029762 0.212783 0.008658
v 0.030313 0.212760 0.010008
v 0.029767 0.211906 0.010032
v 0.030173 0.212720 0.009337
v 0.029665 0.211925 0.009449
v 0.027940 0.211132 0.015270
v 0.028932 0.211333 0.015270
v 0.029768 0.211907 0.015270
v 0.030313 0.212760 0.015270
v 0.027940 0.211132 0.021120
v 0.008649 0.211132 0.010054
v -0.017297 0.211132 0.021120
v -0.017297 0.211132 -0.009745
v -0.027939 0.211132 -0.009745
v -0.027939 0.211132 -0.015255
v 0.017298 0.211132 -0.015559
v 0.008649 0.211132 -0.015559
v 0.017298 0.211132 -0.018562
v -0.027940 0.211132 -0.018562
v -0.028932 0.211333 -0.015255
v -0.028932 0.211333 -0.009745
v -0.029767 0.211907 -0.009745
v -0.030482 0.213759 -0.009745
v -0.030482 0.213759 -0.015255
v -0.030313 0.212760 -0.009745
v -0.029767 0.211907 -0.015255
v -0.030313 0.212760 -0.015255
v -0.029326 0.224988 -0.009573
v -0.029528 0.223764 -0.011044
v -0.030021 0.220110 -0.009131
v -0.029648 0.222983 -0.012815
v -0.030210 0.218231 -0.015255
v -0.029601 0.222765 -0.014750
v -0.029599 0.222784 -0.015249
v -0.029038 0.226560 -0.008507
v -0.026135 0.235980 -0.014747
v -0.026477 0.236267 -0.015253
v -0.026135 0.235874 -0.015823
v -0.026543 0.236056 -0.016522
v -0.026135 0.235560 -0.016857
v -0.026680 0.235614 -0.017720
v -0.026135 0.235050 -0.017811
v -0.026878 0.234966 -0.018806
v -0.026135 0.234364 -0.018647
v -0.027119 0.234150 -0.019740
v -0.026135 0.233528 -0.019332
v -0.027392 0.233187 -0.020506
v -0.026135 0.232575 -0.019842
v -0.027685 0.232106 -0.021084
v -0.026135 0.231540 -0.020156
v -0.027991 0.230913 -0.021462
v -0.026135 0.230464 -0.020262
v -0.028297 0.229645 -0.021612
v -0.026135 0.229388 -0.020156
v -0.028585 0.228365 -0.021516
v -0.026135 0.228354 -0.019842
v -0.028843 0.227133 -0.021178
v -0.026135 0.227400 -0.019332
v -0.029066 0.225983 -0.020607
v -0.026135 0.226564 -0.018647
v -0.029250 0.224962 -0.019826
v -0.026135 0.225879 -0.017811
v -0.029394 0.224105 -0.018862
v -0.026135 0.225369 -0.016857
v -0.029500 0.223441 -0.017747
v -0.029653 0.222945 -0.016541
v -0.026558 0.236334 -0.014747
v -0.026135 0.225055 -0.015823
v -0.026135 0.224949 -0.014747
v 0.019841 0.230464 -0.019961
v 0.019841 0.228469 -0.019564
v 0.019841 0.226777 -0.018434
v 0.019841 0.232460 -0.019564
v 0.019841 0.234152 -0.018434
v 0.019841 0.235282 -0.016742
v 0.019841 0.225647 -0.016742
v 0.019841 0.225250 -0.014747
v 0.019841 0.235679 -0.014747
v 0.019841 0.225647 -0.012751
v 0.019841 0.213675 -0.015559
v 0.019841 0.226777 -0.011059
v 0.019841 0.227777 -0.008983
v 0.019841 0.228469 -0.009929
v 0.019841 0.229088 -0.008538
v 0.019841 0.230464 -0.009532
v 0.019841 0.230464 -0.008387
v 0.019841 0.232460 -0.009929
v 0.019841 0.244189 -0.008387
v 0.019841 0.234152 -0.011059
v 0.019841 0.235282 -0.012751
v 0.019841 0.245560 -0.008788
v 0.019841 0.244903 -0.008489
v 0.019841 0.236116 -0.030888
v 0.019841 0.240271 -0.029258
v 0.019841 0.246869 -0.026063
v 0.019841 0.231287 -0.032442
v 0.019841 0.226077 -0.033728
v 0.019841 0.219504 -0.030181
v 0.019841 0.217982 -0.028451
v 0.019841 0.220403 -0.031856
v 0.019841 0.220781 -0.033354
v 0.019841 0.220762 -0.034639
v 0.019841 0.212601 -0.022803
v 0.019841 0.213404 -0.020744
v 0.019841 0.214855 -0.024730
v 0.019841 0.213675 -0.018562
v 0.019841 0.251871 -0.017258
v 0.019841 0.250261 -0.015614
v 0.019841 0.248818 -0.013818
v 0.019841 0.247559 -0.011893
v 0.019841 0.246498 -0.009864
v 0.019841 0.246106 -0.009259
v 0.019841 0.251871 -0.023073
v 0.021300 0.218256 -0.032685
v 0.020351 0.219201 -0.033149
v 0.020634 0.218451 -0.032005
v 0.020061 0.219173 -0.031637
v 0.020285 0.218027 -0.030596
v 0.019895 0.218744 -0.030031
v 0.019921 0.220076 -0.032963
v 0.020996 0.218664 -0.033597
v 0.020993 0.217481 -0.031026
v 0.021760 0.217476 -0.031584
v 0.020246 0.219435 -0.033785
v 0.019882 0.220357 -0.033746
v 0.020098 0.219662 -0.034469
v 0.020035 0.217325 -0.029170
v 0.020586 0.216769 -0.029779
v 0.021412 0.216396 -0.030186
v 0.022385 0.216266 -0.030329
v 0.020816 0.218783 -0.034333
v 0.023475 0.216657 -0.031278
v 0.023862 0.216605 -0.031919
v 0.024129 0.216368 -0.032579
v 0.026642 0.214522 -0.030937
v 0.026772 0.214054 -0.031509
v 0.029181 0.212227 -0.029553
v 0.026740 0.213471 -0.031982
v 0.029013 0.211132 -0.030146
v 0.026739 0.212653 -0.032161
v 0.026363 0.214835 -0.030315
v 0.028177 0.213414 -0.027679
v 0.028878 0.213055 -0.028658
v 0.019358 0.218575 -0.036592
v 0.021444 0.216327 -0.035734
v 0.018424 0.218407 -0.037208
v 0.021601 0.217479 -0.035194
v 0.020093 0.218697 -0.035839
v 0.024951 0.214632 -0.028660
v 0.023001 0.216519 -0.030713
v 0.021512 0.218287 -0.033952
v 0.025478 0.213523 -0.033099
v 0.024217 0.214393 -0.034038
v 0.024040 0.214822 -0.034123
v 0.021427 0.216902 -0.035641
v 0.024222 0.215436 -0.033731
v 0.025464 0.214902 -0.029135
v 0.025959 0.214965 -0.029696
v 0.021630 0.217955 -0.034615
v 0.024253 0.215967 -0.033202
v 0.027250 0.213216 -0.026854
v 0.022385 0.214349 -0.028330
v 0.022385 0.212710 -0.026098
v 0.027981 0.212710 -0.026098
v 0.027981 0.212782 -0.026209
v 0.021990 0.210565 -0.024922
v 0.027981 0.210565 -0.024922
v 0.022289 0.211107 -0.024980
v 0.027981 0.211788 -0.025235
v 0.022385 0.211583 -0.025134
v 0.022385 0.212219 -0.025533
v -0.009325 0.175010 -0.024922
v -0.009148 0.176820 -0.024922
v -0.027981 0.167298 -0.024922
v -0.008618 0.178574 -0.024922
v -0.027981 0.204772 -0.024922
v -0.007757 0.180187 -0.024922
v -0.006597 0.181602 -0.024922
v 0.012528 0.143868 -0.024922
v 0.009666 0.158511 -0.024922
v 0.009666 0.142750 -0.024922
v -0.005184 0.182763 -0.024922
v 0.007757 0.180187 -0.024922
v 0.017298 0.204772 -0.024922
v 0.006597 0.181602 -0.024922
v 0.020531 0.149311 -0.024922
v 0.022725 0.151812 -0.024922
v -0.024573 0.154579 -0.024922
v -0.009666 0.158511 -0.024922
v -0.026045 0.157563 -0.024922
v -0.009325 0.162364 -0.024922
v -0.027115 0.160714 -0.024922
v 0.009325 0.175010 -0.024922
v 0.027981 0.167298 -0.024922
v 0.009148 0.176820 -0.024922
v 0.008618 0.178574 -0.024922
v 0.027764 0.163978 -0.024922
v 0.009325 0.162364 -0.024922
v -0.018029 0.147117 -0.024922
v -0.015262 0.145268 -0.024922
v -0.012528 0.143868 -0.024922
v -0.009666 0.142750 -0.024922
v -0.022725 0.151812 -0.024922
v -0.020531 0.149311 -0.024922
v 0.021285 0.209065 -0.024922
v 0.020090 0.207431 -0.024922
v -0.027764 0.163978 -0.024922
v 0.001820 0.184157 -0.024922
v 0.003571 0.183625 -0.024922
v 0.005184 0.182763 -0.024922
v 0.015263 0.145268 -0.024922
v 0.018029 0.147117 -0.024922
v 0.024573 0.154579 -0.024922
v 0.026045 0.157563 -0.024922
v 0.027115 0.160714 -0.024922
v -0.003571 0.183625 -0.024922
v -0.001820 0.184157 -0.024922
v 0.000000 0.184336 -0.024922
v 0.015749 0.144425 -0.025115
v 0.016162 0.143710 -0.025667
v 0.018622 0.146345 -0.025115
v 0.019124 0.145690 -0.025667
v 0.021803 0.148039 -0.025667
v 0.022193 0.147649 -0.026492
v 0.024152 0.150717 -0.025667
v 0.024589 0.150382 -0.026492
v 0.026131 0.153680 -0.025667
v 0.026609 0.153404 -0.026492
v 0.028216 0.156664 -0.026492
v 0.026776 0.153307 -0.027465
v 0.028395 0.156590 -0.027465
v 0.028729 0.163850 -0.025115
v 0.016438 0.143233 -0.026492
v 0.016534 0.143065 -0.027465
v 0.019460 0.145252 -0.026492
v 0.026944 0.157191 -0.025115
v 0.027707 0.156875 -0.025667
v 0.029385 0.160106 -0.026492
v 0.030094 0.163671 -0.026492
v 0.029547 0.163743 -0.025667
v 0.028852 0.160248 -0.025667
v 0.028055 0.160462 -0.025115
v 0.028955 0.167298 -0.025115
v 0.029780 0.167298 -0.025667
v 0.030331 0.167298 -0.026492
v 0.030525 0.167298 -0.027465
v 0.019578 0.145099 -0.027465
v 0.022330 0.147512 -0.027465
v 0.024743 0.150264 -0.027465
v 0.029572 0.160056 -0.027465
v 0.030286 0.163645 -0.027465
v 0.021219 0.148622 -0.025115
v 0.023497 0.151220 -0.025115
v 0.025416 0.154092 -0.025115
v 0.030525 0.167298 -0.027590
v 0.030407 0.164728 -0.027636
v 0.030013 0.161971 -0.027799
v 0.029251 0.158951 -0.028123
v 0.027976 0.155629 -0.028644
v 0.026027 0.152084 -0.029360
v 0.023356 0.148594 -0.030189
v 0.020155 0.145554 -0.031007
v 0.016534 0.143065 -0.031827
v 0.010969 0.140507 -0.033149
v 0.014528 0.141997 -0.032330
v 0.009796 0.140119 -0.029612
v 0.013371 0.141458 -0.027465
v 0.010053 0.140200 -0.028259
v 0.010053 0.140200 -0.027465
v 0.000000 0.138635 -0.034206
v -0.003120 0.138782 -0.032549
v -0.003680 0.138840 -0.034089
v -0.006212 0.139224 -0.032330
v -0.007344 0.139461 -0.033737
v -0.007702 0.139544 -0.031896
v -0.010969 0.140507 -0.033149
v 0.008990 0.139880 -0.030913
v 0.007702 0.139544 -0.031896
v 0.007344 0.139461 -0.033737
v 0.006213 0.139224 -0.032330
v 0.003680 0.138840 -0.034089
v 0.003120 0.138782 -0.032549
v 0.000000 0.138635 -0.032623
v -0.009796 0.140119 -0.029612
v -0.010053 0.140200 -0.028259
v -0.013371 0.141458 -0.027465
v -0.010053 0.140200 -0.027465
v -0.008990 0.139880 -0.030912
v -0.014528 0.141997 -0.032330
v -0.016534 0.143065 -0.031827
v -0.016534 0.143065 -0.027465
v 0.009462 0.140156 -0.027465
v 0.009462 0.140156 -0.028259
v 0.008916 0.140385 -0.027465
v 0.008916 0.140385 -0.028259
v 0.008532 0.140836 -0.027465
v 0.008532 0.140836 -0.028259
v 0.008394 0.141412 -0.027465
v 0.008394 0.141412 -0.028259
v 0.009819 0.141768 -0.025118
v 0.009462 0.141788 -0.025118
v 0.009180 0.142750 -0.025018
v 0.008916 0.141871 -0.025331
v 0.008767 0.142750 -0.025294
v 0.008532 0.142034 -0.025751
v 0.008491 0.142750 -0.025707
v 0.008394 0.142233 -0.026292
v 0.008394 0.142750 -0.026194
v 0.010025 0.140391 -0.026499
v 0.009462 0.140367 -0.026467
v 0.009944 0.140940 -0.025674
v 0.009462 0.140950 -0.025645
v 0.008394 0.141512 -0.026982
v 0.008532 0.140989 -0.026741
v 0.008394 0.141799 -0.026570
v 0.008532 0.141415 -0.026140
v 0.008916 0.141106 -0.025811
v 0.008916 0.140576 -0.026559
v 0.008394 0.156347 -0.028045
v 0.008394 0.155896 -0.028103
v 0.008394 0.156748 -0.027808
v 0.008394 0.148983 -0.027765
v 0.008394 0.157842 -0.026759
v 0.008394 0.158511 -0.026194
v 0.008394 0.145199 -0.027770
v 0.008224 0.162364 -0.025558
v 0.007758 0.162364 -0.026023
v 0.008022 0.161296 -0.025926
v 0.007608 0.161350 -0.026197
v 0.008020 0.160268 -0.026237
v 0.007605 0.160376 -0.026493
v 0.007598 0.159478 -0.026973
v 0.007115 0.160424 -0.026578
v 0.007087 0.158767 -0.027684
v 0.008295 0.158191 -0.027118
v 0.008017 0.159321 -0.026741
v 0.007587 0.158691 -0.027618
v 0.008011 0.158489 -0.027419
v 0.008297 0.160110 -0.025853
v 0.008296 0.159089 -0.026392
v 0.007123 0.162364 -0.026194
v 0.008268 0.161289 -0.025665
v 0.008312 0.160214 -0.025773
v 0.008224 0.175010 -0.025558
v 0.008141 0.175017 -0.025785
v 0.007876 0.172954 -0.026048
v 0.007125 0.171075 -0.026294
v -0.007122 0.171070 -0.026194
v -0.007122 0.162364 -0.026194
v -0.005834 0.169334 -0.026194
v -0.004134 0.167998 -0.026194
v 0.005834 0.169334 -0.026294
v 0.004134 0.167998 -0.026294
v 0.002143 0.167157 -0.026294
v 0.000000 0.166870 -0.026194
v -0.002143 0.167157 -0.026194
v -0.007758 0.162364 -0.026023
v -0.007871 0.172935 -0.025950
v -0.008224 0.162364 -0.025558
v -0.008141 0.175017 -0.025785
v -0.008224 0.175010 -0.025558
v -0.008394 0.158511 -0.026194
v -0.008295 0.158191 -0.027118
v -0.008296 0.159089 -0.026392
v -0.008011 0.158489 -0.027419
v -0.008017 0.159321 -0.026741
v -0.007598 0.159478 -0.026973
v -0.007605 0.160376 -0.026493
v -0.007115 0.160424 -0.026578
v -0.007608 0.161350 -0.026197
v -0.008394 0.157842 -0.026759
v -0.007587 0.158691 -0.027618
v -0.007087 0.158767 -0.027684
v -0.008021 0.161296 -0.025926
v -0.008268 0.161290 -0.025665
v -0.008020 0.160268 -0.026237
v -0.008311 0.160215 -0.025772
v -0.008394 0.155896 -0.028103
v -0.008394 0.156748 -0.027808
v -0.008394 0.148983 -0.027765
v -0.008394 0.141799 -0.026570
v -0.008394 0.142750 -0.026194
v -0.008394 0.142233 -0.026292
v -0.008394 0.156347 -0.028045
v -0.008394 0.141512 -0.026982
v -0.008394 0.145199 -0.027770
v -0.008394 0.141412 -0.027465
v -0.008394 0.141412 -0.028259
v -0.006659 0.148983 -0.029500
v -0.006997 0.155896 -0.029500
v -0.007323 0.148950 -0.029368
v -0.007531 0.155867 -0.029394
v -0.007886 0.148938 -0.028992
v -0.007985 0.155856 -0.029091
v -0.008262 0.148950 -0.028429
v -0.008288 0.155867 -0.028637
v 0.006659 0.148983 -0.029500
v 0.006997 0.155896 -0.029500
v 0.000000 0.149181 -0.029500
v 0.003259 0.146834 -0.029605
v 0.000000 0.146680 -0.029624
v 0.000000 0.144204 -0.029992
v -0.003191 0.144355 -0.029954
v -0.003125 0.141923 -0.030546
v -0.006339 0.144421 -0.029915
v -0.006151 0.142192 -0.030429
v -0.005943 0.140025 -0.031141
v 0.003125 0.141923 -0.030546
v 0.006151 0.142192 -0.030429
v 0.006339 0.144421 -0.029915
v 0.000000 0.141775 -0.030602
v 0.003191 0.144355 -0.029954
v 0.006508 0.146691 -0.029604
v -0.006508 0.146691 -0.029604
v -0.003259 0.146834 -0.029605
v -0.002987 0.139570 -0.031371
v 0.000000 0.139419 -0.031448
v 0.002988 0.139570 -0.031371
v 0.005943 0.140025 -0.031141
v -0.007055 0.157695 -0.028755
v -0.007029 0.156870 -0.029307
v 0.007029 0.156870 -0.029307
v 0.007055 0.157695 -0.028755
v -0.007994 0.156685 -0.028950
v -0.007551 0.156807 -0.029220
v -0.007567 0.157611 -0.028695
v -0.008290 0.156523 -0.028537
v -0.008002 0.157401 -0.028494
v -0.008292 0.157098 -0.028183
v -0.008767 0.142750 -0.025294
v -0.009180 0.142750 -0.025018
v -0.008916 0.141871 -0.025331
v -0.009462 0.141788 -0.025118
v -0.008916 0.141106 -0.025811
v -0.009462 0.140950 -0.025645
v -0.009462 0.140367 -0.026467
v -0.009944 0.140940 -0.025674
v -0.010025 0.140391 -0.026499
v -0.009462 0.140156 -0.027465
v -0.008491 0.142750 -0.025707
v -0.008532 0.142034 -0.025751
v -0.008532 0.141415 -0.026140
v -0.008532 0.140989 -0.026741
v -0.008916 0.140576 -0.026559
v -0.008532 0.140836 -0.027465
v -0.008916 0.140385 -0.027465
v -0.009819 0.141768 -0.025118
v -0.007232 0.146624 -0.029461
v -0.007845 0.146572 -0.029048
v -0.007800 0.144225 -0.029313
v -0.008254 0.146530 -0.028431
v -0.008244 0.144120 -0.028640
v -0.007131 0.144325 -0.029761
v -0.008234 0.141737 -0.029054
v -0.008234 0.141233 -0.029161
v -0.007751 0.141916 -0.029781
v -0.007728 0.140878 -0.030060
v -0.007019 0.142072 -0.030265
v -0.006905 0.140426 -0.030782
v 0.000000 0.183151 -0.041737
v 0.000000 0.183150 -0.025685
v -0.001574 0.182997 -0.041708
v -0.003095 0.182539 -0.041623
v -0.004506 0.181790 -0.041494
v -0.005749 0.180773 -0.041340
v -0.006769 0.179531 -0.041186
v -0.007526 0.178111 -0.041155
v -0.007985 0.176591 -0.040968
v 0.000000 0.166870 -0.041838
v -0.001577 0.167025 -0.041808
v -0.003101 0.167484 -0.041723
v -0.004513 0.168236 -0.041593
v -0.005756 0.169255 -0.041440
v -0.006774 0.170497 -0.041286
v -0.007526 0.171910 -0.041155
v -0.007986 0.173433 -0.041069
v -0.008140 0.175011 -0.041038
v 0.018896 0.151059 -0.037328
v 0.015569 0.149603 -0.038834
v 0.015385 0.211132 -0.038907
v 0.013668 0.148853 -0.039542
v 0.011530 0.211132 -0.040218
v 0.008140 0.175010 -0.041038
v 0.007985 0.176591 -0.040968
v 0.007560 0.211132 -0.041149
v -0.008636 0.211132 -0.040937
v 0.028189 0.160079 -0.030918
v 0.025943 0.211132 -0.032825
v -0.006909 0.146901 -0.041263
v -0.010320 0.147706 -0.040545
v 0.029632 0.164976 -0.029538
v 0.029121 0.162566 -0.030042
v 0.029792 0.167298 -0.029376
v -0.029792 0.211132 -0.029377
v -0.026795 0.211132 -0.032133
v -0.029792 0.167298 -0.029376
v -0.029121 0.162566 -0.030042
v -0.029632 0.164976 -0.029538
v 0.000000 0.146266 -0.041838
v -0.003462 0.146424 -0.041694
v -0.000547 0.211132 -0.041834
v 0.001574 0.182997 -0.041708
v 0.003520 0.211132 -0.041689
v 0.003095 0.182539 -0.041623
v 0.005749 0.180773 -0.041340
v 0.004506 0.181790 -0.041494
v -0.012580 0.211132 -0.039902
v -0.004611 0.211132 -0.041583
v 0.007524 0.178117 -0.041055
v 0.006770 0.179531 -0.041186
v -0.013668 0.148853 -0.039542
v -0.015569 0.149603 -0.038834
v -0.016398 0.211132 -0.038491
v -0.018896 0.151059 -0.037328
v -0.020061 0.211132 -0.036715
v -0.021961 0.152852 -0.035612
v -0.023538 0.211132 -0.034589
v -0.024651 0.155075 -0.033806
v -0.026733 0.157549 -0.032185
v -0.028189 0.160079 -0.030918
v 0.003462 0.146424 -0.041694
v 0.004506 0.168232 -0.041494
v 0.006909 0.146901 -0.041263
v 0.005749 0.169248 -0.041340
v 0.006770 0.170490 -0.041186
v 0.007524 0.171904 -0.041055
v 0.007985 0.173430 -0.040968
v 0.010320 0.147706 -0.040545
v 0.001574 0.167024 -0.041708
v 0.003095 0.167482 -0.041623
v 0.026733 0.157549 -0.032185
v 0.024651 0.155075 -0.033806
v 0.022623 0.211132 -0.035195
v 0.021961 0.152852 -0.035612
v 0.019093 0.211132 -0.037228
v 0.029792 0.210646 -0.029376
v 0.030335 0.167298 -0.028556
v 0.030335 0.210646 -0.028556
v 0.030525 0.210646 -0.027590
v 0.030149 0.211701 -0.028402
v 0.030352 0.211547 -0.027789
v 0.029776 0.212130 -0.028401
v 0.029619 0.212554 -0.027972
v 0.029933 0.211705 -0.028830
v 0.029824 0.212384 -0.027355
v 0.028963 0.212907 -0.026962
v 0.030331 0.211463 -0.027062
v 0.029780 0.212156 -0.026614
v 0.028955 0.212619 -0.026314
v -0.016028 0.148420 -0.038528
v -0.018901 0.149755 -0.037212
v -0.016406 0.147281 -0.038015
v -0.019295 0.148727 -0.036672
v -0.016692 0.146220 -0.037312
v -0.019599 0.147779 -0.035957
v -0.016875 0.145268 -0.036438
v -0.019803 0.146939 -0.035087
v -0.016952 0.144455 -0.035420
v -0.019903 0.146232 -0.034090
v -0.019894 0.145681 -0.032995
v -0.022593 0.147946 -0.031639
v -0.019777 0.145300 -0.031835
v -0.023356 0.148594 -0.030189
v -0.020155 0.145554 -0.031007
v -0.022498 0.148966 -0.033620
v -0.030525 0.167298 -0.027590
v -0.030457 0.165509 -0.027851
v -0.030407 0.164728 -0.027636
v -0.030280 0.163735 -0.027996
v -0.030013 0.161971 -0.027799
v -0.029576 0.160281 -0.028575
v -0.029251 0.158951 -0.028123
v -0.028422 0.157023 -0.029510
v -0.027976 0.155629 -0.028644
v -0.026843 0.154028 -0.030727
v -0.016779 0.143337 -0.033079
v -0.016920 0.143805 -0.034289
v -0.024934 0.150563 -0.030303
v -0.026027 0.152084 -0.029360
v -0.021973 0.150468 -0.035183
v -0.024351 0.152527 -0.033636
v -0.024860 0.151334 -0.032131
v -0.026378 0.154907 -0.032130
v -0.028023 0.157605 -0.030767
v -0.029252 0.160605 -0.029657
v -0.030025 0.163867 -0.028917
v -0.030225 0.165570 -0.028720
v -0.030335 0.167298 -0.028556
v -0.030335 0.211132 -0.028556
v -0.030525 0.211132 -0.027590
v -0.030525 0.204772 -0.027465
v -0.030525 0.206523 -0.027292
v -0.030525 0.208219 -0.026771
v -0.030525 0.167298 -0.027465
v -0.030525 0.211132 -0.024793
v -0.030525 0.209774 -0.025928
v -0.030331 0.207844 -0.025873
v -0.030331 0.206339 -0.026336
v -0.027981 0.209315 -0.023013
v -0.028955 0.208455 -0.023983
v -0.027981 0.208345 -0.023823
v -0.027981 0.207234 -0.024426
v -0.028955 0.206067 -0.024986
v -0.027981 0.206023 -0.024797
v -0.028955 0.204772 -0.025115
v -0.029780 0.204772 -0.025667
v -0.029780 0.206176 -0.025527
v -0.028955 0.207311 -0.024604
v -0.028955 0.209453 -0.023148
v -0.029780 0.209847 -0.023534
v -0.029780 0.208764 -0.024439
v -0.030331 0.210436 -0.024112
v -0.030331 0.209228 -0.025122
v -0.029780 0.207525 -0.025112
v -0.030331 0.204772 -0.026492
v -0.027974 0.210090 -0.022049
v -0.028966 0.210258 -0.022162
v -0.029802 0.210740 -0.022472
v -0.030347 0.211455 -0.022938
v -0.030517 0.212253 -0.023444
v -0.029767 0.211907 -0.018562
v -0.030313 0.212760 -0.018562
v -0.030318 0.212613 -0.020090
v -0.030332 0.212174 -0.021566
v -0.029786 0.211382 -0.021248
v -0.028932 0.211333 -0.018562
v -0.029773 0.211774 -0.019929
v -0.030501 0.213084 -0.021910
v -0.030487 0.213590 -0.020260
v -0.030482 0.213759 -0.018562
v -0.028951 0.210849 -0.021038
v -0.027958 0.210665 -0.020954
v -0.028938 0.211211 -0.019823
v -0.027945 0.211015 -0.019775
v -0.015842 0.259619 -0.021495
v -0.018730 0.254216 -0.023746
v -0.019398 0.253342 -0.023008
v -0.021606 0.248535 -0.024908
v -0.022500 0.246979 -0.024303
v -0.024143 0.242666 -0.025943
v -0.025075 0.240673 -0.025366
v -0.026300 0.236617 -0.026830
v -0.027106 0.234529 -0.026198
v -0.028035 0.230407 -0.027547
v -0.028632 0.228540 -0.026821
v -0.029310 0.224063 -0.028076
v -0.029693 0.222671 -0.027253
v -0.030090 0.217623 -0.028401
v -0.030319 0.216882 -0.027506
v -0.015547 0.259703 -0.022480
v -0.014941 0.259557 -0.023303
v -0.018580 0.253310 -0.024766
v -0.021724 0.246963 -0.026045
v -0.024321 0.240667 -0.027110
v -0.026363 0.234528 -0.027953
v -0.027895 0.228541 -0.028588
v -0.028959 0.222672 -0.029030
v -0.029585 0.216883 -0.029290
v -0.015065 0.259813 -0.020001
v -0.015562 0.259802 -0.020702
v -0.015090 0.260155 -0.022499
v -0.013666 0.259335 -0.019170
v -0.014038 0.259760 -0.019563
v -0.014408 0.259651 -0.019470
v -0.014409 0.260185 -0.019955
v -0.014935 0.260485 -0.021189
v -0.019632 0.252895 -0.017115
v -0.020556 0.251085 -0.015255
v -0.019343 0.253303 -0.016769
v -0.020203 0.251529 -0.014727
v -0.018813 0.253594 -0.016158
v -0.019670 0.251826 -0.014247
v -0.018112 0.253683 -0.015668
v -0.019009 0.251948 -0.013862
v -0.017377 0.253463 -0.015264
v -0.018280 0.251885 -0.013605
v -0.016314 0.255237 -0.016760
v -0.017686 0.255568 -0.017708
v -0.015081 0.257198 -0.018070
v -0.015760 0.257575 -0.018458
v -0.016999 0.255574 -0.017191
v -0.016432 0.257654 -0.018989
v -0.016940 0.257549 -0.019674
v -0.017286 0.257174 -0.020261
v -0.018205 0.255369 -0.018364
v -0.018546 0.254928 -0.018792
v -0.022514 0.246947 -0.008472
v -0.022879 0.246122 -0.005984
v -0.022176 0.247490 -0.008276
v -0.022496 0.246726 -0.005781
v -0.021624 0.247958 -0.007997
v -0.021947 0.247192 -0.005595
v -0.020938 0.248238 -0.007768
v -0.021279 0.247479 -0.005443
v -0.020192 0.248282 -0.007555
v -0.020548 0.247563 -0.005337
v -0.019701 0.249246 -0.009690
v -0.021109 0.249021 -0.010253
v -0.019066 0.250450 -0.011715
v -0.019785 0.250503 -0.012004
v -0.020429 0.249257 -0.009964
v -0.020457 0.250320 -0.012346
v -0.020997 0.249957 -0.012768
v -0.021361 0.249438 -0.013136
v -0.021656 0.248600 -0.010607
v -0.022011 0.248056 -0.010865
v -0.020922 0.246961 -0.004062
v -0.021792 0.247020 -0.004685
v -0.022496 0.246589 -0.005082
v -0.023579 0.242794 -0.002945
v -0.023257 0.243588 -0.002792
v -0.023674 0.243820 -0.003575
v -0.022195 0.244365 -0.002310
v -0.023877 0.242041 -0.003280
v -0.023935 0.243176 -0.003698
v -0.024177 0.242569 -0.003966
v -0.021641 0.245985 -0.003078
v -0.022013 0.246519 -0.003974
v -0.022970 0.242376 -0.002403
v -0.023309 0.241519 -0.002785
v -0.022926 0.244390 -0.002821
v -0.023140 0.245101 -0.003767
v -0.023405 0.244471 -0.003598
v -0.023403 0.244902 -0.004622
v -0.023798 0.243952 -0.004473
v -0.022546 0.241072 -0.002545
v -0.022381 0.242693 -0.002104
v -0.021918 0.245175 -0.002694
v -0.022598 0.245167 -0.003031
v -0.022288 0.245889 -0.003417
v -0.022891 0.245684 -0.004077
v -0.022671 0.246190 -0.004520
v -0.023071 0.245679 -0.005167
v -0.024168 0.243035 -0.004754
v -0.020057 0.246035 -0.001538
v -0.019355 0.246629 -0.001597
v -0.019624 0.246531 -0.002021
v -0.020311 0.246467 -0.002903
v -0.019830 0.246879 -0.003527
v -0.019624 0.246316 -0.000444
v -0.021058 0.245290 -0.002035
v -0.021235 0.244570 -0.001772
v -0.020343 0.245465 -0.001192
v -0.020484 0.244866 -0.000997
v -0.020005 0.245226 -0.000052
v -0.019841 0.245621 0.000983
v -0.019891 0.245792 -0.000222
v -0.020739 0.245939 -0.002421
v -0.019841 0.246187 0.005087
v -0.019841 0.247504 0.009015
v -0.019744 0.246852 0.005730
v -0.019744 0.247778 0.008422
v -0.019469 0.247250 0.005622
v -0.019469 0.248159 0.008263
v -0.019056 0.247516 0.005549
v -0.019056 0.248413 0.008156
v -0.018569 0.248502 0.008119
v -0.019056 0.249643 0.010624
v -0.018569 0.249726 0.010575
v -0.019056 0.251184 0.012910
v -0.018569 0.251261 0.012851
v -0.019056 0.253010 0.014975
v -0.018569 0.253078 0.014906
v -0.019469 0.246499 0.000098
v -0.019056 0.246943 -0.002655
v -0.019056 0.246775 0.000097
v -0.019469 0.252816 0.015171
v -0.019056 0.246967 0.002847
v -0.019469 0.246694 0.002884
v -0.019744 0.246285 0.002940
v -0.018569 0.247039 -0.002643
v -0.018569 0.246872 0.000096
v -0.018569 0.247063 0.002834
v -0.018569 0.247610 0.005524
v -0.019744 0.249048 0.010970
v -0.019841 0.249526 0.012631
v -0.019744 0.250639 0.013331
v -0.019841 0.252183 0.015809
v -0.019744 0.252526 0.015464
v -0.019469 0.249405 0.010763
v -0.019469 0.250966 0.013079
v -0.018569 0.247563 -0.005337
v -0.019841 0.212555 0.025445
v -0.019841 0.214966 0.025445
v -0.019841 0.213392 0.023348
v -0.019841 0.213675 0.021120
v -0.019841 0.230464 0.019976
v -0.019841 0.225680 0.032967
v -0.019841 0.227863 0.033404
v -0.019841 0.244121 0.001389
v -0.019841 0.216336 0.027200
v -0.019841 0.226777 0.018448
v -0.019841 0.234152 0.011074
v -0.019841 0.239541 0.000768
v -0.019841 0.232460 0.009943
v -0.019841 0.235196 -0.000898
v -0.019841 0.230464 0.009546
v -0.019841 0.232089 -0.001516
v -0.019841 0.228469 0.009943
v -0.019841 0.213675 -0.003354
v -0.019841 0.226777 0.011074
v -0.019841 0.225647 0.012765
v -0.019841 0.225250 0.014761
v -0.019841 0.223563 0.032274
v -0.019841 0.228469 0.019579
v -0.019841 0.241021 0.001281
v -0.019841 0.242568 0.001490
v -0.019841 0.235282 0.016757
v -0.019841 0.234152 0.018448
v -0.019841 0.242952 0.028867
v -0.019841 0.232460 0.019579
v -0.019841 0.237226 0.031291
v -0.019841 0.230083 0.033581
v -0.019841 0.252014 0.023624
v -0.019841 0.252183 0.023149
v -0.019841 0.251386 0.024196
v -0.019841 0.247594 0.026475
v -0.019841 0.235679 0.014761
v -0.019841 0.235282 0.012765
v -0.019841 0.217904 0.028782
v -0.019841 0.219648 0.030167
v -0.019841 0.221543 0.031337
v -0.019841 0.225647 0.016757
v 0.025922 0.231535 0.020142
v 0.025922 0.230464 0.020247
v 0.025922 0.229394 0.020142
v 0.025922 0.228365 0.019829
v 0.025922 0.227416 0.019322
v 0.025922 0.225903 0.017809
v 0.025922 0.233512 0.019322
v 0.025922 0.235950 0.014761
v 0.025922 0.235845 0.015831
v 0.025922 0.224978 0.014761
v 0.025922 0.225084 0.015831
v 0.025922 0.225396 0.016860
v 0.025922 0.226585 0.018640
v 0.025922 0.234344 0.018640
v 0.025922 0.232564 0.019829
v 0.025922 0.229394 0.009380
v 0.025922 0.230464 0.009275
v 0.025922 0.231535 0.009380
v 0.025922 0.232564 0.009692
v 0.025922 0.233512 0.010199
v 0.025922 0.235026 0.011713
v 0.025922 0.227416 0.010199
v 0.025922 0.225084 0.013691
v 0.025922 0.235845 0.013691
v 0.025922 0.235533 0.012661
v 0.025922 0.234344 0.010882
v 0.025922 0.225396 0.012661
v 0.025922 0.225903 0.011713
v 0.025922 0.226585 0.010882
v 0.025922 0.228365 0.009692
v 0.026492 0.236220 0.014762
v 0.026531 0.236095 0.013457
v 0.026647 0.235723 0.012196
v 0.026834 0.235110 0.011021
v 0.027082 0.234273 0.009982
v 0.027376 0.233245 0.009125
v 0.027695 0.232066 0.008485
v 0.028021 0.230793 0.008097
v 0.028337 0.229473 0.007971
v 0.028627 0.228170 0.008109
v 0.028885 0.226923 0.008502
v 0.029105 0.225773 0.009137
v 0.029283 0.224770 0.009986
v 0.029419 0.223954 0.011011
v 0.029514 0.223348 0.012179
v 0.029570 0.222975 0.013445
v 0.029589 0.222849 0.014763
v -0.018349 0.207452 0.027138
v -0.018805 0.208633 0.026758
v -0.018271 0.208413 0.026569
v -0.018271 0.209406 0.025754
v -0.017297 0.209269 0.025617
v -0.018271 0.210221 0.024761
v -0.017297 0.210061 0.024652
v -0.018271 0.210827 0.023628
v -0.017297 0.210649 0.023552
v -0.018271 0.211199 0.022399
v -0.017297 0.211011 0.022355
v -0.018271 0.211325 0.021120
v -0.019096 0.211336 0.023839
v -0.017297 0.208304 0.026409
v -0.019096 0.210679 0.025067
v -0.017297 0.204772 0.027480
v -0.017297 0.206007 0.027359
v -0.017297 0.207204 0.026996
v -0.019261 0.209815 0.026379
v -0.019648 0.212098 0.024155
v -0.019648 0.212550 0.022667
v -0.019096 0.211740 0.022506
v -0.019096 0.211877 0.021120
v -0.019648 0.212702 0.021120
v -0.019678 0.211363 0.025673
v -0.021876 0.212555 0.027480
v -0.021097 0.212555 0.027325
v -0.021638 0.210835 0.027480
v -0.021197 0.210237 0.027466
v -0.020831 0.208920 0.027480
v -0.019924 0.210718 0.026708
v -0.019448 0.208672 0.027196
v -0.018717 0.206459 0.027471
v -0.020490 0.210504 0.027222
v -0.020437 0.212555 0.026884
v -0.019996 0.212555 0.026223
v -0.019190 0.206698 0.027480
v 0.025253 0.156967 0.027480
v 0.024816 0.155526 0.027480
v 0.025369 0.157962 0.027480
v 0.023841 0.153513 0.027480
v 0.009326 0.159550 0.027480
v 0.022032 0.150950 0.027480
v 0.018896 0.147813 0.027480
v -0.009666 0.150778 0.027480
v -0.009666 0.142750 0.027480
v -0.012528 0.143868 0.027480
v -0.025369 0.157962 0.027480
v -0.009325 0.175010 0.027480
v -0.009325 0.159550 0.027480
v -0.003571 0.183625 0.027480
v -0.005184 0.182763 0.027480
v 0.009666 0.150778 0.027480
v -0.021876 0.213317 0.027480
v -0.025369 0.213317 0.027480
v -0.008618 0.178574 0.027480
v -0.009148 0.176820 0.027480
v 0.025369 0.204772 0.027480
v 0.001820 0.184157 0.027480
v 0.003571 0.183625 0.027480
v 0.015263 0.145268 0.027480
v 0.012528 0.143868 0.027480
v 0.009666 0.142750 0.027480
v -0.006597 0.181602 0.027480
v -0.007757 0.180187 0.027480
v 0.000000 0.184336 0.027480
v -0.001820 0.184157 0.027480
v 0.007757 0.180187 0.027480
v 0.006597 0.181602 0.027480
v 0.005184 0.182763 0.027480
v 0.009326 0.175010 0.027480
v 0.009148 0.176820 0.027480
v 0.008618 0.178574 0.027480
v -0.015262 0.145268 0.027480
v -0.018896 0.147813 0.027480
v -0.022032 0.150950 0.027480
v -0.023841 0.153513 0.027480
v -0.024816 0.155526 0.027480
v -0.025253 0.156967 0.027480
v -0.017693 0.145664 0.027673
v -0.019522 0.147067 0.027673
v -0.021221 0.148624 0.027673
v -0.021805 0.148041 0.028225
v -0.023410 0.149794 0.028225
v -0.022195 0.147651 0.029050
v -0.023833 0.149439 0.029050
v -0.022332 0.147514 0.030023
v -0.023981 0.149315 0.030023
v -0.016534 0.143065 0.030023
v -0.016438 0.143233 0.029050
v -0.018167 0.144988 0.028225
v -0.015749 0.144425 0.027673
v -0.016162 0.143710 0.028225
v -0.022778 0.150324 0.027673
v -0.018483 0.144536 0.029050
v -0.018594 0.144377 0.030023
v -0.020407 0.146012 0.029050
v -0.020531 0.145864 0.030023
v -0.020052 0.146435 0.028225
v -0.022328 0.147510 0.030484
v -0.020523 0.145857 0.030935
v -0.018582 0.144369 0.031382
v -0.016534 0.143065 0.031841
v -0.010053 0.140200 0.030023
v -0.010053 0.140200 0.032713
v -0.013371 0.141458 0.030023
v -0.014528 0.141997 0.032344
v -0.010005 0.140185 0.033344
v -0.008394 0.141412 0.030023
v -0.008394 0.141412 0.032713
v -0.008532 0.140836 0.030023
v -0.008532 0.140836 0.032713
v -0.008916 0.140385 0.030023
v -0.008916 0.140385 0.032713
v -0.009462 0.140156 0.030023
v -0.009462 0.140156 0.032713
v -0.009819 0.141767 0.027676
v -0.009462 0.141788 0.027676
v -0.009179 0.142750 0.027576
v -0.008916 0.141871 0.027889
v -0.008767 0.142750 0.027852
v -0.008532 0.142034 0.028309
v -0.008491 0.142750 0.028265
v -0.008394 0.142233 0.028850
v -0.008394 0.142750 0.028752
v -0.010025 0.140391 0.029057
v -0.009462 0.140367 0.029025
v -0.009944 0.140940 0.028232
v -0.009462 0.140950 0.028203
v -0.008394 0.141512 0.029540
v -0.008532 0.140989 0.029299
v -0.008394 0.141799 0.029128
v -0.008532 0.141415 0.028698
v -0.008916 0.141106 0.028369
v -0.008916 0.140576 0.029117
v -0.008394 0.145941 0.030618
v -0.008394 0.150778 0.028752
v -0.008394 0.148329 0.029583
v -0.008311 0.154812 0.028315
v -0.008015 0.156153 0.028592
v -0.007988 0.152813 0.029234
v -0.007592 0.156192 0.028873
v -0.007535 0.152897 0.029526
v -0.007001 0.152961 0.029620
v -0.006843 0.149812 0.030689
v -0.006614 0.146831 0.032160
v -0.007295 0.146728 0.032062
v -0.007436 0.149723 0.030598
v -0.008259 0.146246 0.031228
v -0.008277 0.149400 0.029819
v -0.007872 0.146522 0.031735
v -0.007941 0.149585 0.030289
v -0.008290 0.152700 0.028794
v -0.007093 0.156226 0.028970
v -0.007122 0.159550 0.028752
v -0.007758 0.159550 0.028581
v -0.008224 0.159550 0.028116
v -0.008290 0.155996 0.028265
v -0.008224 0.175010 0.028116
v -0.008140 0.175010 0.028243
v -0.007871 0.172936 0.028508
v -0.007122 0.171070 0.028752
v -0.005834 0.169334 0.028752
v -0.004134 0.167998 0.028752
v -0.002143 0.167157 0.028752
v 0.002143 0.167157 0.028752
v 0.007123 0.159550 0.028752
v 0.000000 0.166870 0.028853
v 0.004134 0.167998 0.028853
v 0.005834 0.169334 0.028853
v 0.007125 0.171075 0.028853
v 0.000000 0.183151 0.041751
v 0.000000 0.183150 0.028344
v 0.001573 0.182997 0.041721
v 0.001588 0.182994 0.028344
v 0.003095 0.182539 0.041636
v 0.003115 0.182531 0.028344
v 0.004506 0.181789 0.041507
v 0.004522 0.181779 0.028344
v 0.005749 0.180773 0.041353
v 0.005756 0.180766 0.028344
v 0.006770 0.179531 0.041199
v 0.006768 0.179533 0.028344
v 0.007527 0.178111 0.041169
v 0.007520 0.178126 0.028344
v 0.007985 0.176591 0.040982
v 0.007984 0.176599 0.028344
v 0.008140 0.175010 0.040951
v 0.008141 0.175017 0.028344
v 0.007985 0.173430 0.040982
v 0.007876 0.172956 0.028607
v 0.007524 0.171904 0.041069
v 0.006770 0.170490 0.041199
v 0.005749 0.169248 0.041353
v 0.004506 0.168232 0.041507
v 0.003095 0.167482 0.041636
v 0.001573 0.167024 0.041721
v 0.000000 0.166870 0.041751
v 0.027011 0.157962 0.031966
v 0.027011 0.204772 0.031966
v 0.024942 0.155370 0.033606
v 0.023694 0.211132 0.034498
v 0.022196 0.153017 0.035480
v 0.020308 0.211132 0.036594
v 0.019027 0.151125 0.037276
v 0.016743 0.211132 0.038356
v 0.015569 0.149603 0.038848
v 0.013027 0.211132 0.039772
v 0.013668 0.148852 0.039557
v 0.010320 0.147706 0.040559
v 0.006909 0.146901 0.041278
v 0.000000 0.146266 0.041852
v -0.001574 0.167024 0.041721
v -0.003462 0.146424 0.041708
v -0.027011 0.157962 0.031966
v -0.024941 0.155370 0.033606
v -0.027011 0.204772 0.031966
v 0.009188 0.211132 0.040831
v 0.001298 0.211132 0.041832
v -0.002677 0.211132 0.041766
v -0.001574 0.182997 0.041721
v 0.029792 0.210873 0.029391
v 0.029792 0.211132 0.029391
v 0.028453 0.209234 0.030690
v 0.026867 0.211132 0.032087
v 0.027597 0.207638 0.031462
v 0.027145 0.206148 0.031852
v -0.006769 0.179531 0.041199
v -0.005749 0.180773 0.041353
v -0.006633 0.211132 0.041323
v -0.004506 0.181790 0.041507
v -0.003095 0.182539 0.041636
v -0.007526 0.178111 0.041169
v -0.010533 0.211132 0.040504
v -0.007986 0.176588 0.041083
v 0.003462 0.146424 0.041708
v -0.003101 0.167484 0.041737
v -0.004513 0.168236 0.041608
v -0.006909 0.146901 0.041278
v -0.005756 0.169255 0.041454
v -0.006774 0.170498 0.041300
v -0.007526 0.171910 0.041169
v -0.007986 0.173433 0.041083
v -0.010320 0.147706 0.040559
v -0.013668 0.148852 0.039557
v 0.005264 0.211132 0.041520
v -0.024822 0.211132 0.033695
v -0.027913 0.211131 0.031182
v -0.022196 0.153017 0.035480
v -0.021505 0.211132 0.035903
v -0.019027 0.151125 0.037276
v -0.017999 0.211132 0.037783
v -0.015569 0.149603 0.038848
v -0.014333 0.211132 0.039320
v -0.027913 0.215232 0.030815
v -0.027913 0.214439 0.030023
v -0.027913 0.204773 0.030023
v -0.027913 0.214601 0.031081
v -0.025444 0.217246 0.032770
v -0.025372 0.217639 0.032170
v -0.022718 0.219994 0.033681
v -0.022378 0.220000 0.033047
v -0.025352 0.216734 0.033054
v -0.027524 0.215771 0.030064
v -0.025023 0.217733 0.031547
v -0.027112 0.215850 0.029770
v -0.022789 0.219683 0.034327
v -0.027809 0.215557 0.030431
v -0.024349 0.217630 0.031204
v -0.026641 0.215790 0.029585
v -0.021876 0.219698 0.032627
v -0.022566 0.219166 0.034777
v -0.019482 0.226008 0.035521
v -0.019496 0.227444 0.035178
v -0.020214 0.224565 0.035230
v -0.019901 0.227380 0.034586
v -0.020413 0.224580 0.034538
v -0.020030 0.225906 0.033905
v -0.020522 0.222973 0.033675
v -0.020281 0.223039 0.035621
v -0.020232 0.222481 0.035729
v -0.020782 0.223254 0.034351
v -0.021235 0.222014 0.034044
v -0.021005 0.221719 0.035374
v -0.021850 0.220565 0.034946
v -0.021412 0.220545 0.035331
v -0.020710 0.223206 0.035066
v -0.019841 0.224281 0.035656
v -0.019252 0.228011 0.035209
v -0.019175 0.230371 0.034661
v -0.019662 0.230251 0.034210
v -0.021186 0.220949 0.033188
v -0.021771 0.220905 0.033609
v -0.021980 0.220847 0.034296
v -0.021301 0.221947 0.034758
v -0.021876 0.216799 0.030520
v -0.025369 0.214303 0.027947
v -0.026641 0.215360 0.029146
v -0.021876 0.214303 0.027947
v -0.025837 0.214371 0.028032
v -0.026246 0.214578 0.028278
v -0.026535 0.214917 0.028667
v -0.027128 0.215290 0.029213
v -0.027026 0.214805 0.028687
v -0.026704 0.214371 0.028186
v -0.026136 0.214047 0.027791
v -0.027816 0.214791 0.029688
v -0.027700 0.213969 0.029006
v -0.027689 0.214168 0.029009
v -0.027042 0.214008 0.028186
v -0.027423 0.214525 0.028788
v -0.027540 0.215090 0.029403
v -0.025369 0.213862 0.027603
v -0.026344 0.213607 0.027692
v -0.027124 0.213610 0.028182
v -0.026305 0.213390 0.027658
v -0.027676 0.204772 0.031094
v 0.014166 0.147624 0.039257
v 0.016028 0.148420 0.038542
v 0.014568 0.146434 0.038737
v 0.016406 0.147281 0.038030
v 0.014863 0.145320 0.038015
v 0.016692 0.146220 0.037326
v 0.015041 0.144319 0.037113
v 0.016875 0.145268 0.036452
v 0.015096 0.143462 0.036060
v 0.016952 0.144455 0.035434
v 0.015027 0.142776 0.034889
v 0.016920 0.143805 0.034304
v 0.014836 0.142282 0.033637
v 0.016779 0.143337 0.033094
v 0.014528 0.141997 0.032344
v 0.016534 0.143065 0.031841
v 0.016534 0.143065 0.030023
v 0.013371 0.141458 0.030023
v 0.010053 0.140200 0.032713
v 0.010053 0.140200 0.030023
v 0.010005 0.140185 0.033344
v 0.018582 0.144369 0.031382
v 0.018594 0.144377 0.030023
v 0.020523 0.145857 0.030935
v 0.020531 0.145864 0.030023
v 0.022328 0.147510 0.030483
v 0.022332 0.147514 0.030023
v 0.023981 0.149315 0.030023
v 0.009462 0.140156 0.032713
v 0.009443 0.140140 0.033260
v 0.008916 0.140385 0.032713
v 0.008916 0.140348 0.033193
v 0.008532 0.140836 0.032713
v 0.008531 0.140767 0.033156
v 0.008394 0.141412 0.032713
v 0.008365 0.141312 0.033157
v 0.007513 0.140292 0.037083
v 0.006190 0.140121 0.037462
v 0.007462 0.140162 0.036738
v 0.006167 0.139973 0.036998
v 0.007224 0.140153 0.036220
v 0.006106 0.140007 0.036515
v 0.006992 0.140394 0.035758
v 0.006018 0.140219 0.036085
v 0.006762 0.140822 0.035472
v 0.005913 0.140577 0.035770
v 0.007513 0.140984 0.034919
v 0.008115 0.140220 0.035437
v 0.008075 0.141116 0.034130
v 0.008314 0.140610 0.034184
v 0.007782 0.140517 0.035083
v 0.008705 0.140249 0.034390
v 0.009198 0.140118 0.034643
v 0.009572 0.140211 0.034962
v 0.008507 0.140165 0.035848
v 0.008692 0.140295 0.036241
v -0.003104 0.139672 0.037711
v -0.006167 0.139973 0.036998
v -0.003102 0.139531 0.037253
v -0.006106 0.140007 0.036515
v -0.003072 0.139570 0.036768
v -0.006017 0.140219 0.036085
v -0.003027 0.139788 0.036334
v -0.005913 0.140577 0.035770
v -0.002965 0.140152 0.036015
v -0.006190 0.140121 0.037462
v 0.003103 0.139531 0.037253
v 0.003104 0.139672 0.037711
v 0.000000 0.139423 0.036853
v 0.000000 0.139643 0.036417
v 0.000000 0.140011 0.036097
v 0.002965 0.140152 0.036015
v 0.003027 0.139788 0.036334
v 0.003072 0.139570 0.036768
v 0.000000 0.139383 0.037339
v 0.000000 0.139523 0.037794
v -0.009443 0.140140 0.033260
v -0.008916 0.140348 0.033193
v -0.009198 0.140118 0.034643
v -0.008705 0.140249 0.034390
v -0.008507 0.140165 0.035848
v -0.008115 0.140220 0.035437
v -0.007462 0.140162 0.036738
v -0.007223 0.140153 0.036220
v -0.009572 0.140211 0.034961
v -0.008531 0.140767 0.033156
v -0.006992 0.140394 0.035758
v -0.007782 0.140517 0.035083
v -0.008314 0.140610 0.034184
v -0.006762 0.140822 0.035472
v -0.007513 0.140984 0.034919
v -0.008075 0.141116 0.034130
v -0.008692 0.140295 0.036241
v -0.007513 0.140292 0.037083
v -0.008365 0.141312 0.033157
v 0.006614 0.146831 0.032160
v 0.007295 0.146728 0.032062
v 0.007872 0.146522 0.031735
v 0.008259 0.146246 0.031228
v 0.008394 0.145941 0.030618
v 0.006843 0.149812 0.030689
v 0.007535 0.152897 0.029526
v 0.007436 0.149723 0.030598
v 0.007941 0.149585 0.030289
v 0.008277 0.149400 0.029819
v 0.008394 0.148329 0.029583
v 0.008290 0.152700 0.028794
v 0.007988 0.152813 0.029234
v 0.008312 0.154805 0.028315
v 0.008394 0.150778 0.028752
v 0.007001 0.152961 0.029620
v 0.007592 0.156192 0.028873
v 0.008015 0.156153 0.028592
v 0.008224 0.159550 0.028116
v 0.007758 0.159550 0.028581
v 0.008290 0.155991 0.028265
v 0.007093 0.156226 0.028970
v 0.008394 0.141412 0.030023
v 0.008394 0.141512 0.029540
v 0.008394 0.142750 0.028752
v 0.008394 0.141799 0.029128
v 0.008394 0.142233 0.028850
v 0.008767 0.142750 0.027852
v 0.009180 0.142750 0.027576
v 0.008916 0.141871 0.027889
v 0.009462 0.141788 0.027676
v 0.008916 0.141106 0.028369
v 0.009462 0.140950 0.028203
v 0.009462 0.140367 0.029025
v 0.009944 0.140940 0.028232
v 0.010025 0.140391 0.029057
v 0.009462 0.140156 0.030023
v 0.008491 0.142750 0.028265
v 0.008532 0.142034 0.028309
v 0.008532 0.141415 0.028698
v 0.008532 0.140989 0.029299
v 0.008916 0.140576 0.029117
v 0.008532 0.140836 0.030023
v 0.008916 0.140385 0.030023
v 0.009819 0.141767 0.027676
v 0.025994 0.152265 0.030549
v 0.026171 0.152876 0.031056
v 0.023618 0.149431 0.032183
v 0.023506 0.149968 0.033102
v 0.020451 0.146968 0.034318
v 0.023286 0.150618 0.033923
v 0.020297 0.147718 0.035250
v 0.020039 0.148587 0.036045
v 0.019686 0.149549 0.036679
v 0.019249 0.150577 0.037133
v 0.024988 0.150790 0.030286
v 0.023617 0.149025 0.031193
v 0.026006 0.153312 0.031843
v 0.020436 0.145916 0.032158
v 0.023155 0.148412 0.030253
v 0.025737 0.153833 0.032546
v 0.022236 0.152922 0.035445
v 0.022548 0.152179 0.035175
v 0.027225 0.156554 0.031576
v 0.025372 0.154422 0.033143
v 0.024922 0.155064 0.033615
v 0.022963 0.151362 0.034621
v 0.023487 0.148776 0.030161
v 0.020498 0.146362 0.033277
v 0.020259 0.145654 0.030996
v 0.026971 0.154694 0.031088
v 0.026330 0.153239 0.031063
v 0.025495 0.205755 0.027403
v 0.026336 0.205933 0.027495
v 0.026133 0.204772 0.027597
v 0.027011 0.205845 0.027862
v 0.026826 0.204772 0.027938
v 0.027554 0.205827 0.028411
v 0.027385 0.204772 0.028472
v 0.027916 0.205882 0.029092
v 0.027758 0.204772 0.029149
v 0.028064 0.206003 0.029840
v 0.027910 0.204772 0.029907
v 0.027984 0.206180 0.030588
v 0.027828 0.204772 0.030675
v 0.027684 0.206397 0.031267
v 0.027519 0.204772 0.031383
v 0.025919 0.206819 0.027141
v 0.026723 0.207959 0.026623
v 0.026890 0.207031 0.027198
v 0.028159 0.208005 0.030899
v 0.028378 0.207040 0.028882
v 0.028517 0.207280 0.029603
v 0.028442 0.207612 0.030297
v 0.027681 0.208025 0.026734
v 0.028280 0.207923 0.027211
v 0.027525 0.206909 0.027621
v 0.028037 0.206912 0.028201
v 0.028763 0.207983 0.027812
v 0.029082 0.208845 0.026534
v 0.027981 0.209130 0.025752
v 0.029146 0.209012 0.029772
v 0.029217 0.208554 0.029154
v 0.029085 0.208200 0.028480
v 0.029859 0.209157 0.027632
v 0.030082 0.209975 0.028722
v 0.030335 0.210873 0.028570
v 0.030399 0.210097 0.027754
v 0.029780 0.209641 0.026295
v 0.028955 0.209263 0.025893
v 0.030331 0.210206 0.026896
v 0.030525 0.210873 0.027605
v 0.027981 0.209315 0.025571
v 0.028955 0.209453 0.025706
v 0.029780 0.209847 0.026092
v 0.030331 0.210436 0.026670
v 0.030335 0.211132 0.028570
v -0.003943 0.262437 0.026031
v -0.006201 0.258560 0.027871
v -0.003653 0.264387 0.024864
v -0.005840 0.263775 0.024805
v 0.011193 0.254874 0.028306
v 0.026161 0.235205 0.027884
v 0.024484 0.231458 0.030743
v -0.018677 0.224683 0.036210
v 0.010622 0.251784 0.030199
v 0.012645 0.243627 0.033176
v 0.009423 0.245009 0.033751
v 0.010510 0.238233 0.035986
v -0.017741 0.231458 0.035136
v -0.015095 0.224683 0.037855
v -0.014335 0.231458 0.036681
v 0.019221 0.224683 0.035923
v 0.023269 0.217907 0.034447
v 0.022595 0.224683 0.033887
v 0.019898 0.238233 0.031648
v 0.018259 0.231458 0.034866
v 0.021471 0.231458 0.032954
v -0.015551 0.217907 0.038559
v -0.019238 0.217907 0.036855
v 0.019798 0.217907 0.036557
v 0.004244 0.224683 0.040547
v 0.000292 0.231458 0.039418
v 0.000308 0.224683 0.040769
v -0.004194 0.262233 0.026025
v -0.005094 0.251784 0.031688
v 0.011193 0.265335 0.021677
v 0.010201 0.264170 0.022976
v 0.021490 0.243682 0.027971
v 0.016215 0.243670 0.031550
v 0.022704 0.238233 0.029636
v 0.024779 0.239407 0.027313
v 0.023139 0.243687 0.026639
v 0.016912 0.238233 0.033387
v 0.013773 0.238233 0.034838
v -0.004969 0.244364 0.034983
v -0.005933 0.245009 0.034567
v -0.005622 0.242894 0.035452
v -0.005850 0.241184 0.036047
v -0.007155 0.231458 0.038755
v -0.010795 0.231458 0.037891
v -0.007536 0.224683 0.040064
v -0.011369 0.224683 0.039143
v 0.011193 0.259399 0.025610
v 0.008933 0.263576 0.023926
v 0.007458 0.263448 0.024546
v 0.008574 0.258560 0.027184
v 0.005840 0.263775 0.024805
v -0.022741 0.217907 0.034799
v 0.006525 0.258560 0.027791
v 0.003943 0.262437 0.026031
v 0.003653 0.264387 0.024864
v 0.003943 0.245598 0.034623
v 0.004969 0.244364 0.034983
v 0.003943 0.250143 0.032639
v 0.006410 0.245009 0.034479
v 0.005622 0.242894 0.035452
v 0.005850 0.241184 0.036047
v 0.007151 0.238233 0.036821
v 0.005522 0.239341 0.036742
v 0.004625 0.237693 0.037405
v 0.008095 0.251784 0.031019
v 0.004432 0.258560 0.028232
v 0.003943 0.254317 0.030599
v 0.005503 0.251784 0.031616
v -0.011157 0.263812 0.022756
v -0.012789 0.262841 0.022463
v -0.014034 0.258560 0.024593
v -0.016179 0.257537 0.023813
v -0.017282 0.251784 0.026710
v 0.025755 0.224683 0.031534
v -0.019299 0.251950 0.025071
v -0.019264 0.248115 0.027404
v -0.019247 0.245766 0.028627
v -0.016432 0.238233 0.033633
v -0.013272 0.238233 0.035037
v -0.014748 0.245009 0.031700
v -0.015046 0.251784 0.028123
v -0.017464 0.245009 0.030221
v -0.019215 0.240515 0.031087
v -0.019200 0.237615 0.032324
v 0.028214 0.227012 0.028734
v 0.027301 0.231077 0.028355
v 0.029513 0.217539 0.029274
v 0.026517 0.217907 0.032009
v 0.029695 0.215070 0.029350
v 0.030287 0.216976 0.027508
v 0.029403 0.219021 0.029229
v -0.003447 0.231458 0.039265
v -0.003631 0.224683 0.040607
v -0.007765 0.217907 0.040849
v -0.011714 0.217907 0.039894
v 0.028912 0.222997 0.029024
v 0.030064 0.217367 0.028460
v 0.014876 0.231458 0.036461
v -0.003943 0.245598 0.034623
v -0.003943 0.250178 0.032623
v -0.003742 0.217907 0.041412
v -0.001706 0.235679 0.038264
v 0.000000 0.235425 0.038376
v 0.016137 0.217907 0.038317
v 0.012321 0.217907 0.039711
v 0.008387 0.217907 0.040725
v 0.004373 0.217907 0.041350
v 0.000317 0.217907 0.041580
v 0.008140 0.224683 0.039945
v 0.011959 0.224683 0.038966
v 0.011355 0.231458 0.037724
v 0.015664 0.224683 0.037621
v 0.007728 0.231458 0.038643
v 0.004029 0.231458 0.039209
v 0.003297 0.236442 0.037933
v 0.001706 0.235679 0.038264
v -0.010963 0.264735 0.021743
v -0.010293 0.264178 0.022876
v -0.012187 0.258560 0.025644
v -0.019231 0.243416 0.029849
v -0.008934 0.263576 0.023925
v -0.010258 0.258560 0.026545
v -0.007459 0.263448 0.024545
v -0.008258 0.258560 0.027289
v -0.009991 0.238233 0.036137
v -0.006620 0.238233 0.036923
v -0.004625 0.237693 0.037405
v -0.003296 0.236442 0.037933
v -0.011904 0.245009 0.032924
v -0.012690 0.251784 0.029337
v -0.010233 0.251784 0.030341
v -0.007694 0.251784 0.031127
v -0.008958 0.245009 0.033883
v -0.005522 0.239341 0.036742
v -0.003943 0.254333 0.030590
v 0.005963 0.264174 0.024620
v 0.003518 0.265256 0.024672
v 0.006105 0.264608 0.024595
v 0.006105 0.264608 -0.024581
v 0.003518 0.265256 -0.024658
v 0.006105 0.267237 -0.024787
v 0.003518 0.267849 -0.024794
v 0.006105 0.272487 -0.024359
v 0.003518 0.273007 -0.024254
v 0.006105 0.277528 -0.022831
v 0.003518 0.277939 -0.022653
v 0.006105 0.282133 -0.020274
v 0.003518 0.282431 -0.020061
v 0.006105 0.286094 -0.016802
v 0.003518 0.286286 -0.016591
v 0.006105 0.289232 -0.012572
v 0.003518 0.289335 -0.012396
v 0.006105 0.291407 -0.007775
v 0.003518 0.291445 -0.007659
v 0.006105 0.292100 -0.005230
v 0.003518 0.292117 -0.005151
v 0.006105 0.292659 0.000007
v 0.003518 0.292659 0.000007
v 0.003518 0.292117 0.005165
v 0.006105 0.292100 0.005245
v 0.003518 0.290514 0.010097
v 0.006105 0.290447 0.010246
v 0.003518 0.287920 0.014588
v 0.006105 0.287775 0.014785
v 0.003518 0.284450 0.018441
v 0.006105 0.284206 0.018658
v 0.003518 0.280253 0.021489
v 0.006105 0.279898 0.021690
v 0.003518 0.275515 0.023597
v 0.006105 0.275048 0.023743
v 0.003518 0.270442 0.024674
v 0.006105 0.269873 0.024727
v 0.003518 0.267849 0.024809
v 0.006105 0.267237 0.024801
v 0.002788 0.248073 -0.013212
v 0.001509 0.248784 -0.012737
v 0.001509 0.250125 -0.014546
v 0.001509 0.251637 -0.016214
v 0.001509 0.253305 -0.017725
v -0.001509 0.253305 -0.017725
v -0.001509 0.255113 -0.019066
v -0.002788 0.252763 -0.018386
v -0.002788 0.254638 -0.019777
v -0.003643 0.251951 -0.019375
v -0.003643 0.253927 -0.020841
v -0.003943 0.250381 -0.020023
v -0.003943 0.254038 -0.022700
v -0.001509 0.261198 -0.021945
v 0.002901 0.291769 0.000007
v -0.001509 0.248784 -0.012737
v -0.002788 0.248073 -0.013212
v -0.001509 0.250125 -0.014546
v -0.003943 0.247233 -0.016764
v -0.002788 0.251032 -0.016818
v -0.001509 0.251637 -0.016214
v -0.003518 0.286286 -0.016591
v 0.001509 0.288088 -0.010806
v -0.002788 0.272499 -0.023330
v 0.002788 0.288842 -0.011209
v 0.002788 0.249464 -0.015088
v -0.001509 0.267857 -0.022932
v -0.001509 0.265609 -0.022822
v -0.002788 0.267857 -0.023787
v 0.001509 0.276636 -0.021186
v -0.002788 0.286251 -0.015088
v -0.002788 0.288842 -0.011209
v -0.003643 0.262966 -0.024584
v -0.003643 0.260579 -0.023987
v -0.003943 0.262437 -0.026016
v -0.003943 0.258095 -0.024718
v -0.001509 0.280602 -0.019066
v 0.002788 0.272499 -0.023330
v 0.001509 0.280602 -0.019066
v 0.003643 0.253927 -0.020841
v 0.003643 0.256038 -0.022106
v 0.003943 0.254038 -0.022700
v 0.003943 0.258095 -0.024718
v 0.002788 0.260950 -0.022762
v 0.002788 0.258752 -0.021976
v 0.001509 0.259079 -0.021186
v 0.001509 0.257044 -0.020224
v 0.002788 0.286251 -0.015088
v 0.001509 0.285590 -0.014546
v -0.002788 0.258752 -0.021976
v -0.001509 0.259079 -0.021186
v -0.001509 0.257044 -0.020224
v -0.002788 0.256641 -0.020977
v -0.003518 0.289335 -0.012396
v -0.003643 0.250128 -0.017722
v -0.001509 0.289809 -0.006652
v -0.002788 0.290627 -0.006900
v -0.003518 0.291445 -0.007659
v -0.001509 0.290686 -0.002241
v -0.002788 0.291537 -0.002325
v -0.003518 0.292523 -0.002586
v -0.002788 0.249464 -0.015088
v -0.003643 0.248475 -0.015899
v 0.002788 0.256641 -0.020977
v 0.002788 0.254638 -0.019777
v 0.001509 0.255113 -0.019066
v 0.001509 0.290356 -0.004468
v 0.002788 0.291194 -0.004635
v 0.001509 0.261198 -0.021945
v 0.001509 0.263382 -0.022492
v 0.002788 0.263215 -0.023330
v 0.001509 0.265609 -0.022822
v 0.002788 0.265525 -0.023673
v 0.001509 0.267857 -0.022932
v 0.002788 0.267857 -0.023787
v -0.001509 0.288088 -0.010806
v -0.001509 0.285590 -0.014546
v -0.003653 0.264387 -0.024850
v -0.003518 0.265256 -0.024658
v -0.002788 0.263215 -0.023330
v -0.002788 0.265525 -0.023673
v -0.003518 0.267849 -0.024794
v -0.003643 0.258262 -0.023158
v -0.003643 0.256038 -0.022106
v -0.001509 0.272333 -0.022492
v -0.003518 0.273007 -0.024254
v 0.001509 0.289809 -0.006652
v 0.002788 0.290627 -0.006900
v -0.002788 0.260950 -0.022762
v -0.001509 0.263382 -0.022492
v 0.003643 0.248475 -0.015899
v 0.003943 0.247233 -0.016764
v 0.003643 0.250128 -0.017722
v 0.003943 0.262437 -0.026016
v 0.003643 0.260579 -0.023987
v 0.003643 0.258262 -0.023158
v -0.002788 0.281077 -0.019777
v -0.003518 0.282431 -0.020061
v 0.003943 0.250381 -0.020023
v 0.003643 0.251951 -0.019375
v 0.002788 0.252763 -0.018386
v 0.002788 0.251032 -0.016818
v 0.001509 0.272333 -0.022492
v -0.001509 0.276636 -0.021186
v -0.002788 0.276963 -0.021976
v -0.003518 0.277939 -0.022653
v 0.002788 0.276963 -0.021976
v 0.003653 0.264387 -0.024850
v 0.002788 0.281077 -0.019777
v 0.003943 0.254333 -0.030576
v 0.003943 0.250178 -0.032608
v 0.003943 0.245598 -0.021488
v 0.003943 0.245598 -0.034609
v 0.001706 0.235679 -0.038250
v 0.000000 0.235425 -0.038362
v 0.000000 0.235425 -0.021488
v -0.001706 0.235679 -0.038250
v -0.001730 0.235686 -0.021488
v -0.003297 0.236442 -0.037919
v -0.003306 0.236448 -0.021488
v -0.004625 0.237693 -0.037391
v -0.004586 0.237642 -0.021488
v -0.005455 0.239161 -0.021488
v 0.001730 0.235686 -0.021488
v 0.003297 0.236442 -0.037919
v 0.004625 0.237693 -0.037391
v 0.003306 0.236448 -0.021488
v -0.003943 0.245598 -0.034609
v -0.003943 0.245598 -0.021488
v -0.004969 0.244364 -0.034969
v -0.005045 0.244238 -0.021488
v -0.005622 0.242894 -0.035438
v -0.005695 0.242614 -0.021488
v -0.005850 0.241184 -0.036033
v -0.005836 0.240869 -0.021488
v -0.005522 0.239341 -0.036727
v 0.004586 0.237642 -0.021488
v 0.005455 0.239161 -0.021488
v 0.005522 0.239341 -0.036727
v 0.005837 0.240869 -0.021488
v 0.005850 0.241184 -0.036033
v 0.005696 0.242614 -0.021488
v 0.005622 0.242894 -0.035438
v 0.005045 0.244238 -0.021488
v 0.004969 0.244364 -0.034969
v 0.005696 0.242614 0.021502
v 0.001730 0.235688 0.021502
v 0.005835 0.240869 0.021502
v 0.005043 0.244237 0.021502
v 0.003943 0.245598 0.021502
v 0.003306 0.236448 0.021502
v -0.005043 0.244237 0.021502
v -0.005834 0.240869 0.021502
v -0.001730 0.235688 0.021502
v -0.003943 0.245598 0.021502
v -0.005695 0.242614 0.021502
v -0.004584 0.237643 0.021502
v -0.005455 0.239161 0.021502
v 0.004584 0.237643 0.021502
v 0.005455 0.239161 0.021502
v 0.000000 0.235425 0.021502
v -0.003306 0.236448 0.021502
v -0.003943 0.250143 -0.032625
v -0.003943 0.254317 -0.030584
v -0.006105 0.264608 -0.024581
v -0.005963 0.264174 -0.024606
v -0.005840 0.263775 -0.024791
v -0.007109 0.264329 -0.024441
v -0.007300 0.263796 -0.024425
v -0.008048 0.264283 -0.024146
v -0.008610 0.263853 -0.023922
v -0.008910 0.264461 -0.023709
v -0.009713 0.264309 -0.023173
v -0.009676 0.264875 -0.023139
v -0.010505 0.265091 -0.022300
v -0.010327 0.265569 -0.022429
v -0.010832 0.266644 -0.021553
v -0.011192 0.267244 -0.020644
v -0.011124 0.268189 -0.020537
v -0.011192 0.269996 -0.019591
v -0.007469 0.263447 -0.024528
v -0.008941 0.263578 -0.023907
v -0.010203 0.264172 -0.022959
v -0.011192 0.265335 -0.021663
v -0.011192 0.287243 0.003590
v -0.010805 0.288405 0.006863
v -0.009702 0.289970 0.007385
v -0.008052 0.291017 0.007735
v -0.006105 0.291407 0.007789
v -0.008052 0.292131 -0.002609
v -0.006105 0.292519 -0.002626
v -0.008052 0.291016 -0.007721
v -0.006105 0.292519 0.002641
v -0.008052 0.266892 -0.024388
v -0.008100 0.264287 0.024138
v -0.007128 0.264326 0.024451
v -0.008052 0.266893 0.024402
v -0.011192 0.282534 0.013170
v -0.010805 0.283685 0.014795
v -0.011192 0.284682 0.010283
v -0.010805 0.286472 0.011084
v -0.009702 0.281108 -0.019172
v -0.010805 0.280170 -0.017814
v -0.009702 0.266935 -0.023286
v -0.010805 0.267001 -0.021637
v -0.009702 0.284891 0.015922
v -0.006105 0.267237 -0.024787
v -0.008052 0.277136 -0.022575
v -0.009702 0.276717 -0.021555
v -0.011192 0.279897 -0.015603
v -0.011192 0.276859 -0.017532
v -0.010805 0.289394 0.002328
v -0.009702 0.287890 -0.011914
v -0.008052 0.288838 -0.012478
v -0.009702 0.291035 0.002505
v -0.008052 0.292131 0.002623
v -0.009702 0.269437 0.023265
v -0.009702 0.266936 0.023300
v -0.008985 0.264489 0.023677
v -0.006105 0.289232 -0.012572
v -0.006105 0.291407 -0.007775
v -0.008052 0.285696 -0.016662
v -0.009702 0.284890 -0.015909
v -0.006105 0.277528 0.022846
v -0.008052 0.277137 0.022589
v -0.006105 0.272487 0.024373
v -0.008052 0.272113 0.024048
v -0.006105 0.269873 0.024727
v -0.008052 0.269512 0.024365
v -0.006105 0.267237 0.024801
v -0.006105 0.286094 -0.016802
v -0.010805 0.267002 0.021651
v -0.010805 0.269326 0.021618
v -0.010805 0.271633 0.021337
v -0.009702 0.271920 0.022962
v -0.009702 0.276718 0.021569
v -0.011192 0.286269 0.007054
v -0.011192 0.287243 -0.003576
v -0.010805 0.289394 -0.002314
v -0.010805 0.276091 0.020042
v -0.011192 0.269994 0.019605
v -0.010805 0.280170 0.017828
v -0.009702 0.281109 0.019186
v -0.009702 0.287891 0.011928
v -0.009702 0.291035 -0.002491
v -0.010805 0.283684 -0.014782
v -0.008052 0.281735 -0.020080
v -0.011192 0.282534 -0.013155
v -0.011192 0.284682 -0.010269
v -0.010805 0.286472 -0.011070
v -0.006105 0.289232 0.012587
v -0.008052 0.288838 0.012492
v -0.006105 0.286094 0.016817
v -0.008052 0.285697 0.016675
v -0.006105 0.282133 0.020289
v -0.008052 0.281736 0.020093
v -0.008052 0.272112 -0.024034
v -0.006105 0.272487 -0.024359
v -0.009702 0.271920 -0.022948
v -0.006105 0.282133 -0.020274
v -0.010805 0.271632 -0.021322
v -0.011192 0.276859 0.017546
v -0.011192 0.279897 0.015618
v -0.006105 0.264608 0.024595
v -0.006105 0.277528 -0.022831
v -0.010805 0.276090 -0.020028
v -0.010910 0.266913 0.021373
v -0.010420 0.265714 0.022313
v -0.009766 0.264947 0.023071
v -0.011192 0.286269 -0.007040
v -0.010805 0.288405 -0.006850
v -0.009702 0.289970 -0.007372
v -0.003518 0.292523 0.002600
v -0.003518 0.265256 0.024672
v -0.003518 0.267849 0.024809
v -0.003518 0.270442 0.024674
v -0.003518 0.273007 0.024268
v -0.003518 0.277939 0.022667
v -0.003518 0.282431 0.020075
v -0.003518 0.286286 0.016606
v -0.003518 0.289335 0.012410
v -0.003518 0.291445 0.007673
v 0.008060 0.264284 0.024155
v 0.008931 0.264468 0.023711
v 0.008052 0.266892 0.024402
v 0.009702 0.266935 0.023300
v 0.008052 0.269511 0.024365
v 0.009702 0.269437 0.023265
v 0.008052 0.274663 0.023454
v 0.009702 0.274356 0.022395
v 0.008052 0.279503 0.021465
v 0.009702 0.278977 0.020496
v 0.008052 0.283807 0.018491
v 0.009702 0.283087 0.017656
v 0.008052 0.287379 0.014669
v 0.009702 0.286497 0.014006
v 0.009702 0.289052 0.009713
v 0.010805 0.287552 0.009026
v 0.009702 0.290633 0.004975
v 0.010805 0.289021 0.004623
v 0.009702 0.291169 0.000008
v 0.010805 0.289518 0.000008
v 0.011193 0.287572 0.000007
v 0.011193 0.287243 -0.003576
v 0.011193 0.282534 -0.013155
v 0.011193 0.284682 -0.010269
v 0.010805 0.271633 -0.021322
v 0.007105 0.264330 0.024456
v 0.010805 0.278189 0.019045
v 0.011193 0.276859 0.017546
v 0.009702 0.266937 -0.023286
v 0.009007 0.264497 -0.023648
v 0.008052 0.266893 -0.024388
v 0.010805 0.282008 0.016407
v 0.011193 0.279897 0.015618
v 0.011193 0.282534 0.013169
v 0.009702 0.276718 -0.021555
v 0.008052 0.277138 -0.022575
v 0.010926 0.266978 -0.021314
v 0.008052 0.285697 -0.016661
v 0.008052 0.288839 -0.012477
v 0.010805 0.273896 0.020809
v 0.010805 0.285178 0.013015
v 0.008052 0.292272 0.000008
v 0.010805 0.283685 -0.014781
v 0.009702 0.284891 -0.015908
v 0.010805 0.286472 -0.011069
v 0.011193 0.286269 -0.007040
v 0.010805 0.267001 0.021651
v 0.010805 0.269325 0.021618
v 0.009702 0.290634 -0.004959
v 0.010805 0.289021 -0.004607
v 0.009702 0.287891 -0.011913
v 0.008052 0.291711 -0.005194
v 0.011193 0.273522 0.018890
v 0.011193 0.269994 0.019605
v 0.011136 0.268324 0.020472
v 0.010805 0.288405 -0.006849
v 0.009702 0.289971 -0.007371
v 0.008052 0.291017 -0.007720
v 0.009704 0.264897 0.023128
v 0.010358 0.265615 0.022402
v 0.010859 0.266730 0.021504
v 0.008052 0.291711 0.005210
v 0.010805 0.267002 -0.021637
v 0.010442 0.265750 -0.022267
v 0.009789 0.264966 -0.023035
v 0.008052 0.272113 -0.024033
v 0.009702 0.271921 -0.022947
v 0.010805 0.276091 -0.020028
v 0.011193 0.287243 0.003590
v 0.011193 0.286269 0.007054
v 0.011193 0.269994 -0.019591
v 0.008052 0.290055 0.010173
v 0.011193 0.276859 -0.017532
v 0.010805 0.280171 -0.017814
v 0.009702 0.281109 -0.019172
v 0.008052 0.281736 -0.020079
v 0.007147 0.264323 -0.024432
v 0.008121 0.264289 -0.024115
v 0.011193 0.279897 -0.015603
v 0.011193 0.267244 -0.020644
v 0.010505 0.265091 -0.022300
v 0.009713 0.264309 -0.023173
v 0.008610 0.263853 -0.023922
v 0.007300 0.263796 -0.024425
v 0.005963 0.264174 -0.024606
v 0.011193 0.265335 -0.021663
v 0.010203 0.264172 -0.022959
v 0.008941 0.263578 -0.023907
v 0.007469 0.263447 -0.024528
v 0.005840 0.263775 -0.024791
v 0.003943 0.247233 0.016778
v 0.003943 0.258095 0.024732
v 0.003943 0.254038 0.022714
v 0.003943 0.250381 0.020037
v -0.003943 0.258095 0.024732
v -0.003943 0.254037 0.022714
v -0.003943 0.250381 0.020037
v -0.003943 0.247233 0.016778
v 0.002788 0.281077 0.019791
v 0.001509 0.280602 0.019081
v 0.002788 0.276963 0.021990
v 0.001509 0.276636 0.021201
v -0.001509 0.272333 0.022506
v -0.001509 0.270106 0.022836
v -0.002788 0.270190 0.023687
v -0.001509 0.267857 0.022947
v -0.002788 0.267857 0.023801
v -0.002788 0.265525 0.023687
v 0.003643 0.262966 0.024599
v 0.003643 0.260579 0.024001
v -0.001509 0.257044 0.020238
v -0.002788 0.281077 0.019791
v -0.002788 0.286251 0.015102
v -0.002788 0.272499 0.023344
v 0.002788 0.284683 0.016832
v 0.003643 0.250128 0.017737
v 0.003643 0.248475 0.015914
v 0.003643 0.258262 0.023172
v 0.003643 0.256038 0.022120
v 0.002788 0.263215 0.023344
v 0.001509 0.289051 0.008786
v 0.002788 0.291194 0.004649
v -0.002788 0.254638 0.019791
v -0.002788 0.256641 0.020992
v -0.003643 0.253927 0.020855
v -0.001509 0.259079 0.021201
v -0.002788 0.248073 0.013227
v 0.001509 0.248784 -0.001424
v 0.003643 0.251951 0.019389
v -0.002788 0.276963 0.021990
v 0.001509 0.259079 0.021201
v 0.002788 0.260950 0.022777
v 0.001509 0.261199 0.021959
v 0.001509 0.253305 0.017740
v 0.001509 0.255113 0.019081
v 0.001509 0.257044 0.020238
v -0.001509 0.280602 0.019081
v -0.001509 0.276636 0.021201
v 0.002788 0.267857 0.023801
v 0.002788 0.270190 0.023687
v 0.001509 0.270106 0.022836
v 0.001509 0.248784 0.012752
v 0.001509 0.250125 0.014560
v -0.001509 0.250125 0.014560
v -0.001509 0.248784 0.012752
v -0.002788 0.249464 0.015102
v 0.001481 0.290824 0.000007
v -0.003643 0.251951 0.019389
v -0.003643 0.250128 0.017737
v -0.002788 0.252763 0.018400
v -0.002788 0.251032 0.016832
v -0.001509 0.253305 0.017740
v -0.001509 0.251637 0.016228
v 0.001509 0.251637 0.016228
v -0.001509 0.288088 0.010821
v -0.001509 0.285590 0.014560
v 0.003643 0.253927 0.020855
v 0.002788 0.287642 0.013227
v 0.002788 0.252763 0.018400
v 0.002788 0.254638 0.019791
v 0.002788 0.256641 0.020992
v 0.002788 0.258752 0.021990
v 0.001509 0.265609 0.022836
v 0.001509 0.267857 0.022947
v -0.001509 0.265609 0.022836
v -0.001509 0.263382 0.022506
v -0.001509 0.261199 0.021959
v -0.001509 0.255113 0.019081
v 0.002788 0.265525 0.023687
v 0.001509 0.263382 0.022506
v -0.003643 0.258262 0.023172
v -0.002788 0.260950 0.022777
v -0.003643 0.260579 0.024001
v -0.002788 0.263215 0.023344
v -0.002788 0.258752 0.021990
v -0.003643 0.256038 0.022120
v -0.001509 0.289809 0.006666
v 0.002788 0.289840 0.009113
v -0.002788 0.290627 0.006914
v -0.002788 0.288842 0.011224
v -0.002788 0.248073 -0.001424
v 0.002788 0.249464 0.015102
v 0.002788 0.251032 0.016832
v -0.003643 0.248475 0.015914
v 0.001509 0.286931 0.012752
v 0.001509 0.284078 0.016228
v 0.002788 0.248073 0.013227
v 0.001509 0.290356 0.004482
v -0.001509 0.290686 0.002256
v -0.002788 0.291537 0.002339
v -0.005963 0.264174 0.024620
v -0.011192 0.267244 0.020658
v -0.010505 0.265091 0.022315
v -0.009713 0.264309 0.023187
v -0.008610 0.263853 0.023937
v -0.007300 0.263796 0.024440
v -0.011192 0.266706 -0.004860
v -0.011192 0.267660 -0.004954
v -0.011192 0.269533 -0.004581
v -0.011192 0.270380 -0.004129
v -0.011192 0.271121 -0.003520
v -0.011192 0.265787 -0.004581
v -0.011192 0.261374 -0.020084
v -0.011192 0.260617 -0.019690
v -0.011192 0.261540 -0.024221
v -0.011192 0.262404 -0.023221
v -0.011192 0.262860 -0.001014
v -0.011192 0.246972 -0.002040
v -0.011192 0.262766 -0.000059
v -0.011192 0.272182 0.001814
v -0.011192 0.271730 0.002660
v -0.011192 0.272461 0.000896
v -0.011192 0.271121 0.003402
v -0.011192 0.270380 0.004010
v -0.011192 0.269533 0.004462
v -0.011192 0.267660 0.004835
v -0.011192 0.266706 0.004741
v -0.011192 0.246912 0.001316
v -0.011192 0.247389 0.004638
v -0.011192 0.262860 0.000896
v -0.011192 0.248389 0.007842
v -0.011192 0.263139 0.001814
v -0.011265 0.264233 0.022111
v -0.011192 0.264293 0.021522
v -0.011192 0.263911 0.020870
v -0.011192 0.263124 0.020452
v -0.011192 0.264941 -0.004129
v -0.011192 0.257569 -0.018284
v -0.011192 0.264200 -0.003520
v -0.011192 0.254784 -0.016409
v -0.011192 0.263591 -0.002778
v -0.011192 0.252334 -0.014115
v -0.011192 0.250281 -0.011459
v -0.011192 0.263139 -0.001932
v -0.011192 0.248678 -0.008511
v -0.011192 0.247565 -0.005344
v -0.011192 0.272461 -0.001014
v -0.011192 0.272182 -0.001932
v -0.011192 0.271730 -0.002778
v -0.011192 0.261972 -0.020626
v -0.011192 0.262578 -0.021928
v -0.011192 0.249887 0.010846
v -0.011192 0.251845 0.013572
v -0.011192 0.263591 0.002660
v -0.011192 0.254213 0.015952
v -0.011192 0.264200 0.003402
v -0.011192 0.256929 0.017923
v -0.011192 0.264941 0.004010
v -0.011192 0.259925 0.019436
v -0.011192 0.265787 0.004462
v 0.011193 0.267660 0.004835
v 0.011193 0.266706 0.004741
v 0.011193 0.265787 0.004462
v 0.011193 0.264941 0.004010
v 0.011193 0.264200 0.003402
v 0.011193 0.263591 0.002660
v 0.011193 0.263139 0.001814
v 0.011193 0.262860 0.000896
v 0.011193 0.262766 -0.000059
v 0.011193 0.268615 0.004741
v 0.011193 0.269533 0.004462
v 0.011193 0.270380 0.004010
v 0.011193 0.271730 0.002660
v 0.011193 0.272182 0.001814
v 0.011193 0.272461 0.000896
v 0.011193 0.272555 -0.000059
v 0.011193 0.267660 -0.004954
v 0.011193 0.268615 -0.004860
v 0.011193 0.269533 -0.004581
v 0.011193 0.270380 -0.004129
v 0.011193 0.271121 -0.003520
v 0.011193 0.271730 -0.002778
v 0.011193 0.272182 -0.001932
v 0.011193 0.272461 -0.001014
v 0.011193 0.266706 -0.004860
v 0.011193 0.265787 -0.004581
v 0.011193 0.264941 -0.004129
v 0.011193 0.264200 -0.003520
v 0.011193 0.263591 -0.002778
v 0.011193 0.263139 -0.001932
v 0.011193 0.262860 -0.001014
v -0.012580 0.263002 0.020622
v -0.012841 0.263250 0.021206
v -0.012918 0.263191 0.021886
v -0.012211 0.262518 0.020302
v -0.013027 0.261876 0.020123
v -0.013539 0.262228 0.020421
v -0.013883 0.262388 0.020994
v -0.014431 0.261339 0.020273
v -0.014675 0.261366 0.020640
v -0.013933 0.262240 0.021862
v -0.013986 0.262286 0.021665
v -0.014805 0.261303 0.021058
v -0.014102 0.261226 0.020000
v -0.013727 0.261041 0.019855
v -0.015820 0.259152 0.019433
v -0.015484 0.259081 0.019156
v -0.017110 0.257021 0.018329
v -0.016766 0.256994 0.018053
v -0.017935 0.254998 0.016689
v -0.016473 0.256708 0.017787
v -0.017599 0.254800 0.016436
v -0.016277 0.258896 0.020082
v -0.019262 0.253093 0.015255
v -0.018287 0.254980 0.016957
v -0.018548 0.254859 0.017292
v -0.017366 0.256949 0.018683
v -0.016070 0.259130 0.019797
v -0.019698 0.252770 0.015810
v -0.018717 0.254615 0.017431
v -0.017579 0.256661 0.018864
v -0.015185 0.258793 0.018935
v -0.017333 0.257092 0.022149
v -0.019698 0.252770 0.023149
v -0.019591 0.252638 0.024054
v -0.016758 0.257632 0.023064
v 0.020380 0.244609 0.027982
v 0.022634 0.244615 0.026086
v 0.019860 0.244964 0.027575
v 0.021864 0.244964 0.025245
v 0.012401 0.244946 0.032720
v 0.015199 0.244964 0.030855
v 0.012464 0.244964 0.032404
v 0.015408 0.244609 0.031129
v 0.017963 0.244609 0.029665
v 0.017594 0.244964 0.029300
v 0.023154 0.244617 0.024897
v 0.023681 0.243750 0.025839
v 0.023021 0.244615 0.025547
v 0.021978 0.244964 0.025088
v 0.022018 0.244964 0.024897
v 0.012464 0.244964 0.019332
v 0.011978 0.245060 0.019332
v 0.011978 0.245060 0.032604
v 0.011193 0.246236 0.019332
v 0.011193 0.246236 0.032404
v 0.011289 0.245749 0.032586
v 0.011565 0.245336 0.032645
v 0.011565 0.245336 0.019332
v 0.011289 0.245749 0.019332
v 0.011193 0.235486 0.004941
v 0.011193 0.238444 0.006173
v 0.011289 0.235352 0.005409
v 0.011289 0.238212 0.006601
v 0.011565 0.238014 0.006963
v 0.011565 0.240484 0.008684
v 0.011978 0.237881 0.007204
v 0.011978 0.240303 0.008892
v 0.012464 0.240239 0.008965
v 0.011978 0.242311 0.011055
v 0.012464 0.242235 0.011115
v 0.011978 0.243815 0.013596
v 0.012464 0.243728 0.013639
v 0.011978 0.244745 0.016397
v 0.012464 0.244653 0.016426
v 0.011565 0.242532 0.010891
v 0.011289 0.242863 0.010644
v 0.011289 0.244441 0.013310
v 0.011289 0.232304 0.004851
v 0.011565 0.235235 0.005804
v 0.012464 0.229316 0.005730
v 0.011978 0.229302 0.005634
v 0.012464 0.232237 0.005633
v 0.011978 0.232253 0.005537
v 0.012464 0.235125 0.006161
v 0.011289 0.245418 0.016251
v 0.011565 0.245015 0.016339
v 0.011565 0.244066 0.013481
v 0.011193 0.245896 0.016157
v 0.011193 0.244886 0.013112
v 0.011193 0.243254 0.010354
v 0.011193 0.241074 0.008005
v 0.011289 0.240754 0.008373
v 0.012464 0.237833 0.007288
v 0.011978 0.235156 0.006069
v 0.011565 0.232273 0.005262
v 0.011565 0.229264 0.005361
v 0.011193 0.232331 0.004365
v 0.011289 0.229206 0.004952
v 0.011193 0.229139 0.004470
v 0.012464 0.213853 0.007903
v 0.011978 0.213839 0.007807
v 0.011565 0.213801 0.007534
v 0.011289 0.213743 0.007125
v 0.011193 0.213675 0.006643
v 0.011109 0.213030 0.006779
v 0.011215 0.213068 0.007251
v 0.011484 0.213054 0.007655
v 0.011878 0.212989 0.007931
v 0.012339 0.212884 0.008039
v 0.012005 0.212363 0.008185
v 0.011351 0.211822 0.008527
v 0.011275 0.212215 0.008134
v 0.010388 0.211628 0.008551
v 0.010932 0.212253 0.007793
v 0.009714 0.211365 0.008573
v 0.010886 0.212466 0.007016
v 0.010246 0.211347 0.009142
v 0.010450 0.211880 0.007572
v 0.011935 0.245061 0.032919
v 0.011544 0.245341 0.032960
v 0.011284 0.245748 0.032902
v 0.011193 0.246223 0.032720
v 0.011193 0.248983 -0.006753
v 0.011193 0.226164 -0.005525
v 0.011193 0.213675 -0.011348
v 0.011193 0.244189 -0.004572
v 0.011193 0.245971 -0.004826
v 0.011193 0.260457 -0.018265
v 0.011193 0.261966 -0.019199
v 0.011193 0.247615 -0.005573
v 0.011193 0.228262 -0.004813
v 0.011193 0.230464 -0.004572
v 0.011193 0.267244 0.020658
v 0.011193 0.262945 -0.020442
v 0.011193 0.263362 -0.021782
v 0.011193 0.263262 -0.023074
v 0.011193 0.249962 -0.008263
v 0.011193 0.251826 -0.011466
v 0.011193 0.254257 -0.014264
v 0.011289 0.213881 -0.011790
v 0.011289 0.226370 -0.005966
v 0.011565 0.214056 -0.012164
v 0.011565 0.226544 -0.006340
v 0.011978 0.214172 -0.012413
v 0.011978 0.226661 -0.006590
v 0.012464 0.214213 -0.012501
v 0.012464 0.226702 -0.006678
v 0.011356 0.212763 -0.012851
v 0.012107 0.212601 -0.013253
v 0.010954 0.212601 -0.012100
v 0.009933 0.211280 -0.014702
v 0.009505 0.211280 -0.014274
v 0.010959 0.211651 -0.014019
v 0.009847 0.211465 -0.013762
v 0.010189 0.211651 -0.013249
v 0.010729 0.212042 -0.013190
v 0.017298 0.212601 -0.013253
v 0.017298 0.226702 -0.006678
v 0.012464 0.228537 -0.006055
v 0.017298 0.228537 -0.006055
v 0.012464 0.230464 -0.005843
v 0.017298 0.230464 -0.005843
v 0.017298 0.244189 -0.005843
v 0.012464 0.244189 -0.005843
v 0.017298 0.245617 -0.006048
v 0.017298 0.246930 -0.006645
v 0.017298 0.248023 -0.007586
v 0.017298 0.248807 -0.008797
v 0.012464 0.248807 -0.008797
v 0.012464 0.245615 -0.006047
v 0.012464 0.250792 -0.012206
v 0.017298 0.250876 -0.012324
v 0.012464 0.253379 -0.015185
v 0.017298 0.253599 -0.015391
v 0.015670 0.256273 -0.017492
v 0.012464 0.256478 -0.017626
v 0.012464 0.259979 -0.019444
v 0.013666 0.259335 -0.019170
v 0.018028 0.253721 -0.015672
v 0.016381 0.256585 -0.017870
v 0.018687 0.253664 -0.016107
v 0.017060 0.256623 -0.018396
v 0.019212 0.253433 -0.016653
v 0.017574 0.256471 -0.019069
v 0.019551 0.253051 -0.017258
v 0.017888 0.256115 -0.019613
v 0.015562 0.259802 -0.020702
v 0.015842 0.259619 -0.021495
v 0.015065 0.259812 -0.020001
v 0.014408 0.259651 -0.019470
v 0.019648 0.252532 -0.016543
v 0.019096 0.253093 -0.015938
v 0.018271 0.253468 -0.015533
v 0.019551 0.253051 -0.023073
v 0.018736 0.253019 -0.024829
v 0.014941 0.259557 -0.023303
v 0.019294 0.253130 -0.024022
v 0.015547 0.259703 -0.022480
v 0.019548 0.252520 -0.024065
v 0.015502 0.260045 -0.021745
v 0.015071 0.260196 -0.022336
v 0.014409 0.260185 -0.019955
v 0.014935 0.260485 -0.021189
v 0.011899 0.262224 -0.021862
v 0.011978 0.261999 -0.021187
v 0.012099 0.261549 -0.020524
v 0.012263 0.260868 -0.019922
v 0.011853 0.262064 -0.023116
v 0.011942 0.261177 -0.024069
v 0.011978 0.228516 -0.005960
v 0.011565 0.228457 -0.005691
v 0.011978 0.230464 -0.005747
v 0.011565 0.230464 -0.005471
v 0.011289 0.228367 -0.005288
v 0.011289 0.230464 -0.005058
v 0.011978 0.244189 -0.005747
v 0.011565 0.244189 -0.005471
v 0.011289 0.244189 -0.005058
v 0.011289 0.245837 -0.005294
v 0.011289 0.247353 -0.005983
v 0.011289 0.248614 -0.007070
v 0.011565 0.247131 -0.006331
v 0.011565 0.248304 -0.007342
v 0.011978 0.246982 -0.006563
v 0.011978 0.248096 -0.007523
v 0.012464 0.248023 -0.007587
v 0.011978 0.248895 -0.008756
v 0.011978 0.245644 -0.005955
v 0.012464 0.246930 -0.006645
v 0.011565 0.245722 -0.005690
v 0.011289 0.249520 -0.008467
v 0.011565 0.249146 -0.008640
v 0.011193 0.257168 -0.016557
v 0.011289 0.256904 -0.016966
v 0.011289 0.253921 -0.014616
v 0.011289 0.251430 -0.011750
v 0.011565 0.251095 -0.011990
v 0.011978 0.250870 -0.012150
v 0.011565 0.253636 -0.014915
v 0.011978 0.253446 -0.015114
v 0.011289 0.260274 -0.018716
v 0.011565 0.256680 -0.017313
v 0.011565 0.260119 -0.019099
v 0.011978 0.256531 -0.017544
v 0.011978 0.260016 -0.019354
v 0.011312 0.262385 -0.020540
v 0.011206 0.262068 -0.019555
v 0.011374 0.261733 -0.019881
v 0.011237 0.261203 -0.019032
v 0.011458 0.260958 -0.019403
v 0.011249 0.263006 -0.022308
v 0.011271 0.262838 -0.021367
v 0.011833 0.260779 -0.019675
v 0.011707 0.261470 -0.020138
v 0.011605 0.262040 -0.020743
v 0.011530 0.262429 -0.021475
v 0.011485 0.262570 -0.022289
v 0.011471 0.262419 -0.023098
v 0.011355 0.262372 -0.023587
v 0.010989 0.266095 0.021431
v 0.010505 0.265091 0.022315
v 0.007300 0.263796 0.024440
v 0.008610 0.263853 0.023937
v 0.009713 0.264309 0.023187
v 0.008224 0.175010 0.028116
v 0.008068 0.176606 0.028116
v 0.007600 0.178153 0.028116
v 0.006841 0.179576 0.028116
v 0.005818 0.180823 0.028116
v 0.004571 0.181847 0.028116
v 0.003149 0.182608 0.028116
v 0.001605 0.183076 0.028116
v 0.000000 0.183234 0.028116
v -0.001588 0.182994 0.028344
v -0.001605 0.183076 0.028116
v -0.003115 0.182531 0.028243
v -0.003149 0.182608 0.028116
v -0.004522 0.181779 0.028243
v -0.004571 0.181847 0.028116
v -0.005756 0.180766 0.028243
v -0.005818 0.180823 0.028116
v -0.006768 0.179533 0.028243
v -0.006841 0.179576 0.028116
v -0.007520 0.178126 0.028243
v -0.007600 0.178153 0.028116
v -0.007984 0.176599 0.028344
v -0.008068 0.176606 0.028116
v 0.010709 0.146935 0.040410
v 0.007315 0.145761 0.041112
v 0.003714 0.145027 0.041554
v 0.000000 0.144777 0.041705
v 0.011379 0.144254 0.039302
v 0.007571 0.144350 0.040683
v 0.003841 0.143601 0.041121
v 0.007868 0.141878 0.039052
v 0.003997 0.140171 0.038321
v 0.007898 0.140910 0.037911
v -0.007898 0.140910 0.037911
v -0.007868 0.141878 0.039052
v -0.011618 0.142104 0.037256
v -0.011389 0.140812 0.034583
v -0.011562 0.141335 0.035974
v -0.015027 0.142776 0.034889
v -0.015096 0.143462 0.036060
v 0.011562 0.141335 0.035974
v 0.011389 0.140812 0.034583
v 0.011093 0.145552 0.039988
v 0.007758 0.143039 0.039988
v 0.003933 0.142283 0.040419
v 0.000000 0.142026 0.040566
v 0.011618 0.142104 0.037256
v 0.011557 0.143089 0.038380
v -0.007757 0.143039 0.039988
v -0.011379 0.144254 0.039302
v -0.011556 0.143089 0.038380
v 0.003986 0.141125 0.039473
v 0.000000 0.139921 0.038460
v -0.003986 0.141125 0.039473
v -0.003933 0.142283 0.040419
v -0.015041 0.144319 0.037113
v -0.014863 0.145321 0.038015
v -0.014568 0.146434 0.038737
v -0.003997 0.140171 0.038321
v 0.000000 0.140870 0.039617
v -0.010708 0.146935 0.040410
v -0.007315 0.145761 0.041112
v -0.003714 0.145027 0.041554
v -0.014166 0.147624 0.039257
v -0.011093 0.145552 0.039988
v -0.007571 0.144350 0.040683
v -0.003841 0.143601 0.041121
v 0.000000 0.143346 0.041271
v -0.014836 0.142282 0.033637
v -0.016779 0.143337 0.033094
v -0.016920 0.143805 0.034304
v -0.016952 0.144455 0.035434
v -0.016875 0.145268 0.036452
v -0.016692 0.146220 0.037326
v -0.016406 0.147281 0.038030
v -0.016028 0.148420 0.038542
v -0.020451 0.146968 0.034318
v -0.020296 0.147718 0.035250
v -0.023506 0.149968 0.033102
v -0.023286 0.150618 0.033923
v -0.026006 0.153312 0.031843
v -0.025737 0.153833 0.032546
v -0.027225 0.156554 0.031576
v -0.025372 0.154422 0.033143
v -0.024922 0.155064 0.033615
v -0.022548 0.152179 0.035175
v -0.019686 0.149549 0.036679
v -0.020611 0.152071 0.036378
v -0.019249 0.150577 0.037133
v -0.023617 0.149025 0.031193
v -0.025994 0.152265 0.030549
v -0.024988 0.150790 0.030286
v -0.020039 0.148587 0.036045
v -0.020436 0.145916 0.032158
v -0.020498 0.146362 0.033277
v -0.023617 0.149431 0.032183
v -0.022963 0.151362 0.034621
v -0.023487 0.148776 0.030161
v -0.026971 0.154694 0.031088
v -0.026171 0.152876 0.031056
v -0.023890 0.152150 0.027597
v -0.024957 0.153970 0.027597
v -0.024466 0.151764 0.027938
v -0.025576 0.153658 0.027938
v -0.024930 0.151453 0.028472
v -0.026075 0.153406 0.028472
v -0.025240 0.151246 0.029149
v -0.026408 0.153238 0.029149
v -0.025366 0.151161 0.029907
v -0.026544 0.153170 0.029907
v -0.026471 0.153207 0.030675
v -0.027376 0.155395 0.030675
v -0.026954 0.155530 0.028472
v -0.026421 0.155699 0.027938
v -0.027828 0.157962 0.030675
v -0.027910 0.157962 0.029907
v -0.027454 0.155370 0.029907
v -0.027519 0.157962 0.031384
v -0.027309 0.155417 0.029149
v -0.025761 0.155910 0.027597
v -0.026133 0.157962 0.027597
v -0.026826 0.157962 0.027938
v -0.027385 0.157962 0.028472
v -0.027758 0.157962 0.029149
v -0.021876 0.213862 0.027603
v -0.020543 0.214461 0.027349
v -0.020600 0.214067 0.027025
v -0.021079 0.213903 0.027410
v -0.020543 0.213705 0.026982
v -0.021188 0.213410 0.027360
v -0.020042 0.214673 0.026548
v -0.021188 0.214340 0.027804
v -0.020042 0.214231 0.026326
v -0.019796 0.210166 0.026840
v 0.027519 0.157962 0.031383
v 0.027828 0.157962 0.030675
v 0.027910 0.157962 0.029907
v 0.027758 0.157962 0.029149
v 0.027385 0.157962 0.028472
v 0.026826 0.157962 0.027938
v 0.026133 0.157962 0.027597
v 0.027149 0.155702 0.031300
v 0.027376 0.155395 0.030675
v 0.026471 0.153207 0.030675
v 0.026544 0.153170 0.029907
v 0.025367 0.151161 0.029907
v 0.025240 0.151246 0.029149
v 0.023833 0.149439 0.029050
v 0.024930 0.151453 0.028472
v 0.023411 0.149794 0.028225
v 0.024466 0.151764 0.027938
v 0.022778 0.150324 0.027673
v 0.023890 0.152150 0.027597
v 0.027454 0.155370 0.029907
v 0.025761 0.155910 0.027597
v 0.025576 0.153658 0.027938
v 0.026075 0.153406 0.028472
v 0.026421 0.155699 0.027938
v 0.026954 0.155530 0.028472
v 0.024957 0.153970 0.027597
v 0.027309 0.155417 0.029149
v 0.026408 0.153238 0.029149
v 0.019522 0.147067 0.027673
v 0.021221 0.148624 0.027673
v 0.020052 0.146435 0.028225
v 0.021805 0.148041 0.028225
v 0.022195 0.147651 0.029050
v 0.017693 0.145664 0.027673
v 0.018167 0.144988 0.028225
v 0.020407 0.146012 0.029050
v 0.015749 0.144425 0.027673
v 0.016162 0.143710 0.028225
v 0.018483 0.144536 0.029050
v 0.012736 0.142895 0.027673
v 0.013292 0.141636 0.029050
v 0.013069 0.142140 0.028225
v 0.016438 0.143233 0.029050
v 0.008491 0.150778 0.028265
v 0.008767 0.150778 0.027852
v 0.009180 0.150778 0.027576
v 0.008569 0.155129 0.027872
v 0.008690 0.159550 0.027650
v 0.008974 0.155153 0.027588
v 0.009458 0.155182 0.027480
v 0.008690 0.175010 0.027650
v 0.001695 0.183533 0.027650
v 0.000000 0.183700 0.027650
v -0.001695 0.183533 0.027650
v -0.003325 0.183039 0.027650
v -0.004828 0.182236 0.027650
v -0.006144 0.181155 0.027650
v -0.007225 0.179838 0.027650
v -0.008028 0.178336 0.027650
v -0.008523 0.176706 0.027650
v -0.008689 0.175010 0.027650
v 0.008523 0.176706 0.027650
v 0.008028 0.178336 0.027650
v 0.007225 0.179838 0.027650
v 0.006144 0.181155 0.027650
v 0.004828 0.182236 0.027650
v 0.003325 0.183039 0.027650
v -0.008689 0.159550 0.027650
v -0.008568 0.155129 0.027872
v -0.008974 0.155153 0.027588
v -0.008767 0.150778 0.027852
v -0.009179 0.150778 0.027576
v -0.009458 0.155182 0.027480
v -0.008491 0.150778 0.028265
v -0.013069 0.142140 0.028225
v -0.013292 0.141636 0.029050
v -0.012736 0.142895 0.027673
v -0.021097 0.220652 0.032992
v -0.020437 0.220861 0.032604
v -0.021097 0.218568 0.031706
v -0.020437 0.218821 0.031345
v -0.021097 0.216650 0.030182
v -0.020437 0.216944 0.029853
v -0.021097 0.214925 0.028443
v -0.020437 0.215256 0.028151
v -0.019996 0.215752 0.027715
v -0.019996 0.217385 0.029362
v -0.019996 0.221174 0.032022
v -0.019996 0.219201 0.030804
v -0.019996 0.223278 0.032999
v -0.019662 0.235880 0.032472
v -0.019662 0.241360 0.030308
v -0.019662 0.246658 0.027730
v -0.019698 0.251704 0.024689
v -0.019698 0.252649 0.023691
v -0.019698 0.252383 0.024107
v -0.023118 0.238702 -0.003686
v -0.022197 0.236216 -0.004272
v -0.021458 0.240849 -0.002062
v -0.020959 0.235977 -0.003481
v -0.020591 0.240494 -0.001294
v -0.020132 0.235619 -0.002296
v -0.020034 0.240043 -0.000318
v -0.023657 0.236300 -0.004550
v -0.022197 0.232439 -0.005024
v -0.020959 0.232357 -0.004201
v -0.020132 0.232234 -0.002969
v -0.023657 0.232468 -0.005313
v -0.024977 0.232468 -0.005313
v -0.027059 0.222838 -0.006274
v -0.027645 0.218100 -0.006747
v -0.023657 0.214055 -0.007151
v -0.027940 0.213423 -0.007214
v -0.023625 0.213423 -0.007214
v -0.026172 0.227629 -0.005796
v -0.019829 0.213423 -0.003417
v -0.020128 0.213537 -0.004862
v -0.020132 0.213821 -0.004807
v -0.020954 0.213577 -0.006089
v -0.020959 0.213944 -0.006039
v -0.022181 0.213537 -0.006914
v -0.022197 0.214026 -0.006862
v -0.019874 0.211908 -0.007353
v -0.018543 0.211457 -0.006632
v -0.023275 0.212807 -0.007354
v -0.020273 0.212765 -0.005986
v -0.019295 0.212101 -0.004751
v -0.021356 0.212716 -0.006993
v -0.021892 0.213142 -0.006925
v -0.020727 0.213237 -0.006019
v -0.019943 0.213068 -0.004775
v -0.019688 0.212807 -0.003768
v -0.020411 0.211457 -0.008500
v -0.022291 0.212101 -0.007748
v -0.025893 0.238367 -0.006824
v -0.027428 0.233402 -0.007844
v -0.027260 0.233257 -0.006860
v -0.026733 0.233028 -0.006030
v -0.025930 0.232750 -0.005486
v -0.025334 0.237662 -0.005081
v -0.024983 0.240358 -0.005004
v -0.025813 0.238120 -0.005973
v -0.025043 0.240759 -0.005915
v -0.023675 0.239263 -0.003666
v -0.024499 0.237192 -0.004518
v -0.024506 0.239801 -0.004169
v -0.019958 0.243964 0.000466
v -0.020438 0.243782 -0.000631
v -0.021242 0.243634 -0.001525
v -0.021318 0.242669 -0.001523
v -0.020491 0.242637 -0.000639
v -0.021391 0.241729 -0.001706
v -0.020543 0.241528 -0.000865
v -0.020009 0.241275 0.000193
v -0.019983 0.242598 0.000460
v -0.008068 0.176607 -0.025558
v -0.007600 0.178153 -0.025558
v -0.006841 0.179576 -0.025558
v -0.005818 0.180823 -0.025558
v -0.004571 0.181847 -0.025558
v -0.003149 0.182608 -0.025558
v -0.001605 0.183076 -0.025558
v 0.000000 0.183234 -0.025558
v 0.001605 0.183076 -0.025558
v 0.003149 0.182608 -0.025558
v 0.004571 0.181847 -0.025558
v 0.005818 0.180823 -0.025558
v 0.006841 0.179576 -0.025558
v 0.007600 0.178153 -0.025558
v 0.008068 0.176606 -0.025558
v 0.007567 0.157611 -0.028695
v 0.008002 0.157401 -0.028494
v 0.008292 0.157098 -0.028183
v 0.008288 0.155867 -0.028637
v 0.008290 0.156523 -0.028537
v 0.007985 0.155856 -0.029091
v 0.007994 0.156685 -0.028950
v 0.007531 0.155867 -0.029394
v 0.007551 0.156807 -0.029220
v 0.008262 0.148950 -0.028429
v 0.007886 0.148938 -0.028992
v 0.007323 0.148950 -0.029368
v 0.008234 0.141233 -0.029161
v 0.008234 0.141737 -0.029054
v 0.007751 0.141916 -0.029781
v 0.008244 0.144120 -0.028640
v 0.007801 0.144225 -0.029313
v 0.008254 0.146530 -0.028431
v 0.007845 0.146572 -0.029048
v 0.007728 0.140878 -0.030061
v 0.006906 0.140426 -0.030782
v 0.007019 0.142072 -0.030265
v 0.007131 0.144325 -0.029761
v 0.007232 0.146624 -0.029461
v 0.008806 0.140233 -0.029391
v 0.009335 0.140056 -0.029588
v 0.008299 0.139947 -0.030493
v 0.006101 0.139436 -0.031604
v 0.007119 0.139917 -0.031008
v 0.007406 0.139602 -0.031419
v 0.007913 0.140309 -0.030229
v 0.008397 0.140645 -0.029273
v 0.003070 0.138984 -0.031856
v -0.006101 0.139436 -0.031604
v -0.003070 0.138984 -0.031856
v 0.000000 0.138833 -0.031941
v -0.007406 0.139602 -0.031419
v -0.008299 0.139947 -0.030493
v -0.008346 0.139712 -0.031404
v -0.008740 0.139829 -0.030871
v -0.009335 0.140056 -0.029588
v -0.009462 0.140156 -0.028259
v -0.007119 0.139917 -0.031008
v -0.008532 0.140836 -0.028259
v -0.007913 0.140309 -0.030229
v -0.008397 0.140645 -0.029273
v -0.008806 0.140233 -0.029391
v -0.008916 0.140385 -0.028259
v -0.019578 0.145099 -0.027465
v -0.022329 0.147512 -0.027465
v -0.024743 0.150264 -0.027465
v -0.026776 0.153307 -0.027465
v -0.028395 0.156590 -0.027465
v -0.029572 0.160056 -0.027465
v -0.030286 0.163645 -0.027465
v -0.014836 0.142282 -0.033623
v -0.015027 0.142776 -0.034875
v -0.015096 0.143462 -0.036046
v -0.015041 0.144319 -0.037099
v -0.014863 0.145320 -0.038001
v -0.014568 0.146434 -0.038723
v -0.014166 0.147624 -0.039242
v 0.000000 0.144777 -0.041691
v -0.003721 0.144955 -0.041525
v 0.000000 0.143346 -0.041257
v -0.003847 0.143532 -0.041078
v 0.000000 0.142026 -0.040551
v -0.003937 0.142221 -0.040363
v 0.000000 0.140870 -0.039602
v -0.003987 0.141073 -0.039406
v -0.003997 0.140130 -0.038245
v -0.007880 0.141672 -0.038829
v -0.007895 0.140747 -0.037654
v -0.011608 0.141746 -0.036710
v -0.007828 0.140060 -0.036327
v -0.011502 0.141080 -0.035375
v -0.007682 0.139637 -0.034899
v -0.011282 0.140669 -0.033954
v 0.007880 0.141672 -0.038829
v 0.011469 0.143737 -0.038921
v 0.011597 0.142643 -0.037908
v -0.003892 0.138998 -0.035493
v -0.003965 0.139429 -0.036923
v 0.000000 0.138781 -0.035695
v 0.011282 0.140669 -0.033954
v 0.007828 0.140060 -0.036327
v 0.011502 0.141080 -0.035375
v -0.007785 0.142799 -0.039809
v 0.007370 0.145480 -0.041036
v 0.003721 0.144955 -0.041525
v 0.003847 0.143532 -0.041078
v 0.003937 0.142221 -0.040363
v 0.011609 0.141746 -0.036710
v 0.007895 0.140747 -0.037654
v 0.003997 0.140130 -0.038245
v 0.003987 0.141073 -0.039406
v -0.011597 0.142643 -0.037908
v -0.011469 0.143737 -0.038921
v -0.011228 0.144983 -0.039711
v -0.007613 0.144085 -0.040554
v -0.010884 0.146337 -0.040248
v -0.007370 0.145480 -0.041036
v 0.014836 0.142282 -0.033623
v 0.015027 0.142776 -0.034875
v 0.015096 0.143462 -0.036046
v 0.015041 0.144319 -0.037099
v 0.014863 0.145320 -0.038001
v 0.011228 0.144983 -0.039711
v 0.014568 0.146434 -0.038723
v 0.010884 0.146337 -0.040248
v 0.014166 0.147624 -0.039242
v 0.007613 0.144085 -0.040554
v 0.007785 0.142799 -0.039809
v 0.007682 0.139637 -0.034899
v 0.003965 0.139429 -0.036923
v 0.000000 0.139921 -0.038446
v 0.003892 0.138998 -0.035493
v 0.000000 0.139216 -0.037127
v 0.016779 0.143337 -0.033079
v 0.016920 0.143805 -0.034289
v 0.016952 0.144455 -0.035420
v 0.016875 0.145268 -0.036438
v 0.016692 0.146220 -0.037312
v 0.016406 0.147281 -0.038015
v 0.016028 0.148420 -0.038528
v 0.030280 0.163735 -0.027996
v 0.029576 0.160281 -0.028575
v 0.029253 0.160605 -0.029657
v 0.028023 0.157605 -0.030767
v 0.028422 0.157023 -0.029510
v 0.026843 0.154028 -0.030727
v 0.026378 0.154907 -0.032130
v 0.019777 0.145300 -0.031835
v 0.019295 0.148727 -0.036672
v 0.019599 0.147779 -0.035957
v 0.018901 0.149755 -0.037212
v 0.024351 0.152527 -0.033636
v 0.030225 0.165569 -0.028720
v 0.030025 0.163867 -0.028917
v 0.022498 0.148966 -0.033620
v 0.022593 0.147946 -0.031639
v 0.019903 0.146232 -0.034090
v 0.019894 0.145681 -0.032995
v 0.024934 0.150563 -0.030303
v 0.024860 0.151334 -0.032131
v 0.021973 0.150468 -0.035183
v 0.019803 0.146939 -0.035087
v 0.030457 0.165509 -0.027851
v 0.026885 0.153497 -0.029092
v 0.030525 0.210565 -0.027465
v 0.028955 0.210565 -0.025115
v 0.029780 0.210565 -0.025667
v 0.030331 0.210565 -0.026492
v 0.021191 0.210845 -0.024777
v 0.020238 0.209330 -0.024704
v 0.019142 0.207969 -0.024687
v 0.017945 0.206622 -0.024734
v 0.020483 0.211093 -0.024359
v 0.019947 0.211280 -0.023715
v 0.019644 0.211387 -0.022919
v 0.019636 0.209716 -0.024228
v 0.018694 0.208646 -0.024123
v -0.028955 0.167298 -0.025115
v -0.029780 0.167298 -0.025667
v -0.030331 0.167298 -0.026492
v -0.024589 0.150382 -0.026492
v -0.022193 0.147649 -0.026492
v -0.024152 0.150717 -0.025667
v -0.021803 0.148039 -0.025667
v -0.023497 0.151220 -0.025115
v -0.021219 0.148622 -0.025115
v -0.028729 0.163850 -0.025115
v -0.027707 0.156875 -0.025667
v -0.028216 0.156664 -0.026492
v -0.026609 0.153404 -0.026492
v -0.026944 0.157191 -0.025115
v -0.026131 0.153680 -0.025667
v -0.025416 0.154092 -0.025115
v -0.018622 0.146345 -0.025115
v -0.015749 0.144425 -0.025115
v -0.016162 0.143710 -0.025667
v -0.030094 0.163671 -0.026492
v -0.029385 0.160106 -0.026492
v -0.029547 0.163743 -0.025667
v -0.028852 0.160248 -0.025667
v -0.019124 0.145690 -0.025667
v -0.028055 0.160462 -0.025115
v -0.016438 0.143233 -0.026492
v -0.019460 0.145252 -0.026492
v -0.012736 0.142895 -0.025115
v -0.013069 0.142140 -0.025667
v -0.013292 0.141636 -0.026492
v -0.008491 0.158511 -0.025707
v -0.008767 0.158511 -0.025294
v -0.009180 0.158511 -0.025018
v -0.008561 0.160358 -0.025329
v -0.008960 0.160412 -0.025038
v -0.009438 0.160477 -0.024923
v -0.008690 0.162364 -0.025092
v -0.008690 0.175010 -0.025092
v 0.001695 0.183533 -0.025092
v 0.000000 0.183700 -0.025092
v -0.001695 0.183533 -0.025092
v -0.003325 0.183039 -0.025092
v -0.004828 0.182236 -0.025092
v -0.006144 0.181155 -0.025092
v -0.007225 0.179838 -0.025092
v -0.008028 0.178336 -0.025092
v -0.008523 0.176706 -0.025092
v 0.008690 0.175010 -0.025092
v 0.008523 0.176706 -0.025092
v 0.008028 0.178336 -0.025092
v 0.007225 0.179838 -0.025092
v 0.006144 0.181155 -0.025092
v 0.004828 0.182236 -0.025092
v 0.003325 0.183039 -0.025092
v 0.008690 0.162364 -0.025092
v 0.009180 0.158511 -0.025018
v 0.008561 0.160358 -0.025329
v 0.008767 0.158511 -0.025294
v 0.008491 0.158511 -0.025707
v 0.013292 0.141636 -0.026492
v 0.013069 0.142140 -0.025667
v 0.012736 0.142895 -0.025115
v 0.028689 0.211841 -0.025381
v 0.029492 0.211946 -0.025955
v 0.030331 0.211386 -0.026942
v 0.028955 0.212547 -0.026202
v 0.028377 0.212347 -0.025693
v 0.029780 0.212082 -0.026498
v 0.029002 0.212718 -0.029023
v 0.021412 0.211661 -0.024957
v 0.019793 0.212075 -0.022738
v 0.020035 0.212211 -0.023695
v 0.020586 0.211881 -0.024451
v -0.006427 0.245009 -0.034461
v -0.005518 0.251784 -0.031599
v -0.008107 0.251784 -0.031002
v -0.006535 0.258560 -0.027774
v -0.008582 0.258560 -0.027167
v -0.015407 0.251784 -0.027899
v -0.012485 0.258560 -0.025473
v -0.010569 0.258560 -0.026398
v 0.005069 0.251784 -0.031678
v 0.003597 0.224683 -0.040596
v 0.007119 0.231458 -0.038747
v 0.007499 0.224683 -0.040056
v 0.006179 0.258560 -0.027862
v 0.011673 0.217907 -0.039892
v -0.015189 0.245009 -0.031467
v -0.017880 0.245009 -0.029951
v -0.025758 0.224683 -0.031518
v -0.019808 0.217907 -0.036537
v -0.023276 0.217907 -0.034429
v -0.019231 0.224683 -0.035903
v -0.000321 0.231458 -0.039403
v -0.004054 0.231458 -0.039192
v 0.015015 0.251784 -0.028127
v 0.018632 0.247539 -0.028163
v 0.017429 0.245009 -0.030229
v 0.018584 0.244131 -0.029923
v 0.018539 0.240151 -0.031715
v 0.003415 0.231458 -0.039254
v 0.010757 0.231458 -0.037887
v 0.009956 0.238233 -0.036133
v 0.014295 0.231458 -0.036682
v 0.013234 0.238233 -0.035037
v 0.005904 0.245009 -0.034558
v -0.004444 0.258560 -0.028216
v -0.003915 0.264314 -0.024843
v -0.026520 0.217907 -0.031992
v -0.022601 0.224683 -0.033869
v -0.021477 0.231458 -0.032936
v -0.024486 0.231458 -0.030727
v -0.022706 0.238233 -0.029620
v 0.014008 0.258560 -0.024595
v 0.016826 0.256309 -0.024061
v 0.017250 0.251784 -0.026718
v 0.012162 0.258560 -0.025643
v 0.012660 0.251784 -0.029337
v 0.010233 0.258560 -0.026541
v 0.008235 0.258560 -0.027283
v -0.010826 0.266098 -0.021525
v 0.011329 0.224683 -0.039140
v 0.015052 0.224683 -0.037857
v 0.015507 0.217907 -0.038562
v 0.011871 0.245009 -0.032923
v 0.014713 0.245009 -0.031702
v 0.010204 0.251784 -0.030338
v -0.004400 0.217907 -0.041333
v -0.004270 0.224683 -0.040530
v -0.000348 0.217907 -0.041566
v -0.000338 0.224683 -0.040755
v 0.003707 0.217907 -0.041401
v 0.007727 0.217907 -0.040842
v -0.010526 0.238233 -0.035967
v -0.011372 0.231458 -0.037705
v -0.013786 0.238233 -0.034819
v -0.014890 0.231458 -0.036442
v -0.016921 0.238233 -0.033368
v -0.018268 0.231458 -0.034847
v -0.019903 0.238233 -0.031630
v -0.012367 0.245009 -0.032732
v 0.008926 0.245009 -0.033877
v 0.007667 0.251784 -0.031120
v 0.003943 0.258385 -0.028296
v 0.001813 0.235415 -0.038313
v 0.006059 0.240346 -0.036283
v -0.000028 0.235078 -0.038453
v -0.008162 0.224683 -0.039926
v -0.007749 0.231458 -0.038625
v -0.011977 0.224683 -0.038946
v -0.016151 0.217907 -0.038297
v -0.015678 0.224683 -0.037601
v -0.012340 0.217907 -0.039691
v -0.008410 0.217907 -0.040706
v -0.020418 0.245009 -0.028197
v -0.017621 0.251784 -0.026457
v -0.014315 0.258560 -0.024401
v 0.016393 0.238233 -0.033638
v 0.017700 0.231458 -0.035144
v 0.018438 0.224166 -0.036412
v 0.006588 0.238233 -0.036915
v -0.013072 0.251784 -0.029144
v -0.010632 0.251784 -0.030181
v -0.009438 0.245009 -0.033733
v -0.007171 0.238233 -0.036803
v 0.018463 0.229947 -0.035147
v 0.018498 0.235404 -0.033510
v 0.019509 0.219884 -0.036018
v 0.019052 0.219195 -0.036685
v 0.020101 0.219259 -0.035245
v 0.019458 0.248688 -0.026587
v 0.019458 0.244633 -0.028734
v 0.019458 0.231814 -0.033687
v 0.019458 0.222865 -0.035687
v 0.019458 0.227370 -0.034823
v 0.019458 0.236182 -0.032290
v 0.019458 0.240460 -0.030636
v 0.019648 0.249610 -0.013252
v 0.019648 0.250990 -0.014969
v 0.019648 0.248403 -0.011408
v 0.019648 0.247382 -0.009455
v 0.019096 0.248131 -0.009109
v 0.018271 0.252020 -0.014055
v 0.019096 0.251608 -0.014421
v 0.018271 0.250723 -0.012443
v 0.019096 0.250277 -0.012767
v 0.018271 0.249590 -0.010711
v 0.018271 0.248632 -0.008878
v 0.019096 0.249115 -0.010991
v 0.018271 0.246826 -0.006808
v 0.018271 0.245563 -0.006234
v 0.018271 0.244189 -0.006037
v 0.019648 0.246840 -0.008619
v 0.019096 0.245408 -0.006763
v 0.019096 0.246529 -0.007273
v 0.019648 0.244189 -0.007414
v 0.019648 0.245176 -0.007555
v 0.019096 0.244189 -0.006589
v 0.018271 0.247877 -0.007714
v 0.019648 0.246084 -0.007968
v 0.019096 0.247461 -0.008076
v 0.018271 0.230464 -0.006037
v 0.019648 0.230464 -0.007414
v 0.019096 0.230464 -0.006589
v 0.019648 0.228877 -0.007588
v 0.019096 0.228699 -0.006782
v 0.018271 0.228579 -0.006244
v 0.018271 0.226783 -0.006853
v 0.019648 0.227365 -0.008101
v 0.019096 0.227017 -0.007353
v 0.019648 0.213264 -0.014676
v 0.019096 0.212915 -0.013928
v 0.018271 0.212682 -0.013429
v 0.018755 0.212218 -0.014068
v 0.017590 0.212006 -0.013662
v 0.019567 0.212783 -0.014835
v 0.017298 0.211530 -0.014192
v 0.017956 0.211641 -0.014181
v 0.019648 0.212702 -0.015559
v 0.019009 0.211964 -0.014775
v 0.019096 0.211877 -0.015559
v 0.018271 0.211325 -0.015559
v 0.018190 0.211406 -0.014835
v 0.019096 0.210680 -0.022509
v 0.019096 0.211336 -0.021281
v 0.018271 0.210827 -0.021070
v 0.019096 0.211740 -0.019948
v 0.018271 0.211200 -0.019841
v 0.019096 0.211877 -0.018562
v 0.018271 0.211325 -0.018562
v 0.019648 0.212702 -0.018562
v 0.019648 0.212550 -0.020109
v 0.017298 0.206007 -0.024801
v 0.017298 0.207204 -0.024438
v 0.019648 0.212098 -0.021597
v 0.018271 0.209406 -0.023196
v 0.017298 0.209269 -0.023059
v 0.018271 0.210221 -0.022203
v 0.017298 0.210061 -0.022094
v 0.017298 0.210648 -0.020994
v 0.017298 0.211011 -0.019797
v 0.017298 0.208304 -0.023851
v 0.020035 0.213239 -0.024338
v 0.020035 0.214034 -0.025254
v 0.020586 0.212703 -0.024966
v 0.020586 0.213338 -0.025697
v 0.021412 0.212344 -0.025385
v 0.021412 0.212874 -0.025994
v 0.019841 0.213871 -0.023599
v 0.019841 0.216274 -0.026663
v 0.020035 0.215551 -0.027320
v 0.020586 0.214919 -0.027851
v 0.021412 0.214497 -0.028205
v -0.026135 0.229388 -0.009337
v -0.026135 0.230464 -0.009231
v -0.026135 0.231540 -0.009337
v -0.026135 0.232575 -0.009651
v -0.026135 0.233528 -0.010161
v -0.026135 0.225879 -0.011682
v -0.026135 0.225369 -0.012636
v -0.026135 0.235874 -0.013671
v -0.026135 0.225055 -0.013671
v -0.026135 0.226564 -0.010847
v -0.026135 0.227400 -0.010161
v -0.026135 0.228354 -0.009651
v -0.026135 0.234364 -0.010847
v -0.026135 0.235050 -0.011682
v -0.026135 0.235560 -0.012636
v -0.023914 0.243667 -0.015255
v -0.026660 0.236008 -0.012636
v -0.026952 0.235050 -0.010714
v -0.027346 0.233345 -0.009090
v -0.027712 0.232354 -0.008461
v -0.028001 0.231237 -0.008054
v -0.027107 0.228006 -0.005960
v -0.028006 0.223202 -0.006439
v -0.028616 0.218352 -0.006923
v -0.028914 0.213474 -0.007404
v -0.029740 0.213556 -0.007952
v -0.029446 0.218487 -0.007482
v -0.030291 0.213656 -0.008775
v -0.027921 0.228238 -0.006508
v -0.028734 0.227582 -0.008173
v -0.029370 0.223554 -0.007828
v -0.028455 0.228438 -0.007341
v -0.029990 0.218622 -0.008321
v -0.028258 0.230107 -0.007864
v -0.028535 0.228833 -0.007880
v -0.028830 0.223386 -0.006993
v -0.030307 0.212986 -0.009121
v -0.029760 0.212358 -0.008553
v -0.029638 0.211833 -0.009311
v -0.028861 0.211440 -0.008956
v -0.027939 0.211302 -0.008831
v -0.029638 0.213060 -0.007955
v -0.028927 0.211938 -0.008172
v -0.028861 0.212668 -0.007599
v -0.027939 0.211790 -0.008038
v -0.027939 0.212530 -0.007474
v 0.027974 0.210091 0.024607
v 0.027958 0.210665 0.023511
v 0.027945 0.211015 0.022333
v 0.030224 0.215342 0.028525
v 0.029892 0.219539 0.028391
v 0.029345 0.223708 0.028169
v 0.028588 0.227837 0.027862
v 0.027631 0.231916 0.027473
v 0.026484 0.235935 0.027005
v 0.028967 0.210258 0.024720
v 0.029802 0.210740 0.025030
v 0.030347 0.211455 0.025496
v 0.029768 0.211907 0.021120
v 0.030313 0.212760 0.021120
v 0.030318 0.212613 0.022648
v 0.030332 0.212174 0.024124
v 0.029786 0.211382 0.023806
v 0.028932 0.211333 0.021120
v 0.029773 0.211774 0.022487
v 0.028951 0.210849 0.023596
v 0.028938 0.211211 0.022381
v -0.026135 0.230464 -0.014747
v 0.025922 0.230464 0.014761
v 0.026009 0.236022 0.013655
v 0.026008 0.235702 0.012591
v 0.025922 0.225794 0.011640
v 0.025922 0.226492 0.010789
v 0.026006 0.235180 0.011610
v 0.025922 0.225275 0.012611
v 0.025922 0.227344 0.010090
v 0.025922 0.229368 0.009252
v 0.025922 0.230464 0.009144
v 0.025922 0.234436 0.010789
v 0.025922 0.224955 0.013665
v 0.026013 0.235235 0.017828
v 0.026008 0.234472 0.018769
v 0.025922 0.228315 0.009571
v 0.025922 0.233585 0.010090
v 0.025922 0.230464 0.020378
v 0.025922 0.229368 0.020270
v 0.025922 0.231560 0.009252
v 0.025922 0.232614 0.009571
v 0.025922 0.231560 0.020270
v 0.025922 0.224847 0.014761
v 0.026008 0.227315 0.019474
v 0.025922 0.226492 0.018733
v 0.025922 0.236081 0.014761
v 0.025922 0.225794 0.017882
v 0.025922 0.225275 0.016910
v 0.025922 0.232614 0.019950
v 0.026008 0.228295 0.019998
v 0.025922 0.224955 0.015857
v 0.025922 0.235654 0.016910
v 0.025922 0.235973 0.015857
v 0.025922 0.233585 0.019431
v 0.027774 0.232121 0.021071
v 0.027481 0.233209 0.020485
v 0.028080 0.230919 0.021453
v 0.029472 0.224115 0.018837
v 0.029330 0.224966 0.019802
v 0.029576 0.223458 0.017724
v 0.027212 0.234163 0.019720
v 0.028669 0.228369 0.021505
v 0.028384 0.229647 0.021603
v 0.028926 0.227131 0.021162
v 0.029147 0.225986 0.020588
v 0.026976 0.234972 0.018788
v 0.026650 0.236041 0.016524
v 0.026584 0.236251 0.015270
v 0.026784 0.235607 0.017712
v 0.029642 0.223023 0.016521
v 0.029672 0.222816 0.015270
v 0.026733 0.235772 0.012187
v 0.026920 0.235158 0.011006
v 0.026618 0.236145 0.013453
v 0.026579 0.236270 0.014761
v 0.027167 0.234321 0.009958
v 0.027459 0.233290 0.009092
v 0.028104 0.230823 0.008048
v 0.028120 0.230644 0.007697
v 0.027778 0.232105 0.008444
v 0.028711 0.228177 0.008053
v 0.029190 0.225754 0.009086
v 0.029369 0.224740 0.009943
v 0.029505 0.223915 0.010977
v 0.028969 0.226916 0.008447
v 0.029656 0.222925 0.013433
v 0.029675 0.222798 0.014761
v 0.029600 0.223302 0.012155
v 0.025922 0.235973 0.013665
v 0.025922 0.235654 0.012611
v 0.026008 0.225751 0.011612
v 0.026008 0.226456 0.010753
v 0.025922 0.235135 0.011640
v 0.026008 0.225227 0.012592
v 0.026008 0.227315 0.010048
v 0.026008 0.229358 0.009201
v 0.026008 0.230464 0.009093
v 0.026007 0.234474 0.010751
v 0.026008 0.224905 0.013655
v 0.025922 0.235135 0.017882
v 0.025922 0.234436 0.018733
v 0.026008 0.228295 0.009524
v 0.026008 0.233614 0.010047
v 0.026008 0.230464 0.020429
v 0.026008 0.229358 0.020320
v 0.026008 0.231570 0.009202
v 0.026008 0.232633 0.009524
v 0.026008 0.231570 0.020320
v 0.026008 0.224796 0.014761
v 0.025922 0.227344 0.019431
v 0.026008 0.226456 0.018769
v 0.026007 0.236134 0.014761
v 0.026008 0.225751 0.017910
v 0.026008 0.225227 0.016930
v 0.026008 0.232633 0.019998
v 0.025922 0.228315 0.019950
v 0.026008 0.224905 0.015867
v 0.026005 0.236028 0.015868
v 0.026008 0.233613 0.019474
v 0.026010 0.235670 0.017025
v 0.025922 0.235533 0.016860
v 0.025922 0.235026 0.017809
v -0.026220 0.236134 -0.014747
v -0.026221 0.236023 -0.013641
v -0.026135 0.229369 -0.009239
v -0.026221 0.228295 -0.009511
v -0.026135 0.230464 -0.009131
v -0.026135 0.231560 -0.009239
v -0.026221 0.232633 -0.009510
v -0.026222 0.226457 -0.010740
v -0.026135 0.227344 -0.010077
v -0.026221 0.235176 -0.011598
v -0.026135 0.235653 -0.012597
v -0.026222 0.233612 -0.010035
v -0.026135 0.234435 -0.010776
v -0.026135 0.225276 -0.012597
v -0.026135 0.224956 -0.013651
v -0.026135 0.225795 -0.011627
v -0.026221 0.224797 -0.014747
v -0.026135 0.224956 -0.015842
v -0.026221 0.225752 -0.017895
v -0.026135 0.225276 -0.016896
v -0.026221 0.228296 -0.019983
v -0.026135 0.227344 -0.019416
v -0.026135 0.229369 -0.020255
v -0.026221 0.232633 -0.019983
v -0.026221 0.231570 -0.020305
v -0.026221 0.230464 -0.020414
v -0.026221 0.233613 -0.019459
v -0.026219 0.236026 -0.015853
v -0.026219 0.235703 -0.016916
v -0.026221 0.235177 -0.017896
v -0.026221 0.234472 -0.018754
v -0.026221 0.226457 -0.018754
v 0.027609 0.232043 0.020988
v 0.027316 0.233119 0.020417
v 0.027915 0.230858 0.021357
v 0.029301 0.224189 0.018763
v 0.029159 0.225021 0.019712
v 0.029404 0.223547 0.017670
v 0.026703 0.234065 0.019667
v 0.028503 0.228353 0.021394
v 0.028219 0.229607 0.021497
v 0.028759 0.227140 0.021051
v 0.028978 0.226019 0.020485
v 0.026465 0.234870 0.018750
v 0.026128 0.235954 0.016515
v 0.026268 0.235509 0.017690
v 0.029470 0.223121 0.016489
v 0.029501 0.222919 0.015257
v 0.026559 0.235674 0.012205
v 0.026746 0.235062 0.011035
v 0.026444 0.236046 0.013462
v 0.026997 0.234225 0.010006
v 0.027293 0.233200 0.009158
v 0.027938 0.230763 0.008145
v 0.028254 0.229454 0.008024
v 0.027613 0.232027 0.008527
v 0.028544 0.228164 0.008164
v 0.029021 0.225793 0.009187
v 0.029198 0.224800 0.010029
v 0.029333 0.223993 0.011045
v 0.028801 0.226930 0.008556
v 0.029484 0.223025 0.013457
v 0.029503 0.222901 0.014765
v 0.029428 0.223394 0.012202
v 0.026096 0.236070 0.013646
v 0.026093 0.235751 0.012570
v 0.026094 0.225708 0.011583
v 0.026094 0.226420 0.010716
v 0.026090 0.235226 0.011579
v 0.026094 0.225180 0.012572
v 0.026094 0.227287 0.010005
v 0.026094 0.229348 0.009151
v 0.026094 0.230464 0.009041
v 0.026091 0.234513 0.010713
v 0.026094 0.224854 0.013645
v 0.026106 0.235330 0.017774
v 0.026094 0.234509 0.018805
v 0.026094 0.228275 0.009476
v 0.026093 0.233643 0.010004
v 0.026094 0.230464 0.020481
v 0.026094 0.229348 0.020371
v 0.026094 0.231580 0.009151
v 0.026095 0.232653 0.009477
v 0.026094 0.231580 0.020371
v 0.026094 0.224744 0.014761
v 0.026094 0.227286 0.019517
v 0.026094 0.226420 0.018806
v 0.026091 0.236190 0.014762
v 0.026094 0.225708 0.017939
v 0.026094 0.225180 0.016950
v 0.026094 0.232653 0.020045
v 0.026094 0.228275 0.020045
v 0.026094 0.224854 0.015877
v 0.026085 0.236088 0.015880
v 0.026094 0.233642 0.019517
v 0.026099 0.235686 0.017139
v -0.026135 0.236080 -0.014747
v -0.026135 0.235972 -0.013651
v -0.028954 0.226571 -0.008560
v -0.028818 0.227585 -0.008117
v -0.026221 0.229359 -0.009188
v -0.026135 0.228315 -0.009558
v -0.026221 0.230464 -0.009079
v -0.026221 0.231570 -0.009188
v -0.026135 0.232613 -0.009558
v -0.027918 0.231204 -0.008101
v -0.028175 0.230085 -0.007915
v -0.026135 0.226493 -0.010776
v -0.026221 0.227316 -0.010035
v -0.026135 0.235134 -0.011627
v -0.026222 0.235700 -0.012578
v -0.026135 0.233584 -0.010077
v -0.026569 0.235967 -0.012641
v -0.026864 0.235005 -0.010729
v -0.027431 0.233390 -0.009061
v -0.027630 0.232313 -0.008501
v -0.026222 0.234471 -0.010740
v -0.026221 0.225228 -0.012578
v -0.026222 0.224906 -0.013641
v -0.026221 0.225752 -0.011598
v -0.028451 0.228820 -0.007934
v -0.026135 0.224848 -0.014747
v -0.026468 0.236290 -0.014747
v -0.029240 0.225015 -0.009618
v -0.029442 0.223804 -0.011077
v -0.029480 0.224069 -0.018899
v -0.029586 0.223396 -0.017774
v -0.029335 0.224935 -0.019871
v -0.026221 0.224906 -0.015852
v -0.026135 0.225795 -0.017867
v -0.026221 0.225228 -0.016915
v -0.026135 0.228315 -0.019935
v -0.026221 0.227316 -0.019459
v -0.028669 0.228373 -0.021571
v -0.028927 0.227129 -0.021233
v -0.028380 0.229665 -0.021665
v -0.026221 0.229359 -0.020305
v -0.029567 0.222994 -0.016524
v -0.026135 0.232613 -0.019935
v -0.026135 0.231560 -0.020255
v -0.027767 0.232145 -0.021126
v -0.028074 0.230944 -0.021510
v -0.026135 0.230464 -0.020363
v -0.027475 0.233232 -0.020540
v -0.026135 0.233584 -0.019416
v -0.027202 0.234199 -0.019766
v -0.029687 0.222714 -0.014747
v -0.029685 0.222732 -0.015255
v -0.026135 0.235972 -0.015842
v -0.029561 0.223031 -0.012833
v -0.026135 0.235653 -0.016896
v -0.026135 0.235134 -0.017867
v -0.026135 0.234435 -0.018718
v -0.026767 0.235664 -0.017731
v -0.026962 0.235017 -0.018825
v -0.026631 0.236103 -0.016527
v -0.026564 0.236316 -0.015255
v -0.029151 0.225967 -0.020658
v -0.026135 0.226493 -0.018718
v -0.001578 0.167025 0.041822
v -0.003095 0.167482 0.041636
v 0.001577 0.167025 0.041822
v 0.000000 0.166870 0.041852
v 0.004514 0.168237 0.041608
v 0.003101 0.167484 0.041737
v 0.007527 0.171910 0.041169
v 0.006775 0.170498 0.041300
v 0.005756 0.169255 0.041454
v 0.007520 0.178126 0.028243
v 0.007984 0.176599 0.028243
v 0.007524 0.178117 0.041069
v 0.007986 0.176587 0.041083
v 0.006768 0.179533 0.028243
v 0.008140 0.175010 0.041053
v 0.007986 0.173433 0.041083
v 0.008140 0.175010 0.028243
v 0.007873 0.172944 0.028506
v -0.004134 0.167998 0.028853
v -0.002143 0.167157 0.028853
v -0.005834 0.169334 0.028853
v -0.008141 0.175017 0.028344
v -0.007874 0.172948 0.028608
v -0.007125 0.171075 0.028853
v 0.002143 0.167157 0.028853
v 0.004134 0.167998 0.028752
v 0.000000 0.166870 0.028752
v 0.000000 0.183150 0.041852
v -0.001577 0.182996 0.041822
v 0.005834 0.169334 0.028752
v 0.007123 0.171070 0.028752
v 0.000000 0.183150 0.028243
v 0.001588 0.182994 0.028243
v 0.001577 0.182996 0.041822
v 0.003101 0.182537 0.041737
v 0.005756 0.180766 0.028243
v 0.006775 0.179523 0.041300
v -0.007984 0.176599 0.028243
v 0.005756 0.180766 0.041454
v -0.001588 0.182994 0.028243
v 0.004522 0.181779 0.028243
v 0.003115 0.182531 0.028243
v 0.004514 0.181784 0.041608
v -0.004513 0.181785 0.041608
v -0.003101 0.182537 0.041737
v -0.005756 0.180766 0.041454
v -0.006774 0.179523 0.041300
v -0.007524 0.178117 0.041069
v -0.007985 0.176591 0.040982
v -0.008140 0.175010 0.040951
v -0.004506 0.168232 0.041507
v -0.007524 0.171904 0.041069
v -0.007985 0.173430 0.040982
v -0.005749 0.169248 0.041353
v -0.006770 0.170490 0.041199
v -0.003115 0.182531 0.028344
v -0.004522 0.181779 0.028344
v -0.005756 0.180766 0.028344
v -0.006768 0.179533 0.028344
v -0.007520 0.178126 0.028344
v -0.026306 0.236078 -0.013630
v -0.028868 0.226581 -0.008614
v -0.028650 0.227580 -0.008229
v -0.026308 0.229349 -0.009137
v -0.026308 0.228276 -0.009462
v -0.026308 0.230464 -0.009027
v -0.026308 0.231580 -0.009137
v -0.026307 0.232654 -0.009461
v -0.027834 0.231172 -0.008147
v -0.028090 0.230062 -0.007966
v -0.026309 0.226421 -0.010703
v -0.026308 0.227287 -0.009992
v -0.026308 0.235220 -0.011568
v -0.026307 0.235750 -0.012558
v -0.026310 0.233640 -0.009993
v -0.026475 0.235930 -0.012645
v -0.026774 0.234961 -0.010743
v -0.027260 0.233300 -0.009119
v -0.027547 0.232272 -0.008542
v -0.026309 0.234508 -0.010704
v -0.026308 0.225180 -0.012558
v -0.026309 0.224856 -0.013631
v -0.026308 0.225709 -0.011569
v -0.028367 0.228807 -0.007988
v -0.026308 0.224746 -0.014747
v -0.026376 0.236247 -0.014746
v -0.029153 0.225041 -0.009664
v -0.029355 0.223844 -0.011110
v -0.029308 0.224143 -0.018825
v -0.029413 0.223485 -0.017720
v -0.029164 0.224990 -0.019780
v -0.026308 0.224855 -0.015862
v -0.026308 0.225709 -0.017924
v -0.026308 0.225180 -0.016935
v -0.026308 0.228276 -0.020031
v -0.026308 0.227287 -0.019502
v -0.028502 0.228356 -0.021460
v -0.028758 0.227137 -0.021123
v -0.028214 0.229624 -0.021559
v -0.026308 0.229349 -0.020356
v -0.029481 0.223044 -0.016508
v -0.026308 0.232653 -0.020030
v -0.026308 0.231580 -0.020356
v -0.027602 0.232066 -0.021042
v -0.027908 0.230882 -0.021413
v -0.026308 0.230464 -0.020466
v -0.027308 0.233141 -0.020472
v -0.026308 0.233642 -0.019502
v -0.027034 0.234101 -0.019713
v -0.029514 0.222817 -0.014753
v -0.029512 0.222835 -0.015242
v -0.026302 0.236083 -0.015864
v -0.029474 0.223079 -0.012850
v -0.026304 0.235755 -0.016938
v -0.026307 0.235222 -0.017925
v -0.026309 0.234508 -0.018790
v -0.026593 0.235564 -0.017708
v -0.026793 0.234915 -0.018787
v -0.026452 0.236010 -0.016517
v -0.026388 0.236218 -0.015252
v -0.028980 0.225999 -0.020556
v -0.026308 0.226420 -0.018791
v -0.008140 0.175010 -0.025685
v -0.007984 0.176599 -0.025685
v 0.000000 0.183150 -0.041838
v 0.001577 0.182996 -0.041808
v 0.000000 0.166870 -0.041737
v 0.001577 0.167025 -0.041808
v 0.000000 0.166870 -0.026294
v -0.002143 0.167157 -0.026294
v -0.007874 0.172947 -0.026049
v 0.004134 0.167998 -0.026194
v 0.002143 0.167157 -0.026194
v 0.005834 0.169334 -0.026194
v -0.004134 0.167998 -0.026294
v 0.008140 0.175010 -0.025685
v 0.007873 0.172942 -0.025949
v 0.007986 0.176587 -0.041069
v 0.007527 0.178111 -0.041155
v 0.008140 0.175010 -0.040938
v 0.007986 0.173433 -0.041069
v 0.005756 0.180766 -0.041440
v 0.006775 0.179523 -0.041286
v 0.003101 0.182537 -0.041723
v 0.004513 0.181785 -0.041593
v -0.007125 0.171075 -0.026294
v 0.007123 0.171070 -0.026194
v -0.005834 0.169334 -0.026294
v 0.006774 0.170497 -0.041286
v 0.007526 0.171910 -0.041155
v 0.005756 0.169255 -0.041440
v 0.004513 0.168236 -0.041593
v 0.003101 0.167484 -0.041723
v -0.007520 0.178126 -0.025685
v -0.007524 0.178117 -0.041055
v -0.007986 0.176588 -0.041069
v -0.006768 0.179533 -0.025685
v -0.005756 0.180766 -0.025685
v -0.001574 0.167024 -0.041708
v -0.006774 0.179524 -0.041286
v -0.003115 0.182531 -0.025685
v -0.004522 0.181779 -0.025685
v -0.005749 0.169248 -0.041340
v -0.006770 0.170490 -0.041186
v -0.004506 0.168232 -0.041494
v -0.008140 0.175011 -0.040938
v -0.004513 0.181785 -0.041593
v -0.005756 0.180766 -0.041440
v -0.003095 0.167482 -0.041623
v -0.001577 0.182996 -0.041808
v -0.007524 0.171904 -0.041055
v -0.003101 0.182537 -0.041723
v -0.001588 0.182994 -0.025685
v -0.007985 0.173430 -0.040968
v 0.007984 0.176599 -0.025685
v 0.001588 0.182994 -0.025685
v 0.003115 0.182531 -0.025685
v 0.004522 0.181779 -0.025685
v 0.005756 0.180766 -0.025685
v 0.006768 0.179533 -0.025685
v 0.007520 0.178126 -0.025685
v 0.005515 0.251784 -0.031583
v 0.005818 0.239033 -0.036779
v 0.004254 0.261896 -0.026274
v 0.003981 0.264295 -0.024841
v 0.005402 0.237907 -0.037202
v -0.006530 0.244067 -0.034787
v 0.006247 0.241677 -0.035755
v 0.006094 0.241009 -0.036039
v 0.004212 0.258406 -0.028244
v 0.006313 0.245009 -0.034466
v 0.003305 0.236104 -0.038009
v 0.004479 0.236940 -0.037616
v -0.004139 0.262575 -0.025890
v -0.001824 0.235467 -0.038297
v -0.006019 0.240805 -0.036132
v -0.003339 0.236161 -0.037990
v -0.004808 0.237731 -0.037349
v -0.004710 0.258560 -0.028160
v -0.004594 0.237348 -0.037491
v -0.005669 0.239242 -0.036734
v -0.005724 0.251784 -0.031551
v -0.006677 0.245009 -0.034401
v -0.006777 0.169972 -0.041285
v 0.005716 0.181315 -0.041444
v -0.006798 0.179925 -0.041281
v 0.007944 0.172400 -0.041076
v 0.007517 0.171528 -0.041157
v -0.008164 0.176762 -0.041033
v -0.004514 0.182137 -0.041593
v 0.008199 0.175636 -0.041024
v 0.008219 0.174018 -0.041020
v 0.004548 0.167927 -0.041589
v 0.003106 0.182858 -0.041722
v -0.007998 0.177233 -0.041066
v -0.008041 0.172824 -0.041056
v 0.003105 0.167229 -0.041722
v 0.007527 0.178721 -0.041155
v 0.006777 0.170101 -0.041285
v 0.008034 0.177058 -0.041057
v -0.000007 0.183495 -0.041838
v -0.008263 0.173470 -0.041010
v -0.007540 0.178530 -0.041152
v 0.004497 0.182262 -0.041595
v -0.005745 0.181056 -0.041441
v 0.001598 0.166796 -0.041807
v 0.001604 0.183377 -0.041806
v -0.005781 0.168776 -0.041436
v 0.008267 0.174412 -0.041004
v 0.007978 0.177243 -0.041070
v -0.008238 0.175804 -0.041013
v -0.001562 0.183419 -0.041808
v -0.008388 0.173836 -0.040971
v -0.007509 0.171195 -0.041158
v -0.001598 0.166804 -0.041807
v 0.006785 0.179939 -0.041284
v 0.005773 0.168923 -0.041437
v -0.004556 0.167854 -0.041588
v 0.000000 0.166675 -0.041838
v 0.008058 0.172633 -0.041052
v -0.003121 0.182916 -0.041721
v -0.003108 0.167086 -0.041722
v -0.007950 0.172559 -0.041075
v -0.006776 0.170185 0.041300
v 0.000000 0.166685 0.041852
v -0.003106 0.167217 0.041736
v 0.001591 0.166868 0.041821
v -0.001594 0.166846 0.041821
v -0.004544 0.167968 0.041604
v -0.007517 0.171521 0.041171
v -0.005768 0.169031 0.041452
v -0.008026 0.172995 0.041074
v -0.008018 0.177021 0.041076
v -0.003099 0.182656 0.041737
v 0.006774 0.179628 0.041300
v -0.012297 0.176093 0.039971
v -0.007547 0.178341 0.041165
v 0.001576 0.183099 0.041822
v -0.006774 0.179713 0.041300
v 0.007533 0.178240 0.041168
v -0.004522 0.181910 0.041607
v -0.005760 0.180896 0.041454
v 0.005754 0.180904 0.041454
v -0.001582 0.183114 0.041822
v 0.007521 0.171688 0.041170
v 0.006775 0.170360 0.041300
v 0.003104 0.167327 0.041737
v 0.004528 0.168104 0.041606
v 0.005762 0.169134 0.041453
v -0.001844 0.235345 0.038344
v -0.004171 0.249585 0.032846
v -0.006330 0.241775 0.035713
v -0.004477 0.236907 0.037640
v 0.000027 0.235062 0.038472
v -0.006167 0.240958 0.036054
v -0.004165 0.250488 0.032442
v -0.005888 0.242951 0.035364
v -0.003312 0.235940 0.038067
v -0.005231 0.244539 0.034870
v -0.005718 0.243547 0.035179
v -0.004395 0.245464 0.034610
v -0.004150 0.253875 0.030788
v 0.001865 0.235390 0.038329
v -0.006072 0.240332 0.036300
v -0.005192 0.237846 0.037268
v -0.005872 0.238987 0.036800
v 0.005735 0.239196 0.036752
v 0.005242 0.244486 0.034888
v 0.006049 0.240734 0.036165
v 0.005055 0.237785 0.037306
v 0.003328 0.236230 0.037987
v 0.004897 0.244769 0.034819
v 0.005927 0.241711 0.035831
v 0.004590 0.237324 0.037512
v 0.005743 0.243217 0.035303
v 0.004139 0.256018 0.029650
v 0.004131 0.258447 0.028283
v 0.004120 0.262562 0.025916
v 0.004150 0.253982 0.030733
v 0.004122 0.261014 0.026839
v 0.004192 0.249624 0.032825
v 0.004164 0.250375 0.032494
v 0.004349 0.245501 0.034595
v 0.004059 0.264274 0.024853
v 0.029672 0.222796 0.013484
v 0.029690 0.222662 0.015270
v 0.026618 0.236137 0.016782
v 0.029587 0.223370 0.017918
v 0.027461 0.233278 0.020680
v 0.029337 0.224923 0.019964
v 0.029692 0.222653 0.014777
v 0.028927 0.227127 0.021367
v 0.026544 0.236366 0.015270
v 0.029158 0.225918 0.020739
v 0.029613 0.223200 0.012124
v 0.027421 0.233426 0.008892
v 0.026763 0.235672 0.017846
v 0.027206 0.234187 0.019864
v 0.026526 0.236419 0.014729
v 0.026865 0.235333 0.010899
v 0.027747 0.232216 0.021226
v 0.028095 0.230842 0.007953
v 0.026681 0.235930 0.012116
v 0.026941 0.235079 0.018952
v 0.028678 0.228327 0.021673
v 0.026587 0.236218 0.016588
v 0.029477 0.224084 0.019071
v 0.028375 0.229685 0.021737
v 0.028079 0.230924 0.021611
v 0.028435 0.229515 0.007834
v 0.029662 0.222859 0.016478
v 0.027779 0.232103 0.008266
v 0.027114 0.234496 0.009807
v 0.026567 0.236293 0.013405
v 0.028711 0.228171 0.008001
v 0.029516 0.223838 0.010900
v 0.029185 0.225766 0.008973
v 0.029000 0.226755 0.008426
v 0.029383 0.224642 0.009907
v -0.027150 0.234357 -0.019903
v -0.028041 0.231064 -0.021667
v -0.029602 0.223212 -0.017821
v -0.027463 0.233272 -0.020714
v -0.028912 0.226897 -0.008068
v -0.029078 0.226201 -0.008426
v -0.028741 0.227765 -0.007953
v -0.027430 0.233393 -0.008843
v -0.028916 0.227180 -0.021435
v -0.029678 0.222741 -0.016485
v -0.029345 0.224870 -0.020082
v -0.029164 0.225885 -0.020822
v -0.026930 0.235122 -0.010442
v -0.029493 0.223954 -0.019037
v -0.026727 0.235781 -0.017909
v -0.029485 0.224032 -0.019121
v -0.026494 0.236512 -0.014759
v -0.027198 0.234212 -0.020017
v -0.026664 0.235995 -0.012011
v -0.028387 0.229632 -0.021816
v -0.029548 0.223620 -0.010968
v -0.026626 0.236115 -0.012373
v -0.026516 0.236450 -0.015255
v -0.028078 0.230822 -0.007860
v -0.028668 0.228378 -0.021720
v -0.029661 0.222881 -0.012685
v -0.029707 0.222544 -0.015255
v -0.026672 0.235928 -0.017649
v -0.028324 0.229554 -0.007691
v -0.028944 0.227031 -0.021365
v -0.029138 0.225904 -0.008571
v -0.026922 0.235139 -0.018966
v -0.027930 0.231502 -0.008028
v -0.028518 0.228749 -0.007765
v -0.028190 0.230322 -0.007796
v -0.029351 0.224815 -0.009558
v -0.027667 0.232520 -0.008363
v -0.026584 0.236221 -0.012709
v -0.029672 0.222780 -0.012920
v -0.029710 0.222516 -0.014769
v -0.027740 0.232245 -0.021339
v -0.026564 0.236290 -0.016496
v -0.027377 0.233575 -0.008944
v 0.011193 0.251627 0.029993
v 0.010913 0.265006 0.022044
v 0.010875 0.258976 0.026016
v 0.010792 0.255437 0.028135
v 0.010874 0.259987 0.025373
v 0.005835 0.240869 -0.001424
v 0.005043 0.244237 -0.001424
v 0.003943 0.245598 -0.001424
v -0.005455 0.239161 -0.001424
v 0.004584 0.237643 -0.001424
v -0.003306 0.236448 -0.001424
v 0.003943 0.247233 -0.001424
v -0.003943 0.247233 -0.001424
v 0.002788 0.248073 -0.001424
v -0.001509 0.248784 -0.001424
v 0.000000 0.235425 -0.001424
v -0.001730 0.235686 -0.001424
v -0.004586 0.237642 -0.001424
v 0.001730 0.235686 -0.001424
v 0.003306 0.236448 -0.001424
v -0.003943 0.245598 -0.001424
v -0.005045 0.244238 -0.001424
v -0.005695 0.242614 -0.001424
v -0.005836 0.240869 -0.001424
v 0.005455 0.239161 -0.001424
v 0.005696 0.242614 -0.001424
v -0.000000 0.250437 -0.014269
v -0.000000 0.251920 -0.015905
v -0.000000 0.253556 -0.017388
v -0.000000 0.255330 -0.018704
v -0.000000 0.249121 -0.012495
v -0.000000 0.287677 -0.010601
v -0.000000 0.267832 -0.022496
v -0.000000 0.265626 -0.022388
v -0.000000 0.280334 -0.018704
v -0.000000 0.259220 -0.020783
v -0.000000 0.257224 -0.019839
v -0.000000 0.285226 -0.014269
v -0.000000 0.290064 -0.003291
v -0.000000 0.261299 -0.021527
v -0.000000 0.263442 -0.022064
v -0.000000 0.272222 -0.022064
v -0.000000 0.289365 -0.006525
v -0.000000 0.276443 -0.020783
v -0.000000 0.280334 0.018717
v -0.000000 0.270037 0.022401
v -0.000000 0.257224 0.019852
v -0.000000 0.288993 0.007579
v -0.000000 0.259220 0.020797
v -0.000000 0.253556 0.017402
v -0.000000 0.255330 0.018717
v -0.000000 0.276443 0.020797
v -0.000000 0.250437 0.014282
v -0.000000 0.249121 0.012509
v -0.000000 0.290163 0.002205
v -0.000000 0.251920 0.015919
v -0.000000 0.287110 0.011562
v -0.000000 0.284485 0.015100
v -0.000000 0.267832 0.022509
v -0.000000 0.265626 0.022401
v -0.000000 0.261300 0.021540
v -0.000000 0.263442 0.022077
v -0.000000 0.249121 -0.001424
v 0.017672 0.256378 -0.022273
v 0.016055 0.254282 -0.025935
v 0.017396 0.256460 -0.023241
v 0.012732 0.261747 -0.021677
v 0.013243 0.261244 -0.022851
v 0.013440 0.260368 -0.023687
v 0.012482 0.261741 -0.021187
v 0.014727 0.259328 -0.023599
v 0.016660 0.255874 -0.024464
v 0.018416 0.252753 -0.025236
v 0.018371 0.248342 -0.027890
v 0.018282 0.239921 -0.031945
v 0.018254 0.244382 -0.030011
v 0.018160 0.235858 -0.033530
v 0.018338 0.246921 -0.028668
v 0.018380 0.248175 -0.027974
v 0.021290 0.215986 -0.035832
v 0.018187 0.233868 -0.034146
v 0.018481 0.217781 -0.037210
v 0.024051 0.214054 -0.034158
v 0.018187 0.230493 -0.035146
v 0.018152 0.224210 -0.036534
v 0.026593 0.212374 -0.032283
v 0.018110 0.218353 -0.037354
v 0.025084 0.213193 -0.033389
v 0.030335 0.210360 -0.028556
v 0.030525 0.210218 -0.027465
v 0.030525 0.210236 -0.027590
v 0.029792 0.210406 -0.029376
v 0.029018 0.210760 -0.030142
v -0.027120 0.212795 0.028178
v -0.025369 0.212508 0.027480
v -0.027701 0.213193 0.029008
v -0.026302 0.212595 0.027657
v -0.027913 0.213642 0.030023
v -0.026301 0.212319 0.027657
v -0.027077 0.204764 0.028143
v -0.021158 0.205258 0.027480
v -0.027710 0.204750 0.029029
v -0.025369 0.204891 0.027480
v -0.026278 0.204822 0.027649
v -0.027913 0.210935 0.030023
v -0.026295 0.210445 0.027655
v -0.027108 0.210569 0.028169
v -0.025369 0.210263 0.027480
v -0.027704 0.210799 0.029014
v -0.025369 0.212133 0.027480
v -0.027913 0.214229 0.031092
v -0.025301 0.216190 0.033116
v -0.027702 0.212814 0.029009
v -0.027117 0.212365 0.028177
v -0.027913 0.213312 0.030023
v -0.019285 0.225684 0.035690
v -0.021207 0.220297 0.035474
v -0.022656 0.218524 0.034788
v -0.019464 0.224411 0.035835
v -0.019050 0.248511 0.027329
v -0.019034 0.246419 0.028419
v -0.019071 0.243560 0.029883
v -0.019070 0.240396 0.031220
v -0.019031 0.245674 0.028820
v -0.019060 0.230459 0.034700
v -0.019030 0.237653 0.032405
v -0.019049 0.236974 0.032617
v -0.019071 0.240886 0.031016
v 0.000007 0.183303 0.041852
v 0.004516 0.181885 0.041607
v 0.003110 0.182647 0.041736
v -0.024882 0.183251 0.033651
v -0.012101 0.179992 0.040030
v -0.014951 0.180367 0.039084
v -0.018513 0.181128 0.037529
v -0.021851 0.182075 0.035691
v -0.008224 0.174987 0.041031
v 0.022945 0.182075 0.034989
v 0.016156 0.180367 0.038602
v 0.019667 0.181128 0.036935
v 0.013348 0.179992 0.039665
v 0.013410 0.173890 0.039643
v 0.013386 0.176289 0.039652
v 0.019590 0.177489 0.036976
v 0.016061 0.175392 0.038642
v 0.016107 0.177838 0.038622
v 0.019642 0.179946 0.036948
v -0.027307 0.215726 0.031295
v -0.027465 0.214566 0.031439
v -0.027223 0.216007 0.030242
v -0.027582 0.211131 0.031450
v -0.027455 0.214983 0.031434
v -0.027287 0.216003 0.030804
v -0.027465 0.204772 0.031371
v -0.027708 0.204773 0.030950
v 0.018017 0.243674 0.030433
v 0.011193 0.251467 0.029676
v 0.011193 0.254627 0.028050
v 0.010805 0.245957 0.032946
v 0.015664 0.244311 0.031263
v 0.023244 0.244323 0.025646
v 0.023424 0.244284 0.024897
v 0.022812 0.244288 0.026281
v 0.020807 0.244253 0.027977
v 0.017977 0.244366 0.029864
v 0.023481 0.244215 0.019332
v 0.011850 0.244654 0.033102
v 0.012471 0.244565 0.032852
v 0.023603 0.243959 0.017160
v 0.011193 0.269839 0.018947
v 0.011193 0.265263 0.021108
v 0.011193 0.273219 0.018173
v 0.011193 0.267158 0.020040
v 0.011193 0.258961 0.025401
v 0.025224 0.239448 0.026481
v 0.011249 0.244918 0.033214
v 0.009776 0.242812 0.034476
v 0.009299 0.245643 0.033495
v 0.010901 0.245610 0.033053
v -0.004449 0.258424 0.028212
v -0.003943 0.258370 0.028319
v -0.004057 0.264274 0.024854
v -0.006059 0.260613 0.026664
v -0.004972 0.244359 0.034481
v 0.003900 0.262169 0.025738
v -0.001707 0.235679 0.037555
v -0.005625 0.242883 0.034928
v 0.005627 0.242877 0.034623
v 0.004973 0.244356 0.034221
v 0.003943 0.254288 0.029758
v 0.005849 0.241157 0.034802
v -0.003943 0.245598 0.034145
v -0.003943 0.258338 0.027904
v -0.004624 0.237691 0.036818
v -0.005849 0.241173 0.035526
v -0.003911 0.262237 0.025813
v 0.003943 0.245598 0.033605
v 0.003943 0.255153 0.029300
v 0.000000 0.235425 0.037357
v 0.001707 0.235679 0.037219
v 0.003649 0.263883 0.024770
v 0.005517 0.239328 0.035635
v 0.003294 0.264629 0.024264
v -0.003943 0.254312 0.030012
v 0.004622 0.237689 0.036229
v -0.005520 0.239335 0.036266
v 0.003297 0.236442 0.036916
v 0.003943 0.250161 0.031669
v -0.003546 0.264243 0.024677
v -0.003943 0.250185 0.032231
v -0.003297 0.236442 0.037612
v 0.008102 0.173443 0.041052
v 0.008003 0.177084 0.041079
v 0.008082 0.176648 0.041057
v 0.008239 0.175035 0.041026
v -0.008303 0.175089 0.041010
v 0.001707 0.235679 -0.037577
v -0.005519 0.239334 -0.036116
v 0.003943 0.245598 -0.034082
v -0.001707 0.235679 -0.037577
v 0.000000 0.235425 -0.037685
v 0.003297 0.236442 -0.037259
v -0.003943 0.245598 -0.034082
v 0.004624 0.237691 -0.036753
v -0.005625 0.242883 -0.034878
v -0.004972 0.244359 -0.034428
v -0.004624 0.237691 -0.036753
v -0.003297 0.236442 -0.037259
v 0.005849 0.241172 -0.035449
v 0.005625 0.242883 -0.034878
v 0.004972 0.244359 -0.034428
v 0.005519 0.239334 -0.036116
v -0.005849 0.241172 -0.035449
v 0.003943 0.250186 -0.032103
v 0.003943 0.254322 -0.030260
v -0.003943 0.250152 -0.032119
v -0.003943 0.254306 -0.030268
v -0.003943 0.261921 -0.025862
v 0.003650 0.264023 -0.024782
v 0.003903 0.262193 -0.025750
v 0.003563 0.264266 -0.024693
v 0.003394 0.264910 -0.024433
v 0.003606 0.264689 -0.024783
v 0.003493 0.264535 -0.024584
v 0.003849 0.267771 -0.024793
v 0.003866 0.265169 -0.024647
v 0.003943 0.264630 -0.024754
v 0.003923 0.258379 -0.027935
v 0.004161 0.249604 -0.032825
v 0.005685 0.243364 -0.035242
v 0.004303 0.250691 -0.032311
v 0.004322 0.245484 -0.034599
v 0.005872 0.242771 -0.035421
v 0.005305 0.244595 -0.034822
v 0.004313 0.253494 -0.030939
v 0.004268 0.256479 -0.029273
v -0.005271 0.244498 -0.034864
v -0.005968 0.241967 -0.035711
v -0.005769 0.243279 -0.035260
v -0.004806 0.245426 -0.034534
v -0.004370 0.250588 -0.032346
v -0.004387 0.253604 -0.030870
v 0.003943 0.258392 0.028306
v 0.003923 0.258350 0.027677
v -0.021292 0.246459 -0.003555
v -0.019841 0.213974 0.025445
v 0.023819 0.243402 0.015047
v 0.026121 0.230463 0.019731
v 0.026121 0.229177 0.019561
v 0.026121 0.227978 0.019065
v 0.026121 0.226949 0.018275
v 0.026121 0.226159 0.017246
v 0.026121 0.225663 0.016047
v 0.026121 0.225493 0.014761
v 0.026121 0.225663 0.013475
v 0.026121 0.226159 0.012276
v 0.026121 0.226949 0.011247
v 0.026121 0.227978 0.010457
v 0.026121 0.229177 0.009960
v 0.026121 0.230463 0.009791
v 0.026121 0.231750 0.009960
v 0.026121 0.232948 0.010457
v 0.026121 0.233977 0.011247
v 0.026121 0.234767 0.012276
v 0.026121 0.235264 0.013475
v 0.026121 0.235433 0.014761
v 0.026121 0.235264 0.016047
v 0.026121 0.234767 0.017246
v 0.026121 0.233977 0.018275
v 0.026121 0.232948 0.019065
v 0.026121 0.231750 0.019561
v 0.027143 0.230463 0.017973
v 0.027143 0.229632 0.017863
v 0.027143 0.228857 0.017542
v 0.027143 0.228192 0.017032
v 0.027143 0.227682 0.016367
v 0.027143 0.227361 0.015592
v 0.027143 0.227251 0.014761
v 0.027143 0.227361 0.013930
v 0.027143 0.231294 0.017863
v 0.026261 0.230463 0.016553
v 0.026261 0.229999 0.016492
v 0.026261 0.229567 0.016313
v 0.026261 0.229196 0.016028
v 0.026261 0.228911 0.015657
v 0.026261 0.228732 0.015225
v 0.026261 0.228671 0.014761
v 0.026261 0.228732 0.014297
v 0.026261 0.228911 0.013865
v 0.026261 0.229196 0.013494
v 0.026261 0.229567 0.013209
v 0.026261 0.229999 0.013030
v 0.026261 0.230463 0.012969
v 0.026261 0.230927 0.013030
v 0.026261 0.231359 0.013209
v 0.026261 0.231730 0.013494
v 0.026261 0.232015 0.013865
v 0.026261 0.232194 0.014297
v 0.026261 0.232255 0.014761
v 0.026261 0.232194 0.015225
v 0.026261 0.232015 0.015657
v 0.026261 0.231730 0.016028
v 0.026261 0.231359 0.016313
v 0.026261 0.230927 0.016492
v 0.026261 0.230463 0.014761
v 0.030083 0.230463 0.017973
v 0.030083 0.229632 0.017863
v 0.030083 0.228857 0.017542
v 0.030083 0.228192 0.017032
v 0.030083 0.227682 0.016367
v 0.030083 0.227361 0.015592
v 0.030083 0.227251 0.014761
v 0.030083 0.227361 0.013930
v 0.030083 0.227682 0.013155
v 0.030196 0.228112 0.012410
v 0.030083 0.228192 0.012490
v 0.030196 0.228801 0.011881
v 0.030083 0.228857 0.011979
v 0.030196 0.229603 0.011549
v 0.030083 0.229632 0.011659
v 0.030196 0.230463 0.011436
v 0.030083 0.230463 0.011549
v 0.030196 0.231324 0.011549
v 0.030083 0.231294 0.011659
v 0.030196 0.232126 0.011881
v 0.030083 0.232069 0.011979
v 0.030196 0.232814 0.012410
v 0.030083 0.232734 0.012490
v 0.030196 0.233343 0.013098
v 0.030083 0.233245 0.013155
v 0.030196 0.233675 0.013900
v 0.030083 0.233566 0.013930
v 0.030196 0.233788 0.014761
v 0.030083 0.233675 0.014761
v 0.030196 0.233675 0.015622
v 0.030083 0.233566 0.015592
v 0.030196 0.233343 0.016423
v 0.030083 0.233245 0.016367
v 0.030083 0.232734 0.017032
v 0.030083 0.232069 0.017542
v 0.030083 0.231294 0.017863
v 0.030196 0.230463 0.019638
v 0.030103 0.230463 0.019731
v 0.030103 0.229177 0.019561
v 0.030196 0.229201 0.019471
v 0.030103 0.227978 0.019065
v 0.030196 0.228025 0.018984
v 0.030103 0.226949 0.018275
v 0.030196 0.227015 0.018209
v 0.030103 0.226159 0.017246
v 0.030196 0.226240 0.017199
v 0.030103 0.225663 0.016047
v 0.030196 0.225753 0.016023
v 0.030103 0.225493 0.014761
v 0.030196 0.225587 0.014761
v 0.030103 0.225663 0.013475
v 0.030196 0.225753 0.013499
v 0.030103 0.226159 0.012276
v 0.030196 0.226240 0.012323
v 0.030103 0.226949 0.011247
v 0.030196 0.227015 0.011313
v 0.030103 0.227978 0.010457
v 0.030196 0.228025 0.010538
v 0.030103 0.229177 0.009960
v 0.030196 0.229201 0.010050
v 0.030103 0.230463 0.009791
v 0.030196 0.230463 0.009884
v 0.030103 0.231750 0.009960
v 0.030196 0.231725 0.010050
v 0.030103 0.232948 0.010457
v 0.030196 0.232902 0.010538
v 0.030103 0.233977 0.011247
v 0.030196 0.233912 0.011313
v 0.030103 0.234767 0.012276
v 0.030196 0.234687 0.012323
v 0.030103 0.235264 0.013475
v 0.030196 0.235174 0.013499
v 0.030103 0.235433 0.014761
v 0.030196 0.235340 0.014761
v 0.030103 0.235264 0.016047
v 0.030196 0.235174 0.016023
v 0.030103 0.234767 0.017246
v 0.030196 0.234687 0.017199
v 0.030103 0.233977 0.018275
v 0.030196 0.233912 0.018209
v 0.030103 0.232948 0.019065
v 0.030196 0.232902 0.018984
v 0.030103 0.231750 0.019561
v 0.030196 0.231725 0.019471
v 0.027096 0.233180 0.016329
v 0.027096 0.233493 0.015573
v 0.027096 0.231275 0.011731
v 0.027096 0.230463 0.011624
v 0.027096 0.232681 0.016979
v 0.027096 0.232032 0.012044
v 0.027096 0.232032 0.017477
v 0.027096 0.232681 0.012543
v 0.027096 0.227747 0.013193
v 0.027096 0.233180 0.013193
v 0.027096 0.228245 0.012543
v 0.027096 0.233493 0.013949
v 0.027096 0.228895 0.012044
v 0.027096 0.233600 0.014761
v 0.027096 0.229651 0.011731
v 0.027351 0.229632 0.017863
v 0.027351 0.230463 0.017973
v 0.027351 0.231294 0.017863
v 0.027351 0.228857 0.017542
v 0.027351 0.228192 0.017032
v 0.027351 0.227682 0.016367
v 0.027351 0.227361 0.015592
v 0.027351 0.227251 0.014761
v 0.027351 0.227361 0.013930
v 0.027351 0.227682 0.013155
v 0.027351 0.228192 0.012490
v 0.027351 0.228857 0.011979
v 0.027351 0.229632 0.011659
v 0.027351 0.230463 0.011549
v 0.027351 0.231294 0.011659
v 0.027351 0.232069 0.011979
v 0.027351 0.232734 0.012490
v 0.027351 0.233245 0.013155
v 0.027351 0.233566 0.013930
v 0.027351 0.233675 0.014761
v 0.027351 0.233566 0.015592
v 0.027351 0.233245 0.016367
v 0.027351 0.232734 0.017032
v 0.027351 0.232069 0.017542
v 0.030196 0.229228 0.019369
v 0.030196 0.230463 0.019532
v 0.030196 0.231698 0.019369
v 0.030196 0.228078 0.018893
v 0.030196 0.227090 0.018134
v 0.030196 0.226332 0.017146
v 0.030196 0.225855 0.015996
v 0.030196 0.225692 0.014761
v 0.030196 0.225855 0.013526
v 0.030196 0.226332 0.012375
v 0.030196 0.227090 0.011387
v 0.030196 0.228078 0.010629
v 0.030196 0.229228 0.010153
v 0.030196 0.230463 0.009990
v 0.030196 0.231698 0.010153
v 0.030196 0.232849 0.010629
v 0.030196 0.233837 0.011387
v 0.030196 0.234595 0.012375
v 0.030196 0.235072 0.013526
v 0.030196 0.235234 0.014761
v 0.030196 0.235072 0.015996
v 0.030196 0.234595 0.017146
v 0.030196 0.233837 0.018134
v 0.030196 0.232849 0.018893
v 0.030196 0.229579 0.018061
v 0.030196 0.228755 0.017720
v 0.030196 0.228047 0.017177
v 0.030196 0.227504 0.016469
v 0.030196 0.227163 0.015645
v 0.030196 0.227047 0.014761
v 0.030196 0.227163 0.013877
v 0.030196 0.227504 0.013053
v 0.030196 0.232879 0.017177
v 0.030196 0.232172 0.017720
v 0.030196 0.230463 0.018178
v 0.030196 0.231348 0.018061
v -0.026701 0.230463 -0.009777
v -0.026701 0.229177 -0.009946
v -0.026701 0.227978 -0.010443
v -0.026701 0.226949 -0.011232
v -0.026701 0.226159 -0.012262
v -0.026701 0.225663 -0.013460
v -0.026701 0.225493 -0.014747
v -0.026701 0.225663 -0.016033
v -0.026701 0.226159 -0.017232
v -0.026701 0.226949 -0.018261
v -0.026701 0.227978 -0.019051
v -0.026701 0.229177 -0.019547
v -0.026701 0.230463 -0.019716
v -0.026701 0.231750 -0.019547
v -0.026701 0.232948 -0.019051
v -0.026701 0.233977 -0.018261
v -0.026701 0.234767 -0.017232
v -0.026701 0.235264 -0.016033
v -0.026701 0.235433 -0.014747
v -0.026701 0.235264 -0.013460
v -0.026701 0.234767 -0.012262
v -0.026701 0.233977 -0.011232
v -0.026701 0.232948 -0.010443
v -0.026701 0.231750 -0.009946
v -0.027723 0.230463 -0.011535
v -0.027723 0.229632 -0.011644
v -0.027723 0.228857 -0.011965
v -0.027723 0.228192 -0.012476
v -0.027723 0.227682 -0.013141
v -0.027723 0.227361 -0.013915
v -0.027723 0.227251 -0.014747
v -0.027723 0.227361 -0.015578
v -0.027723 0.227682 -0.016353
v -0.027723 0.228192 -0.017018
v -0.027723 0.228857 -0.017528
v -0.027723 0.233245 -0.013141
v -0.027723 0.232734 -0.012476
v -0.027723 0.232069 -0.011965
v -0.027723 0.231294 -0.011644
v -0.026841 0.230463 -0.012955
v -0.026841 0.229999 -0.013016
v -0.026841 0.229567 -0.013195
v -0.026841 0.229196 -0.013479
v -0.026841 0.228911 -0.013851
v -0.026841 0.228732 -0.014283
v -0.026841 0.228671 -0.014747
v -0.026841 0.228732 -0.015210
v -0.026841 0.228911 -0.015643
v -0.026841 0.229196 -0.016014
v -0.026841 0.229567 -0.016299
v -0.026841 0.229999 -0.016478
v -0.026841 0.230463 -0.016539
v -0.026841 0.230927 -0.016478
v -0.026841 0.231359 -0.016299
v -0.026841 0.231730 -0.016014
v -0.026841 0.232015 -0.015643
v -0.026841 0.232194 -0.015210
v -0.026841 0.232255 -0.014747
v -0.026841 0.232194 -0.014283
v -0.026841 0.232015 -0.013851
v -0.026841 0.231730 -0.013479
v -0.026841 0.231359 -0.013195
v -0.026841 0.230927 -0.013016
v -0.026841 0.230463 -0.014747
v -0.030663 0.230463 -0.011535
v -0.030663 0.229632 -0.011644
v -0.030663 0.228857 -0.011965
v -0.030663 0.228192 -0.012476
v -0.030663 0.227682 -0.013141
v -0.030663 0.227361 -0.013915
v -0.030663 0.227251 -0.014747
v -0.030663 0.227361 -0.015578
v -0.030663 0.227682 -0.016353
v -0.030776 0.228112 -0.017098
v -0.030663 0.228192 -0.017018
v -0.030776 0.228801 -0.017626
v -0.030663 0.228857 -0.017528
v -0.030776 0.229603 -0.017958
v -0.030663 0.229632 -0.017849
v -0.030776 0.230463 -0.018072
v -0.030663 0.230463 -0.017958
v -0.030776 0.231324 -0.017958
v -0.030663 0.231294 -0.017849
v -0.030776 0.232126 -0.017626
v -0.030663 0.232069 -0.017528
v -0.030776 0.232814 -0.017098
v -0.030663 0.232734 -0.017018
v -0.030776 0.233343 -0.016409
v -0.030663 0.233245 -0.016353
v -0.030776 0.233675 -0.015607
v -0.030663 0.233566 -0.015578
v -0.030776 0.233788 -0.014747
v -0.030663 0.233675 -0.014747
v -0.030776 0.233675 -0.013886
v -0.030663 0.233566 -0.013915
v -0.030776 0.233343 -0.013084
v -0.030663 0.233245 -0.013141
v -0.030663 0.232734 -0.012476
v -0.030663 0.232069 -0.011965
v -0.030663 0.231294 -0.011644
v -0.030776 0.230463 -0.009870
v -0.030683 0.230463 -0.009777
v -0.030683 0.229177 -0.009946
v -0.030776 0.229201 -0.010036
v -0.030683 0.227978 -0.010443
v -0.030776 0.228025 -0.010523
v -0.030683 0.226949 -0.011232
v -0.030776 0.227015 -0.011298
v -0.030683 0.226159 -0.012262
v -0.030776 0.226240 -0.012308
v -0.030683 0.225663 -0.013460
v -0.030776 0.225753 -0.013484
v -0.030683 0.225493 -0.014747
v -0.030776 0.225587 -0.014747
v -0.030683 0.225663 -0.016033
v -0.030776 0.225753 -0.016009
v -0.030683 0.226159 -0.017232
v -0.030776 0.226240 -0.017185
v -0.030683 0.226949 -0.018261
v -0.030776 0.227015 -0.018195
v -0.030683 0.227978 -0.019051
v -0.030776 0.228025 -0.018970
v -0.030683 0.229177 -0.019547
v -0.030776 0.229201 -0.019457
v -0.030683 0.230463 -0.019716
v -0.030776 0.230463 -0.019623
v -0.030683 0.231750 -0.019547
v -0.030776 0.231725 -0.019457
v -0.030683 0.232948 -0.019051
v -0.030776 0.232902 -0.018970
v -0.030683 0.233977 -0.018261
v -0.030776 0.233912 -0.018195
v -0.030683 0.234767 -0.017232
v -0.030776 0.234687 -0.017185
v -0.030683 0.235264 -0.016033
v -0.030776 0.235174 -0.016009
v -0.030683 0.235433 -0.014747
v -0.030776 0.235340 -0.014747
v -0.030683 0.235264 -0.013460
v -0.030776 0.235174 -0.013484
v -0.030683 0.234767 -0.012262
v -0.030776 0.234687 -0.012308
v -0.030683 0.233977 -0.011232
v -0.030776 0.233912 -0.011298
v -0.030683 0.232948 -0.010443
v -0.030776 0.232902 -0.010523
v -0.030683 0.231750 -0.009946
v -0.030776 0.231725 -0.010036
v -0.027676 0.233493 -0.013935
v -0.027676 0.231275 -0.017776
v -0.027676 0.230463 -0.017883
v -0.027676 0.232032 -0.017463
v -0.027676 0.232681 -0.016965
v -0.027676 0.233180 -0.016315
v -0.027676 0.233493 -0.015558
v -0.027676 0.233600 -0.014747
v -0.027676 0.229651 -0.017776
v -0.027931 0.229632 -0.011644
v -0.027931 0.230463 -0.011535
v -0.027931 0.231294 -0.011644
v -0.027931 0.228857 -0.011965
v -0.027931 0.228192 -0.012476
v -0.027931 0.227682 -0.013141
v -0.027931 0.227361 -0.013915
v -0.027931 0.227251 -0.014747
v -0.027931 0.227361 -0.015578
v -0.027931 0.227682 -0.016353
v -0.027931 0.228192 -0.017018
v -0.027931 0.228857 -0.017528
v -0.027931 0.229632 -0.017849
v -0.027931 0.230463 -0.017958
v -0.027931 0.231294 -0.017849
v -0.027931 0.232069 -0.017528
v -0.027931 0.232734 -0.017018
v -0.027931 0.233245 -0.016353
v -0.027931 0.233566 -0.015578
v -0.027931 0.233675 -0.014747
v -0.027931 0.233566 -0.013915
v -0.027931 0.233245 -0.013141
v -0.027931 0.232734 -0.012476
v -0.027931 0.232069 -0.011965
v -0.030776 0.229228 -0.010138
v -0.030776 0.230463 -0.009976
v -0.030776 0.231698 -0.010138
v -0.030776 0.228078 -0.010615
v -0.030776 0.227090 -0.011373
v -0.030776 0.226332 -0.012361
v -0.030776 0.225855 -0.013512
v -0.030776 0.225692 -0.014747
v -0.030776 0.225855 -0.015981
v -0.030776 0.226332 -0.017132
v -0.030776 0.227090 -0.018120
v -0.030776 0.228078 -0.018878
v -0.030776 0.229228 -0.019355
v -0.030776 0.230463 -0.019517
v -0.030776 0.231698 -0.019355
v -0.030776 0.232849 -0.018878
v -0.030776 0.233837 -0.018120
v -0.030776 0.234595 -0.017132
v -0.030776 0.235072 -0.015981
v -0.030776 0.235234 -0.014747
v -0.030776 0.235072 -0.013512
v -0.030776 0.234595 -0.012361
v -0.030776 0.233837 -0.011373
v -0.030776 0.232849 -0.010615
v -0.030776 0.229579 -0.011446
v -0.030776 0.228755 -0.011788
v -0.030776 0.228047 -0.012331
v -0.030776 0.227504 -0.013038
v -0.030776 0.227163 -0.013862
v -0.030776 0.227047 -0.014747
v -0.030776 0.227163 -0.015631
v -0.030776 0.227504 -0.016455
v -0.030776 0.232879 -0.012331
v -0.030776 0.232172 -0.011788
v -0.030776 0.230463 -0.011330
v -0.030776 0.231348 -0.011446
v -0.030478 0.230463 -0.011535
v -0.030478 0.231294 -0.011644
v -0.030478 0.229632 -0.011644
v -0.030478 0.228857 -0.011965
v -0.030478 0.228192 -0.012476
v -0.030478 0.227682 -0.013141
v -0.030478 0.227361 -0.013915
v -0.030478 0.227251 -0.014747
v -0.030478 0.227361 -0.015578
v -0.030478 0.227682 -0.016353
v -0.030478 0.228192 -0.017018
v -0.030478 0.228857 -0.017528
v -0.030478 0.229632 -0.017849
v -0.030478 0.230463 -0.017958
v -0.030478 0.231294 -0.017849
v -0.030478 0.232069 -0.017528
v -0.030478 0.232734 -0.017018
v -0.030478 0.233245 -0.016353
v -0.030478 0.233566 -0.015578
v -0.030478 0.233675 -0.014747
v -0.030478 0.233566 -0.013915
v -0.030478 0.233245 -0.013141
v -0.030478 0.232734 -0.012476
v -0.030478 0.232069 -0.011965
v -0.028080 0.229632 -0.011644
v -0.028080 0.228857 -0.011965
v -0.028080 0.228192 -0.012476
v -0.028080 0.227682 -0.013141
v -0.028080 0.227361 -0.013915
v -0.028080 0.227251 -0.014747
v -0.028080 0.227361 -0.015578
v -0.028080 0.227682 -0.016353
v -0.028080 0.228192 -0.017018
v -0.028080 0.228857 -0.017528
v -0.028080 0.229632 -0.017849
v -0.028080 0.230463 -0.017958
v -0.028080 0.231294 -0.017849
v -0.028080 0.232069 -0.017528
v -0.028080 0.232734 -0.017018
v -0.028080 0.233245 -0.016353
v -0.028080 0.233566 -0.015578
v -0.028080 0.233675 -0.014747
v -0.028080 0.233566 -0.013915
v -0.028080 0.233245 -0.013141
v -0.028080 0.232734 -0.012476
v -0.028080 0.232069 -0.011965
v -0.028080 0.230463 -0.011535
v -0.028080 0.231294 -0.011644
v 0.029846 0.230463 0.017973
v 0.029846 0.231294 0.017863
v 0.029846 0.229632 0.017863
v 0.029846 0.228857 0.017542
v 0.029846 0.228192 0.017032
v 0.029846 0.227682 0.016367
v 0.029846 0.227361 0.015592
v 0.029846 0.227251 0.014761
v 0.029846 0.227361 0.013930
v 0.029846 0.227682 0.013155
v 0.029846 0.228192 0.012490
v 0.029846 0.228857 0.011979
v 0.029846 0.229632 0.011659
v 0.029846 0.230463 0.011549
v 0.029846 0.231294 0.011659
v 0.029846 0.232069 0.011979
v 0.029846 0.232734 0.012490
v 0.029846 0.233245 0.013155
v 0.029846 0.233566 0.013930
v 0.029846 0.233675 0.014761
v 0.029846 0.233566 0.015592
v 0.029846 0.233245 0.016367
v 0.029846 0.232734 0.017032
v 0.029846 0.232069 0.017542
v 0.027019 0.233374 0.015541
v 0.027019 0.230463 0.011748
v 0.027019 0.233073 0.016267
v 0.027019 0.231243 0.011850
v 0.027019 0.232594 0.016891
v 0.027019 0.231970 0.012151
v 0.027019 0.231970 0.017370
v 0.027019 0.232594 0.012630
v 0.027019 0.227854 0.013254
v 0.027019 0.233073 0.013254
v 0.027019 0.228333 0.012630
v 0.027019 0.233374 0.013981
v 0.027019 0.228957 0.012151
v 0.027019 0.233476 0.014761
v 0.027019 0.229683 0.011850
v 0.027062 0.227487 0.015558
v 0.027062 0.230463 0.017842
v 0.027062 0.227382 0.014761
v 0.027062 0.227487 0.013963
v 0.027062 0.231261 0.017737
v 0.027062 0.229666 0.017737
v 0.027062 0.228923 0.017429
v 0.027062 0.228284 0.016940
v 0.027062 0.227795 0.016302
v 0.029939 0.231750 0.019561
v 0.029939 0.230463 0.019731
v 0.029939 0.229177 0.019561
v 0.029939 0.227978 0.019065
v 0.029939 0.226949 0.018275
v 0.029939 0.226159 0.017246
v 0.029939 0.225663 0.016047
v 0.029939 0.225493 0.014761
v 0.029939 0.225663 0.013475
v 0.029939 0.226159 0.012276
v 0.029939 0.226949 0.011247
v 0.029939 0.227978 0.010457
v 0.029939 0.229177 0.009960
v 0.029939 0.230463 0.009791
v 0.029939 0.231750 0.009960
v 0.029939 0.232948 0.010457
v 0.029939 0.233977 0.011247
v 0.029939 0.234767 0.012276
v 0.029939 0.235264 0.013475
v 0.029939 0.235433 0.014761
v 0.029939 0.235264 0.016047
v 0.029939 0.234767 0.017246
v 0.029939 0.233977 0.018275
v 0.029939 0.232948 0.019065
v 0.030196 0.230463 0.018289
v 0.030196 0.231376 0.018169
v 0.030196 0.229550 0.018169
v 0.030196 0.228699 0.017816
v 0.030196 0.227969 0.017256
v 0.030196 0.227408 0.016525
v 0.030196 0.227055 0.015674
v 0.030196 0.226935 0.014761
v 0.030196 0.227055 0.013848
v 0.030196 0.227408 0.012997
v 0.030196 0.232958 0.017256
v 0.030196 0.232227 0.017816
v 0.030196 0.228028 0.012326
v 0.030196 0.228741 0.011778
v 0.030196 0.229572 0.011434
v 0.030196 0.230463 0.011317
v 0.030196 0.231355 0.011434
v 0.030196 0.232185 0.011778
v 0.030196 0.232898 0.012326
v 0.030196 0.233446 0.013039
v 0.030196 0.233790 0.013870
v 0.030196 0.233907 0.014761
v 0.030196 0.233790 0.015652
v 0.030196 0.233446 0.016483
v -0.030448 0.231750 -0.009946
v -0.030448 0.230463 -0.009777
v -0.030448 0.229177 -0.009946
v -0.030448 0.227978 -0.010443
v -0.030448 0.226949 -0.011232
v -0.030448 0.226159 -0.012262
v -0.030448 0.225663 -0.013460
v -0.030448 0.225493 -0.014747
v -0.030448 0.225663 -0.016033
v -0.030448 0.226159 -0.017232
v -0.030448 0.226949 -0.018261
v -0.030448 0.227978 -0.019051
v -0.030448 0.229177 -0.019547
v -0.030448 0.230463 -0.019716
v -0.030448 0.231750 -0.019547
v -0.030448 0.232948 -0.019051
v -0.030448 0.233977 -0.018261
v -0.030448 0.234767 -0.017232
v -0.030448 0.235264 -0.016033
v -0.030448 0.235433 -0.014747
v -0.030448 0.235264 -0.013460
v -0.030448 0.234767 -0.012262
v -0.030448 0.233977 -0.011232
v -0.030448 0.232948 -0.010443
v -0.029465 0.224390 0.016388
v -0.029465 0.224175 0.014761
v -0.029465 0.236537 0.016388
v -0.029465 0.234909 0.019207
v -0.029465 0.233607 0.020206
v -0.029465 0.226017 0.019207
v -0.029465 0.224390 0.013133
v -0.029465 0.226017 0.010315
v -0.029465 0.228836 0.008687
v -0.029465 0.233607 0.009315
v -0.029465 0.235909 0.017905
v -0.029465 0.232091 0.020835
v 0.029491 0.223733 -0.012943
v 0.029838 0.223644 -0.012919
v 0.030185 0.223733 -0.012943
v 0.029196 0.223987 -0.013011
v 0.030480 0.223987 -0.013011
v 0.029491 0.236497 -0.011263
v 0.029838 0.236577 -0.011217
v 0.030185 0.236497 -0.011263
v 0.029196 0.236270 -0.011394
v 0.030480 0.236270 -0.011394
v 0.030185 0.235390 -0.009820
v 0.029838 0.235455 -0.009754
v 0.029491 0.235390 -0.009820
v 0.030480 0.235204 -0.010006
v 0.029196 0.235204 -0.010006
v 0.030185 0.232267 -0.021477
v 0.029838 0.232290 -0.021566
v 0.029491 0.232267 -0.021477
v 0.030480 0.232199 -0.021223
v 0.029196 0.232199 -0.021223
v 0.029491 0.233947 -0.020781
v 0.029838 0.233993 -0.020861
v 0.030185 0.233947 -0.020781
v 0.029196 0.233816 -0.020553
v 0.030480 0.233816 -0.020553
v 0.030185 0.223496 -0.014747
v 0.029838 0.223403 -0.014747
v 0.029491 0.223496 -0.014747
v 0.030480 0.223759 -0.014747
v 0.029196 0.223759 -0.014747
v 0.029491 0.223733 -0.016550
v 0.029838 0.223644 -0.016574
v 0.030185 0.223733 -0.016550
v 0.029196 0.223987 -0.016482
v 0.030480 0.223987 -0.016482
v 0.029491 0.233947 -0.008712
v 0.029838 0.233993 -0.008632
v 0.030185 0.233947 -0.008712
v 0.029196 0.233816 -0.008940
v 0.030480 0.233816 -0.008940
v 0.029491 0.235390 -0.019674
v 0.029838 0.235455 -0.019739
v 0.030185 0.235390 -0.019674
v 0.029196 0.235204 -0.019488
v 0.030480 0.235204 -0.019488
v 0.029491 0.224429 -0.018230
v 0.029838 0.224349 -0.018277
v 0.030185 0.224429 -0.018230
v 0.029196 0.224657 -0.018099
v 0.030480 0.224657 -0.018099
v 0.029491 0.232267 -0.008016
v 0.029838 0.232291 -0.007927
v 0.030185 0.232267 -0.008016
v 0.029196 0.232199 -0.008270
v 0.030480 0.232199 -0.008270
v 0.030185 0.230463 -0.007779
v 0.029838 0.230463 -0.007687
v 0.029491 0.230463 -0.007779
v 0.030480 0.230463 -0.008042
v 0.029196 0.230463 -0.008042
v 0.029491 0.228660 -0.008016
v 0.029838 0.228636 -0.007927
v 0.030185 0.228660 -0.008016
v 0.029196 0.228728 -0.008270
v 0.030480 0.228728 -0.008270
v 0.029491 0.236497 -0.018230
v 0.029838 0.236577 -0.018277
v 0.030185 0.236497 -0.018230
v 0.029196 0.236270 -0.018099
v 0.030480 0.236270 -0.018099
v 0.029491 0.225536 -0.019674
v 0.029838 0.225471 -0.019739
v 0.030185 0.225536 -0.019674
v 0.029196 0.225722 -0.019488
v 0.030480 0.225722 -0.019488
v 0.029491 0.226979 -0.008712
v 0.029838 0.226933 -0.008632
v 0.030185 0.226979 -0.008712
v 0.029196 0.227111 -0.008940
v 0.030480 0.227111 -0.008940
v 0.029491 0.237193 -0.016550
v 0.029838 0.237283 -0.016574
v 0.030185 0.237193 -0.016550
v 0.029196 0.236939 -0.016482
v 0.030480 0.236939 -0.016482
v 0.029491 0.226979 -0.020781
v 0.029838 0.226933 -0.020861
v 0.030185 0.226979 -0.020781
v 0.029196 0.227111 -0.020553
v 0.030480 0.227111 -0.020553
v 0.029491 0.225536 -0.009820
v 0.029838 0.225471 -0.009754
v 0.030185 0.225536 -0.009820
v 0.029196 0.225722 -0.010006
v 0.030480 0.225722 -0.010006
v 0.029491 0.237431 -0.014747
v 0.029838 0.237523 -0.014747
v 0.030185 0.237431 -0.014747
v 0.029196 0.237168 -0.014747
v 0.030480 0.237168 -0.014747
v 0.029491 0.228660 -0.021477
v 0.029838 0.228636 -0.021566
v 0.030185 0.228660 -0.021477
v 0.029196 0.228728 -0.021223
v 0.030480 0.228728 -0.021223
v 0.029491 0.224429 -0.011263
v 0.029838 0.224349 -0.011217
v 0.030185 0.224429 -0.011263
v 0.029196 0.224657 -0.011394
v 0.030480 0.224657 -0.011394
v 0.029491 0.237193 -0.012943
v 0.029838 0.237283 -0.012919
v 0.030185 0.237193 -0.012943
v 0.029196 0.236939 -0.013011
v 0.030480 0.236939 -0.013011
v 0.029491 0.230463 -0.021714
v 0.029838 0.230463 -0.021807
v 0.030185 0.230463 -0.021714
v 0.029196 0.230463 -0.021451
v 0.030480 0.230463 -0.021451
v 0.030791 0.230463 -0.014747
v 0.028885 0.227319 -0.009301
v 0.028885 0.224175 -0.014747
v 0.028885 0.227319 -0.020192
v 0.028885 0.232091 -0.020820
v 0.028885 0.235909 -0.011603
v 0.028885 0.234909 -0.010300
v 0.028885 0.232091 -0.008673
v 0.028885 0.225018 -0.011603
v 0.028885 0.224390 -0.013119
v 0.028885 0.226017 -0.019193
v 0.028885 0.233607 -0.020192
v 0.028885 0.234909 -0.019193
v 0.028885 0.236537 -0.016374
v 0.028885 0.233607 -0.009301
v 0.028885 0.236537 -0.013119
v 0.028885 0.236751 -0.014747
v 0.028885 0.235909 -0.017891
v 0.028885 0.226017 -0.010300
v 0.028885 0.228836 -0.008673
v 0.028885 0.230463 -0.008459
v 0.028885 0.230463 -0.021035
v 0.028885 0.228836 -0.020820
v 0.028885 0.225018 -0.017891
v 0.028885 0.224390 -0.016374
v 0.030791 0.232091 -0.008673
v 0.030791 0.233607 -0.009301
v 0.030791 0.234909 -0.010300
v 0.030791 0.235909 -0.011603
v 0.030791 0.236537 -0.013119
v 0.030791 0.236751 -0.014747
v 0.030791 0.236537 -0.016374
v 0.030791 0.235909 -0.017891
v 0.030791 0.234909 -0.019193
v 0.030791 0.233607 -0.020192
v 0.030791 0.232091 -0.020820
v 0.030791 0.230463 -0.021035
v 0.030791 0.228836 -0.020820
v 0.030791 0.227319 -0.020192
v 0.030791 0.226017 -0.019193
v 0.030791 0.225018 -0.017891
v 0.030791 0.224390 -0.016374
v 0.030791 0.224175 -0.014747
v 0.030791 0.224390 -0.013119
v 0.030791 0.225018 -0.011603
v 0.030791 0.226017 -0.010300
v 0.030791 0.227319 -0.009301
v 0.030791 0.228836 -0.008673
v 0.030791 0.230463 -0.008459
v -0.029465 0.228836 0.020835
v -0.029465 0.227319 0.020206
v -0.029465 0.225018 0.017905
v -0.029465 0.227319 0.009315
v -0.029465 0.234909 0.010315
v -0.029465 0.230463 0.021049
v -0.029465 0.225018 0.011617
v -0.029465 0.230463 0.008473
v -0.029465 0.232091 0.008687
v -0.029465 0.235909 0.011617
v -0.029465 0.236537 0.013133
v -0.029465 0.236751 0.014761
v -0.031371 0.230463 0.021049
v -0.031371 0.228836 0.020835
v -0.031371 0.227319 0.020206
v -0.031371 0.226017 0.019207
v -0.031371 0.225018 0.017905
v -0.031371 0.224390 0.016388
v -0.031371 0.224175 0.014761
v -0.031371 0.224390 0.013133
v -0.031371 0.225018 0.011617
v -0.031371 0.226017 0.010315
v -0.031371 0.227319 0.009315
v -0.031371 0.228836 0.008687
v -0.031371 0.230463 0.008473
v -0.031371 0.232091 0.008687
v -0.031371 0.233607 0.009315
v -0.031371 0.234909 0.010315
v -0.031371 0.235909 0.011617
v -0.031371 0.236537 0.013133
v -0.031371 0.236751 0.014761
v -0.031371 0.236537 0.016388
v -0.031371 0.235909 0.017905
v -0.031371 0.234909 0.019207
v -0.031371 0.233607 0.020206
v -0.031371 0.232091 0.020835
v -0.031371 0.230463 0.014761
v -0.031060 0.230463 0.008056
v -0.029776 0.230463 0.008056
v -0.030765 0.230463 0.007793
v -0.030418 0.230463 0.007701
v -0.030071 0.230463 0.007793
v -0.031060 0.236939 0.016496
v -0.029776 0.236939 0.016496
v -0.030765 0.237193 0.016564
v -0.030418 0.237283 0.016588
v -0.030071 0.237193 0.016564
v -0.031060 0.224657 0.018113
v -0.029776 0.224657 0.018113
v -0.030765 0.224429 0.018245
v -0.030418 0.224349 0.018291
v -0.030071 0.224429 0.018245
v -0.031060 0.228728 0.008285
v -0.029776 0.228728 0.008285
v -0.030765 0.228660 0.008031
v -0.030418 0.228636 0.007941
v -0.030071 0.228660 0.008031
v -0.031060 0.237168 0.014761
v -0.029776 0.237168 0.014761
v -0.030765 0.237431 0.014761
v -0.030418 0.237523 0.014761
v -0.030071 0.237431 0.014761
v -0.031060 0.225722 0.019502
v -0.029776 0.225722 0.019502
v -0.030765 0.225536 0.019688
v -0.030418 0.225471 0.019753
v -0.030071 0.225536 0.019688
v -0.031060 0.227111 0.008955
v -0.029776 0.227111 0.008955
v -0.030765 0.226979 0.008727
v -0.030418 0.226933 0.008647
v -0.030071 0.226979 0.008727
v -0.031060 0.236939 0.013026
v -0.029776 0.236939 0.013026
v -0.030765 0.237193 0.012958
v -0.030418 0.237283 0.012934
v -0.030071 0.237193 0.012958
v -0.031060 0.227111 0.020567
v -0.029776 0.227111 0.020567
v -0.030765 0.226979 0.020795
v -0.030418 0.226933 0.020875
v -0.030071 0.226979 0.020795
v -0.031060 0.225722 0.010020
v -0.029776 0.225722 0.010020
v -0.030765 0.225536 0.009834
v -0.030418 0.225471 0.009769
v -0.030071 0.225536 0.009834
v -0.031060 0.236270 0.011409
v -0.029776 0.236270 0.011409
v -0.030765 0.236497 0.011277
v -0.030418 0.236577 0.011231
v -0.030071 0.236497 0.011277
v -0.031060 0.228728 0.021237
v -0.029776 0.228728 0.021237
v -0.030765 0.228660 0.021491
v -0.030418 0.228636 0.021580
v -0.030071 0.228660 0.021491
v -0.029776 0.230463 0.021466
v -0.031060 0.230463 0.021466
v -0.030071 0.230463 0.021729
v -0.030418 0.230463 0.021821
v -0.030765 0.230463 0.021729
v -0.031060 0.232199 0.021237
v -0.029776 0.232199 0.021237
v -0.030765 0.232267 0.021491
v -0.030418 0.232291 0.021580
v -0.030071 0.232267 0.021491
v -0.031060 0.224657 0.011409
v -0.029776 0.224657 0.011409
v -0.030765 0.224429 0.011277
v -0.030418 0.224349 0.011231
v -0.030071 0.224429 0.011277
v -0.031060 0.235204 0.010020
v -0.029776 0.235204 0.010020
v -0.030765 0.235390 0.009834
v -0.030418 0.235455 0.009769
v -0.030071 0.235390 0.009834
v -0.031060 0.233816 0.020567
v -0.029776 0.233816 0.020567
v -0.030765 0.233947 0.020795
v -0.030418 0.233993 0.020875
v -0.030071 0.233947 0.020795
v -0.031060 0.223987 0.013026
v -0.029776 0.223987 0.013026
v -0.030765 0.223733 0.012958
v -0.030418 0.223644 0.012934
v -0.030071 0.223733 0.012958
v -0.029776 0.223759 0.014761
v -0.031060 0.223759 0.014761
v -0.030071 0.223496 0.014761
v -0.030418 0.223403 0.014761
v -0.030765 0.223496 0.014761
v -0.031060 0.233816 0.008955
v -0.029776 0.233816 0.008955
v -0.030765 0.233947 0.008727
v -0.030418 0.233993 0.008647
v -0.030071 0.233947 0.008727
v -0.029776 0.232199 0.008285
v -0.031060 0.232199 0.008285
v -0.030071 0.232267 0.008031
v -0.030418 0.232290 0.007941
v -0.030765 0.232267 0.008031
v -0.029776 0.235204 0.019502
v -0.031060 0.235204 0.019502
v -0.030071 0.235390 0.019688
v -0.030418 0.235455 0.019753
v -0.030765 0.235390 0.019688
v -0.031060 0.236270 0.018113
v -0.029776 0.236270 0.018113
v -0.030765 0.236497 0.018245
v -0.030418 0.236577 0.018291
v -0.030071 0.236497 0.018245
v -0.031060 0.223987 0.016496
v -0.029776 0.223987 0.016496
v -0.030765 0.223733 0.016564
v -0.030418 0.223644 0.016588
v -0.030071 0.223733 0.016564
v 0.019202 0.231929 -0.009275
v 0.019202 0.233296 -0.009841
v 0.019202 0.234469 -0.010741
v 0.019202 0.235369 -0.011914
v 0.019202 0.235935 -0.013280
v 0.019202 0.236128 -0.014747
v 0.019202 0.235935 -0.016213
v 0.019202 0.235369 -0.017579
v 0.019202 0.234469 -0.018752
v 0.019202 0.233296 -0.019653
v 0.019202 0.231929 -0.020218
v 0.019202 0.230463 -0.020411
v 0.019202 0.228997 -0.020218
v 0.019202 0.227631 -0.019653
v 0.019202 0.226458 -0.018752
v 0.019202 0.225557 -0.017579
v 0.019202 0.224991 -0.016213
v 0.019202 0.224798 -0.014747
v 0.019202 0.224991 -0.013280
v 0.019202 0.225557 -0.011914
v 0.019202 0.226458 -0.010741
v 0.019202 0.227631 -0.009841
v 0.019202 0.228997 -0.009275
v 0.019202 0.230463 -0.009082
v 0.020887 0.231929 -0.009275
v 0.020887 0.233296 -0.009841
v 0.020887 0.234469 -0.010741
v 0.020887 0.235369 -0.011914
v 0.020887 0.235935 -0.013280
v 0.020887 0.236128 -0.014747
v 0.020887 0.235935 -0.016213
v 0.020887 0.235369 -0.017579
v 0.020887 0.234469 -0.018752
v 0.020887 0.233296 -0.019653
v 0.020887 0.231929 -0.020218
v 0.020887 0.230463 -0.020411
v 0.020887 0.228997 -0.020218
v 0.020887 0.227631 -0.019653
v 0.020887 0.226458 -0.018752
v 0.020887 0.225557 -0.017579
v 0.020887 0.224991 -0.016213
v 0.020887 0.224798 -0.014747
v 0.020887 0.224991 -0.013280
v 0.020887 0.225557 -0.011914
v 0.020887 0.226458 -0.010741
v 0.020887 0.227631 -0.009841
v 0.020887 0.228997 -0.009275
v 0.020887 0.230463 -0.009082
v -0.019782 0.231929 0.020233
v -0.019782 0.233296 0.019667
v -0.019782 0.234469 0.018767
v -0.019782 0.235369 0.017593
v -0.019782 0.235935 0.016227
v -0.019782 0.236128 0.014761
v -0.019782 0.235935 0.013295
v -0.019782 0.235369 0.011928
v -0.019782 0.234469 0.010755
v -0.019782 0.233296 0.009855
v -0.019782 0.231929 0.009289
v -0.019782 0.230463 0.009096
v -0.019782 0.228997 0.009289
v -0.019782 0.227631 0.009855
v -0.019782 0.226458 0.010755
v -0.019782 0.225557 0.011928
v -0.019782 0.224991 0.013295
v -0.019782 0.224798 0.014761
v -0.019782 0.224991 0.016227
v -0.019782 0.225557 0.017593
v -0.019782 0.226458 0.018767
v -0.019782 0.227631 0.019667
v -0.019782 0.228997 0.020233
v -0.019782 0.230463 0.020426
v -0.021467 0.231929 0.020233
v -0.021467 0.233296 0.019667
v -0.021467 0.234469 0.018767
v -0.021467 0.235369 0.017593
v -0.021467 0.235935 0.016227
v -0.021467 0.236128 0.014761
v -0.021467 0.235935 0.013295
v -0.021467 0.235369 0.011928
v -0.021467 0.234469 0.010755
v -0.021467 0.233296 0.009855
v -0.021467 0.231929 0.009289
v -0.021467 0.230463 0.009096
v -0.021467 0.228997 0.009289
v -0.021467 0.227631 0.009855
v -0.021467 0.226458 0.010755
v -0.021467 0.225557 0.011928
v -0.021467 0.224991 0.013295
v -0.021467 0.224798 0.014761
v -0.021467 0.224991 0.016227
v -0.021467 0.225557 0.017593
v -0.021467 0.226458 0.018767
v -0.021467 0.227631 0.019667
v -0.021467 0.228997 0.020233
v -0.021467 0.230463 0.020426
v 0.009646 0.252033 0.010009
v 0.007592 0.251089 0.009184
v 0.006272 0.251367 0.007192
v 0.006458 0.252703 0.005200
v 0.008041 0.254315 0.004375
v 0.010095 0.255259 0.005200
v 0.011415 0.254982 0.007192
v 0.011229 0.253646 0.009184
v 0.013388 0.247145 0.007839
v 0.011265 0.246282 0.006947
v 0.010189 0.246350 0.004792
v 0.010844 0.247274 0.002638
v 0.012885 0.248457 0.001746
v 0.015058 0.249247 0.002638
v 0.016055 0.249235 0.004792
v 0.015349 0.248384 0.006946
v 0.015040 0.244094 0.007302
v 0.012715 0.243412 0.006396
v 0.011601 0.243459 0.004206
v 0.012386 0.244141 0.002016
v 0.014563 0.244970 0.001108
v 0.017165 0.245530 0.002015
v 0.018062 0.245581 0.004205
v 0.017115 0.245021 0.006395
v 0.015909 0.237485 0.006680
v 0.013653 0.237277 0.005761
v 0.012566 0.237335 0.003542
v 0.015264 0.237794 0.000401
v 0.018203 0.237768 0.005759
v 0.013158 0.237592 0.001322
v 0.018104 0.237891 0.001320
v 0.019344 0.237924 0.003539
v 0.015472 0.230679 0.006416
v 0.013251 0.230763 0.005499
v 0.012331 0.230925 0.003282
v 0.013252 0.231071 0.001064
v 0.017697 0.231031 0.001061
v 0.018618 0.230869 0.003278
v 0.017690 0.230723 0.005496
v 0.015474 0.231115 0.000144
v 0.015400 0.223448 0.005487
v 0.012262 0.224223 0.002435
v 0.013186 0.224737 0.000274
v 0.018548 0.224155 0.002429
v 0.017624 0.223641 0.004590
v 0.013178 0.223689 0.004594
v 0.015410 0.224930 -0.000623
v 0.017631 0.224689 0.000270
v 0.013103 0.216765 0.001660
v 0.012193 0.218033 -0.000172
v 0.013126 0.219283 -0.002003
v 0.017571 0.219241 -0.002005
v 0.018480 0.217972 -0.000173
v 0.017548 0.216722 0.001658
v 0.015320 0.216222 0.002418
v 0.015353 0.219784 -0.002763
v 0.015294 0.213263 -0.000194
v 0.012171 0.215533 -0.002398
v 0.018458 0.215485 -0.002389
v 0.017523 0.213903 -0.000835
v 0.013078 0.213938 -0.000842
v 0.013107 0.217114 -0.003952
v 0.015335 0.217755 -0.004593
v 0.017552 0.217080 -0.003945
v 0.015286 0.210872 -0.003177
v 0.013070 0.211628 -0.003729
v 0.012165 0.213432 -0.005037
v 0.013101 0.215229 -0.006335
v 0.015330 0.215965 -0.006863
v 0.017546 0.215209 -0.006311
v 0.017515 0.211607 -0.003704
v 0.018451 0.213404 -0.005002
v 0.012333 0.208314 -0.013936
v 0.013268 0.210263 -0.014993
v 0.015495 0.211096 -0.015360
v 0.017710 0.210325 -0.014823
v 0.018615 0.208402 -0.013696
v 0.017680 0.206453 -0.012639
v 0.015453 0.205620 -0.012272
v 0.013238 0.206391 -0.012809
v 0.012527 0.206438 -0.016864
v 0.013481 0.208200 -0.018195
v 0.015713 0.208988 -0.018627
v 0.017915 0.208340 -0.017907
v 0.018798 0.206635 -0.016456
v 0.017843 0.204874 -0.015125
v 0.015612 0.204086 -0.014692
v 0.013410 0.204734 -0.015413
v 0.012845 0.203713 -0.018861
v 0.013898 0.204644 -0.020814
v 0.016160 0.205172 -0.021438
v 0.018028 0.203269 -0.016278
v 0.015765 0.202741 -0.015653
v 0.013619 0.202925 -0.016723
v 0.018307 0.204988 -0.020368
v 0.019081 0.204200 -0.018230
v 0.013244 0.200451 -0.019578
v 0.014379 0.200699 -0.021684
v 0.018765 0.201241 -0.021200
v 0.019446 0.201217 -0.018893
v 0.018311 0.200968 -0.016786
v 0.016024 0.200641 -0.016114
v 0.013925 0.200427 -0.017271
v 0.016666 0.201027 -0.022356
v 0.016445 0.197512 -0.016046
v 0.014362 0.197178 -0.017203
v 0.013705 0.197019 -0.019512
v 0.014859 0.197129 -0.021621
v 0.019230 0.197776 -0.021136
v 0.019887 0.197935 -0.018827
v 0.018733 0.197825 -0.016719
v 0.017147 0.197442 -0.022293
v 0.014796 0.190260 -0.019242
v 0.019799 0.191232 -0.016455
v 0.017516 0.190880 -0.015781
v 0.015444 0.190477 -0.016935
v 0.015953 0.190354 -0.021350
v 0.018235 0.190706 -0.022024
v 0.020307 0.191108 -0.020869
v 0.020955 0.191326 -0.018563
v 0.016998 0.183764 -0.021047
v 0.019291 0.184046 -0.021718
v 0.018579 0.184170 -0.015472
v 0.016495 0.183852 -0.016631
v 0.015840 0.183684 -0.018939
v 0.021376 0.184364 -0.020559
v 0.022031 0.184532 -0.018251
v 0.020872 0.184452 -0.016143
v 0.019093 0.177365 -0.015374
v 0.016318 0.177427 -0.018847
v 0.019790 0.177375 -0.021622
v 0.016986 0.177407 -0.016536
v 0.017479 0.177414 -0.020954
v 0.021896 0.177334 -0.020461
v 0.022565 0.177313 -0.018150
v 0.021404 0.177326 -0.016043
v 0.015624 0.171443 -0.018895
v 0.021027 0.170056 -0.020514
v 0.021681 0.169907 -0.018204
v 0.020561 0.170208 -0.016096
v 0.018323 0.170782 -0.015425
v 0.016278 0.171294 -0.016585
v 0.016744 0.171142 -0.021003
v 0.018982 0.170568 -0.021674
v 0.013393 0.166172 -0.018753
v 0.014342 0.165473 -0.020850
v 0.016280 0.164205 -0.021502
v 0.018071 0.163109 -0.020327
v 0.018666 0.162829 -0.018013
v 0.017717 0.163527 -0.015916
v 0.015779 0.164796 -0.015263
v 0.013989 0.165891 -0.016439
v 0.011344 0.160029 -0.014979
v 0.009657 0.162136 -0.018512
v 0.011623 0.159195 -0.021204
v 0.012874 0.157532 -0.019995
v 0.012676 0.158123 -0.015594
v 0.010093 0.161692 -0.016188
v 0.010291 0.161101 -0.020590
v 0.013310 0.157088 -0.017671
v 0.004920 0.158549 -0.020388
v 0.005476 0.156283 -0.020976
v 0.005994 0.154284 -0.019743
v 0.005900 0.154926 -0.015345
v 0.005343 0.157191 -0.014757
v 0.004826 0.159191 -0.015990
v 0.004650 0.159753 -0.018323
v 0.006169 0.153721 -0.017410
v -0.001299 0.156756 -0.014772
v -0.001174 0.158817 -0.016007
v -0.001130 0.159402 -0.018341
v -0.001432 0.154427 -0.015359
v -0.001193 0.158169 -0.020405
v -0.001325 0.155839 -0.020992
v -0.001451 0.153778 -0.019756
v -0.001495 0.153193 -0.017423
v -0.006900 0.159984 -0.016038
v -0.007147 0.159390 -0.020436
v -0.008572 0.155916 -0.015394
v -0.007685 0.158073 -0.014805
v -0.006677 0.160530 -0.018370
v -0.008034 0.157233 -0.021026
v -0.008819 0.155321 -0.019793
v -0.009042 0.154776 -0.017460
v -0.013025 0.161624 -0.014768
v -0.011488 0.162999 -0.016006
v -0.011064 0.163400 -0.018340
v -0.012003 0.162593 -0.020403
v -0.013754 0.161049 -0.020986
v -0.014777 0.160081 -0.015351
v -0.015292 0.159674 -0.019747
v -0.015715 0.159273 -0.017413
v -0.016985 0.167100 -0.020937
v -0.016086 0.167386 -0.014721
v -0.014131 0.168035 -0.015965
v -0.013585 0.168220 -0.018301
v -0.014767 0.167832 -0.020360
v -0.018939 0.166451 -0.019693
v -0.019485 0.166265 -0.017357
v -0.018303 0.166653 -0.015298
v -0.017251 0.173940 -0.014754
v -0.015193 0.174050 -0.015995
v -0.014613 0.174058 -0.018330
v -0.015851 0.173961 -0.020391
v -0.020819 0.173697 -0.017394
v -0.019581 0.173794 -0.015333
v -0.018181 0.173815 -0.020970
v -0.020239 0.173705 -0.019729
v -0.016933 0.180490 -0.014844
v -0.014362 0.179850 -0.018414
v -0.015559 0.180160 -0.020478
v -0.017821 0.180734 -0.021063
v -0.019194 0.181065 -0.015430
v -0.014931 0.179987 -0.016081
v -0.019822 0.181238 -0.019827
v -0.020391 0.181375 -0.017494
v -0.013829 0.185973 -0.014683
v -0.011823 0.184303 -0.018281
v -0.012699 0.185212 -0.020329
v -0.014405 0.186813 -0.020887
v -0.015536 0.187575 -0.015241
v -0.012291 0.184618 -0.015942
v -0.015943 0.188169 -0.019627
v -0.016412 0.188484 -0.017289
v -0.002301 0.191465 -0.014344
v -0.001940 0.188951 -0.017993
v -0.002131 0.190235 -0.020019
v -0.002471 0.192561 -0.020533
v -0.002642 0.193790 -0.014858
v -0.002010 0.189460 -0.015643
v -0.002762 0.194565 -0.019234
v -0.002833 0.195074 -0.016884
v -0.007829 0.188588 -0.020112
v -0.007346 0.187391 -0.018082
v -0.008787 0.190732 -0.020636
v -0.008495 0.189675 -0.014445
v -0.009453 0.191819 -0.014969
v -0.009936 0.193016 -0.016999
v -0.009660 0.192566 -0.019346
v -0.001815 0.189503 -0.015641
v -0.002087 0.191510 -0.014343
v -0.001751 0.188992 -0.017992
v -0.001933 0.190278 -0.020017
v -0.002254 0.192606 -0.020531
v -0.002526 0.194613 -0.019233
v -0.002589 0.195123 -0.016882
v -0.002408 0.193838 -0.014857
v -0.007622 0.187841 -0.015734
v -0.024915 0.257026 0.012239
v -0.026499 0.257103 0.011587
v -0.027155 0.257289 0.010014
v -0.026499 0.257474 0.008441
v -0.024915 0.257551 0.007789
v -0.023331 0.257474 0.008441
v -0.022675 0.257289 0.010014
v -0.023331 0.257103 0.011587
v -0.024915 0.252422 0.011691
v -0.026499 0.252619 0.011046
v -0.027155 0.253084 0.009490
v -0.026499 0.253539 0.007934
v -0.024915 0.253724 0.007289
v -0.023331 0.253539 0.007934
v -0.022675 0.253084 0.009490
v -0.023331 0.252619 0.011046
v -0.024915 0.248549 0.010801
v -0.026499 0.248818 0.010174
v -0.027155 0.249453 0.008660
v -0.026499 0.250069 0.007140
v -0.024915 0.250318 0.006510
v -0.023331 0.250069 0.007140
v -0.022675 0.249453 0.008660
v -0.023331 0.248818 0.010174
v -0.024915 0.245116 0.009174
v -0.026499 0.245448 0.008530
v -0.027155 0.246235 0.007102
v -0.026499 0.247001 0.005713
v -0.024915 0.247312 0.005113
v -0.023331 0.247001 0.005713
v -0.023331 0.245448 0.008530
v -0.022675 0.246235 0.007102
v -0.024917 0.242134 0.006654
v -0.027157 0.243344 0.004685
v -0.026501 0.244181 0.003378
v -0.024917 0.244522 0.002809
v -0.023333 0.244174 0.003371
v -0.022677 0.243334 0.004674
v -0.023333 0.242486 0.006012
v -0.026501 0.242493 0.006020
v -0.024966 0.239165 0.004466
v -0.027214 0.240010 0.002327
v -0.023384 0.239376 0.003794
v -0.026552 0.239426 0.003832
v -0.026564 0.240575 0.000819
v -0.024982 0.240788 0.000172
v -0.023396 0.240524 0.000782
v -0.022734 0.239939 0.002275
v -0.025184 0.230727 0.002232
v -0.027441 0.231192 0.000058
v -0.023631 0.231385 -0.001548
v -0.023605 0.230807 0.001566
v -0.026772 0.230887 0.001607
v -0.026798 0.231464 -0.001508
v -0.025219 0.231544 -0.002173
v -0.022962 0.231080 0.000001
v -0.027693 0.222106 -0.001297
v -0.027052 0.222281 -0.002878
v -0.025475 0.222320 -0.003549
v -0.023886 0.222199 -0.002919
v -0.023855 0.221814 0.000226
v -0.025432 0.221776 0.000898
v -0.027022 0.221897 0.000267
v -0.023214 0.221989 -0.001355
v -0.027267 0.212808 -0.000670
v -0.027940 0.212962 -0.002240
v -0.025725 0.213101 -0.004500
v -0.024101 0.212729 -0.000711
v -0.025677 0.212712 -0.000037
v -0.027301 0.213084 -0.003826
v -0.024134 0.213004 -0.003867
v -0.023462 0.212850 -0.002297
v -0.026097 0.194461 -0.001206
v -0.027688 0.194519 -0.001842
v -0.027725 0.194663 -0.005007
v -0.026149 0.194665 -0.005682
v -0.024557 0.194606 -0.005046
v -0.023883 0.194523 -0.003472
v -0.024521 0.194462 -0.001881
v -0.028362 0.194603 -0.003416
v -0.026257 0.176157 -0.001745
v -0.027849 0.176151 -0.002383
v -0.028523 0.176165 -0.003959
v -0.027886 0.176191 -0.005550
v -0.026310 0.176214 -0.006225
v -0.024718 0.176220 -0.005587
v -0.024043 0.176206 -0.004011
v -0.024681 0.176180 -0.002420
v -0.027362 0.166756 -0.002358
v -0.028021 0.166594 -0.003932
v -0.027392 0.166677 -0.005525
v -0.023621 0.167433 -0.003995
v -0.024250 0.167349 -0.002403
v -0.025799 0.167069 -0.001724
v -0.025843 0.166958 -0.006203
v -0.024280 0.167271 -0.005570
v -0.026348 0.161708 -0.003855
v -0.025777 0.161968 -0.005450
v -0.022313 0.163653 -0.003936
v -0.022884 0.163394 -0.002340
v -0.024302 0.162716 -0.001656
v -0.025737 0.162018 -0.002283
v -0.024359 0.162645 -0.006135
v -0.022924 0.163344 -0.005508
v -0.023730 0.157430 -0.003832
v -0.023228 0.157803 -0.005429
v -0.020139 0.160107 -0.003918
v -0.021902 0.158796 -0.001635
v -0.023181 0.157842 -0.002261
v -0.021968 0.158742 -0.006115
v -0.020688 0.159696 -0.005489
v -0.020641 0.159735 -0.002322
v -0.018865 0.155351 -0.001642
v -0.019977 0.154206 -0.002269
v -0.020459 0.153718 -0.003840
v -0.018934 0.155301 -0.006122
v -0.017822 0.156445 -0.005496
v -0.020027 0.154171 -0.005436
v -0.017340 0.156934 -0.003924
v -0.017772 0.156480 -0.002328
v -0.016273 0.151115 -0.002291
v -0.016679 0.150563 -0.003863
v -0.016321 0.151078 -0.005459
v -0.015409 0.152358 -0.006144
v -0.014477 0.153654 -0.005516
v -0.014429 0.153690 -0.002349
v -0.015341 0.152410 -0.001664
v -0.014071 0.154205 -0.003944
v -0.011432 0.150010 -0.001691
v -0.012207 0.148553 -0.005488
v -0.010759 0.151370 -0.005542
v -0.010438 0.151974 -0.003970
v -0.012165 0.148593 -0.002320
v -0.012486 0.147990 -0.003892
v -0.011492 0.149954 -0.006171
v -0.010717 0.151410 -0.002375
v -0.007207 0.148232 -0.001717
v -0.007719 0.146722 -0.002348
v -0.007944 0.146079 -0.003921
v -0.007751 0.146678 -0.005515
v -0.007252 0.148170 -0.006197
v -0.006515 0.150324 -0.003994
v -0.006740 0.149680 -0.005567
v -0.006708 0.149724 -0.002399
v -0.002767 0.147106 -0.001737
v -0.003040 0.145535 -0.002368
v -0.003160 0.144865 -0.003942
v -0.003058 0.145487 -0.005536
v -0.002520 0.148609 -0.005586
v -0.002400 0.149279 -0.004012
v -0.002793 0.147038 -0.006217
v -0.002502 0.148657 -0.002418
v 0.001782 0.145098 -0.002376
v 0.001778 0.144417 -0.003950
v 0.001800 0.148216 -0.005593
v 0.001799 0.148265 -0.002425
v 0.001790 0.146692 -0.001745
v 0.001782 0.145049 -0.005544
v 0.001791 0.146622 -0.006225
v 0.001803 0.148897 -0.004019
v 0.006711 0.145662 -0.002355
v 0.006893 0.145004 -0.003928
v 0.006751 0.145618 -0.005523
v 0.005786 0.149345 -0.004003
v 0.005928 0.148731 -0.002408
v 0.006311 0.147206 -0.001726
v 0.006368 0.147143 -0.006205
v 0.005969 0.148687 -0.005575
v 0.010558 0.148862 -0.001667
v 0.011319 0.147459 -0.002292
v 0.011665 0.146864 -0.003863
v 0.011393 0.147428 -0.005459
v 0.010663 0.148818 -0.006146
v 0.009556 0.150816 -0.003951
v 0.009902 0.150222 -0.005521
v 0.009828 0.150253 -0.002354
v 0.015367 0.150184 -0.002202
v 0.015829 0.149667 -0.003771
v 0.015463 0.150167 -0.005369
v 0.014483 0.151392 -0.006062
v 0.013464 0.152625 -0.005442
v 0.013369 0.152642 -0.002276
v 0.014348 0.151417 -0.001583
v 0.013003 0.153142 -0.003874
v 0.017649 0.154590 -0.001488
v 0.018957 0.153525 -0.005269
v 0.016599 0.155639 -0.005352
v 0.016057 0.156080 -0.003786
v 0.018850 0.153532 -0.002102
v 0.019392 0.153091 -0.003668
v 0.017800 0.154581 -0.005966
v 0.016492 0.155646 -0.002186
v 0.020616 0.158213 -0.005872
v 0.018679 0.159462 -0.003699
v 0.020459 0.158213 -0.001394
v 0.021796 0.157330 -0.002004
v 0.022396 0.156965 -0.003567
v 0.021908 0.157330 -0.005170
v 0.019279 0.159096 -0.005263
v 0.019167 0.159096 -0.002096
v 0.024376 0.166497 -0.001268
v 0.025929 0.166092 -0.001871
v 0.026616 0.165916 -0.003432
v 0.026035 0.166073 -0.005037
v 0.024525 0.166471 -0.005746
v 0.022972 0.166876 -0.005143
v 0.022285 0.167052 -0.003582
v 0.022867 0.166895 -0.001977
v 0.025160 0.175644 -0.001348
v 0.026763 0.175568 -0.001953
v 0.027469 0.175525 -0.003515
v 0.025304 0.175606 -0.005826
v 0.023701 0.175682 -0.005222
v 0.026864 0.175541 -0.005119
v 0.022995 0.175725 -0.003660
v 0.023599 0.175709 -0.002055
v 0.025494 0.184799 -0.001356
v 0.027202 0.184780 -0.005127
v 0.024036 0.184864 -0.005229
v 0.023329 0.184872 -0.003668
v 0.027098 0.184761 -0.001960
v 0.027806 0.184753 -0.003522
v 0.025640 0.184826 -0.005834
v 0.023933 0.184845 -0.002063
v 0.025734 0.189444 -0.005781
v 0.023422 0.189440 -0.003615
v 0.025587 0.189372 -0.001304
v 0.027192 0.189360 -0.001908
v 0.027900 0.189376 -0.003469
v 0.027296 0.189410 -0.005074
v 0.024130 0.189456 -0.005177
v 0.024026 0.189406 -0.002011
v 0.025565 0.198496 -0.001040
v 0.027170 0.198559 -0.001642
v 0.027273 0.198702 -0.004805
v 0.024107 0.198635 -0.004912
v 0.023400 0.198550 -0.003353
v 0.027877 0.198644 -0.003202
v 0.025712 0.198698 -0.005514
v 0.024004 0.198492 -0.001749
v 0.025099 0.207535 -0.000434
v 0.027396 0.207943 -0.002577
v 0.022935 0.207566 -0.002748
v 0.023541 0.207466 -0.001147
v 0.026696 0.207732 -0.001026
v 0.026790 0.208043 -0.004178
v 0.025232 0.207975 -0.004891
v 0.023636 0.207777 -0.004298
v 0.023949 0.216449 0.000734
v 0.026216 0.217107 -0.001378
v 0.025531 0.216772 0.000157
v 0.025604 0.217259 -0.002973
v 0.024052 0.217137 -0.003692
v 0.022470 0.216814 -0.003115
v 0.021785 0.216479 -0.001579
v 0.022397 0.216328 0.000015
v 0.024997 0.221265 0.000754
v 0.025088 0.221595 -0.002396
v 0.021230 0.221156 -0.000959
v 0.023400 0.221083 0.001349
v 0.025696 0.221477 -0.000797
v 0.023527 0.221550 -0.003105
v 0.021930 0.221368 -0.002510
v 0.021839 0.221038 0.000640
v 0.024877 0.225816 0.001057
v 0.025581 0.225859 -0.000505
v 0.023274 0.225821 0.001665
v 0.024973 0.225925 -0.002107
v 0.023410 0.225975 -0.002810
v 0.021807 0.225979 -0.002202
v 0.021103 0.225936 -0.000639
v 0.021711 0.225871 0.000963
v 0.023485 0.230521 0.002241
v 0.025782 0.230329 0.000068
v 0.025173 0.230358 -0.001535
v 0.025083 0.230396 0.001632
v 0.023613 0.230467 -0.002237
v 0.022015 0.230592 -0.001627
v 0.021316 0.230659 -0.000063
v 0.021925 0.230630 0.001539
v 0.026202 0.234848 0.000013
v 0.025591 0.234855 -0.001588
v 0.021749 0.235324 -0.000121
v 0.022360 0.235316 0.001481
v 0.023917 0.235174 0.002184
v 0.025509 0.234980 0.001576
v 0.024033 0.234997 -0.002291
v 0.022442 0.235192 -0.001683
v 0.024507 0.239979 0.001327
v 0.026755 0.239351 -0.000815
v 0.026121 0.239175 -0.002398
v 0.022309 0.239888 -0.000952
v 0.022942 0.240063 0.000631
v 0.026086 0.239684 0.000728
v 0.024557 0.239260 -0.003095
v 0.022977 0.239555 -0.002495
v 0.027166 0.243248 -0.003239
v 0.026426 0.242127 -0.004304
v 0.025052 0.245040 -0.001722
v 0.026597 0.244455 -0.002170
v 0.024811 0.241752 -0.004738
v 0.023266 0.242343 -0.004286
v 0.022696 0.243551 -0.003217
v 0.023436 0.244668 -0.002155
v 0.027236 0.246291 -0.006679
v 0.024876 0.244841 -0.008226
v 0.022763 0.246455 -0.006495
v 0.025123 0.247898 -0.004958
v 0.026668 0.247399 -0.005510
v 0.026494 0.245230 -0.007803
v 0.023331 0.245346 -0.007673
v 0.023505 0.247513 -0.005378
v 0.025093 0.250990 -0.007236
v 0.027204 0.249776 -0.009301
v 0.026638 0.250617 -0.007896
v 0.026460 0.248956 -0.010641
v 0.024841 0.248643 -0.011136
v 0.023297 0.249025 -0.010469
v 0.022731 0.249872 -0.009061
v 0.023475 0.250684 -0.007725
v 0.027158 0.253740 -0.010983
v 0.026411 0.253150 -0.012436
v 0.022685 0.253799 -0.010724
v 0.025051 0.254608 -0.008742
v 0.026594 0.254343 -0.009452
v 0.024792 0.252922 -0.012962
v 0.023249 0.253192 -0.012254
v 0.023432 0.254384 -0.009269
v 0.024986 0.262873 -0.010436
v 0.026529 0.262746 -0.011174
v 0.027090 0.262456 -0.012768
v 0.026341 0.262174 -0.014285
v 0.024721 0.262064 -0.014835
v 0.023179 0.262192 -0.014098
v 0.022618 0.262482 -0.012504
v 0.023366 0.262764 -0.010987
vn 0.2866 -0.7478 -0.5989
vn 0.5201 -0.5905 -0.6171
vn 0.6657 -0.6824 -0.3019
vn 0.3582 -0.8887 -0.2862
vn 0.8847 -0.2346 0.4028
vn 0.9191 -0.3744 0.1228
vn 0.8754 -0.4116 0.2534
vn 0.8286 -0.2258 0.5123
vn -0.0487 0.0008 0.9988
vn 0.1037 -0.6703 0.7348
vn -0.0004 -0.6804 0.7328
vn 0.0117 0.0008 0.9999
vn -0.1039 0.2611 -0.9597
vn 0.2555 0.6956 -0.6715
vn 0.1317 0.7392 -0.6605
vn -0.0580 0.2532 -0.9657
vn 0.9375 -0.1878 0.2929
vn 0.8833 -0.3664 0.2925
vn 0.7140 -0.2944 0.6352
vn 0.7576 -0.1487 0.6356
vn 0.1301 -0.0030 0.9915
vn 0.1267 -0.0086 0.9919
vn 0.4101 -0.0360 0.9113
vn 0.5087 -0.0231 0.8606
vn -0.6883 -0.0006 -0.7254
vn -0.6908 -0.0007 -0.7231
vn -0.3681 0.0002 -0.9298
vn -0.3656 0.0002 -0.9308
vn 0.4936 0.7246 -0.4810
vn 0.4926 0.6083 -0.6223
vn 0.4911 0.6424 -0.5883
vn 0.4934 0.7321 -0.4698
vn 0.7133 -0.3857 0.5851
vn 0.9245 -0.2030 0.3227
vn 0.9263 -0.2497 0.2821
vn 0.7097 -0.4678 0.5268
vn -0.5315 -0.4476 -0.7191
vn -0.6057 -0.4179 -0.6771
vn -0.5598 -0.2879 -0.7770
vn -0.4925 -0.3076 -0.8142
vn -0.5117 0.6330 0.5809
vn -0.5137 0.7209 0.4652
vn -0.5152 0.7143 0.4736
vn -0.5159 0.6003 0.6112
vn 0.3980 0.4824 -0.7803
vn 0.4631 0.4800 -0.7451
vn 0.4485 0.4368 -0.7798
vn 0.3803 0.4346 -0.8164
vn -0.5594 -0.5605 0.6106
vn -0.6376 -0.4816 0.6013
vn -0.6596 -0.5873 0.4691
vn -0.5716 -0.6687 0.4755
vn -0.5228 -0.8451 -0.1115
vn -0.5852 -0.8102 -0.0338
vn -0.1538 -0.9879 -0.0195
vn -0.1059 -0.9938 -0.0348
vn 0.7160 0.3761 0.5881
vn 0.9300 0.1980 0.3096
vn 0.9301 0.1032 0.3526
vn 0.7160 0.1959 0.6700
vn 0.9636 0.2675 0.0036
vn 0.9657 0.2596 0.0049
vn 0.8861 0.0363 -0.4620
vn 0.8969 -0.0437 -0.4401
vn -0.7149 0.6993 0.0002
vn -0.7067 0.7075 0.0021
vn -0.8336 0.5524 0.0005
vn -0.8767 0.4810 -0.0027
vn -0.4467 0.7734 -0.4498
vn -0.4426 0.8444 -0.3018
vn 0.0984 0.9364 -0.3369
vn 0.0988 0.8577 -0.5045
vn 0.4933 0.4213 -0.7610
vn 0.4911 0.2777 -0.8256
vn 0.5188 0.2568 -0.8154
vn 0.5177 0.3972 -0.7578
vn -0.6894 -0.0270 0.7239
vn -0.6745 0.0006 0.7383
vn -0.7375 -0.0065 0.6753
vn -0.8591 -0.0596 0.5083
vn -0.5106 0.7215 0.4677
vn -0.5091 0.6316 0.5847
vn -0.8478 0.4315 0.3082
vn -0.8554 0.4579 0.2420
vn -0.5174 -0.0393 0.8548
vn -0.5173 -0.1992 0.8323
vn -0.5184 -0.2136 0.8280
vn -0.5186 -0.0561 0.8532
vn -0.3728 0.7363 -0.5647
vn -0.3870 0.6466 -0.6574
vn -0.7086 0.4743 -0.5224
vn -0.6576 0.6718 -0.3409
vn 0.7139 0.6342 -0.2969
vn 0.7579 0.4219 -0.4976
vn 0.7269 0.5278 -0.4393
vn 0.6829 0.6917 -0.2350
vn 0.7133 -0.6475 0.2681
vn 0.6829 -0.5848 0.4378
vn 0.8837 -0.3424 0.3192
vn 0.9266 -0.3456 0.1480
vn 0.9190 -0.2757 -0.2818
vn 0.7769 -0.2990 -0.5542
vn 0.7328 -0.5240 -0.4340
vn 0.8667 -0.4714 -0.1630
vn -0.4166 0.3751 -0.8281
vn -0.3393 0.3731 -0.8635
vn -0.3579 0.3070 -0.8819
vn -0.4391 0.3091 -0.8436
vn 0.6147 -0.1477 0.7748
vn 0.3279 -0.0319 0.9442
vn 0.3677 0.3029 0.8792
vn 0.7064 0.1805 0.6844
vn -0.1029 -0.5518 -0.8276
vn -0.0968 -0.3619 -0.9272
vn -0.2594 -0.3366 -0.9052
vn -0.3584 -0.5088 -0.7827
vn 0.3141 0.2698 -0.9102
vn 0.2771 0.4137 -0.8672
vn 0.5861 0.4422 -0.6789
vn 0.6265 0.3218 -0.7099
vn 0.0745 0.2013 -0.9767
vn 0.0592 0.3529 -0.9338
vn -0.0000 -0.9636 -0.2673
vn -0.0000 -0.9939 0.1106
vn -0.1010 -0.9889 0.1087
vn -0.0769 -0.9599 -0.2695
vn -0.0990 -0.3745 -0.9219
vn -0.0947 -0.4624 -0.8816
vn 0.0947 -0.4624 -0.8816
vn 0.0990 -0.3745 -0.9219
vn 0.0976 -0.0934 0.9908
vn -0.0976 -0.0934 0.9908
vn -0.0975 -0.3788 0.9203
vn 0.0975 -0.3788 0.9203
vn 0.5115 0.6575 0.5532
vn 0.5091 0.7454 0.4303
vn 0.8491 0.4788 0.2233
vn 0.8526 0.4392 0.2833
vn -0.0988 0.9449 -0.3121
vn -0.3787 0.8778 -0.2935
vn -0.3787 0.9202 -0.0994
vn -0.0988 0.9895 -0.1056
vn 0.7127 0.1001 -0.6942
vn 0.7899 0.3820 -0.4797
vn 0.7805 0.0901 -0.6187
vn -0.4764 -0.8395 0.2614
vn -0.4680 -0.8770 0.1085
vn -0.9415 -0.3308 0.0646
vn -0.9431 -0.2947 0.1541
vn 0.5229 -0.4720 0.7098
vn 0.5370 -0.5953 0.5977
vn 0.8626 -0.3574 0.3581
vn 0.8591 -0.2838 0.4259
vn -0.8301 -0.5576 -0.0006
vn -0.4830 -0.4094 -0.7741
vn -0.5492 -0.2870 -0.7849
vn -0.9234 -0.3839 -0.0013
vn 0.7854 0.5521 0.2799
vn 0.7601 0.5973 0.2557
vn 0.5637 0.6517 0.5075
vn 0.5746 0.6474 0.5008
vn 0.2939 0.9558 0.0001
vn 0.2952 0.9554 -0.0000
vn 0.5653 0.8249 -0.0001
vn 0.5656 0.8247 -0.0002
vn 0.9952 -0.0000 0.0980
vn 0.9945 -0.0278 0.1008
vn 0.9950 -0.0177 -0.0987
vn 0.9953 -0.0000 -0.0972
vn 0.3903 -0.0757 -0.9176
vn 0.7128 -0.0024 -0.7014
vn 0.7188 -0.1262 -0.6837
vn 0.3990 -0.1449 -0.9054
vn 0.4054 -0.2710 0.8730
vn 0.6427 -0.4281 0.6353
vn 0.5467 -0.5454 0.6353
vn 0.3448 -0.3449 0.8730
vn 1.0000 -0.0000 -0.0000
vn -0.7011 -0.6259 -0.3415
vn -0.8350 -0.5232 -0.1701
vn -0.3865 -0.9052 -0.1769
vn -0.3771 -0.0015 -0.9262
vn -0.0919 0.0081 -0.9957
vn -0.1086 0.0133 -0.9940
vn -0.2102 -0.0126 -0.9776
vn -0.0763 -0.4710 0.8789
vn -0.1165 -0.2579 0.9591
vn -0.0091 -0.2821 0.9593
vn 0.0066 -0.4934 0.8698
vn -0.1477 -0.9810 0.1260
vn -0.0871 -0.9867 0.1372
vn -0.0530 -0.8355 0.5469
vn -0.0420 -0.8358 0.5474
vn -0.1448 -0.8081 0.5710
vn -0.0000 -0.8146 0.5800
vn -0.0000 -0.7063 0.7079
vn -0.1397 -0.6949 0.7054
vn 0.5059 -0.8571 0.0975
vn 0.4672 -0.7983 0.3801
vn 0.3744 -0.8461 0.3793
vn 0.4028 -0.9100 0.0979
vn -0.2581 -0.5103 0.8204
vn -0.1328 -0.5437 0.8287
vn -0.1208 -0.3718 0.9204
vn -0.2337 -0.3391 0.9112
vn -0.7774 -0.5224 -0.3504
vn -0.8416 -0.4183 -0.3415
vn -0.7119 -0.3539 -0.6066
vn -0.6585 -0.4376 -0.6123
vn -0.0000 0.2588 0.9659
vn -0.0000 0.5000 0.8660
vn 0.3955 0.4592 0.7954
vn 0.3955 0.2377 0.8872
vn 0.3245 -0.8833 0.3383
vn 0.2883 -0.9408 0.1781
vn 0.5126 -0.8420 0.1683
vn 0.5233 -0.7886 0.3228
vn -1.0000 0.0003 -0.0045
vn -0.9219 -0.0000 -0.3875
vn -0.9306 -0.0815 -0.3568
vn -0.9958 -0.0862 -0.0306
vn -0.1004 -0.9763 0.1918
vn -0.1007 -0.9207 0.3770
vn 0.0987 -0.9201 0.3790
vn 0.0986 -0.9763 0.1927
vn 0.1000 -0.9938 -0.0484
vn 0.1003 -0.9763 -0.1917
vn -0.0986 -0.9763 -0.1927
vn -0.0981 -0.9940 -0.0486
vn -0.1041 0.2273 -0.9682
vn -0.0079 0.2221 -0.9750
vn -0.0082 0.1571 -0.9876
vn -0.1040 0.1573 -0.9821
vn 0.1005 -0.8301 -0.5484
vn 0.3941 -0.7659 -0.5080
vn 0.3863 -0.6820 -0.6210
vn 0.0993 -0.7235 -0.6832
vn -0.4110 0.6190 0.6692
vn -0.6249 0.6891 0.3670
vn -0.5931 0.7601 0.2654
vn -0.5226 0.5805 0.6244
vn -0.5660 0.7970 0.2107
vn -0.5648 0.7790 0.2724
vn -0.7741 0.6182 0.1366
vn -0.7774 0.6201 0.1057
vn -0.0000 1.0000 0.0003
vn -0.1968 0.9804 0.0013
vn -0.1039 0.6698 -0.7352
vn -0.0000 0.6796 -0.7336
vn 0.9228 -0.0082 -0.3852
vn 0.9931 -0.0510 -0.1053
vn 0.9102 -0.0338 -0.4129
vn 0.0406 0.0010 -0.9992
vn -0.1038 -0.6702 -0.7349
vn 0.0003 -0.6805 -0.7328
vn -0.0046 0.0010 -1.0000
vn 0.9460 0.3243 0.0027
vn 0.9446 -0.3066 0.1168
vn 0.9341 -0.2754 0.2272
vn 0.9493 0.3144 0.0005
vn -0.9834 0.1811 -0.0089
vn -0.9840 0.1781 -0.0080
vn -0.8511 0.3820 0.3602
vn -0.8560 0.3218 0.4046
vn 0.2864 -0.9172 -0.2768
vn 0.3004 -0.9486 -0.0996
vn 0.9421 -0.3295 -0.0622
vn 0.9384 -0.3045 -0.1631
vn -0.3020 0.6019 0.7392
vn -0.0798 0.5497 0.8315
vn -0.0741 0.5011 0.8622
vn -0.2465 0.6139 0.7499
vn -0.9931 -0.0510 -0.1054
vn -0.9950 -0.0177 -0.0987
vn -0.9228 -0.0082 -0.3853
vn -0.9101 -0.0338 -0.4129
vn -0.9520 -0.0142 0.3057
vn -0.7726 -0.0379 0.6337
vn -0.7576 -0.1487 0.6356
vn -0.9375 -0.1879 0.2929
vn -0.5183 0.0198 0.8550
vn -0.5980 0.0165 0.8013
vn -0.5939 0.0001 0.8046
vn -0.5341 -0.0000 0.8454
vn 0.3850 0.0660 0.9206
vn 0.0981 0.0710 0.9926
vn 0.0989 0.2789 0.9552
vn 0.3891 0.2587 0.8841
vn -0.5044 0.8361 -0.2158
vn -0.8551 0.5064 -0.1113
vn -0.8543 0.4756 -0.2096
vn -0.5015 0.7570 -0.4188
vn 0.4917 0.6020 0.6292
vn 0.4938 0.7199 0.4878
vn 0.4916 0.6713 0.5546
vn 0.4939 0.5694 0.6571
vn 0.6731 -0.3513 -0.6508
vn 0.3778 -0.2703 -0.8856
vn -0.9658 -0.2594 -0.0006
vn -0.9994 0.0345 -0.0000
vn -0.9983 0.0589 0.0001
vn -0.9713 -0.2379 -0.0002
vn 0.1594 -0.9822 -0.0997
vn -0.2158 -0.9718 -0.0953
vn -0.1939 -0.9048 -0.3793
vn 0.1651 -0.9045 -0.3932
vn 0.9983 0.0589 0.0001
vn 0.9994 0.0345 -0.0000
vn 0.9658 -0.2594 -0.0006
vn 0.9713 -0.2379 -0.0002
vn -0.8228 -0.5683 -0.0052
vn -0.7106 -0.5956 -0.3745
vn -0.7776 -0.6270 -0.0468
vn 0.9960 0.0673 0.0586
vn 0.9301 0.2768 0.2416
vn 0.9241 0.3257 0.1999
vn 0.9953 0.0829 0.0507
vn -0.4051 0.3746 0.8340
vn -0.3812 0.4346 0.8160
vn -0.4541 0.4359 0.7770
vn -0.4723 0.3814 0.7947
vn 0.1726 0.4316 0.8854
vn 0.2333 0.4338 0.8703
vn 0.2185 0.4827 0.8481
vn 0.0820 0.4880 0.8690
vn 0.1436 0.9887 -0.0435
vn 0.5513 0.8338 -0.0278
vn 0.5436 0.8320 -0.1113
vn 0.1408 0.9743 -0.1756
vn 0.1950 0.2320 0.9530
vn 0.2836 0.2340 0.9300
vn 0.2735 0.3048 0.9123
vn 0.1975 0.2983 0.9338
vn 0.7562 0.5976 -0.2666
vn 0.7819 0.5397 -0.3119
vn 0.5008 0.6558 -0.5649
vn 0.4597 0.7457 -0.4822
vn -0.7608 0.0680 -0.6454
vn -0.6347 0.0834 -0.7683
vn -0.6346 0.0203 -0.7725
vn -0.7636 0.0204 -0.6453
vn 0.9960 0.0481 0.0752
vn 0.9960 0.0250 0.0857
vn -0.0978 0.9952 -0.0074
vn -0.6907 0.7216 -0.0469
vn -0.6905 0.7192 0.0772
vn -0.0999 0.9878 0.1197
vn 0.7138 0.6373 -0.2904
vn 0.7138 0.5612 -0.4191
vn 0.9285 0.2975 -0.2221
vn 0.9285 0.3378 -0.1540
vn 0.9948 0.0874 0.0514
vn 0.9955 0.0820 0.0480
vn 0.7215 -0.1444 0.6771
vn 0.7177 -0.0942 0.6900
vn 0.9272 -0.0460 0.3718
vn 0.9292 -0.0701 0.3630
vn 0.8081 0.5887 -0.0187
vn 0.9517 0.3070 0.0028
vn 0.9374 0.3371 0.0875
vn 0.7349 0.6532 0.1822
vn -1.0000 -0.0000 -0.0000
vn -0.9944 0.0899 -0.0550
vn -0.9944 0.0786 -0.0702
vn 0.8513 -0.2195 0.4766
vn 0.9331 -0.2584 0.2500
vn 0.9634 -0.0839 0.2546
vn 0.8505 -0.0610 0.5224
vn -0.1483 0.7345 -0.6622
vn -0.6911 0.4750 -0.5447
vn -0.6904 0.5585 -0.4598
vn -0.0998 0.7812 -0.6162
vn 0.9190 -0.0217 0.3936
vn 0.9149 -0.1365 0.3799
vn 0.9939 -0.0361 0.1045
vn 0.9946 -0.0049 0.1041
vn 0.5256 0.7698 -0.3621
vn 0.4899 0.8703 0.0511
vn 0.5419 0.8279 0.1446
vn 0.5547 0.7592 -0.3404
vn 0.7985 0.3010 0.5214
vn 0.8605 0.2547 0.4412
vn 0.8605 0.1318 0.4920
vn 0.7985 0.1558 0.5815
vn 0.3587 0.3065 0.8817
vn 0.3715 0.2354 0.8981
vn -0.3924 0.4348 -0.8105
vn -0.3147 0.4331 -0.8446
vn 0.2792 0.0800 -0.9569
vn 0.3682 0.0787 -0.9264
vn 0.3703 0.0202 -0.9287
vn 0.2786 0.0203 -0.9602
vn -0.4544 0.6535 -0.6054
vn 0.0988 0.7319 -0.6742
vn -0.5166 0.8562 0.0024
vn -0.5392 0.8421 0.0021
vn 0.7005 0.1989 0.6853
vn 0.9185 0.1100 0.3797
vn 0.9185 0.1890 0.3472
vn 0.7005 0.3404 0.6272
vn -0.7667 0.6191 0.1699
vn -0.7652 0.6131 0.1966
vn -0.8766 0.4793 0.0435
vn -0.8818 0.4707 0.0303
vn -0.9999 0.0097 0.0042
vn -0.9808 -0.1951 0.0018
vn -0.9380 -0.1881 -0.2913
vn -0.9516 -0.0143 -0.3071
vn 0.4388 0.0426 -0.8976
vn 0.4558 0.0185 -0.8899
vn -0.1594 -0.9800 0.1194
vn -0.0920 -0.9613 -0.2596
vn 0.4819 0.5863 -0.6511
vn 0.5460 0.5617 -0.6216
vn -0.7862 0.5832 -0.2043
vn -0.5841 0.6692 -0.4593
vn -0.5847 0.6728 -0.4534
vn -0.8883 0.4429 -0.1212
vn -0.3652 -0.8838 0.2926
vn -0.3793 -0.9253 0.0013
vn -0.5522 -0.8337 0.0008
vn -0.5305 -0.7956 0.2926
vn 0.5547 -0.0526 0.8304
vn 0.4497 -0.0303 0.8927
vn 0.5001 -0.1081 0.8592
vn 0.5958 -0.1267 0.7931
vn 0.2789 -0.4793 -0.8321
vn 0.5298 -0.5270 -0.6645
vn 0.5610 -0.2935 -0.7740
vn 0.2846 -0.2572 -0.9235
vn -0.3689 0.0002 -0.9295
vn -0.0938 0.0001 -0.9956
vn -0.0936 0.0001 -0.9956
vn -0.4419 0.1933 -0.8760
vn 0.0968 0.1874 -0.9775
vn 0.0017 0.0165 -0.9999
vn -0.4467 0.0279 -0.8942
vn -0.5830 0.5038 0.6375
vn -0.6422 0.3763 0.6678
vn -0.5161 0.3121 0.7976
vn -0.4828 0.5022 0.7174
vn -0.6398 -0.7623 -0.0977
vn -0.6480 -0.7605 0.0415
vn -0.7113 -0.6997 0.0667
vn -0.7039 -0.7036 -0.0976
vn -0.4269 -0.3125 0.8486
vn -0.4649 -0.4625 0.7550
vn -0.3721 -0.4718 0.7994
vn -0.3368 -0.3062 0.8904
vn 0.3053 -0.1849 -0.9341
vn 0.2572 -0.0465 -0.9652
vn 0.3256 -0.0409 -0.9446
vn 0.3801 -0.1671 -0.9097
vn 0.1033 -0.1774 -0.9787
vn 0.1069 -0.1434 -0.9839
vn 0.7719 -0.0024 -0.6357
vn 0.7644 -0.0144 -0.6446
vn 0.2904 -0.9561 0.0382
vn 0.9450 -0.3264 0.0194
vn 0.7100 0.7032 -0.0377
vn 0.9261 0.3768 -0.0199
vn 0.9241 0.3820 0.0116
vn 0.7095 0.7043 0.0226
vn -0.6227 0.5033 0.5991
vn -0.6422 0.3166 0.6981
vn -0.8321 0.2479 0.4962
vn -0.8003 0.4567 0.3886
vn -0.5116 0.7900 0.3379
vn -0.8578 0.4856 0.1683
vn -0.8559 0.5077 0.0983
vn -0.5125 0.8352 0.1993
vn -0.7985 0.3010 -0.5214
vn -0.8605 0.2547 -0.4412
vn -0.8605 0.1318 -0.4920
vn -0.7985 0.1558 -0.5815
vn -0.7985 -0.1558 -0.5815
vn -0.8605 -0.1318 -0.4920
vn -0.8605 -0.2547 -0.4412
vn -0.7985 -0.3010 -0.5214
vn -0.7985 -0.4257 0.4257
vn -0.8605 -0.3602 0.3602
vn -0.8605 -0.2547 0.4412
vn -0.7985 -0.3010 0.5214
vn -0.7985 0.1558 0.5815
vn -0.7985 -0.0000 0.6021
vn -0.8605 -0.0000 0.5094
vn -0.8605 0.1318 0.4920
vn -0.7985 -0.0000 -0.6021
vn -0.8605 -0.0000 -0.5094
vn 0.8605 -0.4411 -0.2547
vn 0.8605 -0.3602 -0.3602
vn 0.7985 -0.4257 -0.4257
vn 0.7985 -0.5214 -0.3010
vn 0.8605 0.4412 0.2547
vn 0.7985 0.5214 0.3010
vn 0.7985 0.5815 0.1558
vn 0.8605 0.4920 0.1318
vn -0.7985 -0.5815 0.1558
vn -0.8605 -0.4920 0.1318
vn -0.8605 -0.4411 0.2547
vn -0.7985 -0.5214 0.3010
vn -0.7985 0.4257 -0.4257
vn -0.8605 0.3602 -0.3602
vn 0.8718 0.1268 0.4732
vn 0.2949 0.2473 0.9230
vn 0.2949 -0.0000 0.9555
vn 0.8718 -0.0000 0.4898
vn -0.1611 0.4935 0.8547
vn 0.2949 0.4778 0.8275
vn 0.2949 0.6757 0.6757
vn -0.1611 0.6979 0.6979
vn -0.3738 0.2401 -0.8959
vn -0.3738 0.4638 -0.8033
vn 0.1611 0.4935 -0.8547
vn 0.1611 0.2554 -0.9533
vn 0.8605 -0.0000 0.5094
vn 0.8605 -0.1318 0.4920
vn 0.7985 -0.1558 0.5815
vn 0.7985 -0.0000 0.6021
vn 0.8605 -0.4411 0.2547
vn 0.8605 -0.4920 0.1318
vn 0.7985 -0.5815 0.1558
vn 0.7985 -0.5214 0.3010
vn 0.8605 -0.4920 -0.1318
vn 0.7985 -0.5815 -0.1558
vn -0.8605 -0.1318 0.4920
vn -0.7985 -0.1558 0.5815
vn 0.8605 -0.3602 0.3602
vn 0.7985 -0.4257 0.4257
vn 0.9993 -0.0000 -0.0363
vn 0.9993 -0.0094 -0.0350
vn -0.9993 0.0256 -0.0257
vn -0.9993 0.0181 -0.0314
vn -0.9993 0.0257 -0.0257
vn 0.9993 0.0350 -0.0094
vn 0.9993 0.0314 -0.0181
vn -0.9993 0.0350 0.0094
vn -0.9993 0.0314 0.0181
vn 0.9993 -0.0257 -0.0257
vn 0.9993 -0.0314 -0.0181
vn 0.9238 0.3317 0.1915
vn 0.9238 0.2708 0.2708
vn -0.9993 0.0314 -0.0181
vn -0.9993 0.0350 -0.0094
vn 0.9993 0.0350 0.0094
vn 0.9993 0.0363 -0.0000
vn 0.9993 -0.0350 0.0094
vn 0.9993 -0.0314 0.0181
vn 0.9238 0.3317 -0.1915
vn 0.9238 0.3699 -0.0991
vn -0.9993 -0.0363 -0.0000
vn -0.9993 -0.0350 -0.0094
vn -0.9993 0.0094 -0.0350
vn -0.9993 -0.0000 -0.0363
vn 0.9993 0.0257 0.0257
vn 0.9993 0.0314 0.0181
vn 0.9993 0.0257 -0.0257
vn 0.9238 -0.3699 0.0991
vn 0.9238 -0.3316 0.1915
vn -0.9993 -0.0094 -0.0350
vn 0.9993 -0.0181 -0.0314
vn -0.9993 0.0094 0.0350
vn -0.9993 -0.0000 0.0363
vn -0.9993 -0.0257 0.0256
vn -0.9993 -0.0257 0.0257
vn -0.9993 -0.0314 0.0181
vn -0.9993 0.0181 0.0314
vn -0.7377 -0.4774 -0.4774
vn -0.3818 -0.6536 -0.6536
vn -0.3818 -0.4621 -0.8004
vn -0.7377 -0.3376 -0.5847
vn -0.7377 -0.3376 0.5847
vn -0.3818 -0.4621 0.8004
vn -0.3818 -0.6536 0.6535
vn -0.7377 -0.4774 0.4774
vn -0.7377 0.6521 -0.1747
vn -0.3818 0.8928 -0.2392
vn -0.3818 0.9243 -0.0000
vn -0.7377 0.6751 -0.0000
vn -0.3818 -0.2392 -0.8928
vn -0.7377 -0.1747 -0.6521
vn -0.3818 -0.8004 0.4621
vn -0.7377 -0.5847 0.3376
vn -0.3818 0.8928 0.2392
vn -0.7377 0.6521 0.1747
vn -0.3818 -0.0000 -0.9243
vn -0.7377 -0.0000 -0.6751
vn -0.3818 -0.8928 0.2392
vn -0.7377 -0.6521 0.1747
vn -0.3818 0.8004 0.4621
vn -0.7377 0.5847 0.3376
vn -0.3818 0.2392 -0.8928
vn -0.7377 0.1747 -0.6521
vn -0.3818 0.4621 -0.8004
vn -0.7377 0.3376 -0.5847
vn -0.7377 -0.6751 -0.0000
vn -0.3818 -0.9243 -0.0000
vn -0.3818 -0.8928 -0.2392
vn -0.7377 -0.6521 -0.1747
vn -0.7377 0.4774 0.4774
vn -0.3818 0.6536 0.6535
vn -0.3818 0.4621 0.8004
vn -0.7377 0.3376 0.5847
vn -0.3818 0.6536 -0.6535
vn -0.7377 0.4774 -0.4774
vn -0.3818 -0.8004 -0.4621
vn -0.7377 -0.5847 -0.3376
vn -0.3818 0.2392 0.8928
vn -0.7377 0.1747 0.6521
vn -0.3818 -0.0000 0.9243
vn -0.7377 -0.0000 0.6751
vn -0.3818 0.8004 -0.4621
vn -0.7377 0.5847 -0.3376
vn -0.9238 0.2708 -0.2708
vn -0.9238 0.3317 -0.1915
vn -0.7377 -0.1747 0.6521
vn -0.3818 -0.2392 0.8928
vn 0.7377 0.4774 0.4774
vn 0.7377 0.5847 0.3376
vn -0.9815 -0.0000 0.1914
vn -0.9815 0.0495 0.1848
vn -0.9815 -0.1657 -0.0957
vn -0.9815 -0.1353 -0.1353
vn -0.9815 -0.1657 0.0957
vn -0.9815 -0.1353 0.1353
vn 0.9134 -0.3933 0.1054
vn 0.9134 -0.4072 -0.0000
vn -0.9815 0.0957 0.1657
vn -0.9815 0.1353 0.1353
vn -0.7985 0.3010 0.5214
vn -0.8605 0.2547 0.4412
vn 0.7985 0.6021 -0.0000
vn 0.8605 0.5094 -0.0000
vn -0.7985 -0.6021 -0.0000
vn -0.8605 -0.5094 -0.0000
vn 0.7985 -0.3010 0.5214
vn 0.8605 -0.2547 0.4412
vn 0.8605 0.4920 -0.1318
vn 0.7985 0.5815 -0.1558
vn 0.8605 0.3602 0.3602
vn 0.7985 0.4257 0.4257
vn 0.7985 0.4257 -0.4257
vn 0.8605 0.3602 -0.3602
vn 0.8605 0.4412 -0.2547
vn 0.7985 0.5214 -0.3010
vn 0.8605 -0.0000 -0.5094
vn 0.7985 -0.0000 -0.6021
vn 0.7985 -0.1558 -0.5815
vn 0.8605 -0.1318 -0.4920
vn -0.8605 0.4920 -0.1318
vn -0.7985 0.5815 -0.1558
vn -0.7985 0.6021 -0.0000
vn -0.8605 0.5094 -0.0000
vn -0.7985 0.5815 0.1558
vn -0.8605 0.4920 0.1318
vn 0.8605 -0.5094 -0.0000
vn 0.7985 -0.6021 -0.0000
vn -0.7985 -0.5815 -0.1558
vn -0.8605 -0.4920 -0.1318
vn 0.2949 0.8275 0.4778
vn -0.1611 0.8547 0.4935
vn -0.3738 0.8033 -0.4638
vn 0.1611 0.8547 -0.4935
vn 0.1611 0.6979 -0.6979
vn -0.3738 0.6559 -0.6559
vn -0.3738 0.2401 0.8959
vn 0.1611 0.2554 0.9533
vn 0.1611 0.4935 0.8547
vn -0.3738 0.4638 0.8033
vn 0.8718 -0.4242 0.2449
vn 0.2949 -0.8275 0.4778
vn 0.2949 -0.9230 0.2473
vn 0.8718 -0.4732 0.1268
vn 0.8718 -0.3464 -0.3464
vn 0.2949 -0.6757 -0.6757
vn 0.2949 -0.4778 -0.8275
vn 0.8718 -0.2449 -0.4242
vn 0.8718 0.1268 -0.4732
vn 0.2949 0.2473 -0.9230
vn 0.2949 0.4778 -0.8275
vn 0.8718 0.2449 -0.4242
vn 0.8718 -0.0000 -0.4899
vn 0.8718 -0.1268 -0.4732
vn 0.2949 -0.2473 -0.9230
vn 0.2949 -0.0000 -0.9555
vn 0.8718 0.4242 -0.2449
vn 0.2949 0.8275 -0.4778
vn 0.2949 0.9230 -0.2473
vn 0.8718 0.4732 -0.1268
vn 0.8718 0.4899 -0.0000
vn 0.2949 0.9555 -0.0000
vn 0.8718 -0.4899 -0.0000
vn 0.2949 -0.9555 -0.0000
vn 0.2949 -0.9230 -0.2473
vn 0.8718 -0.4732 -0.1268
vn 0.8718 -0.2449 0.4242
vn 0.8718 -0.1268 0.4732
vn 0.2949 -0.2473 0.9230
vn 0.2949 -0.4778 0.8275
vn 0.8718 -0.4242 -0.2449
vn 0.2949 -0.8275 -0.4778
vn -0.6905 0.6698 -0.2731
vn -0.6905 0.6212 -0.3706
vn 0.8718 0.4732 0.1268
vn 0.2949 0.9230 0.2473
vn 0.8718 0.3464 -0.3464
vn 0.2949 0.6757 -0.6757
vn 0.8718 -0.3464 0.3464
vn 0.2949 -0.6757 0.6757
vn 0.8718 0.4242 0.2449
vn 0.8718 0.2449 0.4242
vn 0.8718 0.3464 0.3464
vn 0.8605 -0.2547 -0.4412
vn 0.7985 -0.3010 -0.5214
vn -0.3738 -0.8033 -0.4638
vn 0.1611 -0.8547 -0.4935
vn 0.1611 -0.9533 -0.2554
vn -0.3738 -0.8959 -0.2401
vn -0.3738 0.8033 0.4638
vn 0.1611 0.8547 0.4935
vn 0.1611 0.9533 0.2554
vn -0.3738 0.8959 0.2401
vn -0.3738 -0.8959 0.2401
vn 0.1611 -0.9533 0.2554
vn 0.1611 -0.8547 0.4935
vn -0.3738 -0.8033 0.4638
vn 0.3738 0.9275 -0.0000
vn -0.1611 0.9869 -0.0000
vn -0.1611 0.9533 0.2554
vn 0.3738 0.8959 0.2401
vn -0.1611 -0.9533 -0.2554
vn -0.1611 -0.9869 -0.0000
vn 0.1611 -0.6979 0.6979
vn -0.3738 -0.6559 0.6559
vn -0.3738 0.9275 -0.0000
vn 0.1611 0.9869 -0.0000
vn -0.1611 -0.8547 -0.4935
vn 0.1611 -0.4935 0.8547
vn -0.3738 -0.4638 0.8033
vn -0.3738 -0.4638 -0.8033
vn 0.1611 -0.4935 -0.8547
vn 0.1611 -0.6979 -0.6979
vn -0.3738 -0.6559 -0.6559
vn -0.3738 -0.0000 0.9275
vn 0.1611 -0.0000 0.9869
vn 0.1611 -0.2554 0.9533
vn -0.3738 -0.2401 0.8959
vn -0.3738 0.8959 -0.2401
vn 0.1611 0.9533 -0.2554
vn -0.3738 0.6559 0.6559
vn 0.1611 0.6979 0.6979
vn -0.3738 -0.9275 -0.0000
vn 0.1611 -0.9869 -0.0000
vn -0.9134 -0.0000 0.4072
vn -0.9134 -0.1054 0.3933
vn 0.9134 -0.1054 -0.3933
vn 0.9134 -0.2036 -0.3526
vn 0.3738 -0.4638 -0.8033
vn 0.3738 -0.2401 -0.8959
vn 0.9134 -0.3526 0.2036
vn 0.3738 -0.8033 0.4638
vn 0.3738 -0.8959 0.2401
vn -0.9134 0.2879 -0.2879
vn -0.9134 0.3526 -0.2036
vn -0.9134 0.3933 0.1054
vn -0.9134 0.3526 0.2036
vn -0.9134 0.2036 -0.3526
vn -0.9134 0.3933 -0.1054
vn -0.9134 0.4072 -0.0000
vn 0.9134 0.2879 0.2879
vn 0.9134 0.3526 0.2036
vn 0.3738 0.8033 0.4638
vn 0.3738 0.6559 0.6559
vn -0.3738 -0.0000 -0.9275
vn -0.9134 -0.0000 -0.4072
vn -0.9134 0.1054 -0.3933
vn -0.3738 -0.2401 -0.8959
vn -0.9134 -0.1054 -0.3933
vn 0.3738 -0.6559 0.6559
vn 0.9134 -0.2879 0.2879
vn 0.9134 -0.2036 0.3526
vn 0.3738 -0.4638 0.8033
vn 0.9134 0.3933 0.1054
vn 0.9134 0.4072 -0.0000
vn -0.7985 -0.5214 -0.3010
vn -0.7985 -0.4257 -0.4257
vn -0.8605 -0.3602 -0.3602
vn -0.8605 -0.4411 -0.2547
vn -0.5495 0.8355 -0.0000
vn -0.5495 0.8071 -0.2162
vn -0.9815 0.1848 -0.0495
vn -0.9815 0.1914 -0.0000
vn -0.5495 -0.8355 -0.0000
vn -0.5495 -0.8070 0.2162
vn -0.9815 -0.1848 0.0495
vn -0.9815 -0.1914 -0.0000
vn -0.5495 -0.2162 -0.8070
vn -0.5495 -0.4178 -0.7236
vn -0.9815 -0.0957 -0.1657
vn -0.9815 -0.0495 -0.1848
vn -0.9815 0.1848 0.0495
vn -0.5495 0.8071 0.2162
vn -0.9815 -0.1848 -0.0495
vn -0.5495 -0.8070 -0.2162
vn -0.9815 -0.0000 -0.1914
vn -0.5495 -0.0000 -0.8355
vn -0.5495 0.5908 -0.5908
vn -0.5495 0.4178 -0.7236
vn -0.9815 0.0957 -0.1657
vn -0.9815 0.1353 -0.1353
vn -0.5495 -0.7236 0.4178
vn -0.5495 -0.5908 0.5908
vn -0.5495 -0.0000 0.8355
vn -0.5495 0.2162 0.8071
vn -0.5495 -0.5908 -0.5908
vn -0.5495 -0.7236 -0.4178
vn -0.5495 0.5908 0.5908
vn -0.5495 0.4178 0.7236
vn -0.5495 0.7236 0.4178
vn -0.9815 0.1657 0.0957
vn -0.9815 -0.0495 0.1848
vn -0.5495 -0.2162 0.8071
vn -0.9815 -0.0957 0.1657
vn -0.5495 -0.4178 0.7236
vn -0.5495 0.7236 -0.4178
vn -0.9815 0.1657 -0.0957
vn -0.9815 0.0495 -0.1848
vn -0.5495 0.2162 -0.8071
vn -0.3955 -0.0000 -0.9185
vn -0.3955 0.2377 -0.8872
vn -0.0000 0.9659 0.2588
vn 0.3955 0.8872 0.2377
vn 0.3955 0.7954 0.4592
vn -0.0000 0.8660 0.5000
vn -0.3955 -0.8872 0.2377
vn -0.3955 -0.7954 0.4592
vn -0.0000 -0.8660 0.5000
vn -0.0000 -0.9659 0.2588
vn 0.3955 -0.9185 -0.0000
vn 0.3955 -0.8872 0.2377
vn -0.3955 -0.9185 -0.0000
vn -0.0000 -1.0000 -0.0000
vn -0.0000 -0.9659 -0.2588
vn -0.3955 -0.8872 -0.2377
vn -0.0000 0.9659 -0.2588
vn -0.0000 0.8660 -0.5000
vn 0.3955 0.7954 -0.4592
vn 0.3955 0.8872 -0.2377
vn 0.3955 -0.0000 0.9185
vn -0.3955 -0.0000 0.9185
vn -0.3955 0.2377 0.8872
vn -0.0000 -0.0000 1.0000
vn -0.0000 1.0000 -0.0000
vn -0.3955 0.9185 -0.0000
vn -0.3955 0.8872 -0.2377
vn -0.7985 0.5214 -0.3010
vn -0.3955 0.7954 -0.4592
vn 0.3955 0.9185 -0.0000
vn 0.3955 -0.4592 -0.7954
vn -0.0000 -0.5000 -0.8660
vn -0.0000 -0.7071 -0.7071
vn 0.3955 -0.6495 -0.6495
vn 0.7985 0.1558 -0.5815
vn 0.3955 0.2377 -0.8872
vn 0.3955 -0.0000 -0.9185
vn -0.3955 0.8872 0.2377
vn -0.3955 0.7954 0.4592
vn -0.0000 0.7071 0.7071
vn -0.3955 0.6495 0.6495
vn -0.0000 -0.8660 -0.5000
vn -0.3955 -0.7954 -0.4592
vn -0.3955 -0.2377 -0.8872
vn -0.0000 -0.2588 -0.9659
vn -0.0000 -0.0000 -1.0000
vn -0.3955 0.6495 -0.6495
vn 0.3955 0.4592 -0.7954
vn 0.7985 0.3010 -0.5214
vn 0.3955 0.6495 -0.6495
vn -0.0000 -0.2588 0.9659
vn 0.3955 -0.2377 0.8872
vn 0.3955 -0.2377 -0.8872
vn 0.3955 -0.7954 -0.4592
vn 0.3955 -0.8872 -0.2377
vn -0.3955 -0.6495 -0.6495
vn -0.0000 0.7071 -0.7071
vn -0.3955 0.4592 -0.7954
vn -0.0000 0.5000 -0.8660
vn -0.3955 -0.4592 -0.7954
vn 0.3955 -0.7954 0.4592
vn 0.3955 -0.6495 0.6495
vn 0.3955 -0.4592 0.7954
vn -0.3955 -0.6495 0.6495
vn -0.3955 -0.2377 0.8872
vn -0.0000 -0.5000 0.8660
vn -0.3955 -0.4592 0.7954
vn -0.0000 0.2588 -0.9659
vn -0.7985 0.5214 0.3010
vn -0.0000 -0.7071 0.7071
vn -0.7985 0.4257 0.4257
vn -0.3955 0.4592 0.7954
vn 0.3955 0.6495 0.6495
vn -0.1611 0.2554 0.9533
vn -0.5599 -0.4143 -0.7176
vn -0.5599 -0.5859 -0.5859
vn 0.5599 0.2145 0.8004
vn 0.5599 0.4143 0.7176
vn -0.5599 0.7176 -0.4143
vn -0.8605 0.4412 -0.2547
vn -0.5599 0.8004 -0.2145
vn -0.5599 0.5859 0.5859
vn -0.5599 0.4143 0.7176
vn -0.5599 0.4143 -0.7176
vn -0.5599 0.2145 -0.8004
vn -0.1611 0.4935 -0.8547
vn -0.5599 0.5859 -0.5859
vn -0.1611 0.6979 -0.6979
vn -0.5599 -0.7176 -0.4143
vn -0.1611 -0.6979 0.6979
vn -0.1611 -0.4935 0.8547
vn -0.5599 -0.4143 0.7176
vn -0.5599 -0.5859 0.5859
vn 0.5599 -0.7176 0.4143
vn 0.5599 -0.8004 0.2145
vn -0.1611 0.2554 -0.9533
vn -0.1611 -0.0000 -0.9869
vn -0.5599 -0.0000 -0.8286
vn -0.5599 -0.8004 0.2145
vn -0.5599 -0.7176 0.4143
vn 0.5599 -0.5859 0.5859
vn 0.5599 -0.4143 0.7176
vn 0.5599 -0.2145 0.8004
vn 0.5599 0.5859 -0.5859
vn 0.5599 0.7176 -0.4143
vn -0.1611 -0.6979 -0.6979
vn 0.5599 0.5859 0.5859
vn 0.5599 0.7176 0.4143
vn 0.5599 0.2145 -0.8004
vn 0.5599 0.4143 -0.7176
vn 0.5599 -0.2145 -0.8004
vn 0.5599 -0.4143 -0.7176
vn 0.1611 -0.2554 -0.9533
vn -0.5599 -0.2145 0.8004
vn -0.1611 -0.4935 -0.8547
vn 0.8605 0.1318 -0.4920
vn 0.5599 -0.0000 -0.8286
vn 0.5599 0.8004 -0.2145
vn -0.5599 0.7176 0.4143
vn -0.8605 0.4412 0.2547
vn -0.8605 0.3602 0.3602
vn 0.5599 -0.7176 -0.4143
vn 0.5599 -0.5859 -0.5859
vn -0.1611 -0.9533 0.2554
vn -0.1611 -0.8547 0.4935
vn -0.5599 -0.2145 -0.8004
vn -0.4449 0.8802 -0.1652
vn 0.0984 0.9779 -0.1842
vn -0.5599 0.8004 0.2145
vn -0.5599 0.8286 -0.0000
vn -0.5599 0.2145 0.8004
vn 0.5599 -0.0000 0.8286
vn 0.5599 0.8004 0.2145
vn 0.5599 0.8286 -0.0000
vn 0.8605 -0.2547 0.4411
vn 0.5599 -0.8286 -0.0000
vn 0.5599 -0.8004 -0.2145
vn 0.1611 -0.0000 -0.9869
vn -0.1611 -0.2554 0.9533
vn -0.1611 -0.0000 0.9869
vn -0.5599 -0.0000 0.8286
vn -0.1611 -0.2554 -0.9533
vn -0.1611 0.8547 -0.4935
vn -0.3776 -0.1466 0.9143
vn -0.0973 -0.1667 0.9812
vn -0.1009 -0.0896 0.9909
vn -0.3893 -0.0545 0.9195
vn -0.8605 0.4411 0.2547
vn -0.5599 -0.8004 -0.2145
vn -0.1611 0.9533 -0.2554
vn -0.2291 -0.9734 0.0001
vn 0.1538 -0.9879 -0.0195
vn 0.8088 -0.5796 -0.0999
vn 0.7960 -0.4523 -0.4023
vn 0.8586 -0.3915 -0.3310
vn 0.8745 -0.4757 -0.0948
vn -0.9134 -0.3526 -0.2036
vn -0.9134 -0.2879 -0.2879
vn -0.9134 -0.2879 0.2879
vn -0.9134 -0.3526 0.2036
vn 0.9134 0.1054 0.3933
vn 0.9134 0.2036 0.3526
vn 0.3738 0.4638 0.8033
vn 0.3738 0.2401 0.8959
vn -0.9134 0.2879 0.2879
vn -0.9134 -0.3933 0.1054
vn -0.9134 -0.4072 -0.0000
vn -0.9134 -0.2036 0.3526
vn 0.3738 0.8033 -0.4638
vn 0.9134 0.3526 -0.2036
vn 0.9134 0.2879 -0.2879
vn 0.3738 0.6559 -0.6559
vn 0.9134 -0.0000 -0.4071
vn 0.3738 -0.0000 -0.9275
vn 0.9134 -0.2879 -0.2879
vn 0.3738 -0.6559 -0.6559
vn -0.3445 0.3067 0.8873
vn -0.3267 0.3729 0.8685
vn -0.4241 0.3113 0.8505
vn -0.9993 0.0257 0.0257
vn -0.9993 0.0256 0.0257
vn 0.9134 0.1054 -0.3933
vn 0.9134 0.2036 -0.3526
vn -0.9134 0.1054 0.3933
vn -0.9134 0.2036 0.3526
vn 0.7377 0.6521 0.1747
vn 0.7377 0.6751 -0.0000
vn 0.9238 -0.0000 -0.3830
vn 0.9238 -0.0991 -0.3699
vn 0.3818 -0.2392 -0.8928
vn 0.3818 -0.0000 -0.9243
vn -0.9238 -0.1915 -0.3317
vn -0.9238 -0.2708 -0.2708
vn -0.9238 -0.0991 -0.3699
vn 0.9238 0.3699 0.0991
vn 0.3818 0.8928 0.2392
vn 0.3818 0.8004 0.4621
vn 0.9238 -0.3830 -0.0000
vn 0.3818 -0.8928 0.2392
vn 0.3818 -0.9243 -0.0000
vn -0.9238 -0.1915 0.3317
vn -0.9238 -0.2708 0.2708
vn 0.9238 0.2708 -0.2708
vn 0.3818 0.6535 -0.6535
vn 0.3818 0.8004 -0.4621
vn -0.9238 0.3699 -0.0991
vn -0.9238 0.0991 0.3699
vn -0.9238 0.1915 0.3317
vn -0.9238 0.3699 0.0991
vn -0.9238 0.3317 0.1915
vn -0.9238 0.3830 -0.0000
vn 0.3818 -0.8928 -0.2392
vn 0.9238 -0.3699 -0.0991
vn -0.9238 -0.3317 -0.1915
vn 0.9238 0.1915 -0.3317
vn 0.3818 0.4621 -0.8004
vn 0.3818 -0.8004 -0.4621
vn 0.9238 -0.3317 -0.1915
vn 0.3818 0.6536 0.6536
vn -0.9238 -0.3699 0.0991
vn -0.9238 -0.3317 0.1915
vn -0.9238 -0.0000 0.3830
vn -0.9238 -0.0991 0.3699
vn 0.9238 0.0991 0.3699
vn 0.3818 0.2392 0.8928
vn 0.3818 -0.0000 0.9243
vn 0.9238 -0.0000 0.3830
vn 0.9238 -0.2708 -0.2708
vn 0.3818 -0.6535 -0.6536
vn -0.9238 0.2708 0.2708
vn 0.9993 -0.0350 -0.0094
vn 0.9993 -0.0363 -0.0000
vn 0.9993 -0.0351 -0.0094
vn 0.3818 -0.4621 -0.8004
vn 0.7377 -0.4774 -0.4774
vn 0.7377 -0.3376 -0.5847
vn 0.3818 0.4621 0.8004
vn 0.7377 0.3376 0.5847
vn 0.7377 0.1747 0.6521
vn 0.9084 0.1115 0.4030
vn 0.7011 0.1415 0.6989
vn 0.7089 -0.0232 0.7049
vn 0.9240 -0.0302 0.3811
vn 0.9922 -0.1053 0.0671
vn 0.9199 -0.3858 0.0708
vn 0.9254 -0.3785 0.0193
vn 0.9954 -0.0953 0.0053
vn -0.9134 -0.2036 -0.3526
vn 0.7377 -0.4774 0.4774
vn 0.7377 -0.3376 0.5847
vn 0.3738 -0.2401 0.8959
vn 0.3738 -0.0000 0.9275
vn 0.3738 0.8959 -0.2401
vn 0.8605 0.2547 -0.4411
vn -0.9993 -0.0350 0.0094
vn -0.9238 -0.3830 -0.0000
vn -0.9993 0.0363 -0.0000
vn -0.9238 -0.3699 -0.0991
vn 0.9993 -0.0181 0.0314
vn 0.9993 -0.0094 0.0350
vn -0.9993 -0.0314 -0.0181
vn -0.9993 -0.0257 -0.0257
vn -0.9993 -0.0181 -0.0314
vn -0.1110 0.4261 -0.8978
vn -0.1019 0.1012 -0.9896
vn -0.0860 0.1008 -0.9912
vn -0.0570 0.4099 -0.9104
vn -0.9993 -0.0181 0.0314
vn 0.9993 0.0094 -0.0350
vn 0.9993 0.0181 0.0314
vn 0.9993 -0.0000 0.0363
vn 0.9993 0.0094 0.0350
vn 0.9993 -0.0257 0.0257
vn 0.3818 -0.6535 0.6536
vn 0.3818 -0.4621 0.8004
vn 0.3818 0.9243 -0.0000
vn 0.3818 0.8928 -0.2392
vn 0.7377 0.6521 -0.1747
vn 0.7377 -0.1747 -0.6521
vn 0.3818 -0.8004 0.4621
vn 0.7377 -0.5847 0.3376
vn 0.7377 -0.0000 -0.6751
vn 0.7377 -0.6521 0.1747
vn 0.3818 0.2392 -0.8928
vn 0.7377 0.1747 -0.6521
vn 0.7377 -0.6751 -0.0000
vn 0.7377 0.3376 -0.5847
vn 0.7377 -0.6521 -0.1747
vn 0.7377 0.4774 -0.4774
vn 0.7377 -0.5847 -0.3376
vn 0.7377 0.5847 -0.3376
vn 0.9993 0.0181 -0.0314
vn 0.9134 -0.0000 0.4072
vn 0.9134 -0.1054 0.3933
vn 0.8605 0.2547 -0.4412
vn 0.3738 -0.8033 -0.4638
vn 0.3738 -0.8959 -0.2401
vn 0.1265 -0.0060 0.9920
vn 0.4938 -0.0240 0.8693
vn 0.0832 -0.9890 0.1223
vn 0.0981 -0.9940 0.0486
vn 0.3844 -0.9220 0.0455
vn 0.3850 -0.9201 0.0719
vn 0.9402 -0.3406 -0.0058
vn 0.9426 -0.3339 -0.0000
vn 0.8623 -0.5064 -0.0000
vn 0.8596 -0.5109 -0.0004
vn 0.5852 -0.8102 -0.0338
vn 0.5809 -0.8096 -0.0843
vn 0.8844 -0.4642 -0.0497
vn 0.8894 -0.4552 -0.0413
vn 0.3738 0.4638 -0.8033
vn 0.9134 -0.3526 -0.2036
vn 0.9134 -0.3933 -0.1054
vn 0.3738 0.2401 -0.8959
vn -0.9134 -0.3933 -0.1054
vn 0.3738 -0.9275 -0.0000
vn 0.9134 0.3933 -0.1054
vn -0.0000 1.0000 -0.0001
vn -0.2958 0.9553 -0.0000
vn -0.2952 0.9554 -0.0000
vn 0.9385 -0.0759 -0.3367
vn 0.7922 -0.0811 -0.6048
vn -0.3900 -0.0623 0.9187
vn -0.1038 -0.0829 0.9911
vn -0.1093 -0.1715 0.9791
vn -0.3955 -0.1423 0.9074
vn -0.5599 -0.8286 -0.0000
vn 0.2927 -0.0633 -0.9541
vn 0.5722 -0.0786 -0.8164
vn 0.5770 -0.0516 -0.8151
vn 0.3087 -0.0272 -0.9508
vn 0.4964 -0.7117 0.4971
vn 0.4010 -0.7444 0.5339
vn 0.3995 -0.8375 0.3729
vn 0.4889 -0.8029 0.3412
vn -0.1594 -0.9822 -0.0997
vn -0.5809 -0.8096 -0.0843
vn 0.1968 -0.9006 0.3875
vn 0.4187 -0.8673 0.2692
vn 0.0241 -0.9907 0.1338
vn -0.0645 -0.9852 0.1585
vn 0.3818 -0.2392 0.8928
vn 0.7377 -0.1747 0.6521
vn -0.3772 -0.9233 0.0721
vn -0.3902 -0.9207 -0.0000
vn -0.1000 -0.9950 -0.0000
vn -0.0958 -0.9916 0.0872
vn -0.9238 0.1915 -0.3317
vn 0.9238 0.1915 0.3317
vn -0.9238 0.0991 -0.3699
vn 0.9238 -0.2708 0.2708
vn 0.9238 0.0991 -0.3699
vn 0.9238 -0.1915 -0.3317
vn 0.9238 -0.1915 0.3317
vn 0.9238 -0.0991 0.3699
vn 0.9238 0.3830 -0.0000
vn -0.9238 -0.0000 -0.3830
vn -0.9144 -0.0467 0.4021
vn -0.6807 -0.0747 0.7288
vn -0.7073 -0.0309 0.7063
vn -0.9236 -0.0450 0.3808
vn -0.6917 -0.0008 -0.7222
vn 0.9938 0.0518 0.0979
vn 0.9234 0.0595 0.3791
vn 0.9251 0.0138 0.3796
vn 0.9949 0.0113 0.1002
vn 0.6081 0.1399 -0.7815
vn 0.8313 0.1201 -0.5428
vn 0.9756 0.0434 -0.2153
vn 0.8635 0.0861 -0.4969
vn 0.9286 -0.0803 0.3622
vn 0.7139 -0.1516 0.6836
vn 0.7100 -0.0384 0.7031
vn 0.9261 -0.0204 0.3768
vn 0.8607 -0.4783 -0.1742
vn 0.8438 -0.4304 -0.3206
vn -0.6868 0.0512 -0.7250
vn -0.3472 0.0741 -0.9349
vn -0.5638 -0.8217 0.0828
vn -0.8798 -0.4643 0.1014
vn -0.7539 -0.5407 0.3733
vn -0.4086 -0.8757 0.2572
vn 0.4926 0.4412 0.7501
vn 0.5160 0.4215 0.7457
vn 0.5157 0.2786 0.8102
vn 0.4897 0.2959 0.8201
vn 0.3365 -0.7285 -0.5967
vn 0.3322 -0.8281 -0.4516
vn 0.3071 -0.8389 -0.4494
vn 0.3238 -0.7290 -0.6030
vn -0.3851 -0.0034 0.9229
vn -0.7091 0.0077 0.7050
vn -0.6997 -0.0464 0.7129
vn -0.3777 -0.0724 0.9231
vn 0.3861 -0.0127 0.9224
vn 0.3841 0.1318 0.9138
vn 0.0983 0.1246 0.9873
vn 0.1000 -0.0033 0.9950
vn -0.1043 -0.1896 0.9763
vn -0.2022 -0.1649 0.9654
vn 0.9591 -0.2794 -0.0453
vn 0.9029 -0.2631 -0.3399
vn 0.9367 -0.0815 -0.3404
vn 0.9952 -0.0862 -0.0454
vn -0.5579 0.7598 0.3338
vn -0.3109 0.6159 -0.7239
vn -0.5818 0.6402 -0.5017
vn -0.5688 0.6031 -0.5592
vn -0.3061 0.5453 -0.7803
vn -0.3852 -0.0080 -0.9228
vn -0.3518 -0.0874 -0.9320
vn -0.6807 -0.0747 -0.7288
vn -0.7111 -0.0144 -0.7029
vn 0.3893 0.5986 0.7001
vn 0.3827 0.7214 0.5772
vn 0.7078 0.5517 0.4412
vn 0.7164 0.4534 0.5303
vn -0.9807 -0.1957 -0.0018
vn -0.5835 -0.1482 -0.7985
vn -0.5827 -0.0010 -0.8127
vn -1.0000 0.0043 -0.0029
vn 0.7132 -0.6875 0.1367
vn 0.9280 -0.3659 0.0708
vn 0.7098 -0.7036 0.0346
vn 0.3787 0.7950 -0.4740
vn 0.3787 0.6755 -0.6327
vn 0.4279 0.8645 -0.2637
vn 0.6962 0.6881 -0.2045
vn 0.6962 0.7145 -0.0689
vn 0.4494 0.8902 -0.0745
vn -0.3787 0.5249 -0.7623
vn -0.0988 0.5731 -0.8135
vn -0.0988 0.3885 -0.9161
vn -0.3786 0.3501 -0.8568
vn 0.9735 -0.2287 -0.0000
vn 0.9976 0.0694 -0.0000
vn 0.5552 -0.8317 -0.0000
vn 0.5309 -0.7953 -0.2926
vn 0.3657 -0.8836 -0.2925
vn 0.3822 -0.9241 -0.0000
vn 0.9877 -0.1409 -0.0684
vn 0.9921 -0.1248 -0.0139
vn -0.4901 0.3775 -0.7857
vn -0.5161 0.3116 -0.7978
vn 0.3789 0.0654 0.9231
vn 0.0974 0.0704 0.9928
vn 0.0975 -0.0541 0.9938
vn 0.3799 -0.0502 0.9237
vn 0.7031 0.5444 0.4575
vn 0.7258 0.4997 0.4729
vn 0.9270 0.2769 0.2529
vn 0.9210 0.2981 0.2507
vn 0.9250 0.2970 0.2370
vn 0.8577 0.3381 0.3874
vn 0.8446 0.2686 0.4632
vn 0.9926 0.0581 0.1064
vn 0.9925 0.1038 -0.0641
vn 0.9175 0.3639 0.1603
vn 0.9087 0.2778 0.3117
vn 0.4315 0.6832 -0.5891
vn 0.6968 0.5504 -0.4601
vn 0.7006 0.6332 -0.3288
vn 0.4316 0.7957 -0.4250
vn -0.6539 -0.6538 -0.3808
vn -0.5944 -0.7083 -0.3807
vn 0.9089 0.4120 -0.0650
vn 0.7455 0.6362 -0.1987
vn 0.8952 0.4428 -0.0511
vn 0.3852 -0.0080 -0.9228
vn 0.3518 -0.0874 -0.9320
vn 0.0609 -0.1004 -0.9931
vn 0.0992 -0.0021 -0.9951
vn 0.6960 0.1562 0.7008
vn 0.4648 0.1988 0.8628
vn 0.4283 0.3462 0.8347
vn 0.7004 0.2663 0.6622
vn 0.5653 0.8249 0.0001
vn 0.5651 0.8250 -0.0000
vn 0.2958 0.9553 -0.0000
vn -0.4168 -0.1179 -0.9013
vn -0.6893 -0.0751 -0.7205
vn -0.7142 -0.1714 -0.6786
vn -0.3866 -0.2297 -0.8932
vn 0.9999 0.0099 0.0042
vn 0.9515 -0.0142 -0.3073
vn 0.9379 -0.1881 -0.2913
vn 0.9808 -0.1951 0.0018
vn 0.3846 -0.0506 0.9217
vn 0.0982 -0.0544 0.9937
vn 0.1968 0.9804 0.0013
vn 0.1039 0.6698 -0.7352
vn 0.2050 0.6385 -0.7418
vn 0.3690 0.9294 0.0004
vn 0.1659 -0.4936 -0.8537
vn 0.0484 -0.2356 -0.9706
vn 0.0799 -0.2142 -0.9735
vn 0.2920 -0.4046 -0.8666
vn -0.6498 -0.1469 0.7458
vn -0.7713 -0.0826 0.6311
vn -0.7084 -0.0504 0.7040
vn -0.5185 -0.0518 0.8535
vn 0.8337 0.5522 -0.0005
vn 0.8766 0.4811 0.0030
vn 0.7148 0.6993 0.0002
vn 0.7067 0.7075 -0.0017
vn -0.3502 0.4844 -0.8017
vn -0.2861 0.4828 -0.8277
vn 0.9946 0.0844 0.0604
vn 0.9197 0.3192 0.2285
vn 0.9197 0.2708 0.2842
vn 0.9946 0.0716 0.0752
vn -0.9958 -0.0356 0.0847
vn -0.9958 -0.0181 0.0901
vn -0.9282 -0.0735 0.3647
vn -0.9282 -0.1441 0.3430
vn -0.5908 0.2621 -0.7631
vn -0.9094 0.0434 -0.4137
vn -0.8842 0.1474 -0.4432
vn 0.8607 0.3631 0.3569
vn 0.9317 0.3445 0.1147
vn 0.8644 0.4944 0.0917
vn 0.7892 0.5066 0.3471
vn 0.1059 -0.9938 -0.0348
vn -0.2442 -0.9692 0.0318
vn 0.9616 0.2523 -0.1085
vn 0.8858 0.2424 -0.3957
vn 0.8610 0.3249 -0.3913
vn 0.9502 0.2939 -0.1038
vn -0.9247 0.0087 0.3805
vn -0.7138 -0.0348 0.6995
vn -0.9253 -0.0119 0.3792
vn -0.6761 0.7343 0.0613
vn -0.6832 0.7223 0.1070
vn -0.7489 0.4426 0.4932
vn -0.7348 0.4511 0.5066
vn -0.5132 -0.2248 -0.8283
vn -0.5098 -0.2460 -0.8244
vn -0.4832 -0.4409 -0.7564
vn -0.4957 -0.4111 -0.7650
vn 0.4588 0.0972 -0.8832
vn 0.4094 0.0820 -0.9087
vn 0.4055 0.1595 -0.9001
vn 0.7233 -0.5737 -0.3843
vn 0.9345 -0.2937 -0.2013
vn 0.9272 -0.2759 -0.2533
vn 0.7122 -0.5182 -0.4736
vn -0.9850 -0.0712 0.1574
vn -0.9940 -0.0160 0.1086
vn 0.1947 -0.9809 -0.0000
vn 0.1864 -0.9379 -0.2926
vn 0.9269 -0.0867 -0.3651
vn 0.8646 -0.3753 -0.3342
vn -0.0000 -0.9984 -0.0557
vn -0.0000 -0.9909 0.1346
vn -0.1145 -0.9920 -0.0531
vn 0.7858 0.6185 0.0003
vn 0.7838 0.6210 -0.0000
vn 0.0987 -0.2154 0.9715
vn 0.0974 -0.2154 0.9717
vn 0.9351 0.3543 0.0003
vn 0.9324 0.3614 -0.0000
vn 0.9973 -0.0633 -0.0370
vn -0.3518 -0.0874 0.9320
vn -0.3860 -0.0156 0.9224
vn 0.7377 -0.0000 0.6751
vn 0.3849 -0.0179 0.9228
vn 0.7107 -0.0327 0.7028
vn 0.7304 -0.0651 0.6799
vn 0.4814 -0.0439 -0.8754
vn 0.4735 -0.2111 -0.8551
vn 0.5182 -0.2131 -0.8283
vn 0.5182 -0.0540 -0.8535
vn -0.5113 0.5308 0.6759
vn -0.5150 0.4136 0.7508
vn -0.5129 0.3936 0.7629
vn -0.5090 0.5213 0.6849
vn -0.5781 0.6660 0.4714
vn -0.5654 0.6331 0.5287
vn -0.7585 0.5944 0.2673
vn -0.7708 0.5943 0.2294
vn -0.3744 -0.8461 -0.3793
vn -0.2882 -0.6505 -0.7027
vn -0.1442 -0.6985 -0.7009
vn 0.7576 -0.1487 -0.6356
vn 0.7726 -0.0379 -0.6337
vn 0.4937 -0.0240 -0.8693
vn 0.4783 -0.0954 -0.8730
vn -0.2589 0.3716 -0.8916
vn -0.2734 0.3053 -0.9122
vn 0.1145 -0.9920 -0.0531
vn -0.0000 -0.9803 -0.1974
vn 0.1278 -0.9736 -0.1893
vn 0.5149 0.5485 0.6588
vn 0.9196 -0.1131 -0.3761
vn 0.8675 -0.3552 -0.3481
vn 0.9545 -0.2854 -0.0864
vn 0.9908 -0.0962 -0.0952
vn 0.2912 0.1585 0.9434
vn 0.3814 0.1596 0.9105
vn 0.7083 0.3042 0.6370
vn 0.4830 0.4697 0.7390
vn -0.2400 0.4320 -0.8694
vn -0.2013 0.4325 -0.8789
vn -0.2162 0.3719 -0.9027
vn -0.5170 -0.2570 -0.8165
vn -0.5572 -0.1628 -0.8143
vn -0.2984 -0.0879 -0.9504
vn -0.2735 -0.1358 -0.9522
vn 0.4168 -0.1179 -0.9013
vn 0.4800 -0.0300 -0.8768
vn 0.1238 -0.0336 -0.9917
vn 0.1081 -0.1289 -0.9857
vn 0.4717 -0.2115 0.8560
vn 0.5158 -0.2133 0.8297
vn 0.5120 -0.3817 0.7695
vn 0.4561 -0.3892 0.8003
vn 0.5097 0.8086 0.2939
vn 0.8504 0.5039 0.1513
vn 0.1866 -0.4506 0.8730
vn 0.2960 -0.7133 0.6353
vn 0.1509 -0.7574 0.6353
vn 0.0951 -0.4783 0.8730
vn -0.8993 -0.3013 -0.3170
vn -0.7412 -0.2648 -0.6168
vn -0.7228 -0.0660 -0.6879
vn -0.9256 -0.0811 -0.3697
vn -0.1081 -0.1289 -0.9857
vn -0.0988 -0.2531 -0.9624
vn 0.0988 -0.2531 -0.9624
vn 0.7106 -0.5956 -0.3745
vn 0.7776 -0.6270 -0.0468
vn 0.7039 -0.7036 -0.0976
vn 0.6539 -0.6538 -0.3808
vn 0.7067 0.7075 0.0021
vn 0.8336 0.5524 0.0005
vn 0.4831 0.4095 0.7739
vn 0.3993 0.5094 0.7623
vn -0.5128 0.8585 0.0001
vn -0.5112 0.8407 -0.1788
vn -0.5099 0.8438 -0.1676
vn -0.5105 0.8599 -0.0004
vn 0.3793 -0.9253 -0.0013
vn 0.1930 -0.9812 -0.0016
vn 0.7654 0.6327 -0.1176
vn 0.7761 0.6280 -0.0577
vn 0.8666 0.4981 -0.0283
vn 0.8773 0.4780 -0.0431
vn 0.7267 0.5241 0.4441
vn 0.7069 0.6340 0.3135
vn 0.3834 0.8160 0.4325
vn 0.3835 0.7403 0.5521
vn -0.1005 -0.8301 0.5485
vn -0.3947 -0.8492 0.3508
vn -0.3941 -0.7659 0.5080
vn -0.3829 -0.0087 0.9238
vn -0.3827 -0.0351 0.9232
vn -0.7074 0.0896 0.7012
vn -0.7020 0.0820 0.7075
vn 0.3866 -0.2297 -0.8932
vn 0.6967 0.5822 -0.4191
vn 0.6875 0.3755 -0.6216
vn 0.6553 0.4663 -0.5943
vn 0.6626 0.6465 -0.3783
vn -0.9946 0.0962 -0.0387
vn -0.9944 0.1042 -0.0174
vn 0.9856 0.1648 -0.0380
vn 0.9913 0.1045 -0.0804
vn 0.9295 0.0709 -0.3619
vn 0.9728 0.1525 -0.1743
vn -0.4937 -0.0240 -0.8693
vn -0.4783 -0.0954 -0.8730
vn -0.1202 -0.0237 -0.9925
vn -0.1265 -0.0060 -0.9920
vn 0.0936 -0.1641 -0.9820
vn 0.0975 -0.0880 -0.9913
vn 0.1019 -0.1255 -0.9868
vn 0.0162 -0.2097 -0.9776
vn 0.9951 0.0237 0.0963
vn 0.9944 0.0304 0.1009
vn -0.0369 -0.9213 0.3871
vn -0.1958 -0.9755 0.1007
vn 0.1477 -0.9810 0.1260
vn 0.1896 -0.9764 0.1035
vn 0.0192 -0.9191 0.3936
vn 0.0420 -0.8358 0.5474
vn 0.1460 0.2133 -0.9660
vn 0.1057 0.0045 -0.9944
vn 0.2169 -0.0117 -0.9761
vn 0.2649 0.2002 -0.9433
vn 0.9935 -0.1013 0.0511
vn 0.9225 -0.0799 0.3775
vn 0.3164 -0.9484 0.0204
vn 0.5400 -0.8416 0.0057
vn 0.8539 0.5090 -0.1083
vn 0.9191 0.3825 -0.0946
vn 0.8183 0.4314 -0.3800
vn 0.7617 0.5242 -0.3808
vn -0.4336 0.2439 0.8675
vn -0.4335 0.1581 0.8872
vn -0.3675 0.1594 0.9163
vn -0.3580 0.2352 0.9036
vn -0.3863 -0.3388 -0.8579
vn -0.3707 -0.4178 -0.8295
vn -0.9932 0.1160 -0.0029
vn -0.9933 0.1157 0.0016
vn -0.8505 0.5255 -0.0203
vn -0.8484 0.5278 0.0406
vn 0.4945 0.8532 0.1656
vn 0.4949 0.8553 0.1531
vn 0.4937 0.8155 0.3020
vn 0.4942 0.8062 0.3253
vn 0.4977 -0.5442 0.6754
vn 0.4279 -0.5605 0.7090
vn -0.5452 -0.8240 -0.1542
vn -0.5630 -0.7646 -0.3138
vn -0.4875 -0.8101 -0.3258
vn -0.4651 -0.8702 -0.1628
vn 0.1041 0.8512 0.5144
vn 0.1122 0.8045 0.5833
vn 0.0967 0.8089 0.5800
vn 0.0972 0.8476 0.5217
vn 0.5196 -0.6010 -0.6072
vn 0.4871 -0.4718 -0.7349
vn 0.5118 -0.4774 -0.7143
vn 0.5116 -0.6101 -0.6050
vn -0.3556 -0.9346 -0.0000
vn -0.4131 -0.8677 0.2765
vn 0.0001 -0.9548 0.2972
vn 0.0001 -1.0000 -0.0000
vn 0.4211 -0.3469 0.8381
vn 0.0001 -0.3831 0.9237
vn 0.0001 -0.2908 0.9568
vn 0.4217 -0.2630 0.8678
vn -0.3871 -0.1823 0.9039
vn -0.0986 -0.1954 0.9758
vn -0.0987 -0.3840 0.9181
vn -0.3872 -0.3571 0.8500
vn -0.5146 -0.0087 0.8574
vn -0.5147 0.1559 0.8431
vn -0.5131 0.1674 0.8418
vn -0.5129 -0.0000 0.8584
vn -0.6904 0.7033 -0.1694
vn 0.2682 0.9634 -0.0019
vn 0.5168 0.8561 -0.0019
vn 0.3429 0.5817 0.7376
vn 0.1777 0.6514 0.7376
vn 0.9261 -0.1408 0.3501
vn 0.9955 -0.0355 0.0879
vn 0.9872 -0.1463 0.0629
vn 0.9188 -0.2401 0.3132
vn -0.7186 -0.6954 -0.0000
vn -0.9330 -0.3598 -0.0000
vn -0.9349 -0.3545 0.0186
vn -0.7212 -0.6918 0.0348
vn -0.0986 -0.7071 -0.7002
vn -0.0986 -0.8287 -0.5510
vn 0.3870 -0.9043 0.1799
vn -0.9717 0.2361 0.0006
vn -0.8969 0.1348 -0.4211
vn -0.7094 0.3041 -0.6358
vn -0.0994 -0.7079 0.6993
vn 0.1142 -0.7130 0.6918
vn 0.0986 -0.8287 0.5510
vn -0.4921 -0.2935 0.8196
vn -0.5327 -0.4342 0.7265
vn -0.9272 -0.0460 0.3718
vn -0.7176 -0.0942 0.6900
vn -0.7215 -0.1444 0.6771
vn -0.9292 -0.0701 0.3630
vn 0.4925 -0.3076 -0.8142
vn 0.5315 -0.4476 -0.7191
vn 0.4675 -0.4759 -0.7450
vn 0.4307 -0.3272 -0.8411
vn 0.1007 -0.9207 -0.3769
vn 0.3947 -0.8492 -0.3508
vn -0.9265 -0.1285 -0.3537
vn -0.7116 -0.2485 -0.6571
vn -0.9210 -0.0905 -0.3789
vn 0.7027 0.6144 0.3588
vn 0.3793 0.7992 0.4662
vn 0.3766 0.6981 0.6090
vn 0.6984 0.5393 0.4705
vn -0.3787 0.8778 0.2934
vn -0.3786 0.7950 0.4740
vn -0.0988 0.8577 0.5045
vn -0.0988 0.9449 0.3121
vn 0.3766 0.4991 0.7804
vn 0.6984 0.3856 0.6030
vn 0.1966 0.9805 -0.0013
vn 0.3693 0.9293 -0.0004
vn 0.2051 0.6384 0.7419
vn 0.1039 0.6698 0.7352
vn -0.2727 -0.6619 0.6982
vn -0.3937 -0.6199 0.6788
vn -0.4010 -0.7444 0.5339
vn -0.2893 -0.7757 0.5609
vn -0.2971 0.8725 0.3878
vn -0.0754 0.8948 0.4401
vn -0.0774 0.8437 0.5313
vn -0.2942 0.8324 0.4696
vn -0.1947 -0.9809 -0.0000
vn -0.3822 -0.9241 -0.0000
vn -0.3793 -0.9253 -0.0013
vn -0.1929 -0.9812 -0.0016
vn 0.2727 -0.6619 0.6983
vn 0.2581 -0.5103 0.8204
vn 0.1328 -0.5437 0.8287
vn 0.1397 -0.6949 0.7054
vn 0.4951 0.8688 -0.0058
vn 0.4949 0.8686 0.0240
vn -0.4192 -0.5758 0.7019
vn -0.4198 -0.5041 0.7548
vn 0.0001 -0.5559 0.8312
vn 0.0001 -0.6347 0.7728
vn -0.9718 0.2359 -0.0003
vn -0.8767 0.4810 0.0030
vn -0.7087 0.3039 0.6367
vn -0.8973 0.1350 0.4203
vn 0.3787 0.4400 0.8143
vn 0.3786 0.2561 0.8894
vn 0.5127 0.3285 0.7932
vn 0.5122 0.1675 0.8424
vn 0.8563 0.1007 0.5066
vn 0.8564 0.1975 0.4770
vn 0.7181 -0.6923 -0.0712
vn 0.9304 -0.3570 -0.0831
vn 0.9330 -0.3598 -0.0000
vn 0.7186 -0.6954 -0.0000
vn -0.5155 0.1740 -0.8390
vn -0.5155 -0.0025 -0.8569
vn -0.5136 0.0001 -0.8580
vn -0.5135 0.1674 -0.8416
vn 0.8416 -0.4183 -0.3415
vn 0.8978 -0.4373 -0.0525
vn 0.8228 -0.5683 -0.0052
vn 0.7774 -0.5224 -0.3504
vn 0.1010 -0.9889 0.1087
vn 0.0769 -0.9599 -0.2695
vn -0.4138 -0.1437 0.8990
vn -0.4731 -0.2209 0.8529
vn -0.7506 -0.0276 0.6602
vn -0.7290 0.0380 0.6834
vn 0.1370 -0.9182 -0.3716
vn 0.1412 -0.8270 -0.5442
vn 0.2763 -0.8113 -0.5152
vn 0.2675 -0.9009 -0.3418
vn -0.4375 -0.8976 -0.0543
vn -0.9407 -0.3375 -0.0347
vn -0.9173 -0.2920 0.2707
vn -0.9243 -0.3741 0.0751
vn -0.6706 -0.7110 0.2119
vn -0.7198 -0.5140 0.4666
vn 0.9118 -0.3453 -0.2223
vn 0.7179 -0.5590 -0.4148
vn 0.3892 0.4963 0.7760
vn 0.3892 0.6941 0.6056
vn 0.7160 0.5260 0.4589
vn -0.5587 0.0823 -0.8253
vn -0.4756 0.0814 -0.8759
vn -0.4727 0.0206 -0.8810
vn -0.5538 0.0208 -0.8324
vn -0.5155 -0.6309 0.5798
vn -0.5063 -0.7467 0.4314
vn -0.4909 -0.7563 0.4324
vn -0.5107 -0.6399 0.5742
vn 0.7522 0.6035 -0.2646
vn -0.1296 0.7086 -0.6936
vn -0.1163 0.7112 -0.6933
vn -0.3812 0.6059 -0.6982
vn 0.4895 0.4707 0.7341
vn -0.9552 0.1700 0.2425
vn -0.8462 0.0902 0.5251
vn -0.9664 0.0421 0.2536
vn 0.9412 0.3379 -0.0005
vn 0.7902 0.6129 -0.0004
vn 0.7858 0.6185 -0.0002
vn 0.9351 0.3543 -0.0003
vn 0.1593 -0.9800 0.1194
vn 0.1474 -0.9788 0.1425
vn 0.2569 -0.8799 0.3997
vn 0.1996 -0.8760 0.4390
vn -0.7292 -0.6566 -0.1927
vn -0.7260 -0.5044 -0.4674
vn -0.6493 -0.6350 -0.4185
vn -0.6484 -0.7104 -0.2737
vn -0.2877 0.6789 -0.6755
vn -0.5168 0.8561 -0.0019
vn -0.7148 0.6993 0.0002
vn -0.7067 0.7075 -0.0017
vn -0.5391 0.8422 -0.0018
vn -0.8636 0.4158 -0.2852
vn -0.5032 0.6275 -0.5942
vn -0.5147 0.8357 0.1918
vn -0.5149 0.8395 0.1737
vn -0.5152 0.7912 0.3297
vn -0.5142 0.7903 0.3333
vn 0.5103 0.7240 -0.4641
vn 0.5117 0.7913 -0.3347
vn 0.4947 0.8015 -0.3358
vn 0.9349 -0.3545 -0.0186
vn 0.7212 -0.6918 -0.0348
vn 0.9213 -0.1446 0.3610
vn 0.7033 -0.2648 0.6598
vn 0.7104 -0.3650 0.6018
vn 0.9262 -0.2037 0.3173
vn 0.8766 0.4812 -0.0027
vn 0.9716 0.2365 0.0006
vn 0.9746 0.2235 0.0125
vn 0.9196 0.3928 0.0013
vn 0.0873 0.2255 -0.9703
vn 0.0876 0.1572 -0.9837
vn -0.2191 0.4826 -0.8480
vn -0.1854 0.4823 -0.8562
vn -0.5408 0.5954 -0.5942
vn -0.7244 0.6238 -0.2936
vn -0.6446 0.7183 -0.2616
vn -0.3827 0.5972 -0.7049
vn 0.9624 0.2717 -0.0026
vn 0.9673 0.2536 -0.0108
vn -0.8297 -0.3367 -0.4451
vn -0.9518 -0.2163 -0.2175
vn 0.0482 0.0623 -0.9969
vn 0.0963 0.0050 -0.9953
vn -0.7208 -0.1888 0.6669
vn -0.7834 -0.2116 0.5844
vn -0.5672 -0.2639 0.7801
vn -0.4021 -0.2421 0.8830
vn -0.3509 0.0203 0.9362
vn -0.4381 0.0205 0.8987
vn -0.4585 -0.0000 0.8887
vn -0.3664 0.0001 0.9305
vn -0.3873 -0.0311 0.9214
vn -0.1004 -0.0837 0.9914
vn -0.0992 -0.0778 0.9920
vn -0.5760 -0.7489 -0.3277
vn -0.5765 -0.5614 -0.5937
vn -0.1790 -0.6785 -0.7125
vn -0.1651 -0.9045 -0.3932
vn 0.8754 0.1162 -0.4692
vn 0.9696 0.2446 0.0023
vn 0.9743 0.2254 0.0023
vn 0.8670 0.1906 -0.4603
vn 0.9900 0.0479 -0.1326
vn 0.9802 0.0793 -0.1814
vn 0.2803 -0.9347 0.2183
vn -0.6910 0.6599 0.2950
vn -0.0746 0.9355 0.3454
vn -0.0320 0.9594 0.2802
vn -0.6907 0.6995 0.1835
vn -0.8861 0.0358 0.4622
vn -0.9668 0.2556 -0.0059
vn -0.9692 0.2460 -0.0095
vn -0.8775 0.1143 0.4658
vn 0.0046 -0.7921 -0.6104
vn -0.2052 -0.7858 -0.5834
vn -0.0196 -0.9747 -0.2228
vn 0.0920 -0.9613 -0.2596
vn -0.2888 -0.0005 0.9574
vn -0.2488 -0.0000 0.9685
vn -0.2202 0.0008 0.9754
vn -0.2801 -0.0004 0.9600
vn -0.4054 -0.2710 -0.8730
vn -0.3448 -0.3449 -0.8730
vn -0.0867 -0.0866 -0.9925
vn -0.1019 -0.0680 -0.9925
vn -0.9747 0.2216 0.0299
vn -0.9297 0.3636 -0.0591
vn -0.7387 0.6666 -0.1004
vn -0.7434 0.6687 0.0127
vn -0.7434 0.3161 0.5894
vn -0.6801 0.2406 0.6925
vn -0.8806 0.4013 0.2521
vn -0.8242 0.5565 0.1051
vn -0.9259 -0.0186 0.3773
vn -0.9955 -0.0046 0.0949
vn 0.4806 0.0206 0.8767
vn 0.5638 0.0204 0.8257
vn 0.5592 0.0824 0.8250
vn 0.4763 0.0816 0.8755
vn 0.4318 -0.9012 -0.0378
vn 0.5181 -0.8545 -0.0367
vn -0.4001 -0.7785 -0.4837
vn -0.3880 -0.8667 -0.3135
vn -0.4963 -0.7214 -0.4830
vn -0.4354 0.8852 -0.1638
vn -0.4370 0.8554 -0.2779
vn -0.0114 0.9541 -0.2994
vn -0.0035 0.9906 -0.1370
vn -0.9657 -0.2595 0.0008
vn -0.6043 0.1060 0.7896
vn -0.5766 -0.0837 0.8127
vn -0.8535 -0.5212 0.0009
vn -0.7596 0.1027 0.6422
vn -0.9026 0.2532 0.3480
vn -0.9221 0.1968 0.3331
vn -0.7849 0.0021 0.6197
vn 0.7979 0.5876 0.1340
vn 0.6947 0.6421 0.3241
vn 0.5210 0.7996 0.2987
vn 0.6274 0.7738 0.0867
vn -0.6914 0.3705 -0.6203
vn -0.6946 0.2749 -0.6648
vn -0.2755 0.4024 0.8730
vn -0.2654 0.1999 0.9432
vn -0.3785 0.0388 0.9248
vn -0.3989 0.2497 0.8823
vn 0.1045 0.2600 -0.9599
vn 0.0539 0.2537 -0.9658
vn -0.1312 0.7398 -0.6600
vn -0.2526 0.6953 -0.6728
vn 0.3745 -0.1529 -0.9145
vn 0.3304 -0.3064 -0.8927
vn 0.6484 -0.3734 -0.6635
vn 0.7005 -0.1440 -0.6990
vn -0.5138 0.8547 0.0746
vn 0.8384 0.2483 0.4852
vn 0.7392 0.3403 0.5812
vn 0.9953 0.0970 0.0025
vn 0.8798 -0.3266 0.3453
vn 0.9913 -0.0912 0.0949
vn 0.9919 -0.0521 0.1161
vn 0.8841 -0.1782 0.4320
vn 0.5114 0.8464 0.1488
vn 0.8522 0.5177 0.0754
vn -0.7021 -0.1646 0.6927
vn -0.6625 -0.2565 0.7038
vn -0.5949 -0.1317 0.7930
vn -0.6252 -0.0618 0.7780
vn 0.4932 0.0351 -0.8692
vn 0.5592 0.0100 -0.8290
vn 0.5358 0.0112 -0.8443
vn -0.3439 -0.4597 0.8188
vn -0.3226 -0.6839 0.6543
vn -0.6319 -0.5518 0.5442
vn -0.6602 -0.2934 0.6914
vn 0.9948 -0.0057 0.1014
vn 0.9945 -0.0227 0.1023
vn 0.4945 -0.8633 -0.1009
vn 0.5709 -0.8152 -0.0978
vn 0.5816 -0.8110 0.0638
vn 0.5056 -0.8620 0.0355
vn -0.9960 0.0261 -0.0853
vn -0.9735 0.0627 -0.2201
vn -0.0807 0.4825 -0.8722
vn -0.0910 0.4164 -0.9046
vn -0.0912 0.7051 -0.7032
vn -0.3246 0.5399 -0.7766
vn -0.3844 -0.0461 0.9220
vn -0.7133 -0.1385 0.6870
vn -0.7098 -0.0351 0.7035
vn 0.9807 -0.1957 -0.0018
vn 0.9234 -0.3839 -0.0013
vn 0.9975 -0.0555 -0.0448
vn 0.9959 -0.0655 -0.0630
vn 0.6420 -0.7656 -0.0426
vn 0.6083 -0.7881 0.0941
vn -0.6853 0.6766 0.2692
vn -0.7851 0.6184 -0.0351
vn -0.8500 0.5242 0.0523
vn -0.3061 0.9383 0.1609
vn -0.2339 0.9183 0.3194
vn -0.3818 0.8312 0.4041
vn -0.5145 0.8247 0.2347
vn -0.1265 -0.0060 0.9919
vn -0.1268 -0.0042 0.9919
vn 0.1012 -0.0133 0.9948
vn -0.3716 0.0806 -0.9249
vn -0.4606 0.3624 -0.8102
vn 0.5656 0.8247 0.0002
vn 0.2939 0.9558 -0.0000
vn 0.9958 0.0439 -0.0802
vn 0.9285 0.1786 -0.3255
vn 0.9285 0.1055 -0.3560
vn 0.9958 0.0259 -0.0877
vn 0.9842 0.1770 0.0036
vn 0.8512 0.3832 -0.3587
vn 0.8555 0.3253 -0.4028
vn 0.9816 0.1910 0.0016
vn 0.0988 0.3885 -0.9162
vn 0.0988 0.5731 -0.8135
vn 0.3787 0.5249 -0.7623
vn 0.3786 0.3501 -0.8568
vn 0.7292 -0.6566 -0.1927
vn 0.7260 -0.5044 -0.4674
vn 0.4269 -0.3125 0.8486
vn 0.4921 -0.2935 0.8196
vn 0.4397 -0.1473 0.8860
vn 0.3783 -0.1570 0.9123
vn -0.7140 -0.2944 -0.6352
vn -0.4505 -0.1867 -0.8730
vn -0.7576 -0.1487 -0.6356
vn -0.0000 -0.3831 0.9237
vn -0.0000 -0.5553 0.8317
vn 0.1208 -0.3718 0.9204
vn -0.7038 0.0481 0.7088
vn -0.7008 -0.0071 0.7133
vn -0.3794 -0.0250 0.9249
vn -0.3805 0.0633 0.9226
vn -0.4196 -0.5041 -0.7549
vn 0.0001 -0.5559 -0.8312
vn 0.0001 -0.4718 -0.8817
vn -0.4202 -0.4276 -0.8004
vn 0.6871 0.6738 0.2718
vn 0.8113 0.5844 -0.0170
vn 0.6931 0.7142 -0.0981
vn 0.6341 0.0828 0.7688
vn 0.7567 0.1017 0.6458
vn 0.7353 0.1438 0.6623
vn 0.6294 0.1648 0.7594
vn -0.9190 0.3739 -0.1249
vn -0.9185 0.3399 -0.2019
vn -0.5128 0.4791 -0.7124
vn -0.5110 0.4806 -0.7126
vn -0.5143 0.3442 -0.7855
vn -0.5157 0.3305 -0.7905
vn 0.9994 0.0344 -0.0000
vn 0.9658 -0.2594 0.0007
vn 0.5939 0.1068 0.7974
vn 0.5749 0.3173 0.7542
vn -0.4309 -0.9017 0.0370
vn -0.3889 -0.9033 0.1810
vn -0.4630 -0.8703 0.1680
vn 0.2564 -0.0069 0.9665
vn 0.2496 -0.0355 0.9677
vn 0.3249 -0.0375 0.9450
vn 0.3194 0.0007 0.9476
vn -0.9096 -0.0094 0.4153
vn -0.8948 -0.0160 0.4463
vn -0.6574 0.0057 0.7535
vn -0.0918 -0.0178 0.9956
vn -0.0980 0.0824 0.9918
vn 0.0737 -0.2498 -0.9655
vn -0.2875 0.4009 -0.8698
vn -0.3992 0.2472 -0.8829
vn -0.3710 0.0379 -0.9279
vn -0.2646 0.2008 -0.9432
vn -0.1521 0.3876 0.9092
vn -0.1844 0.4428 0.8775
vn -0.1968 0.4970 0.8451
vn 0.5330 0.3795 0.7562
vn -0.9901 0.1399 0.0119
vn -0.9889 0.1442 0.0346
vn 0.7039 0.2681 0.6578
vn 0.8816 0.0773 0.4656
vn 0.7886 0.0458 0.6133
vn 0.6508 0.2422 0.7196
vn -0.7526 0.6072 0.2547
vn -0.7797 0.5465 0.3056
vn -0.5342 0.6246 0.5697
vn -0.4748 0.7444 0.4694
vn 0.5528 0.6576 0.5118
vn 0.8328 0.4331 0.3448
vn 0.4132 0.6673 0.6197
vn -0.3166 -0.0366 0.9478
vn -0.2318 -0.0017 0.9728
vn -0.3719 -0.0358 0.9276
vn -0.0980 -0.4329 0.8961
vn -0.3616 -0.4052 0.8397
vn -0.3883 -0.6832 0.6184
vn -0.1013 -0.7378 0.6674
vn -0.3168 -0.9337 -0.1666
vn -0.4969 -0.8673 -0.0291
vn -0.5561 -0.8311 -0.0019
vn -0.5391 -0.8256 -0.1668
vn 0.9424 0.3345 0.0079
vn 0.9414 0.3373 0.0021
vn -0.9407 0.3394 0.0027
vn -0.9407 0.3391 -0.0045
vn 0.9948 0.1020 0.0043
vn 0.9948 0.1019 -0.0016
vn 0.8486 0.5290 0.0118
vn 0.8485 0.5277 -0.0403
vn 0.1165 -0.2579 0.9591
vn 0.0091 -0.2821 0.9593
vn 0.0063 -0.1875 0.9823
vn 0.1093 -0.1715 0.9791
vn 0.3844 0.9218 -0.0496
vn 0.3948 0.9181 0.0342
vn 0.1622 0.9852 0.0561
vn 0.0973 0.9939 -0.0512
vn 0.7119 -0.3539 -0.6066
vn 0.7650 -0.2231 -0.6042
vn 0.1779 0.4870 0.8551
vn 0.4068 0.4281 0.8070
vn 0.3786 0.5019 0.7777
vn 0.1001 0.5410 0.8350
vn -0.6917 0.4470 0.5673
vn -0.6912 0.5321 0.4890
vn 0.1796 0.2312 -0.9562
vn 0.1867 0.2952 -0.9370
vn 0.2603 0.3039 -0.9165
vn 0.2687 0.2338 -0.9344
vn -0.5175 0.2530 0.8174
vn -0.5188 0.1017 0.8488
vn -0.8678 0.1916 0.4585
vn -0.8596 0.2601 0.4398
vn 0.6334 -0.5313 -0.5626
vn 0.6493 -0.6350 -0.4185
vn 0.5673 -0.6796 -0.4651
vn 0.5567 -0.5728 -0.6016
vn -0.4840 -0.7238 -0.4919
vn -0.2920 -0.5421 -0.7879
vn -0.5983 -0.4577 -0.6577
vn -0.7140 -0.2944 0.6352
vn -0.8833 -0.3664 0.2925
vn 0.0764 0.5924 0.8020
vn 0.1058 0.6869 0.7190
vn 0.2914 0.6707 0.6821
vn 0.2993 0.6344 0.7127
vn -0.6758 -0.6765 -0.2926
vn -0.5309 -0.7953 -0.2926
vn -0.4296 -0.6417 -0.6353
vn -0.5467 -0.5454 -0.6353
vn 0.4505 -0.1867 -0.8730
vn 0.1132 -0.0468 -0.9925
vn 0.1019 -0.0680 -0.9925
vn 0.4054 -0.2710 -0.8730
vn 0.3889 0.0808 0.9177
vn 0.4679 0.1609 0.8690
vn 0.4460 -0.3992 -0.8011
vn 0.3498 -0.5837 -0.7328
vn 0.9098 -0.1184 -0.3977
vn -0.9196 0.3928 0.0013
vn -0.9776 0.2105 0.0037
vn 0.8088 0.4743 -0.3477
vn 0.8355 0.4024 -0.3742
vn 0.5436 0.5540 -0.6305
vn 0.9901 0.0382 -0.1351
vn 0.1390 0.7017 0.6987
vn 0.3283 0.4366 0.8376
vn 0.6128 0.4738 0.6324
vn -0.0685 -0.1743 -0.9823
vn -0.1035 -0.1523 -0.9829
vn 0.4431 0.0223 -0.8962
vn 0.4387 0.1914 -0.8780
vn 0.6962 0.1374 -0.7046
vn 0.6958 0.0181 -0.7180
vn -0.7951 -0.4521 -0.4043
vn -0.8648 -0.3977 -0.3066
vn -0.7730 -0.2211 -0.5947
vn -0.7096 -0.2522 -0.6579
vn -0.7667 0.6308 0.1193
vn -0.8902 0.4549 0.0244
vn -0.8888 0.4570 0.0337
vn 0.3287 -0.5779 -0.7470
vn -0.5799 0.6978 0.4205
vn -0.7772 0.5959 0.2021
vn 0.9908 0.0959 0.0956
vn 0.9993 -0.0366 -0.0068
vn 0.9925 0.1220 0.0009
vn 0.9852 0.1421 0.0959
vn 0.8535 -0.5211 -0.0008
vn 0.9411 -0.3380 -0.0004
vn 0.0196 -0.9747 -0.2228
vn -0.1474 -0.9787 0.1426
vn -0.8841 -0.1783 -0.4320
vn -0.9144 -0.0467 -0.4021
vn -0.5931 -0.3002 -0.7471
vn -0.0968 -0.9289 0.3575
vn -0.3547 -0.8747 0.3302
vn 0.0461 -0.4637 -0.8848
vn 0.9285 0.3628 -0.0789
vn 0.9958 0.0832 -0.0378
vn 0.9958 0.0893 -0.0193
vn -0.4830 0.4697 0.7390
vn -0.4987 -0.8125 -0.3019
vn -0.4156 -0.8541 -0.3127
vn 0.5681 0.8208 0.0588
vn 0.5323 0.8134 0.2347
vn 0.7059 0.6362 0.3114
vn 0.7722 0.6309 0.0754
vn -0.4717 -0.6576 -0.5875
vn -0.4414 -0.6797 -0.5858
vn -0.2585 0.0204 0.9658
vn -0.0998 0.9624 -0.2528
vn -0.0999 0.9188 -0.3818
vn -0.8844 -0.4642 -0.0497
vn -0.8894 -0.4552 -0.0413
vn -0.9877 -0.1409 -0.0684
vn -0.9921 -0.1248 -0.0139
vn 0.9629 -0.0448 0.2663
vn -0.7310 -0.6802 0.0536
vn 0.7102 -0.3559 0.6074
vn 0.7100 -0.2623 0.6535
vn 0.7849 -0.0732 0.6153
vn 0.7624 0.0191 0.6469
vn 0.9261 -0.0327 -0.3760
vn 0.7100 -0.0606 -0.7016
vn -0.8935 -0.2394 0.3798
vn -0.6869 -0.1840 0.7031
vn -0.7050 -0.0928 0.7031
vn -0.9171 -0.1207 0.3798
vn -0.0974 -0.6301 0.7704
vn 0.0974 -0.6301 0.7704
vn 0.2391 0.5461 -0.8029
vn 0.2081 0.6650 -0.7172
vn 0.0953 0.4000 0.9115
vn 0.1001 0.6370 0.7643
vn -0.1413 -0.8270 -0.5442
vn -0.2763 -0.8113 -0.5152
vn -0.2746 -0.6909 -0.6688
vn -0.1401 -0.7043 -0.6960
vn -0.8978 -0.4373 -0.0525
vn -0.8846 -0.4137 0.2150
vn -0.9316 -0.2614 0.2527
vn -0.9591 -0.2794 -0.0453
vn 0.6585 -0.4376 -0.6123
vn 0.0946 -0.9921 -0.0822
vn 0.3868 -0.9194 -0.0708
vn 0.3902 -0.9207 -0.0000
vn 0.1000 -0.9950 -0.0000
vn 0.1043 -0.1896 0.9763
vn -0.0000 -0.1982 0.9802
vn -0.9184 -0.2407 0.3139
vn -0.9263 -0.2497 0.2821
vn -0.7097 -0.4678 0.5268
vn -0.6994 -0.4411 0.5624
vn -0.4883 -0.5970 0.6365
vn 0.5467 -0.5454 -0.6353
vn 0.6427 -0.4281 -0.6353
vn 0.3448 -0.3449 -0.8730
vn -0.9159 0.1441 -0.3747
vn -0.9198 0.1846 -0.3462
vn -0.7031 0.3379 -0.6257
vn -0.8121 0.2910 -0.5058
vn 0.4669 -0.1882 0.8641
vn 0.4759 -0.0144 0.8794
vn 0.4800 -0.0346 0.8766
vn -0.5146 -0.1734 0.8397
vn -0.5143 -0.3321 0.7907
vn -0.5170 -0.3544 0.7792
vn 0.9368 -0.3423 -0.0731
vn 0.9360 -0.3223 -0.1413
vn 0.7248 -0.6354 -0.2664
vn 0.7247 -0.6753 -0.1369
vn -0.5176 0.1203 0.8471
vn 0.5295 -0.8094 -0.2541
vn -0.5581 -0.8138 0.1623
vn -0.8656 -0.4912 0.0975
vn -0.8626 -0.5059 -0.0008
vn 0.4781 -0.0517 -0.8768
vn 0.3864 -0.0377 -0.9215
vn 0.9739 -0.2262 0.0167
vn 0.9369 -0.1555 0.3129
vn 0.5213 0.6816 0.5135
vn 0.2191 0.6274 0.7473
vn 0.9547 0.1637 0.2486
vn 0.7964 0.3317 0.5056
vn 0.8634 0.3599 0.3536
vn 0.9784 0.1510 0.1413
vn 0.0973 0.9741 -0.2039
vn 0.1363 0.9298 -0.3418
vn 0.0977 0.9113 -0.3999
vn -0.0983 0.2125 0.9722
vn -0.0988 0.3885 0.9162
vn -0.3786 0.3501 0.8568
vn -0.3794 0.1846 0.9066
vn -0.9213 0.2595 -0.2897
vn -0.9196 0.2940 -0.2607
vn -0.7008 0.5282 -0.4794
vn -0.7035 0.4742 -0.5294
vn 0.9946 0.1023 0.0173
vn 0.9944 0.1054 -0.0000
vn 0.9185 0.3953 -0.0000
vn 0.9189 0.3854 0.0840
vn 0.9962 -0.0565 -0.0660
vn 0.5101 0.6342 -0.5811
vn 0.8476 0.4332 -0.3064
vn 0.8478 0.4711 -0.2435
vn -0.9982 0.0593 -0.0001
vn -0.9976 0.0694 -0.0000
vn -0.9324 0.3614 -0.0000
vn -0.9350 0.3546 -0.0003
vn 0.0659 -0.1847 -0.9806
vn 0.0705 -0.0481 -0.9964
vn -0.0126 -0.0335 -0.9994
vn 0.8630 -0.4203 0.2804
vn 0.8566 0.4290 0.2866
vn 0.8566 0.3648 0.3648
vn -0.8561 -0.4774 -0.1981
vn -0.8586 -0.5026 -0.1005
vn 0.8585 -0.4743 0.1952
vn 0.8565 0.5062 0.1007
vn 0.8566 0.4768 0.1975
vn -0.8565 -0.1978 -0.4767
vn -0.8539 -0.2896 -0.4324
vn -0.9961 -0.0612 0.0639
vn -0.9958 -0.0516 0.0760
vn -0.9282 -0.2091 0.3078
vn -0.9290 -0.2625 0.2609
vn 0.8563 -0.1977 -0.4771
vn 0.8564 -0.1007 -0.5064
vn -0.8566 0.1007 0.5061
vn -0.8566 0.1974 0.4766
vn -0.8567 -0.3645 0.3649
vn -0.8560 -0.2872 0.4298
vn -0.8566 0.2866 0.4290
vn -0.5814 -0.0095 0.8135
vn -0.5196 -0.0350 0.8537
vn 0.7257 0.6834 0.0797
vn 0.9270 0.3674 -0.0749
vn -0.9994 0.0050 0.0351
vn -0.7054 0.3444 0.6195
vn -0.5723 0.3771 0.7282
vn -0.9920 -0.0169 0.1255
vn -0.6465 0.1304 0.7517
vn -0.4892 -0.0031 0.8721
vn -0.6298 -0.0149 0.7766
vn -0.8793 0.2175 -0.4237
vn -0.4891 0.4281 -0.7599
vn -0.6270 0.5936 -0.5045
vn 0.0445 0.5158 -0.8556
vn 0.0413 0.6633 -0.7472
vn -0.1077 -0.0551 -0.9927
vn -0.0888 0.0001 -0.9961
vn -0.0929 0.0001 -0.9957
vn -0.8594 0.5088 0.0502
vn -0.4521 0.0753 0.8888
vn -0.5377 0.0599 0.8410
vn 0.9942 0.0205 -0.1051
vn 0.9944 0.0466 -0.0951
vn -0.8567 -0.0000 -0.5159
vn -0.8572 -0.1003 -0.5051
vn 0.9958 0.0733 -0.0547
vn -0.7564 0.5884 -0.2858
vn -0.8414 0.5365 -0.0648
vn -0.7833 0.6021 0.1550
vn -0.4838 0.0003 -0.8752
vn -0.3053 -0.1849 -0.9341
vn -0.2094 -0.1946 -0.9583
vn -0.2401 -0.3766 -0.8947
vn -0.3489 -0.3596 -0.8654
vn -0.9935 0.1132 -0.0107
vn 0.8566 0.5060 -0.1007
vn 0.8566 0.5160 -0.0000
vn 0.8551 -0.3681 -0.3651
vn 0.8560 -0.2872 -0.4298
vn 0.8565 -0.0000 -0.5162
vn 0.8566 0.1007 -0.5061
vn 0.0654 0.4628 0.8840
vn 0.0711 0.7919 0.6065
vn 0.1007 0.7658 0.6352
vn -0.2246 -0.3560 -0.9071
vn -0.8566 0.3649 0.3648
vn -0.8600 -0.4238 0.2841
vn 0.8561 -0.0000 0.5168
vn 0.8559 -0.1010 0.5073
vn 0.8566 0.2867 0.4291
vn -0.8563 -0.1977 0.4771
vn -0.8565 -0.1007 0.5063
vn -0.4204 -0.4275 0.8003
vn 0.0001 -0.4718 0.8817
vn 0.5809 -0.8096 0.0843
vn 0.5760 -0.7489 0.3278
vn 0.1651 -0.9045 0.3932
vn 0.1594 -0.9822 0.0997
vn 0.0989 -0.0046 0.9951
vn -0.5175 -0.7059 0.4836
vn -0.5195 -0.5989 0.6094
vn -0.5140 -0.6059 0.6071
vn -0.5273 -0.7051 0.4741
vn 0.0988 0.7993 0.5927
vn 0.3787 0.7395 0.5566
vn 0.3787 0.8412 0.3860
vn 0.0988 0.9064 0.4106
vn 0.6570 -0.2721 0.7031
vn 0.6869 -0.1841 0.7031
vn 0.3763 -0.1008 0.9210
vn 0.3599 -0.1491 0.9210
vn -0.1132 -0.0468 0.9925
vn -0.4505 -0.1867 0.8730
vn -0.4783 -0.0954 0.8730
vn -0.1202 -0.0237 0.9925
vn 0.8566 0.4767 -0.1974
vn -0.1861 -0.9380 0.2926
vn -0.1509 -0.7574 0.6353
vn -0.0000 -0.7722 0.6354
vn -0.0000 -0.9562 0.2927
vn 0.8967 0.1352 -0.4216
vn -0.8566 0.4291 0.2867
vn -0.8566 0.4768 0.1975
vn -0.2466 0.3727 0.8946
vn -0.2293 0.4316 0.8725
vn -0.3028 0.4330 0.8490
vn 0.3852 -0.3961 -0.8335
vn 0.8567 0.1974 -0.4766
vn 0.8567 0.2866 -0.4289
vn -0.8561 0.4775 -0.1976
vn -0.8560 0.4297 -0.2873
vn -0.8644 -0.4643 0.1930
vn -0.8565 -0.0000 0.5161
vn 0.8612 -0.5082 0.0017
vn 0.8683 -0.4866 -0.0960
vn 0.9260 0.3256 0.1910
vn 0.9955 0.0769 0.0558
vn 0.9260 0.3054 0.2219
vn -0.7878 0.5800 -0.2073
vn -0.8594 0.5099 -0.0369
vn -0.8538 0.5109 0.0999
vn -0.3993 0.5094 0.7623
vn -0.4830 0.4095 0.7739
vn -0.9240 -0.3825 -0.0000
vn -0.8832 -0.3666 -0.2925
vn -0.3802 -0.1362 0.9148
vn -0.0976 -0.1466 0.9844
vn -0.0964 -0.1272 0.9872
vn -0.3805 -0.1021 0.9191
vn -0.8656 0.1496 0.4778
vn -0.9431 0.1360 0.3034
vn -0.6970 0.1897 0.6915
vn -0.5961 0.2167 0.7731
vn -0.9240 -0.0302 0.3811
vn -0.7089 -0.0232 0.7049
vn 0.7932 -0.0697 -0.6050
vn -0.5091 -0.0113 -0.8606
vn -0.7013 -0.0226 -0.7125
vn -0.7727 -0.0379 -0.6337
vn -0.0000 -0.9562 -0.2926
vn -0.1864 -0.9379 -0.2926
vn 0.1570 0.9874 0.0179
vn 0.7107 0.0501 0.7017
vn 0.9267 0.0264 0.3749
vn 0.5166 0.8562 0.0024
vn 0.3430 0.5818 -0.7374
vn 0.4831 0.4698 -0.7389
vn 0.7149 0.6993 0.0002
vn -0.5376 0.8059 -0.2478
vn -0.3202 0.6313 -0.7063
vn -0.7035 0.4084 -0.5817
vn -0.9213 0.2235 -0.3183
vn 0.4856 -0.7882 0.3781
vn 0.4958 -0.8466 0.1935
vn 0.3889 -0.9033 0.1810
vn 0.4630 -0.8703 0.1680
vn 0.4651 -0.3378 -0.8183
vn 0.5123 -0.3287 -0.7934
vn -0.5082 0.8603 -0.0397
vn -0.5118 0.8555 0.0787
vn -0.3985 0.4834 0.7795
vn -0.5072 0.4974 0.7038
vn -0.9896 0.0519 0.1339
vn -0.9895 0.0629 0.1304
vn 0.4915 0.7532 0.4372
vn -0.5931 0.1727 0.7864
vn -0.7333 0.4408 0.5176
vn -0.6493 0.1600 0.7435
vn 0.7020 0.0673 0.7090
vn 0.9138 0.0482 0.4032
vn 0.1186 0.0206 0.9927
vn 0.0235 0.0205 0.9995
vn 0.0477 0.0013 0.9989
vn 0.0979 0.0808 -0.9919
vn 0.0870 0.0465 -0.9951
vn 0.0956 -0.0775 -0.9924
vn 0.9252 -0.0000 -0.3795
vn 0.9208 0.0901 -0.3796
vn 0.9269 0.0408 0.3732
vn 0.9303 0.2384 0.2788
vn 0.9960 0.0578 0.0676
vn 0.9927 -0.0251 0.1181
vn -0.9253 -0.1018 0.3653
vn -0.9445 -0.1096 0.3098
vn -0.5106 0.3386 -0.7903
vn -0.5100 0.1993 -0.8368
vn -0.5134 0.2028 -0.8338
vn -0.5567 -0.5729 -0.6016
vn -0.6334 -0.5313 -0.5626
vn -0.9946 0.0962 0.0387
vn -0.9944 0.1042 0.0174
vn -0.9343 -0.2977 -0.1962
vn -0.3880 0.0807 -0.9181
vn -0.4681 0.1609 -0.8689
vn -0.3817 0.1596 -0.9104
vn -0.1068 0.0205 -0.9941
vn -0.2061 0.0202 -0.9783
vn -0.2024 0.0797 -0.9761
vn -0.1063 0.0794 -0.9912
vn 0.4831 0.4095 -0.7739
vn 0.5484 0.2868 -0.7855
vn 0.9195 0.3931 -0.0013
vn -0.5623 0.1408 0.8149
vn -0.5796 -0.0009 0.8149
vn -1.0000 0.0042 0.0030
vn -0.3944 -0.9013 0.1795
vn 0.0975 0.6526 -0.7514
vn 0.0976 0.4851 -0.8690
vn 0.3875 0.4435 -0.8082
vn 0.3875 0.6048 -0.6957
vn 0.3683 -0.7002 -0.6116
vn -0.1988 0.1577 -0.9673
vn -0.0912 -0.0035 -0.9958
vn 0.7116 -0.2485 -0.6571
vn 0.6895 -0.3136 -0.6529
vn 0.9218 -0.1638 -0.3513
vn 0.9265 -0.1285 -0.3537
vn -0.3944 -0.6462 -0.6533
vn 0.4870 0.1211 -0.8649
vn 0.5184 0.1048 -0.8487
vn -0.5171 0.2727 0.8113
vn -0.0420 -0.7910 -0.6104
vn -0.0000 -0.7930 -0.6092
vn -0.1725 0.4325 -0.8850
vn -0.0840 0.4884 -0.8686
vn 0.3787 0.6036 0.7016
vn 0.0988 0.6562 0.7481
vn 0.0988 0.4835 0.8697
vn -0.1271 -0.0012 -0.9919
vn -0.1173 -0.0034 -0.9931
vn -0.4023 -0.0156 -0.9154
vn 0.1812 0.0205 -0.9832
vn 0.0834 0.0207 -0.9963
vn 0.0882 0.0794 -0.9929
vn 0.1846 0.0796 -0.9796
vn -0.5085 -0.1498 -0.8479
vn -0.4408 -0.1550 -0.8841
vn 0.4496 0.8147 -0.3663
vn -0.5026 0.6843 0.5283
vn -0.3718 0.2355 -0.8979
vn -0.4560 0.2373 -0.8577
vn 0.3817 0.7873 0.4842
vn 0.0991 0.7498 0.6542
vn -0.0000 -0.7722 -0.6353
vn 0.1509 -0.7574 -0.6353
vn 0.0951 -0.4783 -0.8730
vn -0.0000 -0.4877 -0.8730
vn 0.2458 0.3727 -0.8948
vn 0.3257 0.3729 -0.8688
vn 0.3436 0.3067 -0.8876
vn -0.4315 0.7957 -0.4250
vn 0.0001 0.8817 -0.4718
vn 0.0881 0.5381 0.8382
vn -0.0108 0.0205 -0.9997
vn -0.0091 0.0793 -0.9968
vn -0.4315 0.6832 -0.5891
vn 0.0001 0.7563 -0.6543
vn -0.9948 0.0584 -0.0832
vn -0.9948 0.0482 -0.0895
vn 0.1401 -0.7042 -0.6960
vn 0.2746 -0.6909 -0.6688
vn 0.3482 0.1165 -0.9301
vn 0.3763 -0.0099 -0.9265
vn -0.9174 -0.0005 -0.3979
vn -0.9960 -0.0083 -0.0892
vn -0.6951 -0.2516 0.6735
vn -0.3750 -0.3379 0.8633
vn 0.3937 -0.6199 0.6788
vn 0.2893 -0.7757 0.5609
vn 0.9212 0.3357 0.1965
vn -0.2696 0.2338 0.9341
vn -0.2611 0.3040 0.9162
vn 0.2979 0.0803 0.9512
vn 0.2039 0.0798 0.9757
vn 0.2160 0.0202 0.9762
vn 0.3072 0.0201 0.9514
vn 0.4303 0.5204 -0.7376
vn 0.0001 0.5754 -0.8179
vn 0.9392 0.3292 -0.0975
vn 0.9283 0.3609 -0.0889
vn 0.9775 0.2109 -0.0034
vn 0.9717 0.2363 -0.0002
vn -0.5765 -0.5614 0.5937
vn -0.1790 -0.6785 0.7125
vn -0.2246 -0.3560 0.9071
vn -0.5931 -0.3002 0.7471
vn 0.2246 -0.3560 0.9071
vn 0.1790 -0.6785 0.7125
vn 0.5765 -0.5614 0.5937
vn 0.5931 -0.3002 0.7471
vn -0.0109 -0.5833 -0.8122
vn -0.0000 -0.5838 -0.8119
vn 0.7091 0.0077 0.7050
vn 0.7138 -0.0348 0.6995
vn 0.3900 -0.0623 0.9187
vn 0.3851 -0.0034 0.9229
vn 0.4943 0.8023 -0.3346
vn -0.4872 -0.3242 -0.8109
vn 0.1327 -0.9901 0.0456
vn -0.2322 -0.9726 0.0078
vn -0.2517 -0.9674 0.0263
vn 0.6631 0.1946 -0.7228
vn 0.9031 0.1703 -0.3943
vn 0.6951 0.0812 -0.7143
vn -0.3776 -0.5793 0.7224
vn -0.3842 -0.6161 0.6877
vn -0.1128 -0.6415 0.7588
vn 0.6376 -0.4815 0.6013
vn 0.6596 -0.5873 0.4691
vn 0.7482 -0.4752 0.4629
vn 0.7134 -0.3734 0.5930
vn 0.5170 -0.2570 -0.8165
vn 0.4872 -0.3242 -0.8109
vn 0.3863 -0.3388 -0.8579
vn 0.5499 0.1626 0.8193
vn 0.1286 -0.3774 0.9171
vn -0.1286 -0.3774 0.9171
vn -0.1658 -0.0812 0.9828
vn 0.1658 -0.0812 0.9828
vn -0.0986 -0.5575 0.8243
vn 0.1363 -0.5593 0.8177
vn 0.1389 -0.6843 -0.7158
vn -0.9940 0.0280 -0.1054
vn -0.9902 0.0129 -0.1393
vn 0.1268 -0.3805 0.9161
vn 0.0195 -0.1717 0.9850
vn -0.4307 -0.3272 -0.8411
vn -0.3801 -0.1671 -0.9097
vn -0.9218 -0.3768 0.0915
vn -0.8546 -0.3540 0.3798
vn -0.9642 -0.2530 0.0796
vn 0.1826 0.1576 -0.9705
vn 0.2759 0.1584 -0.9481
vn 0.1038 -0.0829 0.9911
vn 0.0997 -0.0168 0.9949
vn 0.1982 0.1577 0.9674
vn 0.1034 0.1573 0.9821
vn 0.1081 0.0796 0.9910
vn -0.5552 -0.8317 -0.0000
vn -0.7069 -0.7073 -0.0000
vn -0.7046 -0.7096 -0.0001
vn -0.5522 -0.8337 -0.0008
vn -0.4210 -0.3469 0.8381
vn -0.4217 -0.2630 0.8678
vn -0.0000 1.0000 -0.0021
vn -0.9360 -0.3223 0.1413
vn -0.9981 -0.0524 0.0317
vn -0.9976 -0.0525 0.0455
vn -0.9345 -0.2937 0.2013
vn -0.1062 -0.1990 -0.9742
vn -0.1220 -0.3839 -0.9153
vn -0.6454 -0.2715 -0.7140
vn 0.2834 0.4850 0.8273
vn 0.3479 0.4864 0.8015
vn 0.3525 0.4561 0.8172
vn 0.2879 0.4013 0.8695
vn -0.0544 -0.0007 0.9985
vn -0.0854 -0.0019 0.9963
vn -0.1631 -0.0411 0.9858
vn -0.0796 -0.0489 0.9956
vn 1.0000 0.0043 -0.0029
vn 0.5814 -0.0006 -0.8136
vn 0.5919 -0.1479 -0.7924
vn 0.5863 0.1479 -0.7965
vn 0.3766 0.2600 0.8891
vn 0.0971 0.5362 0.8385
vn 0.0972 0.2793 0.9553
vn 0.5154 0.1224 0.8482
vn 0.4857 0.1362 0.8635
vn 0.9201 -0.0153 0.3914
vn -0.3936 -0.0377 -0.9185
vn -0.3287 -0.0408 -0.9435
vn -0.1955 0.2320 -0.9529
vn -0.2840 0.2340 -0.9298
vn -0.1978 0.2983 -0.9338
vn 0.7019 0.0507 0.7105
vn 0.6984 0.2009 0.6869
vn -0.0000 -0.8414 0.5405
vn 0.0871 -0.9867 0.1372
vn 0.0529 -0.8355 0.5469
vn 0.5760 -0.7489 -0.3277
vn 0.8793 -0.4364 -0.1909
vn -0.7857 0.6186 -0.0002
vn -0.7900 0.6130 -0.0004
vn -0.9410 0.3385 -0.0005
vn 0.8406 0.1768 -0.5120
vn 0.7122 0.4155 -0.5658
vn 0.5863 0.2093 -0.7826
vn 0.6154 0.1508 -0.7736
vn 0.6875 0.7158 -0.1223
vn 0.4004 0.3758 -0.8358
vn 0.4634 0.3814 -0.7999
vn 0.4525 0.3310 -0.8281
vn 0.4186 0.3112 -0.8532
vn 0.6398 -0.7623 -0.0977
vn 0.6480 -0.7605 0.0415
vn 0.4558 0.2373 0.8579
vn -0.5125 0.8422 0.1673
vn -0.8557 0.5174 -0.0001
vn -0.8564 0.5065 0.1007
vn -0.4262 0.1336 0.8947
vn -0.4289 0.3254 0.8427
vn 0.0078 0.3676 0.9300
vn 0.0133 0.1315 0.9912
vn -0.0754 0.7785 0.6231
vn -0.2945 0.7861 0.5434
vn -0.6850 -0.0001 -0.7286
vn -0.3490 0.0002 -0.9371
vn -0.5162 -0.5011 0.6945
vn -0.5172 -0.5089 0.6881
vn -0.6008 -0.3588 0.7143
vn -0.3682 0.0807 0.9262
vn -0.0988 0.7319 0.6742
vn -0.3786 0.6755 0.6327
vn -0.4043 -0.2150 0.8890
vn -0.3787 0.7949 -0.4740
vn -0.0988 0.8577 -0.5045
vn -0.0988 0.7319 -0.6742
vn -0.3787 0.6755 -0.6328
vn -0.2768 0.1584 0.9478
vn -0.8868 0.0177 -0.4619
vn -0.8988 -0.0759 -0.4317
vn 0.7111 -0.0144 -0.7029
vn 0.4023 -0.0156 -0.9154
vn 0.7246 -0.0282 -0.6886
vn 0.7947 -0.5318 0.2927
vn 0.8301 -0.5576 -0.0006
vn -0.8109 0.4755 0.3411
vn -0.8413 0.4039 0.3592
vn 0.1924 -0.3370 -0.9216
vn 0.1574 -0.3559 -0.9212
vn 0.0420 -0.0924 -0.9948
vn 0.0507 -0.0876 -0.9949
vn -0.9993 -0.0094 0.0350
vn -0.2569 -0.8799 0.3998
vn -0.1996 -0.8760 0.4391
vn 0.2227 0.4326 -0.8737
vn 0.1962 0.4807 -0.8547
vn 0.2763 0.4827 -0.8310
vn 0.3020 0.4329 -0.8493
vn -0.9404 -0.3401 0.0058
vn -0.9427 -0.3336 -0.0000
vn -0.8623 -0.5064 -0.0000
vn -0.8597 -0.5108 0.0004
vn -0.9915 0.0498 0.1200
vn -0.9726 0.1130 -0.2033
vn 0.2617 0.3593 0.8958
vn 0.2938 0.3312 0.8967
vn 0.5595 0.5699 0.6018
vn 0.6522 0.4492 0.6106
vn 0.6319 -0.0671 0.7721
vn 0.7021 -0.1646 0.6927
vn 0.8520 -0.1457 0.5028
vn 0.6952 -0.0270 0.7183
vn -0.9054 0.4124 -0.1004
vn -0.9302 0.3515 -0.1054
vn -0.9400 0.3413 -0.0058
vn -0.9274 0.3740 -0.0020
vn 0.3367 -0.3062 0.8904
vn 0.3721 -0.4718 0.7994
vn 0.4649 -0.4625 0.7550
vn -0.7134 -0.0021 0.7008
vn -0.7157 -0.1036 0.6907
vn -0.6386 0.6191 -0.4571
vn -0.4713 0.7244 -0.5030
vn -0.7162 0.6979 0.0095
vn 0.7186 0.5259 0.4550
vn 0.9239 0.3133 0.2198
vn 0.9130 0.3971 0.0939
vn -0.7060 -0.2632 0.6575
vn -0.7132 -0.3857 0.5853
vn -0.9257 -0.2038 0.3187
vn -0.9013 -0.1847 0.3918
vn 0.6377 0.3798 0.6701
vn 0.6227 0.3726 0.6880
vn 0.9997 0.0019 0.0253
vn -0.9962 -0.0565 0.0660
vn -0.9423 -0.2366 0.2366
vn -0.9946 -0.0824 0.0635
vn 0.2353 0.3997 0.8859
vn 0.1888 0.3756 0.9073
vn -0.5896 0.7326 -0.3401
vn -0.4157 0.5458 -0.7275
vn -0.5493 0.5564 -0.6235
vn -0.0858 0.0796 0.9931
vn -0.0884 0.1572 0.9836
vn -0.1835 0.1576 0.9703
vn -0.1819 0.0798 0.9801
vn -0.1000 -0.9938 0.0484
vn -0.3918 -0.9189 0.0454
vn 0.5944 -0.7083 -0.3807
vn 0.4563 -0.5437 -0.7044
vn 0.5020 -0.5019 -0.7044
vn -0.7097 0.0408 0.7033
vn 0.3918 -0.9189 -0.0453
vn 0.3943 -0.9013 -0.1795
vn 0.3777 -0.0724 0.9231
vn 0.3750 -0.3379 0.8633
vn 0.6951 -0.2516 0.6735
vn 0.6997 -0.0463 0.7129
vn 0.3378 -0.3939 0.8549
vn 0.0763 -0.4710 0.8789
vn 0.4043 -0.2150 0.8890
vn 0.7005 0.1244 -0.7027
vn 0.9201 0.0728 -0.3850
vn 0.9109 -0.0070 -0.4125
vn 0.6988 0.0119 -0.7152
vn 0.9436 0.3310 0.0061
vn 0.9889 0.1483 -0.0060
vn 0.9878 0.1548 -0.0146
vn -0.5106 0.6122 -0.6037
vn -0.5073 0.6282 -0.5899
vn -0.4945 -0.8633 -0.1009
vn -0.5056 -0.8620 0.0355
vn -0.5816 -0.8110 0.0638
vn -0.5709 -0.8152 -0.0978
vn -0.9870 -0.0988 -0.1264
vn -0.4838 -0.0517 -0.8736
vn -0.3889 0.0205 -0.9210
vn 0.7203 0.3209 0.6150
vn 0.7013 0.3865 0.5990
vn 0.4685 -0.1873 -0.8634
vn 0.4766 -0.0160 -0.8790
vn 0.2620 -0.6457 -0.7173
vn 0.5100 -0.7201 -0.4705
vn 0.5042 -0.6720 -0.5424
vn 0.4616 0.5547 -0.6922
vn 0.6358 0.7096 -0.3037
vn 0.8433 -0.2191 0.4908
vn 0.4627 0.6562 0.5961
vn 0.3786 0.7527 0.5387
vn 0.7013 0.5797 0.4149
vn 0.7063 0.6031 0.3707
vn 0.3974 -0.6615 -0.6359
vn 0.4896 -0.6088 -0.6243
vn 0.4963 -0.7214 -0.4830
vn 0.4001 -0.7785 -0.4837
vn -0.2682 0.9634 -0.0019
vn -0.1336 -0.5547 -0.8213
vn -0.2623 -0.5441 -0.7969
vn 0.3871 -0.8519 0.3528
vn -0.4214 -0.2630 -0.8679
vn 0.0001 -0.2908 -0.9568
vn 0.0001 -0.1956 -0.9807
vn -0.4221 -0.1766 -0.8892
vn 0.2052 -0.7858 -0.5834
vn 0.2920 -0.5421 -0.7879
vn 0.0555 -0.5781 -0.8141
vn -0.0046 -0.7921 -0.6104
vn 0.6136 -0.6932 -0.3782
vn 0.6621 -0.7491 -0.0224
vn 0.8436 -0.5294 -0.0893
vn -0.6529 0.5539 0.5166
vn -0.9191 0.2241 -0.3241
vn -0.9211 0.1447 -0.3614
vn -0.9944 0.0466 -0.0951
vn -0.2805 -0.8976 0.3400
vn -0.0749 -0.9934 0.0864
vn 0.7022 0.5973 -0.3875
vn 0.0112 0.0795 0.9968
vn 0.0075 0.1571 0.9876
vn 0.3652 -0.8838 0.2925
vn 0.5305 -0.7956 0.2926
vn 0.5522 -0.8337 0.0008
vn 0.3793 -0.9253 0.0014
vn -0.4682 0.3415 0.8150
vn -0.4655 0.3426 0.8160
vn -0.4700 0.3422 0.8136
vn 0.3965 0.0206 0.9178
vn 0.9285 0.0276 -0.3702
vn 0.7138 0.0519 -0.6984
vn -0.3787 0.9202 0.0993
vn -0.7005 0.7095 -0.0765
vn -0.7005 0.7095 0.0765
vn -0.7233 -0.5737 0.3843
vn -0.7149 -0.4970 0.4919
vn -0.9999 0.0099 -0.0058
vn -0.4208 -0.3469 -0.8382
vn 0.0001 -0.3831 -0.9237
vn 0.4208 -0.3469 -0.8382
vn 0.4215 -0.2630 -0.8678
vn 0.5426 -0.4548 -0.7062
vn -0.7247 -0.0282 -0.6884
vn 0.3876 0.2620 -0.8838
vn 0.3874 0.0688 -0.9194
vn 0.7138 0.1989 -0.6715
vn 0.0971 0.7500 0.6543
vn -0.7947 -0.5318 0.2926
vn -0.6428 -0.4281 0.6353
vn -0.5467 -0.5454 0.6353
vn -0.6756 -0.6767 0.2926
vn 0.9946 0.0647 -0.0810
vn -0.0915 0.9365 0.3384
vn -0.1892 0.8742 0.4473
vn 0.1527 0.9859 0.0678
vn 0.1296 0.9853 0.1109
vn 0.4383 0.8039 0.4021
vn 0.9247 0.0087 0.3805
vn 0.9253 -0.0119 0.3792
vn 0.9638 0.0681 0.2578
vn -0.9202 0.0752 -0.3841
vn -0.9584 0.0659 -0.2777
vn 0.3955 -0.1423 0.9074
vn 0.1631 -0.0411 0.9858
vn 0.2022 -0.1649 0.9654
vn 0.2956 -0.1430 0.9446
vn 0.3489 -0.3596 -0.8654
vn 0.9776 0.2107 0.0022
vn 0.8602 0.2627 -0.4372
vn 0.0492 0.7926 0.6077
vn 0.1955 0.8437 0.4999
vn 0.2092 0.8112 0.5461
vn 0.1568 0.7376 0.6568
vn -0.3392 0.7690 -0.5418
vn -0.3856 0.7297 -0.5647
vn 0.1861 -0.9380 0.2926
vn 0.1930 -0.9812 0.0017
vn 0.8935 -0.2394 0.3798
vn 0.9171 -0.1207 0.3798
vn 0.7050 -0.0928 0.7031
vn -0.0978 0.9868 -0.1293
vn -0.3891 0.9211 -0.0095
vn -0.3856 0.9143 -0.1243
vn 0.9642 -0.2530 0.0797
vn 0.8546 -0.3540 0.3798
vn 0.9218 -0.3768 0.0915
vn 0.9807 -0.1957 0.0021
vn 0.0988 0.9951 -0.0000
vn 0.3787 0.9255 -0.0000
vn 0.3795 0.9089 -0.1731
vn 0.7020 0.6996 -0.1329
vn 0.7005 0.7136 -0.0000
vn 0.9207 0.3833 -0.0740
vn 0.9184 -0.2407 0.3139
vn 0.6994 -0.4411 0.5624
vn 0.3776 -0.5793 0.7224
vn -0.3915 -0.7673 -0.5079
vn -0.3579 0.6828 -0.6370
vn -0.3756 0.6241 -0.6851
vn 0.5327 -0.4342 0.7265
vn -0.0000 -0.8324 -0.5542
vn -0.0000 -0.7089 -0.7053
vn -0.1000 -0.0033 0.9950
vn -0.1012 -0.0133 0.9948
vn -0.6959 0.7077 -0.1221
vn -0.7021 0.7121 -0.0000
vn -0.4423 0.8969 -0.0000
vn -0.5717 0.1738 0.8018
vn -0.5049 0.1844 0.8432
vn -0.5567 0.1826 0.8104
vn -0.8061 0.2195 0.5496
vn 0.5121 0.4405 -0.7374
vn 0.4943 0.4656 -0.7341
vn 0.7084 -0.0504 0.7040
vn 0.7727 -0.0379 0.6337
vn 0.4865 0.3208 0.8127
vn 0.4821 0.1572 0.8619
vn -0.4640 0.4356 -0.7713
vn -0.4884 0.4906 -0.7217
vn -0.4080 0.4837 -0.7743
vn -0.0066 -0.4934 0.8698
vn 0.4840 -0.7238 -0.4919
vn 0.5983 -0.4577 -0.6577
vn 0.8348 0.2144 -0.5071
vn 0.6608 0.3176 -0.6800
vn 0.8738 0.2147 -0.4363
vn 0.9946 0.1022 -0.0172
vn 0.9946 0.0963 -0.0386
vn 0.9207 0.3671 -0.1324
vn 0.0984 0.6870 0.7199
vn -0.0866 -0.3959 0.9142
vn -0.3435 -0.2157 0.9140
vn -0.0887 -0.2023 0.9753
vn 0.4476 -0.0030 0.8942
vn 0.4476 0.0911 0.8896
vn 0.4056 -0.4749 0.7810
vn 0.4924 -0.6207 0.6102
vn 0.7538 -0.5407 0.3733
vn -0.8315 -0.5555 -0.0000
vn -0.9234 -0.3839 0.0013
vn -0.8301 -0.5576 0.0006
vn 0.9095 0.3578 0.2117
vn 0.9950 0.0898 0.0447
vn -0.2963 0.5046 -0.8109
vn -0.6266 0.1630 -0.7621
vn -0.5500 0.1626 -0.8192
vn -0.9949 0.0202 0.0984
vn -0.9944 0.0466 0.0951
vn -0.9476 0.3194 -0.0004
vn 0.9662 0.2019 0.1603
vn 0.9198 0.3521 0.1730
vn 0.9941 0.0908 0.0601
vn -0.9203 0.2902 0.2625
vn -0.8944 0.0687 0.4420
vn -0.6788 0.1456 0.7198
vn 0.7401 0.1997 0.6422
vn 0.8865 0.1716 0.4297
vn 0.0420 -0.7910 -0.6104
vn -0.7102 -0.2044 0.6737
vn -0.7100 -0.1356 0.6910
vn -0.4223 -0.1766 0.8891
vn -0.4182 -0.7021 0.5764
vn -0.6361 -0.7520 0.1732
vn -0.7102 -0.5442 0.4466
vn 0.7106 -0.1362 -0.6903
vn 0.7102 -0.2044 -0.6737
vn 0.9246 -0.1102 -0.3647
vn 0.9249 -0.0779 -0.3721
vn -0.2916 0.1585 -0.9433
vn 0.7102 -0.2694 0.6504
vn 0.9258 -0.1455 0.3488
vn 0.9248 -0.1781 0.3362
vn 0.7102 -0.3319 0.6209
vn -0.9410 -0.1004 0.3231
vn -0.9251 -0.0782 0.3715
vn 0.5736 -0.8035 -0.1591
vn -0.6895 0.4072 0.5990
vn -0.4457 0.5964 0.6676
vn -0.6918 0.5155 0.5057
vn -0.0000 -1.0000 0.0018
vn 0.1029 -0.6704 -0.7348
vn -0.1054 0.6997 -0.7066
vn -0.3990 0.8099 -0.4298
vn -0.2272 0.5978 -0.7688
vn -0.4385 0.7437 0.5047
vn -0.0000 0.8575 0.5144
vn -0.0235 0.7313 0.6817
vn -0.4458 0.6267 0.6392
vn -0.9946 0.0025 -0.1037
vn -0.9920 0.0461 -0.1172
vn 0.8961 0.4184 -0.1482
vn 0.9797 0.1257 -0.1560
vn 0.9749 0.2225 0.0088
vn 0.8507 0.5244 0.0356
vn 0.5802 0.8145 0.0017
vn 0.6501 0.7386 -0.1786
vn 0.5350 0.8410 0.0804
vn 0.6266 0.7723 -0.1043
vn 0.3792 0.8904 0.2517
vn 0.4207 0.8679 0.2641
vn -0.0000 -0.2005 -0.9797
vn -0.0000 -0.0530 -0.9986
vn 0.0810 -0.0521 -0.9954
vn 0.1062 -0.1990 -0.9742
vn 0.3736 0.3705 0.8504
vn -0.3993 -0.9120 -0.0943
vn 0.6057 -0.4179 -0.6771
vn -0.7133 -0.3938 0.5797
vn 0.3707 -0.4178 -0.8295
vn 0.4071 -0.5814 -0.7044
vn 0.3520 -0.6167 -0.7041
vn 0.2189 -0.3125 -0.9243
vn 0.6244 0.1720 -0.7620
vn 0.5848 0.2407 -0.7747
vn 0.1939 -0.9048 0.3793
vn 0.2128 -0.9720 0.0992
vn 0.2158 -0.9718 -0.0953
vn 0.2291 -0.9734 0.0001
vn -0.0992 -0.0021 -0.9951
vn -0.0609 -0.1004 -0.9931
vn 0.7728 0.0001 -0.6346
vn 0.8159 0.5544 -0.1642
vn 0.7587 0.4339 -0.4860
vn -0.5584 0.3774 -0.7387
vn -0.5243 0.4340 -0.7326
vn -0.2764 0.0801 0.9577
vn 0.3875 -0.1995 0.9000
vn 0.6420 0.3149 -0.6990
vn 0.6380 0.3587 -0.6814
vn -0.8798 -0.3266 0.3453
vn -0.8841 -0.1783 0.4320
vn 0.8534 -0.5212 0.0009
vn 0.5776 -0.0903 0.8113
vn -0.7020 0.1429 0.6977
vn -0.9225 0.0803 0.3775
vn -0.9199 0.0308 0.3910
vn -0.1278 -0.9736 -0.1893
vn -0.1370 -0.9182 -0.3717
vn -0.0000 -0.9242 -0.3819
vn 0.3871 -0.7667 0.5123
vn -0.9783 -0.1890 0.0844
vn -0.8943 -0.2555 0.3674
vn -0.8524 -0.4564 0.2551
vn -0.9103 -0.4101 0.0568
vn 0.6298 0.7639 -0.1406
vn 0.4014 0.8729 0.2775
vn 0.9356 -0.3485 0.0562
vn 0.8795 -0.3127 0.3588
vn -0.5809 -0.8096 0.0843
vn -0.8844 -0.4642 0.0497
vn 0.9240 -0.3825 -0.0000
vn 0.8832 -0.3666 -0.2925
vn -0.9988 -0.0491 0.0035
vn -0.9987 -0.0518 0.0013
vn -0.5065 0.4322 0.7461
vn -0.5504 0.2106 0.8079
vn -0.6384 0.0710 0.7664
vn -0.7327 0.2234 0.6429
vn 0.3358 -0.9411 -0.0394
vn 0.3672 -0.9186 -0.1459
vn 0.4651 -0.8702 -0.1628
vn 0.4540 0.5346 -0.7128
vn 0.4453 0.3681 -0.8162
vn 0.9955 0.0947 -0.0049
vn 0.9740 0.0679 0.2160
vn 0.8761 0.2300 0.4237
vn -0.5634 0.5100 0.6500
vn -0.7177 0.5523 0.4242
vn 0.1585 0.7709 -0.6169
vn -0.9185 0.3399 0.2019
vn -0.7005 0.6133 0.3649
vn -0.7005 0.6770 0.2259
vn -0.9190 0.3739 0.1249
vn 0.3993 -0.9120 -0.0943
vn 0.3744 -0.8461 -0.3793
vn 0.4584 -0.8032 -0.3805
vn -0.9029 -0.2631 -0.3399
vn 0.3846 -0.3437 0.8567
vn 0.0982 -0.3706 0.9236
vn -0.7650 -0.2231 -0.6042
vn -0.7068 -0.0889 0.7018
vn -0.1873 -0.2135 0.9588
vn 0.3780 -0.2004 0.9039
vn 0.0975 -0.3710 0.9235
vn 0.3799 -0.3449 0.8583
vn -0.1876 0.3771 -0.9070
vn -0.8889 0.2890 0.3555
vn -0.6685 -0.2863 0.6864
vn -0.5664 -0.0656 -0.8215
vn -0.6331 -0.0647 -0.7713
vn -0.9945 -0.0278 0.1008
vn 0.7033 -0.0388 0.7099
vn 0.9213 -0.0215 0.3883
vn 0.9204 0.0283 0.3899
vn 0.9947 0.0076 0.1024
vn 0.3796 -0.4638 0.8005
vn 0.9153 -0.3114 -0.2554
vn 0.8262 -0.1835 -0.5326
vn 0.8688 -0.1358 -0.4762
vn 0.9564 -0.2190 -0.1934
vn -0.9965 -0.0264 0.0789
vn -0.9976 -0.0144 0.0680
vn -0.9573 -0.0651 0.2816
vn 0.3507 -0.9217 -0.1657
vn 0.0988 0.9727 0.2101
vn 0.3787 0.9042 0.1976
vn 0.9953 0.0030 0.0970
vn -0.9953 0.0030 0.0970
vn -0.9946 -0.0049 0.1041
vn -0.9190 -0.0217 0.3935
vn -0.9962 -0.0565 -0.0660
vn -0.9252 -0.2393 -0.2946
vn -0.9251 -0.2125 -0.3147
vn -0.9955 -0.0496 -0.0803
vn -0.7046 -0.7096 0.0001
vn -0.3985 -0.5092 -0.7628
vn -0.6909 0.6040 0.3974
vn 0.9914 0.1253 0.0389
vn 0.9873 0.1372 -0.0805
vn -0.9735 -0.2287 -0.0000
vn -0.9714 -0.2376 0.0002
vn -0.6895 -0.3136 -0.6529
vn 0.9955 -0.0050 0.0946
vn 0.9956 0.0064 0.0936
vn 0.9790 -0.0233 0.2027
vn -0.5533 -0.2232 0.8025
vn -0.4397 -0.1473 0.8860
vn -0.5044 -0.1013 0.8575
vn 0.3862 -0.0508 0.9210
vn 0.7898 -0.6060 0.0949
vn 0.7339 -0.5631 0.3798
vn 0.6541 -0.6541 0.3799
vn 0.7015 -0.7058 0.0987
vn -0.2642 -0.9476 0.1797
vn 0.0114 -0.9999 0.0086
vn 0.8185 -0.0790 0.5690
vn 0.7840 -0.1062 0.6116
vn 0.3880 -0.8667 -0.3135
vn 0.4875 -0.8101 -0.3258
vn 0.4223 0.5211 0.7417
vn -0.0201 0.5665 0.8238
vn 0.4320 0.6913 0.5791
vn -0.9939 -0.0361 0.1045
vn -0.9149 -0.1365 0.3799
vn -0.5134 -0.4786 0.7123
vn -0.1595 0.0206 0.9870
vn -0.0650 0.0206 0.9977
vn 0.6368 0.0225 0.7707
vn 0.9944 -0.0633 0.0846
vn -0.9812 -0.0091 0.1930
vn 0.8530 0.5191 0.0551
vn 0.9946 0.0619 0.0832
vn 0.9191 0.2572 0.2984
vn 0.9944 0.0479 0.0938
vn 0.3471 0.3331 0.8767
vn -0.3067 0.7297 0.6111
vn -0.0764 0.7120 0.6980
vn -0.0816 0.6398 0.7642
vn -0.3077 0.6678 0.6778
vn 0.4825 0.1540 -0.8623
vn 0.9144 -0.0466 -0.4021
vn 0.9940 -0.0160 -0.1086
vn 0.9919 -0.0521 -0.1160
vn 0.8841 -0.1782 -0.4320
vn 0.6454 -0.2715 -0.7140
vn 0.9412 -0.3379 0.0005
vn 0.8596 -0.5109 0.0004
vn 0.9403 -0.3403 0.0058
vn 0.9533 0.3021 -0.0008
vn 0.9180 0.3887 -0.0780
vn -0.0000 0.6797 0.7335
vn -0.0000 -0.0015 1.0000
vn 0.0548 -0.0007 0.9985
vn -0.1039 0.6699 0.7351
vn -0.0000 -0.0519 0.9987
vn -0.0114 -0.9999 0.0086
vn 0.2442 -0.9692 0.0318
vn 0.2643 -0.9476 0.1797
vn 0.9756 0.1971 0.0968
vn -0.9256 0.0207 -0.3780
vn -0.9946 0.0179 -0.1019
vn -0.9933 0.0686 -0.0932
vn -0.9244 0.0948 -0.3694
vn 0.6906 -0.0249 0.7228
vn 0.7299 -0.0547 0.6814
vn 0.9464 0.3229 0.0002
vn 0.9293 -0.2624 -0.2598
vn 0.5928 0.5678 0.5711
vn 0.5063 0.4761 0.7190
vn 0.2827 0.5859 0.7595
vn 0.4075 0.7316 0.5465
vn -0.5520 0.8240 0.1279
vn -0.7118 0.6100 -0.3480
vn 0.9875 0.1576 0.0011
vn 0.9857 0.1685 0.0027
vn 0.9979 -0.0563 -0.0332
vn 0.9982 -0.0575 -0.0175
vn 0.9499 0.2955 0.1021
vn 0.9580 0.2867 0.0017
vn 0.9925 0.0775 0.0948
vn 0.4783 -0.0954 0.8730
vn 0.0313 0.7836 -0.6205
vn 0.1318 0.8628 -0.4880
vn 0.0291 0.8724 -0.4880
vn 0.9801 0.1756 -0.0929
vn 0.8571 0.3875 0.3395
vn -0.2533 -0.0346 0.9668
vn -0.2956 -0.1430 0.9446
vn -0.9368 -0.3422 0.0731
vn -0.9993 -0.0348 0.0160
vn -0.9919 -0.0521 0.1160
vn -0.0987 -0.9201 -0.3790
vn 0.0266 -0.9993 -0.0262
vn -0.0249 -0.9994 0.0252
vn 0.0205 -0.9996 0.0205
vn -0.0807 0.5751 -0.8141
vn -0.0689 0.6523 -0.7548
vn -0.9895 0.1016 0.1025
vn -0.9917 0.1289 -0.0001
vn -0.9930 0.1181 -0.0012
vn -0.9958 0.0905 -0.0113
vn -0.9858 0.1415 0.0902
vn -0.9153 -0.3114 -0.2554
vn -0.9564 -0.2190 -0.1933
vn -0.8688 -0.1358 -0.4762
vn -0.8262 -0.1835 -0.5326
vn -0.5742 -0.8138 0.0894
vn -0.4539 -0.8752 0.1674
vn -0.5264 -0.8112 0.2546
vn -0.5061 -0.7936 0.3378
vn 0.3199 -0.1965 0.9269
vn 0.0811 -0.0439 0.9957
vn 0.0837 0.0332 0.9959
vn 0.5723 0.3193 -0.7554
vn 0.6046 0.1054 -0.7895
vn -0.5108 0.8589 -0.0362
vn 0.7004 -0.1545 0.6968
vn 0.9948 -0.0376 0.0943
vn 0.9943 0.0575 0.0900
vn 0.9943 0.0300 0.1025
vn 0.9965 0.0809 0.0222
vn 0.9987 0.0509 0.0018
vn 0.9958 -0.0885 0.0221
vn 0.9954 0.0751 0.0597
vn -0.9413 -0.3376 0.0004
vn 0.9955 0.0710 0.0631
vn 0.9943 0.0805 0.0702
vn 0.9899 0.0675 -0.1249
vn 0.2246 -0.3560 -0.9071
vn -0.0502 -0.3878 -0.9204
vn 0.8467 0.1481 -0.5110
vn -0.1985 0.4766 -0.8564
vn -0.0499 0.6940 -0.7182
vn -0.0217 0.6656 -0.7460
vn 0.9590 0.2773 0.0581
vn -0.2382 -0.9709 0.0252
vn 0.7071 0.6808 -0.1911
vn 0.3847 0.7859 0.4840
vn 0.5281 0.0903 -0.8444
vn 0.5956 0.0558 -0.8014
vn 0.7139 0.2954 -0.6349
vn 0.1672 -0.0507 -0.9846
vn 0.2094 -0.1946 -0.9583
vn 0.2562 0.3395 0.9050
vn 0.6321 0.1004 -0.7684
vn 0.6728 0.0934 -0.7339
vn 0.8313 -0.4472 0.3302
vn 0.8082 -0.3669 0.4605
vn 0.7643 -0.5578 0.3235
vn 0.3845 0.8751 0.2938
vn 0.1071 0.8586 0.5014
vn 0.1006 0.7616 0.6402
vn -0.4439 0.7227 0.5298
vn 0.1279 0.8616 0.4912
vn 0.0808 0.1777 0.9808
vn 0.1202 -0.0237 0.9925
vn 0.1132 -0.0468 0.9925
vn -0.0981 -0.0493 0.9940
vn 0.1019 -0.0680 0.9925
vn 0.0867 -0.0866 0.9925
vn 0.0420 -0.0924 0.9948
vn -0.1041 -0.0037 0.9946
vn -0.0609 -0.1004 0.9931
vn 0.0681 -0.1018 0.9925
vn -0.1019 -0.0680 0.9925
vn 0.0104 -0.0412 0.9991
vn -0.0867 -0.0866 0.9925
vn 0.0722 -0.0722 0.9948
vn 0.0810 -0.0621 0.9948
vn -0.0884 -0.0510 0.9948
vn -0.0943 -0.0391 0.9948
vn -0.6967 0.6805 -0.2268
vn -0.8592 0.4030 -0.3153
vn -0.0621 -0.0810 0.9948
vn -0.0515 -0.0879 0.9948
vn -0.0420 -0.0924 0.9948
vn 0.0609 -0.1004 0.9931
vn -0.0810 -0.0621 0.9948
vn -0.0722 -0.0722 0.9948
vn 0.0760 -0.0667 0.9949
vn -0.9915 0.1286 0.0196
vn -0.9911 0.1118 0.0727
vn -0.8226 0.5456 0.1604
vn -0.9188 0.3868 0.0783
vn -0.0986 -0.0264 0.9948
vn -0.0239 -0.1202 0.9925
vn -0.0469 -0.1132 0.9925
vn -0.0681 -0.1018 0.9925
vn 0.0515 -0.0879 0.9948
vn 0.0621 -0.0810 0.9948
vn 0.0884 -0.0510 0.9948
vn 0.0943 -0.0391 0.9948
vn 0.9945 0.0976 0.0391
vn 0.9944 0.0803 0.0692
vn 0.0986 -0.0264 0.9948
vn 0.0469 -0.1132 0.9925
vn 0.0239 -0.1202 0.9925
vn -0.0000 -0.1225 0.9925
vn -0.3599 -0.1491 0.9210
vn -0.6570 -0.2721 0.7031
vn -0.6159 -0.3556 0.7031
vn -0.3374 -0.1948 0.9210
vn -0.4329 -0.5642 0.7031
vn -0.5631 -0.7339 0.3798
vn -0.4672 -0.7983 0.3801
vn -0.3590 -0.6135 0.7034
vn 0.5631 -0.7339 0.3799
vn 0.5028 -0.5028 0.7031
vn 0.4329 -0.5642 0.7031
vn -0.1924 -0.3370 -0.9216
vn -0.3520 -0.6167 -0.7041
vn -0.4071 -0.5814 -0.7044
vn -0.2189 -0.3125 -0.9243
vn -0.2372 -0.3091 0.9210
vn -0.1967 -0.3359 0.9212
vn 0.2490 -0.2966 -0.9220
vn 0.2699 -0.2698 -0.9243
vn -0.3856 0.8902 -0.2425
vn -0.7112 0.6782 -0.1848
vn 0.3798 0.7082 0.5951
vn -0.9901 -0.1319 0.0483
vn 0.1967 -0.3359 0.9212
vn 0.2372 -0.3091 0.9210
vn 0.9924 -0.0807 0.0925
vn 0.9901 -0.1319 0.0483
vn 0.9825 -0.1861 -0.0044
vn 0.9519 -0.3034 -0.0440
vn 0.9089 -0.4113 -0.0682
vn 0.8613 -0.4971 0.1054
vn 0.8436 -0.5285 -0.0953
vn 0.7444 -0.6661 -0.0470
vn -0.9233 0.3734 0.0903
vn -0.9379 0.3360 0.0865
vn -0.8732 0.3267 0.3616
vn 0.2474 -0.9685 0.0276
vn 0.2322 -0.9726 0.0078
vn -0.2239 -0.9736 -0.0439
vn -0.3358 -0.9411 -0.0394
vn 0.1687 -0.9819 0.0860
vn 0.2239 -0.9736 -0.0439
vn -0.4028 -0.9100 0.0979
vn -0.2128 -0.9720 0.0992
vn 0.1144 -0.4516 0.8849
vn 0.0679 -0.4857 0.8715
vn -0.5059 -0.8571 0.0975
vn -0.5181 -0.8545 -0.0367
vn -0.4318 -0.9012 -0.0378
vn 0.8844 -0.4642 0.0497
vn 0.5638 -0.8217 0.0828
vn 0.8798 -0.4643 0.1014
vn 0.4867 0.3165 -0.8142
vn 0.1442 -0.6985 -0.7009
vn 0.1939 -0.9048 -0.3793
vn -0.8793 -0.4364 -0.1909
vn -0.8798 -0.3266 -0.3453
vn 0.9912 -0.1214 -0.0523
vn -0.5760 -0.7489 0.3278
vn -0.1651 -0.9045 0.3932
vn -0.9944 -0.0633 0.0846
vn -0.9955 -0.0630 0.0710
vn -0.9913 -0.0912 0.0949
vn -0.9866 -0.1277 0.1014
vn -0.9921 -0.1248 0.0139
vn -0.9957 -0.0062 0.0923
vn -0.9912 -0.1214 0.0523
vn 0.5609 -0.0656 -0.8252
vn 0.6293 -0.0648 -0.7745
vn 0.7096 -0.2522 -0.6579
vn -0.3974 -0.6616 -0.6359
vn -0.4437 -0.4944 0.7475
vn -0.3872 -0.3519 0.8522
vn -0.5166 -0.1759 -0.8380
vn -0.5206 -0.3268 -0.7888
vn -0.5142 -0.3291 -0.7920
vn -0.5156 -0.1667 -0.8405
vn -0.4138 -0.1782 0.8928
vn -0.8520 -0.1256 0.5083
vn -0.3429 0.5817 0.7376
vn -0.1777 0.6514 0.7376
vn -0.0000 0.6753 0.7376
vn 0.5185 -0.0518 0.8535
vn 0.8970 0.1353 0.4207
vn 0.9520 -0.0141 0.3057
vn -0.8946 0.4099 0.1781
vn -0.8003 0.5940 0.0818
vn -0.6776 0.6811 0.2775
vn 0.3872 -0.3519 0.8522
vn 0.4437 -0.4944 0.7475
vn 0.4138 -0.1782 0.8928
vn 0.3842 -0.6161 0.6877
vn 0.1128 -0.6415 0.7588
vn 0.9849 -0.0697 0.1582
vn 0.8519 -0.1305 0.5072
vn 0.9955 -0.0630 0.0710
vn 0.9940 -0.0160 0.1086
vn 0.9912 -0.1214 0.0523
vn 0.9957 -0.0062 0.0923
vn 0.9921 -0.1248 0.0139
vn 0.9866 -0.1277 0.1014
vn -0.0997 -0.0168 0.9949
vn -0.0000 -0.0236 0.9997
vn -0.0034 -0.0923 0.9957
vn -0.0000 -0.0978 0.9952
vn 0.3897 -0.7754 0.4969
vn 0.5407 -0.7000 0.4666
vn -0.5130 0.3286 -0.7930
vn -0.8566 0.1006 -0.5060
vn -0.8565 0.1976 -0.4769
vn 0.0034 -0.0923 0.9957
vn -0.8706 0.2921 0.3958
vn -0.6057 0.1829 0.7744
vn 0.4121 0.4799 0.7745
vn 0.4409 0.3081 0.8430
vn 0.2567 -0.0005 0.9665
vn 0.3056 0.0006 0.9522
vn 0.2564 0.0007 0.9666
vn 0.6807 -0.0747 -0.7288
vn 0.5931 -0.3002 -0.7471
vn -0.1891 0.4884 0.8519
vn -0.2769 0.4827 0.8309
vn -0.7005 0.1244 -0.7027
vn -0.7005 0.2712 -0.6601
vn -0.3786 0.1592 -0.9117
vn 0.3786 0.1592 -0.9117
vn 0.9956 0.0721 0.0601
vn 0.8798 -0.3266 -0.3453
vn 0.9913 -0.0912 -0.0949
vn -0.9912 -0.1214 -0.0523
vn 0.5765 -0.5614 -0.5937
vn 0.9049 -0.1983 0.3766
vn -0.9045 0.4179 0.0856
vn -0.6256 0.0255 0.7797
vn -0.9015 0.0130 0.4326
vn 0.7046 -0.7096 -0.0001
vn 0.7069 -0.7073 -0.0000
vn 0.5522 -0.8337 -0.0008
vn 0.4539 0.8558 0.2482
vn 0.0133 0.9412 0.3376
vn 0.0101 0.9949 0.1006
vn 0.4605 0.8834 0.0870
vn -0.3511 0.2125 -0.9119
vn -0.5154 0.4603 0.7228
vn -0.5150 0.3142 0.7975
vn 0.2336 0.0002 -0.9723
vn 0.2210 0.0013 -0.9753
vn 0.2069 0.0003 -0.9784
vn 0.5489 -0.2869 -0.7851
vn -0.1899 0.0002 -0.9818
vn -0.1792 0.0005 -0.9838
vn -0.2572 -0.0465 -0.9652
vn -0.1964 -0.0008 -0.9805
vn -0.1672 -0.0507 -0.9846
vn 0.7517 -0.0319 -0.6588
vn -0.7682 -0.0014 -0.6402
vn -0.7508 -0.0312 -0.6598
vn -0.7644 -0.0144 -0.6446
vn -0.0000 -0.0016 -1.0000
vn -0.0541 -0.0008 -0.9985
vn 0.9711 -0.1445 0.1900
vn -0.1424 0.2617 0.9546
vn -0.1804 0.2312 0.9560
vn -0.0881 0.2256 0.9702
vn -0.1046 0.2600 0.9599
vn 0.1098 0.0006 -0.9940
vn 0.0735 0.0001 -0.9973
vn -0.3001 0.0201 -0.9537
vn -0.2238 -0.0003 -0.9746
vn -0.2551 -0.0009 -0.9669
vn 0.4824 -0.4091 -0.7746
vn -0.1375 0.0009 -0.9905
vn 0.3991 -0.5098 -0.7621
vn 0.1781 -0.0000 -0.9840
vn 0.1606 0.0004 -0.9870
vn 0.1372 0.0011 -0.9905
vn -0.2455 0.0021 -0.9694
vn -0.2708 0.0022 -0.9626
vn -0.6806 -0.0557 -0.7305
vn -0.7223 -0.0453 -0.6901
vn 0.9420 -0.1251 0.3114
vn 0.7259 -0.2153 0.6532
vn 0.7409 -0.1176 0.6613
vn 0.9043 -0.0525 0.4237
vn 0.1087 -0.0025 -0.9941
vn 0.1369 -0.0008 -0.9906
vn 0.1603 -0.0000 -0.9871
vn -0.4831 0.4095 -0.7739
vn 0.1787 -0.0002 -0.9839
vn 0.1964 -0.0008 -0.9805
vn 0.2058 -0.0012 -0.9786
vn 0.2455 0.0021 -0.9694
vn -0.0738 0.0009 -0.9973
vn -0.1069 -0.0000 -0.9943
vn -0.1786 -0.0002 -0.9839
vn -0.1603 -0.0000 -0.9871
vn -0.1369 -0.0008 -0.9906
vn 0.7219 -0.0451 -0.6905
vn 0.6808 -0.0558 -0.7304
vn 0.6133 0.0059 -0.7898
vn 0.9544 0.2984 0.0053
vn 0.9958 0.0600 -0.0690
vn 0.8509 0.4387 -0.2890
vn 0.3864 -0.9052 -0.1769
vn 0.7011 -0.6260 -0.3415
vn 0.2123 -0.9548 -0.2082
vn -0.9775 0.2108 -0.0034
vn -0.9195 0.3931 -0.0013
vn -0.7651 -0.6202 0.1734
vn -0.6560 -0.7345 0.1739
vn -0.6661 -0.6730 0.3215
vn -0.7643 -0.5578 0.3235
vn -0.5147 -0.0978 -0.8518
vn -0.5101 0.0492 -0.8587
vn -0.9266 0.1657 -0.3375
vn -0.9038 0.0965 -0.4169
vn -0.9462 0.3133 0.0810
vn -0.9209 0.1812 0.3452
vn 0.8388 -0.0226 0.5440
vn -0.6147 -0.7827 -0.0979
vn -0.7444 -0.6661 -0.0470
vn -0.6420 -0.7656 -0.0426
vn -0.9946 0.0647 0.0810
vn -0.9191 0.2241 0.3241
vn -0.9924 -0.0807 0.0925
vn -0.9827 -0.1288 -0.1328
vn -0.9825 -0.1861 -0.0044
vn -0.9519 -0.3034 -0.0440
vn -0.9064 -0.4166 -0.0693
vn -0.8081 -0.5801 -0.1022
vn -0.8458 -0.5262 -0.0885
vn -0.6094 -0.1825 0.7716
vn -0.8210 -0.1330 0.5552
vn -0.8345 -0.0199 0.5507
vn -0.7315 0.6543 0.1920
vn -0.4286 0.8298 0.3573
vn 0.5689 -0.7553 0.3253
vn 0.5453 -0.8211 0.1685
vn 0.6559 -0.7345 0.1739
vn 0.6661 -0.6730 0.3215
vn -0.8960 -0.0821 -0.4365
vn -0.7133 -0.2715 0.6461
vn 0.5203 0.3129 0.7946
vn 0.5358 0.2395 0.8097
vn -0.7248 -0.6354 0.2664
vn -0.7247 -0.6753 0.1369
vn -0.2681 0.9634 0.0023
vn -0.3693 0.9293 -0.0004
vn 0.9219 -0.1916 -0.3368
vn -0.7576 0.5122 -0.4046
vn -0.8746 0.4746 -0.0994
vn -0.8128 0.4616 -0.3553
vn -0.8456 0.4003 -0.3533
vn -0.8734 0.3327 -0.3557
vn -0.9514 0.2875 -0.1102
vn -0.8961 0.2597 -0.3599
vn -0.9702 0.2144 -0.1127
vn -0.9134 0.1814 -0.3645
vn -0.9853 0.1361 -0.1035
vn -0.6113 0.4669 -0.6389
vn -0.6680 0.4147 -0.6178
vn -0.7038 0.3531 -0.6164
vn -0.7318 0.2883 -0.6176
vn -0.7505 0.2149 -0.6249
vn -0.7629 0.1395 -0.6312
vn -0.9246 -0.0206 -0.3803
vn -0.8563 -0.0591 -0.5131
vn -0.1444 0.6221 0.7695
vn 0.3409 0.7225 0.6014
vn 0.3868 -0.0358 0.9215
vn 0.4055 0.0001 0.9141
vn -0.5599 0.7335 0.3853
vn -0.9622 -0.0076 0.2721
vn -0.9979 -0.0005 0.0640
vn -0.9980 0.0095 0.0621
vn 0.7589 0.0486 0.6494
vn 0.3556 -0.9346 -0.0000
vn 0.4130 -0.8677 -0.2765
vn 0.0001 -0.9548 -0.2973
vn -0.5070 -0.4798 -0.7161
vn -0.2852 0.9112 0.2971
vn -0.5560 0.8067 0.2003
vn -0.9179 -0.0004 -0.3969
vn -0.9947 0.0002 -0.1025
vn 0.8960 -0.0821 -0.4365
vn 0.9827 -0.1288 -0.1328
vn -0.1902 0.5048 0.8420
vn -0.5190 -0.0529 0.8531
vn -0.6844 0.2297 0.6920
vn 0.8298 -0.3367 -0.4451
vn 0.8350 -0.5232 -0.1701
vn 0.9518 -0.2163 -0.2175
vn -0.8879 0.4552 0.0660
vn -0.6190 0.7806 0.0865
vn -0.9955 -0.0496 0.0803
vn -0.5079 0.4765 -0.7177
vn -0.8864 0.3510 -0.3017
vn -0.9085 0.2948 -0.2962
vn 0.6446 0.3160 0.6961
vn -0.3071 0.7896 0.5312
vn -0.9959 0.0886 -0.0197
vn -0.9957 0.0841 -0.0384
vn -0.9231 0.3700 -0.1053
vn -0.9253 0.3511 -0.1434
vn 0.2755 -0.2755 0.9210
vn 0.3590 -0.6134 0.7034
vn -0.5020 -0.5019 -0.7044
vn -0.2699 -0.2698 -0.9243
vn -0.2490 -0.2966 -0.9220
vn -0.4563 -0.5437 -0.7044
vn -0.4247 -0.2688 0.8645
vn -0.5465 -0.1838 0.8171
vn -0.5028 -0.5028 0.7031
vn -0.5642 -0.4329 0.7031
vn -0.7339 -0.5631 0.3798
vn -0.6541 -0.6541 0.3799
vn -0.9197 0.3401 -0.1962
vn -0.9960 0.0740 -0.0504
vn -0.9210 0.3060 -0.2410
vn -0.9915 0.1249 -0.0358
vn -0.9126 0.3562 -0.2006
vn -0.1875 0.2954 0.9368
vn -0.7112 0.6073 -0.3540
vn -0.7112 0.5560 -0.4302
vn -0.3856 0.7972 -0.4646
vn -0.9945 0.0797 -0.0683
vn -0.9977 0.0303 -0.0609
vn 0.8508 0.1759 -0.4952
vn -0.9949 -0.0151 0.1000
vn -0.9932 -0.0695 0.0935
vn -0.9961 -0.0879 -0.0050
vn -0.9945 0.0372 -0.0983
vn -0.9920 0.0747 0.1014
vn -0.9902 0.0690 0.1216
vn -0.3768 -0.0311 -0.9258
vn -0.4307 -0.1426 -0.8912
vn -0.1657 -0.0556 -0.9846
vn -0.9948 0.0678 -0.0757
vn 0.3315 -0.8520 0.4053
vn 0.3799 -0.7274 0.5715
vn 0.4304 -0.6431 0.6334
vn 0.4504 -0.4980 0.7410
vn 0.4740 -0.0002 0.8805
vn 0.5523 0.0009 0.8336
vn 0.6741 0.6396 0.3695
vn -0.5081 -0.3974 -0.7642
vn -0.3285 -0.3099 0.8922
vn -0.9397 -0.3158 -0.1313
vn -0.9962 -0.0849 -0.0212
vn -0.9279 -0.3661 -0.0707
vn -0.4280 0.3463 -0.8348
vn -0.4302 0.5204 -0.7376
vn -0.6987 0.4029 -0.5912
vn -0.7004 0.2663 -0.6622
vn -0.6697 -0.4584 -0.5843
vn -0.7048 0.4977 -0.5055
vn -0.9255 0.2583 -0.2770
vn -0.9293 0.0943 -0.3572
vn -0.7225 0.2473 -0.6456
vn 0.7750 0.6318 -0.0154
vn 0.8227 -0.5679 -0.0258
vn 0.9933 0.1159 -0.0043
vn -0.1037 -0.1088 -0.9886
vn -0.3980 -0.2537 -0.8816
vn -0.9991 0.0111 -0.0407
vn -0.9920 -0.0132 -0.1257
vn -0.5605 0.3875 -0.7319
vn -0.6369 0.3708 -0.6760
vn 0.0833 -0.0162 -0.9964
vn 0.0750 -0.0296 -0.9967
vn 0.0790 -0.0048 -0.9969
vn 0.0690 -0.0403 -0.9968
vn 0.1271 -0.0012 -0.9919
vn -0.0735 -0.0658 -0.9951
vn -0.0690 -0.0403 -0.9968
vn -0.0648 -0.0772 -0.9949
vn -0.0420 -0.0924 -0.9948
vn -0.0832 -0.0047 -0.9965
vn 0.1265 -0.0060 -0.9920
vn 0.0469 -0.1132 -0.9925
vn 0.0681 -0.1018 -0.9925
vn 0.1202 -0.0237 -0.9925
vn -0.0239 -0.1201 -0.9925
vn -0.0469 -0.1132 -0.9925
vn 0.1574 -0.3559 0.9212
vn 0.0502 -0.3878 0.9204
vn -0.0540 -0.0227 -0.9983
vn 0.0648 -0.0772 -0.9949
vn 0.0867 -0.0866 -0.9925
vn -0.0000 -0.1225 -0.9925
vn 0.0239 -0.1201 -0.9925
vn -0.0681 -0.1018 -0.9925
vn -0.1132 -0.0468 -0.9925
vn -0.0507 -0.0876 -0.9949
vn 0.5028 0.8024 0.3215
vn 0.4403 0.8359 0.3277
vn 0.5615 0.8253 0.0610
vn -0.0750 -0.0296 -0.9967
vn -0.0833 -0.0162 -0.9964
vn 0.6159 -0.3556 0.7031
vn 0.8011 -0.4625 0.3798
vn 0.5304 -0.7574 -0.3807
vn -0.7441 -0.6647 0.0671
vn 0.2877 -0.2471 -0.9253
vn -0.2877 -0.2471 -0.9253
vn 0.8846 -0.4137 0.2150
vn -0.5304 -0.7574 -0.3807
vn -0.5080 0.7570 -0.4110
vn -0.1327 -0.9901 0.0456
vn -0.1594 -0.9822 0.0997
vn 0.5301 -0.0025 0.8479
vn 0.6546 0.0229 0.7556
vn 0.7029 -0.0090 0.7112
vn 0.3786 -0.0247 0.9252
vn 0.9144 -0.0466 0.4021
vn 0.5228 -0.8452 -0.1114
vn -0.8793 -0.4364 0.1909
vn 0.9961 -0.0370 -0.0796
vn 0.9836 -0.0335 -0.1772
vn 0.9958 -0.0342 -0.0855
vn 0.7922 -0.0275 -0.6097
vn 0.5092 -0.0113 -0.8606
vn 0.9152 -0.0929 -0.3920
vn 0.7142 -0.1714 -0.6787
vn 0.8562 -0.0593 -0.5133
vn -0.9944 0.1053 -0.0035
vn 0.7013 -0.0226 -0.7125
vn 0.7090 0.3044 -0.6361
vn 0.1778 0.6516 -0.7374
vn -0.1778 0.6516 -0.7374
vn -0.1238 -0.0336 -0.9917
vn -0.0000 0.6754 -0.7374
vn -0.3430 0.5818 -0.7374
vn -0.4831 0.4698 -0.7389
vn -0.9807 -0.1957 0.0018
vn -0.0000 -1.0000 -0.0017
vn -0.3690 0.9294 0.0004
vn -0.3786 0.5249 0.7623
vn -0.0988 0.5731 0.8135
vn -0.1966 0.9805 -0.0013
vn 0.6788 -0.0063 0.7343
vn 0.6005 -0.0100 0.7996
vn -0.7005 0.5214 -0.4872
vn -0.9185 0.2885 -0.2702
vn -0.7005 0.6133 -0.3649
vn -0.7923 -0.0275 -0.6095
vn 0.1864 -0.0004 0.9825
vn 0.1603 -0.0000 0.9871
vn 0.1369 -0.0008 0.9906
vn 0.1804 0.0010 0.9836
vn 0.2227 -0.0002 0.9749
vn 0.6949 -0.0148 0.7189
vn 0.3999 -0.5099 0.7617
vn -0.1610 -0.0000 0.9870
vn 0.4823 -0.4096 0.7743
vn -0.1365 0.0003 0.9906
vn -0.1078 0.0015 0.9942
vn 0.0882 -0.9367 -0.3388
vn -0.1851 0.0026 0.9827
vn 0.5462 -0.2863 0.7872
vn 0.5792 -0.1509 0.8011
vn -0.9859 0.1674 -0.0035
vn -0.9909 0.1348 0.0028
vn 0.3785 -0.0020 -0.9256
vn -0.1087 -0.0024 0.9941
vn -0.1369 -0.0008 0.9906
vn -0.1603 -0.0000 0.9871
vn -0.9732 0.2269 0.0382
vn -0.1825 -0.0010 0.9832
vn 0.5474 0.2871 0.7861
vn 0.5841 0.1712 0.7934
vn -0.4821 -0.4091 0.7747
vn 0.1364 0.0001 0.9907
vn -0.3995 -0.5100 0.7618
vn 0.0741 0.0016 0.9972
vn 0.1070 0.0003 0.9943
vn 0.4758 0.4760 0.7396
vn -0.2124 -0.9548 -0.2082
vn -0.3053 -0.5865 -0.7502
vn -0.2060 -0.6397 -0.7405
vn -0.0449 0.0010 -0.9990
vn -0.5206 0.8218 -0.2317
vn -0.4775 0.1227 0.8700
vn -0.5892 0.1771 0.7883
vn -0.9200 0.3503 -0.1757
vn -0.8426 0.4483 -0.2985
vn -0.4922 0.2010 0.8470
vn -0.9913 -0.0912 -0.0949
vn -0.9919 -0.0521 -0.1160
vn -0.4887 0.4659 -0.7376
vn -0.5214 0.1296 0.8434
vn -0.4669 0.1513 0.8713
vn -0.9933 -0.0190 -0.1144
vn 0.3049 0.5849 -0.7516
vn -0.1088 -0.0023 -0.9941
vn 0.3993 0.5094 -0.7622
vn -0.0904 0.6560 -0.7494
vn -0.1407 0.7262 -0.6729
vn -0.7482 -0.4752 0.4629
vn 0.6693 -0.2952 0.6819
vn -0.4486 -0.0211 0.8935
vn 0.1903 0.4464 0.8743
vn 0.0548 -0.0008 -0.9985
vn -0.3783 -0.1570 0.9123
vn 0.4883 -0.5970 0.6365
vn 0.5594 -0.5605 0.6106
vn 0.5630 -0.7646 -0.3138
vn 0.5452 -0.8240 -0.1542
vn 0.4309 -0.9017 0.0370
vn 0.7113 -0.6997 0.0667
vn 0.0917 -0.0177 0.9956
vn 0.1125 -0.0088 0.9936
vn 0.2102 -0.0127 0.9776
vn 0.2501 -0.9539 -0.1656
vn -0.9411 0.3381 0.0005
vn -0.7902 0.6129 0.0005
vn -0.7858 0.6185 0.0002
vn -0.9351 0.3543 0.0003
vn -0.0859 -0.0018 -0.9963
vn 0.0851 -0.0019 -0.9964
vn -0.2050 0.6384 -0.7419
vn 0.7988 -0.5962 -0.0798
vn 0.9093 -0.1379 0.3926
vn 0.9212 -0.2178 0.3225
vn 0.4839 -0.6862 0.5432
vn -0.2755 -0.2755 0.9210
vn -0.3091 -0.2372 0.9210
vn 0.3795 0.8695 -0.3162
vn -0.5654 0.8248 -0.0001
vn -0.5656 0.8247 -0.0002
vn -0.0032 0.2482 -0.9687
vn 0.5259 -0.0276 0.8501
vn -0.0555 -0.5781 -0.8141
vn 0.0109 -0.5833 -0.8122
vn -0.9218 -0.1638 -0.3513
vn 0.7102 0.5265 0.4675
vn 0.9260 0.2823 0.2506
vn -0.9838 -0.0354 -0.1759
vn 0.1336 -0.5547 -0.8213
vn 0.1220 -0.3839 -0.9153
vn 0.2401 -0.3766 -0.8947
vn 0.2623 -0.5441 -0.7969
vn -0.9957 -0.0342 -0.0855
vn -0.9961 -0.0370 -0.0796
vn -0.9940 -0.0160 -0.1086
vn -0.1442 -0.6985 0.7009
vn -0.1939 -0.9048 0.3793
vn 0.8793 -0.4364 0.1909
vn -0.0502 -0.3878 0.9204
vn 0.3518 -0.0874 0.9320
vn -0.4065 0.6645 0.6271
vn -0.2052 0.6384 0.7418
vn 0.0848 -0.0018 0.9964
vn 0.1085 -0.0023 0.9941
vn -0.3050 0.5848 0.7516
vn 0.8005 -0.5758 0.1664
vn 0.8427 -0.5150 0.1571
vn 0.7651 -0.6202 0.1734
vn 0.7441 -0.6647 0.0672
vn 0.8186 0.3073 0.4852
vn 0.8024 0.2898 0.5217
vn 0.7442 -0.6646 0.0671
vn 0.6181 -0.7818 0.0818
vn 0.7669 -0.2717 0.5814
vn 0.8582 -0.3163 0.4043
vn 0.8500 -0.3807 0.3641
vn 0.0700 -0.3733 -0.9251
vn 0.0667 -0.5550 -0.8292
vn 0.2528 0.6954 0.6727
vn 0.1311 0.7396 0.6601
vn 0.7005 0.6133 -0.3649
vn 0.9185 0.3399 -0.2019
vn 0.9185 0.2886 -0.2702
vn 0.7005 0.5215 -0.4872
vn 0.1482 0.4140 -0.8981
vn 0.1043 0.2234 -0.9691
vn 0.1886 0.4336 -0.8811
vn -0.5193 0.4424 0.7311
vn 0.6934 -0.6562 -0.2979
vn -0.5140 0.7152 -0.4735
vn -0.3050 0.5849 -0.7516
vn 0.5128 0.2073 0.8331
vn 0.8999 0.2242 0.3742
vn 0.7208 0.2417 0.6497
vn -0.9211 0.3875 -0.0383
vn -0.1917 0.3546 0.9151
vn -0.2178 0.3480 0.9118
vn 0.3564 0.5081 0.7841
vn 0.4273 0.4547 0.7815
vn 0.4867 0.4383 0.7557
vn -0.5434 0.0852 0.8351
vn 0.3326 0.4298 0.8395
vn 0.3078 0.4705 0.8270
vn 0.1796 0.5136 0.8390
vn -0.5110 0.1724 0.8421
vn -0.6939 -0.0563 0.7178
vn 0.1488 0.3921 0.9078
vn 0.1520 0.3939 0.9065
vn 0.1812 0.3547 0.9173
vn 0.1503 0.3786 0.9133
vn 0.2164 0.3431 0.9140
vn 0.2008 0.3306 0.9222
vn 0.1635 0.3080 0.9372
vn 0.1596 0.2776 0.9474
vn 0.0739 0.5006 0.8625
vn -0.0367 0.4900 0.8710
vn 0.6127 0.2419 0.7524
vn 0.6994 0.2906 0.6530
vn 0.5899 0.3173 0.7425
vn -0.6448 0.3164 0.6958
vn 0.1557 0.4492 0.8797
vn -0.6379 0.3588 0.6814
vn 0.1570 0.3991 0.9034
vn 0.0979 0.2972 -0.9498
vn -0.2709 -0.4055 0.8730
vn -0.1866 -0.4506 0.8730
vn -0.2960 -0.7133 0.6353
vn -0.4296 -0.6417 0.6353
vn -0.6660 0.4299 0.6096
vn -0.5112 0.4181 0.7509
vn -0.4865 0.4066 0.7733
vn -0.4621 0.3112 0.8305
vn -0.4702 0.2721 0.8396
vn -0.4654 0.2418 0.8514
vn 0.0747 0.4792 0.8745
vn 0.7609 0.0774 0.6443
vn 0.6157 -0.3684 0.6965
vn -0.9239 -0.1869 0.3339
vn -0.9332 -0.2471 0.2608
vn -0.9531 0.3023 -0.0136
vn 0.0072 0.2221 0.9750
vn 0.0029 0.2478 0.9688
vn -0.0542 0.2536 0.9658
vn 0.7151 0.3500 0.6051
vn 0.6362 0.4935 0.5931
vn 0.5386 0.4800 0.6925
vn 0.8978 -0.0501 0.4375
vn 0.8865 0.0382 0.4611
vn -0.1404 0.3891 0.9104
vn -0.1464 0.3720 0.9166
vn -0.1773 0.3785 0.9085
vn -0.1551 0.3996 0.9035
vn -0.1629 0.4315 0.8873
vn 0.1036 0.2273 0.9683
vn -0.4940 0.1877 -0.8489
vn -0.8474 -0.0590 -0.5276
vn -0.8617 -0.0217 -0.5069
vn -0.4527 0.1253 -0.8828
vn 0.9951 -0.0444 -0.0883
vn 0.1438 0.2636 0.9538
vn 0.1040 0.2610 0.9597
vn 0.0581 0.2530 0.9657
vn 0.9180 0.1177 0.3788
vn -0.4971 0.3679 0.7858
vn 0.3868 0.6051 0.6959
vn -0.5277 -0.0024 -0.8494
vn -0.6501 0.0212 -0.7595
vn -0.7005 0.0104 -0.7136
vn 0.5113 0.4850 0.7095
vn -0.1543 0.2769 0.9484
vn -0.1583 0.3104 0.9373
vn -0.1922 0.3251 0.9260
vn -0.2139 0.3436 0.9144
vn -0.1514 0.4499 0.8802
vn -0.1416 0.4200 0.8964
vn -0.1568 0.4900 0.8575
vn 0.1572 0.1859 0.9699
vn 0.1331 0.3803 0.9152
vn 0.8486 0.3965 -0.3503
vn -0.4871 -0.0017 0.8733
vn -0.4476 -0.0030 0.8942
vn 0.5653 0.6251 0.5382
vn -0.7669 -0.2717 0.5814
vn -0.7134 -0.3734 0.5930
vn 0.4467 0.7734 0.4498
vn 0.4387 0.8532 0.2821
vn 0.4387 0.8532 -0.2821
vn 0.4467 0.7734 -0.4498
vn 0.4544 0.6535 -0.6054
vn -0.0000 1.0000 0.0001
vn -0.0000 1.0000 0.0002
vn -0.2939 0.9558 0.0001
vn 0.6962 0.7145 0.0689
vn 0.0983 0.1082 0.9893
vn -0.4465 0.1175 0.8870
vn -0.1030 -0.6702 0.7350
vn -0.2062 -0.6391 0.7409
vn 0.7102 -0.3911 -0.5854
vn 0.4196 -0.5041 -0.7548
vn 0.4191 -0.5758 -0.7020
vn 0.7102 -0.4466 -0.5442
vn 0.9955 -0.0492 -0.0806
vn 0.9251 -0.2125 -0.3147
vn 0.9252 -0.2393 -0.2946
vn -0.7102 -0.4978 0.4978
vn -0.9329 -0.2197 0.2854
vn 0.6361 -0.7519 0.1732
vn 0.4131 -0.8677 0.2765
vn 0.4182 -0.7021 0.5764
vn 0.7102 -0.5442 0.4466
vn -0.6956 -0.0000 0.7184
vn -0.7023 0.0977 0.7051
vn -0.4237 0.0002 0.9058
vn -0.4228 -0.0886 -0.9019
vn -0.6965 -0.0693 -0.7142
vn -0.7076 -0.1382 -0.6929
vn -0.4187 -0.6420 0.6423
vn -0.7102 -0.4466 0.5442
vn 0.4186 -0.6421 -0.6423
vn 0.7102 -0.4978 -0.4978
vn 0.9950 -0.0267 -0.0958
vn 0.5783 0.3572 -0.7334
vn -0.4190 -0.5759 -0.7020
vn -0.7102 -0.3911 -0.5854
vn -0.7102 -0.4466 -0.5442
vn -0.7006 0.6332 -0.3288
vn -0.6968 0.5504 -0.4601
vn -0.3870 -0.9043 -0.1799
vn -0.3871 -0.8519 -0.3528
vn -0.7142 -0.6471 -0.2668
vn -0.7132 -0.6875 -0.1367
vn -0.9248 -0.1781 -0.3362
vn -0.9957 -0.0369 -0.0850
vn -0.7102 -0.3911 0.5854
vn 0.7102 -0.5442 -0.4466
vn 0.4181 -0.7021 -0.5764
vn 0.7102 -0.2694 -0.6504
vn 0.6956 -0.0000 0.7184
vn 0.4238 0.0002 0.9058
vn 0.4245 0.0890 0.9011
vn 0.6956 0.0702 0.7150
vn 0.4224 -0.1766 0.8890
vn 0.7102 -0.3319 -0.6209
vn 0.4202 -0.4276 -0.8004
vn 0.6987 0.4029 0.5912
vn 0.6968 0.5503 0.4601
vn 0.4544 0.6535 0.6054
vn 0.4540 0.5346 0.7128
vn 0.9423 -0.2366 -0.2366
vn -0.7102 -0.5442 -0.4466
vn -0.7102 -0.4978 -0.4978
vn -0.9423 -0.2366 -0.2366
vn -0.9329 -0.2197 -0.2854
vn -0.8911 -0.4537 -0.0000
vn -0.6360 -0.7520 -0.1732
vn -0.9946 -0.0824 -0.0635
vn 0.9329 -0.2197 -0.2854
vn 0.9946 -0.0824 -0.0635
vn -0.4185 -0.6421 -0.6423
vn -0.4180 -0.7021 -0.5764
vn 0.4994 0.1799 -0.8475
vn 0.4852 -0.0116 -0.8744
vn 0.6966 -0.0693 -0.7142
vn -0.9411 -0.3380 -0.0004
vn -0.9402 -0.3405 -0.0058
vn 0.9258 -0.1455 -0.3488
vn 0.9955 -0.0348 -0.0880
vn 0.9248 -0.1781 -0.3362
vn -0.3672 -0.9186 -0.1459
vn 0.4268 0.1769 -0.8869
vn 0.4245 0.0227 -0.9051
vn -0.6962 0.1374 -0.7046
vn -0.6958 0.0181 -0.7180
vn 0.4453 0.3681 0.8162
vn -0.4453 0.8169 0.3666
vn -0.6943 0.6024 0.3938
vn -0.7004 0.6622 0.2662
vn -0.4323 0.8293 0.3541
vn -0.7102 -0.2694 0.6504
vn -0.9252 -0.2393 0.2946
vn 0.6360 -0.7520 -0.1732
vn -0.7102 -0.3319 -0.6209
vn -0.9244 -0.0703 -0.3749
vn -0.9411 -0.0979 -0.3236
vn -0.9258 -0.1455 -0.3488
vn -0.6923 0.2687 0.6697
vn -0.4392 0.5023 0.7448
vn 0.3049 0.5848 0.7517
vn -0.6962 0.6822 -0.2235
vn 0.4389 0.7956 0.4176
vn 0.7006 0.6332 0.3288
vn -0.4540 0.5346 -0.7128
vn -0.7005 0.6769 -0.2259
vn 0.7004 0.2663 -0.6622
vn 0.5929 0.0085 -0.8052
vn -0.8379 -0.0538 -0.5432
vn 0.9285 0.2436 -0.2802
vn 0.9191 -0.0853 0.3848
vn 0.4229 -0.0886 -0.9019
vn -0.4641 0.2647 0.8453
vn -0.4230 -0.0886 0.9018
vn -0.6966 -0.0693 0.7141
vn 0.4187 -0.6420 0.6423
vn 0.7102 -0.4978 0.4978
vn -0.7102 -0.2694 -0.6504
vn -0.7081 -0.2030 -0.6763
vn -0.6371 -0.3270 -0.6979
vn -0.2939 0.9558 -0.0000
vn 0.5716 -0.6687 0.4755
vn 0.3070 -0.0003 0.9517
vn -0.5656 0.8247 0.0002
vn -0.5654 0.8248 0.0001
vn -0.3415 0.4841 0.8056
vn 0.5764 -0.0839 -0.8128
vn 0.6940 -0.0561 -0.7178
vn 0.0502 -0.3878 -0.9204
vn 0.1737 0.9486 0.2647
vn 0.1887 0.9277 0.3221
vn 0.3857 0.6292 0.6748
vn 0.3855 0.7117 0.5873
vn 0.6807 -0.0747 0.7288
vn 0.2039 -0.6782 0.7060
vn -0.8427 -0.5150 0.1571
vn -0.8313 -0.4472 0.3302
vn 0.0735 -0.0658 -0.9951
vn 0.3190 -0.6715 0.6688
vn 0.7138 0.3369 -0.6140
vn -0.7112 0.6483 -0.2717
vn 0.7138 0.4595 -0.5286
vn 0.3725 0.0381 0.9272
vn 0.2654 0.2002 0.9431
vn 0.3990 0.2482 0.8827
vn 0.8669 0.4983 -0.0099
vn -0.1486 0.2297 -0.9618
vn -0.1351 0.3689 -0.9196
vn -0.1905 0.4465 -0.8743
vn -0.5308 0.2387 -0.8132
vn -0.8993 0.0147 -0.4370
vn -0.7410 0.2254 -0.6325
vn -0.3815 0.4593 -0.8022
vn -0.6556 0.2476 -0.7133
vn 0.7005 0.4662 0.5403
vn 0.3844 -0.0792 -0.9198
vn -0.2141 -0.0121 0.9767
vn 0.7005 0.6488 0.2971
vn 0.7005 0.5706 0.4286
vn 0.0005 0.7530 -0.6581
vn -0.9776 0.2106 -0.0000
vn -0.9816 0.1908 -0.0035
vn -0.9211 0.1447 0.3614
vn 0.7005 0.2713 -0.6601
vn 0.9211 0.1447 -0.3613
vn 0.9210 0.3527 0.1653
vn 0.7005 0.6972 0.1521
vn -0.7005 0.4057 0.5871
vn -0.7005 0.2713 0.6601
vn -0.5364 -0.0026 0.8440
vn 0.5241 0.8219 -0.2231
vn -0.5673 -0.6796 -0.4651
vn 0.9532 0.3024 0.0056
vn 0.6987 0.4029 -0.5912
vn -0.9944 0.0786 0.0702
vn -0.9185 0.2885 0.2702
vn -0.9944 0.0899 0.0550
vn -0.9211 0.3875 0.0383
vn -0.3427 0.7367 0.5830
vn -0.7909 0.3662 0.4902
vn -0.8518 0.4338 0.2937
vn 0.6962 0.6881 0.2045
vn 0.4387 0.8936 0.0956
vn 0.9191 0.2242 -0.3241
vn 0.9211 0.3133 0.2310
vn -0.4453 0.3681 -0.8162
vn 0.3794 0.0863 0.9212
vn -0.8007 0.0290 -0.5984
vn 0.4387 0.8936 -0.0956
vn -0.8998 0.0203 -0.4358
vn -0.2882 -0.6505 0.7027
vn -0.1574 -0.3559 0.9212
vn 0.7005 0.4057 -0.5871
vn 0.9251 -0.0191 -0.3793
vn -0.0824 0.0012 0.9966
vn -0.7005 0.4056 -0.5871
vn 0.9946 -0.0824 0.0635
vn 0.9423 -0.2366 0.2366
vn 0.9962 -0.0565 0.0660
vn -0.0000 -0.3865 -0.9223
vn 0.8954 0.0173 0.4449
vn 0.7020 0.6692 -0.2435
vn 0.2882 -0.6505 0.7027
vn -0.8949 -0.0148 0.4460
vn -0.9331 0.0002 0.3597
vn -0.8000 0.0521 0.5978
vn -0.1574 -0.3559 -0.9212
vn -0.4403 0.8776 0.1895
vn 0.4428 0.2103 0.8716
vn 0.4281 0.3462 -0.8348
vn -0.0988 0.1863 -0.9775
vn 0.4839 -0.0044 0.8751
vn -0.0958 -0.0157 0.9953
vn 0.4957 0.8467 -0.1933
vn 0.5127 0.8355 -0.1977
vn 0.5130 0.8549 -0.0780
vn 0.4951 0.8656 -0.0748
vn 0.2882 -0.6505 -0.7027
vn -0.9281 -0.3719 -0.0187
vn 0.5085 -0.1498 -0.8479
vn 0.4948 0.8509 -0.1766
vn 0.8061 0.0519 -0.5895
vn 0.6683 0.0229 -0.7435
vn 0.9435 0.0091 -0.3312
vn -0.7005 0.5214 0.4872
vn 0.0988 0.2890 0.9522
vn -0.9178 -0.0006 -0.3971
vn 0.3815 0.0392 -0.9235
vn 0.5390 -0.0025 -0.8423
vn 0.7140 -0.2944 -0.6352
vn -0.9946 0.0647 -0.0810
vn -0.5962 0.0381 0.8019
vn 0.6478 0.2471 -0.7206
vn 0.9720 0.0770 -0.2222
vn 0.5294 0.2404 -0.8136
vn 0.3990 0.2500 -0.8822
vn 0.8792 0.2306 -0.4170
vn 0.4189 0.4589 -0.7835
vn 0.3543 0.4553 -0.8168
vn 0.2845 0.4013 -0.8706
vn -1.0000 -0.0003 0.0005
vn -0.8859 0.4631 0.0276
vn -0.5082 0.8359 -0.2074
vn -0.5141 0.7899 -0.3342
vn 0.0749 -0.9934 0.0864
vn -0.5097 0.4839 0.7114
vn -0.5717 0.3200 0.7555
vn -0.9993 0.0365 0.0001
vn -0.4245 0.0227 -0.9051
vn -0.4267 0.1769 -0.8869
vn 0.3091 -0.2372 0.9210
vn 0.5642 -0.4329 0.7031
vn -0.7098 -0.7036 -0.0339
vn 0.4222 -0.1766 -0.8891
vn 0.4192 -0.5758 0.7019
vn 0.7102 -0.4466 0.5442
vn -0.9258 -0.1455 0.3488
vn -0.9248 -0.1781 0.3362
vn -0.9956 -0.0374 0.0859
vn -0.8351 -0.0638 0.5464
vn -0.9294 -0.0521 0.3653
vn -0.4472 0.4451 0.7758
vn -0.0859 0.6725 -0.7351
vn -0.3709 0.6493 -0.6639
vn -0.4130 -0.8678 -0.2765
vn -0.5380 -0.8430 -0.0000
vn 0.4231 -0.0886 0.9018
vn 0.6966 -0.0693 0.7142
vn -0.9251 -0.2125 0.3147
vn 0.9252 -0.2393 0.2946
vn 0.9251 -0.2125 0.3147
vn 0.9955 -0.0492 0.0806
vn -0.7102 -0.3319 0.6209
vn -0.7408 0.6401 0.2036
vn 0.4198 -0.5041 0.7548
vn 0.7102 -0.3911 0.5854
vn 0.8971 0.0159 0.4415
vn 0.9955 -0.0361 0.0872
vn 0.9329 -0.2197 0.2854
vn -0.7095 -0.5824 -0.3967
vn -0.4707 0.8823 -0.0026
vn 0.4204 -0.4275 0.8003
vn 0.8912 -0.4537 -0.0000
vn -0.9707 0.0691 0.2303
vn -0.3594 0.4537 0.8155
vn 0.0979 0.8014 -0.5900
vn -0.9247 -0.0622 0.3755
vn 0.9944 0.0786 -0.0702
vn -0.7653 0.2676 -0.5855
vn 0.1790 -0.6785 -0.7125
vn -0.5872 0.3125 -0.7466
vn 0.5154 -0.0435 0.8558
vn -0.9164 -0.2044 -0.3441
vn -0.8994 0.4352 0.0418
vn 0.9944 0.0899 -0.0550
vn -0.8626 0.5038 -0.0452
vn -0.7867 0.4856 0.3812
vn 0.4924 0.5874 0.6423
vn 0.3965 0.7615 0.5128
vn 0.1560 0.9691 0.1910
vn 0.3876 0.8388 -0.3824
vn 0.3875 0.7386 -0.5517
vn -0.3883 -0.6561 0.6471
vn -0.3871 -0.5181 0.7627
vn 0.7138 0.6844 -0.1486
vn 0.3874 0.9008 -0.1961
vn 0.6008 -0.3588 0.7143
vn 0.6625 -0.2565 0.7038
vn 0.9955 -0.0083 -0.0944
vn 0.9958 0.0066 -0.0911
vn 0.9197 0.2129 0.3298
vn 0.7013 0.4918 0.5160
vn 0.0694 -0.4449 -0.8929
vn 0.2810 -0.9536 -0.1078
vn 0.0719 -0.7356 -0.6736
vn 0.3007 -0.6495 -0.6984
vn 0.0914 -0.9546 -0.2835
vn 0.2619 -0.8589 -0.4402
vn -0.4012 0.4497 -0.7980
vn 0.9954 0.0481 0.0825
vn 0.9990 0.0330 0.0310
vn 0.9958 -0.0198 0.0891
vn 0.9973 0.0730 0.0058
vn 0.3374 -0.1948 0.9210
vn 0.9577 0.2877 -0.0016
vn 0.4898 0.4658 -0.7370
vn 0.5591 -0.5978 0.5745
vn 0.3886 -0.4189 0.8207
vn 0.8446 -0.5136 0.1513
vn 0.0735 -0.9786 0.1921
vn 0.1921 -0.9786 0.0733
vn 0.1537 -0.8542 0.4967
vn 0.2073 -0.9561 0.2073
vn 0.4825 -0.8613 0.1590
vn 0.4835 -0.7625 0.4299
vn -0.5689 -0.7553 0.3253
vn -0.9732 0.2298 -0.0051
vn 0.3944 0.6595 0.6400
vn 0.6414 0.4394 -0.6289
vn 0.8964 0.2789 -0.3445
vn 0.4850 0.4876 -0.7260
vn 0.5098 0.4835 -0.7116
vn 0.9411 0.3381 0.0005
vn 0.7902 0.6129 0.0005
vn 0.3853 0.6076 -0.6945
vn 0.6808 -0.0023 -0.7325
vn 0.0795 -0.0489 0.9956
vn 0.9176 0.1116 0.3816
vn 0.9176 0.2142 0.3349
vn -0.3744 -0.8461 0.3793
vn 0.9257 0.1797 0.3329
vn -0.7432 0.3285 0.5828
vn -0.5106 0.4781 -0.7146
vn -0.5094 0.6084 -0.6086
vn 0.5877 0.5361 -0.6060
vn 0.5300 0.2397 0.8134
vn -0.4800 -0.0300 -0.8767
vn -0.5701 -0.7520 -0.3308
vn -0.5240 -0.7866 -0.3268
vn -0.7947 -0.5318 -0.2926
vn -0.6428 -0.4281 -0.6353
vn -0.5458 -0.7733 0.3227
vn -0.1509 -0.7574 -0.6353
vn 0.7947 -0.5318 -0.2927
vn 0.6758 -0.6765 -0.2926
vn 0.2681 0.9634 0.0023
vn 0.2492 0.3939 0.8847
vn -0.3995 -0.8375 0.3729
vn -0.1315 0.7389 0.6608
vn -0.0004 0.7526 0.6584
vn 0.1448 -0.8081 0.5710
vn 0.0997 -0.9012 0.4218
vn -0.0997 -0.9012 0.4218
vn -0.0000 -0.9135 0.4067
vn -0.5127 -0.1675 0.8420
vn 0.3801 -0.5202 -0.7648
vn -0.2675 -0.9009 -0.3419
vn 0.2805 -0.8977 0.3399
vn -0.5118 0.0552 -0.8573
vn -0.8083 -0.3669 0.4605
vn -0.8273 -0.1414 0.5437
vn -0.9049 -0.1983 0.3767
vn -0.6692 -0.2952 0.6819
vn -0.5366 -0.0913 0.8389
vn -0.8005 -0.5758 0.1664
vn -0.5453 -0.8211 0.1685
vn -0.8582 -0.3140 0.4061
vn -0.2613 -0.1799 -0.9483
vn -0.3657 -0.8836 -0.2926
vn -0.2960 -0.7133 -0.6353
vn -0.6954 0.0255 -0.7181
vn -0.9619 -0.0833 0.2605
vn -0.3252 -0.0271 -0.9452
vn -0.5877 -0.0516 -0.8074
vn -0.0943 -0.1188 0.9884
vn -0.5426 -0.4548 -0.7062
vn 0.2613 -0.1799 -0.9483
vn 0.2984 -0.0879 -0.9504
vn 0.2735 -0.1358 -0.9522
vn -0.4584 -0.8032 -0.3805
vn -0.9197 -0.0774 0.3849
vn -0.9310 0.0459 0.3622
vn 0.5515 -0.2284 0.8023
vn 0.6895 -0.0751 -0.7204
vn -0.2709 -0.4055 -0.8730
vn 0.2709 -0.4055 -0.8730
vn 0.1866 -0.4505 -0.8730
vn -0.1866 -0.4506 -0.8730
vn -0.9951 -0.0258 0.0956
vn -0.0951 -0.4783 -0.8730
vn -0.0951 -0.4783 0.8730
vn 0.2960 -0.7133 -0.6353
vn 0.4296 -0.6417 -0.6353
vn -0.3448 -0.3449 0.8730
vn -0.4054 -0.2710 0.8730
vn 0.4505 -0.1867 0.8730
vn 0.4296 -0.6417 0.6353
vn 0.2709 -0.4055 0.8730
vn 0.8315 -0.5555 -0.0000
vn 0.9948 0.0781 0.0654
vn 0.1173 -0.0034 -0.9931
vn -0.5046 -0.0241 0.8630
vn -0.4938 -0.0240 0.8693
vn -0.0000 -0.5583 -0.8296
vn -0.3527 0.5416 -0.7631
vn -0.8475 0.1654 0.5043
vn -0.8520 0.2054 0.4816
vn -0.8602 0.2357 0.4523
vn -0.8820 0.2759 0.3820
vn -0.6262 0.3771 0.6824
vn -0.6205 0.3305 0.7112
vn -0.5980 0.2840 0.7495
vn -0.8923 0.3186 0.3199
vn -0.1765 0.5147 -0.8390
vn -0.4297 -0.7808 0.4536
vn -0.0887 -0.9259 0.3671
vn -0.3538 -0.9306 0.0933
vn 0.2061 -0.6394 -0.7407
vn 0.3058 -0.5867 -0.7499
vn -0.7037 -0.1048 0.7027
vn -0.9216 -0.0575 0.3839
vn -0.7246 0.5594 -0.4026
vn 0.6499 -0.1469 0.7457
vn -0.9150 0.1999 0.3504
vn -0.9052 0.1996 0.3752
vn -0.9601 0.2638 0.0927
vn -0.9516 0.2961 0.0830
vn -0.6929 0.3563 0.6268
vn -0.1047 0.3887 -0.9154
vn -0.1029 0.3877 -0.9160
vn 0.4727 0.0004 0.8812
vn -0.0775 -0.6940 0.7157
vn 0.5129 -0.3279 0.7934
vn 0.8565 -0.1973 0.4770
vn 0.6756 -0.6767 0.2926
vn -0.8337 0.5522 -0.0005
vn 0.0991 0.5361 0.8383
vn -0.2039 -0.6782 0.7060
vn 0.4408 -0.1550 -0.8841
vn 0.2054 -0.6394 0.7410
vn 0.3568 0.2352 -0.9041
vn 0.3637 0.1612 -0.9175
vn -0.0505 -0.9709 0.2342
vn 0.3934 0.0003 0.9194
vn 0.4701 -0.0003 0.8826
vn -0.6083 -0.7881 0.0941
vn -0.7015 -0.7058 0.0987
vn -0.7898 -0.6060 0.0949
vn -0.8658 -0.4939 0.0805
vn -0.4889 -0.8029 0.3412
vn -0.4896 -0.6088 -0.6243
vn 0.0001 -0.0005 1.0000
vn -0.2501 -0.9539 -0.1656
vn -0.5136 -0.5940 -0.6192
vn -0.4764 -0.7393 -0.4759
vn -0.5164 -0.7116 -0.4765
vn -0.5077 -0.6084 -0.6099
vn -0.6876 0.3812 -0.6180
vn -0.8699 0.4911 0.0458
vn 0.4343 0.5949 0.6763
vn 0.3853 0.5769 0.7202
vn -0.4675 -0.4759 -0.7450
vn 0.6147 -0.7827 -0.0979
vn 0.4913 0.5387 -0.6845
vn 0.7730 -0.2211 -0.5947
vn 0.5598 -0.2879 -0.7770
vn 0.6484 -0.7104 -0.2737
vn 0.1725 -0.2356 0.9564
vn -0.6103 0.2434 -0.7538
vn 0.3058 -0.5862 0.7502
vn 0.8509 0.4959 -0.1735
vn 0.8517 0.5142 -0.1010
vn -0.3862 -0.0508 0.9210
vn -0.3763 -0.1008 0.9210
vn -0.8011 -0.4625 0.3798
vn -0.3856 0.8510 -0.3566
vn 0.8332 0.1949 0.5175
vn 0.8632 0.1193 0.4906
vn 0.9239 -0.0438 0.3801
vn 0.5393 0.8421 0.0021
vn 0.7713 -0.0826 0.6311
vn -0.0000 -0.4877 0.8730
vn -0.7320 -0.0661 0.6781
vn -0.1440 0.2637 -0.9538
vn 0.5391 0.8423 -0.0018
vn -0.1500 0.3951 -0.9063
vn -0.1506 0.3786 -0.9132
vn -0.6446 0.3160 -0.6962
vn 0.1822 0.4570 -0.8706
vn 0.1413 0.4200 -0.8965
vn 0.1577 0.4992 -0.8520
vn -0.1558 0.4492 -0.8797
vn 0.4876 0.4017 -0.7752
vn 0.4902 0.3724 -0.7880
vn 0.5677 0.3142 -0.7609
vn -0.6987 -0.0575 -0.7131
vn 0.1551 0.3997 -0.9035
vn 0.1401 0.3890 -0.9105
vn 0.1639 0.4363 -0.8847
vn 0.1764 0.3790 -0.9084
vn -0.2258 0.3399 -0.9130
vn 0.2133 0.3438 -0.9145
vn 0.2171 0.3333 -0.9175
vn -0.0000 -0.5006 0.8657
vn -0.1811 0.3547 -0.9173
vn -0.2157 0.3431 -0.9142
vn 0.3387 0.4832 -0.8073
vn 0.5366 0.4469 -0.7157
vn 0.5191 0.4210 -0.7438
vn 0.6001 0.3782 -0.7049
vn 0.4751 0.4158 -0.7755
vn 0.1423 0.2615 -0.9546
vn -0.3868 0.6049 -0.6960
vn -0.5359 0.2395 -0.8096
vn 0.1918 0.3248 -0.9261
vn -0.5113 0.4852 -0.7094
vn -0.5750 0.3173 -0.7541
vn 0.1389 0.4763 -0.8682
vn -0.5925 0.1071 -0.7984
vn 0.2191 0.3482 -0.9114
vn 0.1933 0.3547 -0.9148
vn 0.1461 0.3718 -0.9167
vn 0.1540 0.2769 -0.9485
vn 0.1580 0.3106 -0.9373
vn -0.1598 0.2776 -0.9473
vn -0.1637 0.3079 -0.9372
vn 0.6736 -0.6707 0.3104
vn 0.7050 -0.7050 0.0775
vn 0.8811 -0.3792 0.2828
vn 0.5477 0.1966 -0.8132
vn 0.4450 0.2244 -0.8669
vn -0.6079 0.3839 -0.6951
vn 0.2018 0.4725 -0.8579
vn 0.2015 0.3763 -0.9043
vn -0.2004 0.3305 -0.9223
vn 0.4539 0.2609 -0.8520
vn 0.5649 0.2578 -0.7838
vn 0.4435 0.2915 -0.8475
vn 0.8560 0.2590 -0.4474
vn 0.4163 0.6799 0.6037
vn 0.3849 0.7466 0.5426
vn 0.7101 0.6072 0.3563
vn 0.4160 0.7843 0.4602
vn 0.7101 0.5696 0.4139
vn 0.9176 0.2996 0.2613
vn 0.0525 -0.6489 0.7590
vn -0.9469 0.3215 -0.0054
vn -0.9415 0.3369 -0.0020
vn -0.9539 0.3001 0.0008
vn -0.9571 0.2897 0.0061
vn -0.9583 0.2856 0.0039
vn -0.9623 0.2720 -0.0001
vn -0.9660 0.2583 0.0069
vn -0.9659 0.2485 0.0731
vn -0.1613 -0.9130 0.3747
vn 0.1361 -0.5983 0.7896
vn -0.9404 0.3399 -0.0128
vn -0.7828 -0.0696 -0.6184
vn -0.9106 -0.1115 0.3980
vn -0.9519 0.3064 -0.0074
vn -0.9562 0.2928 0.0008
vn -0.9999 0.0042 -0.0094
vn -0.9941 0.1055 -0.0242
vn -0.9633 0.1480 0.2240
vn -0.9499 0.1577 0.2699
vn -0.9959 -0.0403 0.0804
vn -0.9281 0.1079 0.3565
vn -0.9567 0.2402 0.1646
vn -0.9358 0.2012 0.2895
vn -0.8951 0.1509 0.4196
vn -0.9443 0.1828 0.2736
vn -0.4947 -0.4947 -0.7145
vn -0.5136 -0.0870 -0.8536
vn 0.0339 -0.8380 0.5446
vn -0.7146 -0.6934 0.0927
vn -0.3842 -0.9221 -0.0451
vn 0.0740 -0.7627 -0.6425
vn -0.8603 0.5068 -0.0551
vn -0.9231 0.2305 -0.3078
vn -0.4924 -0.6207 0.6102
vn -0.3377 -0.3938 0.8549
vn 0.9632 0.2480 0.1036
vn 0.8607 0.2759 0.4278
vn 0.9946 0.0563 0.0872
vn 0.9752 0.2130 -0.0595
vn 0.9614 0.2396 -0.1355
vn -0.6113 -0.6953 0.3779
vn 0.9704 0.2413 -0.0052
vn 0.9792 0.1877 -0.0770
vn 0.9993 -0.0386 0.0023
vn 0.9948 0.1014 -0.0089
vn 0.4344 0.2426 -0.8674
vn 0.5166 -0.7175 -0.4672
vn 0.4627 -0.8057 -0.3698
vn -0.0000 -0.2890 0.9573
vn 0.2337 -0.3391 0.9112
vn -0.2969 0.9062 0.3011
vn 0.7046 -0.7096 0.0001
vn 0.9713 -0.2380 0.0002
vn -0.0270 -0.9917 0.1260
vn -0.3801 -0.5202 -0.7648
vn 0.2442 0.3639 0.8989
vn -0.1386 0.2064 0.9686
vn -0.1930 -0.9812 0.0017
vn 0.4555 -0.3560 0.8160
vn 0.5655 -0.5840 0.5824
vn -0.5120 0.7937 -0.3284
vn -0.5116 0.7141 -0.4777
vn 0.8301 -0.5576 0.0006
vn -0.0988 0.9895 0.1056
vn 0.9999 0.0101 -0.0058
vn 0.7061 -0.2630 0.6574
vn 0.6312 0.0064 -0.7756
vn -0.5667 -0.1505 0.8100
vn -0.6965 0.7041 0.1386
vn 0.4249 0.3770 0.8230
vn 0.3839 0.7492 0.5397
vn -0.0999 0.8580 -0.5038
vn -0.8547 -0.4316 -0.2885
vn -0.0063 -0.1875 0.9823
vn 0.1442 -0.6985 0.7009
vn -0.5777 -0.0905 -0.8112
vn -0.8535 -0.5211 -0.0008
vn 0.9945 0.1042 0.0059
vn 0.5898 0.4909 -0.6411
vn -0.3994 0.5094 -0.7622
vn 0.8557 -0.5074 0.1012
vn -0.5107 0.4002 0.7610
vn -0.5055 0.4026 0.7632
vn -0.6204 0.3305 0.7112
vn 0.3909 0.0001 0.9204
vn -0.7838 0.6210 -0.0000
vn 0.1846 0.4356 -0.8810
vn 0.3400 -0.8963 0.2846
vn 0.2908 -0.7894 0.5407
vn -0.2554 0.6956 0.6715
vn 0.8421 0.3264 0.4294
vn -0.5863 0.1479 -0.7965
vn 0.5572 -0.1628 -0.8143
vn 0.9214 0.0824 0.3797
vn -0.4964 -0.7117 0.4971
vn -0.0810 -0.0522 -0.9954
vn 0.9983 0.0589 -0.0001
vn 0.5135 0.4680 -0.7192
vn 0.2582 -0.2561 0.9315
vn 0.6986 -0.0575 0.7132
vn -0.5223 0.6907 0.5002
vn 0.5125 0.8584 0.0230
vn -0.0000 1.0000 0.0025
vn -0.9638 0.2666 -0.0017
vn -0.8963 -0.0437 0.4413
vn -0.0000 -0.1934 0.9811
vn -0.3853 0.6076 0.6946
vn 0.5133 0.3284 -0.7929
vn 0.5136 0.4767 -0.7134
vn -0.9163 0.2402 -0.3206
vn -0.5179 -0.3659 0.7732
vn -0.3861 -0.0127 0.9224
vn -0.2966 0.0801 -0.9516
vn -0.5113 -0.4776 0.7145
vn -0.5123 -0.3287 0.7934
vn -0.4639 0.8677 0.1783
vn 0.9234 -0.3839 0.0012
vn 0.3786 0.6385 0.6700
vn -0.5133 0.3284 0.7929
vn 0.0001 0.3818 -0.9243
vn 0.0001 0.1941 -0.9810
vn 0.8567 0.3648 -0.3647
vn 0.8566 0.4290 -0.2866
vn -0.8554 0.3662 -0.3663
vn -0.8533 -0.3685 -0.3690
vn -0.8555 0.5078 -0.1009
vn 0.5135 0.5238 -0.6797
vn 0.5128 -0.0000 -0.8585
vn 0.5126 -0.1675 -0.8421
vn 0.5133 0.6068 0.6069
vn 0.5130 0.4768 0.7137
vn 0.5135 0.6068 -0.6067
vn 0.5134 0.7136 -0.4768
vn 0.5134 0.7929 -0.3284
vn 0.4876 -0.7258 -0.4853
vn -0.5134 0.4768 0.7135
vn 0.5131 0.8418 0.1675
vn 0.5133 0.8582 -0.0000
vn 0.5134 0.8417 -0.1674
vn -0.5132 0.7136 0.4768
vn -0.5133 0.6069 0.6068
vn 0.5116 -0.0001 0.8592
vn 0.5557 -0.7654 -0.3246
vn -0.8557 0.2876 -0.4301
vn 0.5130 0.1674 -0.8419
vn 0.5132 0.7930 0.3284
vn 0.5108 -0.1678 0.8432
vn -0.5132 0.7929 0.3285
vn 0.5133 0.7136 0.4768
vn 0.0001 -0.1956 0.9807
vn -0.3059 -0.5866 0.7499
vn 0.2144 -0.0054 0.9767
vn -0.5414 0.2885 0.7897
vn -0.5484 0.2869 -0.7855
vn -0.5653 0.8249 -0.0000
vn 0.0001 -0.0985 0.9951
vn -0.5484 -0.2867 0.7855
vn 0.0001 -0.0985 -0.9951
vn -0.1623 0.0013 -0.9867
vn 0.2693 0.0018 -0.9631
vn -0.2059 -0.0012 -0.9786
vn 0.1622 0.0011 0.9868
vn -0.2177 0.3336 0.9173
vn 0.1464 0.4193 0.8960
vn -0.9439 0.2208 0.2457
vn -0.9787 0.1415 0.1489
vn 0.5380 -0.8429 -0.0000
vn -0.8596 -0.5109 -0.0004
vn 0.0001 -0.6347 -0.7728
vn 0.0001 -0.7732 -0.6341
vn 0.0001 -0.7074 -0.7069
vn 0.0001 0.0241 -0.9997
vn 0.0001 -0.7732 0.6341
vn 0.0001 -0.7074 0.7069
vn -0.1465 0.4183 -0.8964
vn 0.5289 -0.4243 -0.7350
vn 0.5289 -0.2196 -0.8197
vn 0.3965 -0.9180 -0.0000
vn 0.3965 -0.8868 -0.2376
vn -0.9356 -0.3057 0.1765
vn -0.9356 -0.3409 0.0914
vn -0.3965 -0.7950 0.4590
vn -0.3965 -0.8868 0.2376
vn -0.9356 -0.2496 0.2496
vn -0.3965 -0.6491 0.6491
vn -0.9356 -0.1765 0.3057
vn -0.3965 -0.4590 0.7950
vn -0.9134 -0.4071 -0.0000
vn 0.9356 -0.3529 -0.0000
vn 0.9356 -0.3409 -0.0914
vn 0.3965 -0.8868 0.2376
vn 0.3965 -0.7950 0.4590
vn 0.9356 -0.3057 0.1765
vn 0.9356 -0.3409 0.0914
vn 0.9452 -0.2881 -0.1535
vn 0.4344 -0.7867 -0.4387
vn 0.4696 0.6243 -0.6243
vn 0.4696 0.4414 -0.7646
vn -0.1102 0.2486 0.9623
vn -0.0403 0.4914 0.8700
vn -0.4966 0.4241 0.7574
vn -0.5758 0.2018 0.7923
vn 0.1102 0.8562 0.5047
vn 0.5758 0.7029 0.4175
vn 0.4966 0.8354 0.2357
vn 0.0403 0.9626 0.2678
vn -0.1411 -0.2562 0.9563
vn -0.1411 -0.0000 0.9900
vn -0.5919 -0.0000 0.8060
vn -0.5918 -0.2086 0.7786
vn 0.5919 -0.7786 -0.2086
vn 0.5919 -0.8060 -0.0000
vn 0.1411 -0.9900 -0.0000
vn 0.1411 -0.9563 -0.2562
vn 0.1411 -0.7000 -0.7000
vn 0.5918 -0.5700 -0.5700
vn 0.5919 -0.6981 -0.4030
vn 0.1411 -0.8574 -0.4950
vn -0.1411 -0.8574 0.4950
vn -0.1411 -0.7000 0.7000
vn -0.5918 -0.5700 0.5700
vn -0.5919 -0.6981 0.4030
vn 0.4696 -0.0000 -0.8829
vn 0.4966 -0.2357 -0.8354
vn 0.0403 -0.2678 -0.9626
vn 0.4696 0.7646 -0.4414
vn 0.5918 -0.0000 0.8061
vn 0.5918 0.2086 0.7786
vn 0.1411 0.2562 0.9563
vn 0.1411 -0.0000 0.9900
vn 0.1411 -0.4950 0.8574
vn 0.5918 -0.4030 0.6981
vn 0.5918 -0.2086 0.7786
vn 0.1411 -0.2562 0.9563
vn 0.4696 0.8829 -0.0000
vn -0.5918 -0.4030 0.6981
vn -0.1411 -0.4950 0.8574
vn -0.1411 -0.9900 -0.0000
vn -0.5919 -0.8060 -0.0000
vn -0.5758 -0.7923 -0.2018
vn -0.1102 -0.9623 -0.2486
vn 0.4696 0.8528 -0.2285
vn 0.5918 -0.5700 0.5700
vn 0.1411 -0.7000 0.7000
vn 0.5758 -0.4175 -0.7029
vn 0.1102 -0.5047 -0.8562
vn 0.4696 0.2285 -0.8528
vn 0.5919 -0.6981 0.4030
vn 0.1411 -0.8574 0.4950
vn 0.5918 0.4030 0.6981
vn 0.5918 0.5700 0.5700
vn 0.1411 0.7000 0.7000
vn 0.1411 0.4950 0.8574
vn -0.9554 0.1476 0.2557
vn -0.9554 0.0764 0.2851
vn 0.8495 -0.0000 0.5276
vn 0.9554 -0.0000 0.2952
vn 0.9554 0.0764 0.2851
vn 0.8495 0.1366 0.5097
vn 0.8495 -0.4569 -0.2638
vn 0.9554 -0.2557 -0.1476
vn 0.9554 -0.2851 -0.0764
vn 0.8495 -0.5096 -0.1366
vn 0.8495 -0.0000 -0.5276
vn 0.9554 -0.0000 -0.2952
vn 0.9554 -0.0764 -0.2851
vn 0.8495 -0.1366 -0.5096
vn 0.9554 0.0764 -0.2851
vn 0.8495 0.1366 -0.5096
vn -0.4696 0.4414 -0.7646
vn -0.9554 0.1476 -0.2557
vn -0.9554 0.2087 -0.2087
vn -0.4696 0.6243 -0.6243
vn -0.4696 0.2285 -0.8528
vn -0.9554 0.0764 -0.2851
vn 0.9554 -0.2952 -0.0000
vn 0.8495 -0.5276 -0.0000
vn 0.8495 0.5276 -0.0000
vn 0.8495 0.5097 -0.1366
vn 0.8495 0.2638 -0.4569
vn -0.4696 0.7646 0.4414
vn -0.9554 0.2557 0.1476
vn -0.9554 0.2087 0.2087
vn -0.4696 0.6243 0.6243
vn 0.8495 -0.3731 -0.3731
vn -0.4696 0.8528 -0.2285
vn -0.9554 0.2851 -0.0764
vn -0.9554 0.2952 -0.0000
vn -0.4696 0.8829 -0.0000
vn 0.8495 0.2638 0.4569
vn 0.8495 0.3731 0.3731
vn -0.4696 -0.2285 -0.8528
vn -0.4696 -0.4414 -0.7646
vn -0.9554 -0.1476 -0.2557
vn -0.9554 -0.0764 -0.2851
vn 0.9554 -0.2851 0.0764
vn 0.8495 -0.5096 0.1366
vn 0.9554 -0.2087 0.2087
vn 0.9554 -0.1476 0.2557
vn 0.8495 -0.2638 0.4569
vn 0.8495 -0.3731 0.3731
vn -0.9554 -0.0764 0.2851
vn -0.9554 -0.1476 0.2557
vn -0.4696 0.7646 -0.4414
vn -0.9554 0.2557 -0.1476
vn -0.5919 -0.7786 0.2086
vn -0.9554 -0.2851 0.0764
vn -0.9554 -0.2952 -0.0000
vn 0.9554 -0.1476 -0.2557
vn 0.8495 -0.2638 -0.4569
vn 0.5919 -0.7786 0.2086
vn 0.8495 -0.4569 0.2638
vn 0.9554 0.2087 0.2087
vn 0.9554 0.2557 0.1476
vn 0.9554 0.1476 -0.2557
vn 0.9554 -0.2557 0.1476
vn 0.9554 0.1476 0.2557
vn 0.9554 0.2087 -0.2087
vn 0.9554 0.2557 -0.1476
vn 0.9554 0.2851 -0.0764
vn 0.9554 -0.0764 0.2851
vn 0.9554 0.2952 -0.0000
vn 0.9554 -0.2087 -0.2087
vn 0.9554 0.2851 0.0764
vn -0.9735 0.0592 -0.2208
vn -0.9735 -0.0000 -0.2286
vn -0.5289 -0.0000 -0.8487
vn -0.5289 0.2197 -0.8197
vn -0.9735 0.1617 -0.1617
vn -0.9735 0.1143 -0.1980
vn -0.5289 0.4243 -0.7350
vn -0.5289 0.6001 -0.6001
vn 0.5289 0.4243 -0.7350
vn 0.5289 0.2197 -0.8197
vn 0.9735 0.0592 -0.2208
vn 0.9735 0.1143 -0.1980
vn -0.9735 -0.1143 -0.1980
vn -0.9698 -0.1785 -0.1661
vn -0.5032 -0.6201 -0.6019
vn -0.5289 -0.4243 -0.7350
vn 0.5032 0.7419 0.4431
vn 0.5289 0.8197 0.2197
vn 0.9735 0.2208 0.0592
vn 0.9698 0.2066 0.1294
vn -0.9698 0.2066 0.1294
vn -0.9735 0.2208 0.0592
vn -0.5289 0.8197 0.2197
vn -0.5032 0.7419 0.4431
vn -0.9452 -0.2881 -0.1535
vn -0.4344 -0.7867 -0.4387
vn -0.9356 -0.0914 0.3409
vn -0.3965 -0.2376 0.8868
vn -0.9356 -0.3530 -0.0000
vn -0.3965 -0.9180 -0.0000
vn -0.9356 -0.3409 -0.0914
vn -0.3965 -0.8868 -0.2376
vn 0.9452 0.2228 0.2385
vn 0.4344 0.6274 0.6463
vn 0.5289 0.7350 -0.4243
vn 0.9735 0.1980 -0.1143
vn 0.9735 0.2208 -0.0592
vn 0.5289 0.8197 -0.2197
vn -0.9735 0.2286 -0.0000
vn -0.5289 0.8487 -0.0000
vn -0.9735 -0.0592 -0.2208
vn -0.5289 -0.2196 -0.8197
vn 0.3965 0.4590 0.7950
vn 0.9356 0.1765 0.3057
vn 0.9356 0.0913 0.3409
vn 0.3965 0.2376 0.8868
vn -0.9356 -0.0000 0.3530
vn -0.9356 0.0914 0.3409
vn -0.3965 0.2376 0.8868
vn -0.3965 -0.0000 0.9180
vn 0.9134 -0.0000 -0.4072
vn -0.9356 0.1765 0.3057
vn -0.3965 0.4590 0.7950
vn -0.9452 0.2228 0.2385
vn -0.4344 0.6274 0.6463
vn 0.1411 -0.9563 0.2562
vn 0.9356 -0.1765 0.3057
vn 0.9356 -0.0913 0.3409
vn 0.9735 -0.0000 -0.2286
vn 0.9735 -0.0592 -0.2208
vn 0.9735 0.2286 -0.0000
vn 0.9735 0.1617 -0.1617
vn 0.9356 -0.0000 0.3530
vn 0.9735 -0.1143 -0.1980
vn 0.9698 -0.1785 -0.1661
vn -0.9735 0.2208 -0.0592
vn 0.3965 -0.0000 0.9180
vn 0.3965 -0.6491 0.6492
vn 0.9356 -0.2496 0.2496
vn -0.4696 -0.0000 -0.8829
vn -0.4966 -0.7574 -0.4241
vn -0.0403 -0.8700 -0.4914
vn -0.1411 -0.9563 0.2562
vn -0.4696 -0.6243 -0.6243
vn -0.4696 0.8528 0.2285
vn -0.9554 -0.2087 0.2087
vn 0.8495 -0.1366 0.5097
vn -0.9554 -0.2557 0.1476
vn -0.9554 -0.2851 -0.0764
vn 0.8495 0.5097 0.1366
vn 0.8495 0.4569 0.2638
vn -0.9554 -0.0000 -0.2952
vn -0.9554 0.2851 0.0764
vn -0.9554 -0.0000 0.2952
vn -0.9554 -0.2557 -0.1476
vn 0.8495 0.4569 -0.2638
vn 0.8495 0.3731 -0.3731
vn -0.9554 -0.2087 -0.2087
vn -0.9735 0.1980 -0.1143
vn -0.5289 0.7350 -0.4243
vn 0.5032 -0.6201 -0.6019
vn 0.5289 -0.0000 -0.8487
vn -0.5289 0.8197 -0.2197
vn 0.5289 0.8487 -0.0000
vn 0.3965 -0.4590 0.7950
vn 0.3965 -0.2376 0.8868
vn 0.5289 0.6001 -0.6001
vn 0.8009 -0.0000 -0.5988
vn 0.8009 -0.1550 -0.5784
vn 0.7332 -0.1760 -0.6569
vn 0.7332 -0.0000 -0.6800
vn -0.7332 -0.1760 -0.6569
vn -0.7332 -0.0000 -0.6800
vn -0.4668 -0.0000 -0.8843
vn -0.4668 -0.2289 -0.8542
vn 0.4668 0.8542 -0.2289
vn 0.4668 0.7659 -0.4422
vn 0.4668 -0.4422 -0.7659
vn 0.4668 -0.6253 -0.6253
vn -0.7332 -0.5889 -0.3400
vn -0.7332 -0.4809 -0.4809
vn -0.4668 -0.6253 -0.6253
vn -0.4668 -0.7659 -0.4422
vn -0.7332 0.6569 0.1760
vn -0.7332 0.5889 0.3400
vn -0.4668 0.7659 0.4422
vn -0.4668 0.8542 0.2289
vn -0.4668 -0.4422 -0.7659
vn -0.4668 -0.8542 0.2289
vn -0.4668 -0.8843 -0.0000
vn 0.4668 -0.0000 0.8843
vn 0.4668 -0.2289 0.8542
vn 0.7332 -0.1760 0.6569
vn 0.7332 -0.0000 0.6800
vn 0.4668 0.2289 -0.8542
vn 0.4668 -0.0000 -0.8843
vn 0.4668 -0.2289 -0.8542
vn 0.4668 0.7659 0.4422
vn 0.7332 0.5889 0.3400
vn 0.7332 0.6569 0.1760
vn 0.4668 0.8542 0.2289
vn -0.4668 -0.8542 -0.2289
vn -0.7332 -0.6569 -0.1760
vn 0.4668 -0.7659 -0.4422
vn 0.7332 -0.5889 -0.3400
vn 0.7332 -0.6569 -0.1760
vn 0.4668 -0.8542 -0.2289
vn 0.4668 0.4422 -0.7659
vn -0.4668 0.2289 -0.8542
vn -0.4668 0.4422 -0.7659
vn 0.4668 -0.7659 0.4422
vn 0.7332 -0.5889 0.3400
vn 0.7332 -0.4809 0.4809
vn 0.4668 -0.6253 0.6253
vn 0.4668 0.8843 -0.0000
vn 0.7332 0.1760 -0.6569
vn -0.7332 0.4809 0.4809
vn -0.4668 0.6253 0.6253
vn 0.4668 -0.8542 0.2289
vn 0.4668 -0.8843 -0.0000
vn 0.7332 -0.6800 -0.0000
vn 0.7332 -0.6569 0.1760
vn 0.4668 0.6253 0.6253
vn 0.4668 0.4422 0.7659
vn 0.7332 0.3400 0.5889
vn 0.7332 0.4809 0.4809
vn -0.4668 0.8843 -0.0000
vn -0.4668 0.8542 -0.2289
vn 0.7332 0.6800 -0.0000
vn 0.7332 0.6569 -0.1760
vn 0.4668 0.2289 0.8542
vn -0.4668 0.7659 -0.4422
vn 0.7332 -0.3400 -0.5889
vn 0.4668 -0.4422 0.7659
vn -0.7332 -0.0000 0.6800
vn -0.7332 -0.1760 0.6569
vn -0.4668 -0.2289 0.8542
vn -0.4668 -0.0000 0.8843
vn 0.7332 0.3400 -0.5889
vn -0.4668 -0.4422 0.7659
vn 0.7332 0.5889 -0.3400
vn -0.7332 -0.3400 0.5889
vn -0.7332 -0.4809 0.4809
vn -0.4668 -0.6253 0.6253
vn -0.4668 0.4422 0.7659
vn 0.7332 0.1760 0.6569
vn -0.7332 0.4809 -0.4809
vn -0.7332 0.5889 -0.3400
vn -0.4668 0.6253 -0.6253
vn -0.7332 0.1760 -0.6569
vn 0.4668 0.6253 -0.6253
vn -0.7332 -0.6800 -0.0000
vn 0.7332 0.4809 -0.4809
vn -0.4668 0.2289 0.8542
vn -0.4668 -0.8844 -0.0000
vn -0.7332 0.3400 -0.5889
vn 0.7332 -0.4809 -0.4809
vn -0.7332 0.1760 0.6569
vn -0.7332 -0.5889 0.3400
vn -0.4668 -0.7659 0.4422
vn -0.7332 0.6800 -0.0000
vn 0.7332 -0.3400 0.5889
vn -0.9409 -0.2396 0.2396
vn -0.9409 -0.2934 0.1694
vn -0.8009 0.1550 -0.5784
vn -0.8009 0.2994 -0.5186
vn 0.9409 -0.0000 0.3388
vn 0.9409 0.0877 0.3273
vn 0.9409 -0.2934 -0.1694
vn 0.9409 -0.3272 -0.0877
vn 0.8009 0.2994 -0.5186
vn 0.8009 0.4234 -0.4234
vn -0.8009 0.4234 -0.4234
vn -0.8009 0.5186 -0.2994
vn -0.7332 0.3400 0.5889
vn -0.8009 0.2994 0.5186
vn -0.8009 0.1550 0.5784
vn -0.7332 -0.3400 -0.5889
vn -0.8009 -0.2994 -0.5186
vn -0.8009 -0.1550 -0.5784
vn -0.8009 -0.1550 0.5784
vn -0.8009 -0.2994 0.5186
vn -0.8009 -0.4234 0.4234
vn -0.8009 -0.5186 0.2994
vn -0.9409 0.1694 0.2934
vn -0.9409 0.0877 0.3272
vn 0.9409 -0.0877 0.3273
vn -0.9409 0.2396 -0.2396
vn -0.9409 0.2934 -0.1694
vn 0.9409 -0.1694 0.2934
vn 0.8009 -0.4234 0.4234
vn 0.8009 -0.2994 0.5186
vn -0.8009 -0.0000 0.5988
vn 0.9409 0.1694 -0.2934
vn 0.9409 0.0877 -0.3273
vn 0.9409 0.3272 0.0877
vn 0.9409 0.3388 -0.0000
vn 0.9409 -0.2396 -0.2396
vn -0.8009 -0.4234 -0.4234
vn 0.9409 0.2934 -0.1694
vn 0.9409 0.2396 -0.2396
vn -0.8009 -0.5784 0.1550
vn -0.7332 -0.6569 0.1760
vn 0.9409 0.3273 -0.0877
vn 0.9409 -0.2396 0.2396
vn 0.9409 -0.1694 -0.2934
vn -0.8009 -0.0000 -0.5988
vn -0.7332 0.6569 -0.1760
vn -0.8009 0.5784 -0.1550
vn -0.8009 0.5988 -0.0000
vn 0.9409 -0.0000 -0.3388
vn -0.9409 -0.1694 -0.2934
vn -0.9409 -0.0877 -0.3273
vn 0.8009 0.5784 0.1550
vn 0.8009 0.5186 0.2994
vn 0.8009 0.5784 -0.1550
vn 0.8009 0.5988 -0.0000
vn 0.8009 0.1550 -0.5784
vn 0.9409 -0.3388 -0.0000
vn -0.8009 -0.5186 -0.2994
vn 0.8009 -0.5186 -0.2994
vn 0.8009 -0.5784 -0.1550
vn -0.9409 -0.3272 0.0877
vn -0.9409 0.2396 0.2396
vn -0.9409 0.3388 -0.0000
vn -0.9409 0.3273 0.0877
vn -0.9409 -0.2396 -0.2396
vn 0.9409 -0.0877 -0.3273
vn -0.9409 0.0877 -0.3273
vn -0.9409 0.1694 -0.2934
vn 0.9409 0.1694 0.2934
vn 0.9409 0.2396 0.2396
vn 0.9409 0.2934 0.1694
vn 0.9409 -0.3272 0.0877
vn 0.9409 -0.2934 0.1694
vn 0.8009 0.4234 0.4234
vn 0.8009 0.2994 0.5186
vn -0.8009 0.4234 0.4234
vn -0.9409 -0.3272 -0.0877
vn -0.9409 -0.2934 -0.1694
vn -0.9409 -0.3388 -0.0000
vn 0.8009 -0.5988 -0.0000
vn -0.9409 -0.0000 0.3388
vn -0.9409 -0.0877 0.3273
vn -0.9409 -0.1694 0.2934
vn -0.9409 0.3272 -0.0877
vn -0.8009 -0.5988 -0.0000
vn -0.8009 -0.5784 -0.1550
vn -0.9409 -0.0000 -0.3388
vn 0.8009 -0.0000 0.5988
vn 0.8009 0.1550 0.5784
vn -0.9409 0.2934 0.1694
vn 0.8009 -0.1550 0.5784
vn 0.8009 -0.5784 0.1550
vn 0.8009 -0.5186 0.2994
vn 0.8009 -0.4234 -0.4234
vn -0.8009 0.5784 0.1550
vn 0.8009 -0.2994 -0.5186
vn -0.8009 0.5186 0.2994
vn 0.8009 0.5186 -0.2994
vn 0.6915 0.1449 0.7077
vn 0.7061 -0.0194 0.7079
vn 0.9993 0.0354 -0.0109
vn 0.9474 0.3195 0.0156
vn -0.1803 0.2772 -0.9437
vn -0.0944 0.2378 -0.9667
vn -0.6576 -0.1835 -0.7307
vn -0.6747 -0.2140 -0.7063
vn -0.9993 -0.0101 0.0351
vn -0.9999 -0.0071 0.0131
vn -0.7016 -0.5140 0.4934
vn -0.6922 -0.3798 0.6137
vn 0.0265 -0.1573 0.9872
vn -0.1214 0.5687 0.8136
vn -0.1474 0.5601 0.8152
vn 0.0289 -0.1650 0.9859
vn -0.7359 -0.0563 0.6747
vn -0.7224 0.0124 0.6913
vn -0.9976 0.0685 -0.0127
vn -0.9992 0.0132 -0.0367
vn 0.0082 -0.2013 0.9795
vn 0.0096 -0.1253 0.9921
vn 0.7163 -0.1065 0.6896
vn 0.7212 -0.1572 0.6747
vn 0.0051 -0.0137 0.9999
vn -0.0217 0.0046 0.9998
vn 0.6855 0.1382 0.7148
vn 0.7145 0.0048 0.6996
vn 0.6966 0.5570 -0.4523
vn 0.7173 0.3582 -0.5977
vn 0.0531 0.4169 -0.9074
vn 0.0164 0.7317 -0.6815
vn -0.9047 -0.4256 0.0189
vn -0.6427 -0.2947 0.7072
vn -0.7021 -0.1290 0.7003
vn -0.9818 -0.1898 0.0122
vn -0.6920 -0.1817 0.6987
vn -0.0018 -0.2605 0.9655
vn -0.0063 -0.0830 0.9965
vn -0.6986 -0.0376 0.7145
vn -0.7256 0.3727 -0.5785
vn -0.9995 0.0006 0.0326
vn -0.7223 0.1851 -0.6663
vn -0.9992 0.0179 0.0355
vn 1.0000 0.0006 0.0017
vn 0.9999 -0.0004 0.0124
vn 0.7166 0.1223 -0.6867
vn 0.7097 0.0900 -0.6987
vn 0.6891 -0.1960 0.6977
vn 0.6849 -0.3933 0.6134
vn 0.9990 -0.0297 0.0344
vn 0.9993 -0.0202 0.0313
vn -0.6998 0.5968 -0.3926
vn -0.7124 0.5782 -0.3978
vn 0.0047 0.8287 -0.5596
vn 0.0030 0.8545 -0.5195
vn 0.6917 -0.0091 0.7221
vn 0.6889 -0.0161 0.7247
vn 0.9993 0.0256 0.0290
vn 0.9958 0.0866 0.0306
vn 0.0046 0.5330 -0.8461
vn 0.0020 0.2571 -0.9664
vn 0.7250 0.1699 -0.6675
vn 0.7320 0.3585 -0.5793
vn 0.7715 0.0958 -0.6289
vn 0.7739 0.0969 -0.6258
vn 0.1141 -0.0245 -0.9932
vn 0.1084 -0.0127 -0.9940
vn -0.7340 -0.4603 -0.4993
vn -0.0512 -0.6797 -0.7317
vn -0.0403 -0.6478 -0.7608
vn -0.7465 -0.4014 -0.5307
vn -0.9992 -0.0075 -0.0381
vn -0.9999 -0.0134 0.0002
vn 0.8354 -0.5382 0.1112
vn 0.5884 -0.7983 0.1288
vn 0.4599 -0.6689 -0.5840
vn 0.6593 -0.4533 -0.5999
vn 0.0527 0.7897 0.6112
vn -0.1860 0.7590 0.6239
vn -0.2498 0.9570 -0.1474
vn 0.0700 0.9862 -0.1501
vn -0.9999 -0.0004 0.0124
vn -0.7046 -0.1218 0.6991
vn -0.7081 -0.0845 0.7010
vn -1.0000 0.0006 0.0017
vn 0.6919 -0.5936 0.4110
vn 0.9997 -0.0170 0.0201
vn 0.9996 -0.0226 0.0159
vn 0.6918 -0.5251 0.4957
vn -0.0877 0.0049 0.9961
vn 0.6369 -0.0116 0.7709
vn 0.6226 0.0957 0.7767
vn -0.1025 0.0177 0.9946
vn 0.7238 -0.1942 -0.6622
vn 0.7314 -0.0486 -0.6802
vn 0.9976 -0.0619 0.0316
vn 0.9647 -0.2610 0.0345
vn -0.0136 -0.3811 -0.9244
vn 0.6881 -0.4992 -0.5266
vn 0.7150 -0.3279 -0.6174
vn -0.4393 0.6404 0.6300
vn -0.0199 0.0937 0.9954
vn -0.0452 0.0700 0.9965
vn -0.6340 0.4369 0.6381
vn 0.6827 -0.2298 0.6936
vn 0.6433 0.0068 0.7656
vn 0.9894 0.1206 0.0804
vn 0.9938 0.0968 0.0541
vn -0.9827 -0.1485 -0.1110
vn -0.7765 -0.0959 0.6228
vn -0.7806 -0.1594 0.6044
vn -0.9844 -0.1112 -0.1362
vn -0.1155 0.0134 0.9932
vn -0.1005 -0.1112 0.9887
vn 0.6147 0.1149 0.7804
vn 0.9831 0.1488 0.1069
vn -0.7139 0.0440 -0.6989
vn -0.9998 0.0155 0.0081
vn -0.9997 0.0243 0.0080
vn -0.7123 0.0761 -0.6977
vn 0.6137 0.1316 0.7785
vn 0.9810 0.1616 0.1078
vn -0.7293 0.0171 0.6840
vn -0.9990 0.0286 -0.0340
vn -0.9977 0.0592 -0.0339
vn -0.7270 0.0468 0.6850
vn -0.1135 0.0245 0.9932
vn -0.7243 -0.1322 0.6767
vn -0.9953 -0.0851 -0.0463
vn -0.9989 -0.0251 -0.0387
vn -0.7290 -0.0524 0.6825
vn -0.6109 0.0096 -0.7916
vn -0.6141 -0.0954 -0.7835
vn 0.1230 -0.0158 -0.9923
vn 0.1345 -0.0065 -0.9909
vn -0.9871 -0.1188 -0.1073
vn -0.9808 -0.1617 -0.1092
vn -0.6126 -0.1316 -0.7794
vn -0.7719 -0.0714 0.6317
vn -0.7743 -0.0970 0.6253
vn -0.7088 0.1418 0.6910
vn -0.9942 0.1070 -0.0096
vn 0.6872 -0.0393 0.7254
vn -0.0262 0.0061 0.9996
vn 0.0084 -0.0054 0.9999
vn 0.6773 -0.1853 0.7120
vn 0.0024 -0.0040 1.0000
vn -0.0006 -0.0093 1.0000
vn -0.0087 0.7060 0.7081
vn 0.1217 0.6982 0.7054
vn -0.6352 0.1731 -0.7527
vn -0.6801 0.0370 -0.7321
vn 0.0380 -0.0075 -0.9993
vn 0.0748 -0.0180 -0.9970
vn -0.0709 0.0273 0.9971
vn 0.6269 -0.1603 0.7625
vn -0.5110 0.2972 -0.8066
vn -0.5828 0.1470 -0.7992
vn 0.1359 -0.0457 -0.9897
vn 0.1143 -0.1156 -0.9867
vn 0.7511 0.1613 -0.6402
vn -0.0091 0.1005 0.9949
vn 0.0743 -0.1665 -0.9832
vn 0.0333 -0.1880 -0.9816
vn -0.1545 0.5453 -0.8239
vn -0.3670 0.4456 -0.8166
vn -0.9995 0.0232 0.0199
vn -0.9953 0.0906 0.0340
vn -0.0092 -0.1778 -0.9840
vn -0.0747 -0.1744 -0.9818
vn 0.2163 0.5229 -0.8245
vn 0.0434 0.5746 -0.8173
vn 0.4043 0.3740 -0.8347
vn -0.1549 -0.1326 -0.9790
vn -0.9997 -0.0217 0.0076
vn -0.7046 -0.0248 0.7092
vn -0.1759 -0.0198 -0.9842
vn 0.5768 0.0294 -0.8163
vn 0.5379 0.1853 -0.8224
vn -0.1773 -0.0614 -0.9822
vn 0.7487 0.2556 0.6117
vn 0.7931 0.0574 0.6064
vn 0.1218 0.0173 0.9924
vn 0.1072 0.0348 0.9936
vn -0.1884 0.0632 -0.9801
vn 0.5327 -0.1482 -0.8332
vn 0.0156 -0.1014 -0.9947
vn 0.7255 -0.1448 -0.6728
vn -0.0000 -0.1732 0.9849
vn -0.0000 -0.3322 0.9432
vn 0.7042 -0.2347 0.6701
vn 0.7046 -0.1218 0.6991
vn -0.9999 0.0139 -0.0061
vn -0.9988 0.0386 -0.0295
vn -0.7363 -0.2748 0.6183
vn -0.7201 -0.4230 0.5501
vn 0.7306 -0.6618 -0.1681
vn 0.5696 -0.5480 0.6126
vn 0.7501 -0.2219 0.6229
vn 0.9478 -0.2745 -0.1623
vn -0.4774 0.3981 0.7833
vn -0.6064 0.1726 0.7762
vn 0.0850 -0.0292 0.9960
vn 0.0550 -0.0940 0.9941
vn 0.2510 -0.9574 0.1427
vn 0.1973 -0.7945 -0.5743
vn -0.0683 0.2008 -0.9773
vn 0.2557 -0.4866 -0.8354
vn 0.4226 -0.3499 -0.8361
vn -0.1351 0.1634 -0.9773
vn 0.0266 0.0566 -0.9980
vn 0.7337 -0.0107 -0.6794
vn 0.7208 0.0611 -0.6905
vn 0.0240 0.0956 -0.9951
vn 0.0062 0.7297 -0.6837
vn -0.7130 0.5131 -0.4778
vn -0.1246 -0.7163 -0.6866
vn -0.1686 -0.9856 0.0151
vn -0.3177 -0.9481 0.0159
vn -0.2343 -0.6883 -0.6865
vn 0.0465 -0.0141 -0.9988
vn 0.0578 -0.0139 -0.9982
vn 0.6378 -0.3775 -0.6714
vn 0.5550 -0.4802 -0.6793
vn -0.2781 0.5320 0.7998
vn 0.0325 -0.1315 0.9908
vn -0.9651 0.2600 -0.0318
vn -0.6820 0.1819 0.7084
vn -0.1910 0.8028 -0.5648
vn -0.3456 0.7567 -0.5549
vn -0.4288 0.8878 0.1673
vn -0.2358 0.9559 0.1751
vn 0.1483 -0.5484 -0.8230
vn 0.2440 -0.9536 -0.1762
vn 0.4266 -0.8872 -0.1757
vn -0.0451 -0.0179 -0.9988
vn -0.0364 -0.0275 -0.9990
vn -0.6604 -0.3180 -0.6803
vn -0.7166 -0.1454 -0.6822
vn 0.6746 0.2457 0.6960
vn 0.8349 0.5498 0.0243
vn 0.7813 0.6239 0.0143
vn 0.6802 0.2382 0.6932
vn 0.9349 0.3197 -0.1540
vn 0.7302 0.6646 -0.1582
vn -0.8521 -0.5211 -0.0481
vn -0.7996 -0.5970 -0.0642
vn 0.0376 0.0913 0.9951
vn -0.2434 -0.5777 0.7791
vn -0.0454 -0.6161 0.7863
vn 0.0040 0.1137 0.9935
vn -0.0120 0.0055 0.9999
vn 0.0050 -0.4314 0.9022
vn 0.7414 -0.2982 0.6011
vn -0.7019 0.0056 -0.7123
vn -0.6933 0.0877 -0.7153
vn 0.9866 0.1180 0.1125
vn 0.9865 0.0629 -0.1511
vn -0.2206 -0.6693 0.7095
vn 0.0042 -0.0033 1.0000
vn 0.0046 -0.0038 1.0000
vn -0.3179 -0.6283 0.7101
vn -0.0594 -0.2008 -0.9778
vn 0.6612 -0.1456 -0.7359
vn 0.6558 -0.2194 -0.7224
vn -0.0577 -0.3002 -0.9521
vn -0.9876 -0.0591 0.1452
vn -0.8134 -0.0551 -0.5791
vn -0.7736 -0.2690 -0.5738
vn -0.9342 -0.3255 0.1457
vn -0.7101 -0.1228 0.6933
vn 0.0861 -0.1023 0.9910
vn 0.1328 -0.2019 0.9704
vn -0.0284 -0.0246 -0.9993
vn -0.0252 -0.0259 -0.9993
vn -0.4279 -0.5893 -0.6854
vn -0.5102 -0.5210 -0.6843
vn -0.1169 -0.6960 0.7085
vn -0.7040 -0.5893 0.3964
vn 0.7296 -0.0171 -0.6836
vn 0.7302 0.0072 -0.6832
vn 0.9995 -0.0096 0.0305
vn 0.9991 -0.0286 0.0309
vn 0.9614 -0.2551 0.1032
vn 0.7636 -0.2090 -0.6110
vn 0.6967 0.0424 -0.7161
vn 0.6958 0.0225 -0.7179
vn -0.0132 0.0469 -0.9988
vn -0.0111 0.0836 -0.9964
vn -0.0306 -0.0044 0.9995
vn -0.6844 0.0753 -0.7252
vn 0.7910 -0.0196 -0.6116
vn 0.9936 -0.0217 0.1106
vn 0.9987 0.0048 -0.0502
vn 0.9999 0.0023 -0.0145
vn 0.7214 -0.4300 0.5428
vn 0.9997 -0.0078 0.0242
vn 0.7270 0.2232 -0.6493
vn 0.0114 -0.9998 0.0144
vn 0.2406 -0.9705 0.0151
vn 0.1651 -0.6918 0.7030
vn 0.0076 -0.7089 0.7052
vn 0.0917 0.1099 -0.9897
vn -0.0654 -0.4148 0.9076
vn -0.1965 0.9646 0.1758
vn -0.1611 0.8114 -0.5618
vn -0.0684 -0.9876 0.1414
vn -0.3848 -0.9127 0.1373
vn -0.3179 -0.7530 -0.5762
vn -0.0543 -0.8130 -0.5797
vn 0.6905 0.0328 -0.7226
vn -0.0089 0.0773 -0.9970
vn -0.0329 0.0624 -0.9975
vn 0.6689 0.0697 -0.7401
vn -0.9946 -0.0059 -0.1034
vn -0.7460 -0.5220 0.4136
vn -0.7163 -0.6098 0.3394
vn -0.0215 -0.0292 -0.9993
vn -0.0157 -0.0312 -0.9994
vn -0.3360 -0.6456 -0.6857
vn 0.7007 -0.5968 0.3911
vn 0.9994 0.0170 0.0314
vn 0.6852 -0.0233 0.7280
vn -0.0284 -0.7258 0.6873
vn -0.0125 -0.8554 0.5178
vn 0.6860 -0.0208 0.7273
vn -0.4626 -0.4267 0.7771
vn -0.5820 -0.2040 0.7872
vn -0.7335 -0.6651 0.1399
vn 0.5897 -0.3760 0.7147
vn -0.0113 -0.0119 0.9999
vn -0.4071 -0.5732 0.7111
vn 0.0046 -0.0027 1.0000
vn -0.6994 0.4390 -0.5640
vn -0.6904 0.3163 -0.6506
vn -0.7237 0.0610 -0.6874
vn -0.8354 0.5351 -0.1255
vn -0.9602 0.2528 -0.1185
vn -0.6779 0.0170 -0.7349
vn 0.0384 0.0489 -0.9981
vn 0.0356 0.0198 -0.9992
vn -0.6809 0.0209 -0.7321
vn -0.0315 -0.0249 -0.9992
vn -0.5873 -0.4347 -0.6827
vn -0.9922 -0.1174 -0.0415
vn -0.9972 -0.0693 -0.0278
vn -0.6944 0.0215 -0.7193
vn -0.6840 0.0115 -0.7294
vn -0.7205 -0.1776 0.6703
vn -0.7265 -0.1199 0.6767
vn 0.0345 0.0043 -0.9994
vn 0.9817 0.1895 -0.0163
vn 0.6658 0.1226 -0.7360
vn 0.6934 0.0237 -0.7201
vn 0.9997 0.0202 -0.0155
vn 0.5788 0.5197 0.6284
vn 0.0692 0.0530 0.9962
vn 0.3003 0.7258 0.6188
vn 0.5112 0.5348 -0.6728
vn 0.4113 0.6246 -0.6639
vn 0.3303 -0.7324 0.5954
vn -0.6440 0.5154 0.5654
vn -0.9916 0.1282 0.0149
vn -0.6665 0.3318 0.6676
vn -0.9885 -0.0513 -0.1425
vn -0.7694 -0.3356 0.5435
vn -0.9520 0.2742 0.1361
vn -0.6113 -0.0304 0.7908
vn 0.9988 -0.0483 0.0047
vn -0.4566 -0.8895 0.0169
vn -0.5833 -0.8121 0.0180
vn -0.6974 -0.7165 0.0189
vn -0.8044 -0.5938 0.0194
vn 0.3767 0.9136 -0.1531
vn 0.6400 0.3015 -0.7067
vn -0.0225 0.1334 -0.9908
vn -0.0302 -0.0199 0.9993
vn -0.9997 -0.0078 0.0242
vn -0.9996 -0.0173 0.0205
vn -0.7060 -0.3862 0.5937
vn -0.7042 -0.2347 0.6701
vn 0.6877 0.2924 -0.6645
vn 0.7011 0.4298 -0.5690
vn 0.1687 -0.5987 0.7830
vn 0.6779 -0.0028 0.7352
vn 0.6889 0.1856 0.7007
vn 0.0152 0.3434 0.9391
vn -0.0223 0.0956 0.9952
vn 0.3981 -0.4937 0.7732
vn 0.5549 -0.3293 0.7640
vn 0.1933 -0.7953 0.5745
vn 0.6599 -0.5131 -0.5488
vn 0.9970 -0.0557 -0.0542
vn 0.9982 -0.0519 0.0308
vn 0.7200 0.5777 -0.3845
vn 0.7218 0.5023 -0.4761
vn -0.0089 -0.8254 0.5644
vn -0.0070 -0.7238 0.6900
vn -0.7297 -0.0073 0.6837
vn -0.9993 0.0096 -0.0349
vn -0.9996 0.0267 0.0001
vn 0.6887 -0.0903 0.7194
vn 0.0373 -0.0664 0.9971
vn -0.9996 0.0052 0.0283
vn -0.9994 0.0027 0.0349
vn -0.7382 -0.2072 -0.6419
vn -0.7358 -0.3465 -0.5818
vn 0.5086 -0.4773 0.7166
vn -0.0203 -0.0096 0.9997
vn -0.0167 -0.0108 0.9998
vn 0.4297 -0.5546 0.7126
vn -0.6744 0.0123 -0.7383
vn 0.0382 0.1016 -0.9941
vn 0.7058 0.6181 -0.3461
vn -0.9937 0.0194 -0.1104
vn -0.7702 0.0176 0.6376
vn 0.7640 0.3251 0.5574
vn 0.0592 0.4923 0.8684
vn 0.0595 0.6745 0.7359
vn 0.7596 0.4374 0.4813
vn -0.6113 -0.5486 -0.5704
vn -0.0051 -0.5345 0.8451
vn -0.7166 0.1223 -0.6867
vn -0.7097 0.0900 -0.6987
vn 0.7081 -0.0846 0.7010
vn -0.0000 -0.1190 0.9929
vn -0.7270 0.2232 -0.6493
vn -0.0000 0.3229 -0.9464
vn -0.0000 0.1748 -0.9846
vn -0.0000 0.5362 -0.8441
vn -0.7264 0.3682 -0.5803
vn 0.9996 -0.0177 0.0203
vn 0.7264 0.3679 -0.5805
vn 0.0001 -0.5414 0.8408
vn 0.7060 -0.3864 0.5934
vn -0.0549 -0.5037 -0.8622
vn 0.6571 -0.3743 -0.6543
vn -0.9996 0.0265 0.0074
vn -0.7028 -0.0700 0.7079
vn 0.6963 0.1238 -0.7070
vn 0.6973 0.0708 -0.7133
vn -0.0096 0.1253 -0.9921
vn -0.0074 0.1973 -0.9803
vn 0.9995 -0.0250 -0.0184
vn 0.9994 -0.0216 -0.0253
vn -0.7109 0.1071 -0.6951
vn -0.7070 0.1578 -0.6894
vn 0.9996 -0.0236 -0.0175
vn -0.7019 -0.0419 0.7111
vn 0.0103 -0.0835 0.9965
vn 0.0249 0.1338 -0.9907
vn 0.7191 0.1777 -0.6718
vn 0.7253 0.1320 -0.6756
vn -0.0194 0.0129 -0.9997
vn -0.7176 -0.0061 -0.6965
vn 0.7165 -0.0759 0.6934
vn -0.7018 -0.0222 0.7120
vn 0.0099 -0.0469 0.9989
vn 0.7164 -0.0439 0.6963
vn 0.9997 -0.0151 -0.0165
vn 0.6356 0.3077 0.7081
vn 0.6187 0.2843 -0.7324
vn -0.6793 0.2099 0.7032
vn -0.6670 0.1446 0.7309
vn -0.9985 0.0034 0.0544
vn -0.0026 0.0001 1.0000
vn 0.5702 0.4225 0.7045
vn 0.9042 0.4268 -0.0173
vn 0.8042 0.5940 -0.0187
vn 0.5497 0.4048 -0.7307
vn -0.7318 -0.1804 -0.6572
vn 0.0024 -0.0020 1.0000
vn 0.4974 0.5079 0.7033
vn 0.6973 0.7165 -0.0188
vn 0.4754 0.4918 -0.7295
vn 0.4180 0.5752 0.7031
vn 0.5834 0.8120 -0.0183
vn 0.3965 0.5585 -0.7286
vn 0.3280 0.6297 0.7042
vn 0.4566 0.8895 -0.0176
vn 0.3091 0.6112 -0.7286
vn -0.4887 -0.5052 0.7113
vn 0.2288 0.6718 0.7045
vn 0.3176 0.9481 -0.0169
vn 0.2144 0.6514 -0.7278
vn 0.1688 0.9855 -0.0164
vn 0.1136 0.6761 -0.7280
vn -0.0088 -0.0339 -0.9994
vn 0.7834 0.0724 -0.6173
vn -0.0112 0.9998 -0.0166
vn -0.0065 0.6827 -0.7307
vn 0.0022 -0.0402 -0.9992
vn 0.6706 -0.0880 0.7366
vn -0.0370 -0.0514 0.9980
vn -0.0417 -0.0943 0.9947
vn 0.6821 -0.0764 0.7273
vn -0.1564 0.6593 -0.7354
vn 0.0197 -0.0444 -0.9988
vn -0.0107 -0.0140 0.9998
vn -0.3383 0.6217 0.7065
vn -0.1745 0.6811 0.7111
vn -0.0049 -0.0166 0.9998
vn -0.2394 0.9708 -0.0182
vn -0.4637 0.8858 -0.0208
vn -0.3046 0.6061 -0.7347
vn -0.6280 0.7778 -0.0239
vn -0.4157 0.5373 -0.7338
vn 0.7198 0.4154 0.5563
vn 0.0536 0.6414 0.7653
vn -0.4589 0.5460 0.7009
vn 0.1819 -0.7097 -0.6807
vn 0.3493 -0.6444 -0.6803
vn 0.4635 -0.8859 0.0184
vn -0.0000 0.1287 -0.9917
vn 0.0428 -0.0221 -0.9988
vn 0.0351 -0.0339 -0.9988
vn -0.6842 0.3548 0.6371
vn -0.6798 0.4978 0.5386
vn -0.5428 0.4686 0.6970
vn -0.7431 0.6687 -0.0268
vn -0.4946 0.4650 -0.7342
vn -0.6158 0.3643 0.6986
vn -0.8517 0.5232 -0.0301
vn -0.5659 0.3628 -0.7403
vn -0.7415 0.2017 0.6400
vn -0.6816 0.0232 -0.7313
vn 0.9936 -0.1013 0.0502
vn 0.9963 -0.0723 0.0462
vn 0.7300 0.0524 -0.6815
vn -0.0268 -0.0486 0.9985
vn -0.0203 -0.1002 0.9948
vn 0.6829 -0.0117 0.7304
vn -0.0273 -0.1340 0.9906
vn 0.0177 0.1004 -0.9948
vn 0.7240 0.1200 -0.6793
vn 0.9967 0.0677 0.0442
vn 0.6748 -0.0246 0.7376
vn 0.9922 0.1174 0.0411
vn 0.9997 -0.0108 0.0232
vn 0.8512 -0.5239 0.0302
vn 0.7429 -0.6689 0.0259
vn 0.3179 -0.6315 0.7072
vn -0.0020 0.4164 -0.9092
vn -0.9968 -0.0601 0.0520
vn -0.6692 -0.0823 0.7385
vn -0.7363 0.6602 0.1483
vn 0.4707 -0.5619 -0.6802
vn 0.6276 -0.7782 0.0223
vn 0.0018 -0.6183 0.7859
vn -0.6164 -0.1137 -0.7792
vn -0.6177 -0.0007 -0.7864
vn 0.0095 -0.7293 -0.6841
vn -0.0310 0.1907 -0.9812
vn -0.0341 0.1826 -0.9826
vn 0.7498 0.1385 0.6470
vn 0.0587 0.2009 0.9779
vn 0.0597 0.2924 0.9544
vn 0.7611 0.1979 0.6177
vn -0.7851 0.2312 -0.5746
vn -0.6006 0.5678 -0.5629
vn -0.0392 -0.1017 0.9940
vn -0.6055 -0.2937 0.7397
vn -0.5077 -0.5314 0.6781
vn -0.7261 0.0021 -0.6876
vn 0.0015 0.6071 -0.7946
vn -0.9548 -0.2966 0.0203
vn -0.6822 -0.0987 -0.7245
vn -0.6378 0.2537 -0.7272
vn -0.4519 -0.6361 0.6255
vn -0.6705 0.5046 -0.5439
vn 0.9966 -0.0141 -0.0812
vn 0.9964 -0.0346 -0.0773
vn -0.5912 0.7945 -0.1384
vn -0.7453 -0.1394 -0.6520
vn 0.1250 -0.5471 -0.8277
vn 0.9946 -0.0793 0.0673
vn 0.1650 -0.2904 0.9426
vn 0.9979 -0.0054 -0.0642
vn 0.1668 -0.7966 0.5810
vn -0.5669 -0.4171 0.7104
vn 0.7105 -0.4721 0.5218
vn 0.9971 0.0671 0.0369
vn 0.2103 -0.9615 -0.1768
vt 0.249433 0.457699
vt 0.248698 0.460081
vt 0.246384 0.459630
vt 0.246980 0.456816
vt 0.458563 0.684502
vt 0.459923 0.686678
vt 0.455654 0.689071
vt 0.454013 0.687295
vt 0.531579 0.576641
vt 0.531946 0.576647
vt 0.531608 0.581493
vt 0.531136 0.581528
vt 0.302280 0.355919
vt 0.301903 0.356904
vt 0.296984 0.352657
vt 0.297587 0.352004
vt 0.071417 0.124866
vt 0.072911 0.129983
vt 0.072422 0.130172
vt 0.070889 0.124942
vt 0.065150 0.077519
vt 0.064436 0.071142
vt 0.066115 0.070763
vt 0.067527 0.077415
vt 0.444161 0.478761
vt 0.438306 0.479223
vt 0.438149 0.475998
vt 0.444426 0.475607
vt 0.920775 0.671148
vt 0.917327 0.672312
vt 0.914283 0.661411
vt 0.918010 0.659655
vt 0.072163 0.065829
vt 0.070436 0.065327
vt 0.071725 0.061743
vt 0.073236 0.062438
vt 0.416158 0.092549
vt 0.424461 0.099263
vt 0.421936 0.101863
vt 0.413705 0.095498
vt 0.155180 0.277676
vt 0.158899 0.275797
vt 0.161892 0.286753
vt 0.158478 0.288006
vt 0.219641 0.416095
vt 0.212791 0.414889
vt 0.219913 0.390743
vt 0.228382 0.392390
vt 0.645632 0.522504
vt 0.637665 0.512632
vt 0.640399 0.510440
vt 0.648867 0.520418
vt 0.677840 0.621038
vt 0.678910 0.622515
vt 0.677123 0.623731
vt 0.675998 0.622097
vt 0.522502 0.131403
vt 0.523998 0.130771
vt 0.525386 0.136037
vt 0.523777 0.136231
vt 0.204368 0.525504
vt 0.202870 0.521798
vt 0.203400 0.521515
vt 0.205020 0.525316
vt 0.873074 0.942634
vt 0.873438 0.983176
vt 0.868225 0.982672
vt 0.866044 0.942629
vt 0.760710 0.740828
vt 0.760352 0.725646
vt 0.767859 0.725828
vt 0.768310 0.741165
vt 0.907539 0.666179
vt 0.904595 0.669133
vt 0.904353 0.668916
vt 0.907322 0.665936
vt 0.607286 0.491269
vt 0.462942 0.492117
vt 0.462902 0.489726
vt 0.607507 0.488994
vt 0.429097 0.353113
vt 0.424988 0.354309
vt 0.424866 0.354011
vt 0.429063 0.352785
vt 0.141297 0.293031
vt 0.139681 0.296847
vt 0.139373 0.296733
vt 0.141002 0.292887
vt 0.427553 0.486231
vt 0.428813 0.483838
vt 0.430219 0.484727
vt 0.428814 0.487191
vt 0.211017 0.247617
vt 0.212740 0.246264
vt 0.219539 0.255142
vt 0.217645 0.256718
vt 0.939399 0.584174
vt 0.936429 0.587752
vt 0.933753 0.585780
vt 0.937016 0.581768
vt 0.465175 0.687604
vt 0.465982 0.690010
vt 0.462362 0.691023
vt 0.461204 0.688869
vt 0.342101 0.397362
vt 0.331525 0.395528
vt 0.337958 0.371423
vt 0.349282 0.373906
vt 0.928591 0.588519
vt 0.926400 0.589959
vt 0.924768 0.588143
vt 0.927243 0.586199
vt 0.241918 0.765765
vt 0.237333 0.761678
vt 0.241713 0.758304
vt 0.245218 0.762514
vt 0.253182 0.533046
vt 0.250715 0.540597
vt 0.248237 0.539548
vt 0.250595 0.532405
vt 0.255249 0.533681
vt 0.252268 0.541563
vt 0.677329 0.577467
vt 0.675403 0.577512
vt 0.673872 0.565241
vt 0.675790 0.564918
vt 0.115443 0.596524
vt 0.113940 0.606665
vt 0.074157 0.606356
vt 0.072786 0.596206
vt 0.078286 0.053845
vt 0.120066 0.054596
vt 0.120289 0.057280
vt 0.077967 0.056529
vt 0.240825 0.500211
vt 0.237783 0.497311
vt 0.237978 0.497060
vt 0.241064 0.500004
vt 0.725731 0.726404
vt 0.719855 0.726595
vt 0.719949 0.711122
vt 0.725744 0.711045
vt 0.215442 0.243821
vt 0.210674 0.243762
vt 0.213010 0.241521
vt 0.417393 0.393193
vt 0.420717 0.395823
vt 0.420520 0.396106
vt 0.417169 0.393436
vt 0.964938 0.688393
vt 0.966848 0.691462
vt 0.966565 0.691625
vt 0.964668 0.688575
vt 0.263867 0.935383
vt 0.263895 0.935059
vt 0.269086 0.935477
vt 0.269064 0.935801
vt 0.908617 0.448663
vt 0.897756 0.440029
vt 0.899751 0.437922
vt 0.910133 0.446632
vt 0.570118 0.756763
vt 0.570037 0.808827
vt 0.564362 0.808827
vt 0.564400 0.756576
vt 0.207990 0.239035
vt 0.244405 0.110108
vt 0.244849 0.110274
vt 0.208186 0.239066
vt 0.253011 0.490866
vt 0.250382 0.491044
vt 0.248625 0.464640
vt 0.251062 0.464213
vt 0.073091 0.136189
vt 0.074942 0.134947
vt 0.078333 0.139144
vt 0.076760 0.140707
vt 0.616847 0.072536
vt 0.618842 0.081779
vt 0.569400 0.074600
vt 0.570238 0.071582
vt 0.677573 0.616363
vt 0.679771 0.619985
vt 0.675379 0.617005
vt 0.716349 0.826692
vt 0.723907 0.826166
vt 0.722959 0.836386
vt 0.718722 0.837029
vt 0.117761 0.006165
vt 0.118397 0.012907
vt 0.109360 0.012001
vt 0.109060 0.004572
vt 0.403243 0.047023
vt 0.391164 0.040560
vt 0.392482 0.037624
vt 0.405007 0.044137
vt 0.668536 0.562744
vt 0.670401 0.577649
vt 0.664877 0.577776
vt 0.663234 0.563745
vt 0.303494 0.032179
vt 0.301533 0.029142
vt 0.312805 0.022376
vt 0.314672 0.025463
vt 0.654648 0.552172
vt 0.658170 0.564663
vt 0.653278 0.565517
vt 0.650054 0.553660
vt 0.629880 0.487744
vt 0.622992 0.485560
vt 0.623597 0.483237
vt 0.630681 0.485378
vt 0.923246 0.240049
vt 0.921465 0.249480
vt 0.919637 0.249164
vt 0.921121 0.239692
vt 0.970398 0.697780
vt 0.971825 0.701107
vt 0.971525 0.701230
vt 0.970103 0.697915
vt 0.462842 0.485043
vt 0.462886 0.481815
vt 0.608545 0.482226
vt 0.608124 0.484497
vt 0.004080 0.248165
vt 0.004043 0.244052
vt 0.153323 0.245231
vt 0.153242 0.249380
vt 0.186518 0.384130
vt 0.186392 0.388107
vt 0.038414 0.387281
vt 0.038339 0.383126
vt 0.308324 0.340079
vt 0.296122 0.336855
vt 0.302032 0.314784
vt 0.314361 0.318049
vt 0.200263 0.444535
vt 0.198559 0.447176
vt 0.195379 0.444757
vt 0.197210 0.442325
vt 0.307597 0.524245
vt 0.306440 0.523096
vt 0.309573 0.520640
vt 0.310397 0.521658
vt 0.419971 0.446667
vt 0.410969 0.446218
vt 0.411013 0.443482
vt 0.420294 0.443940
vt 0.320784 0.933557
vt 0.315656 0.933653
vt 0.315644 0.933328
vt 0.320784 0.933232
vt 0.247881 0.111223
vt 0.247463 0.105112
vt 0.250113 0.106196
vt 0.330534 0.188187
vt 0.330927 0.187082
vt 0.335469 0.188832
vt 0.335206 0.189859
vt 0.227219 0.537389
vt 0.227098 0.536870
vt 0.231274 0.535886
vt 0.231469 0.536440
vt 0.417329 0.358111
vt 0.420639 0.355503
vt 0.421002 0.355978
vt 0.417573 0.358624
vt 0.217286 0.535520
vt 0.221244 0.536503
vt 0.221192 0.536820
vt 0.217181 0.535820
vt 0.366504 0.462292
vt 0.368463 0.465058
vt 0.358453 0.470188
vt 0.357325 0.467024
vt 0.454483 0.162117
vt 0.454120 0.167917
vt 0.450991 0.167204
vt 0.451635 0.161702
vt 0.125450 0.120374
vt 0.125938 0.120394
vt 0.125100 0.125746
vt 0.124562 0.125653
vt 0.443501 0.513520
vt 0.443330 0.501185
vt 0.529571 0.499947
vt 0.533388 0.511121
vt 0.522154 0.141022
vt 0.520616 0.140851
vt 0.520730 0.136605
vt 0.522209 0.136424
vt 0.448407 0.358472
vt 0.448609 0.358204
vt 0.452815 0.363173
vt 0.452549 0.363374
vt 0.945788 0.672321
vt 0.942339 0.671154
vt 0.947936 0.660937
vt 0.951617 0.663095
vt 0.248443 0.462382
vt 0.250911 0.462513
vt 0.481122 0.934189
vt 0.475525 0.936041
vt 0.474555 0.890762
vt 0.480231 0.890762
vt 0.681675 0.524131
vt 0.680092 0.523188
vt 0.681777 0.520683
vt 0.683212 0.521449
vt 0.417794 0.890762
vt 0.416825 0.936041
vt 0.411228 0.934189
vt 0.412118 0.890762
vt 0.629087 0.490008
vt 0.636896 0.490251
vt 0.635691 0.493240
vt 0.522486 0.125048
vt 0.521208 0.126080
vt 0.517284 0.122314
vt 0.518221 0.121006
vt 0.348036 0.532314
vt 0.333600 0.532325
vt 0.334439 0.527250
vt 0.348296 0.526243
vt 0.275725 0.598816
vt 0.274879 0.614866
vt 0.226120 0.607378
vt 0.227051 0.593221
vt 0.205896 0.569623
vt 0.206042 0.565687
vt 0.213580 0.565465
vt 0.214059 0.569327
vt 0.376681 0.607872
vt 0.376078 0.621471
vt 0.349298 0.619479
vt 0.350094 0.605158
vt 0.233051 0.555600
vt 0.238242 0.550622
vt 0.240227 0.552398
vt 0.234709 0.557692
vt 0.407271 0.317944
vt 0.394002 0.317294
vt 0.400498 0.296822
vt 0.413031 0.300426
vt 0.525506 0.130136
vt 0.527004 0.135852
vt 0.793953 0.880446
vt 0.775882 0.894121
vt 0.771354 0.886173
vt 0.788876 0.872145
vt 0.584773 0.152589
vt 0.575639 0.156020
vt 0.574914 0.154579
vt 0.584371 0.151024
vt 0.936951 0.463797
vt 0.939297 0.501085
vt 0.932788 0.501902
vt 0.929689 0.462348
vt 0.076251 0.011403
vt 0.075605 0.018536
vt 0.073097 0.018383
vt 0.073655 0.011095
vt 0.479944 0.072289
vt 0.480349 0.070815
vt 0.483087 0.072176
vt 0.482235 0.073605
vt 0.704669 0.916169
vt 0.704123 0.919255
vt 0.652796 0.917214
vt 0.654801 0.904710
vt 0.620825 0.667369
vt 0.622136 0.669030
vt 0.614755 0.671290
vt 0.614228 0.669049
vt 0.805937 0.936857
vt 0.782091 0.940060
vt 0.783135 0.930266
vt 0.806142 0.927134
vt 0.074213 0.054198
vt 0.074212 0.055947
vt 0.072871 0.055764
vt 0.072871 0.054442
vt 0.475535 0.077372
vt 0.479635 0.077310
vt 0.476871 0.084566
vt 0.473563 0.083434
vt 0.889340 0.255559
vt 0.893558 0.255730
vt 0.892330 0.277770
vt 0.888094 0.277392
vt 0.349213 0.633357
vt 0.375800 0.635091
vt 0.334985 0.422514
vt 0.325548 0.421327
vt 0.270189 0.283483
vt 0.257493 0.280051
vt 0.264273 0.259205
vt 0.276684 0.262746
vt 0.761283 0.756095
vt 0.768958 0.756603
vt 0.880085 0.942638
vt 0.878645 0.983678
vt 0.783308 0.611961
vt 0.789727 0.612988
vt 0.787660 0.628320
vt 0.781356 0.627641
vt 0.401766 0.444045
vt 0.392635 0.445636
vt 0.392086 0.442919
vt 0.401812 0.441472
vt 0.120698 0.513331
vt 0.120183 0.508286
vt 0.120511 0.508206
vt 0.121066 0.513331
vt 0.247295 0.276751
vt 0.251872 0.255533
vt 0.670979 0.553366
vt 0.672870 0.552821
vt 0.211728 0.421714
vt 0.210163 0.425443
vt 0.204765 0.420685
vt 0.207435 0.417904
vt 0.324639 0.504462
vt 0.323919 0.503949
vt 0.326753 0.499317
vt 0.328101 0.500069
vt 0.248381 0.985670
vt 0.248261 0.933981
vt 0.253444 0.934394
vt 0.253556 0.985665
vt 0.626899 0.648100
vt 0.631319 0.637296
vt 0.632825 0.637935
vt 0.629072 0.649003
vt 0.464206 0.694906
vt 0.463367 0.693065
vt 0.466676 0.692267
vt 0.467219 0.694298
vt 0.437202 0.476100
vt 0.437181 0.472745
vt 0.438560 0.472695
vt 0.764602 0.804134
vt 0.773211 0.804751
vt 0.768164 0.821802
vt 0.766948 0.821718
vt 0.440320 0.446339
vt 0.442413 0.444106
vt 0.444561 0.446547
vt 0.441704 0.448768
vt 0.649120 0.500033
vt 0.647667 0.502471
vt 0.641713 0.497416
vt 0.642412 0.496222
vt 0.641929 0.531951
vt 0.645436 0.530001
vt 0.649549 0.540971
vt 0.645364 0.542858
vt 0.334164 0.071105
vt 0.334787 0.075522
vt 0.323857 0.075786
vt 0.323317 0.071855
vt 0.253805 0.462718
vt 0.253750 0.463770
vt 0.250907 0.112132
vt 0.253700 0.105379
vt 0.222854 0.536676
vt 0.222839 0.537001
vt 0.604210 0.151794
vt 0.604471 0.150203
vt 0.647047 0.157661
vt 0.646955 0.159283
vt 0.345193 0.883548
vt 0.342989 0.882451
vt 0.345106 0.879489
vt 0.347029 0.880475
vt 0.433319 0.352722
vt 0.433314 0.352399
vt 0.437604 0.352796
vt 0.437553 0.353123
vt 0.914648 0.293554
vt 0.915358 0.293708
vt 0.914588 0.297310
vt 0.913906 0.297155
vt 0.940717 0.028131
vt 0.944956 0.027771
vt 0.946163 0.049814
vt 0.941944 0.049972
vt 0.937334 0.186996
vt 0.940514 0.187411
vt 0.938168 0.203327
vt 0.935238 0.202840
vt 0.927430 0.240986
vt 0.930107 0.230089
vt 0.932386 0.230691
vt 0.929363 0.241522
vt 0.863611 0.056712
vt 0.865320 0.056530
vt 0.866542 0.066047
vt 0.864558 0.066244
vt 0.938363 0.006882
vt 0.942384 0.005818
vt 0.869966 0.039808
vt 0.871926 0.046704
vt 0.870493 0.047111
vt 0.868720 0.040156
vt 0.914540 0.264070
vt 0.915822 0.264213
vt 0.914982 0.270411
vt 0.913861 0.270278
vt 0.940498 0.151890
vt 0.944077 0.152157
vt 0.942483 0.170301
vt 0.939089 0.169957
vt 0.915443 0.289785
vt 0.916188 0.289951
vt 0.165421 0.857381
vt 0.165295 0.856420
vt 0.180249 0.856418
vt 0.180123 0.857379
vt 0.928847 0.251437
vt 0.930431 0.251983
vt 0.927650 0.259747
vt 0.926284 0.259283
vt 0.908649 0.296278
vt 0.909179 0.292623
vt 0.909936 0.292730
vt 0.909387 0.296381
vt 0.861130 0.004568
vt 0.861966 0.008044
vt 0.861283 0.008200
vt 0.860501 0.004803
vt 0.858254 0.012505
vt 0.858974 0.012391
vt 0.859613 0.016203
vt 0.858854 0.016318
vt 0.921370 0.168903
vt 0.921812 0.151106
vt 0.925327 0.151173
vt 0.924704 0.169004
vt 0.868289 0.033784
vt 0.867195 0.034082
vt 0.935446 0.217843
vt 0.932811 0.217286
vt 0.863593 0.015416
vt 0.864534 0.019405
vt 0.863734 0.019599
vt 0.862846 0.015586
vt 0.857170 0.005317
vt 0.857842 0.005307
vt 0.858356 0.008756
vt 0.857662 0.008859
vt 0.919862 0.378716
vt 0.924831 0.380050
vt 0.923571 0.389593
vt 0.916174 0.387609
vt 0.901784 0.871584
vt 0.905614 0.864945
vt 0.913269 0.870817
vt 0.910697 0.875274
vt 0.907875 0.357927
vt 0.907872 0.363073
vt 0.898329 0.364324
vt 0.898333 0.356666
vt 0.913273 0.894816
vt 0.916911 0.898455
vt 0.911038 0.906108
vt 0.905620 0.900689
vt 0.938628 0.387614
vt 0.945261 0.383786
vt 0.945622 0.384257
vt 0.938855 0.388163
vt 0.899802 0.878987
vt 0.909367 0.880244
vt 0.909368 0.885390
vt 0.899804 0.886650
vt 0.911783 0.348502
vt 0.909209 0.352957
vt 0.900318 0.349270
vt 0.904150 0.342640
vt 0.956494 0.364347
vt 0.956498 0.356689
vt 0.957087 0.356612
vt 0.957082 0.364425
vt 0.956026 0.871582
vt 0.947114 0.875274
vt 0.944541 0.870818
vt 0.952194 0.864945
vt 0.911032 0.859525
vt 0.917669 0.855692
vt 0.921362 0.864605
vt 0.916907 0.867178
vt 0.919880 0.342293
vt 0.915423 0.344864
vt 0.909566 0.337227
vt 0.916199 0.333399
vt 0.909201 0.368044
vt 0.900306 0.371723
vt 0.897744 0.356589
vt 0.897740 0.364402
vt 0.925072 0.853708
vt 0.926332 0.863274
vt 0.929976 0.380051
vt 0.931230 0.389595
vt 0.932742 0.911926
vt 0.931482 0.902361
vt 0.936452 0.901029
vt 0.940145 0.909943
vt 0.956030 0.894051
vt 0.947117 0.890361
vt 0.948447 0.885390
vt 0.958012 0.886647
vt 0.925078 0.911926
vt 0.926337 0.902361
vt 0.916859 0.911911
vt 0.917320 0.910798
vt 0.924957 0.912846
vt 0.924800 0.914040
vt 0.903922 0.863647
vt 0.904878 0.864381
vt 0.900927 0.871229
vt 0.899814 0.870768
vt 0.960124 0.878705
vt 0.958930 0.878863
vt 0.956882 0.871227
vt 0.957995 0.870766
vt 0.932863 0.912847
vt 0.933021 0.914042
vt 0.898883 0.878865
vt 0.897689 0.878708
vt 0.952930 0.864380
vt 0.953885 0.863647
vt 0.940500 0.910801
vt 0.940962 0.911915
vt 0.898884 0.886771
vt 0.897690 0.886928
vt 0.947340 0.858790
vt 0.948073 0.857834
vt 0.947347 0.906846
vt 0.948081 0.907802
vt 0.952936 0.901254
vt 0.953892 0.901987
vt 0.899818 0.894868
vt 0.900931 0.894407
vt 0.904884 0.901254
vt 0.903929 0.901987
vt 0.940955 0.853724
vt 0.940494 0.854836
vt 0.932857 0.852789
vt 0.933015 0.851595
vt 0.956887 0.894406
vt 0.958000 0.894866
vt 0.910474 0.906844
vt 0.909741 0.907800
vt 0.924951 0.852788
vt 0.924793 0.851593
vt 0.917314 0.854834
vt 0.916853 0.853720
vt 0.958931 0.886769
vt 0.960126 0.886926
vt 0.956558 0.894269
vt 0.958579 0.886722
vt 0.909734 0.857832
vt 0.910467 0.858788
vt 0.982117 0.353333
vt 0.959790 0.356257
vt 0.957589 0.348022
vt 0.978402 0.339419
vt 0.957575 0.373015
vt 0.959785 0.364782
vt 0.982107 0.367733
vt 0.978373 0.381639
vt 0.939897 0.390682
vt 0.939452 0.389605
vt 0.946571 0.385496
vt 0.947281 0.386421
vt 0.894869 0.927173
vt 0.884553 0.916852
vt 0.903234 0.902520
vt 0.909208 0.908495
vt 0.923166 0.752404
vt 0.921958 0.756920
vt 0.884245 0.751973
vt 0.888018 0.737865
vt 0.961146 0.810924
vt 0.946574 0.775791
vt 0.950621 0.773451
vt 0.973790 0.803616
vt 0.921608 0.827367
vt 0.924679 0.850724
vt 0.916517 0.852910
vt 0.907498 0.831141
vt 0.958804 0.870431
vt 0.954580 0.863114
vt 0.138930 0.957316
vt 0.163466 0.925341
vt 0.166922 0.927336
vt 0.151498 0.964573
vt 0.953310 0.380395
vt 0.971170 0.394107
vt 0.973281 0.916852
vt 0.962964 0.927184
vt 0.948614 0.908498
vt 0.954587 0.902521
vt 0.151498 0.861852
vt 0.166922 0.899089
vt 0.163467 0.901084
vt 0.138930 0.869109
vt 0.925511 0.770158
vt 0.928818 0.773462
vt 0.905678 0.803648
vt 0.895346 0.793327
vt 0.876453 0.339374
vt 0.872719 0.353280
vt 0.871120 0.353069
vt 0.874963 0.338756
vt 0.121413 0.934486
vt 0.158649 0.919063
vt 0.160645 0.922519
vt 0.128668 0.947054
vt 0.928805 0.745048
vt 0.925501 0.748355
vt 0.895314 0.725214
vt 0.905636 0.714883
vt 0.227888 0.920468
vt 0.187928 0.915208
vt 0.187928 0.911217
vt 0.227888 0.905956
vt 0.920193 0.415224
vt 0.923136 0.392886
vt 0.931662 0.392888
vt 0.934601 0.415220
vt 0.925056 0.250298
vt 0.926712 0.250765
vt 0.914224 0.275867
vt 0.913229 0.275744
vt 0.867869 0.077078
vt 0.869193 0.089785
vt 0.866598 0.089984
vt 0.865583 0.077289
vt 0.921654 0.092856
vt 0.921020 0.072153
vt 0.925057 0.071999
vt 0.925588 0.092758
vt 0.870340 0.276170
vt 0.869310 0.297100
vt 0.865286 0.297402
vt 0.866203 0.275975
vt 0.918044 0.228178
vt 0.920329 0.228386
vt 0.919023 0.239415
vt 0.917047 0.239214
vt 0.941567 0.132911
vt 0.945311 0.133106
vt 0.862040 0.011807
vt 0.862752 0.011653
vt 0.891632 0.153369
vt 0.892832 0.172419
vt 0.889086 0.172617
vt 0.888050 0.153632
vt 0.894086 0.212829
vt 0.894085 0.234014
vt 0.889952 0.233969
vt 0.890066 0.212875
vt 0.920750 0.185680
vt 0.923871 0.185815
vt 0.884914 0.118498
vt 0.888096 0.118092
vt 0.890039 0.135212
vt 0.886644 0.135546
vt 0.917927 0.008105
vt 0.921949 0.008411
vt 0.922960 0.029335
vt 0.918823 0.029527
vt 0.869341 0.154396
vt 0.872858 0.154331
vt 0.873213 0.173064
vt 0.869539 0.173080
vt 0.870405 0.104041
vt 0.871435 0.119666
vt 0.868318 0.119815
vt 0.867532 0.104215
vt 0.873274 0.192567
vt 0.869461 0.192531
vt 0.922011 0.132421
vt 0.925687 0.132441
vt 0.942271 0.113136
vt 0.946161 0.113266
vt 0.893656 0.192270
vt 0.889764 0.192395
vt 0.917829 0.248917
vt 0.916122 0.248739
vt 0.925287 0.266478
vt 0.924098 0.266083
vt 0.910127 0.284788
vt 0.910984 0.284881
vt 0.910476 0.288928
vt 0.909679 0.288827
vt 0.912379 0.238943
vt 0.914471 0.239032
vt 0.913899 0.248573
vt 0.912093 0.248487
vt 0.224798 0.891663
vt 0.225693 0.891292
vt 0.229563 0.905735
vt 0.228602 0.905862
vt 0.207053 0.957888
vt 0.207643 0.958656
vt 0.194694 0.966134
vt 0.194323 0.965238
vt 0.151222 0.965239
vt 0.150851 0.966134
vt 0.137902 0.958657
vt 0.138491 0.957888
vt 0.165422 0.969045
vt 0.180123 0.969044
vt 0.180250 0.970005
vt 0.165295 0.970007
vt 0.120747 0.934762
vt 0.119852 0.935133
vt 0.115982 0.920689
vt 0.116942 0.920563
vt 0.116942 0.905862
vt 0.115982 0.905736
vt 0.228602 0.920562
vt 0.229563 0.920689
vt 0.225693 0.935132
vt 0.224798 0.934762
vt 0.207054 0.868536
vt 0.194323 0.861185
vt 0.194693 0.860290
vt 0.207643 0.867768
vt 0.217448 0.947493
vt 0.218217 0.948083
vt 0.735714 0.922232
vt 0.735671 0.919081
vt 0.781808 0.911492
vt 0.783038 0.920741
vt 0.120747 0.891663
vt 0.119852 0.891292
vt 0.128097 0.947493
vt 0.127328 0.948083
vt 0.217448 0.878931
vt 0.218217 0.878342
vt 0.128097 0.878932
vt 0.127328 0.878342
vt 0.151222 0.861186
vt 0.150851 0.860291
vt 0.138491 0.868537
vt 0.137901 0.867768
vt 0.920034 0.050977
vt 0.924149 0.050776
vt 0.865609 0.023719
vt 0.864735 0.023939
vt 0.866854 0.028470
vt 0.865883 0.028725
vt 0.912432 0.093137
vt 0.916557 0.092998
vt 0.917035 0.113044
vt 0.913035 0.113128
vt 0.911515 0.263849
vt 0.912871 0.263929
vt 0.912399 0.270145
vt 0.911211 0.270065
vt 0.913562 0.151060
vt 0.917253 0.151062
vt 0.917051 0.168813
vt 0.913551 0.168778
vt 0.860918 0.173023
vt 0.864775 0.173066
vt 0.864522 0.192454
vt 0.860522 0.192363
vt 0.951234 0.113459
vt 0.955048 0.113628
vt 0.953866 0.133649
vt 0.950195 0.133402
vt 0.916705 0.185551
vt 0.913427 0.185493
vt 0.910886 0.275532
vt 0.911936 0.275615
vt 0.951862 0.092797
vt 0.955805 0.092885
vt 0.916234 0.201109
vt 0.913213 0.201034
vt 0.910367 0.051508
vt 0.914693 0.051262
vt 0.915786 0.072373
vt 0.911551 0.072573
vt 0.912669 0.227892
vt 0.915078 0.227984
vt 0.918439 0.276670
vt 0.919741 0.271321
vt 0.920832 0.271611
vt 0.919407 0.276920
vt 0.915687 0.215314
vt 0.912958 0.215227
vt 0.910526 0.280396
vt 0.911467 0.280482
vt 0.911807 0.256720
vt 0.913368 0.256801
vt 0.913394 0.132467
vt 0.917250 0.132429
vt 0.906851 0.829580
vt 0.907160 0.830327
vt 0.894318 0.837757
vt 0.893829 0.837121
vt 0.934845 0.304188
vt 0.920015 0.304192
vt 0.919910 0.303397
vt 0.934949 0.303393
vt 0.871109 0.367889
vt 0.870315 0.367993
vt 0.870325 0.352964
vt 0.982121 0.904846
vt 0.981380 0.904539
vt 0.985209 0.890219
vt 0.986004 0.890323
vt 0.974591 0.847761
vt 0.973955 0.848249
vt 0.963477 0.837767
vt 0.963965 0.837131
vt 0.974613 0.917872
vt 0.973976 0.917384
vt 0.985998 0.875293
vt 0.985203 0.875398
vt 0.981365 0.861084
vt 0.982105 0.860777
vt 0.949132 0.412981
vt 0.961969 0.405568
vt 0.962457 0.406204
vt 0.949439 0.413721
vt 0.963986 0.928513
vt 0.950996 0.936052
vt 0.950655 0.935313
vt 0.963498 0.927878
vt 0.950933 0.936066
vt 0.936422 0.939931
vt 0.936319 0.939136
vt 0.874192 0.382517
vt 0.874933 0.382211
vt 0.882333 0.395058
vt 0.881696 0.395546
vt 0.972450 0.395089
vt 0.979863 0.382257
vt 0.980604 0.382564
vt 0.973085 0.395577
vt 0.942599 0.092665
vt 0.942530 0.071571
vt 0.946661 0.071524
vt 0.946617 0.092710
vt 0.947118 0.702801
vt 0.961475 0.706641
vt 0.961098 0.707554
vt 0.946989 0.703781
vt 0.932309 0.815697
vt 0.917951 0.811858
vt 0.918329 0.810945
vt 0.932437 0.814718
vt 0.992321 0.781011
vt 0.984896 0.793886
vt 0.984112 0.793285
vt 0.991408 0.780634
vt 0.932385 0.703788
vt 0.932256 0.702808
vt 0.947041 0.814711
vt 0.947171 0.815691
vt 0.995182 0.766525
vt 0.996161 0.766654
vt 0.984864 0.724571
vt 0.992301 0.737438
vt 0.991388 0.737816
vt 0.984080 0.725172
vt 0.905077 0.804433
vt 0.894563 0.793928
vt 0.883265 0.751845
vt 0.887105 0.737487
vt 0.974392 0.804400
vt 0.961525 0.811837
vt 0.905034 0.714099
vt 0.894530 0.724613
vt 0.917902 0.706662
vt 0.918280 0.707574
vt 0.884252 0.766578
vt 0.883272 0.766707
vt 0.888038 0.780683
vt 0.887126 0.781061
vt 0.974350 0.714066
vt 0.973749 0.714850
vt 0.995175 0.751921
vt 0.996154 0.751792
vt 0.913135 0.300546
vt 0.912485 0.300350
vt 0.913184 0.297002
vt 0.917376 0.270796
vt 0.916172 0.270584
vt 0.917181 0.264406
vt 0.918555 0.264647
vt 0.861886 0.024521
vt 0.861129 0.020122
vt 0.862006 0.019962
vt 0.862846 0.024348
vt 0.885821 0.212886
vt 0.885652 0.192491
vt 0.864845 0.028968
vt 0.863802 0.024152
vt 0.937607 0.132736
vt 0.933596 0.132600
vt 0.933997 0.112970
vt 0.938160 0.113036
vt 0.915423 0.281045
vt 0.914594 0.285422
vt 0.913718 0.285265
vt 0.914464 0.280874
vt 0.862713 0.029379
vt 0.861658 0.029539
vt 0.860940 0.024669
vt 0.881613 0.297820
vt 0.883653 0.277029
vt 0.885720 0.298646
vt 0.873419 0.297049
vt 0.874718 0.276415
vt 0.879175 0.276698
vt 0.877517 0.297279
vt 0.881117 0.172916
vt 0.877123 0.173006
vt 0.876603 0.154222
vt 0.880425 0.154068
vt 0.872256 0.136483
vt 0.875804 0.136328
vt 0.916342 0.276213
vt 0.915275 0.276025
vt 0.870781 0.055572
vt 0.868961 0.055957
vt 0.867387 0.047820
vt 0.868960 0.047487
vt 0.936714 0.151644
vt 0.880376 0.088181
vt 0.877591 0.088691
vt 0.875225 0.075913
vt 0.877646 0.075362
vt 0.881487 0.192550
vt 0.877337 0.192575
vt 0.919921 0.264932
vt 0.919909 0.257604
vt 0.921479 0.257934
vt 0.913519 0.280729
vt 0.866020 0.040768
vt 0.864644 0.041012
vt 0.863621 0.034828
vt 0.864827 0.034613
vt 0.936275 0.028497
vt 0.931797 0.028824
vt 0.930158 0.008241
vt 0.934252 0.007703
vt 0.914647 0.289617
vt 0.915465 0.285595
vt 0.916318 0.285781
vt 0.912349 0.293111
vt 0.911589 0.292982
vt 0.912216 0.289179
vt 0.913019 0.289311
vt 0.932883 0.151443
vt 0.859824 0.008502
vt 0.859190 0.005153
vt 0.859850 0.005002
vt 0.860560 0.008356
vt 0.927340 0.029104
vt 0.926062 0.008467
vt 0.867387 0.040480
vt 0.866026 0.034363
vt 0.938167 0.071645
vt 0.938355 0.092647
vt 0.934057 0.092657
vt 0.933751 0.071743
vt 0.878149 0.119199
vt 0.874758 0.119465
vt 0.873462 0.103793
vt 0.876585 0.103474
vt 0.884262 0.153870
vt 0.883057 0.135854
vt 0.885127 0.172786
vt 0.870765 0.065399
vt 0.868637 0.065761
vt 0.867129 0.056277
vt 0.929850 0.112938
vt 0.925790 0.112935
vt 0.929778 0.092696
vt 0.929357 0.071863
vt 0.928529 0.050569
vt 0.933002 0.050361
vt 0.862880 0.019787
vt 0.862048 0.015756
vt 0.861283 0.011965
vt 0.933977 0.186621
vt 0.935502 0.169647
vt 0.929067 0.151285
vt 0.928250 0.169166
vt 0.930026 0.216774
vt 0.927207 0.216335
vt 0.929011 0.202008
vt 0.932144 0.202394
vt 0.912449 0.296858
vt 0.911826 0.300201
vt 0.911158 0.300103
vt 0.911712 0.296728
vt 0.864242 0.048321
vt 0.865805 0.048099
vt 0.925890 0.201690
vt 0.922834 0.201439
vt 0.927188 0.186026
vt 0.863781 0.029188
vt 0.879424 0.136117
vt 0.918573 0.271044
vt 0.921253 0.265255
vt 0.937497 0.050161
vt 0.859086 0.008635
vt 0.859736 0.012259
vt 0.924396 0.215975
vt 0.874766 0.089134
vt 0.872758 0.076387
vt 0.912855 0.285128
vt 0.862431 0.035005
vt 0.872883 0.064961
vt 0.930576 0.186294
vt 0.931869 0.169381
vt 0.917309 0.281447
vt 0.916377 0.281238
vt 0.917403 0.276431
vt 0.881552 0.118875
vt 0.925218 0.229068
vt 0.922754 0.228683
vt 0.913834 0.289458
vt 0.876780 0.233656
vt 0.872477 0.233503
vt 0.873053 0.212743
vt 0.877243 0.212822
vt 0.881523 0.212868
vt 0.881175 0.233783
vt 0.925360 0.240482
vt 0.923282 0.249860
vt 0.918329 0.257328
vt 0.916766 0.257110
vt 0.884895 0.255369
vt 0.885590 0.233889
vt 0.860417 0.016067
vt 0.861234 0.015918
vt 0.910983 0.296610
vt 0.913122 0.293251
vt 0.929600 0.132503
vt 0.872555 0.055134
vt 0.875929 0.254952
vt 0.880401 0.255164
vt 0.860265 0.020262
vt 0.860511 0.012116
vt 0.871950 0.089498
vt 0.913893 0.293400
vt 0.931859 0.242308
vt 0.933712 0.242949
vt 0.948945 0.049710
vt 0.949379 0.071502
vt 0.915748 0.239113
vt 0.915001 0.248648
vt 0.917639 0.286100
vt 0.917117 0.285969
vt 0.918181 0.281663
vt 0.918749 0.281814
vt 0.925373 0.258993
vt 0.927792 0.251097
vt 0.865649 0.104303
vt 0.864899 0.090085
vt 0.916279 0.293915
vt 0.915823 0.293811
vt 0.916676 0.290066
vt 0.917153 0.290181
vt 0.861794 0.048569
vt 0.861157 0.041432
vt 0.862000 0.041353
vt 0.862764 0.048483
vt 0.857869 0.016457
vt 0.857318 0.012648
vt 0.857782 0.012578
vt 0.858357 0.016390
vt 0.919190 0.168851
vt 0.919511 0.151078
vt 0.863232 0.090168
vt 0.862611 0.077485
vt 0.864084 0.077397
vt 0.946432 0.152348
vt 0.944714 0.170540
vt 0.918709 0.185608
vt 0.863218 0.011547
vt 0.864081 0.015299
vt 0.918080 0.201179
vt 0.917354 0.215394
vt 0.890188 0.117802
vt 0.892273 0.134973
vt 0.949260 0.092749
vt 0.952055 0.071488
vt 0.896803 0.234042
vt 0.896729 0.212792
vt 0.909835 0.296444
vt 0.910399 0.292798
vt 0.916104 0.029655
vt 0.917339 0.051117
vt 0.913430 0.029787
vt 0.940095 0.203667
vt 0.937179 0.218236
vt 0.951686 0.049613
vt 0.910291 0.296509
vt 0.909811 0.300044
vt 0.909358 0.300031
vt 0.896303 0.152982
vt 0.893986 0.153179
vt 0.894472 0.134727
vt 0.863802 0.104375
vt 0.923306 0.265836
vt 0.922496 0.265594
vt 0.924443 0.258710
vt 0.864559 0.015183
vt 0.863674 0.011442
vt 0.919081 0.092923
vt 0.918378 0.072260
vt 0.859459 0.024856
vt 0.858883 0.024919
vt 0.858389 0.020512
vt 0.858914 0.020447
vt 0.947762 0.027528
vt 0.760208 0.718192
vt 0.767688 0.718283
vt 0.896340 0.255837
vt 0.866968 0.192497
vt 0.867134 0.173078
vt 0.930625 0.241910
vt 0.916548 0.228070
vt 0.944664 0.188000
vt 0.941994 0.204020
vt 0.942605 0.187700
vt 0.915477 0.297515
vt 0.915036 0.297413
vt 0.896214 0.192181
vt 0.895294 0.172279
vt 0.919051 0.215496
vt 0.919961 0.201266
vt 0.862489 0.056807
vt 0.861386 0.056884
vt 0.860840 0.048640
vt 0.863484 0.275842
vt 0.864738 0.254378
vt 0.867434 0.254526
vt 0.919608 0.132420
vt 0.919481 0.113005
vt 0.895136 0.278016
vt 0.886459 0.086822
vt 0.884749 0.087231
vt 0.881422 0.074312
vt 0.882890 0.073851
vt 0.857206 0.008926
vt 0.856756 0.008990
vt 0.856267 0.005372
vt 0.856717 0.005331
vt 0.912042 0.285012
vt 0.911459 0.289065
vt 0.910963 0.288995
vt 0.911508 0.284944
vt 0.897717 0.172133
vt 0.866746 0.136647
vt 0.866276 0.119886
vt 0.868926 0.136596
vt 0.898731 0.192084
vt 0.921976 0.112974
vt 0.899330 0.212749
vt 0.859448 0.020377
vt 0.950536 0.027291
vt 0.912626 0.280612
vt 0.912041 0.280544
vt 0.912576 0.275675
vt 0.915211 0.007952
vt 0.912505 0.007959
vt 0.933878 0.231133
vt 0.914622 0.301055
vt 0.914189 0.300930
vt 0.938885 0.218643
vt 0.913698 0.263993
vt 0.914319 0.256871
vt 0.915288 0.256954
vt 0.867041 0.154423
vt 0.862093 0.254230
vt 0.863207 0.233122
vt 0.865798 0.233239
vt 0.864272 0.119942
vt 0.864606 0.136684
vt 0.874213 0.054663
vt 0.872858 0.046420
vt 0.875294 0.054329
vt 0.887674 0.101819
vt 0.889576 0.101466
vt 0.899480 0.234060
vt 0.899081 0.255937
vt 0.878149 0.063524
vt 0.876351 0.053986
vt 0.879384 0.063123
vt 0.860328 0.041498
vt 0.479241 0.336880
vt 0.482698 0.337403
vt 0.478432 0.353589
vt 0.474888 0.353073
vt 0.864022 0.212499
vt 0.866546 0.212577
vt 0.869120 0.212648
vt 0.868440 0.233353
vt 0.921543 0.271817
vt 0.892248 0.117504
vt 0.913123 0.270206
vt 0.869002 0.033576
vt 0.867486 0.028292
vt 0.868104 0.028111
vt 0.869698 0.033364
vt 0.859840 0.035273
vt 0.860566 0.035209
vt 0.866178 0.023566
vt 0.941477 0.219299
vt 0.937559 0.232326
vt 0.935344 0.231593
vt 0.956115 0.071482
vt 0.903909 0.212652
vt 0.904193 0.234073
vt 0.903535 0.234073
vt 0.903269 0.212667
vt 0.944874 0.204587
vt 0.919306 0.281968
vt 0.920142 0.282211
vt 0.918916 0.286440
vt 0.918149 0.286232
vt 0.674663 0.530391
vt 0.676395 0.531747
vt 0.947787 0.188482
vt 0.954772 0.026943
vt 0.955847 0.049478
vt 0.279703 0.064343
vt 0.282885 0.069713
vt 0.272820 0.075027
vt 0.269390 0.070665
vt 0.906863 0.936025
vt 0.893848 0.928503
vt 0.894336 0.927867
vt 0.907171 0.935284
vt 0.871811 0.875310
vt 0.875694 0.860788
vt 0.876434 0.861094
vt 0.872605 0.875414
vt 0.919982 0.416825
vt 0.934812 0.416821
vt 0.934917 0.417616
vt 0.919878 0.417620
vt 0.872759 0.038920
vt 0.875136 0.045662
vt 0.873770 0.046128
vt 0.871570 0.039317
vt 0.950643 0.830351
vt 0.950950 0.829610
vt 0.871816 0.890340
vt 0.872611 0.890235
vt 0.876449 0.904550
vt 0.875709 0.904857
vt 0.883203 0.847762
vt 0.883839 0.848250
vt 0.984512 0.353020
vt 0.983717 0.353124
vt 0.979894 0.338803
vt 0.980634 0.338497
vt 0.949179 0.308021
vt 0.949488 0.307275
vt 0.905695 0.308032
vt 0.905388 0.307292
vt 0.363617 0.538594
vt 0.347480 0.538700
vt 0.363310 0.530301
vt 0.921367 0.901028
vt 0.917675 0.909941
vt 0.971212 0.326937
vt 0.961034 0.316737
vt 0.962019 0.315458
vt 0.972494 0.325955
vt 0.960992 0.878591
vt 0.121413 0.891939
vt 0.158649 0.907362
vt 0.157616 0.911217
vt 0.117657 0.905957
vt 0.128669 0.879371
vt 0.160645 0.903906
vt 0.224132 0.891938
vt 0.186895 0.907362
vt 0.184900 0.903906
vt 0.216876 0.879370
vt 0.165516 0.968330
vt 0.170777 0.928369
vt 0.174768 0.928369
vt 0.180029 0.968329
vt 0.950317 0.934497
vt 0.165516 0.858095
vt 0.170777 0.898056
vt 0.936209 0.827374
vt 0.921494 0.826499
vt 0.936324 0.826506
vt 0.916524 0.912720
vt 0.907506 0.934476
vt 0.960987 0.404288
vt 0.948515 0.411490
vt 0.952385 0.379685
vt 0.956498 0.372568
vt 0.933136 0.914910
vt 0.941297 0.912724
vt 0.873478 0.890121
vt 0.873473 0.875528
vt 0.896820 0.878594
vt 0.896822 0.887043
vt 0.973261 0.848781
vt 0.948606 0.857140
vt 0.962944 0.838461
vt 0.984341 0.890105
vt 0.980572 0.904205
vt 0.958810 0.895201
vt 0.960994 0.887040
vt 0.946558 0.742702
vt 0.942042 0.741494
vt 0.950608 0.745037
vt 0.194047 0.964572
vt 0.178622 0.927336
vt 0.877243 0.861429
vt 0.884534 0.848782
vt 0.903227 0.863114
vt 0.899005 0.870433
vt 0.895041 0.356231
vt 0.895037 0.364756
vt 0.872709 0.367680
vt 0.938880 0.332856
vt 0.931333 0.330831
vt 0.931380 0.330478
vt 0.939017 0.332526
vt 0.925003 0.912493
vt 0.917456 0.910469
vt 0.932817 0.912493
vt 0.951148 0.378735
vt 0.951430 0.378951
vt 0.945838 0.384540
vt 0.899770 0.349043
vt 0.897392 0.356542
vt 0.899441 0.348907
vt 0.905160 0.864597
vt 0.901256 0.871365
vt 0.955069 0.349064
vt 0.955398 0.348928
vt 0.957439 0.356565
vt 0.958577 0.878909
vt 0.924998 0.853141
vt 0.932811 0.853142
vt 0.952647 0.864597
vt 0.947123 0.859073
vt 0.956554 0.871363
vt 0.903397 0.342062
vt 0.903679 0.342279
vt 0.910690 0.906562
vt 0.951167 0.342295
vt 0.951449 0.342078
vt 0.908988 0.336473
vt 0.909205 0.336756
vt 0.938991 0.388491
vt 0.899237 0.886725
vt 0.899235 0.878912
vt 0.917450 0.855163
vt 0.910684 0.859071
vt 0.923494 0.390182
vt 0.923447 0.390535
vt 0.915810 0.388487
vt 0.915947 0.388157
vt 0.915972 0.332851
vt 0.915836 0.332521
vt 0.940358 0.855165
vt 0.943043 0.372511
vt 0.945618 0.368056
vt 0.954508 0.371743
vt 0.950677 0.378373
vt 0.923474 0.330476
vt 0.915375 0.331408
vt 0.923317 0.329282
vt 0.931353 0.390536
vt 0.931510 0.391731
vt 0.923289 0.391730
vt 0.205104 0.239521
vt 0.202351 0.239208
vt 0.238281 0.108024
vt 0.241354 0.109086
vt 0.953240 0.569592
vt 0.954347 0.572282
vt 0.945650 0.576005
vt 0.944364 0.573036
vt 0.948558 0.309518
vt 0.206615 0.957316
vt 0.194047 0.861851
vt 0.180028 0.858095
vt 0.921604 0.938261
vt 0.921489 0.939129
vt 0.897238 0.372992
vt 0.898316 0.372546
vt 0.902421 0.379669
vt 0.901495 0.380378
vt 0.860660 0.029662
vt 0.861304 0.035136
vt 0.860045 0.024787
vt 0.923012 0.258311
vt 0.871549 0.254730
vt 0.889742 0.299711
vt 0.856017 0.009096
vt 0.855530 0.005471
vt 0.864784 0.154438
vt 0.861093 0.154437
vt 0.910870 0.292870
vt 0.958010 0.878984
vt 0.901260 0.894271
vt 0.901788 0.894052
vt 0.905166 0.901037
vt 0.950695 0.342656
vt 0.943056 0.348512
vt 0.939420 0.344872
vt 0.945283 0.337237
vt 0.910700 0.890360
vt 0.946775 0.859526
vt 0.940903 0.867179
vt 0.936447 0.864606
vt 0.940139 0.855693
vt 0.946952 0.363086
vt 0.932736 0.853709
vt 0.931477 0.863274
vt 0.948446 0.880244
vt 0.023829 0.389046
vt 0.024027 0.390467
vt 0.014678 0.390416
vt 0.014876 0.388991
vt 0.944545 0.894817
vt 0.952200 0.900689
vt 0.909544 0.383776
vt 0.915407 0.376142
vt 0.946955 0.357940
vt 0.934947 0.378720
vt 0.924850 0.340962
vt 0.923597 0.331418
vt 0.939404 0.376149
vt 0.934965 0.342297
vt 0.929995 0.340964
vt 0.931256 0.331420
vt 0.938652 0.333405
vt 0.954520 0.349291
vt 0.945626 0.352969
vt 0.899429 0.372086
vt 0.903378 0.378936
vt 0.955385 0.372106
vt 0.957435 0.364471
vt 0.958629 0.364629
vt 0.931538 0.329283
vt 0.897388 0.364448
vt 0.896193 0.364604
vt 0.939478 0.331413
vt 0.896198 0.356384
vt 0.945862 0.336483
vt 0.946595 0.335528
vt 0.898329 0.348445
vt 0.952405 0.341345
vt 0.902441 0.341328
vt 0.956511 0.348467
vt 0.908255 0.335518
vt 0.958634 0.356409
vt 0.911771 0.372502
vt 0.904131 0.378357
vt 0.907520 0.386411
vt 0.914902 0.390678
vt 0.906269 0.411495
vt 0.893792 0.404276
vt 0.936205 0.938269
vt 0.924685 0.914909
vt 0.932868 0.775797
vt 0.897252 0.347999
vt 0.942059 0.777003
vt 0.216876 0.947054
vt 0.182078 0.925340
vt 0.184900 0.922519
vt 0.877257 0.904215
vt 0.899010 0.895203
vt 0.905648 0.412992
vt 0.883614 0.394077
vt 0.892807 0.405556
vt 0.953331 0.340635
vt 0.907546 0.334592
vt 0.901517 0.340618
vt 0.883657 0.326906
vt 0.893840 0.316725
vt 0.937384 0.777005
vt 0.937367 0.741496
vt 0.932853 0.742708
vt 0.117657 0.920469
vt 0.157616 0.915208
vt 0.863286 0.041210
vt 0.921643 0.215692
vt 0.913763 0.300780
vt 0.876888 0.063913
vt 0.879928 0.074755
vt 0.874951 0.064458
vt 0.882813 0.102642
vt 0.885744 0.102160
vt 0.883014 0.087627
vt 0.860809 0.275708
vt 0.856412 0.275477
vt 0.857767 0.253979
vt 0.858970 0.041581
vt 0.858651 0.035355
vt 0.885462 0.072948
vt 0.889473 0.086050
vt 0.889051 0.086163
vt 0.885106 0.073114
vt 0.903160 0.191891
vt 0.902541 0.191920
vt 0.866459 0.018894
vt 0.867707 0.023124
vt 0.867573 0.023165
vt 0.866335 0.018929
vt 0.865394 0.014972
vt 0.865278 0.015002
vt 0.065824 0.119603
vt 0.068043 0.119604
vt 0.869181 0.027776
vt 0.869032 0.027824
vt 0.863635 0.007650
vt 0.864473 0.011254
vt 0.864362 0.011280
vt 0.863527 0.007676
vt 0.902825 0.278662
vt 0.900255 0.301593
vt 0.899560 0.301515
vt 0.902137 0.278606
vt 0.903912 0.256098
vt 0.903236 0.256077
vt 0.895877 0.116943
vt 0.898342 0.134261
vt 0.897802 0.134329
vt 0.895369 0.117024
vt 0.870911 0.032971
vt 0.872951 0.038853
vt 0.870743 0.033028
vt 0.910481 0.300052
vt 0.857940 0.025008
vt 0.857530 0.020608
vt 0.861980 0.066432
vt 0.860201 0.077581
vt 0.859887 0.066527
vt 0.920656 0.277275
vt 0.921584 0.277560
vt 0.859578 0.056973
vt 0.859277 0.048725
vt 0.856559 0.012758
vt 0.861106 0.136715
vt 0.958958 0.580253
vt 0.949977 0.584685
vt 0.948485 0.581841
vt 0.957176 0.577467
vt 0.400766 0.890762
vt 0.400769 0.825694
vt 0.406444 0.825694
vt 0.406442 0.890762
vt 0.678215 0.533072
vt 0.683385 0.524964
vt 0.685284 0.525723
vt 0.680145 0.534330
vt 0.905339 0.413738
vt 0.973130 0.325468
vt 0.892370 0.314809
vt 0.892858 0.315445
vt 0.882377 0.325924
vt 0.881741 0.325436
vt 0.962508 0.314822
vt 0.883223 0.917873
vt 0.883859 0.917385
vt 0.936429 0.825711
vt 0.921385 0.939923
vt 0.874223 0.338449
vt 0.892318 0.406192
vt 0.983706 0.367944
vt 0.984501 0.368050
vt 0.921390 0.825703
vt 0.446175 0.890763
vt 0.446176 0.825695
vt 0.451852 0.825695
vt 0.451851 0.890763
vt 0.881235 0.062479
vt 0.877934 0.053437
vt 0.899813 0.152662
vt 0.901386 0.171891
vt 0.862857 0.007835
vt 0.895280 0.300939
vt 0.897908 0.278255
vt 0.916146 0.297672
vt 0.915287 0.301217
vt 0.862655 0.004126
vt 0.861990 0.004289
vt 0.923283 0.272362
vt 0.922239 0.272027
vt 0.946911 0.170789
vt 0.950242 0.171190
vt 0.909200 0.857137
vt 0.468862 0.686810
vt 0.469320 0.689284
vt 0.870291 0.076775
vt 0.927682 0.229537
vt 0.879719 0.103086
vt 0.121735 0.026813
vt 0.119427 0.026916
vt 0.119012 0.019848
vt 0.121514 0.019621
vt 0.858521 0.005253
vt 0.908909 0.299992
vt 0.908174 0.299896
vt 0.860006 0.029732
vt 0.948749 0.152548
vt 0.947773 0.133252
vt 0.865057 0.019272
vt 0.862415 0.007939
vt 0.861557 0.004415
vt 0.870777 0.039565
vt 0.892491 0.300408
vt 0.920039 0.277096
vt 0.863258 0.066348
vt 0.859364 0.029795
vt 0.865568 0.019139
vt 0.948717 0.113359
vt 0.866736 0.023410
vt 0.862569 0.297553
vt 0.945134 0.005123
vt 0.859862 0.297542
vt 0.470250 0.693863
vt 0.469805 0.691640
vt 0.617528 0.680418
vt 0.618358 0.682885
vt 0.654415 0.629427
vt 0.659490 0.618745
vt 0.663690 0.620951
vt 0.657772 0.631396
vt 0.681894 0.631041
vt 0.683515 0.630317
vt 0.416251 0.047851
vt 0.421566 0.046937
vt 0.421790 0.049523
vt 0.415871 0.050287
vt 0.858313 0.029879
vt 0.875356 0.045583
vt 0.908965 0.384530
vt 0.908231 0.385486
vt 0.475148 0.326807
vt 0.458875 0.317948
vt 0.460473 0.314902
vt 0.477203 0.323966
vt 0.878189 0.053344
vt 0.881533 0.062370
vt 0.923165 0.328125
vt 0.931691 0.328127
vt 0.914929 0.330331
vt 0.933129 0.850726
vt 0.906312 0.309523
vt 0.947306 0.334602
vt 0.939925 0.330335
vt 0.952654 0.901037
vt 0.931307 0.390184
vt 0.947130 0.906564
vt 0.899758 0.371950
vt 0.945645 0.336766
vt 0.923520 0.330829
vt 0.903660 0.378719
vt 0.909182 0.384247
vt 0.955056 0.371970
vt 0.940364 0.910472
vt 0.135544 0.015941
vt 0.136902 0.015984
vt 0.131763 0.065378
vt 0.130306 0.065042
vt 0.941290 0.852914
vt 0.436898 0.479389
vt 0.894852 0.838451
vt 0.876424 0.381595
vt 0.956261 0.766095
vt 0.957469 0.761579
vt 0.174768 0.898056
vt 0.186895 0.919062
vt 0.224132 0.934486
vt 0.920226 0.305793
vt 0.980556 0.861418
vt 0.934635 0.305789
vt 0.435083 0.697371
vt 0.433924 0.694121
vt 0.447786 0.692913
vt 0.448209 0.696047
vt 0.241147 0.297530
vt 0.233557 0.307136
vt 0.230296 0.302410
vt 0.237957 0.292485
vt 0.515750 0.191813
vt 0.514261 0.191211
vt 0.516070 0.184994
vt 0.517632 0.185287
vt 0.617580 0.010414
vt 0.620106 0.007889
vt 0.620375 0.008217
vt 0.617909 0.010683
vt 0.434261 0.479773
vt 0.434487 0.476465
vt 0.331236 0.018298
vt 0.332989 0.016343
vt 0.336297 0.019840
vt 0.334666 0.022156
vt 0.955024 0.665689
vt 0.955236 0.665442
vt 0.958346 0.668448
vt 0.958107 0.668669
vt 0.894372 0.691375
vt 0.893270 0.695227
vt 0.891984 0.694699
vt 0.893119 0.690794
vt 0.121655 0.033980
vt 0.123702 0.034104
vt 0.122788 0.054838
vt 0.121448 0.054670
vt 0.235170 0.106939
vt 0.199407 0.239029
vt 0.196130 0.238858
vt 0.232001 0.105861
vt 0.648505 0.566325
vt 0.645538 0.555066
vt 0.622878 0.671144
vt 0.623616 0.673318
vt 0.616007 0.675774
vt 0.615346 0.673524
vt 0.402021 0.446762
vt 0.319769 0.507557
vt 0.320438 0.508143
vt 0.316539 0.512023
vt 0.315907 0.511375
vt 0.128078 0.591790
vt 0.131569 0.615407
vt 0.130578 0.615363
vt 0.126555 0.592048
vt 0.923042 0.586527
vt 0.920942 0.585355
vt 0.922075 0.582498
vt 0.924870 0.583971
vt 0.274234 0.936078
vt 0.274246 0.935753
vt 0.279384 0.935847
vt 0.279385 0.936171
vt 0.943005 0.581226
vt 0.941115 0.578453
vt 0.947023 0.578947
vt 0.774153 0.741294
vt 0.774851 0.756794
vt 0.741800 0.724541
vt 0.737026 0.724582
vt 0.736918 0.710397
vt 0.741642 0.710361
vt 0.719577 0.774353
vt 0.725730 0.773750
vt 0.725609 0.790195
vt 0.719260 0.790854
vt 0.412120 0.825694
vt 0.417796 0.825695
vt 0.080319 0.491845
vt 0.080148 0.491585
vt 0.084697 0.489226
vt 0.084814 0.489514
vt 0.682144 0.535490
vt 0.687394 0.526556
vt 0.352438 0.399390
vt 0.360371 0.376505
vt 0.952415 0.466025
vt 0.955458 0.464677
vt 0.969964 0.507714
vt 0.966761 0.508573
vt 0.914219 0.579608
vt 0.906468 0.576258
vt 0.907880 0.573408
vt 0.915361 0.576752
vt 0.923105 0.579454
vt 0.858974 0.232916
vt 0.859897 0.212353
vt 0.245000 0.507547
vt 0.245300 0.507449
vt 0.246261 0.511653
vt 0.245947 0.511690
vt 0.207747 0.239866
vt 0.208007 0.240118
vt 0.206279 0.241970
vt 0.206033 0.241777
vt 0.742202 0.753372
vt 0.737315 0.753403
vt 0.737143 0.738907
vt 0.741968 0.738855
vt 0.643883 0.493488
vt 0.650768 0.497321
vt 0.231059 0.553804
vt 0.227083 0.559608
vt 0.225565 0.557423
vt 0.060245 0.591280
vt 0.056454 0.614792
vt 0.055437 0.614874
vt 0.058744 0.591015
vt 0.737111 0.601273
vt 0.742471 0.601364
vt 0.742259 0.617022
vt 0.737136 0.616965
vt 0.855421 0.297341
vt 0.434823 0.890763
vt 0.434824 0.825695
vt 0.440500 0.825695
vt 0.440499 0.890763
vt 0.119266 0.574965
vt 0.121060 0.575000
vt 0.120376 0.586311
vt 0.118524 0.586134
vt 0.068393 0.513043
vt 0.068054 0.513039
vt 0.068683 0.507934
vt 0.069013 0.508020
vt 0.514519 0.184681
vt 0.512989 0.184344
vt 0.325913 0.933654
vt 0.325925 0.933329
vt 0.331085 0.933607
vt 0.331063 0.933931
vt 0.251920 0.459020
vt 0.254463 0.460877
vt 0.254039 0.461723
vt 0.251179 0.460753
vt 0.126540 0.074274
vt 0.127872 0.074417
vt 0.127604 0.078217
vt 0.125201 0.077996
vt 0.346667 0.935357
vt 0.348843 0.983656
vt 0.341813 0.983651
vt 0.341454 0.934853
vt 0.327772 0.449760
vt 0.319789 0.449074
vt 0.509044 0.113205
vt 0.507902 0.114317
vt 0.500128 0.104751
vt 0.501463 0.103863
vt 0.424494 0.294383
vt 0.424217 0.288640
vt 0.427460 0.288826
vt 0.427731 0.293996
vt 0.432921 0.479820
vt 0.433629 0.483081
vt 0.433010 0.483183
vt 0.343974 0.688409
vt 0.343387 0.692092
vt 0.325585 0.688747
vt 0.326498 0.685084
vt 0.675167 0.533408
vt 0.673357 0.532300
vt 0.246680 0.524571
vt 0.249249 0.524799
vt 0.248062 0.531768
vt 0.245524 0.531226
vt 0.125739 0.034304
vt 0.124050 0.026820
vt 0.126354 0.026893
vt 0.422522 0.496466
vt 0.428353 0.489488
vt 0.429409 0.490739
vt 0.424339 0.497905
vt 0.205817 0.297669
vt 0.206127 0.297560
vt 0.207271 0.301355
vt 0.206952 0.301436
vt 0.246780 0.278898
vt 0.247977 0.279067
vt 0.242118 0.297881
vt 0.196760 0.449905
vt 0.194870 0.452601
vt 0.191244 0.449244
vt 0.193391 0.447069
vt 0.128880 0.064616
vt 0.134193 0.015885
vt 0.089673 0.488081
vt 0.089614 0.487775
vt 0.857070 0.016561
vt 0.246295 0.464968
vt 0.246165 0.462313
vt 0.376409 0.042094
vt 0.378227 0.035768
vt 0.390324 0.047323
vt 0.429147 0.890762
vt 0.429148 0.825695
vt 0.892925 0.100802
vt 0.892457 0.100899
vt 0.862763 0.004099
vt 0.900382 0.152608
vt 0.994607 0.490955
vt 0.978933 0.490958
vt 0.978932 0.484671
vt 0.994606 0.484668
vt 0.423471 0.890762
vt 0.423472 0.825695
vt 0.901981 0.171850
vt 0.468465 0.684254
vt 0.138268 0.016015
vt 0.133239 0.065648
vt 0.915349 0.389600
vt 0.064669 0.064507
vt 0.066169 0.064271
vt 0.067814 0.070387
vt 0.899697 0.675916
vt 0.897758 0.679574
vt 0.897466 0.679432
vt 0.899418 0.675751
vt 0.151719 0.280004
vt 0.148563 0.282755
vt 0.148332 0.282520
vt 0.151519 0.279743
vt 0.374364 0.454665
vt 0.365153 0.459304
vt 0.363818 0.456389
vt 0.373158 0.451723
vt 0.673128 0.513474
vt 0.675221 0.510925
vt 0.683473 0.518202
vt 0.068180 0.507838
vt 0.067567 0.513019
vt 0.065430 0.512944
vt 0.066060 0.507320
vt 0.320676 0.393905
vt 0.326351 0.369026
vt 0.361826 0.039180
vt 0.374823 0.047684
vt 0.360592 0.044525
vt 0.421177 0.356246
vt 0.417792 0.358863
vt 0.948083 0.660647
vt 0.951798 0.662824
vt 0.546783 0.244866
vt 0.546890 0.247116
vt 0.545283 0.247049
vt 0.545206 0.244867
vt 0.400226 0.622824
vt 0.400131 0.636298
vt 0.079085 0.100785
vt 0.074745 0.106498
vt 0.074475 0.106347
vt 0.078849 0.100553
vt 0.315941 0.420378
vt 0.306944 0.419755
vt 0.310482 0.392722
vt 0.624207 0.480785
vt 0.616958 0.479285
vt 0.617399 0.476816
vt 0.624829 0.478162
vt 0.069244 0.574626
vt 0.068598 0.563374
vt 0.070877 0.563488
vt 0.071039 0.574556
vt 0.965356 0.679557
vt 0.965649 0.679414
vt 0.967444 0.683505
vt 0.967143 0.683627
vt 0.234238 0.495052
vt 0.234380 0.494757
vt 0.086288 0.147259
vt 0.087159 0.145219
vt 0.092268 0.146863
vt 0.091806 0.149050
vt 0.259234 0.767120
vt 0.257890 0.762239
vt 0.265262 0.763253
vt 0.264405 0.766089
vt 0.117470 0.574870
vt 0.116675 0.585868
vt 0.071685 0.585549
vt 0.643363 0.663999
vt 0.642028 0.661435
vt 0.647180 0.657763
vt 0.648936 0.660071
vt 0.914777 0.983176
vt 0.919990 0.982672
vt 0.920019 0.982999
vt 0.914808 0.983503
vt 0.172642 0.285132
vt 0.176273 0.285325
vt 0.176239 0.285651
vt 0.172641 0.285461
vt 0.966630 0.984029
vt 0.966506 0.940922
vt 0.971681 0.940916
vt 0.971781 0.984299
vt 0.220318 0.561935
vt 0.213294 0.563454
vt 0.213022 0.561528
vt 0.219679 0.559981
vt 0.204252 0.243691
vt 0.204524 0.243915
vt 0.202621 0.246221
vt 0.202303 0.245933
vt 0.441654 0.302699
vt 0.444220 0.305527
vt 0.441905 0.307858
vt 0.439061 0.304643
vt 0.463985 0.385974
vt 0.457899 0.402668
vt 0.454475 0.401417
vt 0.460610 0.384772
vt 0.069835 0.585792
vt 0.226709 0.264358
vt 0.228593 0.262785
vt 0.235688 0.272220
vt 0.233739 0.273720
vt 0.653217 0.929885
vt 0.704187 0.922400
vt 0.704861 0.925478
vt 0.656052 0.942249
vt 0.243898 0.503581
vt 0.245223 0.490911
vt 0.247771 0.491218
vt 0.245958 0.504262
vt 0.123710 0.513264
vt 0.123138 0.507627
vt 0.125316 0.507179
vt 0.125863 0.513252
vt 0.624904 0.962002
vt 0.574389 0.965580
vt 0.597157 0.914126
vt 0.624523 0.911715
vt 0.619053 0.072411
vt 0.616274 0.061220
vt 0.618753 0.060653
vt 0.410098 0.047599
vt 0.409465 0.050076
vt 0.350962 0.032004
vt 0.343984 0.031232
vt 0.344750 0.028791
vt 0.351001 0.028570
vt 0.947925 0.004595
vt 0.778160 0.833273
vt 0.778332 0.831578
vt 0.782424 0.831743
vt 0.783413 0.833547
vt 0.449140 0.695787
vt 0.448552 0.692783
vt 0.973152 0.704485
vt 0.972841 0.704586
vt 0.198743 0.406560
vt 0.196944 0.393652
vt 0.200201 0.393348
vt 0.202057 0.406081
vt 0.381301 0.527039
vt 0.401268 0.523666
vt 0.402143 0.535468
vt 0.382142 0.537279
vt 0.117348 0.596904
vt 0.115862 0.607027
vt 0.441979 0.353402
vt 0.443449 0.354008
vt 0.443240 0.354626
vt 0.441722 0.353980
vt 0.935192 0.669803
vt 0.935803 0.657298
vt 0.939989 0.658033
vt 0.938797 0.670312
vt 0.968976 0.687670
vt 0.968669 0.687777
vt 0.426793 0.080738
vt 0.423978 0.083710
vt 0.418877 0.078937
vt 0.421576 0.075601
vt 0.994617 0.554179
vt 0.994619 0.567439
vt 0.978944 0.566975
vt 0.978942 0.554181
vt 0.896040 0.691242
vt 0.897935 0.688156
vt 0.898205 0.688336
vt 0.896322 0.691402
vt 0.004431 0.963755
vt 0.053134 0.960789
vt 0.052829 0.966727
vt 0.004633 0.968862
vt 0.095169 0.972223
vt 0.095499 0.967168
vt 0.102800 0.967774
vt 0.102391 0.972906
vt 0.433884 0.289063
vt 0.436823 0.289129
vt 0.437079 0.292643
vt 0.434157 0.293111
vt 0.146590 0.296223
vt 0.149234 0.293727
vt 0.149447 0.293977
vt 0.146827 0.296450
vt 0.734973 0.915985
vt 0.733698 0.913081
vt 0.779383 0.902593
vt 0.091410 0.093739
vt 0.084771 0.096431
vt 0.084603 0.096139
vt 0.091325 0.093413
vt 0.512587 0.197777
vt 0.513891 0.198664
vt 0.488556 0.234727
vt 0.487318 0.233810
vt 0.457294 0.320974
vt 0.455741 0.323991
vt 0.445696 0.319113
vt 0.447257 0.315974
vt 0.186200 0.396140
vt 0.186083 0.400160
vt 0.038668 0.399788
vt 0.038578 0.395626
vt 0.946597 0.586479
vt 0.944870 0.583925
vt 0.119761 0.519964
vt 0.120048 0.520046
vt 0.117591 0.526151
vt 0.117324 0.526005
vt 0.004003 0.239913
vt 0.003992 0.235773
vt 0.153481 0.236944
vt 0.153403 0.241090
vt 0.639087 0.526361
vt 0.642375 0.524484
vt 0.126518 0.019448
vt 0.124022 0.019507
vt 0.123654 0.012400
vt 0.126236 0.012192
vt 0.316480 0.068612
vt 0.315865 0.064804
vt 0.322214 0.063924
vt 0.322769 0.067906
vt 0.203490 0.446333
vt 0.202120 0.449159
vt 0.121148 0.597464
vt 0.119256 0.597195
vt 0.122206 0.586469
vt 0.938213 0.457635
vt 0.939090 0.454504
vt 0.943349 0.456222
vt 0.941869 0.459001
vt 0.719753 0.680373
vt 0.719613 0.664850
vt 0.725486 0.665159
vt 0.725576 0.680532
vt 0.947084 0.458767
vt 0.945030 0.461120
vt 0.899237 0.984375
vt 0.904387 0.984098
vt 0.904409 0.984426
vt 0.899248 0.984703
vt 0.659370 0.550566
vt 0.653767 0.538984
vt 0.658033 0.536855
vt 0.664284 0.548790
vt 0.410919 0.448951
vt 0.411169 0.451661
vt 0.402774 0.452117
vt 0.402275 0.449471
vt 0.816533 0.940916
vt 0.821708 0.940922
vt 0.821585 0.984030
vt 0.816429 0.984300
vt 0.660484 0.605212
vt 0.655769 0.603752
vt 0.658771 0.591180
vt 0.663862 0.591905
vt 0.931555 0.669632
vt 0.931545 0.657052
vt 0.074731 0.961630
vt 0.081556 0.961631
vt 0.081395 0.966451
vt 0.074638 0.966324
vt 0.124258 0.113508
vt 0.121858 0.107223
vt 0.122133 0.107081
vt 0.124548 0.113432
vt 0.775312 0.627036
vt 0.777103 0.611068
vt 0.952120 0.675855
vt 0.955097 0.677899
vt 0.954901 0.678159
vt 0.951948 0.676132
vt 0.244696 0.459375
vt 0.244238 0.462272
vt 0.227837 0.460234
vt 0.228264 0.457006
vt 0.196021 0.293810
vt 0.198658 0.296313
vt 0.198420 0.296540
vt 0.195807 0.294059
vt 0.630495 0.670623
vt 0.629574 0.668491
vt 0.635919 0.665255
vt 0.637003 0.667338
vt 0.674483 0.589970
vt 0.676436 0.590211
vt 0.453068 0.419375
vt 0.451702 0.427958
vt 0.447738 0.427319
vt 0.449099 0.418487
vt 0.359801 0.049824
vt 0.359035 0.054824
vt 0.345998 0.053219
vt 0.346159 0.048201
vt 0.422132 0.396659
vt 0.421976 0.396941
vt 0.473070 0.333442
vt 0.471779 0.332050
vt 0.474628 0.329830
vt 0.475740 0.332360
vt 0.190572 0.448522
vt 0.192752 0.446464
vt 0.521049 0.132021
vt 0.518673 0.128098
vt 0.519926 0.127099
vt 0.381770 0.313743
vt 0.369513 0.310305
vt 0.375650 0.289912
vt 0.388038 0.293331
vt 0.136857 0.308693
vt 0.136446 0.312807
vt 0.136118 0.312782
vt 0.136531 0.308650
vt 0.209356 0.244789
vt 0.427202 0.482812
vt 0.428670 0.480359
vt 0.430183 0.481592
vt 0.949114 0.673801
vt 0.347273 0.876422
vt 0.341941 0.877341
vt 0.343641 0.873653
vt 0.552416 0.760944
vt 0.558490 0.759151
vt 0.558686 0.808827
vt 0.553011 0.808827
vt 0.671990 0.602126
vt 0.670766 0.607376
vt 0.669386 0.606996
vt 0.670122 0.601593
vt 0.440540 0.100704
vt 0.434942 0.104708
vt 0.429805 0.094199
vt 0.432647 0.091734
vt 0.323200 0.503435
vt 0.325417 0.498542
vt 0.306757 0.983644
vt 0.299746 0.983648
vt 0.300114 0.934849
vt 0.305322 0.934349
vt 0.455525 0.369123
vt 0.455199 0.369239
vt 0.166922 0.273460
vt 0.169010 0.285308
vt 0.165415 0.285850
vt 0.162838 0.274385
vt 0.917889 0.659353
vt 0.921837 0.658026
vt 0.921923 0.658340
vt 0.209010 0.458129
vt 0.209438 0.454805
vt 0.961627 0.520446
vt 0.964805 0.520736
vt 0.959065 0.570350
vt 0.956160 0.569882
vt 0.922171 0.942629
vt 0.928711 0.941827
vt 0.930356 0.981954
vt 0.925187 0.982244
vt 0.284046 0.333515
vt 0.289709 0.311487
vt 0.311761 0.448606
vt 0.304719 0.448419
vt 0.312357 0.515659
vt 0.312971 0.516318
vt 0.310960 0.518022
vt 0.310127 0.516972
vt 0.242384 0.528712
vt 0.244674 0.524465
vt 0.860993 0.119999
vt 0.679692 0.615521
vt 0.681749 0.619015
vt 0.769773 0.831178
vt 0.776327 0.822271
vt 0.315155 0.878759
vt 0.330807 0.876289
vt 0.331072 0.880174
vt 0.315050 0.883292
vt 0.443910 0.538063
vt 0.443700 0.525817
vt 0.536498 0.522753
vt 0.539061 0.534604
vt 0.469646 0.369447
vt 0.473276 0.369908
vt 0.467597 0.386661
vt 0.684687 0.632824
vt 0.685980 0.635169
vt 0.684552 0.636022
vt 0.683239 0.633582
vt 0.202469 0.517393
vt 0.201953 0.517368
vt 0.201876 0.513207
vt 0.202323 0.513116
vt 0.923048 0.510373
vt 0.921334 0.516727
vt 0.882580 0.517345
vt 0.883237 0.502759
vt 0.972638 0.700126
vt 0.974365 0.704011
vt 0.759385 0.872180
vt 0.780930 0.854714
vt 0.783002 0.864374
vt 0.765840 0.878835
vt 0.410121 0.373912
vt 0.409350 0.373875
vt 0.410229 0.369811
vt 0.410875 0.369696
vt 0.675939 0.603102
vt 0.675525 0.607688
vt 0.673078 0.607506
vt 0.673923 0.602637
vt 0.552273 0.542818
vt 0.555685 0.555349
vt 0.549796 0.556447
vt 0.540372 0.543730
vt 0.118677 0.497352
vt 0.115062 0.493040
vt 0.116593 0.491505
vt 0.120480 0.496141
vt 0.349410 0.873361
vt 0.353099 0.867736
vt 0.354538 0.868357
vt 0.351776 0.876807
vt 0.413468 0.511650
vt 0.409955 0.515076
vt 0.408714 0.513055
vt 0.411917 0.509795
vt 0.428102 0.283749
vt 0.424974 0.283027
vt 0.445761 0.650985
vt 0.446339 0.663987
vt 0.423748 0.663802
vt 0.423355 0.650223
vt 0.319130 0.042936
vt 0.311597 0.045014
vt 0.407374 0.073642
vt 0.410128 0.069665
vt 0.416254 0.082208
vt 0.751800 0.717298
vt 0.751877 0.724430
vt 0.746836 0.724530
vt 0.746727 0.713813
vt 0.328733 0.593949
vt 0.328532 0.597798
vt 0.320734 0.594247
vt 0.321541 0.590241
vt 0.445032 0.438806
vt 0.442060 0.437966
vt 0.442478 0.435613
vt 0.445609 0.435866
vt 0.893482 0.572072
vt 0.897707 0.573671
vt 0.895636 0.576024
vt 0.892504 0.574931
vt 0.732321 0.930803
vt 0.734009 0.928219
vt 0.779667 0.949930
vt 0.775745 0.959979
vt 0.306491 0.532474
vt 0.305689 0.532509
vt 0.305213 0.530612
vt 0.306292 0.529741
vt 0.279620 0.349077
vt 0.285315 0.348242
vt 0.285380 0.349257
vt 0.279264 0.350217
vt 0.549817 0.244726
vt 0.549867 0.247123
vt 0.548451 0.247140
vt 0.548329 0.244806
vt 0.171062 0.273032
vt 0.274884 0.635060
vt 0.310724 0.629815
vt 0.310138 0.631614
vt 0.275148 0.637255
vt 0.434582 0.040615
vt 0.433398 0.038409
vt 0.435601 0.037191
vt 0.437162 0.039230
vt 0.230322 0.493536
vt 0.230413 0.493226
vt 0.617538 0.497459
vt 0.626518 0.505611
vt 0.624173 0.507590
vt 0.615673 0.499306
vt 0.239267 0.268043
vt 0.231303 0.258893
vt 0.239530 0.251714
vt 0.243640 0.876180
vt 0.241684 0.875008
vt 0.243658 0.870987
vt 0.245010 0.871700
vt 0.954060 0.512526
vt 0.957553 0.511379
vt 0.958467 0.515703
vt 0.954885 0.518994
vt 0.663574 0.645220
vt 0.657916 0.649631
vt 0.655213 0.646891
vt 0.660182 0.641106
vt 0.683893 0.865358
vt 0.691143 0.858073
vt 0.714980 0.905542
vt 0.712244 0.906703
vt 0.790309 0.960339
vt 0.782289 0.967072
vt 0.429721 0.478090
vt 0.431338 0.479179
vt 0.434306 0.285062
vt 0.430710 0.288962
vt 0.431224 0.284439
vt 0.372477 0.985659
vt 0.367302 0.985653
vt 0.367334 0.936086
vt 0.372504 0.935811
vt 0.193075 0.455132
vt 0.188980 0.451328
vt 0.297869 0.050823
vt 0.292608 0.039675
vt 0.354901 0.461363
vt 0.353549 0.458759
vt 0.363234 0.453582
vt 0.353104 0.885085
vt 0.351340 0.887830
vt 0.349389 0.886184
vt 0.351036 0.883309
vt 0.192916 0.097794
vt 0.130351 0.120576
vt 0.132344 0.078625
vt 0.192593 0.087076
vt 0.268971 0.761268
vt 0.269257 0.759325
vt 0.270416 0.759550
vt 0.270461 0.761804
vt 0.434859 0.941913
vt 0.440578 0.942944
vt 0.558024 0.166172
vt 0.559286 0.167181
vt 0.553821 0.175636
vt 0.552374 0.174917
vt 0.206138 0.501047
vt 0.206604 0.501313
vt 0.204437 0.504915
vt 0.203773 0.504841
vt 0.771152 0.788221
vt 0.769841 0.772270
vt 0.775850 0.772458
vt 0.777323 0.788342
vt 0.290635 0.059432
vt 0.293444 0.065736
vt 0.644232 0.623950
vt 0.641787 0.629448
vt 0.638533 0.627837
vt 0.640789 0.622230
vt 0.119429 0.503139
vt 0.121404 0.502272
vt 0.121011 0.508117
vt 0.654621 0.578000
vt 0.659644 0.577891
vt 0.653864 0.590521
vt 0.710060 0.592538
vt 0.708447 0.583572
vt 0.715738 0.582300
vt 0.716931 0.591572
vt 0.925628 0.624978
vt 0.925970 0.629897
vt 0.918892 0.630490
vt 0.918375 0.625384
vt 0.548750 0.083747
vt 0.551764 0.084588
vt 0.886326 0.426518
vt 0.888649 0.429224
vt 0.886350 0.430990
vt 0.885016 0.429367
vt 0.424277 0.677494
vt 0.421044 0.691368
vt 0.406980 0.691274
vt 0.400613 0.677294
vt 0.700093 0.742885
vt 0.700390 0.729449
vt 0.707418 0.726425
vt 0.707146 0.742161
vt 0.190059 0.289662
vt 0.195263 0.281474
vt 0.197749 0.283997
vt 0.193145 0.291585
vt 0.352687 0.556380
vt 0.348887 0.555414
vt 0.349342 0.554338
vt 0.353518 0.555487
vt 0.663152 0.519234
vt 0.666592 0.531975
vt 0.659569 0.521548
vt 0.562306 0.605451
vt 0.640670 0.610269
vt 0.637317 0.620551
vt 0.561501 0.622249
vt 0.442925 0.488969
vt 0.462878 0.488575
vt 0.443043 0.490258
vt 0.723109 0.582781
vt 0.723844 0.592073
vt 0.551251 0.244683
vt 0.551110 0.247141
vt 0.716932 0.840532
vt 0.712020 0.838062
vt 0.714708 0.836697
vt 0.717694 0.839091
vt 0.302568 0.538375
vt 0.304824 0.535404
vt 0.306999 0.540088
vt 0.306455 0.540446
vt 0.453239 0.362819
vt 0.455824 0.368591
vt 0.154784 0.644916
vt 0.149281 0.641288
vt 0.163057 0.636608
vt 0.166781 0.639544
vt 0.434023 0.446137
vt 0.436271 0.445258
vt 0.437749 0.448089
vt 0.434826 0.449209
vt 0.901649 0.576146
vt 0.902649 0.573052
vt 0.905162 0.579139
vt 0.634888 0.535752
vt 0.562101 0.556001
vt 0.632352 0.529816
vt 0.482892 0.333566
vt 0.479531 0.334132
vt 0.478582 0.331207
vt 0.481949 0.329830
vt 0.208553 0.319203
vt 0.208953 0.322843
vt 0.208329 0.322826
vt 0.208227 0.319225
vt 0.221168 0.537212
vt 0.216924 0.536413
vt 0.421628 0.397455
vt 0.420286 0.396537
vt 0.224611 0.491934
vt 0.226199 0.492005
vt 0.226209 0.492482
vt 0.224568 0.492425
vt 0.081524 0.012124
vt 0.090638 0.011595
vt 0.090217 0.019147
vt 0.080626 0.019072
vt 0.603973 0.153382
vt 0.646543 0.160849
vt 0.645625 0.162326
vt 0.603766 0.154961
vt 0.631454 0.672859
vt 0.624362 0.675591
vt 0.486201 0.083708
vt 0.487554 0.083175
vt 0.491386 0.095136
vt 0.489906 0.095755
vt 0.724052 0.905356
vt 0.720996 0.904807
vt 0.734678 0.856994
vt 0.743789 0.861183
vt 0.272102 0.330216
vt 0.266458 0.352893
vt 0.255396 0.349811
vt 0.260213 0.327094
vt 0.414956 0.362074
vt 0.412725 0.365768
vt 0.412444 0.365633
vt 0.414703 0.361894
vt 0.304299 0.062829
vt 0.303214 0.059265
vt 0.314434 0.057085
vt 0.315186 0.060967
vt 0.676161 0.612199
vt 0.678002 0.607645
vt 0.678495 0.611680
vt 0.123414 0.130924
vt 0.122927 0.130715
vt 0.904035 0.433997
vt 0.913444 0.442548
vt 0.911743 0.444596
vt 0.901756 0.435813
vt 0.113217 0.494909
vt 0.109238 0.491684
vt 0.109512 0.491286
vt 0.113565 0.494574
vt 0.067862 0.502007
vt 0.065863 0.501134
vt 0.068860 0.495905
vt 0.070647 0.497136
vt 0.423092 0.636748
vt 0.400186 0.649868
vt 0.205309 0.525159
vt 0.207521 0.528510
vt 0.207266 0.528715
vt 0.863028 0.982244
vt 0.857859 0.981954
vt 0.859476 0.941821
vt 0.242526 0.544863
vt 0.245816 0.538515
vt 0.244766 0.546281
vt 0.922194 0.523248
vt 0.882916 0.533904
vt 0.199530 0.246010
vt 0.199375 0.243510
vt 0.202495 0.243327
vt 0.232358 0.757305
vt 0.239145 0.753313
vt 0.733652 0.824316
vt 0.733882 0.805849
vt 0.738138 0.806908
vt 0.738359 0.824129
vt 0.442031 0.113480
vt 0.447977 0.123199
vt 0.443125 0.125542
vt 0.436936 0.116815
vt 0.429316 0.445697
vt 0.420811 0.441635
vt 0.429886 0.443210
vt 0.895568 0.687602
vt 0.894364 0.686933
vt 0.383658 0.450694
vt 0.382701 0.447720
vt 0.186567 0.476492
vt 0.208624 0.461461
vt 0.215902 0.493530
vt 0.185949 0.489487
vt 0.405994 0.932730
vt 0.400769 0.931608
vt 0.671971 0.548056
vt 0.669679 0.548207
vt 0.689010 0.636239
vt 0.691207 0.637751
vt 0.689990 0.639354
vt 0.687471 0.637497
vt 0.479994 0.326527
vt 0.477212 0.328456
vt 0.253420 0.457741
vt 0.255069 0.460284
vt 0.594378 0.149555
vt 0.583980 0.149452
vt 0.594344 0.147928
vt 0.117706 0.101387
vt 0.117949 0.101164
vt 0.208945 0.315958
vt 0.209273 0.315940
vt 0.209283 0.322851
vt 0.321132 0.686368
vt 0.322362 0.684011
vt 0.323747 0.684401
vt 0.322749 0.687345
vt 0.208386 0.308995
vt 0.208711 0.308949
vt 0.444090 0.550306
vt 0.801559 0.898299
vt 0.804042 0.907728
vt 0.860503 0.090258
vt 0.860780 0.104452
vt 0.685314 0.629675
vt 0.680802 0.621384
vt 0.682756 0.620372
vt 0.687319 0.628979
vt 0.468134 0.681661
vt 0.473342 0.329448
vt 0.486123 0.232861
vt 0.511277 0.196904
vt 0.448261 0.689770
vt 0.447481 0.689882
vt 0.548710 0.194965
vt 0.550291 0.195051
vt 0.461744 0.144941
vt 0.465143 0.145279
vt 0.463280 0.157520
vt 0.460011 0.156966
vt 0.120796 0.059932
vt 0.077365 0.059171
vt 0.247059 0.547726
vt 0.242258 0.554211
vt 0.922823 0.589780
vt 0.921533 0.588719
vt 0.384516 0.062005
vt 0.396399 0.067376
vt 0.394093 0.071536
vt 0.382671 0.066446
vt 0.622382 0.487790
vt 0.621764 0.489970
vt 0.615129 0.488190
vt 0.615606 0.486055
vt 0.638133 0.669487
vt 0.246201 0.453102
vt 0.245369 0.456365
vt 0.228705 0.453765
vt 0.229149 0.450503
vt 0.649080 0.589912
vt 0.649741 0.578107
vt 0.124486 0.058585
vt 0.126327 0.062689
vt 0.124798 0.063330
vt 0.123276 0.059105
vt 0.648946 0.527996
vt 0.075789 0.494425
vt 0.072396 0.498379
vt 0.074310 0.492877
vt 0.304673 0.753644
vt 0.297207 0.755270
vt 0.296473 0.752779
vt 0.304091 0.750664
vt 0.960691 0.682513
vt 0.958099 0.679958
vt 0.963274 0.675662
vt 0.144211 0.298974
vt 0.142122 0.301950
vt 0.138440 0.300714
vt 0.204015 0.457078
vt 0.199238 0.455209
vt 0.200705 0.452172
vt 0.204984 0.453824
vt 0.143331 0.289327
vt 0.892138 0.699089
vt 0.890830 0.698616
vt 0.136941 0.322723
vt 0.136979 0.319118
vt 0.137304 0.319137
vt 0.137266 0.322710
vt 0.305841 0.077192
vt 0.317564 0.076195
vt 0.464296 0.685124
vt 0.463378 0.682632
vt 0.890893 0.427431
vt 0.893097 0.425589
vt 0.489853 0.079098
vt 0.488353 0.079839
vt 0.487173 0.076981
vt 0.488556 0.075968
vt 0.507985 0.970326
vt 0.504130 0.939300
vt 0.511963 0.938024
vt 0.517483 0.969642
vt 0.724407 0.600887
vt 0.725102 0.617737
vt 0.718900 0.617158
vt 0.717830 0.600343
vt 0.283395 0.760827
vt 0.276962 0.764476
vt 0.275737 0.762272
vt 0.282278 0.758620
vt 0.791677 0.689890
vt 0.791963 0.702635
vt 0.785267 0.702787
vt 0.785003 0.687752
vt 0.385997 0.925243
vt 0.385251 0.886011
vt 0.212917 0.495965
vt 0.209630 0.498435
vt 0.209414 0.498194
vt 0.212749 0.495689
vt 0.604089 0.808829
vt 0.604087 0.883182
vt 0.598412 0.883182
vt 0.598414 0.808828
vt 0.038984 0.412234
vt 0.177438 0.413279
vt 0.176885 0.416449
vt 0.039104 0.416342
vt 0.614636 0.027135
vt 0.615971 0.030358
vt 0.615597 0.030558
vt 0.614230 0.027259
vt 0.642950 0.035724
vt 0.643219 0.036052
vt 0.640250 0.038036
vt 0.640050 0.037662
vt 0.475140 0.291212
vt 0.478056 0.289264
vt 0.478263 0.289516
vt 0.475294 0.291499
vt 0.613533 0.023756
vt 0.613956 0.023714
vt 0.645416 0.033258
vt 0.647354 0.030358
vt 0.647728 0.030558
vt 0.645744 0.033527
vt 0.483827 0.280631
vt 0.484512 0.277192
vt 0.484836 0.277224
vt 0.484139 0.280726
vt 0.427864 0.305557
vt 0.425739 0.300044
vt 0.428882 0.299119
vt 0.430864 0.304080
vt 0.633407 0.004264
vt 0.629919 0.004264
vt 0.629877 0.003841
vt 0.633448 0.003841
vt 0.448911 0.273678
vt 0.448910 0.277184
vt 0.448585 0.277216
vt 0.448586 0.273646
vt 0.455361 0.289259
vt 0.458276 0.291208
vt 0.458122 0.291496
vt 0.455154 0.289512
vt 0.449596 0.270239
vt 0.449283 0.270144
vt 0.614828 0.499189
vt 0.621817 0.508988
vt 0.206472 0.244781
vt 0.208056 0.242485
vt 0.226294 0.586137
vt 0.228184 0.589898
vt 0.196479 0.590473
vt 0.197140 0.587811
vt 0.340268 0.880970
vt 0.341162 0.885198
vt 0.336365 0.883828
vt 0.337236 0.880217
vt 0.331558 0.483234
vt 0.328557 0.475759
vt 0.334192 0.469282
vt 0.248020 0.548873
vt 0.242652 0.555323
vt 0.027814 0.403307
vt 0.026854 0.414713
vt 0.013557 0.415641
vt 0.013962 0.399078
vt 0.373006 0.449157
vt 0.422492 0.521572
vt 0.422241 0.508773
vt 0.541035 0.060273
vt 0.539623 0.063070
vt 0.493058 0.050472
vt 0.503472 0.029541
vt 0.484512 0.273685
vt 0.483829 0.270246
vt 0.484141 0.270152
vt 0.484837 0.273654
vt 0.574194 0.153129
vt 0.317168 0.512667
vt 0.317967 0.512975
vt 0.313564 0.516983
vt 0.768328 0.831143
vt 0.397304 0.088631
vt 0.387651 0.083459
vt 0.389751 0.079542
vt 0.399745 0.084963
vt 0.438051 0.352259
vt 0.648689 0.027135
vt 0.649369 0.023714
vt 0.649792 0.023756
vt 0.649095 0.027259
vt 0.623275 0.006279
vt 0.623075 0.005905
vt 0.626374 0.004538
vt 0.626498 0.004944
vt 0.636827 0.004944
vt 0.636951 0.004538
vt 0.640250 0.005905
vt 0.640050 0.006279
vt 0.169791 0.245931
vt 0.188311 0.244750
vt 0.188192 0.248917
vt 0.169722 0.248401
vt 0.685939 0.638534
vt 0.450938 0.267000
vt 0.450651 0.266846
vt 0.461515 0.292551
vt 0.461421 0.292863
vt 0.623275 0.037662
vt 0.626498 0.038997
vt 0.626374 0.039403
vt 0.623075 0.038036
vt 0.636950 0.039403
vt 0.636827 0.038997
vt 0.450934 0.283863
vt 0.452882 0.286779
vt 0.452630 0.286986
vt 0.450647 0.284017
vt 0.088613 0.961741
vt 0.088341 0.966729
vt 0.429281 0.044573
vt 0.432482 0.043670
vt 0.433087 0.045497
vt 0.429795 0.046643
vt 0.063169 0.064696
vt 0.137788 0.311921
vt 0.138894 0.308456
vt 0.139202 0.308572
vt 0.138106 0.312005
vt 0.767609 0.657973
vt 0.773324 0.657753
vt 0.773004 0.672815
vt 0.767321 0.673023
vt 0.252648 0.073839
vt 0.246881 0.085267
vt 0.243627 0.083789
vt 0.249439 0.072011
vt 0.127572 0.132806
vt 0.125469 0.131869
vt 0.127300 0.126298
vt 0.129524 0.126787
vt 0.649369 0.020227
vt 0.649792 0.020185
vt 0.102879 0.146454
vt 0.102969 0.146943
vt 0.097609 0.147425
vt 0.097619 0.146920
vt 0.434228 0.473059
vt 0.069374 0.519700
vt 0.069068 0.519782
vt 0.455367 0.261606
vt 0.452887 0.264085
vt 0.452635 0.263878
vt 0.455160 0.261353
vt 0.346379 0.545292
vt 0.331332 0.542713
vt 0.332580 0.537494
vt 0.896126 0.683283
vt 0.895826 0.683158
vt 0.617909 0.033258
vt 0.617580 0.033527
vt 0.642950 0.008217
vt 0.643219 0.007889
vt 0.645744 0.010414
vt 0.645416 0.010683
vt 0.471907 0.258319
vt 0.468468 0.257634
vt 0.468500 0.257310
vt 0.472002 0.258007
vt 0.464954 0.293235
vt 0.468461 0.293236
vt 0.468493 0.293561
vt 0.464922 0.293560
vt 0.937047 0.534632
vt 0.943545 0.533755
vt 0.449593 0.280623
vt 0.449281 0.280718
vt 0.614636 0.016806
vt 0.614230 0.016682
vt 0.615597 0.013383
vt 0.615971 0.013583
vt 0.930501 0.459134
vt 0.922371 0.460258
vt 0.923396 0.457054
vt 0.321108 0.508728
vt 0.321906 0.508820
vt 0.323318 0.515235
vt 0.873406 0.983503
vt 0.868195 0.982999
vt 0.118671 0.503452
vt 0.118969 0.503322
vt 0.303359 0.882229
vt 0.302779 0.886632
vt 0.247408 0.880827
vt 0.246813 0.876399
vt 0.383500 0.520725
vt 0.392073 0.518969
vt 0.392432 0.521115
vt 0.383630 0.522610
vt 0.457729 0.168642
vt 0.460925 0.169271
vt 0.616737 0.678062
vt 0.124618 0.563520
vt 0.122339 0.563614
vt 0.121562 0.513316
vt 0.094715 0.487604
vt 0.094717 0.487289
vt 0.099815 0.487792
vt 0.099752 0.488104
vt 0.187476 0.568551
vt 0.187712 0.564595
vt 0.523719 0.141227
vt 0.525298 0.141469
vt 0.081207 0.535670
vt 0.081031 0.535951
vt 0.075562 0.531566
vt 0.075803 0.531346
vt 0.735152 0.925321
vt 0.308796 0.519569
vt 0.308040 0.518434
vt 0.289174 0.755423
vt 0.290122 0.757737
vt 0.231167 0.535583
vt 0.227054 0.536550
vt 0.667765 0.623391
vt 0.661121 0.633450
vt 0.900069 0.685215
vt 0.900324 0.685417
vt 0.443088 0.354911
vt 0.441623 0.354304
vt 0.319249 0.527371
vt 0.319945 0.523251
vt 0.348112 0.770073
vt 0.364517 0.782515
vt 0.327810 0.808577
vt 0.323377 0.803632
vt 0.940063 0.657716
vt 0.944163 0.658944
vt 0.944051 0.659249
vt 0.418087 0.509237
vt 0.416214 0.507761
vt 0.426000 0.498785
vt 0.786226 0.595717
vt 0.792865 0.597380
vt 0.444560 0.599865
vt 0.444445 0.587338
vt 0.531908 0.586315
vt 0.564932 0.966250
vt 0.563799 0.922933
vt 0.571217 0.920804
vt 0.210682 0.240037
vt 0.210487 0.240716
vt 0.929917 0.583978
vt 0.926746 0.581189
vt 0.928537 0.578329
vt 0.932495 0.581586
vt 0.315197 0.874233
vt 0.330414 0.872374
vt 0.197995 0.283779
vt 0.200599 0.287062
vt 0.200334 0.287256
vt 0.418678 0.089606
vt 0.427076 0.096712
vt 0.707966 0.930987
vt 0.710212 0.933186
vt 0.677255 0.972935
vt 0.668232 0.964025
vt 0.428875 0.399009
vt 0.428805 0.399340
vt 0.357224 0.306940
vt 0.363137 0.330848
vt 0.351074 0.327625
vt 0.326264 0.276502
vt 0.338637 0.279852
vt 0.332528 0.300304
vt 0.320124 0.296984
vt 0.346695 0.935033
vt 0.351885 0.935461
vt 0.351863 0.935785
vt 0.857847 0.982282
vt 0.852708 0.982177
vt 0.852709 0.981849
vt 0.447193 0.307943
vt 0.445218 0.310623
vt 0.569415 0.163760
vt 0.562979 0.170175
vt 0.561776 0.169194
vt 0.568440 0.162549
vt 0.194747 0.444241
vt 0.326669 0.321262
vt 0.024238 0.392512
vt 0.014461 0.392589
vt 0.068981 0.596819
vt 0.070312 0.607017
vt 0.068403 0.607338
vt 0.067095 0.597058
vt 0.245846 0.769573
vt 0.249030 0.766859
vt 0.901982 0.672396
vt 0.901718 0.672205
vt 0.145766 0.285869
vt 0.143053 0.289152
vt 0.145509 0.285664
vt 0.677763 0.564580
vt 0.679338 0.577418
vt 0.306171 0.419669
vt 0.303706 0.448406
vt 0.774112 0.642562
vt 0.768269 0.642770
vt 0.769302 0.627229
vt 0.126904 0.563435
vt 0.127895 0.577580
vt 0.126190 0.577838
vt 0.289120 0.266265
vt 0.301530 0.269722
vt 0.295241 0.290272
vt 0.282750 0.286885
vt 0.419495 0.104518
vt 0.411302 0.098461
vt 0.228344 0.561960
vt 0.356153 0.464117
vt 0.344609 0.348946
vt 0.356367 0.351889
vt 0.515326 0.124843
vt 0.517491 0.129052
vt 0.514294 0.126036
vt 0.094720 0.486805
vt 0.089520 0.487302
vt 0.089115 0.485198
vt 0.094724 0.484659
vt 0.250290 0.372995
vt 0.240499 0.370401
vt 0.244356 0.347031
vt 0.752137 0.738673
vt 0.747058 0.738821
vt 0.895277 0.423689
vt 0.313902 0.273129
vt 0.307694 0.293641
vt 0.752497 0.753123
vt 0.747358 0.753348
vt 0.291065 0.760064
vt 0.297923 0.757756
vt 0.310731 0.800453
vt 0.304475 0.802688
vt 0.358289 0.059599
vt 0.345807 0.058015
vt 0.256909 0.525512
vt 0.254459 0.525278
vt 0.254607 0.517463
vt 0.257288 0.517344
vt 0.443597 0.482110
vt 0.443352 0.485370
vt 0.570471 0.068457
vt 0.122781 0.056963
vt 0.121542 0.057112
vt 0.655320 0.616758
vt 0.665399 0.606865
vt 0.937521 0.460723
vt 0.382195 0.547711
vt 0.362974 0.547169
vt 0.422955 0.623386
vt 0.422935 0.610155
vt 0.444734 0.612513
vt 0.444979 0.625255
vt 0.742702 0.775363
vt 0.748005 0.775253
vt 0.243324 0.537700
vt 0.240108 0.543770
vt 0.357032 0.936074
vt 0.355379 0.984457
vt 0.324389 0.011187
vt 0.322835 0.012416
vt 0.320646 0.009749
vt 0.322461 0.008518
vt 0.439352 0.043121
vt 0.436187 0.044360
vt 0.435440 0.042563
vt 0.438378 0.041190
vt 0.679811 0.564265
vt 0.681441 0.577362
vt 0.075379 0.033195
vt 0.075301 0.025877
vt 0.077623 0.025957
vt 0.077437 0.033148
vt 0.924315 0.670308
vt 0.631500 0.482884
vt 0.426979 0.047652
vt 0.427863 0.049777
vt 0.422651 0.051350
vt 0.251830 0.525039
vt 0.249394 0.517752
vt 0.251984 0.517600
vt 0.122050 0.059556
vt 0.123252 0.063894
vt 0.121696 0.064372
vt 0.641498 0.642764
vt 0.644296 0.644542
vt 0.636448 0.653959
vt 0.634033 0.652233
vt 0.632473 0.675236
vt 0.639331 0.671733
vt 0.070884 0.596557
vt 0.400357 0.663525
vt 0.075247 0.070124
vt 0.122536 0.070926
vt 0.122793 0.077807
vt 0.074760 0.077014
vt 0.004010 0.231544
vt 0.153558 0.232796
vt 0.196587 0.441824
vt 0.312406 0.755615
vt 0.319770 0.755889
vt 0.317377 0.800785
vt 0.153633 0.228648
vt 0.004031 0.227313
vt 0.004056 0.223070
vt 0.153707 0.224488
vt 0.408677 0.091704
vt 0.406203 0.094807
vt 0.459128 0.132430
vt 0.462502 0.132433
vt 0.458456 0.144642
vt 0.277387 0.308210
vt 0.265025 0.305004
vt 0.079936 0.026149
vt 0.079493 0.033184
vt 0.400494 0.609485
vt 0.400929 0.596367
vt 0.423011 0.597084
vt 0.826883 0.940929
vt 0.832059 0.940935
vt 0.831977 0.983127
vt 0.826769 0.983618
vt 0.095910 0.962036
vt 0.103371 0.962573
vt 0.327791 0.983644
vt 0.320780 0.983643
vt 0.436965 0.312905
vt 0.434608 0.315405
vt 0.430797 0.310732
vt 0.433450 0.308778
vt 0.377509 0.079091
vt 0.379191 0.074946
vt 0.429777 0.108970
vt 0.224902 0.621650
vt 0.219695 0.638784
vt 0.182943 0.626699
vt 0.185808 0.615730
vt 0.581442 0.575157
vt 0.580171 0.570569
vt 0.642047 0.556650
vt 0.644074 0.567377
vt 0.362183 0.936179
vt 0.362184 0.935854
vt 0.367323 0.935762
vt 0.357045 0.935750
vt 0.950141 0.462086
vt 0.949307 0.456201
vt 0.952882 0.460091
vt 0.961113 0.671807
vt 0.960852 0.672001
vt 0.935475 0.940961
vt 0.935506 0.981851
vt 0.408935 0.101440
vt 0.403743 0.097904
vt 0.320563 0.343117
vt 0.332676 0.346041
vt 0.314412 0.366643
vt 0.949466 0.467251
vt 0.947596 0.463908
vt 0.379106 0.032722
vt 0.364712 0.032967
vt 0.365163 0.029764
vt 0.684742 0.522319
vt 0.686448 0.523254
vt 0.592739 0.808828
vt 0.592932 0.761064
vt 0.598987 0.762993
vt 0.240234 0.282652
vt 0.239340 0.278047
vt 0.242986 0.278465
vt 0.243457 0.280842
vt 0.207999 0.245751
vt 0.230641 0.368175
vt 0.220716 0.366313
vt 0.224229 0.348847
vt 0.233277 0.344597
vt 0.653172 0.653498
vt 0.651950 0.651237
vt 0.375725 0.648680
vt 0.169043 0.285635
vt 0.172641 0.285786
vt 0.169075 0.285959
vt 0.754454 0.593905
vt 0.753068 0.617388
vt 0.747668 0.617062
vt 0.748638 0.593512
vt 0.394346 0.453697
vt 0.393767 0.451042
vt 0.462814 0.478341
vt 0.462609 0.475336
vt 0.137509 0.304670
vt 0.137188 0.304606
vt 0.634891 0.514724
vt 0.422940 0.534146
vt 0.725412 0.649643
vt 0.719487 0.649185
vt 0.121032 0.012617
vt 0.719769 0.742293
vt 0.725720 0.741956
vt 0.725711 0.757703
vt 0.719686 0.758194
vt 0.402487 0.547201
vt 0.447338 0.394066
vt 0.447565 0.394357
vt 0.444017 0.396771
vt 0.443851 0.396425
vt 0.061755 0.591562
vt 0.062296 0.577406
vt 0.064004 0.577681
vt 0.377652 0.985665
vt 0.377702 0.935393
vt 0.438267 0.443910
vt 0.439927 0.442186
vt 0.669154 0.652089
vt 0.677569 0.645494
vt 0.679075 0.648399
vt 0.671063 0.654580
vt 0.950307 0.831159
vt 0.953925 0.770144
vt 0.206615 0.869108
vt 0.984336 0.875512
vt 0.957466 0.756904
vt 0.182078 0.901084
vt 0.923172 0.766110
vt 0.946782 0.906110
vt 0.940907 0.898456
vt 0.956254 0.752389
vt 0.953915 0.748341
vt 0.178622 0.899089
vt 0.921960 0.761595
vt 0.668307 0.548602
vt 0.669146 0.553934
vt 0.245149 0.396629
vt 0.239980 0.421161
vt 0.233254 0.419219
vt 0.236797 0.394354
vt 0.952261 0.152872
vt 0.908065 0.008156
vt 0.909034 0.030013
vt 0.917871 0.290360
vt 0.952212 0.004022
vt 0.621115 0.808830
vt 0.621112 0.883182
vt 0.615437 0.883182
vt 0.615440 0.808829
vt 0.327058 0.757043
vt 0.313855 0.752682
vt 0.314187 0.627028
vt 0.318245 0.627598
vt 0.316497 0.629941
vt 0.313825 0.629482
vt 0.621575 0.657995
vt 0.623609 0.659581
vt 0.618172 0.667359
vt 0.613754 0.666763
vt 0.374473 0.413103
vt 0.383676 0.392131
vt 0.414255 0.391161
vt 0.406937 0.419100
vt 0.647051 0.613225
vt 0.651178 0.614932
vt 0.647648 0.625715
vt 0.471560 0.352085
vt 0.476128 0.336309
vt 0.410353 0.507980
vt 0.412566 0.504587
vt 0.414363 0.506205
vt 0.911157 0.448717
vt 0.909846 0.451603
vt 0.907192 0.450721
vt 0.126291 0.070450
vt 0.125755 0.066748
vt 0.127493 0.066305
vt 0.128105 0.070224
vt 0.978939 0.535470
vt 0.994614 0.535467
vt 0.315078 0.544289
vt 0.323719 0.547975
vt 0.322834 0.548761
vt 0.314444 0.544847
vt 0.636631 0.813582
vt 0.635876 0.821113
vt 0.626418 0.824151
vt 0.313335 0.618427
vt 0.317362 0.602452
vt 0.348851 0.458834
vt 0.332473 0.463826
vt 0.347004 0.455869
vt 0.423267 0.571510
vt 0.402021 0.571128
vt 0.402407 0.559041
vt 0.423312 0.558989
vt 0.450513 0.309938
vt 0.448881 0.312900
vt 0.654727 0.655849
vt 0.656416 0.658203
vt 0.650676 0.662459
vt 0.466289 0.368327
vt 0.206887 0.447611
vt 0.210447 0.448360
vt 0.209928 0.451531
vt 0.205943 0.450620
vt 0.076897 0.053872
vt 0.076717 0.056318
vt 0.075480 0.056125
vt 0.075548 0.053995
vt 0.079541 0.006698
vt 0.082454 0.005372
vt 0.078883 0.011726
vt 0.786027 0.803472
vt 0.792476 0.802068
vt 0.796901 0.817679
vt 0.790188 0.820024
vt 0.222903 0.537522
vt 0.238240 0.496836
vt 0.241201 0.499701
vt 0.186794 0.288061
vt 0.190326 0.277862
vt 0.662010 0.508841
vt 0.658534 0.513474
vt 0.653233 0.507851
vt 0.655616 0.504298
vt 0.263676 0.768987
vt 0.418489 0.108263
vt 0.363317 0.286541
vt 0.488996 0.082687
vt 0.492845 0.094519
vt 0.902435 0.682467
vt 0.905025 0.679924
vt 0.461107 0.696111
vt 0.459239 0.699325
vt 0.457038 0.696732
vt 0.459969 0.694448
vt 0.216054 0.425519
vt 0.213943 0.429256
vt 0.931090 0.587078
vt 0.316058 0.631455
vt 0.318469 0.631140
vt 0.317908 0.632358
vt 0.505609 0.116551
vt 0.506759 0.115431
vt 0.516323 0.123599
vt 0.333475 0.057635
vt 0.321651 0.059892
vt 0.321071 0.055793
vt 0.333189 0.052934
vt 0.313768 0.983643
vt 0.380904 0.070744
vt 0.391889 0.075579
vt 0.943721 0.588619
vt 0.941682 0.586482
vt 0.903180 0.627060
vt 0.904097 0.632390
vt 0.896620 0.633666
vt 0.895496 0.628412
vt 0.674377 0.547868
vt 0.676784 0.547912
vt 0.676854 0.551900
vt 0.674833 0.552322
vt 0.548067 0.250156
vt 0.546898 0.251840
vt 0.545659 0.249154
vt 0.311876 0.519372
vt 0.706641 0.774111
vt 0.706150 0.790188
vt 0.699157 0.783674
vt 0.668678 0.543219
vt 0.670412 0.542925
vt 0.200748 0.419003
vt 0.204114 0.418454
vt 0.423143 0.584199
vt 0.401475 0.583561
vt 0.393178 0.985683
vt 0.388002 0.985677
vt 0.388124 0.934406
vt 0.393308 0.933994
vt 0.355523 0.522801
vt 0.356424 0.522987
vt 0.355975 0.523269
vt 0.445315 0.638076
vt 0.550250 0.185067
vt 0.551808 0.185478
vt 0.719919 0.695748
vt 0.713997 0.711114
vt 0.713993 0.695769
vt 0.436289 0.306710
vt 0.433882 0.302561
vt 0.279412 0.985315
vt 0.274257 0.985645
vt 0.910863 0.626062
vt 0.911574 0.631324
vt 0.912211 0.636485
vt 0.904849 0.637637
vt 0.644892 0.666627
vt 0.124477 0.578091
vt 0.556680 0.177080
vt 0.553350 0.185887
vt 0.555258 0.176363
vt 0.940152 0.451271
vt 0.944966 0.453238
vt 0.120311 0.135320
vt 0.120735 0.135602
vt 0.117197 0.139672
vt 0.116845 0.139320
vt 0.542963 0.057806
vt 0.511350 0.020832
vt 0.208004 0.322818
vt 0.207902 0.319246
vt 0.350702 0.893474
vt 0.348816 0.890024
vt 0.355954 0.892211
vt 0.317900 0.682385
vt 0.318040 0.681497
vt 0.322706 0.681505
vt 0.073329 0.033319
vt 0.072984 0.025864
vt 0.798025 0.595337
vt 0.798838 0.602128
vt 0.696509 0.810264
vt 0.704619 0.806602
vt 0.698250 0.818095
vt 0.078122 0.018747
vt 0.643160 0.599780
vt 0.646675 0.601207
vt 0.642919 0.611603
vt 0.333950 0.066679
vt 0.202459 0.508722
vt 0.202991 0.508908
vt 0.209492 0.263232
vt 0.211654 0.261630
vt 0.218949 0.270881
vt 0.217248 0.272976
vt 0.386500 0.836502
vt 0.387570 0.838081
vt 0.379255 0.843004
vt 0.378291 0.841619
vt 0.398353 0.985689
vt 0.398459 0.933724
vt 0.249972 0.086705
vt 0.245327 0.097897
vt 0.242234 0.096716
vt 0.357388 0.869577
vt 0.354699 0.877346
vt 0.353268 0.877086
vt 0.355980 0.868970
vt 0.252948 0.088122
vt 0.255686 0.075598
vt 0.258595 0.077317
vt 0.940630 0.940954
vt 0.940657 0.981940
vt 0.767447 0.703103
vt 0.773175 0.703020
vt 0.773450 0.718300
vt 0.779364 0.718138
vt 0.779055 0.702913
vt 0.785617 0.717935
vt 0.073715 0.057693
vt 0.074909 0.058256
vt 0.076122 0.058750
vt 0.252056 0.771204
vt 0.248978 0.773235
vt 0.274606 0.760102
vt 0.281155 0.756423
vt 0.644987 0.631130
vt 0.371974 0.057755
vt 0.370662 0.062416
vt 0.087361 0.144756
vt 0.092379 0.146357
vt 0.003848 0.094836
vt 0.004503 0.084092
vt 0.756538 0.717271
vt 0.756869 0.703207
vt 0.760014 0.703183
vt 0.402118 0.519587
vt 0.397963 0.521666
vt 0.396887 0.521034
vt 0.400928 0.517995
vt 0.211415 0.389416
vt 0.211901 0.398795
vt 0.069918 0.077281
vt 0.070247 0.119561
vt 0.952291 0.675578
vt 0.955293 0.677639
vt 0.344246 0.423914
vt 0.343436 0.451377
vt 0.335709 0.450636
vt 0.915141 0.942634
vt 0.091270 0.004157
vt 0.675047 0.543451
vt 0.677332 0.544021
vt 0.218279 0.350064
vt 0.217508 0.362646
vt 0.212636 0.364137
vt 0.213511 0.349601
vt 0.792299 0.715435
vt 0.792683 0.728417
vt 0.785794 0.725591
vt 0.978946 0.579770
vt 0.994621 0.580742
vt 0.989345 0.591772
vt 0.978948 0.592564
vt 0.243536 0.880665
vt 0.245165 0.876703
vt 0.245556 0.881135
vt 0.732604 0.584447
vt 0.732802 0.593638
vt 0.934740 0.595880
vt 0.938753 0.597428
vt 0.938004 0.600911
vt 0.416448 0.045154
vt 0.421346 0.044276
vt 0.837234 0.940941
vt 0.842409 0.940948
vt 0.842388 0.982216
vt 0.837191 0.982633
vt 0.485420 0.074334
vt 0.486204 0.072514
vt 0.311074 0.514335
vt 0.315532 0.510489
vt 0.311723 0.514999
vt 0.386970 0.337577
vt 0.375103 0.334152
vt 0.721867 0.936623
vt 0.727739 0.934658
vt 0.748151 0.980773
vt 0.724428 0.987456
vt 0.413630 0.390255
vt 0.903700 0.569973
vt 0.898195 0.570443
vt 0.902389 0.567784
vt 0.430931 0.488784
vt 0.432630 0.489274
vt 0.431566 0.490815
vt 0.392408 0.690613
vt 0.404438 0.694673
vt 0.678450 0.590463
vt 0.103828 0.957472
vt 0.111590 0.958333
vt 0.110849 0.963398
vt 0.061031 0.961399
vt 0.053967 0.955192
vt 0.061582 0.956743
vt 0.898232 0.643832
vt 0.905668 0.642592
vt 0.906497 0.647337
vt 0.898952 0.648654
vt 0.338915 0.324442
vt 0.094700 0.976996
vt 0.094166 0.981536
vt 0.087205 0.980618
vt 0.087702 0.976257
vt 0.104229 0.952420
vt 0.112351 0.953250
vt 0.890752 0.704612
vt 0.891906 0.701200
vt 0.892211 0.701309
vt 0.891066 0.704701
vt 0.757348 0.632594
vt 0.760641 0.643350
vt 0.756799 0.647027
vt 0.237981 0.933618
vt 0.232853 0.933719
vt 0.232841 0.933395
vt 0.237981 0.933293
vt 0.418284 0.494041
vt 0.420685 0.494978
vt 0.410873 0.502984
vt 0.751697 0.661125
vt 0.746607 0.664563
vt 0.746802 0.650262
vt 0.752010 0.646877
vt 0.435029 0.486038
vt 0.432696 0.486337
vt 0.234555 0.281353
vt 0.235088 0.285145
vt 0.232188 0.283713
vt 0.232258 0.280637
vt 0.215688 0.258320
vt 0.224802 0.265951
vt 0.222872 0.267571
vt 0.563689 0.081913
vt 0.566061 0.079867
vt 0.209769 0.248498
vt 0.206456 0.250808
vt 0.204626 0.247316
vt 0.366958 0.075623
vt 0.365758 0.079919
vt 0.355712 0.077589
vt 0.356123 0.073132
vt 0.325539 0.632596
vt 0.671092 0.515990
vt 0.305264 0.066368
vt 0.432052 0.298138
vt 0.072232 0.606688
vt 0.661706 0.654005
vt 0.667272 0.649721
vt 0.663569 0.656300
vt 0.230456 0.261218
vt 0.237618 0.270679
vt 0.323687 0.016222
vt 0.325740 0.019012
vt 0.680394 0.631876
vt 0.675420 0.624990
vt 0.129591 0.591549
vt 0.132595 0.615505
vt 0.213216 0.240918
vt 0.477645 0.071758
vt 0.478391 0.069478
vt 0.362557 0.401608
vt 0.353322 0.425526
vt 0.423215 0.546569
vt 0.512791 0.190619
vt 0.511365 0.190049
vt 0.298459 0.413368
vt 0.300183 0.412534
vt 0.300584 0.430128
vt 0.299526 0.430702
vt 0.326115 0.009876
vt 0.324503 0.007377
vt 0.345297 0.555497
vt 0.345452 0.554404
vt 0.711267 0.601060
vt 0.704536 0.602013
vt 0.703039 0.593847
vt 0.388565 0.052479
vt 0.386469 0.057369
vt 0.373354 0.052870
vt 0.941475 0.591170
vt 0.939104 0.589529
vt 0.245799 0.861252
vt 0.245244 0.866423
vt 0.243477 0.865598
vt 0.243311 0.861808
vt 0.231811 0.275215
vt 0.213703 0.259949
vt 0.451284 0.694679
vt 0.451172 0.691684
vt 0.328890 0.016048
vt 0.330299 0.014153
vt 0.070587 0.503222
vt 0.070287 0.503087
vt 0.444203 0.322264
vt 0.454220 0.327005
vt 0.306330 0.525689
vt 0.305858 0.526974
vt 0.304629 0.526594
vt 0.304466 0.524467
vt 0.332646 0.039729
vt 0.332409 0.042921
vt 0.319823 0.047322
vt 0.733695 0.772614
vt 0.733866 0.788823
vt 0.567990 0.077396
vt 0.621193 0.088475
vt 0.604746 0.148613
vt 0.161087 0.651670
vt 0.138991 0.654897
vt 0.140447 0.648662
vt 0.162666 0.646773
vt 0.322815 0.519286
vt 0.322608 0.517469
vt 0.236404 0.559830
vt 0.707156 0.664999
vt 0.713567 0.664912
vt 0.713761 0.680444
vt 0.707422 0.680571
vt 0.671907 0.638510
vt 0.673755 0.640800
vt 0.665416 0.647442
vt 0.616067 0.483878
vt 0.509962 0.196058
vt 0.508649 0.195247
vt 0.616515 0.481630
vt 0.246422 0.871540
vt 0.314860 0.887900
vt 0.967917 0.514725
vt 0.971244 0.514387
vt 0.971317 0.521162
vt 0.968024 0.520971
vt 0.309564 0.392598
vt 0.305015 0.522965
vt 0.476710 0.334943
vt 0.427575 0.115900
vt 0.435777 0.124638
vt 0.454570 0.167986
vt 0.963647 0.509465
vt 0.960588 0.510403
vt 0.946550 0.468364
vt 0.943632 0.469404
vt 0.962040 0.571004
vt 0.263692 0.081937
vt 0.266780 0.085312
vt 0.258865 0.092624
vt 0.255907 0.090340
vt 0.329938 0.868448
vt 0.335048 0.868321
vt 0.334783 0.872024
vt 0.890438 0.704522
vt 0.891604 0.701091
vt 0.767314 0.688033
vt 0.773012 0.687867
vt 0.071291 0.033514
vt 0.127761 0.034575
vt 0.125440 0.055375
vt 0.124111 0.055087
vt 0.507098 0.886010
vt 0.512250 0.883836
vt 0.518653 0.888584
vt 0.518957 0.894695
vt 0.258653 0.934887
vt 0.258683 0.934564
vt 0.766075 0.846389
vt 0.773824 0.850126
vt 0.751992 0.866266
vt 0.908384 0.454414
vt 0.890317 0.460357
vt 0.889035 0.456515
vt 0.609762 0.883182
vt 0.609765 0.808829
vt 0.117780 0.607388
vt 0.519198 0.185566
vt 0.526881 0.141732
vt 0.306362 0.541034
vt 0.632072 0.516732
vt 0.635754 0.528132
vt 0.629140 0.518200
vt 0.239012 0.095519
vt 0.273488 0.057003
vt 0.270879 0.054662
vt 0.280200 0.045322
vt 0.282591 0.047948
vt 0.670428 0.537664
vt 0.672281 0.537889
vt 0.462445 0.680165
vt 0.457170 0.682355
vt 0.332845 0.048049
vt 0.320466 0.051607
vt 0.742004 0.632129
vt 0.747219 0.632168
vt 0.741657 0.653832
vt 0.125393 0.056692
vt 0.124051 0.056829
vt 0.140343 0.305121
vt 0.444233 0.562586
vt 0.444346 0.574924
vt 0.446848 0.677032
vt 0.072524 0.057097
vt 0.462873 0.488064
vt 0.896437 0.442075
vt 0.793250 0.640189
vt 0.786245 0.643447
vt 0.794562 0.627465
vt 0.320229 0.629908
vt 0.384640 0.453669
vt 0.386137 0.456426
vt 0.377584 0.460283
vt 0.375603 0.457640
vt 0.907829 0.677614
vt 0.692016 0.517263
vt 0.693007 0.519181
vt 0.691202 0.520585
vt 0.689562 0.518806
vt 0.300555 0.358785
vt 0.295969 0.354764
vt 0.295741 0.072042
vt 0.530312 0.767822
vt 0.535534 0.766732
vt 0.535984 0.808827
vt 0.530309 0.808826
vt 0.235528 0.534682
vt 0.235968 0.549205
vt 0.581515 0.580018
vt 0.582080 0.580001
vt 0.581677 0.584868
vt 0.581196 0.584841
vt 0.644942 0.578215
vt 0.673307 0.617682
vt 0.674236 0.623118
vt 0.671494 0.617883
vt 0.185613 0.502811
vt 0.416187 0.301415
vt 0.419339 0.302451
vt 0.413089 0.319933
vt 0.409539 0.321176
vt 0.458290 0.679673
vt 0.453239 0.683618
vt 0.216330 0.536078
vt 0.213435 0.534071
vt 0.485785 0.078013
vt 0.486872 0.080608
vt 0.485213 0.080760
vt 0.483881 0.078074
vt 0.351576 0.462695
vt 0.350307 0.457262
vt 0.212007 0.495520
vt 0.208905 0.498006
vt 0.197867 0.458172
vt 0.187388 0.463744
vt 0.203130 0.460312
vt 0.533951 0.932401
vt 0.541403 0.930058
vt 0.545948 0.967605
vt 0.536458 0.968283
vt 0.186005 0.530726
vt 0.206792 0.528763
vt 0.187001 0.469900
vt 0.068682 0.125420
vt 0.236390 0.560693
vt 0.229623 0.564360
vt 0.229468 0.564839
vt 0.222153 0.567630
vt 0.245404 0.506932
vt 0.243541 0.503512
vt 0.638943 0.546117
vt 0.641189 0.544678
vt 0.441093 0.316415
vt 0.439114 0.319378
vt 0.255635 0.490212
vt 0.323811 0.004324
vt 0.326108 0.004002
vt 0.326890 0.006331
vt 0.186293 0.392114
vt 0.038493 0.391461
vt 0.186685 0.364999
vt 0.123754 0.347396
vt 0.186833 0.347944
vt 0.038974 0.281641
vt 0.003846 0.281344
vt 0.004000 0.263155
vt 0.153077 0.263414
vt 0.124515 0.263177
vt 0.153160 0.253494
vt 0.004093 0.252240
vt 0.319395 0.506653
vt 0.322667 0.502676
vt 0.463709 0.354491
vt 0.449129 0.358095
vt 0.448602 0.357413
vt 0.447949 0.340382
vt 0.457282 0.373482
vt 0.452375 0.133820
vt 0.454776 0.145048
vt 0.451060 0.145507
vt 0.447979 0.135157
vt 0.136317 0.322753
vt 0.136261 0.321114
vt 0.136652 0.319099
vt 0.136254 0.316952
vt 0.137038 0.315481
vt 0.929727 0.593979
vt 0.926756 0.594898
vt 0.924536 0.591232
vt 0.306346 0.377543
vt 0.308367 0.377087
vt 0.306869 0.383729
vt 0.304817 0.383571
vt 0.172649 0.273000
vt 0.964735 0.515053
vt 0.949210 0.530477
vt 0.953190 0.525297
vt 0.958461 0.520118
vt 0.950810 0.506838
vt 0.945628 0.502818
vt 0.941066 0.465720
vt 0.942596 0.467394
vt 0.884493 0.551304
vt 0.896267 0.566774
vt 0.891269 0.567173
vt 0.230908 0.284930
vt 0.938002 0.576501
vt 0.924031 0.576327
vt 0.615885 0.767580
vt 0.621116 0.769576
vt 0.915206 0.457607
vt 0.927079 0.505170
vt 0.939143 0.464491
vt 0.886265 0.478996
vt 0.687482 0.512691
vt 0.689249 0.513909
vt 0.686325 0.516184
vt 0.685339 0.515604
vt 0.228678 0.321492
vt 0.224448 0.319435
vt 0.432146 0.473487
vt 0.432046 0.476513
vt 0.430212 0.476006
vt 0.430063 0.474137
vt 0.893200 0.568916
vt 0.415822 0.051157
vt 0.233668 0.277683
vt 0.223285 0.275286
vt 0.227822 0.276795
vt 0.238332 0.268912
vt 0.230323 0.259716
vt 0.231223 0.277478
vt 0.221389 0.253576
vt 0.345400 0.076117
vt 0.345150 0.071634
vt 0.328126 0.618475
vt 0.226474 0.255479
vt 0.222661 0.251254
vt 0.629356 0.664832
vt 0.627501 0.662994
vt 0.638834 0.655758
vt 0.220914 0.269196
vt 0.202661 0.253325
vt 0.169206 0.266680
vt 0.169463 0.257540
vt 0.177892 0.259212
vt 0.760139 0.658466
vt 0.185693 0.251852
vt 0.199919 0.248906
vt 0.200620 0.249365
vt 0.168664 0.239963
vt 0.188437 0.240583
vt 0.169597 0.241791
vt 0.169864 0.243453
vt 0.066450 0.125836
vt 0.068218 0.131906
vt 0.004083 0.218861
vt 0.071203 0.137419
vt 0.075154 0.142270
vt 0.148178 0.020274
vt 0.134751 0.065893
vt 0.139643 0.016034
vt 0.079940 0.146283
vt 0.124387 0.138198
vt 0.153779 0.220360
vt 0.120265 0.142899
vt 0.171907 0.039133
vt 0.178354 0.047441
vt 0.014343 0.053716
vt 0.009794 0.063364
vt 0.305651 0.522069
vt 0.305284 0.520528
vt 0.034452 0.029428
vt 0.042909 0.023259
vt 0.051246 0.018478
vt 0.059965 0.014509
vt 0.020045 0.044762
vt 0.026788 0.036629
vt 0.166493 0.234939
vt 0.162720 0.229424
vt 0.334197 0.513384
vt 0.334807 0.514161
vt 0.333632 0.514657
vt 0.333082 0.513739
vt 0.006500 0.073546
vt 0.103781 0.151312
vt 0.109778 0.149576
vt 0.115338 0.146738
vt 0.156309 0.025306
vt 0.164517 0.031721
vt 0.183744 0.056532
vt 0.187969 0.066277
vt 0.587841 0.012931
vt 0.605430 0.028403
vt 0.565528 0.057271
vt 0.563064 0.055342
vt 0.190930 0.076515
vt 0.085396 0.149318
vt 0.091331 0.151278
vt 0.097560 0.151885
vt 0.469717 0.132519
vt 0.466014 0.132465
vt 0.465530 0.119248
vt 0.469315 0.118900
vt 0.455470 0.079857
vt 0.452058 0.081292
vt 0.446316 0.069146
vt 0.449612 0.067460
vt 0.290455 0.036819
vt 0.277711 0.042601
vt 0.288217 0.033864
vt 0.667994 0.500750
vt 0.665919 0.503554
vt 0.659246 0.498932
vt 0.661143 0.496107
vt 0.462856 0.076759
vt 0.459057 0.078362
vt 0.453055 0.065702
vt 0.456681 0.063836
vt 0.658226 0.660611
vt 0.652467 0.664922
vt 0.360058 0.861169
vt 0.358693 0.860336
vt 0.235617 0.094309
vt 0.913104 0.582432
vt 0.919833 0.587981
vt 0.912021 0.585253
vt 0.456823 0.156441
vt 0.297383 0.022770
vt 0.285858 0.030774
vt 0.283368 0.027490
vt 0.295153 0.019339
vt 0.240160 0.082274
vt 0.246003 0.070098
vt 0.247641 0.102530
vt 0.248333 0.099066
vt 0.251395 0.094428
vt 0.256524 0.085702
vt 0.263740 0.076388
vt 0.265404 0.066821
vt 0.273381 0.066951
vt 0.285134 0.058168
vt 0.438427 0.438815
vt 0.439364 0.435444
vt 0.441195 0.440175
vt 0.331252 0.025540
vt 0.327490 0.021436
vt 0.403308 0.054335
vt 0.414435 0.062689
vt 0.337092 0.028891
vt 0.346975 0.038274
vt 0.436847 0.059492
vt 0.430527 0.048583
vt 0.994605 0.478381
vt 0.978931 0.478384
vt 0.978924 0.433694
vt 0.994597 0.427922
vt 0.443119 0.070787
vt 0.429764 0.077756
vt 0.424361 0.072204
vt 0.428981 0.042308
vt 0.426241 0.045362
vt 0.425696 0.042912
vt 0.688538 0.640721
vt 0.910829 0.675561
vt 0.683380 0.636592
vt 0.681887 0.634251
vt 0.686303 0.632016
vt 0.687531 0.634191
vt 0.688431 0.524479
vt 0.326474 0.013640
vt 0.325021 0.014972
vt 0.125693 0.058032
vt 0.127833 0.062005
vt 0.133496 0.012961
vt 0.134123 0.014341
vt 0.128658 0.011480
vt 0.130982 0.011670
vt 0.128847 0.023018
vt 0.132362 0.012041
vt 0.294116 0.079139
vt 0.282608 0.082479
vt 0.285583 0.075164
vt 0.404751 0.077497
vt 0.124006 0.067158
vt 0.124426 0.070679
vt 0.201027 0.299071
vt 0.203107 0.302055
vt 0.202828 0.302229
vt 0.200768 0.299272
vt 0.124689 0.074308
vt 0.128306 0.070622
vt 0.112343 0.096576
vt 0.105711 0.093641
vt 0.098532 0.092569
vt 0.072339 0.077130
vt 0.071866 0.112605
vt 0.070739 0.119553
vt 0.349043 0.877370
vt 0.350809 0.878368
vt 0.349012 0.881763
vt 0.073360 0.069809
vt 0.073902 0.066299
vt 0.072977 0.073442
vt 0.074767 0.063056
vt 0.076310 0.063589
vt 0.069097 0.063590
vt 0.069500 0.069628
vt 0.070238 0.061007
vt 0.066303 0.011627
vt 0.065487 0.014536
vt 0.065618 0.012988
vt 0.067483 0.010737
vt 0.070623 0.021882
vt 0.068887 0.010406
vt 0.071236 0.010293
vt 0.119608 0.033937
vt 0.099553 0.034041
vt 0.109530 0.027138
vt 0.099701 0.026472
vt 0.968848 0.694503
vt 0.968558 0.694649
vt 0.192957 0.291854
vt 0.195596 0.294306
vt 0.192771 0.292121
vt 0.089843 0.026753
vt 0.405008 0.515811
vt 0.405944 0.517917
vt 0.326464 0.648538
vt 0.349337 0.646848
vt 0.557451 0.606005
vt 0.554143 0.622472
vt 0.552495 0.605645
vt 0.690767 0.515464
vt 0.687946 0.517374
vt 0.316205 0.539760
vt 0.317378 0.535637
vt 0.711573 0.807433
vt 0.712831 0.790565
vt 0.718326 0.808072
vt 0.321539 0.004937
vt 0.779695 0.804693
vt 0.925483 0.528956
vt 0.909356 0.570578
vt 0.687869 0.520960
vt 0.689701 0.522452
vt 0.688193 0.630956
vt 0.686233 0.519838
vt 0.437289 0.285645
vt 0.073809 0.009644
vt 0.436207 0.441573
vt 0.432683 0.490800
vt 0.433621 0.489235
vt 0.956238 0.983126
vt 0.956155 0.940935
vt 0.961331 0.940929
vt 0.961447 0.983618
vt 0.741491 0.682246
vt 0.746530 0.678729
vt 0.746604 0.696270
vt 0.741557 0.696301
vt 0.554140 0.003839
vt 0.565869 0.004771
vt 0.557257 0.053095
vt 0.554137 0.052862
vt 0.433775 0.476763
vt 0.155209 0.289597
vt 0.152117 0.291511
vt 0.317445 0.159968
vt 0.316717 0.164238
vt 0.316727 0.164793
vt 0.361913 0.180017
vt 0.364026 0.177797
vt 0.361627 0.181270
vt 0.394513 0.092086
vt 0.367683 0.163850
vt 0.385133 0.087155
vt 0.258094 0.098893
vt 0.447882 0.166450
vt 0.448516 0.151306
vt 0.448956 0.159154
vt 0.348901 0.140420
vt 0.349064 0.139835
vt 0.353643 0.141530
vt 0.353401 0.142168
vt 0.933360 0.583251
vt 0.364065 0.563472
vt 0.381560 0.558469
vt 0.380385 0.569741
vt 0.366149 0.567681
vt 0.322879 0.182501
vt 0.326514 0.185417
vt 0.351005 0.283187
vt 0.364884 0.176551
vt 0.365845 0.173789
vt 0.366179 0.171348
vt 0.364491 0.175880
vt 0.358534 0.183593
vt 0.354231 0.187296
vt 0.354492 0.186447
vt 0.317340 0.167735
vt 0.317260 0.162887
vt 0.316820 0.169526
vt 0.318011 0.173738
vt 0.320046 0.178694
vt 0.367027 0.166506
vt 0.367815 0.166861
vt 0.367831 0.168099
vt 0.442137 0.133833
vt 0.446326 0.142832
vt 0.101380 0.982435
vt 0.101904 0.977774
vt 0.109206 0.978487
vt 0.108172 0.982556
vt 0.334644 0.139870
vt 0.330189 0.141821
vt 0.326229 0.144493
vt 0.325910 0.145672
vt 0.322839 0.148117
vt 0.320848 0.150358
vt 0.320321 0.150986
vt 0.318689 0.154991
vt 0.344910 0.190684
vt 0.349686 0.189509
vt 0.366945 0.161576
vt 0.367492 0.159437
vt 0.366322 0.155201
vt 0.364345 0.150828
vt 0.264293 0.092738
vt 0.272469 0.087138
vt 0.227361 0.247815
vt 0.209539 0.532002
vt 0.186812 0.545397
vt 0.565414 0.158796
vt 0.209513 0.243318
vt 0.557513 0.605691
vt 0.562314 0.605084
vt 0.674381 0.538619
vt 0.676587 0.539338
vt 0.672679 0.543202
vt 0.292716 0.983651
vt 0.286155 0.984455
vt 0.284536 0.936068
vt 0.289705 0.935779
vt 0.635203 0.496659
vt 0.645786 0.505701
vt 0.643102 0.508135
vt 0.633129 0.499076
vt 0.450346 0.391137
vt 0.452678 0.387844
vt 0.452980 0.388021
vt 0.450617 0.391371
vt 0.440317 0.426098
vt 0.443802 0.426720
vt 0.467850 0.679061
vt 0.435642 0.089292
vt 0.445909 0.102395
vt 0.438644 0.089635
vt 0.699779 0.637627
vt 0.699362 0.624319
vt 0.706667 0.633617
vt 0.455648 0.159790
vt 0.455070 0.156446
vt 0.456564 0.150879
vt 0.456619 0.140729
vt 0.455187 0.129005
vt 0.447458 0.110456
vt 0.451599 0.115942
vt 0.334129 0.879985
vt 0.334481 0.876023
vt 0.338238 0.876355
vt 0.431624 0.446489
vt 0.431716 0.449632
vt 0.654212 0.636765
vt 0.657117 0.638929
vt 0.649839 0.648349
vt 0.647069 0.646403
vt 0.452013 0.156276
vt 0.430983 0.293569
vt 0.349479 0.660067
vt 0.375751 0.662251
vt 0.439461 0.310368
vt 0.443164 0.313489
vt 0.887096 0.942641
vt 0.883827 0.984098
vt 0.210309 0.531421
vt 0.213596 0.533792
vt 0.210098 0.531669
vt 0.360187 0.436963
vt 0.364577 0.435494
vt 0.369442 0.416900
vt 0.378270 0.397232
vt 0.386761 0.378064
vt 0.392124 0.372916
vt 0.394784 0.359231
vt 0.399660 0.354877
vt 0.402309 0.340405
vt 0.406499 0.337407
vt 0.358288 0.432560
vt 0.368630 0.410376
vt 0.378028 0.389692
vt 0.386462 0.370574
vt 0.394034 0.352577
vt 0.400921 0.335194
vt 0.125028 0.592328
vt 0.122865 0.579354
vt 0.356528 0.468278
vt 0.890748 0.424879
vt 0.635227 0.626279
vt 0.557249 0.631135
vt 0.554885 0.084827
vt 0.393196 0.448348
vt 0.339246 0.872437
vt 0.340113 0.869093
vt 0.344965 0.870801
vt 0.434571 0.690768
vt 0.991347 0.640326
vt 0.953706 0.636116
vt 0.954778 0.630349
vt 0.992083 0.635475
vt 0.204577 0.305377
vt 0.204286 0.305522
vt 0.202552 0.302400
vt 0.428312 0.450775
vt 0.428788 0.448213
vt 0.436026 0.482750
vt 0.436036 0.485919
vt 0.252551 0.101363
vt 0.249843 0.099955
vt 0.311721 0.538056
vt 0.448082 0.439692
vt 0.443948 0.441552
vt 0.678685 0.540281
vt 0.679002 0.535733
vt 0.680994 0.536843
vt 0.433146 0.443138
vt 0.351899 0.882011
vt 0.648490 0.804898
vt 0.635916 0.775856
vt 0.649298 0.782054
vt 0.455757 0.379480
vt 0.456107 0.375679
vt 0.456456 0.375660
vt 0.456099 0.379534
vt 0.331945 0.552142
vt 0.332541 0.551580
vt 0.433217 0.453169
vt 0.436032 0.452006
vt 0.354635 0.860907
vt 0.362304 0.849725
vt 0.357316 0.859498
vt 0.362657 0.851866
vt 0.275089 0.039745
vt 0.299505 0.026021
vt 0.645389 0.490618
vt 0.646956 0.487606
vt 0.654282 0.491486
vt 0.652479 0.494490
vt 0.452057 0.436675
vt 0.448790 0.436226
vt 0.361400 0.861991
vt 0.460182 0.092700
vt 0.463579 0.105885
vt 0.459996 0.106604
vt 0.456656 0.093799
vt 0.369000 0.844925
vt 0.372028 0.840003
vt 0.376286 0.838838
vt 0.383389 0.832043
vt 0.384410 0.833478
vt 0.361559 0.556357
vt 0.370126 0.846127
vt 0.377297 0.840228
vt 0.371240 0.847320
vt 0.354475 0.884966
vt 0.278250 0.766695
vt 0.272184 0.771189
vt 0.223566 0.335856
vt 0.218714 0.335533
vt 0.308893 0.833567
vt 0.305369 0.868993
vt 0.302854 0.830732
vt 0.246778 0.861326
vt 0.298478 0.825853
vt 0.296284 0.819641
vt 0.296648 0.813090
vt 0.264787 0.784459
vt 0.305076 0.756244
vt 0.336375 0.514931
vt 0.329238 0.499641
vt 0.387741 0.804487
vt 0.377455 0.794052
vt 0.266294 0.760645
vt 0.258536 0.759075
vt 0.259260 0.756022
vt 0.321803 0.831774
vt 0.284518 0.763051
vt 0.299511 0.807133
vt 0.971310 0.696073
vt 0.970022 0.691944
vt 0.967130 0.691299
vt 0.965209 0.688211
vt 0.540084 0.644280
vt 0.537708 0.656275
vt 0.484237 0.075594
vt 0.247549 0.760920
vt 0.331221 0.883957
vt 0.323041 0.886198
vt 0.261035 0.773385
vt 0.265195 0.776996
vt 0.261857 0.778835
vt 0.754083 0.790233
vt 0.753286 0.774991
vt 0.758261 0.774790
vt 0.759228 0.789894
vt 0.252993 0.763247
vt 0.272301 0.763592
vt 0.272229 0.766996
vt 0.270456 0.767283
vt 0.270592 0.763985
vt 0.187811 0.563143
vt 0.206127 0.563982
vt 0.014236 0.393619
vt 0.457227 0.690873
vt 0.234504 0.494426
vt 0.241719 0.752515
vt 0.254244 0.753768
vt 0.249524 0.757939
vt 0.227207 0.752641
vt 0.454469 0.427272
vt 0.247974 0.423975
vt 0.242247 0.437227
vt 0.241065 0.437044
vt 0.247244 0.423035
vt 0.623201 0.684342
vt 0.629505 0.682851
vt 0.619095 0.685531
vt 0.178490 0.567106
vt 0.176899 0.574719
vt 0.173973 0.581036
vt 0.061753 0.562989
vt 0.020081 0.588107
vt 0.014617 0.580019
vt 0.029430 0.598101
vt 0.047700 0.610863
vt 0.010278 0.566088
vt 0.063288 0.512913
vt 0.082897 0.484789
vt 0.077531 0.487576
vt 0.063887 0.506841
vt 0.100764 0.483064
vt 0.106555 0.484845
vt 0.033117 0.410155
vt 0.309050 0.015915
vt 0.306399 0.012823
vt 0.317497 0.007227
vt 0.319686 0.010552
vt 0.262044 0.755965
vt 0.158901 0.599005
vt 0.148163 0.607088
vt 0.140411 0.611586
vt 0.072796 0.491328
vt 0.094729 0.482488
vt 0.088700 0.483071
vt 0.111896 0.487694
vt 0.123415 0.501424
vt 0.040034 0.606284
vt 0.482278 0.075888
vt 0.481376 0.077505
vt 0.480510 0.074366
vt 0.610859 0.472379
vt 0.629004 0.475853
vt 0.620312 0.474667
vt 0.614694 0.473491
vt 0.670187 0.497767
vt 0.656238 0.488244
vt 0.259732 0.062702
vt 0.262633 0.064799
vt 0.659838 0.651781
vt 0.636775 0.493984
vt 0.646634 0.669358
vt 0.641110 0.480327
vt 0.639551 0.483878
vt 0.628670 0.666407
vt 0.657410 0.501653
vt 0.184810 0.275204
vt 0.184925 0.274895
vt 0.190495 0.277580
vt 0.329382 0.019988
vt 0.327379 0.017648
vt 0.319403 0.005898
vt 0.787160 0.577874
vt 0.790367 0.580175
vt 0.788305 0.587274
vt 0.781477 0.585578
vt 0.439217 0.036925
vt 0.437386 0.035551
vt 0.677045 0.534565
vt 0.328018 0.012128
vt 0.067425 0.621317
vt 0.060883 0.618866
vt 0.066497 0.607650
vt 0.060052 0.618398
vt 0.059305 0.614890
vt 0.059353 0.617388
vt 0.059088 0.616156
vt 0.064792 0.592198
vt 0.065481 0.599979
vt 0.065913 0.575004
vt 0.064039 0.563109
vt 0.066149 0.586081
vt 0.067982 0.585946
vt 0.065599 0.578941
vt 0.428879 0.352231
vt 0.066318 0.563238
vt 0.071466 0.525882
vt 0.087486 0.538725
vt 0.101448 0.538812
vt 0.117769 0.563794
vt 0.094465 0.539676
vt 0.107931 0.536115
vt 0.113442 0.531792
vt 0.847584 0.940954
vt 0.847558 0.981941
vt 0.976856 0.940909
vt 0.976910 0.984389
vt 0.310505 0.933929
vt 0.719316 0.633312
vt 0.725351 0.633861
vt 0.888981 0.984376
vt 0.467583 0.676478
vt 0.620731 0.658277
vt 0.713488 0.758149
vt 0.706940 0.758083
vt 0.713642 0.742245
vt 0.122599 0.575404
vt 0.567576 0.603499
vt 0.571538 0.601080
vt 0.575172 0.597853
vt 0.547536 0.604129
vt 0.551165 0.605402
vt 0.463095 0.677427
vt 0.538469 0.563648
vt 0.541627 0.560436
vt 0.542209 0.560425
vt 0.538070 0.563641
vt 0.535047 0.567520
vt 0.248852 0.454054
vt 0.545781 0.557965
vt 0.546487 0.558014
vt 0.551120 0.556487
vt 0.424332 0.353523
vt 0.428439 0.352339
vt 0.783420 0.821959
vt 0.577742 0.566236
vt 0.574381 0.562583
vt 0.570767 0.559592
vt 0.400232 0.515845
vt 0.569815 0.559629
vt 0.566623 0.557445
vt 0.565440 0.557448
vt 0.560761 0.556171
vt 0.543481 0.601939
vt 0.539097 0.598939
vt 0.539528 0.598928
vt 0.533445 0.590976
vt 0.535937 0.595224
vt 0.326844 0.656902
vt 0.329996 0.814837
vt 0.673779 0.612414
vt 0.323230 0.181080
vt 0.326796 0.184470
vt 0.340265 0.189662
vt 0.339874 0.190905
vt 0.427804 0.487880
vt 0.395600 0.515503
vt 0.403619 0.511430
vt 0.407772 0.518043
vt 0.413704 0.513569
vt 0.404059 0.513736
vt 0.407443 0.511061
vt 0.390881 0.522039
vt 0.689281 0.632883
vt 0.690589 0.634663
vt 0.408366 0.506938
vt 0.414574 0.514351
vt 0.401847 0.520918
vt 0.383306 0.518833
vt 0.268735 0.770215
vt 0.361037 0.148176
vt 0.361480 0.147084
vt 0.363874 0.152223
vt 0.023615 0.370795
vt 0.023572 0.379120
vt 0.017749 0.376530
vt 0.015061 0.387626
vt 0.012119 0.382266
vt 0.012088 0.383739
vt 0.013946 0.387344
vt 0.012979 0.386554
vt 0.012312 0.385307
vt 0.630993 0.501365
vt 0.076587 0.008327
vt 0.627381 0.518418
vt 0.184528 0.604229
vt 0.344270 0.138904
vt 0.638416 0.533861
vt 0.651042 0.627535
vt 0.648130 0.632897
vt 0.313597 0.053143
vt 0.312665 0.049124
vt 0.074445 0.626326
vt 0.076704 0.627502
vt 0.664494 0.635562
vt 0.646249 0.656724
vt 0.774419 0.585491
vt 0.776075 0.576203
vt 0.779989 0.575874
vt 0.346271 0.042882
vt 0.469469 0.938204
vt 0.463400 0.940270
vt 0.463203 0.890763
vt 0.468879 0.890763
vt 0.357494 0.144783
vt 0.357840 0.143615
vt 0.339480 0.138972
vt 0.344143 0.139599
vt 0.339283 0.139730
vt 0.454333 0.694121
vt 0.238554 0.531244
vt 0.238770 0.531481
vt 0.235220 0.534070
vt 0.235055 0.533796
vt 0.463894 0.091549
vt 0.467839 0.090318
vt 0.471395 0.104334
vt 0.467358 0.105127
vt 0.773637 0.725874
vt 0.587063 0.808828
vt 0.587031 0.758834
vt 0.291811 0.348933
vt 0.626660 0.648062
vt 0.111061 0.627775
vt 0.102553 0.629196
vt 0.093866 0.629763
vt 0.085189 0.629058
vt 0.117704 0.624107
vt 0.119687 0.607740
vt 0.119777 0.622494
vt 0.917650 0.451391
vt 0.916437 0.454520
vt 0.123527 0.592628
vt 0.357557 0.064208
vt 0.356837 0.068704
vt 0.345376 0.067174
vt 0.345597 0.062649
vt 0.122722 0.600414
vt 0.120444 0.621754
vt 0.121591 0.608083
vt 0.127037 0.619408
vt 0.127881 0.618955
vt 0.128691 0.615452
vt 0.128599 0.617955
vt 0.128886 0.616724
vt 0.436651 0.045821
vt 0.433626 0.047203
vt 0.692194 0.636025
vt 0.431879 0.041648
vt 0.443285 0.042463
vt 0.439792 0.044273
vt 0.442276 0.040397
vt 0.438622 0.450667
vt 0.579940 0.589543
vt 0.580422 0.589539
vt 0.578188 0.593973
vt 0.577784 0.593937
vt 0.313375 0.631244
vt 0.636760 0.663443
vt 0.631665 0.665379
vt 0.641211 0.657629
vt 0.644808 0.658073
vt 0.218275 0.644277
vt 0.216101 0.641580
vt 0.251342 0.637533
vt 0.252195 0.639718
vt 0.644142 0.659066
vt 0.653204 0.649176
vt 0.625584 0.661250
vt 0.623895 0.667021
vt 0.628277 0.665287
vt 0.465931 0.696238
vt 0.463095 0.697130
vt 0.364629 0.567296
vt 0.365716 0.572950
vt 0.363446 0.572761
vt 0.363686 0.567398
vt 0.329887 0.010401
vt 0.331722 0.011965
vt 0.780125 0.741060
vt 0.786415 0.740781
vt 0.787159 0.756090
vt 0.780852 0.756460
vt 0.770827 0.834402
vt 0.770448 0.833164
vt 0.777958 0.834964
vt 0.335204 0.522313
vt 0.458665 0.692678
vt 0.183385 0.286797
vt 0.454428 0.698051
vt 0.456940 0.698730
vt 0.188201 0.451244
vt 0.451835 0.697096
vt 0.334493 0.140812
vt 0.302048 0.539057
vt 0.389276 0.693927
vt 0.377234 0.689373
vt 0.640927 0.137632
vt 0.646744 0.155969
vt 0.707728 0.711074
vt 0.700699 0.716153
vt 0.347905 0.553509
vt 0.349406 0.553653
vt 0.211333 0.639601
vt 0.175651 0.637012
vt 0.166480 0.643775
vt 0.420184 0.509007
vt 0.274144 0.631241
vt 0.247252 0.635174
vt 0.195340 0.591780
vt 0.180688 0.589011
vt 0.313701 0.590574
vt 0.318427 0.594330
vt 0.314372 0.592033
vt 0.326783 0.598450
vt 0.320087 0.595976
vt 0.334068 0.599437
vt 0.338862 0.600055
vt 0.346288 0.599042
vt 0.352728 0.596706
vt 0.207744 0.591450
vt 0.227817 0.591182
vt 0.375805 0.675857
vt 0.361303 0.687430
vt 0.349505 0.673157
vt 0.287034 0.589277
vt 0.260720 0.590595
vt 0.258439 0.589304
vt 0.289921 0.590913
vt 0.548878 0.927631
vt 0.555435 0.966925
vt 0.569111 0.062373
vt 0.611825 0.038277
vt 0.616315 0.049147
vt 0.570090 0.065348
vt 0.114129 0.144860
vt 0.108952 0.147502
vt 0.108146 0.145446
vt 0.112948 0.142993
vt 0.335383 0.517203
vt 0.342701 0.520977
vt 0.345454 0.521921
vt 0.364040 0.523121
vt 0.365867 0.523004
vt 0.383513 0.522971
vt 0.245823 0.590817
vt 0.426197 0.691171
vt 0.931873 0.592483
vt 0.412187 0.386382
vt 0.414389 0.390161
vt 0.411563 0.386531
vt 0.378962 0.581771
vt 0.366558 0.579216
vt 0.366933 0.572796
vt 0.344620 0.684840
vt 0.327177 0.681510
vt 0.327127 0.673409
vt 0.241773 0.528224
vt 0.244108 0.524439
vt 0.414639 0.389958
vt 0.342769 0.554382
vt 0.345282 0.553645
vt 0.344750 0.551739
vt 0.333946 0.551572
vt 0.329831 0.547931
vt 0.377666 0.594535
vt 0.888137 0.619122
vt 0.888865 0.619523
vt 0.888214 0.620312
vt 0.887405 0.619853
vt 0.243983 0.465177
vt 0.354884 0.595149
vt 0.360046 0.590613
vt 0.364193 0.585576
vt 0.419356 0.694803
vt 0.421208 0.698246
vt 0.406838 0.698263
vt 0.328252 0.008488
vt 0.351853 0.522882
vt 0.361789 0.562396
vt 0.710927 0.835408
vt 0.707370 0.833203
vt 0.708958 0.825383
vt 0.357789 0.558299
vt 0.361753 0.560634
vt 0.359021 0.557717
vt 0.355746 0.555923
vt 0.352548 0.553711
vt 0.324822 0.547971
vt 0.332009 0.550866
vt 0.315307 0.543261
vt 0.181500 0.605067
vt 0.181394 0.591821
vt 0.237222 0.279971
vt 0.766350 0.577042
vt 0.765170 0.586330
vt 0.480736 0.085910
vt 0.324278 0.681504
vt 0.739650 0.841058
vt 0.748906 0.841702
vt 0.619317 0.495536
vt 0.628790 0.503539
vt 0.733074 0.665728
vt 0.733100 0.680846
vt 0.733326 0.726032
vt 0.733410 0.741340
vt 0.733487 0.756803
vt 0.575713 0.808827
vt 0.575715 0.757406
vt 0.581313 0.757855
vt 0.581388 0.808828
vt 0.736845 0.696320
vt 0.772990 0.594339
vt 0.764189 0.595137
vt 0.532227 0.586307
vt 0.533790 0.590938
vt 0.926794 0.639138
vt 0.926292 0.634696
vt 0.932934 0.634200
vt 0.933166 0.638437
vt 0.373392 0.894696
vt 0.373695 0.888586
vt 0.380099 0.883837
vt 0.068155 0.957202
vt 0.062550 0.952777
vt 0.068313 0.953219
vt 0.054795 0.978053
vt 0.053557 0.972598
vt 0.061302 0.971480
vt 0.062119 0.975970
vt 0.760752 0.585922
vt 0.759937 0.594260
vt 0.755062 0.585479
vt 0.888097 0.630121
vt 0.886661 0.625185
vt 0.894370 0.623224
vt 0.068006 0.961612
vt 0.074710 0.957157
vt 0.939442 0.634127
vt 0.939224 0.638273
vt 0.299202 0.470130
vt 0.301527 0.464166
vt 0.303067 0.465536
vt 0.932630 0.624772
vt 0.925486 0.620182
vt 0.932546 0.620165
vt 0.756932 0.738552
vt 0.757339 0.752921
vt 0.255249 0.779455
vt 0.254141 0.775414
vt 0.257505 0.774301
vt 0.258477 0.779074
vt 0.525491 0.892683
vt 0.532117 0.901242
vt 0.081533 0.956979
vt 0.945237 0.639024
vt 0.946155 0.634680
vt 0.912986 0.641329
vt 0.737172 0.584528
vt 0.743009 0.584744
vt 0.742744 0.593251
vt 0.737142 0.593097
vt 0.109645 0.973627
vt 0.920057 0.640143
vt 0.919385 0.635483
vt 0.737063 0.632037
vt 0.736850 0.653832
vt 0.733068 0.650495
vt 0.733178 0.634919
vt 0.933527 0.642258
vt 0.939042 0.641822
vt 0.946401 0.619526
vt 0.939357 0.620086
vt 0.939097 0.615935
vt 0.945601 0.614972
vt 0.925503 0.615523
vt 0.932580 0.615788
vt 0.994719 0.621471
vt 0.954531 0.618565
vt 0.944736 0.610741
vt 0.391366 0.872572
vt 0.395463 0.875441
vt 0.386005 0.878480
vt 0.343520 0.886185
vt 0.939538 0.624657
vt 0.946764 0.624498
vt 0.894504 0.649409
vt 0.891766 0.648748
vt 0.890828 0.644910
vt 0.302793 0.474380
vt 0.506463 0.925191
vt 0.491581 0.931608
vt 0.491583 0.890761
vt 0.738737 0.833458
vt 0.733567 0.834508
vt 0.352144 0.898782
vt 0.359652 0.896096
vt 0.360232 0.901243
vt 0.366858 0.892684
vt 0.413062 0.065529
vt 0.743649 0.806753
vt 0.744348 0.823762
vt 0.760578 0.805610
vt 0.762457 0.822206
vt 0.733197 0.618994
vt 0.759911 0.673417
vt 0.756426 0.661207
vt 0.756264 0.675262
vt 0.751562 0.675241
vt 0.096151 0.957022
vt 0.074582 0.952945
vt 0.927434 0.643254
vt 0.920837 0.644522
vt 0.943961 0.642478
vt 0.952198 0.641373
vt 0.941260 0.645829
vt 0.917925 0.615459
vt 0.918075 0.620377
vt 0.239870 0.443625
vt 0.540206 0.898788
vt 0.532698 0.896095
vt 0.758154 0.617720
vt 0.752431 0.632389
vt 0.576927 0.566357
vt 0.573702 0.562642
vt 0.913825 0.645923
vt 0.756626 0.724330
vt 0.741526 0.668117
vt 0.736769 0.668105
vt 0.761982 0.771678
vt 0.506343 0.878479
vt 0.284659 0.584023
vt 0.313173 0.585618
vt 0.713810 0.726543
vt 0.229835 0.282872
vt 0.737912 0.790850
vt 0.228311 0.254985
vt 0.885932 0.621065
vt 0.887327 0.621378
vt 0.566428 0.160054
vt 0.961603 0.515376
vt 0.745033 0.832771
vt 0.762699 0.611937
vt 0.755708 0.576887
vt 0.761602 0.577265
vt 0.068109 0.970989
vt 0.068362 0.975218
vt 0.910341 0.620883
vt 0.909934 0.615763
vt 0.902386 0.621799
vt 0.901652 0.616554
vt 0.889529 0.618786
vt 0.255663 0.761171
vt 0.451772 0.942944
vt 0.446175 0.943292
vt 0.651209 0.634767
vt 0.542708 0.622796
vt 0.457492 0.941913
vt 0.457527 0.890763
vt 0.318390 0.531503
vt 0.301971 0.389034
vt 0.303974 0.389610
vt 0.300638 0.394485
vt 0.298888 0.394544
vt 0.686876 0.641768
vt 0.685014 0.639035
vt 0.319876 0.658179
vt 0.319563 0.646748
vt 0.321547 0.646801
vt 0.322345 0.658530
vt 0.230267 0.280054
vt 0.440890 0.038541
vt 0.411905 0.042345
vt 0.417163 0.042502
vt 0.410937 0.044964
vt 0.624861 0.490570
vt 0.622635 0.491446
vt 0.168398 0.589089
vt 0.477063 0.072926
vt 0.937270 0.592966
vt 0.939875 0.594138
vt 0.731894 0.910472
vt 0.560539 0.168193
vt 0.363922 0.852884
vt 0.567440 0.161309
vt 0.347825 0.904963
vt 0.344409 0.900730
vt 0.179155 0.619505
vt 0.183303 0.614509
vt 0.181249 0.624175
vt 0.206243 0.561782
vt 0.723339 0.838200
vt 0.731689 0.838502
vt 0.723755 0.840007
vt 0.706994 0.835450
vt 0.700938 0.824902
vt 0.697683 0.821788
vt 0.329238 0.491940
vt 0.329044 0.485717
vt 0.322286 0.472693
vt 0.317503 0.470627
vt 0.323630 0.471777
vt 0.326471 0.475553
vt 0.328866 0.480391
vt 0.791530 0.677218
vt 0.780036 0.642978
vt 0.551864 0.195163
vt 0.554850 0.186311
vt 0.553422 0.195304
vt 0.713967 0.572558
vt 0.718022 0.572235
vt 0.778805 0.672880
vt 0.779125 0.657970
vt 0.291369 0.350113
vt 0.414271 0.361701
vt 0.416880 0.358511
vt 0.706128 0.617936
vt 0.696521 0.598548
vt 0.783461 0.787564
vt 0.789793 0.786698
vt 0.784886 0.672967
vt 0.778853 0.687819
vt 0.713149 0.633458
vt 0.712635 0.617508
vt 0.710134 0.573867
vt 0.220914 0.563763
vt 0.421279 0.086663
vt 0.212986 0.534263
vt 0.737675 0.775509
vt 0.700044 0.650959
vt 0.706966 0.649319
vt 0.700195 0.664272
vt 0.707766 0.695796
vt 0.354745 0.466455
vt 0.346963 0.476561
vt 0.343813 0.476034
vt 0.700743 0.690782
vt 0.736773 0.682250
vt 0.733185 0.695869
vt 0.788269 0.771427
vt 0.795970 0.780056
vt 0.785178 0.658213
vt 0.792219 0.652862
vt 0.763016 0.787570
vt 0.779692 0.594343
vt 0.704016 0.829838
vt 0.699896 0.756402
vt 0.733255 0.710900
vt 0.701567 0.823606
vt 0.443112 0.055961
vt 0.446352 0.054047
vt 0.326762 0.827395
vt 0.781920 0.771957
vt 0.063270 0.591866
vt 0.532866 0.571949
vt 0.713274 0.774246
vt 0.525006 0.824148
vt 0.515548 0.821108
vt 0.514794 0.813578
vt 0.368168 0.071301
vt 0.795146 0.589355
vt 0.779561 0.725728
vt 0.310939 0.019212
vt 0.701099 0.585331
vt 0.699822 0.585299
vt 0.703052 0.579784
vt 0.706495 0.576176
vt 0.677413 0.508305
vt 0.579354 0.570610
vt 0.759916 0.688289
vt 0.732939 0.602312
vt 0.743129 0.790727
vt 0.725082 0.807435
vt 0.732332 0.574742
vt 0.722215 0.572931
vt 0.925914 0.657488
vt 0.925864 0.657166
vt 0.929928 0.656762
vt 0.929947 0.657087
vt 0.783710 0.576444
vt 0.675632 0.643115
vt 0.261652 0.784010
vt 0.306879 0.073445
vt 0.927919 0.669801
vt 0.930364 0.982281
vt 0.925209 0.982571
vt 0.793331 0.583594
vt 0.795969 0.588551
vt 0.796365 0.614757
vt 0.795722 0.822881
vt 0.792876 0.826687
vt 0.372525 0.919241
vt 0.798116 0.817373
vt 0.713397 0.649246
vt 0.770870 0.611198
vt 0.437219 0.482606
vt 0.786217 0.830982
vt 0.789690 0.829303
vt 0.069826 0.502898
vt 0.699588 0.770008
vt 0.427669 0.499111
vt 0.700453 0.677566
vt 0.796463 0.825234
vt 0.800305 0.815619
vt 0.792961 0.829214
vt 0.788537 0.832096
vt 0.800368 0.804950
vt 0.799634 0.823561
vt 0.795008 0.829334
vt 0.789908 0.832929
vt 0.784240 0.834795
vt 0.449026 0.442192
vt 0.178483 0.605861
vt 0.249616 0.584742
vt 0.256106 0.584513
vt 0.496885 0.875441
vt 0.411400 0.441053
vt 0.178856 0.273565
vt 0.179866 0.285881
vt 0.671517 0.612676
vt 0.025137 0.397489
vt 0.343426 0.594322
vt 0.345717 0.598099
vt 0.336797 0.599002
vt 0.335509 0.593872
vt 0.756664 0.822759
vt 0.755174 0.806078
vt 0.265286 0.049681
vt 0.268159 0.052233
vt 0.258508 0.783644
vt 0.897443 0.638870
vt 0.763493 0.831002
vt 0.179823 0.612782
vt 0.074648 0.970945
vt 0.074555 0.975221
vt 0.630515 0.827020
vt 0.662231 0.803497
vt 0.655024 0.806910
vt 0.661649 0.798351
vt 0.117177 0.956438
vt 0.115467 0.953696
vt 0.117245 0.953978
vt 0.641782 0.815756
vt 0.761416 0.627890
vt 0.119155 0.959712
vt 0.118095 0.964561
vt 0.271555 0.759152
vt 0.272111 0.761036
vt 0.954899 0.624350
vt 0.993791 0.625989
vt 0.992917 0.630603
vt 0.116731 0.974305
vt 0.116451 0.979024
vt 0.648186 0.811008
vt 0.509641 0.815751
vt 0.503238 0.811002
vt 0.502935 0.804892
vt 0.088690 0.956890
vt 0.081373 0.952501
vt 0.088635 0.952165
vt 0.096287 0.952097
vt 0.669738 0.800803
vt 0.311742 0.519046
vt 0.620877 0.081853
vt 0.081269 0.971195
vt 0.080979 0.975631
vt 0.496401 0.806904
vt 0.115810 0.982802
vt 0.112727 0.982981
vt 0.481687 0.800799
vt 0.489776 0.798345
vt 0.489194 0.803491
vt 0.065904 0.983409
vt 0.063357 0.979676
vt 0.183529 0.586905
vt 0.533035 0.911677
vt 0.545404 0.904598
vt 0.255516 0.769364
vt 0.890198 0.640071
vt 0.751688 0.703242
vt 0.068636 0.978921
vt 0.088106 0.971639
vt 0.005281 0.983413
vt 0.520908 0.827016
vt 0.080584 0.979773
vt 0.074376 0.979125
vt 0.119624 0.955691
vt 0.758155 0.978467
vt 0.760551 0.980312
vt 0.768935 0.980434
vt 0.766185 0.982133
vt 0.772920 0.986396
vt 0.305230 0.528623
vt 0.304582 0.532517
vt 0.768350 0.977009
vt 0.307010 0.529286
vt 0.519220 0.936460
vt 0.526969 0.968962
vt 0.702854 0.831581
vt 0.700416 0.826988
vt 0.246404 0.866421
vt 0.545335 0.055763
vt 0.520684 0.013699
vt 0.729625 0.908249
vt 0.768554 0.972417
vt 0.769543 0.969584
vt 0.684721 0.518860
vt 0.371255 0.379241
vt 0.542442 0.005056
vt 0.551032 0.053242
vt 0.726966 0.906502
vt 0.963554 0.675495
vt 0.560271 0.053932
vt 0.577231 0.007843
vt 0.710320 0.851954
vt 0.436180 0.399423
vt 0.436163 0.399076
vt 0.338238 0.473529
vt 0.548059 0.054222
vt 0.531165 0.008380
vt 0.202652 0.513138
vt 0.202796 0.517353
vt 0.155014 0.277392
vt 0.730173 0.932954
vt 0.058385 0.614798
vt 0.057436 0.614766
vt 0.325290 0.504526
vt 0.068077 0.622071
vt 0.333797 0.515356
vt 0.324371 0.671347
vt 0.322629 0.670047
vt 0.456246 0.974065
vt 0.460619 0.964857
vt 0.498531 0.971009
vt 0.465090 0.956747
vt 0.470140 0.949015
vt 0.496298 0.940107
vt 0.478296 0.941408
vt 0.477206 0.941985
vt 0.477690 0.941581
vt 0.061357 0.014533
vt 0.062741 0.014546
vt 0.585170 0.154135
vt 0.576354 0.157445
vt 0.439576 0.299559
vt 0.436834 0.301033
vt 0.435152 0.297133
vt 0.438020 0.296141
vt 0.594443 0.151176
vt 0.594507 0.152781
vt 0.638661 0.641072
vt 0.631577 0.650581
vt 0.547124 0.194894
vt 0.548681 0.184685
vt 0.494296 0.093903
vt 0.498789 0.105639
vt 0.550863 0.248523
vt 0.549385 0.255269
vt 0.550746 0.250592
vt 0.549492 0.249829
vt 0.551456 0.254130
vt 0.549831 0.253087
vt 0.631427 0.111148
vt 0.637489 0.126565
vt 0.659155 0.892842
vt 0.665688 0.882054
vt 0.707457 0.910655
vt 0.705798 0.913265
vt 0.295706 0.750259
vt 0.492029 0.081847
vt 0.489715 0.076475
vt 0.517240 0.192419
vt 0.488159 0.058704
vt 0.483881 0.064186
vt 0.482244 0.070168
vt 0.711843 0.987342
vt 0.699480 0.984811
vt 0.715734 0.936071
vt 0.718785 0.936649
vt 0.428784 0.039791
vt 0.431086 0.039293
vt 0.256653 0.060509
vt 0.253361 0.058171
vt 0.262223 0.046959
vt 0.239222 0.532099
vt 0.712837 0.934903
vt 0.687803 0.979950
vt 0.914003 0.673788
vt 0.483249 0.236265
vt 0.484981 0.231919
vt 0.485549 0.237715
vt 0.473774 0.244602
vt 0.477173 0.241241
vt 0.478210 0.242658
vt 0.479505 0.238788
vt 0.793215 0.741296
vt 0.793839 0.754197
vt 0.480342 0.241480
vt 0.481323 0.240882
vt 0.481890 0.238945
vt 0.978942 0.549503
vt 0.994616 0.549501
vt 0.978945 0.605359
vt 0.982848 0.603096
vt 0.267423 0.758357
vt 0.652088 0.518219
vt 0.412071 0.365316
vt 0.912339 0.445702
vt 0.887659 0.443679
vt 0.203379 0.392978
vt 0.199827 0.391266
vt 0.202247 0.420386
vt 0.208656 0.417220
vt 0.307935 0.369686
vt 0.306038 0.370744
vt 0.304052 0.364219
vt 0.305717 0.362689
vt 0.215792 0.242874
vt 0.894387 0.419034
vt 0.644625 0.589057
vt 0.945109 0.465658
vt 0.943051 0.463409
vt 0.439961 0.057763
vt 0.490498 0.082249
vt 0.713577 0.852542
vt 0.717924 0.904876
vt 0.852740 0.940960
vt 0.189899 0.289949
vt 0.186664 0.288362
vt 0.216212 0.430200
vt 0.214649 0.430737
vt 0.127667 0.646076
vt 0.620917 0.078271
vt 0.175545 0.632770
vt 0.176322 0.625813
vt 0.171256 0.631578
vt 0.120054 0.563715
vt 0.208185 0.315590
vt 0.207860 0.315640
vt 0.116502 0.498837
vt 0.116913 0.498575
vt 0.112675 0.142581
vt 0.107961 0.144988
vt 0.137363 0.315532
vt 0.137684 0.315583
vt 0.099914 0.487313
vt 0.072806 0.498645
vt 0.076135 0.494764
vt 0.594593 0.154346
vt 0.901119 0.942641
vt 0.070121 0.623720
vt 0.626867 0.911551
vt 0.628098 0.962184
vt 0.232856 0.439768
vt 0.228021 0.437070
vt 0.312025 0.627180
vt 0.662353 0.534531
vt 0.363189 0.584837
vt 0.365265 0.578887
vt 0.669211 0.592711
vt 0.672617 0.589702
vt 0.195478 0.281225
vt 0.672037 0.565585
vt 0.673437 0.577569
vt 0.144470 0.299176
vt 0.333723 0.062203
vt 0.398849 0.063058
vt 0.669794 0.612382
vt 0.202633 0.290732
vt 0.202915 0.290564
vt 0.621012 0.493539
vt 0.611492 0.490278
vt 0.126136 0.010753
vt 0.123443 0.009343
vt 0.625992 0.515939
vt 0.630196 0.491724
vt 0.655304 0.515898
vt 0.617061 0.489944
vt 0.632339 0.480231
vt 0.104714 0.489280
vt 0.104904 0.488834
vt 0.269297 0.763929
vt 0.607780 0.486748
vt 0.610250 0.475052
vt 0.609617 0.477535
vt 0.461374 0.403857
vt 0.638170 0.487156
vt 0.640619 0.674098
vt 0.648661 0.672226
vt 0.638376 0.678962
vt 0.625941 0.680631
vt 0.633588 0.677797
vt 0.663936 0.506237
vt 0.462377 0.472375
vt 0.473226 0.335599
vt 0.468292 0.351086
vt 0.660176 0.663096
vt 0.450149 0.052675
vt 0.635773 0.639462
vt 0.067454 0.574638
vt 0.110690 0.489495
vt 0.078718 0.489386
vt 0.083714 0.486794
vt 0.105720 0.486849
vt 0.315181 0.869677
vt 0.100334 0.485203
vt 0.103370 0.149116
vt 0.084511 0.488782
vt 0.079877 0.491186
vt 0.118714 0.141286
vt 0.122542 0.136906
vt 0.070342 0.131045
vt 0.082456 0.142610
vt 0.081212 0.144441
vt 0.073068 0.498827
vt 0.076355 0.494988
vt 0.916633 0.573892
vt 0.930703 0.532952
vt 0.060598 0.577126
vt 0.129970 0.078417
vt 0.128134 0.120507
vt 0.296757 0.749615
vt 0.369398 0.066913
vt 0.291614 0.748927
vt 0.280934 0.753729
vt 0.288208 0.753111
vt 0.082744 0.142200
vt 0.368194 0.521273
vt 0.364532 0.519962
vt 0.357079 0.521625
vt 0.353632 0.520360
vt 0.347057 0.520642
vt 0.344817 0.518625
vt 0.335908 0.516122
vt 0.344127 0.521025
vt 0.353718 0.522614
vt 0.364252 0.522652
vt 0.334336 0.515288
vt 0.303924 0.466191
vt 0.303778 0.474060
vt 0.272417 0.893018
vt 0.258321 0.892591
vt 0.246060 0.892068
vt 0.287215 0.892324
vt 0.302310 0.890651
vt 0.236839 0.872679
vt 0.235400 0.876448
vt 0.234315 0.868512
vt 0.227592 0.874527
vt 0.345157 0.189542
vt 0.349965 0.188459
vt 0.303988 0.877833
vt 0.304668 0.873425
vt 0.328310 0.499243
vt 0.326391 0.498703
vt 0.327357 0.498937
vt 0.071123 0.073344
vt 0.445160 0.417639
vt 0.451110 0.400119
vt 0.135926 0.316944
vt 0.447792 0.398792
vt 0.442080 0.416787
vt 0.787700 0.859347
vt 0.724672 0.854064
vt 0.720033 0.844517
vt 0.730018 0.841919
vt 0.796897 0.952849
vt 0.778316 0.969074
vt 0.757642 0.843508
vt 0.774180 0.969790
vt 0.798184 0.889179
vt 0.802064 0.945000
vt 0.551315 0.643447
vt 0.240423 0.879023
vt 0.962808 0.685474
vt 0.962553 0.685676
vt 0.078697 0.138799
vt 0.294901 0.935352
vt 0.519690 0.132600
vt 0.023645 0.387689
vt 0.345426 0.026060
vt 0.317043 0.072405
vt 0.533235 0.571938
vt 0.678028 0.603487
vt 0.680544 0.590686
vt 0.248310 0.324203
vt 0.252563 0.301914
vt 0.414240 0.050764
vt 0.541925 0.632119
vt 0.543738 0.644007
vt 0.425313 0.040379
vt 0.448769 0.082678
vt 0.453266 0.094861
vt 0.456555 0.107301
vt 0.458508 0.119944
vt 0.656009 0.523780
vt 0.413690 0.085418
vt 0.749069 0.584992
vt 0.207538 0.315691
vt 0.401502 0.058533
vt 0.206322 0.308568
vt 0.207419 0.312030
vt 0.207102 0.312115
vt 0.206014 0.308683
vt 0.431648 0.482418
vt 0.382612 0.445518
vt 0.323517 0.658105
vt 0.323121 0.647346
vt 0.411169 0.088579
vt 0.300648 0.052050
vt 0.910772 0.663599
vt 0.350113 0.477671
vt 0.794761 0.767131
vt 0.275819 0.079512
vt 0.306122 0.069905
vt 0.302005 0.055685
vt 0.929938 0.599516
vt 0.935862 0.602468
vt 0.937099 0.608071
vt 0.557991 0.084442
vt 0.379397 0.358060
vt 0.961419 0.983945
vt 0.956208 0.983453
vt 0.216617 0.494161
vt 0.216502 0.493864
vt 0.220496 0.492771
vt 0.220548 0.493084
vt 0.466664 0.158131
vt 0.468703 0.145669
vt 0.472467 0.146138
vt 0.470200 0.158821
vt 0.461946 0.119593
vt 0.365177 0.853897
vt 0.560964 0.083458
vt 0.473357 0.118569
vt 0.473660 0.132628
vt 0.679175 0.505097
vt 0.246071 0.515956
vt 0.246384 0.515981
vt 0.245669 0.520310
vt 0.245360 0.520228
vt 0.067648 0.063971
vt 0.064117 0.014547
vt 0.908130 0.942638
vt 0.909570 0.983678
vt 0.069786 0.073445
vt 0.317489 0.683075
vt 0.097585 0.149642
vt 0.129967 0.071463
vt 0.545956 0.082332
vt 0.196662 0.244054
vt 0.305890 0.361352
vt 0.336246 0.934351
vt 0.334802 0.983647
vt 0.923536 0.590478
vt 0.605017 0.765693
vt 0.303644 0.393907
vt 0.305225 0.390223
vt 0.580898 0.575222
vt 0.259189 0.394968
vt 0.253370 0.405791
vt 0.257342 0.396328
vt 0.240911 0.434826
vt 0.302180 0.427172
vt 0.214493 0.372236
vt 0.218429 0.363697
vt 0.223000 0.349430
vt 0.264834 0.380045
vt 0.259214 0.392865
vt 0.264015 0.379269
vt 0.253430 0.399188
vt 0.259944 0.376004
vt 0.310160 0.388815
vt 0.263246 0.364642
vt 0.264620 0.362565
vt 0.380106 0.029250
vt 0.365690 0.026200
vt 0.307348 0.385390
vt 0.308530 0.380242
vt 0.477914 0.065404
vt 0.217360 0.437437
vt 0.215343 0.433506
vt 0.226472 0.417531
vt 0.205107 0.392214
vt 0.212281 0.377045
vt 0.212484 0.374161
vt 0.212495 0.376472
vt 0.274806 0.350674
vt 0.273468 0.353035
vt 0.367959 0.354916
vt 0.172661 0.272672
vt 0.178914 0.273241
vt 0.265583 0.360403
vt 0.268581 0.357620
vt 0.265203 0.363384
vt 0.072254 0.625092
vt 0.246370 0.422809
vt 0.238031 0.985679
vt 0.232856 0.985684
vt 0.263782 0.369293
vt 0.263088 0.368646
vt 0.262940 0.370811
vt 0.262447 0.375348
vt 0.270684 0.352977
vt 0.267993 0.356300
vt 0.306342 0.363005
vt 0.308520 0.369406
vt 0.957653 0.573743
vt 0.955648 0.574873
vt 0.956221 0.571323
vt 0.301991 0.539567
vt 0.235243 0.316117
vt 0.235622 0.318085
vt 0.253342 0.409036
vt 0.249040 0.416153
vt 0.258667 0.375574
vt 0.385447 0.834966
vt 0.309166 0.375739
vt 0.231828 0.329048
vt 0.228934 0.333817
vt 0.229636 0.335552
vt 0.360208 0.562963
vt 0.356718 0.558932
vt 0.196158 0.389575
vt 0.204199 0.372010
vt 0.206655 0.377898
vt 0.918830 0.448216
vt 0.926602 0.447324
vt 0.925524 0.450567
vt 0.931395 0.455900
vt 0.932344 0.452639
vt 0.924458 0.453823
vt 0.940485 0.461728
vt 0.963346 0.573924
vt 0.965233 0.571797
vt 0.937510 0.604478
vt 0.366410 0.854895
vt 0.429396 0.400087
vt 0.428242 0.399903
vt 0.430642 0.400284
vt 0.436857 0.400104
vt 0.444091 0.397578
vt 0.444693 0.397141
vt 0.447609 0.395072
vt 0.450278 0.392277
vt 0.244826 0.891623
vt 0.339207 0.025886
vt 0.481213 0.235054
vt 0.416940 0.394065
vt 0.609044 0.479914
vt 0.410750 0.382357
vt 0.410076 0.382655
vt 0.409966 0.381967
vt 0.519874 0.919214
vt 0.188686 0.583051
vt 0.433432 0.351794
vt 0.538549 0.069209
vt 0.538924 0.072316
vt 0.457301 0.377434
vt 0.456348 0.380384
vt 0.470415 0.334719
vt 0.462975 0.367207
vt 0.451882 0.390354
vt 0.454401 0.386552
vt 0.457281 0.383570
vt 0.455430 0.383832
vt 0.204871 0.305231
vt 0.204378 0.294039
vt 0.994597 0.423304
vt 0.977764 0.427924
vt 0.974038 0.423969
vt 0.970714 0.421444
vt 0.966556 0.418616
vt 0.994605 0.418687
vt 0.553290 0.259541
vt 0.038870 0.408086
vt 0.178960 0.409748
vt 0.181716 0.405708
vt 0.038763 0.403940
vt 0.185954 0.400991
vt 0.239603 0.864119
vt 0.255426 0.783371
vt 0.252537 0.783020
vt 0.243686 0.891667
vt 0.242430 0.892113
vt 0.240792 0.893267
vt 0.629924 0.963142
vt 0.632144 0.965111
vt 0.629209 0.911385
vt 0.634912 0.968507
vt 0.631552 0.911219
vt 0.638309 0.973459
vt 0.633895 0.911053
vt 0.623934 0.910568
vt 0.624346 0.911082
vt 0.622690 0.910191
vt 0.623351 0.910254
vt 0.476345 0.794830
vt 0.474509 0.799396
vt 0.469688 0.798426
vt 0.556350 0.925230
vt 0.526552 0.934563
vt 0.429899 0.488011
vt 0.431493 0.485546
vt 0.340411 0.023294
vt 0.341181 0.020465
vt 0.346006 0.023231
vt 0.376541 0.696553
vt 0.373854 0.692594
vt 0.392000 0.697699
vt 0.188258 0.450479
vt 0.290714 0.352327
vt 0.539904 0.075295
vt 0.541446 0.078025
vt 0.495746 0.093287
vt 0.246649 0.516066
vt 0.246835 0.519826
vt 0.241552 0.869854
vt 0.245968 0.520396
vt 0.246427 0.511651
vt 0.227429 0.463456
vt 0.230290 0.492798
vt 0.236340 0.321579
vt 0.319749 0.669438
vt 0.894063 0.695012
vt 0.893089 0.697143
vt 0.916966 0.294074
vt 0.100195 0.003842
vt 0.100019 0.011354
vt 0.412494 0.386247
vt 0.361882 0.578129
vt 0.651184 0.602431
vt 0.419651 0.449406
vt 0.419539 0.452162
vt 0.382827 0.985671
vt 0.382916 0.934898
vt 0.540767 0.765282
vt 0.541660 0.808827
vt 0.333029 0.024359
vt 0.402218 0.081261
vt 0.269640 0.359269
vt 0.266630 0.364559
vt 0.406744 0.040993
vt 0.316943 0.618312
vt 0.304111 0.534830
vt 0.994615 0.540145
vt 0.994615 0.544823
vt 0.978941 0.544825
vt 0.978940 0.540139
vt 0.243206 0.985674
vt 0.243110 0.933710
vt 0.963064 0.685271
vt 0.959634 0.572566
vt 0.179799 0.286203
vt 0.183287 0.287110
vt 0.183189 0.287420
vt 0.179734 0.286521
vt 0.258731 0.985660
vt 0.951024 0.982632
vt 0.950980 0.940941
vt 0.422880 0.938204
vt 0.428949 0.940270
vt 0.725696 0.695788
vt 0.362147 0.985323
vt 0.071497 0.069512
vt 0.252416 0.779946
vt 0.251196 0.776694
vt 0.309164 0.515901
vt 0.223573 0.250632
vt 0.552670 0.605340
vt 0.483858 0.230984
vt 0.756300 0.689234
vt 0.321192 0.632858
vt 0.319489 0.633098
vt 0.457422 0.418353
vt 0.372331 0.848495
vt 0.610641 0.766273
vt 0.543491 0.080402
vt 0.206788 0.312199
vt 0.894107 0.984472
vt 0.894107 0.984800
vt 0.109462 0.019541
vt 0.321696 0.013484
vt 0.263912 0.375015
vt 0.265698 0.375275
vt 0.266222 0.380696
vt 0.220684 0.492256
vt 0.329646 0.821442
vt 0.205341 0.405519
vt 0.329968 0.142818
vt 0.972531 0.704688
vt 0.971224 0.701354
vt 0.305148 0.518653
vt 0.307268 0.517226
vt 0.346356 0.521901
vt 0.345521 0.521394
vt 0.352957 0.522600
vt 0.549725 0.631623
vt 0.592738 0.883182
vt 0.585567 0.155640
vt 0.252008 0.398768
vt 0.421559 0.041597
vt 0.959122 0.576244
vt 0.538784 0.066087
vt 0.961176 0.575169
vt 0.185609 0.516536
vt 0.318714 0.634106
vt 0.515435 0.774026
vt 0.502050 0.781222
vt 0.359248 0.590410
vt 0.356095 0.588480
vt 0.359726 0.583514
vt 0.251304 0.455617
vt 0.360339 0.694708
vt 0.358177 0.690628
vt 0.909598 0.984005
vt 0.284524 0.935743
vt 0.254030 0.409819
vt 0.625131 0.678010
vt 0.115548 0.625442
vt 0.113338 0.626638
vt 0.426986 0.694537
vt 0.652469 0.525926
vt 0.375557 0.083108
vt 0.546362 0.763343
vt 0.547335 0.808827
vt 0.206763 0.404071
vt 0.932831 0.598122
vt 0.962923 0.576807
vt 0.342180 0.555059
vt 0.341813 0.555879
vt 0.347346 0.884808
vt 0.120590 0.007607
vt 0.204677 0.293902
vt 0.226169 0.492805
vt 0.139506 0.308686
vt 0.138421 0.312088
vt 0.894107 0.942641
vt 0.393930 0.034342
vt 0.411077 0.382276
vt 0.071086 0.119573
vt 0.072155 0.112690
vt 0.260319 0.396195
vt 0.243823 0.524303
vt 0.241515 0.528034
vt 0.409507 0.377973
vt 0.410073 0.378139
vt 0.428485 0.697892
vt 0.203711 0.521413
vt 0.303397 0.534264
vt 0.243266 0.503669
vt 0.769565 0.834329
vt 0.769156 0.833242
vt 0.899522 0.578309
vt 0.903993 0.582039
vt 0.345661 0.887456
vt 0.099856 0.018898
vt 0.350146 0.591910
vt 0.353344 0.595037
vt 0.426099 0.485234
vt 0.737301 0.575549
vt 0.911000 0.675838
vt 0.914149 0.674079
vt 0.914294 0.674370
vt 0.911172 0.676115
vt 0.454589 0.383787
vt 0.454926 0.383903
vt 0.138124 0.300625
vt 0.272306 0.036707
vt 0.970331 0.691845
vt 0.971619 0.695975
vt 0.900579 0.685618
vt 0.898476 0.688517
vt 0.464160 0.169899
vt 0.344897 0.303615
vt 0.351218 0.024927
vt 0.224569 0.492741
vt 0.444938 0.472469
vt 0.140637 0.305267
vt 0.142399 0.302124
vt 0.142675 0.302298
vt 0.140929 0.305412
vt 0.427898 0.453408
vt 0.470572 0.696017
vt 0.468279 0.696041
vt 0.751629 0.689249
vt 0.945805 0.940948
vt 0.945827 0.982215
vt 0.968266 0.694796
vt 0.222798 0.436281
vt 0.971770 0.984627
vt 0.966609 0.984357
vt 0.969806 0.698050
vt 0.811358 0.940909
vt 0.811304 0.984390
vt 0.269082 0.985650
vt 0.334617 0.014203
vt 0.129620 0.615378
vt 0.116240 0.499015
vt 0.336274 0.934028
vt 0.504447 0.117687
vt 0.496072 0.107440
vt 0.497440 0.106533
vt 0.315544 0.833943
vt 0.187985 0.560608
vt 0.294873 0.935028
vt 0.300084 0.934526
vt 0.570035 0.883181
vt 0.564359 0.883181
vt 0.757507 0.831505
vt 0.152304 0.291781
vt 0.743429 0.575982
vt 0.748622 0.790606
vt 0.749436 0.806567
vt 0.410434 0.373957
vt 0.410397 0.378129
vt 0.467435 0.170562
vt 0.204731 0.505059
vt 0.203306 0.508992
vt 0.263907 0.985655
vt 0.200511 0.299471
vt 0.931551 0.656726
vt 0.935840 0.656974
vt 0.461523 0.258317
vt 0.464962 0.257634
vt 0.466711 0.275435
vt 0.482488 0.267007
vt 0.471900 0.292553
vt 0.475147 0.259662
vt 0.478062 0.261611
vt 0.482484 0.283870
vt 0.480541 0.264091
vt 0.480536 0.286785
vt 0.458283 0.259658
vt 0.633406 0.039677
vt 0.629918 0.039677
vt 0.631662 0.021971
vt 0.613956 0.020226
vt 0.647354 0.013583
vt 0.648689 0.016806
vt 0.620375 0.035724
vt 0.458129 0.259370
vt 0.647728 0.013383
vt 0.649095 0.016682
vt 0.613533 0.020185
vt 0.480788 0.286992
vt 0.482776 0.266853
vt 0.620106 0.036052
vt 0.475301 0.259374
vt 0.482772 0.284024
vt 0.464930 0.257309
vt 0.633448 0.040100
vt 0.629877 0.040100
vt 0.914128 0.661125
vt 0.910584 0.663333
vt 0.113206 0.531567
vt 0.206863 0.501508
vt 0.411192 0.369792
vt 0.905242 0.680166
vt 0.902672 0.682688
vt 0.945669 0.672624
vt 0.948968 0.674092
vt 0.948822 0.674383
vt 0.945551 0.672928
vt 0.917446 0.672615
vt 0.920864 0.671461
vt 0.920954 0.671774
vt 0.917564 0.672918
vt 0.924376 0.670628
vt 0.924436 0.670948
vt 0.894508 0.694878
vt 0.896605 0.691563
vt 0.894957 0.694737
vt 0.155367 0.289885
vt 0.075374 0.134678
vt 0.935161 0.670127
vt 0.931555 0.669958
vt 0.155524 0.290169
vt 0.152488 0.292049
vt 0.927950 0.670125
vt 0.161989 0.287066
vt 0.158607 0.288308
vt 0.957880 0.680200
vt 0.957662 0.680442
vt 0.893477 0.697993
vt 0.893285 0.697565
vt 0.480793 0.263884
vt 0.471995 0.292865
vt 0.461428 0.258005
vt 0.478269 0.261358
vt 0.535435 0.567543
vt 0.889693 0.702562
vt 0.889200 0.704123
vt 0.135987 0.322764
vt 0.135932 0.321120
vt 0.927980 0.670450
vt 0.908024 0.677874
vt 0.158734 0.288607
vt 0.902909 0.682911
vt 0.198184 0.296764
vt 0.162086 0.287377
vt 0.935131 0.670452
vt 0.931555 0.670283
vt 0.938736 0.670632
vt 0.960453 0.682735
vt 0.960215 0.682958
vt 0.165480 0.286172
vt 0.147062 0.296675
vt 0.144726 0.299376
vt 0.942249 0.671467
vt 0.942159 0.671780
vt 0.938676 0.670952
vt 0.149658 0.294225
vt 0.189741 0.290233
vt 0.158770 0.275495
vt 0.162747 0.274069
vt 0.166869 0.273136
vt 0.908220 0.678134
vt 0.905460 0.680407
vt 0.171041 0.272705
vt 0.816441 0.984628
vt 0.811303 0.984718
vt 0.110103 0.968540
vt 0.945805 0.982543
vt 0.940646 0.982267
vt 0.577059 0.158831
vt 0.125108 0.120385
vt 0.101357 0.538494
vt 0.094464 0.539361
vt 0.888970 0.984704
vt 0.087580 0.538409
vt 0.105615 0.093962
vt 0.098527 0.092900
vt 0.976911 0.984717
vt 0.388096 0.934083
vt 0.393287 0.933670
vt 0.382885 0.934575
vt 0.248282 0.933657
vt 0.253472 0.934070
vt 0.832008 0.983454
vt 0.826797 0.983945
vt 0.821607 0.984357
vt 0.372483 0.935486
vt 0.377674 0.935069
vt 0.935429 0.982223
vt 0.863006 0.982572
vt 0.878616 0.984005
vt 0.289683 0.935455
vt 0.104595 0.489571
vt 0.112996 0.495132
vt 0.109065 0.491945
vt 0.587063 0.883182
vt 0.186536 0.288661
vt 0.176205 0.285975
vt 0.205709 0.308796
vt 0.004907 0.973951
vt 0.165544 0.286491
vt 0.805534 0.917387
vt 0.107758 0.535831
vt 0.112165 0.096861
vt 0.950996 0.982959
vt 0.558062 0.177789
vt 0.071736 0.525739
vt 0.341485 0.934530
vt 0.847570 0.982269
vt 0.117161 0.969443
vt 0.883805 0.984425
vt 0.842410 0.982543
vt 0.837219 0.982959
vt 0.310484 0.933605
vt 0.243121 0.933385
vt 0.889407 0.635093
vt 0.311111 0.471730
vt 0.732819 0.838512
vt 0.365874 0.156755
vt 0.358288 0.184802
vt 0.574803 0.597843
vt 0.318235 0.156180
vt 0.318129 0.158095
vt 0.367712 0.164736
vt 0.319879 0.153441
vt 0.652105 0.783537
vt 0.662473 0.788799
vt 0.320387 0.177042
vt 0.322502 0.149253
vt 0.318394 0.172525
vt 0.543157 0.601955
vt 0.566899 0.603533
vt 0.571120 0.601088
vt 0.354333 0.554968
vt 0.285389 0.590573
vt 0.174614 0.587969
vt 0.337510 0.017234
vt 0.488993 0.788058
vt 0.452858 0.388838
vt 0.457257 0.374655
vt 0.581387 0.883182
vt 0.575711 0.883181
vt 0.626416 0.883183
vt 0.457528 0.825695
vt 0.463203 0.825695
vt 0.474552 0.825695
vt 0.480227 0.825695
vt 0.004196 0.958943
vt 0.547332 0.883180
vt 0.541656 0.883180
vt 0.468877 0.825695
vt 0.491577 0.825694
vt 0.496881 0.825694
vt 0.990730 0.644886
vt 0.558684 0.883181
vt 0.485902 0.825695
vt 0.485907 0.890762
vt 0.535980 0.883180
vt 0.530305 0.883179
vt 0.003923 0.954259
vt 0.064695 0.948789
vt 0.395465 0.825694
vt 0.990203 0.649320
vt 0.553008 0.883180
vt 0.005120 0.978746
vt 0.932827 0.629553
vt 0.749614 0.576398
vt 0.946747 0.629701
vt 0.939627 0.629473
vt 0.750547 0.823367
vt 0.060860 0.966472
vt 0.067916 0.966335
vt 0.751327 0.832150
vt 0.305294 0.934025
vt 0.398447 0.933399
vt 0.972944 0.700021
vt 0.547930 0.604092
vt 0.536252 0.595204
vt 0.300309 0.538596
vt 0.674858 0.795079
vt 0.677472 0.798845
vt 0.555998 0.555586
vt 0.279417 0.352380
vt 0.274083 0.355010
vt 0.486356 0.932730
vt 0.285110 0.351496
vt 0.551365 0.901402
vt 0.237939 0.443576
vt 0.238829 0.444248
vt 0.301813 0.414496
vt 0.265465 0.369947
vt 0.882648 0.428351
vt 0.347232 0.888635
vt 0.525001 0.883179
vt 0.964441 0.022955
vt 0.964426 0.025681
vt 0.963655 0.025678
vt 0.963669 0.022951
vt 0.964397 0.033851
vt 0.964393 0.036571
vt 0.963623 0.036571
vt 0.963627 0.033849
vt 0.467752 0.784310
vt 0.471959 0.784310
vt 0.471959 0.784843
vt 0.467752 0.784843
vt 0.387807 0.784310
vt 0.392015 0.784310
vt 0.392015 0.784843
vt 0.387807 0.784843
vt 0.455129 0.784310
vt 0.459337 0.784310
vt 0.459337 0.784843
vt 0.455129 0.784843
vt 0.417261 0.784310
vt 0.421468 0.784310
vt 0.421468 0.784843
vt 0.417261 0.784843
vt 0.978064 0.100148
vt 0.980987 0.100143
vt 0.981561 0.104418
vt 0.977509 0.104428
vt 0.969870 0.101638
vt 0.970080 0.101364
vt 0.973593 0.103386
vt 0.973462 0.103705
vt 0.970634 0.095869
vt 0.972704 0.097936
vt 0.967210 0.098501
vt 0.964863 0.095123
vt 0.965182 0.094991
vt 0.966937 0.098710
vt 0.640670 0.081389
vt 0.641274 0.076724
vt 0.644097 0.076719
vt 0.644724 0.081379
vt 0.641340 0.076213
vt 0.644028 0.076208
vt 0.638545 0.075999
vt 0.638741 0.075522
vt 0.977451 0.073388
vt 0.977396 0.072966
vt 0.981626 0.072970
vt 0.981570 0.073392
vt 0.629772 0.056128
vt 0.632774 0.053138
vt 0.633033 0.053477
vt 0.630109 0.056389
vt 0.636097 0.074591
vt 0.636410 0.074182
vt 0.992075 0.098650
vt 0.992415 0.098908
vt 0.989434 0.101927
vt 0.989172 0.101590
vt 0.636604 0.051418
vt 0.636441 0.051024
vt 0.640528 0.049929
vt 0.640584 0.050351
vt 0.969304 0.087708
vt 0.968794 0.087641
vt 0.969524 0.084917
vt 0.969998 0.085113
vt 0.973468 0.074447
vt 0.969886 0.076497
vt 0.969628 0.076158
vt 0.973305 0.074052
vt 0.969306 0.090396
vt 0.970003 0.092992
vt 0.969527 0.093189
vt 0.968795 0.090463
vt 0.970931 0.082478
vt 0.971338 0.082785
vt 0.973308 0.012092
vt 0.973290 0.014823
vt 0.972611 0.014818
vt 0.972629 0.012087
vt 0.990075 0.093408
vt 0.990842 0.090524
vt 0.994835 0.091038
vt 0.993804 0.094937
vt 0.022405 0.006128
vt 0.024598 0.008203
vt 0.024036 0.008652
vt 0.021852 0.006867
vt 0.972540 0.063637
vt 0.973402 0.063624
vt 0.973247 0.066338
vt 0.972570 0.066345
vt 0.016876 0.003852
vt 0.019789 0.004638
vt 0.019436 0.005492
vt 0.016753 0.004768
vt 0.973351 0.033877
vt 0.973341 0.036588
vt 0.972473 0.036585
vt 0.972482 0.033874
vt 0.450921 0.771927
vt 0.455129 0.771927
vt 0.450921 0.784310
vt 0.972508 0.028446
vt 0.973377 0.028451
vt 0.973363 0.031165
vt 0.972493 0.031161
vt 0.008285 0.006116
vt 0.010925 0.004611
vt 0.011276 0.005471
vt 0.008849 0.006857
vt 0.973253 0.020282
vt 0.973236 0.023013
vt 0.972555 0.023006
vt 0.972574 0.020278
vt 0.973325 0.009360
vt 0.972647 0.009355
vt 0.973345 0.052824
vt 0.973355 0.055526
vt 0.972489 0.055530
vt 0.972479 0.052827
vt 0.972466 0.047417
vt 0.973333 0.047416
vt 0.973337 0.050120
vt 0.972471 0.050122
vt 0.973266 0.069051
vt 0.972592 0.069056
vt 0.013971 0.004760
vt 0.013854 0.003841
vt 0.004564 0.010923
vt 0.005451 0.011281
vt 0.004773 0.014018
vt 0.003843 0.013908
vt 0.973343 0.006627
vt 0.972664 0.006623
vt 0.973330 0.044711
vt 0.972463 0.044711
vt 0.973394 0.025742
vt 0.972527 0.025729
vt 0.973271 0.017553
vt 0.972593 0.017549
vt 0.973331 0.042005
vt 0.972464 0.042004
vt 0.973369 0.058228
vt 0.973384 0.060929
vt 0.972519 0.060935
vt 0.972503 0.058233
vt 0.392015 0.771927
vt 0.396223 0.771927
vt 0.396223 0.784310
vt 0.459337 0.771927
vt 0.417261 0.771927
vt 0.421468 0.771927
vt 0.387807 0.771927
vt 0.463544 0.771927
vt 0.463544 0.784310
vt 0.467752 0.771927
vt 0.425676 0.771927
vt 0.429883 0.771927
vt 0.429883 0.784310
vt 0.425676 0.784310
vt 0.400430 0.771927
vt 0.400430 0.784310
vt 0.471959 0.771927
vt 0.434091 0.771927
vt 0.434091 0.784310
vt 0.404638 0.771927
vt 0.404638 0.784310
vt 0.476167 0.771927
vt 0.476167 0.784310
vt 0.408845 0.771927
vt 0.408845 0.784310
vt 0.413053 0.771927
vt 0.413053 0.784310
vt 0.420769 0.003842
vt 0.420769 0.004605
vt 0.416561 0.004605
vt 0.416561 0.003842
vt 0.019722 0.011979
vt 0.018714 0.010969
vt 0.245438 0.022678
vt 0.248301 0.018923
vt 0.249554 0.019650
vt 0.247759 0.024020
vt 0.247763 0.005022
vt 0.249555 0.009402
vt 0.248297 0.010118
vt 0.245417 0.006346
vt 0.247575 0.004560
vt 0.245116 0.005945
vt 0.258077 0.006204
vt 0.255042 0.010141
vt 0.253791 0.009421
vt 0.255714 0.004838
vt 0.256058 0.011165
vt 0.259998 0.008142
vt 0.016876 0.026110
vt 0.016139 0.020723
vt 0.017514 0.020355
vt 0.019619 0.025381
vt 0.014042 0.026111
vt 0.014717 0.020724
vt 0.247266 0.011138
vt 0.243491 0.008240
vt 0.260471 0.021242
vt 0.260043 0.020917
vt 0.261408 0.018530
vt 0.261896 0.018727
vt 0.261841 0.010306
vt 0.261358 0.010508
vt 0.260414 0.007825
vt 0.026252 0.013839
vt 0.020830 0.014586
vt 0.020447 0.013209
vt 0.025481 0.011097
vt 0.250300 0.003842
vt 0.250361 0.004336
vt 0.024121 0.021963
vt 0.019760 0.018637
vt 0.020465 0.017395
vt 0.025553 0.019475
vt 0.250288 0.025194
vt 0.250352 0.024700
vt 0.253035 0.024705
vt 0.253100 0.025199
vt 0.008837 0.023999
vt 0.006803 0.022024
vt 0.011090 0.018669
vt 0.012108 0.019663
vt 0.246545 0.012396
vt 0.242158 0.010590
vt 0.246165 0.015249
vt 0.246548 0.016649
vt 0.242186 0.018470
vt 0.241471 0.015882
vt 0.016092 0.009893
vt 0.014661 0.009892
vt 0.022089 0.023969
vt 0.018749 0.019644
vt 0.006868 0.008844
vt 0.011021 0.012003
vt 0.010305 0.013247
vt 0.252400 0.009037
vt 0.253042 0.004364
vt 0.241693 0.010401
vt 0.241466 0.013194
vt 0.240971 0.013130
vt 0.252402 0.020020
vt 0.251669 0.014525
vt 0.253801 0.019648
vt 0.256774 0.012415
vt 0.246167 0.013797
vt 0.250955 0.020017
vt 0.257154 0.013804
vt 0.257152 0.015246
vt 0.256788 0.016641
vt 0.247279 0.017898
vt 0.256065 0.017890
vt 0.250954 0.009027
vt 0.255050 0.018917
vt 0.651427 0.059251
vt 0.652876 0.061748
vt 0.652181 0.062039
vt 0.650831 0.059711
vt 0.646879 0.055775
vt 0.649381 0.057214
vt 0.648925 0.057812
vt 0.646592 0.056471
vt 0.985782 0.080862
vt 0.983451 0.079518
vt 0.983740 0.078823
vt 0.986241 0.080265
vt 0.653640 0.067427
vt 0.652902 0.070228
vt 0.652200 0.069936
vt 0.652891 0.067331
vt 0.987696 0.095316
vt 0.989043 0.092982
vt 0.989741 0.093271
vt 0.988298 0.095780
vt 0.633864 0.059282
vt 0.635912 0.057235
vt 0.636372 0.057833
vt 0.634471 0.059743
vt 0.651243 0.072569
vt 0.650842 0.072257
vt 0.969610 0.101978
vt 0.966598 0.098972
vt 0.655504 0.056106
vt 0.657629 0.059762
vt 0.657236 0.059926
vt 0.655167 0.056366
vt 0.634098 0.072598
vt 0.634506 0.072283
vt 0.657687 0.072177
vt 0.655593 0.075867
vt 0.655252 0.075609
vt 0.657292 0.072016
vt 0.646821 0.075982
vt 0.646623 0.075507
vt 0.649259 0.074566
vt 0.648946 0.074159
vt 0.986094 0.097616
vt 0.985787 0.097210
vt 0.989034 0.085091
vt 0.989729 0.084802
vt 0.990480 0.087589
vt 0.989733 0.087689
vt 0.638414 0.055787
vt 0.638703 0.056483
vt 0.653631 0.064536
vt 0.652884 0.064637
vt 0.983461 0.098553
vt 0.983658 0.099027
vt 0.980935 0.099761
vt 0.980867 0.099251
vt 0.652606 0.078888
vt 0.652344 0.078550
vt 0.963793 0.086977
vt 0.963368 0.086921
vt 0.964477 0.082816
vt 0.964872 0.082980
vt 0.966951 0.079405
vt 0.966613 0.079144
vt 0.636459 0.081062
vt 0.632770 0.078941
vt 0.633030 0.078601
vt 0.636622 0.080666
vt 0.632683 0.070155
vt 0.631949 0.067430
vt 0.632459 0.067363
vt 0.633159 0.069957
vt 0.977465 0.104770
vt 0.981607 0.104759
vt 0.981664 0.105183
vt 0.977410 0.105194
vt 0.631946 0.064611
vt 0.632456 0.064677
vt 0.994090 0.082987
vt 0.994483 0.082823
vt 0.995585 0.086906
vt 0.995164 0.086962
vt 0.632674 0.061893
vt 0.633145 0.062082
vt 0.648768 0.080636
vt 0.648933 0.081031
vt 0.644827 0.082145
vt 0.644769 0.081720
vt 0.658739 0.063844
vt 0.658317 0.063901
vt 0.628031 0.059959
vt 0.627637 0.059794
vt 0.626525 0.068144
vt 0.626529 0.063894
vt 0.626953 0.063950
vt 0.626950 0.068089
vt 0.993774 0.083118
vt 0.990061 0.084663
vt 0.988568 0.082084
vt 0.991755 0.079633
vt 0.964402 0.047433
vt 0.964396 0.044720
vt 0.964413 0.028406
vt 0.964526 0.069119
vt 0.964505 0.066409
vt 0.964410 0.050146
vt 0.964404 0.031129
vt 0.972680 0.003890
vt 0.964535 0.006575
vt 0.964550 0.003843
vt 0.964502 0.012038
vt 0.964519 0.009306
vt 0.964447 0.058279
vt 0.964432 0.055568
vt 0.972467 0.039296
vt 0.964392 0.039289
vt 0.964487 0.014768
vt 0.964464 0.060989
vt 0.964393 0.042005
vt 0.964456 0.020227
vt 0.964484 0.063699
vt 0.654978 0.075402
vt 0.656974 0.071887
vt 0.630381 0.056598
vt 0.628348 0.060091
vt 0.648680 0.051409
vt 0.652249 0.053461
vt 0.652041 0.053733
vt 0.648550 0.051725
vt 0.967223 0.079615
vt 0.965190 0.083113
vt 0.640628 0.050691
vt 0.636735 0.051734
vt 0.627291 0.068044
vt 0.628341 0.071957
vt 0.628023 0.072089
vt 0.652133 0.078278
vt 0.968411 0.087590
vt 0.968412 0.090513
vt 0.970094 0.076770
vt 0.627293 0.063996
vt 0.648635 0.080318
vt 0.986326 0.097917
vt 0.988589 0.096002
vt 0.633242 0.053749
vt 0.973598 0.074764
vt 0.985468 0.103357
vt 0.985601 0.103674
vt 0.630097 0.075675
vt 0.630370 0.075465
vt 0.633239 0.078327
vt 0.983806 0.099382
vt 0.964134 0.087023
vt 0.964132 0.091076
vt 0.963791 0.091121
vt 0.972939 0.097629
vt 0.975386 0.099038
vt 0.975239 0.099395
vt 0.644657 0.050688
vt 0.644702 0.050348
vt 0.983878 0.078490
vt 0.980951 0.078077
vt 0.980998 0.077720
vt 0.978062 0.078077
vt 0.978016 0.077719
vt 0.981525 0.073732
vt 0.977495 0.073728
vt 0.990484 0.090478
vt 0.988283 0.082303
vt 0.986459 0.079979
vt 0.985416 0.074775
vt 0.988905 0.076788
vt 0.978114 0.099765
vt 0.994121 0.095067
vt 0.995175 0.091082
vt 0.975132 0.078490
vt 0.975270 0.078824
vt 0.972761 0.080270
vt 0.972539 0.079979
vt 0.970629 0.082246
vt 0.969168 0.084769
vt 0.990837 0.087541
vt 0.636753 0.080348
vt 0.641203 0.055036
vt 0.984381 0.022885
vt 0.984982 0.022885
vt 0.984982 0.025604
vt 0.984381 0.025604
vt 0.992758 0.022885
vt 0.993243 0.022885
vt 0.993243 0.025604
vt 0.992758 0.025604
vt 0.413053 0.784843
vt 0.994515 0.095228
vt 0.652508 0.053123
vt 0.978180 0.099254
vt 0.973298 0.104101
vt 0.658759 0.068077
vt 0.658336 0.068023
vt 0.995598 0.091136
vt 0.985710 0.074066
vt 0.985547 0.074459
vt 0.971349 0.095320
vt 0.970941 0.095634
vt 0.437599 0.003842
vt 0.437599 0.004605
vt 0.433392 0.004605
vt 0.433392 0.003842
vt 0.399731 0.003842
vt 0.399731 0.004605
vt 0.395523 0.004605
vt 0.395523 0.003842
vt 0.378693 0.003842
vt 0.378693 0.004605
vt 0.374485 0.004605
vt 0.374485 0.003842
vt 0.408146 0.003842
vt 0.408146 0.004605
vt 0.403938 0.004605
vt 0.403938 0.003842
vt 0.387108 0.003842
vt 0.387108 0.004605
vt 0.382900 0.004605
vt 0.382900 0.003842
vt 0.353447 0.003842
vt 0.353447 0.004605
vt 0.349240 0.004605
vt 0.349239 0.003842
vt 0.006238 0.022472
vt 0.008406 0.024576
vt 0.026969 0.013737
vt 0.026146 0.010812
vt 0.011305 0.025386
vt 0.011035 0.026053
vt 0.973335 0.039297
vt 0.383600 0.784310
vt 0.383600 0.784843
vt 0.446714 0.784310
vt 0.450921 0.784843
vt 0.446714 0.784843
vt 0.004550 0.016852
vt 0.003835 0.016953
vt 0.022527 0.024546
vt 0.024696 0.022409
vt 0.006125 0.008270
vt 0.005341 0.019588
vt 0.004677 0.019877
vt 0.026247 0.019759
vt 0.026275 0.016696
vt 0.026999 0.016783
vt 0.984982 0.020166
vt 0.992758 0.020165
vt 0.984983 0.063673
vt 0.992758 0.063673
vt 0.992758 0.066392
vt 0.984983 0.066392
vt 0.353447 0.016759
vt 0.349239 0.016759
vt 0.424976 0.004605
vt 0.424976 0.016759
vt 0.420769 0.016759
vt 0.387108 0.016759
vt 0.382900 0.016759
vt 0.357655 0.004605
vt 0.357655 0.016759
vt 0.429184 0.004605
vt 0.429184 0.016759
vt 0.391316 0.004605
vt 0.391316 0.016759
vt 0.361862 0.004605
vt 0.361862 0.016759
vt 0.433392 0.016759
vt 0.395523 0.016759
vt 0.399731 0.016759
vt 0.984983 0.055515
vt 0.992758 0.055515
vt 0.992758 0.058235
vt 0.984983 0.058235
vt 0.370277 0.004605
vt 0.370277 0.016759
vt 0.366070 0.016759
vt 0.366070 0.004605
vt 0.441807 0.004605
vt 0.441807 0.016759
vt 0.437599 0.016759
vt 0.374485 0.016759
vt 0.446014 0.004605
vt 0.446014 0.016759
vt 0.345032 0.016759
vt 0.345032 0.004605
vt 0.412354 0.004605
vt 0.412354 0.016759
vt 0.408146 0.016759
vt 0.984382 0.050077
vt 0.984983 0.050077
vt 0.984983 0.052796
vt 0.984382 0.052796
vt 0.403938 0.016759
vt 0.013275 0.010261
vt 0.243085 0.007928
vt 0.243543 0.020782
vt 0.012030 0.010978
vt 0.009952 0.014637
vt 0.258107 0.022870
vt 0.255632 0.024014
vt 0.013345 0.020359
vt 0.020833 0.016017
vt 0.017472 0.010264
vt 0.009973 0.016067
vt 0.262089 0.015876
vt 0.262083 0.013141
vt 0.015399 0.015317
vt 0.010361 0.017443
vt 0.644090 0.055033
vt 0.643993 0.055779
vt 0.973225 0.080871
vt 0.975559 0.079522
vt 0.980852 0.078823
vt 0.978160 0.078824
vt 0.641302 0.055783
vt 0.989737 0.090381
vt 0.973253 0.097220
vt 0.648842 0.051015
vt 0.644757 0.049926
vt 0.964468 0.095287
vt 0.963366 0.091177
vt 0.989113 0.076516
vt 0.989372 0.076178
vt 0.992364 0.079165
vt 0.992027 0.079424
vt 0.975583 0.098562
vt 0.629757 0.075936
vt 0.987687 0.082762
vt 0.985766 0.104068
vt 0.627627 0.072253
vt 0.640571 0.082155
vt 0.640626 0.081730
vt 0.984381 0.028323
vt 0.984982 0.028323
vt 0.984982 0.031042
vt 0.984381 0.031042
vt 0.984382 0.047358
vt 0.984982 0.047358
vt 0.984381 0.006569
vt 0.984982 0.006569
vt 0.984982 0.009289
vt 0.984381 0.009289
vt 0.984382 0.044638
vt 0.984982 0.044638
vt 0.984381 0.003850
vt 0.984982 0.003850
vt 0.992758 0.003850
vt 0.993243 0.003850
vt 0.993243 0.006569
vt 0.992758 0.006569
vt 0.993243 0.028323
vt 0.992758 0.028323
vt 0.378693 0.016759
vt 0.993243 0.009288
vt 0.992758 0.009288
vt 0.992758 0.047358
vt 0.993243 0.047358
vt 0.993243 0.050077
vt 0.992758 0.050077
vt 0.993243 0.031042
vt 0.992758 0.031042
vt 0.993243 0.012008
vt 0.992758 0.012008
vt 0.993243 0.052796
vt 0.992758 0.052796
vt 0.656921 0.060058
vt 0.657978 0.063947
vt 0.993243 0.055515
vt 0.993243 0.058234
vt 0.993243 0.066392
vt 0.993243 0.069111
vt 0.992759 0.069111
vt 0.993243 0.020165
vt 0.992758 0.039200
vt 0.993243 0.039200
vt 0.993243 0.041919
vt 0.992758 0.041919
vt 0.993243 0.063673
vt 0.992758 0.017446
vt 0.993243 0.017446
vt 0.992758 0.036481
vt 0.993243 0.036481
vt 0.992758 0.060954
vt 0.993243 0.060954
vt 0.992758 0.014727
vt 0.993243 0.014727
vt 0.992758 0.033762
vt 0.993243 0.033761
vt 0.993243 0.044638
vt 0.992758 0.044638
vt 0.988962 0.101318
vt 0.991802 0.098443
vt 0.657996 0.067980
vt 0.994824 0.087008
vt 0.654896 0.056575
vt 0.969170 0.093337
vt 0.964471 0.017498
vt 0.963699 0.017494
vt 0.963714 0.014764
vt 0.964420 0.052857
vt 0.438299 0.784310
vt 0.442506 0.784310
vt 0.442506 0.784843
vt 0.438299 0.784843
vt 0.984382 0.066392
vt 0.984983 0.069112
vt 0.984382 0.069111
vt 0.984381 0.041919
vt 0.984982 0.041919
vt 0.013950 0.026824
vt 0.984982 0.012008
vt 0.984381 0.012008
vt 0.984382 0.055515
vt 0.984382 0.058235
vt 0.984982 0.033762
vt 0.984381 0.033762
vt 0.984982 0.014727
vt 0.984381 0.014727
vt 0.984983 0.060954
vt 0.984382 0.060954
vt 0.984982 0.036481
vt 0.984381 0.036481
vt 0.984982 0.017446
vt 0.984381 0.017446
vt 0.984382 0.063673
vt 0.984982 0.039200
vt 0.984381 0.039200
vt 0.984381 0.020165
vt 0.016969 0.026824
vt 0.019892 0.026049
vt 0.963738 0.066415
vt 0.963717 0.063704
vt 0.963628 0.044721
vt 0.963625 0.042005
vt 0.963698 0.060994
vt 0.963684 0.020223
vt 0.963623 0.039289
vt 0.963680 0.058283
vt 0.963730 0.012033
vt 0.963665 0.055572
vt 0.963746 0.009302
vt 0.963653 0.052861
vt 0.963762 0.006570
vt 0.963634 0.031127
vt 0.963642 0.050148
vt 0.963778 0.003839
vt 0.963643 0.028403
vt 0.963634 0.047435
vt 0.963759 0.069125
vt 0.255824 0.024473
vt 0.258430 0.023287
vt 0.262610 0.015941
vt 0.255918 0.004356
vt 0.253113 0.003872
vt 0.262602 0.013070
vt 0.240977 0.015950
vt 0.258397 0.005790
vt 0.243149 0.021087
vt 0.245135 0.023073
vt 0.241727 0.018664
vt 0.247569 0.024480
vt 0.379392 0.784310
vt 0.379392 0.784843
vt 0.375185 0.784310
vt 0.375185 0.784843
vt 0.408845 0.784843
vt 0.404638 0.784843
vt 0.434091 0.784843
vt 0.476167 0.784843
vt 0.400430 0.784843
vt 0.429883 0.784843
vt 0.425676 0.784843
vt 0.463544 0.784843
vt 0.396223 0.784843
vt 0.416561 0.016759
vt 0.446714 0.771927
vt 0.973359 0.003894
vt 0.383600 0.771927
vt 0.438299 0.771927
vt 0.375185 0.771927
vt 0.379392 0.771927
vt 0.412354 0.003842
vt 0.345032 0.003842
vt 0.446014 0.003842
vt 0.441807 0.003842
vt 0.370277 0.003842
vt 0.366070 0.003842
vt 0.361862 0.003842
vt 0.391316 0.003842
vt 0.429184 0.003842
vt 0.357655 0.003842
vt 0.424976 0.003842
vt 0.442506 0.771927
vt 0.619970 0.217716
vt 0.624861 0.222891
vt 0.623205 0.224082
vt 0.618675 0.219285
vt 0.199005 0.054758
vt 0.193435 0.051219
vt 0.194310 0.050158
vt 0.199597 0.053511
vt 0.594357 0.217071
vt 0.588832 0.219773
vt 0.588138 0.218765
vt 0.593965 0.215932
vt 0.211804 0.054619
vt 0.205795 0.054285
vt 0.206001 0.053172
vt 0.211720 0.053484
vt 0.218594 0.055903
vt 0.211989 0.057198
vt 0.211890 0.055803
vt 0.218140 0.054564
vt 0.583263 0.230213
vt 0.581800 0.235507
vt 0.580576 0.235330
vt 0.582102 0.229701
vt 0.622975 0.231250
vt 0.624029 0.230838
vt 0.625497 0.236675
vt 0.624366 0.236807
vt 0.231096 0.041280
vt 0.232223 0.041768
vt 0.228979 0.047499
vt 0.228093 0.046764
vt 0.223580 0.014704
vt 0.227474 0.018850
vt 0.226494 0.019558
vt 0.222811 0.015635
vt 0.592371 0.260922
vt 0.591781 0.262173
vt 0.586191 0.258624
vt 0.587074 0.257566
vt 0.195054 0.049257
vt 0.190963 0.044912
vt 0.191874 0.044251
vt 0.195768 0.048392
vt 0.200571 0.051431
vt 0.200094 0.052450
vt 0.196535 0.047463
vt 0.201082 0.050336
vt 0.578247 0.234997
vt 0.576845 0.234805
vt 0.578568 0.228168
vt 0.579896 0.228736
vt 0.579435 0.235166
vt 0.581021 0.229227
vt 0.196066 0.012368
vt 0.195372 0.011359
vt 0.201202 0.008521
vt 0.201593 0.009663
vt 0.223965 0.051749
vt 0.224765 0.052946
vt 0.626647 0.242912
vt 0.628051 0.243112
vt 0.626296 0.249727
vt 0.624975 0.249162
vt 0.188090 0.039660
vt 0.189142 0.039248
vt 0.611542 0.219074
vt 0.606115 0.217331
vt 0.606322 0.216218
vt 0.612019 0.218057
vt 0.621618 0.247692
vt 0.623086 0.242398
vt 0.624312 0.242577
vt 0.622776 0.248202
vt 0.610907 0.261977
vt 0.611356 0.263322
vt 0.604740 0.264607
vt 0.604646 0.263212
vt 0.190013 0.045601
vt 0.192252 0.017167
vt 0.191254 0.016344
vt 0.196737 0.013337
vt 0.612516 0.216997
vt 0.613103 0.215748
vt 0.617801 0.220345
vt 0.581732 0.240956
vt 0.580516 0.241097
vt 0.188259 0.021822
vt 0.189339 0.022297
vt 0.587819 0.256663
vt 0.592866 0.259857
vt 0.230014 0.040806
vt 0.227096 0.045939
vt 0.226045 0.045070
vt 0.228854 0.040295
vt 0.578204 0.241370
vt 0.579763 0.247493
vt 0.578470 0.247996
vt 0.576815 0.241537
vt 0.232738 0.029270
vt 0.232684 0.035339
vt 0.231543 0.035176
vt 0.231604 0.029404
vt 0.585021 0.224573
vt 0.584024 0.223751
vt 0.589503 0.220743
vt 0.193302 0.018034
vt 0.190498 0.022808
vt 0.213551 0.008826
vt 0.219245 0.010653
vt 0.218770 0.011671
vt 0.213345 0.009936
vt 0.223274 0.050738
vt 0.217749 0.053427
vt 0.217372 0.052337
vt 0.222605 0.049768
vt 0.200751 0.007173
vt 0.207370 0.005907
vt 0.207465 0.007298
vt 0.194568 0.010163
vt 0.594736 0.218163
vt 0.583139 0.223020
vt 0.622094 0.224899
vt 0.626419 0.229891
vt 0.625127 0.230406
vt 0.616742 0.259154
vt 0.617551 0.260351
vt 0.230202 0.023851
vt 0.231252 0.023439
vt 0.187135 0.021335
vt 0.190367 0.015614
vt 0.225916 0.011869
vt 0.230455 0.016688
vt 0.229335 0.017500
vt 0.225039 0.012933
vt 0.606540 0.215058
vt 0.606791 0.213691
vt 0.604563 0.262027
vt 0.598351 0.262828
vt 0.598565 0.261674
vt 0.205579 0.055445
vt 0.621759 0.254892
vt 0.622839 0.255772
vt 0.186664 0.027760
vt 0.187806 0.027924
vt 0.598769 0.260566
vt 0.593341 0.258836
vt 0.587334 0.217570
vt 0.593507 0.214589
vt 0.232345 0.023008
vt 0.233634 0.022506
vt 0.235312 0.028957
vt 0.233920 0.029127
vt 0.581911 0.246651
vt 0.580859 0.247063
vt 0.579384 0.241230
vt 0.228385 0.018189
vt 0.582783 0.253000
vt 0.581663 0.253806
vt 0.600485 0.218235
vt 0.595143 0.219334
vt 0.600394 0.217015
vt 0.625455 0.242742
vt 0.626676 0.236536
vt 0.224294 0.013837
vt 0.611031 0.220169
vt 0.616344 0.222111
vt 0.615577 0.223041
vt 0.230387 0.029546
vt 0.230318 0.034998
vt 0.186618 0.033827
vt 0.187749 0.033693
vt 0.186994 0.040091
vt 0.185439 0.033969
vt 0.230053 0.048389
vt 0.188964 0.033553
vt 0.190273 0.038807
vt 0.623151 0.236949
vt 0.589302 0.254867
vt 0.593853 0.257740
vt 0.588534 0.255797
vt 0.219740 0.009592
vt 0.584643 0.251652
vt 0.583732 0.252312
vt 0.618816 0.252469
vt 0.619868 0.253338
vt 0.605896 0.218526
vt 0.628065 0.236368
vt 0.585622 0.250943
vt 0.201972 0.010756
vt 0.189031 0.028104
vt 0.600227 0.214693
vt 0.600123 0.213297
vt 0.235274 0.035699
vt 0.233872 0.035506
vt 0.185473 0.027593
vt 0.623854 0.248675
vt 0.620869 0.254161
vt 0.189301 0.014724
vt 0.610141 0.259745
vt 0.615378 0.257171
vt 0.616049 0.258142
vt 0.610517 0.260837
vt 0.207631 0.009617
vt 0.213126 0.011129
vt 0.207720 0.010836
vt 0.229072 0.024291
vt 0.218260 0.012766
vt 0.609734 0.258574
vt 0.604394 0.259669
vt 0.604274 0.258083
vt 0.609204 0.257055
vt 0.185701 0.040593
vt 0.188894 0.046415
vt 0.187245 0.047617
vt 0.183800 0.041360
vt 0.221811 0.016846
vt 0.217597 0.014191
vt 0.216435 0.049651
vt 0.220957 0.047377
vt 0.221885 0.048726
vt 0.216965 0.051168
vt 0.607172 0.211676
vt 0.600000 0.211234
vt 0.184049 0.034131
vt 0.182000 0.034401
vt 0.181994 0.027127
vt 0.184072 0.027401
vt 0.220324 0.008341
vt 0.214015 0.006304
vt 0.214409 0.004294
vt 0.221203 0.006500
vt 0.205318 0.056811
vt 0.204938 0.058826
vt 0.198149 0.056609
vt 0.232107 0.015489
vt 0.235538 0.021751
vt 0.237363 0.028701
vt 0.237353 0.035973
vt 0.583042 0.246211
vt 0.584513 0.245637
vt 0.586896 0.250022
vt 0.225219 0.020480
vt 0.600605 0.219822
vt 0.595675 0.220853
vt 0.227602 0.024865
vt 0.604889 0.266668
vt 0.597719 0.266200
vt 0.598097 0.264187
vt 0.227223 0.010307
vt 0.191744 0.038234
vt 0.194128 0.042619
vt 0.192853 0.043541
vt 0.198388 0.015726
vt 0.194623 0.019127
vt 0.197458 0.014378
vt 0.211629 0.052264
vt 0.211507 0.050679
vt 0.212114 0.059262
vt 0.190622 0.028337
vt 0.190544 0.033371
vt 0.235521 0.043159
vt 0.233551 0.042336
vt 0.191999 0.023468
vt 0.604482 0.260890
vt 0.228805 0.029729
vt 0.209673 0.031551
vt 0.206504 0.050422
vt 0.192141 0.052788
vt 0.185807 0.020767
vt 0.183837 0.019941
vt 0.187666 0.013373
vt 0.197535 0.046252
vt 0.621843 0.231692
vt 0.620371 0.232267
vt 0.617986 0.227882
vt 0.619259 0.226960
vt 0.576600 0.227344
vt 0.574766 0.234532
vt 0.586164 0.215787
vt 0.582068 0.222134
vt 0.580434 0.220781
vt 0.613959 0.213897
vt 0.224724 0.043978
vt 0.219257 0.057890
vt 0.630131 0.243372
vt 0.628263 0.250549
vt 0.613727 0.254780
vt 0.614658 0.256129
vt 0.583312 0.240774
vt 0.586071 0.225440
vt 0.587390 0.226530
vt 0.584765 0.230871
vt 0.621572 0.237131
vt 0.201747 0.048910
vt 0.610367 0.221593
vt 0.605610 0.220081
vt 0.212841 0.012681
vt 0.207839 0.012422
vt 0.202909 0.013449
vt 0.227351 0.039635
vt 0.228728 0.034764
vt 0.574767 0.241806
vt 0.576571 0.248765
vt 0.207236 0.003846
vt 0.620117 0.247036
vt 0.621495 0.242166
vt 0.617493 0.251379
vt 0.624466 0.257135
vt 0.590303 0.253655
vt 0.594515 0.256313
vt 0.599272 0.257823
vt 0.598989 0.259374
vt 0.591155 0.223130
vt 0.590223 0.221783
vt 0.231701 0.049729
vt 0.225959 0.054715
vt 0.614578 0.224251
vt 0.584904 0.260204
vt 0.580022 0.255018
vt 0.602441 0.238953
vt 0.583389 0.235741
vt 0.590917 0.264022
vt 0.618735 0.262130
vt 0.612033 0.265308
vt 0.630116 0.236098
vt 0.206220 0.051977
vt 0.193397 0.008379
vt 0.628325 0.229136
vt 0.202378 0.011929
vt 0.200089 0.005182
vt 0.213766 0.007669
vt 0.207549 0.008482
vt 0.600311 0.215878
vt 0.620237 0.226251
vt 0.621147 0.225590
vt 0.617058 0.221247
vt 0.592858 0.212596
vt 0.479406 0.715954
vt 0.479406 0.710488
vt 0.484202 0.710488
vt 0.484202 0.715954
vt 0.436241 0.715954
vt 0.436241 0.710488
vt 0.441037 0.710488
vt 0.441037 0.715954
vt 0.417057 0.715954
vt 0.417057 0.710488
vt 0.421853 0.710488
vt 0.421853 0.715954
vt 0.246692 0.923341
vt 0.241896 0.923341
vt 0.241896 0.917874
vt 0.246692 0.917874
vt 0.251488 0.923341
vt 0.251488 0.917874
vt 0.333021 0.923340
vt 0.328225 0.923340
vt 0.328225 0.917873
vt 0.333021 0.917873
vt 0.323429 0.923340
vt 0.323429 0.917873
vt 0.265876 0.923340
vt 0.261080 0.923340
vt 0.261080 0.917874
vt 0.265876 0.917874
vt 0.299449 0.923340
vt 0.294653 0.923340
vt 0.294653 0.917873
vt 0.299449 0.917873
vt 0.256284 0.923340
vt 0.256284 0.917874
vt 0.337817 0.923340
vt 0.337817 0.917873
vt 0.309041 0.923340
vt 0.304245 0.923340
vt 0.304245 0.917873
vt 0.309041 0.917873
vt 0.275468 0.923340
vt 0.270672 0.923340
vt 0.270672 0.917874
vt 0.275468 0.917874
vt 0.347409 0.923340
vt 0.342613 0.923340
vt 0.342613 0.917873
vt 0.347409 0.917873
vt 0.352205 0.923340
vt 0.352205 0.917873
vt 0.318633 0.923340
vt 0.313837 0.923340
vt 0.313837 0.917873
vt 0.318633 0.917873
vt 0.289857 0.923340
vt 0.285060 0.923340
vt 0.285060 0.917874
vt 0.289856 0.917873
vt 0.402668 0.715954
vt 0.402668 0.710488
vt 0.407464 0.710488
vt 0.407464 0.715954
vt 0.488998 0.710488
vt 0.488998 0.715954
vt 0.455425 0.715954
vt 0.455425 0.710488
vt 0.460221 0.710488
vt 0.460221 0.715954
vt 0.412261 0.715954
vt 0.412261 0.710488
vt 0.465017 0.710488
vt 0.465017 0.715954
vt 0.426649 0.715954
vt 0.426649 0.710488
vt 0.431445 0.710488
vt 0.431445 0.715954
vt 0.498590 0.715954
vt 0.498590 0.710488
vt 0.503386 0.710488
vt 0.503386 0.715954
vt 0.280264 0.923340
vt 0.280264 0.917874
vt 0.508182 0.710488
vt 0.508182 0.715954
vt 0.469814 0.715954
vt 0.469814 0.710488
vt 0.474610 0.710488
vt 0.474610 0.715954
vt 0.445833 0.710488
vt 0.445833 0.715954
vt 0.393076 0.715954
vt 0.393076 0.710488
vt 0.397872 0.710488
vt 0.397872 0.715954
vt 0.493794 0.715954
vt 0.493794 0.710488
vt 0.450629 0.710488
vt 0.450629 0.715954
vt 0.237100 0.923341
vt 0.237100 0.917874
vt 0.104621 0.117454
vt 0.161957 0.114241
vt 0.163204 0.133076
vt 0.105916 0.135553
vt 0.006380 0.011902
vt 0.074285 0.005024
vt 0.072780 0.026435
vt 0.007828 0.032269
vt 0.323005 0.060263
vt 0.347927 0.059296
vt 0.348383 0.076460
vt 0.323389 0.076997
vt 0.992873 0.099467
vt 0.992969 0.099553
vt 0.992963 0.099538
vt 0.992850 0.099465
vt 0.221639 0.202889
vt 0.192350 0.205567
vt 0.191893 0.195440
vt 0.221347 0.191876
vt 0.299193 0.359380
vt 0.357389 0.360485
vt 0.357211 0.371603
vt 0.299048 0.370203
vt 0.661682 0.360995
vt 0.718875 0.358780
vt 0.719290 0.369473
vt 0.662058 0.372181
vt 0.478565 0.157453
vt 0.508258 0.157671
vt 0.509477 0.174219
vt 0.477063 0.174542
vt 0.746767 0.339221
vt 0.746698 0.348723
vt 0.718694 0.348753
vt 0.718766 0.339112
vt 0.271234 0.075580
vt 0.270770 0.092341
vt 0.217189 0.091962
vt 0.217809 0.073269
vt 0.322605 0.041459
vt 0.272303 0.058022
vt 0.273764 0.039056
vt 0.219018 0.054177
vt 0.136416 0.300966
vt 0.159662 0.299699
vt 0.159181 0.309459
vt 0.136957 0.310355
vt 0.271038 0.109111
vt 0.323272 0.108249
vt 0.322733 0.125045
vt 0.271896 0.126695
vt 0.451659 0.033522
vt 0.372507 0.038937
vt 0.371673 0.019284
vt 0.449888 0.015134
vt 0.350405 0.224921
vt 0.415962 0.224672
vt 0.416047 0.236819
vt 0.350438 0.236918
vt 0.321727 0.164445
vt 0.274303 0.165846
vt 0.273115 0.145695
vt 0.322101 0.143941
vt 0.560251 0.150983
vt 0.609775 0.148104
vt 0.610905 0.165306
vt 0.561897 0.168071
vt 0.095420 0.262520
vt 0.095414 0.254275
vt 0.119681 0.254174
vt 0.118837 0.263850
vt 0.454398 0.052179
vt 0.373367 0.057703
vt 0.786191 0.126717
vt 0.821994 0.124574
vt 0.822792 0.135107
vt 0.787007 0.138506
vt 0.882594 0.091579
vt 0.853000 0.090974
vt 0.853632 0.078125
vt 0.883182 0.080354
vt 0.160381 0.339041
vt 0.161239 0.348393
vt 0.136892 0.348125
vt 0.136999 0.338662
vt 0.374105 0.110075
vt 0.373376 0.128135
vt 0.347752 0.126278
vt 0.348331 0.108976
vt 0.704158 0.099290
vt 0.703711 0.114529
vt 0.657284 0.113731
vt 0.657950 0.097397
vt 0.635546 0.246353
vt 0.576880 0.247880
vt 0.576672 0.236640
vt 0.635467 0.236541
vt 0.137878 0.254775
vt 0.119055 0.244565
vt 0.139270 0.244355
vt 0.820916 0.089555
vt 0.820894 0.102514
vt 0.785641 0.101961
vt 0.786099 0.087603
vt 0.505679 0.117829
vt 0.528918 0.116151
vt 0.532112 0.136657
vt 0.506944 0.139548
vt 0.560181 0.056058
vt 0.557865 0.074535
vt 0.530310 0.070904
vt 0.534100 0.051535
vt 0.556499 0.094025
vt 0.527901 0.093149
vt 0.556761 0.113854
vt 0.558314 0.132960
vt 0.540317 0.327492
vt 0.540261 0.338855
vt 0.417613 0.338554
vt 0.417600 0.327287
vt 0.608654 0.113282
vt 0.608932 0.130790
vt 0.514430 0.200722
vt 0.514735 0.188609
vt 0.578483 0.190878
vt 0.577843 0.202513
vt 0.609074 0.095610
vt 0.350298 0.200392
vt 0.350221 0.188036
vt 0.415809 0.187541
vt 0.415808 0.199982
vt 0.706693 0.048994
vt 0.661208 0.046068
vt 0.662163 0.029023
vt 0.708009 0.032689
vt 0.660178 0.063392
vt 0.611378 0.060294
vt 0.612691 0.042839
vt 0.659018 0.080608
vt 0.610081 0.077905
vt 0.613910 0.025538
vt 0.166207 0.207870
vt 0.164689 0.198597
vt 0.576809 0.225383
vt 0.577242 0.214021
vt 0.635743 0.216671
vt 0.635536 0.226741
vt 0.851371 0.215298
vt 0.823928 0.217410
vt 0.823158 0.207191
vt 0.849687 0.204822
vt 0.636121 0.267139
vt 0.577940 0.270664
vt 0.577350 0.259200
vt 0.635770 0.256456
vt 0.746742 0.100861
vt 0.746481 0.115073
vt 0.789013 0.056883
vt 0.749886 0.052395
vt 0.751596 0.037318
vt 0.791153 0.043297
vt 0.535330 0.154558
vt 0.853107 0.102599
vt 0.825902 0.049317
vt 0.856953 0.054488
vt 0.855081 0.065549
vt 0.823645 0.061465
vt 0.095059 0.271010
vt 0.117114 0.272676
vt 0.885576 0.059345
vt 0.911677 0.063080
vt 0.910267 0.072095
vt 0.884222 0.069346
vt 0.932836 0.075024
vt 0.934565 0.067115
vt 0.661311 0.339017
vt 0.661401 0.349948
vt 0.971948 0.077476
vt 0.970044 0.083121
vt 0.952724 0.079044
vt 0.954549 0.072258
vt 0.950764 0.094160
vt 0.967882 0.095013
vt 0.967843 0.100496
vt 0.950967 0.101089
vt 0.986035 0.083524
vt 0.983645 0.087649
vt 0.165080 0.256364
vt 0.165910 0.245750
vt 0.161629 0.357340
vt 0.181509 0.357248
vt 0.181331 0.365771
vt 0.161349 0.366280
vt 0.221791 0.337417
vt 0.245342 0.336449
vt 0.244538 0.346939
vt 0.221496 0.347338
vt 0.989419 0.095619
vt 0.988417 0.097966
vt 0.980710 0.096586
vt 0.981767 0.092105
vt 0.989010 0.101816
vt 0.980902 0.104028
vt 0.980499 0.100565
vt 0.988417 0.100042
vt 0.854186 0.122416
vt 0.854897 0.131931
vt 0.995119 0.099731
vt 0.993726 0.098775
vt 0.991515 0.093582
vt 0.994300 0.091999
vt 0.194118 0.258013
vt 0.194436 0.246851
vt 0.223863 0.248322
vt 0.223655 0.259592
vt 0.346607 0.020098
vt 0.347281 0.040461
vt 0.917358 0.328197
vt 0.917883 0.339462
vt 0.886905 0.339397
vt 0.886812 0.329124
vt 0.718403 0.255941
vt 0.691031 0.256120
vt 0.691324 0.246163
vt 0.718348 0.246067
vt 0.992477 0.099924
vt 0.992089 0.099566
vt 0.636485 0.194900
vt 0.636071 0.206036
vt 0.993297 0.099562
vt 0.993973 0.100128
vt 0.993106 0.100119
vt 0.993128 0.099569
vt 0.993241 0.099376
vt 0.992989 0.099308
vt 0.992606 0.098656
vt 0.719328 0.319554
vt 0.746657 0.319787
vt 0.746739 0.329709
vt 0.719001 0.329502
vt 0.074130 0.117597
vt 0.075282 0.137158
vt 0.011198 0.135086
vt 0.013907 0.114678
vt 0.951318 0.086541
vt 0.931445 0.084239
vt 0.072369 0.048928
vt 0.010709 0.052502
vt 0.908461 0.102234
vt 0.908758 0.110606
vt 0.882676 0.111482
vt 0.882460 0.102005
vt 0.746581 0.358616
vt 0.243899 0.358044
vt 0.243864 0.369124
vt 0.191722 0.279470
vt 0.164399 0.276888
vt 0.164638 0.266908
vt 0.193144 0.268977
vt 0.657246 0.129811
vt 0.322533 0.021023
vt 0.968609 0.089085
vt 0.886779 0.349680
vt 0.886451 0.360231
vt 0.857915 0.359595
vt 0.858029 0.349314
vt 0.004838 0.255302
vt 0.004810 0.246435
vt 0.051514 0.246652
vt 0.051738 0.254896
vt 0.969089 0.110250
vt 0.970229 0.114974
vt 0.953477 0.118899
vt 0.952476 0.113101
vt 0.299470 0.348565
vt 0.104886 0.097568
vt 0.073194 0.095819
vt 0.801923 0.319407
vt 0.829839 0.319267
vt 0.829886 0.329446
vt 0.801969 0.329511
vt 0.917265 0.350723
vt 0.915896 0.361901
vt 0.374019 0.075485
vt 0.514084 0.248607
vt 0.481779 0.248806
vt 0.481731 0.236758
vt 0.514028 0.236719
vt 0.746620 0.128443
vt 0.747239 0.141668
vt 0.417545 0.304793
vt 0.540473 0.304764
vt 0.540396 0.316138
vt 0.417577 0.316049
vt 0.514206 0.212796
vt 0.222761 0.270615
vt 0.703940 0.143893
vt 0.703587 0.129206
vt 0.243920 0.379546
vt 0.220994 0.377021
vt 0.221071 0.367457
vt 0.180000 0.298485
vt 0.179917 0.308528
vt 0.824733 0.236472
vt 0.797778 0.236497
vt 0.797773 0.227624
vt 0.824502 0.227109
vt 0.537773 0.171022
vt 0.505318 0.092555
vt 0.993126 0.099576
vt 0.993276 0.099567
vt 0.883174 0.120412
vt 0.909318 0.118337
vt 0.910182 0.125965
vt 0.883971 0.129267
vt 0.219986 0.149670
vt 0.221581 0.169717
vt 0.166028 0.175676
vt 0.165019 0.152060
vt 0.481743 0.047951
vt 0.485036 0.068291
vt 0.457199 0.071758
vt 0.857969 0.319144
vt 0.886519 0.318598
vt 0.858053 0.329403
vt 0.457327 0.114024
vt 0.454313 0.134406
vt 0.514070 0.224794
vt 0.486928 0.092421
vt 0.458566 0.092661
vt 0.481683 0.224659
vt 0.931675 0.109345
vt 0.951607 0.107287
vt 0.932455 0.115902
vt 0.691336 0.226869
vt 0.691037 0.216913
vt 0.829861 0.349192
vt 0.829786 0.359382
vt 0.221903 0.327795
vt 0.245951 0.326811
vt 0.275260 0.018936
vt 0.220635 0.034420
vt 0.222586 0.014206
vt 0.787279 0.072046
vt 0.748518 0.068708
vt 0.415944 0.273163
vt 0.416036 0.260972
vt 0.481809 0.260878
vt 0.481841 0.273047
vt 0.774191 0.319589
vt 0.774274 0.329604
vt 0.285684 0.284758
vt 0.252917 0.284138
vt 0.253372 0.272507
vt 0.285428 0.272753
vt 0.285981 0.200773
vt 0.253368 0.201468
vt 0.252894 0.190020
vt 0.285630 0.188787
vt 0.514236 0.260518
vt 0.719852 0.297788
vt 0.719647 0.308954
vt 0.662152 0.306125
vt 0.662517 0.294902
vt 0.930868 0.093768
vt 0.931073 0.102175
vt 0.908546 0.092724
vt 0.075287 0.155743
vt 0.007868 0.155194
vt 0.992058 0.099082
vt 0.115670 0.211424
vt 0.116764 0.203005
vt 0.139323 0.201942
vt 0.141632 0.210279
vt 0.508289 0.047890
vt 0.506585 0.068219
vt 0.981731 0.107192
vt 0.968289 0.105505
vt 0.218336 0.129932
vt 0.858073 0.339355
vt 0.829896 0.339317
vt 0.801984 0.339283
vt 0.774307 0.339252
vt 0.909181 0.082273
vt 0.107039 0.152595
vt 0.106860 0.174314
vt 0.073406 0.175669
vt 0.481674 0.212459
vt 0.180790 0.339479
vt 0.200518 0.339106
vt 0.200281 0.348478
vt 0.181275 0.348716
vt 0.245062 0.298966
vt 0.245809 0.308596
vt 0.221436 0.308486
vt 0.220876 0.298962
vt 0.853571 0.112858
vt 0.167296 0.226068
vt 0.142673 0.226493
vt 0.142859 0.218347
vt 0.167112 0.216918
vt 0.855826 0.142033
vt 0.823770 0.146264
vt 0.821349 0.113951
vt 0.785740 0.114787
vt 0.992839 0.099371
vt 0.095145 0.246094
vt 0.094561 0.237731
vt 0.117540 0.235713
vt 0.372187 0.147220
vt 0.370836 0.167028
vt 0.345808 0.165738
vt 0.346849 0.145290
vt 0.374308 0.092723
vt 0.348548 0.092694
vt 0.481749 0.200161
vt 0.481928 0.187805
vt 0.852857 0.225812
vt 0.299789 0.337935
vt 0.217374 0.110705
vt 0.162061 0.094318
vt 0.073201 0.271172
vt 0.051131 0.271853
vt 0.051568 0.263179
vt 0.073269 0.262643
vt 0.718348 0.226942
vt 0.718393 0.217041
vt 0.745376 0.217509
vt 0.745228 0.227189
vt 0.350374 0.272719
vt 0.350429 0.260695
vt 0.449375 0.172182
vt 0.451293 0.153652
vt 0.705690 0.066057
vt 0.704836 0.083089
vt 0.072434 0.229306
vt 0.072337 0.219773
vt 0.093709 0.219784
vt 0.093930 0.228991
vt 0.933347 0.122392
vt 0.934464 0.129326
vt 0.911380 0.134038
vt 0.323515 0.092613
vt 0.159540 0.329292
vt 0.137242 0.329197
vt 0.137129 0.366928
vt 0.160605 0.375605
vt 0.137463 0.376291
vt 0.136918 0.357543
vt 0.180325 0.329440
vt 0.180030 0.318984
vt 0.159102 0.319377
vt 0.200593 0.318587
vt 0.200624 0.329168
vt 0.199607 0.298151
vt 0.200149 0.308032
vt 0.200051 0.357221
vt 0.200227 0.365919
vt 0.073191 0.254624
vt 0.073035 0.246676
vt 0.357661 0.338349
vt 0.357544 0.349379
vt 0.299780 0.307004
vt 0.357484 0.305645
vt 0.357656 0.316532
vt 0.300026 0.317256
vt 0.356990 0.382672
vt 0.298944 0.380861
vt 0.357710 0.327412
vt 0.300012 0.327524
vt 0.357198 0.294683
vt 0.417488 0.293474
vt 0.417602 0.349878
vt 0.417546 0.361255
vt 0.285088 0.260760
vt 0.284936 0.248746
vt 0.350449 0.248801
vt 0.661767 0.317190
vt 0.661450 0.328128
vt 0.417433 0.372652
vt 0.540244 0.350253
vt 0.540268 0.361691
vt 0.540317 0.373154
vt 0.662424 0.383466
vt 0.540367 0.384616
vt 0.746473 0.369207
vt 0.746569 0.309159
vt 0.050541 0.210302
vt 0.005213 0.210705
vt 0.004948 0.201780
vt 0.051118 0.201203
vt 0.774151 0.358888
vt 0.774011 0.369490
vt 0.746532 0.297944
vt 0.774004 0.297819
vt 0.774087 0.308960
vt 0.137952 0.265306
vt 0.801875 0.359152
vt 0.801769 0.369800
vt 0.801778 0.297646
vt 0.801856 0.308754
vt 0.801642 0.380903
vt 0.773878 0.380613
vt 0.829673 0.370084
vt 0.829677 0.297469
vt 0.829765 0.308579
vt 0.829538 0.381199
vt 0.857730 0.370385
vt 0.857629 0.297231
vt 0.857822 0.308381
vt 0.857492 0.381547
vt 0.801948 0.349054
vt 0.885972 0.371191
vt 0.885565 0.296462
vt 0.886075 0.307667
vt 0.885429 0.382410
vt 0.914368 0.373067
vt 0.913430 0.294627
vt 0.914531 0.305850
vt 0.913295 0.384295
vt 0.916048 0.317014
vt 0.657898 0.145950
vt 0.704830 0.159188
vt 0.659092 0.162446
vt 0.822430 0.276119
vt 0.823219 0.265595
vt 0.849769 0.268027
vt 0.848433 0.278553
vt 0.822413 0.196626
vt 0.848438 0.194281
vt 0.823996 0.255452
vt 0.851486 0.257562
vt 0.193492 0.225509
vt 0.192855 0.215480
vt 0.222073 0.214023
vt 0.222727 0.225365
vt 0.797681 0.264547
vt 0.797748 0.254582
vt 0.771774 0.218079
vt 0.771981 0.207964
vt 0.797665 0.208222
vt 0.797744 0.218298
vt 0.797560 0.275097
vt 0.772262 0.275459
vt 0.771994 0.264848
vt 0.745973 0.276409
vt 0.745633 0.265653
vt 0.116055 0.227514
vt 0.115338 0.219518
vt 0.745606 0.207222
vt 0.797773 0.245341
vt 0.771620 0.245475
vt 0.771564 0.236499
vt 0.137269 0.319762
vt 0.745908 0.196432
vt 0.772216 0.197304
vt 0.745382 0.255427
vt 0.771771 0.254824
vt 0.072434 0.210204
vt 0.093878 0.210492
vt 0.718483 0.206582
vt 0.718727 0.277293
vt 0.718520 0.266366
vt 0.718647 0.195636
vt 0.690748 0.206405
vt 0.690679 0.195418
vt 0.690775 0.266627
vt 0.747429 0.085294
vt 0.514479 0.272502
vt 0.072714 0.201123
vt 0.094390 0.201590
vt 0.166806 0.235612
vt 0.194128 0.235934
vt 0.481912 0.285353
vt 0.514811 0.284586
vt 0.416078 0.248887
vt 0.415866 0.212389
vt 0.350286 0.284935
vt 0.415845 0.285505
vt 0.350358 0.212734
vt 0.285521 0.224718
vt 0.285903 0.212741
vt 0.253644 0.260663
vt 0.253775 0.248583
vt 0.253812 0.236450
vt 0.253779 0.224514
vt 0.285111 0.236722
vt 0.223442 0.236855
vt 0.691455 0.236516
vt 0.718330 0.236509
vt 0.771627 0.227497
vt 0.417261 0.384034
vt 0.246145 0.317697
vt 0.163888 0.051224
vt 0.163052 0.073386
vt 0.989956 0.103419
vt 0.745226 0.245795
vt 0.745170 0.236501
vt 0.220952 0.357453
vt 0.578539 0.282280
vt 0.562660 0.038488
vt 0.537586 0.034291
vt 0.824545 0.245813
vt 0.853529 0.236428
vt 0.852936 0.247046
vt 0.993344 0.099495
vt 0.993395 0.099521
vt 0.299307 0.296638
vt 0.005200 0.228580
vt 0.005321 0.219640
vt 0.050310 0.219678
vt 0.050510 0.229032
vt 0.746431 0.380397
vt 0.564821 0.021451
vt 0.540181 0.017815
vt 0.982963 0.110300
vt 0.991195 0.105018
vt 0.253648 0.212886
vt 0.105277 0.073852
vt 0.072707 0.072445
vt 0.164532 0.030649
vt 0.166000 0.010898
vt 0.221869 0.318115
vt 0.971806 0.119936
vt 0.954746 0.125016
vt 0.105085 0.049561
vt 0.104905 0.026359
vt 0.509905 0.030498
vt 0.013512 0.072984
vt 0.479254 0.030232
vt 0.051010 0.238075
vt 0.072736 0.238301
vt 0.821860 0.075314
vt 0.005459 0.272973
vt 0.005079 0.264143
vt 0.993232 0.099365
vt 0.141254 0.234994
vt 0.014529 0.093837
vt 0.005424 0.175382
vt 0.200442 0.375136
vt 0.180924 0.374979
vt 0.004921 0.237520
vt 0.992874 0.099368
vt 0.774258 0.348893
vt 0.485288 0.117417
vt 0.481616 0.139061
vt 0.105237 0.004810
vt 0.690765 0.277614
vt 0.221388 0.281522
vt 0.992900 0.106622
vt 0.788184 0.150914
vt 0.511291 0.013981
vt 0.478251 0.013147
vt 0.885144 0.138516
vt 0.748349 0.155510
vt 0.636559 0.278299
vt 0.719798 0.380673
vt 0.993010 0.099313
vt 0.797530 0.197617
vt 0.138944 0.274740
vt 0.540533 0.293347
vt 0.984732 0.113576
s 1
usemtl tool_wrist_transparent
f 1250/1/1 1257/2/2 1265/3/3 1248/4/4
f 2636/5/5 2635/6/6 2645/7/7 2644/8/8
f 4971/9/9 4736/10/10 4735/11/11 5218/12/12
f 4904/13/13 2952/14/14 2950/15/15 4902/16/16
f 4831/17/17 4861/18/18 3951/19/19 3950/20/20
f 1451/21/21 4162/22/22 4161/23/23 4163/24/24
f 5196/25/25 5203/26/26 5188/27/27 5195/28/28
f 4637/29/29 4635/30/30 4585/31/31 4584/32/32
f 1626/33/33 1624/34/34 1623/35/35 1625/36/36
f 1814/37/37 1815/38/38 1813/39/39 1812/40/40
f 4798/41/41 4796/42/42 4800/43/43 4829/44/44
f 4243/45/45 4240/46/46 4222/47/47 4244/48/48
f 3733/49/49 3738/50/50 3737/51/51 3732/52/52
f 2479/53/53 2478/54/54 2476/55/55 2477/56/56
f 3618/57/57 3616/58/58 3615/59/59 3626/60/60
f 5016/61/61 5028/62/62 4481/63/63 4482/64/64
f 2300/65/65 2324/66/66 2323/67/67 2301/68/68
f 2811/69/69 2813/70/70 2812/71/71 2810/72/72
f 4590/73/73 4588/74/74 1156/75/75 1154/76/76
f 2345/77/77 2347/78/78 5243/79/79 3778/80/80
f 1323/81/81 1321/82/82 4676/83/83 4674/84/84
f 4812/85/85 4811/86/86 1309/87/87 1311/88/88
f 2396/89/89 2433/90/90 2442/91/91 2394/92/92
f 4195/93/93 1397/94/94 1396/95/95 1395/96/96
f 4351/97/97 4350/98/98 4124/99/99 4361/100/100
f 2622/101/101 2620/102/102 2640/103/103 2634/104/104
f 4214/105/105 4267/106/106 4262/107/107 4264/108/108
f 4122/109/109 4118/110/110 4196/111/111 4199/112/112
f 2144/113/113 2148/114/114 2131/115/115 2133/116/116
f 1219/117/117 1203/118/118 1201/119/119 1199/120/120
f 1203/118/118 1219/117/117 1218/121/121 1213/122/122
f 2516/123/123 2522/124/124 2506/125/125 2508/126/126
f 2548/127/127 2543/128/128 2276/129/129 2275/130/130
f 1650/131/131 1658/132/132 1682/133/133 1681/134/134
f 2126/135/135 2127/136/136 4510/137/137 4509/138/138
f 3054/139/139 3025/140/140 3023/141/141 3024/142/142
f 1399/143/143 1397/94/94 1804/144/144 1796/145/145
f 1299/146/146 1297/147/147 4705/148/148 4704/149/149
f 4529/150/150 4524/151/151 4458/152/152 4463/153/153
f 1770/154/154 4850/155/155 4846/156/156 1769/157/157
f 3579/158/158 3580/159/159 3578/160/160 3577/161/161
f 5275/162/162 2987/163/163 2995/164/164 5300/165/165
f 5179/166/166 1506/167/167 1515/168/168 5180/169/169
f 1244/170/170 1241/171/171 1237/172/172 1238/173/173
f 4171/174/174 3952/175/175 3953/176/176 4170/177/177
f 5259/178/178 5262/179/178 3367/180/178 3366/181/178
f 2497/182/179 2481/183/180 2479/53/53 2499/184/181
f 3027/185/182 3040/186/183 2998/187/184 3001/188/185
f 1679/189/186 1669/190/187 1668/191/188 1678/192/189
f 1533/193/190 1531/194/191 3999/195/192 3998/196/193
f 3719/197/194 3713/198/195 3720/199/196 3714/200/197
f 1494/201/198 1493/202/199 4186/203/200 1527/204/201
f 3709/205/202 3715/206/203 3727/207/204 3726/208/205
f 3767/209/206 3768/210/207 3766/211/208 3765/212/209
f 170/213/210 150/214/211 151/215/212 171/216/213
f 4614/217/214 4613/218/215 4449/219/216 4450/220/217
f 2387/221/218 5191/222/219 3784/223/220 3776/224/221
f 1894/225/222 1892/226/223 4366/227/224 4367/228/225
f 1270/229/226 4428/230/227 2141/231/228 1272/232/229
f 4221/233/230 4220/234/231 4257/235/232 4255/236/233
f 4426/237/234 4435/238/235 2656/239/236 2655/240/237
f 2728/241/238 3338/242/239 3399/243/240 2729/244/241
f 1951/245/242 1958/246/243 1965/247/244 1949/248/245
f 4834/249/246 1789/250/247 4835/251/248 1729/252/249
f 1797/253/250 1515/168/168 4112/254/251 4102/255/252
f 4934/256/253 4833/257/254 4832/258/255 4928/259/256
f 5041/260/257 4500/261/258 4498/262/259 5030/263/260
f 5076/264/261 5058/265/262 4706/266/263 4683/267/264
f 1168/268/265 1170/269/266 4494/270/267 4493/271/268
f 1940/272/269 1939/273/270 1922/274/271 1924/275/272
f 1827/276/273 1826/277/274 1848/278/275 1847/279/276
f 4843/280/277 1604/281/278 3964/282/279 4882/283/280
f 2380/284/281 2377/285/282 5221/286/283 5225/287/284
f 3612/288/285 3560/289/286 3566/290/287 3624/291/288
f 4698/292/289 1291/293/290 1289/294/291 4673/295/292
f 4616/296/293 4615/297/294 4607/298/295 4606/299/296
f 1261/300/297 1259/301/298 1238/173/173 1237/172/172
f 5319/302/299 5318/303/300 2973/304/301 2975/305/302
f 2245/306/303 2234/307/304 2256/308/305 2257/309/306
f 2968/310/307 5322/311/308 5314/312/309 2966/313/310
f 3769/314/311 3767/209/206 2216/315/312 2218/316/313
f 3519/317/314 3617/318/315 3627/319/316 3533/320/317
f 2739/321/318 2789/322/319 2740/323/320 2741/324/321
f 2727/325/322 2724/326/323 2712/327/324 2725/328/325
f 1191/329/326 1189/330/327 1188/331/328 1190/332/329
f 2772/333/330 2770/334/331 2671/335/332 2721/336/333
f 1220/337/334 1221/338/335 1215/339/336 1216/340/337
f 1918/341/338 4235/342/339 1755/343/340 1754/344/341
f 3615/59/59 3616/58/58 3526/345/342 3523/346/343
f 2032/347/344 3333/348/345 3323/349/346 2031/350/347
f 3483/351/348 3471/352/349 3472/353/350 3473/354/351
f 1371/355/352 1350/356/178 1338/357/178 1370/358/353
f 1716/359/354 1710/360/355 1712/361/356 1714/362/357
f 3653/363/358 3647/364/359 3648/365/360 3652/366/361
f 3316/367/362 3354/368/362 3082/369/363 3081/370/364
f 3802/371/365 3803/372/366 3796/373/367 3795/374/368
f 2023/375/369 3360/376/370 3358/377/371 2021/378/372
f 1656/379/373 1687/380/374 1644/381/375 1638/382/376
f 5157/383/377 5156/384/378 3599/385/379 3597/386/380
f 614/387/381 793/388/382 802/389/383 634/390/384
f 2697/391/385 2671/335/332 2770/334/331 2757/392/386
f 4267/106/106 4214/105/105 4288/393/387 4289/394/388
f 4213/395/389 4250/396/390 1740/397/391 1742/398/392
f 2809/399/393 2811/69/69 2810/72/72 2808/400/394
f 2299/401/395 2325/402/396 2324/66/66 2300/65/65
f 3123/403/397 3155/404/398 3142/405/399 3125/406/400
f 1963/407/401 1930/408/402 1928/409/403 1964/410/404
f 2319/411/405 2317/412/406 4718/413/407 4724/414/408
f 4250/396/390 5171/415/409 1795/416/410 1740/397/391
f 2508/126/126 2506/125/125 2505/417/411 2507/418/412
f 5158/419/413 5157/420/377 3597/421/380 3592/422/414
f 3421/423/415 3420/424/416 3419/425/417 3424/426/418
f 4884/427/419 1764/428/420 1766/429/421 4885/430/422
f 2604/431/423 2335/432/424 2597/433/425 2605/434/426
f 2632/435/427 2639/436/428 2618/437/429 2616/438/430
f 5188/27/27 5186/439/431 5184/440/432 5199/441/433
f 2803/442/434 2802/443/435 5334/444/436 2801/445/437
f 1989/446/438 1981/447/439 1973/448/440 1988/449/441
f 2228/450/442 2231/451/443 2230/452/444 2217/453/445
f 3718/454/446 3717/455/447 3710/456/448 3725/457/449
f 4074/458/450 1788/459/451 1741/460/452 4075/461/453
f 1259/301/298 1258/462/454 1239/463/455 1238/173/173
f 1753/464/456 1797/253/250 4102/255/252 1751/465/457
f 1170/269/266 2114/466/458 4501/467/459 4494/270/267
f 3454/468/460 3455/469/461 3452/470/462 3453/471/463
f 2001/472/464 2002/473/465 2004/474/466 2003/475/467
f 1325/476/468 4675/477/469 1326/478/470 4686/479/471
f 127/480/472 320/481/473 379/482/474 133/483/475
f 217/484/476 362/485/477 353/486/478 202/487/479
f 207/488/480 356/489/481 347/490/482 192/491/483
f 167/492/484 178/493/485 388/494/486 335/495/487
f 760/496/478 670/497/479 685/498/476 769/499/477
f 232/500/488 371/501/489 362/485/477 217/484/476
f 799/502/490 811/503/491 654/504/492 629/505/493
f 317/506/494 243/507/495 228/508/496 308/509/497
f 237/510/498 374/511/499 365/512/500 222/513/501
f 127/480/472 157/514/502 329/515/503 320/481/473
f 126/516/504 1124/517/505 1128/518/506 79/519/507
f 325/520/508 1123/521/509 1125/522/510 386/523/511
f 65/524/512 66/525/513 259/526/514 248/527/515
f 855/528/516 805/529/517 639/530/518 645/531/519
f 754/532/482 660/533/483 675/534/480 763/535/481
f 305/536/520 314/537/521 238/538/522 223/539/523
f 790/540/524 799/502/490 629/505/493 604/541/525
f 192/491/483 347/490/482 338/542/526 172/543/527
f 823/544/528 832/545/520 689/546/523 674/547/529
f 723/548/486 644/549/485 640/550/527 745/551/526
f 1088/552/530 488/553/531 1059/554/531 1071/555/530
f 999/556/532 988/557/533 1142/558/533 391/559/534
f 859/560/535 858/561/536 1073/562/536 1074/563/535
f 392/564/537 1147/565/538 1001/566/538 1000/567/537
f 1069/568/539 1068/569/540 932/570/541 934/571/542
f 989/572/543 1143/573/543 15/574/544 990/575/544
f 1092/576/545 483/577/546 1061/578/546 1062/579/545
f 1079/580/547 1078/581/548 924/582/549 926/583/550
f 1061/578/546 483/577/546 859/560/535 1074/563/535
f 1009/584/551 1152/585/551 17/586/552 994/587/552
f 987/588/553 997/589/554 1146/590/554 1141/591/553
f 860/592/555 1091/593/556 1063/594/556 1075/595/555
f 1073/562/536 858/561/536 1086/596/557 1072/597/557
f 902/598/558 1074/563/535 1073/562/536 900/599/559
f 998/600/560 397/601/560 1146/590/554 997/589/554
f 1059/554/531 488/553/531 864/602/561 1082/603/561
f 1003/604/562 394/605/562 1148/606/563 1004/607/563
f 993/608/564 1145/609/565 1150/610/566 1007/611/566
f 992/612/567 1144/613/567 394/605/562 1003/604/562
f 402/614/568 439/615/569 441/616/570 979/617/571
f 939/618/572 425/619/573 427/620/574 941/621/575
f 946/622/576 455/623/577 457/624/578 963/625/579
f 979/617/571 441/616/570 443/626/580 980/627/581
f 941/621/575 427/620/574 429/628/582 942/629/583
f 963/625/579 457/624/578 459/630/584 962/631/585
f 980/627/581 443/626/580 445/632/586 944/633/587
f 942/629/583 429/628/582 431/634/588 960/635/589
f 962/631/585 459/630/584 461/636/590 982/637/591
f 944/633/587 445/632/586 447/638/592 943/639/593
f 943/639/593 447/638/592 449/640/594 945/641/595
f 959/642/596 433/643/597 435/644/598 961/645/599
f 407/646/600 463/647/601 465/648/602 949/649/603
f 945/641/595 449/640/594 451/650/604 981/651/605
f 961/645/599 435/644/598 437/652/606 977/653/607
f 949/649/603 465/648/602 467/654/608 948/655/609
f 948/655/609 467/654/608 422/656/610 976/657/611
f 981/651/605 451/650/604 453/658/612 947/659/613
f 452/660/614 993/608/564 1007/611/566 454/661/615
f 977/653/607 437/652/606 439/615/569 402/614/568
f 940/662/616 423/663/617 425/619/573 939/618/572
f 1052/664/178 1029/665/178 1013/666/178 1037/667/178
f 1031/668/178 1030/669/178 1053/670/178 1054/671/178
f 1033/672/178 480/673/618 874/674/619 1014/675/178
f 409/676/362 408/677/362 401/678/362 5/679/362
f 512/680/362 489/681/362 125/682/620 121/683/621
f 107/684/622 497/685/362 498/686/362 105/687/623
f 420/688/362 14/689/362 398/690/362 45/691/362
f 405/692/362 963/625/579 962/631/585 406/693/362
f 1108/694/178 34/695/178 33/696/178 1107/697/178
f 1032/698/178 1031/668/178 1054/671/178 1055/699/178
f 414/700/362 413/701/362 8/702/362 9/703/362
f 1116/704/178 42/705/178 41/706/178 1115/707/178
f 492/708/362 493/709/362 115/710/624 117/711/625
f 1044/712/178 1043/713/178 518/714/626 881/715/627
f 1110/716/178 36/717/178 35/718/178 1109/719/178
f 510/720/362 511/721/362 80/722/628 81/723/629
f 1100/724/178 26/725/178 25/726/178 1099/727/178
f 1058/728/178 1015/729/178 1034/730/178 1057/731/178
f 147/732/630 167/492/484 335/495/487 326/733/631
f 308/509/497 228/508/496 213/734/632 299/735/633
f 222/513/501 365/512/500 356/489/481 207/488/480
f 700/736/488 599/737/475 714/738/474 778/739/489
f 272/740/490 284/741/491 188/742/492 163/743/493
f 635/744/484 644/745/485 723/746/486 742/747/487
f 745/551/526 640/550/527 660/533/483 754/532/482
f 256/748/516 177/749/519 168/750/384 275/751/383
f 237/510/498 143/752/634 382/753/635 374/511/499
f 769/499/477 685/498/476 700/736/488 778/739/489
f 659/754/636 814/755/637 823/544/528 674/547/529
f 817/756/638 826/757/633 679/758/632 664/759/639
f 844/760/494 852/761/640 620/762/641 709/763/495
f 296/764/528 305/536/520 223/539/523 208/765/529
f 624/766/642 796/767/643 808/768/644 649/769/645
f 311/770/646 233/771/647 218/772/648 302/773/649
f 757/774/650 665/775/651 680/776/652 766/777/653
f 595/778/472 625/779/502 736/780/503 727/781/473
f 680/776/652 695/782/654 775/783/655 766/777/653
f 250/784/656 142/785/657 238/538/522 314/537/521
f 137/786/658 323/787/659 382/753/635 143/752/634
f 835/788/497 844/760/494 709/763/495 694/789/496
f 826/757/633 835/788/497 694/789/496 679/758/632
f 275/751/383 168/750/384 148/790/381 266/791/382
f 386/523/511 1125/522/510 1140/792/660 376/793/661
f 70/794/662 280/795/663 268/796/664 68/797/665
f 78/798/666 274/799/667 265/800/668 77/801/669
f 88/802/670 1136/803/671 1139/804/672 90/805/673
f 98/806/674 1127/807/675 1132/808/676 100/809/677
f 106/810/678 1119/811/679 1117/812/680 108/813/681
f 104/814/682 102/815/683 1135/816/684 1138/817/685
f 112/818/686 1126/819/687 1131/820/688 114/821/689
f 116/822/690 114/821/689 1131/820/688 1134/823/691
f 92/824/692 1122/825/693 1120/826/694 94/827/695
f 84/828/696 82/829/697 1129/830/698 1130/831/699
f 96/832/700 94/827/695 1120/826/694 1121/833/701
f 3359/834/362 3337/835/362 3336/836/702 3357/837/703
f 118/838/704 116/822/690 1134/823/691 1137/839/705
f 96/832/700 1121/833/701 1127/807/675 98/806/674
f 90/805/673 1139/804/672 1122/825/693 92/824/692
f 112/818/686 110/840/706 1118/841/707 1126/819/687
f 104/814/682 1138/817/685 1119/811/679 106/810/678
f 86/842/708 84/828/696 1130/831/699 1133/843/709
f 100/809/677 1132/808/676 1135/816/684 102/815/683
f 120/844/710 118/838/704 1137/839/705 1140/845/660
f 124/846/711 1123/847/509 1124/517/505 126/516/504
f 122/848/712 120/844/710 1140/845/660 1125/849/510
f 293/850/713 203/851/714 188/742/492 284/741/491
f 172/543/527 338/542/526 388/494/486 178/493/485
f 832/545/520 841/852/521 704/853/522 689/546/523
f 849/854/656 790/540/524 604/541/525 610/855/657
f 59/856/715 271/857/716 262/858/717 58/859/718
f 75/860/719 316/861/720 307/862/721 74/863/722
f 55/864/723 313/865/724 304/866/725 53/867/726
f 537/868/727 765/869/728 774/870/729 539/871/730
f 322/872/731 1120/873/694 1122/874/693 383/875/732
f 53/867/726 304/866/725 295/876/733 51/877/734
f 73/878/735 74/863/722 307/862/721 298/879/736
f 331/880/737 1121/881/701 1120/873/694 322/872/731
f 51/877/734 295/876/733 286/882/738 49/883/739
f 61/884/740 292/885/741 283/886/742 60/887/743
f 44/888/744 257/889/745 274/799/667 78/798/666
f 212/890/652 227/891/654 368/892/655 359/893/653
f 49/883/739 286/882/738 277/894/746 47/895/747
f 60/887/743 283/886/742 271/857/716 59/856/715
f 71/896/748 289/897/749 280/795/663 70/794/662
f 76/898/750 254/899/751 316/861/720 75/860/719
f 57/900/752 251/901/753 313/865/724 55/864/723
f 108/813/681 1117/812/680 1118/841/707 110/840/706
f 79/519/507 1128/518/506 1129/830/698 82/829/697
f 44/902/744 950/903/754 951/904/755 47/905/747
f 884/906/756 525/907/757 526/908/758 527/909/759
f 518/714/626 880/910/760 517/911/761 519/912/762
f 68/913/665 957/914/763 958/915/764 70/916/662
f 74/917/722 971/918/765 972/919/766 75/920/719
f 68/913/665 66/921/513 970/922/767 957/914/763
f 71/923/748 985/924/768 986/925/769 73/926/735
f 541/927/770 889/928/771 540/929/772 542/930/773
f 65/931/512 64/932/774 968/933/775 969/934/776
f 64/935/774 63/936/777 984/937/778 968/933/775
f 70/916/662 958/915/764 985/924/768 71/923/748
f 516/938/779 879/939/780 878/940/781 515/941/782
f 538/942/783 888/943/784 537/944/727 539/945/730
f 162/946/785 187/947/786 344/948/787 332/949/788
f 582/950/789 580/951/790 89/952/791 87/953/792
f 558/954/793 556/955/794 113/956/795 111/957/796
f 568/958/797 566/959/798 103/960/799 101/961/800
f 582/950/789 87/953/792 85/962/801 584/963/802
f 558/954/793 111/957/796 109/964/803 560/965/804
f 568/958/797 101/961/800 99/966/805 570/967/806
f 576/968/807 574/969/808 95/970/809 93/971/810
f 554/972/811 552/973/812 117/711/625 115/710/624
f 547/974/813 592/975/814 121/683/621 125/682/620
f 564/976/815 562/977/816 107/684/622 105/687/623
f 562/977/816 560/965/804 109/964/803 107/684/622
f 588/978/817 81/723/629 80/722/628 590/979/818
f 586/980/819 83/981/820 81/723/629 588/978/817
f 125/682/620 123/982/821 548/983/822 547/974/813
f 548/983/822 123/982/821 119/984/823 550/985/824
f 552/973/812 550/985/824 119/984/823 117/711/625
f 580/951/790 578/986/825 91/987/826 89/952/791
f 570/967/806 99/966/805 97/988/827 572/989/828
f 574/969/808 572/989/828 97/988/827 95/970/809
f 578/986/825 576/968/807 93/971/810 91/987/826
f 590/979/818 80/722/628 121/683/621 592/975/814
f 586/980/819 584/963/802 85/962/801 83/981/820
f 133/483/475 232/990/488 234/991/829 136/992/830
f 230/993/831 231/994/832 246/995/833 245/996/834
f 708/997/835 693/998/836 692/999/837 707/1000/838
f 711/1001/833 696/1002/832 694/789/496 709/763/495
f 610/855/657 613/1003/839 706/1004/840 704/853/522
f 146/1005/841 145/1006/842 140/1007/843 139/1008/844
f 200/1009/845 185/1010/846 186/1011/847 201/1012/848
f 611/1013/841 609/1014/634 705/1015/498 708/997/835
f 648/1016/849 636/1017/213 634/390/384 645/1018/519
f 646/1019/850 638/1020/851 637/1021/210 647/1022/852
f 682/1023/853 683/1024/854 668/1025/855 667/1026/845
f 668/1025/855 665/775/651 650/1027/856 653/1028/857
f 171/216/213 151/215/212 148/790/381 168/750/384
f 215/1029/853 216/1030/858 231/994/832 230/993/831
f 671/1031/859 672/1032/860 657/1033/861 656/1034/862
f 237/510/498 239/1035/835 146/1005/841 143/752/634
f 600/1036/863 603/1037/864 701/1038/865 699/1039/647
f 697/1040/831 698/1041/866 683/1024/854 682/1023/853
f 244/1042/867 245/996/834 155/1043/868 156/1044/869
f 201/1012/848 198/1045/639 213/734/632 216/1030/858
f 680/776/652 665/775/651 668/1025/855 683/1024/854
f 632/1046/870 633/1047/871 608/1048/844 607/1049/843
f 219/1050/872 220/1051/873 235/1052/874 234/1053/829
f 157/514/502 159/1054/875 184/1055/857 182/1056/856
f 131/1057/876 128/1058/877 158/1059/642 161/1060/878
f 146/1005/841 239/1035/835 240/1061/838 145/1006/842
f 642/1062/879 647/1063/852 648/1064/849 641/1065/880
f 221/1066/881 218/772/648 233/771/647 236/1067/865
f 629/505/493 631/1068/882 606/1069/883 604/541/525
f 189/1070/884 164/1071/871 165/1072/870 190/1073/861
f 627/1074/885 628/1075/875 598/1076/886 597/1077/887
f 143/752/634 146/1005/841 139/1008/844 137/786/658
f 664/759/639 666/1078/848 651/1079/847 649/769/645
f 696/1002/832 697/1040/831 682/1023/853 681/1080/858
f 687/1081/873 688/1082/872 673/1083/888 672/1032/860
f 639/530/518 641/1065/880 648/1064/849 645/531/519
f 141/1084/883 138/1085/525 163/743/493 166/1086/882
f 190/1073/861 191/1087/862 206/1088/859 205/1089/860
f 707/1000/838 692/999/837 691/1090/889 706/1004/840
f 166/1086/882 163/743/493 188/742/492 191/1087/862
f 676/1091/890 661/1092/891 659/754/636 674/547/529
f 235/1052/874 220/1051/873 221/1066/881 236/1067/865
f 140/1007/843 141/1084/883 166/1086/882 165/1072/870
f 222/513/501 207/488/480 209/1093/892 224/1094/836
f 241/1095/840 226/1096/889 223/539/523 238/538/522
f 174/1097/893 175/1098/879 195/1099/894 194/1100/895
f 135/1101/896 235/1102/874 236/1103/865 134/1104/864
f 673/1083/888 670/497/479 655/1105/786 658/1106/884
f 196/1107/891 193/1108/636 208/765/529 211/1109/890
f 611/1013/841 708/997/835 707/1000/838 612/1110/842
f 667/1026/845 668/1025/855 653/1028/857 652/1111/846
f 187/947/786 162/946/785 164/1071/871 189/1070/884
f 227/891/654 229/1112/866 244/1042/867 242/1113/897
f 607/1049/843 608/1048/844 611/1013/841 612/1110/842
f 204/1114/888 189/1070/884 190/1073/861 205/1089/860
f 660/533/483 640/550/527 643/1115/893 663/1116/895
f 704/853/522 706/1004/840 691/1090/889 689/546/523
f 195/1099/894 175/1098/879 176/1117/880 196/1107/891
f 602/1118/896 702/1119/874 701/1038/865 603/1037/864
f 201/1012/848 186/1011/847 183/1120/645 198/1045/639
f 605/1121/658 609/1014/634 611/1013/841 608/1048/844
f 702/1119/874 687/1081/873 686/1122/881 701/1038/865
f 224/1094/836 209/1093/892 210/1123/898 225/1124/837
f 191/1087/862 188/742/492 203/851/714 206/1088/859
f 212/890/652 197/1125/651 199/1126/855 214/1127/854
f 651/1079/847 652/1111/846 627/1074/885 626/1128/878
f 672/1032/860 673/1083/888 658/1106/884 657/1033/861
f 606/1069/883 613/1003/839 610/855/657 604/541/525
f 685/498/476 670/497/479 673/1083/888 688/1082/872
f 180/1129/852 179/1130/849 176/1117/880 175/1098/879
f 160/1131/885 161/1060/878 186/1011/847 185/1010/846
f 179/1130/849 171/216/213 168/750/384 177/749/519
f 621/1132/869 619/1133/899 710/1134/897 713/1135/867
f 621/1132/869 713/1135/867 712/1136/834 622/1137/868
f 169/1138/851 149/1139/900 150/214/211 170/213/210
f 151/215/212 154/1140/901 152/1141/641 148/790/381
f 616/1142/212 623/1143/901 620/762/641 614/387/381
f 692/999/837 693/998/836 678/1144/892 677/1145/898
f 623/1143/901 622/1137/868 712/1136/834 711/1001/833
f 134/1104/864 132/1146/863 128/1058/877 131/1057/876
f 620/762/641 623/1143/901 711/1001/833 709/763/495
f 160/1131/885 130/1147/887 131/1057/876 161/1060/878
f 199/1126/855 200/1009/845 215/1029/853 214/1127/854
f 144/1148/839 142/785/657 138/1085/525 141/1084/883
f 669/1149/714 671/1031/859 656/1034/862 654/504/492
f 653/1028/857 628/1075/875 627/1074/885 652/1111/846
f 618/1150/900 621/1132/869 622/1137/868 617/1151/211
f 690/1152/501 675/534/480 678/1144/892 693/998/836
f 651/1079/847 626/1128/878 624/766/642 649/769/645
f 662/1153/894 663/1116/895 643/1115/893 642/1062/879
f 648/1016/849 647/1022/852 637/1021/210 636/1017/213
f 207/488/480 192/491/483 194/1100/895 209/1093/892
f 595/778/472 599/737/475 601/1154/830 598/1076/886
f 165/1072/870 166/1086/882 191/1087/862 190/1073/861
f 136/992/830 135/1101/896 130/1147/887 129/1155/886
f 147/732/630 149/1139/900 169/1138/851 167/492/484
f 334/1156/902 1124/1157/505 1123/521/509 325/520/508
f 354/1158/903 345/1159/904 344/948/787 353/486/478
f 276/1160/905 267/1161/906 265/800/668 274/799/667
f 342/1162/907 341/1163/908 350/1164/650 351/1165/909
f 386/523/511 387/1166/910 327/1167/911 325/520/508
f 727/781/473 728/1168/912 716/1169/913 714/738/474
f 319/1170/914 321/1171/912 330/1172/915 328/1173/916
f 752/1174/904 740/1175/917 739/1176/788 751/1177/787
f 762/1178/918 753/1179/919 755/1180/920 764/1181/921
f 314/537/521 305/536/520 306/1182/922 315/1183/923
f 715/1184/924 777/1185/925 779/1186/926 716/1169/913
f 375/1187/927 366/1188/928 365/512/500 374/511/499
f 297/1189/929 295/876/733 304/866/725 306/1182/922
f 823/544/528 814/755/637 815/1190/930 824/1191/929
f 288/1192/930 279/1193/931 277/894/746 286/882/738
f 808/768/644 796/767/643 797/1194/932 809/1195/933
f 331/880/737 333/1196/917 345/1159/904 343/1197/934
f 854/1198/935 852/761/640 844/760/494 845/1199/936
f 249/1200/937 248/527/515 259/526/514 261/1201/938
f 330/1172/915 321/1171/912 320/481/473 329/515/503
f 303/1202/939 294/1203/940 292/885/741 301/1204/941
f 348/1205/920 339/1206/942 338/542/526 347/490/482
f 343/1197/934 345/1159/904 354/1158/903 352/1207/943
f 247/1208/944 311/1209/646 312/1210/945 249/1200/937
f 816/1211/749 818/1212/946 809/1195/933 807/1213/663
f 330/1172/915 329/515/503 341/1163/908 342/1162/907
f 726/1214/914 715/1184/924 716/1169/913 728/1168/912
f 378/1215/947 377/1216/948 385/1217/949 387/1166/910
f 822/1218/733 824/1191/929 815/1190/930 813/1219/738
f 272/740/490 273/1220/950 285/1221/951 284/741/491
f 782/1222/927 780/1223/952 771/1224/953 773/1225/928
f 354/1158/903 353/486/478 362/485/477 363/1226/954
f 2813/70/70 2815/1227/955 2814/1228/956 2812/71/71
f 794/1229/906 793/388/382 852/761/640 854/1198/935
f 771/1224/953 762/1178/918 764/1181/921 773/1225/928
f 776/1230/957 767/1231/958 766/777/653 775/783/655
f 325/520/508 327/1167/911 336/1232/959 334/1156/902
f 275/751/383 276/1160/905 258/1233/960 256/748/516
f 355/1234/918 346/1235/919 348/1205/920 357/1236/921
f 714/738/474 716/1169/913 779/1186/926 778/739/489
f 380/1237/924 381/1238/913 321/1171/912 319/1170/914
f 836/1239/961 835/788/497 826/757/633 827/1240/962
f 297/1189/929 288/1192/930 286/882/738 295/876/733
f 278/1241/517 279/1193/931 288/1192/930 287/1242/963
f 761/1243/903 759/1244/943 750/1245/934 752/1174/904
f 742/747/487 743/1246/959 734/1247/911 733/1248/631
f 252/1249/964 251/901/753 262/858/717 264/1250/965
f 802/389/383 793/388/382 794/1229/906 803/1251/905
f 847/1252/515 848/1253/937 839/1254/945 837/1255/966
f 746/1256/942 744/1257/967 724/1258/968 725/1259/969
f 281/1260/644 269/1261/643 270/1262/932 282/1263/933
f 825/1264/736 827/1240/962 818/1212/946 816/1211/749
f 749/1265/907 737/1266/915 736/780/503 748/1267/908
f 836/1239/961 827/1240/962 825/1264/736 834/1268/721
f 250/784/656 252/1249/964 264/1250/965 263/1269/524
f 845/1199/936 836/1239/961 834/1268/721 843/1270/720
f 772/1271/500 773/1225/928 764/1181/921 763/535/481
f 352/1207/943 354/1158/903 363/1226/954 361/1272/970
f 290/1273/638 291/1274/946 300/1275/962 299/735/633
f 312/1276/945 303/1202/939 301/1204/941 310/1277/966
f 336/1232/959 335/495/487 388/494/486 390/1278/969
f 370/1279/925 372/1280/926 381/1238/913 380/1237/924
f 296/764/528 297/1189/929 306/1182/922 305/536/520
f 337/1281/967 339/1206/942 348/1205/920 346/1235/919
f 317/506/494 318/1282/936 255/1283/935 253/1284/640
f 258/1233/960 276/1160/905 274/799/667 257/889/745
f 758/1285/909 749/1265/907 748/1267/908 757/774/650
f 734/1247/911 732/1286/508 721/1287/511 722/1288/910
f 826/757/633 817/756/638 818/1212/946 827/1240/962
f 735/1289/916 726/1214/914 728/1168/912 737/1266/915
f 321/1171/912 381/1238/913 379/482/474 320/481/473
f 747/1290/971 735/1289/916 737/1266/915 749/1265/907
f 820/1291/713 811/503/491 812/1292/951 821/1293/940
f 788/1294/938 848/1253/937 847/1252/515 786/1295/514
f 818/1212/946 817/756/638 808/768/644 809/1195/933
f 794/1229/906 854/1198/935 853/1296/751 792/1297/668
f 844/760/494 835/788/497 836/1239/961 845/1199/936
f 830/1298/939 821/1293/940 819/1299/741 828/1300/941
f 767/1231/958 758/1285/909 757/774/650 766/777/653
f 285/1221/951 273/1220/950 271/857/716 283/886/742
f 275/751/383 266/791/382 267/1161/906 276/1160/905
f 750/1245/934 738/1301/737 740/1175/917 752/1174/904
f 4404/1302/972 3907/1303/973 3905/1304/974 4403/1305/975
f 258/1233/960 257/889/745 277/894/746 279/1193/931
f 256/748/516 258/1233/960 279/1193/931 278/1241/517
f 721/1287/511 783/1306/661 785/1307/947 722/1288/910
f 722/1288/910 785/1307/947 784/1308/976 720/1309/949
f 315/1183/923 313/865/724 251/901/753 252/1249/964
f 369/1310/957 368/892/655 377/1216/948 378/1215/947
f 797/1194/932 788/1294/938 786/1295/514 795/1311/664
f 308/509/497 299/735/633 300/1275/962 309/1312/961
f 318/1282/936 316/861/720 254/899/751 255/1283/935
f 263/1269/524 264/1250/965 273/1220/950 272/740/490
f 791/1313/965 851/1314/964 850/1315/753 789/1316/717
f 785/1307/947 776/1230/957 775/783/655 784/1308/976
f 740/1175/917 738/1301/737 729/1317/731 731/1318/977
f 851/1314/964 849/854/656 841/852/521 842/1319/923
f 714/738/474 599/737/475 595/778/472 727/781/473
f 68/797/665 268/796/664 259/526/514 66/525/513
f 337/1281/967 1129/1320/698 1128/1321/506 389/1322/968
f 343/1197/934 1127/1323/675 1121/881/701 331/880/737
f 389/1322/968 1128/1321/506 1124/1157/505 334/1156/902
f 586/1324/819 588/1325/817 577/1326/868 546/1327/834
f 346/1235/919 1130/1328/699 1129/1320/698 337/1281/967
f 349/1329/978 1131/1330/688 1126/1331/687 340/1332/971
f 2235/1333/979 2234/307/304 2245/306/303 2246/1334/980
f 355/1234/918 1133/1335/709 1130/1328/699 346/1235/919
f 361/1272/970 1135/1336/684 1132/1337/676 352/1207/943
f 4108/1338/981 4109/1339/982 4095/1340/983 4113/1341/984
f 60/1342/743 59/1343/715 965/1344/985 966/1345/986
f 53/1346/726 51/1347/734 953/1348/987 954/1349/988
f 544/1350/989 890/1351/990 543/1352/991 545/1353/992
f 890/1351/990 541/927/770 542/930/773 543/1352/991
f 585/1354/870 573/1355/861 810/1356/742 798/1357/716
f 75/920/719 972/919/766 973/1358/993 76/1359/750
f 55/1360/723 955/1361/994 956/1362/995 57/1363/752
f 65/931/512 969/934/776 970/922/767 66/921/513
f 49/1364/739 952/1365/996 953/1348/987 51/1347/734
f 534/1366/997 533/1367/998 887/1368/999 532/1369/1000
f 885/1370/1001 884/906/756 527/909/759 528/1371/1002
f 47/905/747 951/904/755 952/1365/996 49/1364/739
f 525/907/757 523/1372/1003 524/1373/1004 526/908/758
f 2738/1374/1005 2788/1375/1006 2739/321/318 2737/1376/1007
f 1001/566/538 1147/565/538 393/1377/1008 1002/1378/1009
f 1051/1379/178 1050/1380/178 529/1381/1010 886/1382/1011
f 11/1383/362 946/622/576 963/625/579 405/692/362
f 1113/1384/178 39/1385/178 38/1386/178 1112/1387/178
f 1114/1388/178 40/1389/178 39/1385/178 1113/1384/178
f 1098/1390/178 24/1391/178 23/1392/178 1097/1393/178
f 1106/1394/178 32/1395/178 31/1396/178 1105/1397/178
f 413/701/362 969/934/776 968/933/775 412/1398/362
f 1095/1399/178 43/1400/178 42/705/178 1116/704/178
f 419/1401/362 420/688/362 975/1402/1012 974/1403/1013
f 409/676/362 5/679/362 978/1404/362 410/1405/362
f 1033/672/178 1014/675/178 1038/1406/178 1056/1407/178
f 873/1408/1014 479/1409/1015 1031/668/178 1032/698/178
f 403/1410/362 980/627/581 944/633/587 7/1411/362
f 54/1412/362 52/1413/362 4/1414/362 399/1415/362
f 1030/669/178 1029/665/178 1052/664/178 1053/670/178
f 416/1416/362 406/693/362 12/1417/362 417/1418/362
f 69/1419/362 67/1420/362 404/1421/362 10/1422/362
f 1038/1406/178 1055/699/178 538/942/783 889/928/771
f 89/952/791 506/1423/362 507/1424/362 87/953/792
f 505/1425/362 506/1423/362 89/952/791 91/987/826
f 1104/1426/178 1105/1397/178 31/1396/178 30/1427/178
f 50/1428/362 48/1429/362 2/1430/362 3/1431/362
f 1043/713/178 1020/1432/178 1019/1433/178 1042/1434/178
f 916/1435/1016 914/1436/1017 913/1437/1018 915/1438/1019
f 442/1439/1020 441/616/570 439/615/569 440/1440/1021
f 444/1441/1022 443/626/580 441/616/570 442/1439/1020
f 930/1442/1023 929/1443/1024 931/1444/1025 932/570/541
f 904/1445/1026 902/598/558 901/1446/1027 903/1447/1028
f 427/620/574 425/619/573 426/1448/1029 428/1449/1030
f 924/582/549 922/1450/1031 921/1451/1032 923/1452/1033
f 456/1453/1034 455/623/577 453/658/612 454/661/615
f 468/1454/1035 467/654/608 465/648/602 466/1455/1036
f 461/636/590 459/630/584 460/1456/1037 462/1457/1038
f 459/630/584 457/624/578 458/1458/1039 460/1456/1037
f 904/1445/1026 903/1447/1028 905/1459/1040 906/1460/1041
f 440/1440/1021 439/615/569 437/652/606 438/1461/1042
f 922/1450/1031 920/1462/1043 919/1463/1044 921/1451/1032
f 906/1460/1041 905/1459/1040 907/1464/1045 908/1465/1046
f 932/570/541 931/1444/1025 933/1466/1047 934/571/542
f 432/1467/1048 431/634/588 429/628/582 430/1468/1049
f 421/1469/1050 422/656/610 467/654/608 468/1454/1035
f 425/619/573 423/663/617 424/1470/1051 426/1448/1029
f 938/1471/1052 937/1472/1053 892/1473/1054 891/1474/1055
f 910/1475/1056 908/1465/1046 907/1464/1045 909/1476/1057
f 465/648/602 463/647/601 464/1477/1058 466/1455/1036
f 424/1470/1051 423/663/617 422/656/610 421/1469/1050
f 1083/1478/1059 1084/1479/1060 1080/1480/1060 1081/1481/1061
f 911/1482/1062 909/1476/1057 866/1483/1063 867/1484/1064
f 937/1472/1053 935/1485/1065 481/1486/1066 875/1487/1067
f 4117/1488/1068 4116/1489/1069 1504/1490/1070 1505/1491/1071
f 1340/1492/1072 4345/1493/1073 4357/1494/1074 1366/1495/1075
f 1050/1380/178 1036/1496/178 885/1370/1001 529/1381/1010
f 124/846/711 126/516/504 1095/1399/178 1116/704/178
f 102/815/683 104/814/682 1106/1394/178 1105/1397/178
f 98/806/674 100/809/677 1104/1426/178 1103/1497/178
f 48/1429/362 50/1428/362 953/1348/987 952/1365/996
f 1098/1390/178 1099/727/178 25/726/178 24/1391/178
f 100/809/677 102/815/683 1105/1397/178 1104/1426/178
f 79/519/507 82/829/697 1094/1498/178 1093/1499/178
f 9/703/362 945/641/595 981/651/605 404/1421/362
f 410/1405/362 411/1500/362 967/1501/1076 966/1345/986
f 1018/1502/178 471/1503/1077 470/1504/1078 1017/1505/178
f 625/779/502 650/1027/856 748/1267/908 736/780/503
f 852/761/640 793/388/382 614/387/381 620/762/641
f 287/1242/963 296/764/528 208/765/529 193/1108/636
f 717/1506/635 609/1014/634 605/1121/658 730/1507/659
f 781/1508/499 705/1015/498 609/1014/634 717/1506/635
f 147/732/630 326/733/631 385/1217/949 153/1509/899
f 619/1133/899 615/1510/630 733/1248/631 720/1309/949
f 290/1273/638 198/1045/639 183/1120/645 281/1260/644
f 634/390/384 802/389/383 855/1511/516 645/1018/519
f 162/946/785 332/949/788 323/787/659 137/786/658
f 724/1258/968 744/1257/967 514/1512/1079 513/1513/1080
f 756/1514/978 765/869/728 537/868/727 536/1515/1081
f 650/1027/856 665/775/651 757/774/650 748/1267/908
f 317/506/494 253/1284/640 152/1141/641 243/507/495
f 260/1516/1082 269/1261/643 158/1059/642 128/1058/877
f 227/891/654 242/1113/897 377/1216/948 368/892/655
f 639/530/518 805/529/517 814/755/637 659/754/636
f 281/1260/644 183/1120/645 158/1059/642 269/1261/643
f 247/1208/944 260/1516/1082 128/1058/877 132/1146/863
f 458/1458/1039 456/1453/1034 1008/1517/1083 1009/584/551
f 434/1518/1084 991/1519/1085 1000/567/537 436/1520/1086
f 1076/1521/1087 861/1522/1087 485/1523/1088 1067/1524/1088
f 991/1519/1085 16/1525/1085 392/564/537 1000/567/537
f 1010/1526/1089 396/1527/1089 18/1528/1090 995/1529/1090
f 1080/1480/1060 1084/1479/1060 863/1530/547 1079/580/547
f 996/1531/1091 995/1529/1090 18/1528/1090 19/1532/1091
f 391/559/534 1143/573/543 989/572/543 999/556/532
f 1007/611/566 1150/610/566 1151/1533/1083 1008/1517/1083
f 3785/1534/1092 2184/1535/1093 2185/1536/1094 2443/1537/1095
f 395/1538/1096 1145/609/565 993/608/564 1006/1539/1096
f 1070/1540/1097 1087/1541/1097 1088/552/530 1071/555/530
f 1002/1378/1009 393/1377/1008 1144/613/567 992/612/567
f 1079/580/547 863/1530/547 1085/1542/548 1078/581/548
f 432/1467/1048 990/575/544 991/1519/1085 434/1518/1084
f 864/602/561 487/1543/539 1069/568/539 1082/603/561
f 484/1544/1098 860/592/555 1075/595/555 1064/1545/1098
f 487/1543/539 486/1546/540 1068/569/540 1069/568/539
f 987/588/553 1141/591/553 1142/558/533 988/557/533
f 1089/1547/1099 1090/1548/1100 1065/1549/1100 1066/1550/1099
f 1077/1551/1101 862/1552/1101 861/1522/1087 1076/1521/1087
f 910/1475/1056 1075/595/555 1063/594/556 908/1465/1046
f 897/1553/1102 895/1554/1103 470/1504/1078 471/1503/1077
f 927/1555/1104 925/1556/1105 872/1557/1106 479/1409/1015
f 913/1437/1018 911/1482/1062 867/1484/1064 477/1558/1107
f 899/1559/1108 897/1553/1102 471/1503/1077 472/1560/1109
f 929/1443/1024 927/1555/1104 479/1409/1015 873/1408/1014
f 915/1438/1019 913/1437/1018 477/1558/1107 868/1561/1110
f 901/1446/1027 899/1559/1108 472/1560/1109 473/1562/1111
f 931/1444/1025 929/1443/1024 873/1408/1014 874/674/619
f 917/1563/1112 915/1438/1019 868/1561/1110 869/1564/1113
f 903/1447/1028 901/1446/1027 473/1562/1111 474/1565/1114
f 933/1466/1047 931/1444/1025 874/674/619 480/673/618
f 919/1463/1044 917/1563/1112 869/1564/1113 478/1566/1115
f 905/1459/1040 903/1447/1028 474/1565/1114 475/1567/1116
f 935/1485/1065 933/1466/1047 480/673/618 481/1486/1066
f 921/1451/1032 919/1463/1044 478/1566/1115 870/1568/1117
f 907/1464/1045 905/1459/1040 475/1567/1116 476/1569/1118
f 923/1452/1033 921/1451/1032 870/1568/1117 871/1570/1119
f 909/1476/1057 907/1464/1045 476/1569/1118 866/1483/1063
f 1072/597/557 1086/596/557 482/1571/1120 1060/1572/1120
f 1016/1573/178 1011/1574/178 1035/1575/178 1039/1576/178
f 62/1577/362 411/1500/362 6/1578/362 403/1410/362
f 493/709/362 494/1579/362 113/956/795 115/710/624
f 1021/1580/178 1020/1432/178 1043/713/178 1044/712/178
f 496/1581/362 497/685/362 107/684/622 109/964/803
f 1102/1582/178 1103/1497/178 29/1583/178 28/1584/178
f 56/1585/362 400/1586/362 401/678/362 408/677/362
f 1035/1575/178 1058/728/178 544/1350/989 876/1587/1121
f 1040/1588/178 1039/1576/178 877/1589/1122 878/940/781
f 1013/666/178 1028/1590/178 1051/1379/178 1037/667/178
f 1023/1591/178 1022/1592/178 1045/1593/178 1046/1594/178
f 113/956/795 494/1579/362 495/1595/362 111/957/796
f 62/1577/362 403/1410/362 7/1411/362 412/1398/362
f 67/1420/362 414/700/362 9/703/362 404/1421/362
f 412/1398/362 7/1411/362 8/702/362 413/701/362
f 508/1596/362 509/1597/362 83/981/820 85/962/801
f 1111/1598/178 37/1599/178 36/717/178 1110/716/178
f 1115/707/178 41/706/178 40/1389/178 1114/1388/178
f 615/1510/630 635/744/484 742/747/487 733/1248/631
f 182/1056/856 197/1125/651 350/1164/650 341/1163/908
f 730/1507/659 605/1121/658 630/1600/785 739/1176/788
f 256/748/516 278/1241/517 173/1601/518 177/749/519
f 811/503/491 820/1291/713 669/1149/714 654/504/492
f 649/769/645 808/768/644 817/756/638 664/759/639
f 287/1242/963 193/1108/636 173/1601/518 278/1241/517
f 157/514/502 182/1056/856 341/1163/908 329/515/503
f 133/483/475 379/482/474 371/1602/489 232/990/488
f 829/1603/649 838/1604/646 699/1039/647 684/1605/648
f 564/976/815 105/687/623 103/960/799 566/959/798
f 775/783/655 695/782/654 710/1134/897 784/1308/976
f 302/773/649 218/772/648 203/851/714 293/850/713
f 594/1606/877 787/1607/1123 796/767/643 624/766/642
f 202/487/479 353/486/478 344/948/787 187/947/786
f 197/1125/651 212/890/652 359/893/653 350/1164/650
f 772/1271/500 690/1152/501 705/1015/498 781/1508/499
f 655/1105/786 670/497/479 760/496/478 751/1177/787
f 250/784/656 263/1269/524 138/1085/525 142/785/657
f 699/1039/647 838/1604/646 846/1608/944 600/1036/863
f 669/1149/714 820/1291/713 829/1603/649 684/1605/648
f 763/535/481 675/534/480 690/1152/501 772/1271/500
f 710/1134/897 619/1133/899 720/1309/949 784/1308/976
f 846/1608/944 787/1607/1123 594/1606/877 600/1036/863
f 732/1286/508 741/1609/902 545/1610/992 543/1611/991
f 729/1317/731 738/1301/737 522/1612/1124 521/1613/1125
f 570/1614/806 572/1615/828 589/1616/896 551/1617/874
f 584/1618/802 586/1324/819 546/1327/834 553/1619/831
f 554/1620/811 556/1621/794 549/1622/838 555/1623/837
f 552/1624/812 554/1620/811 555/1623/837 561/1625/898
f 1432/1626/1126 1451/21/21 4163/24/24 4164/1627/1127
f 556/1621/794 558/1628/793 583/1629/842 549/1622/838
f 548/1630/822 550/1631/824 567/1632/894 569/1633/879
f 592/1634/814 547/1635/813 571/1636/852 579/1637/210
f 588/1325/817 590/1638/818 581/1639/211 577/1326/868
f 576/1640/807 578/1641/825 575/1642/846 591/1643/885
f 590/1638/818 592/1634/814 579/1637/210 581/1639/211
f 560/1644/804 562/1645/816 585/1354/870 587/1646/843
f 242/1113/897 153/1509/899 385/1217/949 377/1216/948
f 739/1176/788 630/1600/785 655/1105/786 751/1177/787
f 704/853/522 841/852/521 849/854/656 610/855/657
f 311/1209/646 247/1208/944 132/1146/863 233/1647/647
f 771/1224/953 780/1223/952 519/1648/762 517/1649/761
f 768/1650/970 777/1185/925 528/1651/1002 527/1652/759
f 358/1653/728 1134/1654/691 1131/1330/688 349/1329/978
f 750/1245/934 759/1244/943 526/1655/758 524/1656/1004
f 744/1257/967 753/1179/919 515/1657/782 514/1512/1079
f 263/1269/524 272/740/490 163/743/493 138/1085/525
f 747/1290/971 756/1514/978 536/1515/1081 534/1658/997
f 1276/1659/1128 1278/1660/1129 4356/1661/1130 4348/1662/1131
f 2962/1663/1132 5110/1664/1133 5111/1665/1134 2964/1666/1135
f 2244/1667/1136 2243/1668/1137 2241/1669/1138 2242/1670/1139
f 876/1587/1121 544/1350/989 545/1353/992 513/1671/1080
f 887/1368/999 886/1382/1011 531/1672/1140 532/1369/1000
f 522/1673/1124 883/1674/1141 882/1675/1142 521/1676/1125
f 529/1381/1010 885/1370/1001 528/1371/1002 530/1677/1143
f 58/1678/718 964/1679/1144 965/1344/985 59/1343/715
f 889/928/771 538/942/783 539/945/730 540/929/772
f 76/1359/750 973/1358/993 974/1403/1013 77/1680/669
f 523/1372/1003 883/1674/1141 522/1673/1124 524/1373/1004
f 60/1342/743 966/1345/986 967/1501/1076 61/1681/740
f 882/1675/1142 881/715/627 520/1682/1145 521/1676/1125
f 877/1589/1122 876/1587/1121 513/1671/1080 514/1683/1079
f 888/943/784 535/1684/1146 536/1685/1081 537/944/727
f 78/1686/666 77/1680/669 974/1403/1013 975/1402/1012
f 57/1363/752 956/1362/995 964/1679/1144 58/1678/718
f 290/1273/638 299/735/633 213/734/632 198/1045/639
f 554/972/811 115/710/624 113/956/795 556/955/794
f 2949/1687/1147 5105/1688/853 5108/1689/1148 2957/1690/1149
f 553/1619/831 546/1327/834 843/1270/720 834/1268/721
f 557/1691/873 551/1617/874 837/1255/966 828/1300/941
f 563/1692/860 557/1691/873 828/1300/941 819/1299/741
f 565/1693/845 559/1694/853 825/1264/736 816/1211/749
f 569/1633/879 567/1632/894 813/1219/738 804/1695/746
f 579/1637/210 571/1636/852 856/1696/745 801/1697/667
f 380/1237/924 1119/1698/679 1138/1699/685 370/1279/925
f 571/1700/852 569/1633/879 804/1695/746 856/1701/745
f 591/1643/885 575/1642/846 807/1213/663 795/1311/664
f 581/1639/211 579/1637/210 801/1697/667 792/1297/668
f 587/1646/843 585/1354/870 798/1357/716 789/1316/717
f 376/793/661 1140/792/660 1137/1702/705 367/1703/729
f 583/1629/842 587/1646/843 789/1316/717 850/1315/753
f 364/1704/953 1136/1705/671 1133/1335/709 355/1234/918
f 398/690/362 976/657/611 940/662/616 1/1706/362
f 705/1015/498 690/1152/501 693/998/836 708/997/835
f 194/1100/895 195/1099/894 210/1123/898 209/1093/892
f 678/1144/892 663/1116/895 662/1153/894 677/1145/898
f 172/543/527 174/1097/893 194/1100/895 192/491/483
f 2623/1707/1150 2621/1708/1151 2620/102/102 2622/101/101
f 632/1046/870 607/1049/843 606/1069/883 631/1068/882
f 667/1026/845 652/1111/846 651/1079/847 666/1078/848
f 246/995/833 231/994/832 228/508/496 243/507/495
f 236/1103/865 233/1647/647 132/1146/863 134/1104/864
f 602/1118/896 601/1154/830 703/1709/829 702/1119/874
f 181/1710/850 169/1138/851 170/213/210 180/1129/852
f 222/513/501 224/1094/836 239/1035/835 237/510/498
f 681/1080/858 666/1078/848 664/759/639 679/758/632
f 239/1035/835 224/1094/836 225/1124/837 240/1061/838
f 200/1009/845 201/1012/848 216/1030/858 215/1029/853
f 154/1140/901 246/995/833 243/507/495 152/1141/641
f 179/1130/849 177/749/519 173/1601/518 176/1117/880
f 214/1127/854 215/1029/853 230/993/831 229/1112/866
f 244/1042/867 229/1112/866 230/993/831 245/996/834
f 137/786/658 139/1008/844 164/1071/871 162/946/785
f 695/782/654 680/776/652 683/1024/854 698/1041/866
f 702/1119/874 703/1709/829 688/1082/872 687/1081/873
f 184/1055/857 159/1054/875 160/1131/885 185/1010/846
f 699/1039/647 701/1038/865 686/1122/881 684/1605/648
f 216/1030/858 213/734/632 228/508/496 231/994/832
f 240/1061/838 241/1095/840 144/1148/839 145/1006/842
f 220/1051/873 205/1089/860 206/1088/859 221/1066/881
f 638/1020/851 635/744/484 615/1510/630 618/1150/900
f 655/1105/786 630/1600/785 633/1047/871 658/1106/884
f 174/1097/893 181/1710/850 180/1129/852 175/1098/879
f 612/1110/842 707/1000/838 706/1004/840 613/1003/839
f 176/1117/880 173/1601/518 193/1108/636 196/1107/891
f 628/1075/875 625/779/502 595/778/472 598/1076/886
f 607/1049/843 612/1110/842 613/1003/839 606/1069/883
f 687/1081/873 672/1032/860 671/1031/859 686/1122/881
f 684/1605/648 686/1122/881 671/1031/859 669/1149/714
f 232/500/488 217/484/476 219/1050/872 234/1053/829
f 626/1128/878 627/1074/885 597/1077/887 596/1711/876
f 140/1007/843 145/1006/842 144/1148/839 141/1084/883
f 700/736/488 685/498/476 688/1082/872 703/1709/829
f 675/534/480 660/533/483 663/1116/895 678/1144/892
f 657/1033/861 632/1046/870 631/1068/882 656/1034/862
f 676/1091/890 677/1145/898 662/1153/894 661/1092/891
f 618/1150/900 615/1510/630 619/1133/899 621/1132/869
f 713/1135/867 710/1134/897 695/782/654 698/1041/866
f 149/1139/900 156/1044/869 155/1043/868 150/214/211
f 139/1008/844 140/1007/843 165/1072/870 164/1071/871
f 624/766/642 626/1128/878 596/1711/876 594/1606/877
f 178/493/485 181/1710/850 174/1097/893 172/543/527
f 225/1124/837 226/1096/889 241/1095/840 240/1061/838
f 3988/1712/1152 1673/1713/1153 1670/1714/1154 3987/1715/1155
f 217/484/476 202/487/479 204/1114/888 219/1050/872
f 211/1109/890 208/765/529 223/539/523 226/1096/889
f 711/1001/833 712/1136/834 697/1040/831 696/1002/832
f 662/1153/894 642/1062/879 641/1065/880 661/1092/891
f 659/754/636 661/1092/891 641/1065/880 639/530/518
f 646/1019/850 644/745/485 635/744/484 638/1020/851
f 234/991/829 235/1102/874 135/1101/896 136/992/830
f 170/213/210 171/216/213 179/1130/849 180/1129/852
f 599/737/475 700/736/488 703/1709/829 601/1154/830
f 640/550/527 644/549/485 646/1716/850 643/1115/893
f 657/1033/861 658/1106/884 633/1047/871 632/1046/870
f 210/1123/898 195/1099/894 196/1107/891 211/1109/890
f 187/947/786 189/1070/884 204/1114/888 202/487/479
f 186/1011/847 161/1060/878 158/1059/642 183/1120/645
f 682/1023/853 667/1026/845 666/1078/848 681/1080/858
f 245/996/834 246/995/833 154/1140/901 155/1043/868
f 241/1095/840 238/538/522 142/785/657 144/1148/839
f 654/504/492 656/1034/862 631/1068/882 629/505/493
f 617/1151/211 622/1137/868 623/1143/901 616/1142/212
f 712/1136/834 713/1135/867 698/1041/866 697/1040/831
f 167/492/484 169/1138/851 181/1710/850 178/493/485
f 594/1606/877 596/1711/876 603/1037/864 600/1036/863
f 638/1020/851 618/1150/900 617/1151/211 637/1021/210
f 597/1077/887 598/1076/886 601/1154/830 602/1118/896
f 636/1017/213 616/1142/212 614/387/381 634/390/384
f 157/514/502 127/480/472 129/1155/886 159/1054/875
f 150/214/211 155/1043/868 154/1140/901 151/215/212
f 636/1017/213 637/1021/210 617/1151/211 616/1142/212
f 696/1002/832 681/1080/858 679/758/632 694/789/496
f 153/1509/899 156/1044/869 149/1139/900 147/732/630
f 210/1123/898 211/1109/890 226/1096/889 225/1124/837
f 129/1155/886 130/1147/887 160/1131/885 159/1054/875
f 206/1088/859 203/851/714 218/772/648 221/1066/881
f 689/546/523 691/1090/889 676/1091/890 674/547/529
f 642/1062/879 643/1115/893 646/1716/850 647/1063/852
f 199/1126/855 184/1055/857 185/1010/846 200/1009/845
f 197/1125/651 182/1056/856 184/1055/857 199/1126/855
f 653/1028/857 650/1027/856 625/779/502 628/1075/875
f 204/1114/888 205/1089/860 220/1051/873 219/1050/872
f 691/1090/889 692/999/837 677/1145/898 676/1091/890
f 227/891/654 212/890/652 214/1127/854 229/1112/866
f 127/480/472 133/483/475 136/992/830 129/1155/886
f 130/1147/887 135/1101/896 134/1104/864 131/1057/876
f 597/1077/887 602/1118/896 603/1037/864 596/1711/876
f 630/1600/785 605/1121/658 608/1048/844 633/1047/871
f 65/524/512 248/527/515 310/1717/966 64/1718/774
f 736/780/503 737/1266/915 728/1168/912 727/781/473
f 334/1156/902 336/1232/959 390/1278/969 389/1322/968
f 381/1238/913 372/1280/926 371/1602/489 379/482/474
f 753/1179/919 744/1257/967 746/1256/942 755/1180/920
f 266/791/382 253/1284/640 255/1283/935 267/1161/906
f 364/1704/953 355/1234/918 357/1236/921 366/1188/928
f 839/1254/945 838/1604/646 829/1603/649 830/1298/939
f 839/1254/945 830/1298/939 828/1300/941 837/1255/966
f 731/1318/977 719/1719/1156 717/1506/635 730/1507/659
f 373/1720/952 375/1187/927 384/1721/1156 383/875/732
f 832/545/520 823/544/528 824/1191/929 833/1722/922
f 255/1283/935 254/899/751 265/800/668 267/1161/906
f 806/1723/931 805/529/517 855/528/516 857/1724/960
f 806/1723/931 857/1724/960 856/1701/745 804/1695/746
f 339/1206/942 390/1278/969 388/494/486 338/542/526
f 340/1332/971 328/1173/916 330/1172/915 342/1162/907
f 812/1292/951 811/503/491 799/502/490 800/1725/950
f 807/1213/663 809/1195/933 797/1194/932 795/1311/664
f 290/1273/638 281/1260/644 282/1263/933 291/1274/946
f 857/1726/960 803/1251/905 801/1697/667 856/1696/745
f 351/1165/909 350/1164/650 359/893/653 360/1727/958
f 282/1263/933 280/795/663 289/897/749 291/1274/946
f 770/1728/954 761/1243/903 760/496/478 769/499/477
f 729/1317/731 718/1729/732 719/1719/1156 731/1318/977
f 284/741/491 285/1221/951 294/1203/940 293/850/713
f 831/1730/725 833/1722/922 824/1191/929 822/1218/733
f 375/1187/927 374/511/499 382/753/635 384/1721/1156
f 743/1246/959 741/1609/902 732/1286/508 734/1247/911
f 302/773/649 303/1202/939 312/1276/945 311/770/646
f 322/872/731 324/1731/977 333/1196/917 331/880/737
f 829/1603/649 820/1291/713 821/1293/940 830/1298/939
f 842/1319/923 833/1722/922 831/1730/725 840/1732/724
f 815/1190/930 814/755/637 805/529/517 806/1723/931
f 285/1221/951 283/886/742 292/885/741 294/1203/940
f 797/1194/932 796/767/643 787/1607/1123 788/1294/938
f 854/1198/935 845/1199/936 843/1270/720 853/1296/751
f 247/1208/944 249/1200/937 261/1201/938 260/1516/1082
f 783/1306/661 774/870/729 776/1230/957 785/1307/947
f 788/1294/938 787/1607/1123 846/1608/944 848/1253/937
f 367/1703/729 369/1310/957 378/1215/947 376/793/661
f 308/509/497 309/1312/961 318/1282/936 317/506/494
f 318/1282/936 309/1312/961 307/862/721 316/861/720
f 360/1727/958 359/893/653 368/892/655 369/1310/957
f 718/1729/732 780/1223/952 782/1222/927 719/1719/1156
f 357/1236/921 348/1205/920 347/490/482 356/489/481
f 756/1514/978 747/1290/971 749/1265/907 758/1285/909
f 366/1188/928 357/1236/921 356/489/481 365/512/500
f 376/793/661 378/1215/947 387/1166/910 386/523/511
f 358/1653/728 360/1727/958 369/1310/957 367/1703/729
f 717/1506/635 719/1719/1156 782/1222/927 781/1508/499
f 349/1329/978 351/1165/909 360/1727/958 358/1653/728
f 296/764/528 287/1242/963 288/1192/930 297/1189/929
f 291/1274/946 289/897/749 298/879/736 300/1275/962
f 345/1159/904 333/1196/917 332/949/788 344/948/787
f 322/872/731 383/875/732 384/1721/1156 324/1731/977
f 384/1721/1156 382/753/635 323/787/659 324/1731/977
f 364/1704/953 366/1188/928 375/1187/927 373/1720/952
f 782/1222/927 773/1225/928 772/1271/500 781/1508/499
f 779/1186/926 777/1185/925 768/1650/970 770/1728/954
f 778/739/489 779/1186/926 770/1728/954 769/499/477
f 300/1275/962 298/879/736 307/862/721 309/1312/961
f 739/1176/788 740/1175/917 731/1318/977 730/1507/659
f 767/1231/958 765/869/728 756/1514/978 758/1285/909
f 327/1167/911 326/733/631 335/495/487 336/1232/959
f 770/1728/954 768/1650/970 759/1244/943 761/1243/903
f 790/540/524 849/854/656 851/1314/964 791/1313/965
f 850/1315/753 851/1314/964 842/1319/923 840/1732/724
f 841/852/521 832/545/520 833/1722/922 842/1319/923
f 803/1251/905 794/1229/906 792/1297/668 801/1697/667
f 314/537/521 315/1183/923 252/1249/964 250/784/656
f 774/870/729 765/869/728 767/1231/958 776/1230/957
f 761/1243/903 752/1174/904 751/1177/787 760/496/478
f 349/1329/978 340/1332/971 342/1162/907 351/1165/909
f 800/1725/950 799/502/490 790/540/524 791/1313/965
f 273/1220/950 264/1250/965 262/858/717 271/857/716
f 755/1180/920 746/1256/942 745/551/526 754/532/482
f 249/1200/937 312/1210/945 310/1717/966 248/527/515
f 725/1733/969 743/1246/959 742/747/487 723/746/486
f 270/1262/932 268/796/664 280/795/663 282/1263/933
f 372/1734/926 363/1226/954 362/485/477 371/501/489
f 810/1356/742 812/1292/951 800/1725/950 798/1357/716
f 269/1261/643 260/1516/1082 261/1201/938 270/1262/932
f 725/1733/969 724/1735/968 741/1609/902 743/1246/959
f 857/1726/960 855/1511/516 802/389/383 803/1251/905
f 261/1201/938 259/526/514 268/796/664 270/1262/932
f 848/1253/937 846/1608/944 838/1604/646 839/1254/945
f 337/1281/967 389/1322/968 390/1278/969 339/1206/942
f 333/1196/917 324/1731/977 323/787/659 332/949/788
f 821/1293/940 812/1292/951 810/1356/742 819/1299/741
f 733/1248/631 734/1247/911 722/1288/910 720/1309/949
f 800/1725/950 791/1313/965 789/1316/717 798/1357/716
f 764/1181/921 755/1180/920 754/532/482 763/535/481
f 813/1219/738 815/1190/930 806/1723/931 804/1695/746
f 746/1256/942 725/1259/969 723/548/486 745/551/526
f 315/1183/923 306/1182/922 304/866/725 313/865/724
f 387/1166/910 385/1217/949 326/733/631 327/1167/911
f 253/1284/640 266/791/382 148/790/381 152/1141/641
f 2617/1736/1157 2619/1737/1158 3800/1738/1159 3801/1739/1160
f 947/659/613 453/658/612 455/623/577 946/622/576
f 2456/1740/1161 3707/1741/1162 3701/1742/1163 2458/1743/1164
f 2579/1744/1165 2476/55/55 2478/54/54 2586/1745/1166
f 4002/1746/1167 4011/1747/1168 4005/1748/1169 4004/1749/1170
f 515/941/782 878/940/781 877/1589/1122 514/1683/1079
f 881/715/627 518/714/626 519/912/762 520/1682/1145
f 73/926/735 986/925/769 971/918/765 74/917/722
f 886/1382/1011 529/1381/1010 530/1677/1143 531/1672/1140
f 517/911/761 880/910/760 879/939/780 516/938/779
f 535/1684/1146 533/1367/998 534/1366/997 536/1685/1081
f 44/902/744 78/1686/666 975/1402/1012 950/903/754
f 53/1346/726 954/1349/988 955/1361/994 55/1360/723
f 61/1681/740 967/1501/1076 984/937/778 63/936/777
f 718/1729/732 729/1317/731 521/1613/1125 520/1750/1145
f 562/1645/816 564/1751/815 573/1355/861 585/1354/870
f 895/1554/1103 893/1752/1171 469/1753/1172 470/1504/1078
f 1281/1754/1173 1280/1755/1174 1275/1756/1175 1274/1757/1176
f 566/1758/798 568/1759/797 557/1691/873 563/1692/860
f 872/1557/1106 871/1570/1119 1029/665/178 1030/669/178
f 477/1558/1107 867/1484/1064 1025/1760/178 1026/1761/178
f 1043/713/178 1042/1434/178 880/910/760 518/714/626
f 867/1484/1064 866/1483/1063 1024/1762/178 1025/1760/178
f 404/1421/362 981/651/605 947/659/613 10/1422/362
f 1020/1432/178 473/1562/1111 472/1560/1109 1019/1433/178
f 403/1410/362 6/1578/362 979/617/571 980/627/581
f 408/677/362 409/676/362 965/1344/985 964/1679/1144
f 871/1570/1119 870/1568/1117 1013/666/178 1029/665/178
f 14/689/362 13/1763/362 949/649/603 948/655/609
f 523/1372/1003 1047/1764/178 1046/1594/178 883/1674/1141
f 45/691/362 950/903/754 975/1402/1012 420/688/362
f 1027/1765/178 869/1564/1113 868/1561/1110 1012/1766/178
f 110/840/706 1109/719/178 1108/694/178 108/813/681
f 414/700/362 970/922/767 969/934/776 413/701/362
f 398/690/362 14/689/362 948/655/609 976/657/611
f 118/838/704 120/844/710 1114/1388/178 1113/1384/178
f 463/647/601 461/636/590 462/1457/1038 464/1477/1058
f 452/660/614 451/650/604 449/640/594 450/1767/1177
f 936/1768/1178 934/571/542 933/1466/1047 935/1485/1065
f 430/1468/1049 429/628/582 427/620/574 428/1449/1030
f 450/1767/1177 449/640/594 447/638/592 448/1769/1179
f 900/599/559 898/1770/1180 897/1553/1102 899/1559/1108
f 916/1435/1016 915/1438/1019 917/1563/1112 918/1771/1181
f 438/1461/1042 437/652/606 435/644/598 436/1520/1086
f 912/1772/1182 910/1475/1056 909/1476/1057 911/1482/1062
f 898/1770/1180 896/1773/1183 895/1554/1103 897/1553/1102
f 938/1471/1052 936/1768/1178 935/1485/1065 937/1472/1053
f 894/1774/1184 891/1474/1055 892/1473/1054 893/1752/1171
f 454/661/615 453/658/612 451/650/604 452/660/614
f 930/1442/1023 928/1775/1185 927/1555/1104 929/1443/1024
f 448/1769/1179 447/638/592 445/632/586 446/1776/1186
f 433/643/597 431/634/588 432/1467/1048 434/1518/1084
f 902/598/558 900/599/559 899/1559/1108 901/1446/1027
f 435/644/598 433/643/597 434/1518/1084 436/1520/1086
f 926/583/550 925/1556/1105 927/1555/1104 928/1775/1185
f 924/582/549 923/1452/1033 925/1556/1105 926/583/550
f 920/1462/1043 918/1771/1181 917/1563/1112 919/1463/1044
f 914/1436/1017 912/1772/1182 911/1482/1062 913/1437/1018
f 894/1774/1184 893/1752/1171 895/1554/1103 896/1773/1183
f 457/624/578 455/623/577 456/1453/1034 458/1458/1039
f 462/1457/1038 1010/1526/1089 995/1529/1090 464/1477/1058
f 1566/1777/1187 1564/1778/1188 4184/1779/1189 4185/1780/1190
f 400/1586/362 399/1415/362 960/635/589 959/642/596
f 13/1763/362 983/1781/362 407/646/600 949/649/603
f 5203/26/26 5183/1782/1191 5186/439/431 5188/27/27
f 1013/666/178 870/1568/1117 478/1566/1115 1028/1590/178
f 88/802/670 90/805/673 1099/727/178 1098/1390/178
f 126/516/504 79/519/507 1093/1499/178 1095/1399/178
f 48/1429/362 952/1365/996 951/904/755 46/1783/362
f 495/1595/362 496/1581/362 109/964/803 111/957/796
f 410/1405/362 966/1345/986 965/1344/985 409/676/362
f 1042/1434/178 1041/1784/178 879/939/780 880/910/760
f 101/961/800 500/1785/362 501/1786/362 99/966/805
f 1028/1590/178 478/1566/1115 869/1564/1113 1027/1765/178
f 1055/699/178 1054/671/178 888/943/784 538/942/783
f 411/1500/362 410/1405/362 978/1404/362 6/1578/362
f 1095/1399/178 1093/1499/178 20/1787/178 43/1400/178
f 1058/728/178 1057/731/178 890/1351/990 544/1350/989
f 1102/1582/178 28/1584/178 27/1788/178 1101/1789/178
f 52/1413/362 50/1428/362 3/1431/362 4/1414/362
f 1048/1790/178 1047/1764/178 523/1372/1003 525/907/757
f 416/1416/362 72/1791/362 405/692/362 406/693/362
f 1036/1496/178 1049/1792/178 884/906/756 885/1370/1001
f 1039/1576/178 1035/1575/178 876/1587/1121 877/1589/1122
f 1022/1592/178 475/1567/1116 474/1565/1114 1021/1580/178
f 1057/731/178 1034/730/178 1033/672/178 1056/1407/178
f 479/1409/1015 872/1557/1106 1030/669/178 1031/668/178
f 1163/1793/1192 4429/1794/1193 2659/1795/1194 1164/1796/1195
f 4286/1797/1196 4301/1798/1197 1357/1799/1198 4300/1800/1199
f 3610/1801/1200 3607/1802/1201 3609/1803/1202 3611/1804/1203
f 4478/1805/1204 4526/1806/1205 4548/1807/178 4547/1808/178
f 5183/1782/1191 2445/1809/1206 2446/1810/1207 5186/439/431
f 77/801/669 265/800/668 254/899/751 76/898/750
f 73/878/735 298/879/736 289/897/749 71/896/748
f 1555/1811/1208 1557/1812/1209 3996/1813/1210 3989/1814/1211
f 4609/1815/1212 2124/1816/1213 2123/1817/1214 4605/1818/1215
f 4592/1819/1216 4594/1820/1217 1171/1821/1218 1172/1822/1219
f 3976/1823/1220 3975/1824/1221 3970/1825/1222 3972/1826/1223
f 1503/1827/1224 4115/1828/1225 1427/1829/1226 1454/1830/1227
f 3726/208/205 3727/207/204 3723/1831/1228 3722/1832/1229
f 3814/1833/1230 3821/1834/1231 3798/1835/1232 3797/1836/1233
f 1958/246/243 1962/1837/1234 1963/407/401 1965/247/244
f 3414/1838/1235 3413/1839/1236 3411/1840/1237 3412/1841/1238
f 3840/1842/1239 2571/1843/1240 2570/1844/1241 3839/1845/1242
f 550/1631/824 552/1624/812 561/1625/898 567/1632/894
f 4373/1846/1243 4374/1847/1244 4372/1848/1245 4371/1849/1246
f 1744/1850/1247 4845/1851/1248 1743/1852/1249 4847/1853/1250
f 4353/1854/1251 4358/1855/1252 4357/1494/1074 4355/1856/1253
f 4351/97/97 4361/100/100 4358/1855/1252 4353/1854/1251
f 2808/400/394 2810/72/72 3154/1857/1254 3153/1858/1255
f 2889/1859/1256 2890/1860/1257 2893/1861/1258 2892/1862/1259
f 3080/1863/1260 3093/1864/1261 3098/1865/1262 3041/1866/1263
f 2966/313/310 5112/1867/1264 5113/1868/1265 2968/310/307
f 4764/1869/1266 3674/1870/1267 3672/1871/1268 4763/1872/1269
f 2240/1873/1270 2242/1670/1139 2241/1669/1138 2239/1874/1271
f 4215/1875/1272 4214/105/105 4264/108/108 4266/1876/1273
f 4318/1877/1274 3559/1878/1275 3558/1879/1276 4328/1880/1277
f 4378/1881/1278 1388/1882/1279 1387/1883/1280 4377/1884/1281
f 4372/1848/1245 4378/1881/1278 4377/1884/1281 4370/1885/1282
f 783/1306/661 721/1287/511 542/1886/773 540/1887/772
f 738/1301/737 750/1245/934 524/1656/1004 522/1612/1124
f 2124/1888/1213 4511/1889/1283 4507/1890/1284 2123/1891/1214
f 4114/1892/1285 1799/1893/1286 1807/1894/1287 4191/1895/1288
f 2910/1896/1289 2864/1897/1290 2865/1898/1291 2909/1899/1292
f 2228/450/442 2217/453/445 2215/1900/1293 2227/1901/1294
f 1225/1902/1295 1220/337/334 1212/1903/1296 1224/1904/1297
f 3866/1905/1298 2249/1906/1299 2176/1907/1300 2175/1908/1301
f 3229/1909/1302 3218/1910/1303 3253/1911/1304 3245/1912/1305
f 741/1609/902 724/1735/968 513/1913/1080 545/1610/992
f 558/1628/793 560/1644/804 587/1646/843 583/1629/842
f 2953/1914/1306 5100/1915/1307 5106/1916/1308 2951/1917/163
f 2559/1918/1309 2560/1919/1310 2555/1920/1311 2549/1921/1312
f 4729/1922/1313 2290/1923/1314 4745/1924/1315 3682/1925/1316
f 573/1355/861 564/1751/815 566/1758/798 563/1692/860
f 3560/289/286 3612/288/285 3608/1926/1317 3557/1927/1318
f 4866/1928/1319 1730/1929/1320 1731/1930/1321 4876/1931/1322
f 1252/1932/1323 1254/1933/1324 1256/1934/1325 1260/1935/1326
f 1588/1936/1327 1602/1937/1328 1586/1938/1329 1587/1939/1330
f 4871/1940/1331 4853/1941/1332 4855/1942/1333 4870/1943/1334
f 4289/394/388 4288/393/387 4207/1944/1335 4204/1945/1336
f 3534/1946/1337 3632/1947/1338 3631/1948/1339 3535/1949/1340
f 1853/1950/1341 1852/1951/1342 1858/1952/1343 1857/1953/1344
f 2440/1954/1345 2445/1809/1206 2438/1955/1346 2439/1956/1347
f 5264/1957/1348 1158/1958/1349 1160/1959/1350 3443/1960/1351
f 2235/1333/979 2246/1334/980 2524/1961/1352 2238/1962/1353
f 1230/1963/1354 1196/1964/1355 1198/1965/1356 1229/1966/1357
f 3974/1967/1358 3975/1824/1221 3983/1968/1359 3982/1969/1360
f 2390/1970/1361 5242/1971/1362 5237/1972/1363 2389/1973/1364
f 4786/1974/1365 4664/1975/1366 4398/1976/1367 4785/1977/1368
f 1406/1978/1369 5176/1979/1370 5174/1980/1371 4286/1797/1196
f 4436/1981/1372 4437/1982/1373 2658/1983/1374 2657/1984/1375
f 1584/1985/1376 1568/1986/1377 1566/1777/1187 4185/1780/1190
f 3670/1987/1378 4763/1872/1269 3672/1871/1268 4747/1988/1379
f 762/1178/918 771/1224/953 517/1649/761 516/1989/779
f 759/1244/943 768/1650/970 527/1652/759 526/1655/758
f 1261/300/297 1237/172/172 1236/1990/1380 1264/1991/1381
f 1530/1992/1382 1543/1993/1383 1531/194/191 1532/1994/1384
f 2955/1995/1385 5107/1996/1386 5100/1915/1307 2953/1914/1306
f 572/1615/828 574/1997/808 593/1998/887 589/1616/896
f 547/1999/813 548/1630/822 569/1633/879 571/1700/852
f 578/1641/825 580/2000/790 565/1693/845 575/1642/846
f 3558/2001/1276 3557/2002/1318 3555/2003/1387 3556/2004/1388
f 2956/2005/1389 5098/2006/1390 5107/1996/1386 2955/1995/1385
f 580/2000/790 582/2007/789 559/1694/853 565/1693/845
f 582/2007/789 584/1618/802 553/1619/831 559/1694/853
f 2623/1707/1150 2625/2008/1391 3797/1836/1233 3798/1835/1232
f 925/1556/1105 923/1452/1033 871/1570/1119 872/1557/1106
f 1564/1778/1188 1562/2009/1392 4182/2010/1393 4184/1779/1189
f 892/1473/1054 937/1472/1053 875/1487/1067 865/2011/1394
f 4161/23/23 4159/2012/1395 4158/2013/1396 4160/2014/1397
f 4583/2015/1398 4581/2016/1399 1186/2017/1400 1185/2018/1401
f 4828/2019/1402 4805/2020/1403 1317/2021/1404 1319/2022/1405
f 1938/2023/1406 1942/2024/1407 1943/2025/1408 1945/2026/1409
f 3870/2027/1410 3869/2028/1411 2258/2029/1412 2256/308/305
f 3683/2030/1413 2289/2031/1414 3855/2032/1415 3854/2033/1416
f 4267/106/106 4290/2034/1417 4260/2035/1418 4262/107/107
f 1541/2036/1419 1530/1992/1382 4048/2037/1420 4081/2038/1421
f 1319/2039/1405 1317/2040/1404 4683/267/264 4706/266/263
f 4607/298/295 2126/2041/135 2125/2042/1422 4606/299/296
f 3499/2043/1423 3502/2044/1424 3501/2045/1425 3500/2046/1426
f 2769/2047/1427 2771/2048/1428 2757/392/386 2770/334/331
f 4855/2049/1333 4853/2050/1332 1608/2051/1429 1610/2052/1430
f 4202/2053/1431 4909/2054/1432 4910/2055/1433 4290/2034/1417
f 3764/2056/1434 3774/2057/1435 3780/2058/1436 3762/2059/1437
f 2272/2060/1438 2286/2061/1439 2285/2062/1440 2284/2063/1441
f 4604/2064/1442 2120/2065/1443 2119/2066/1444 4601/2067/1445
f 2128/2068/1446 4514/2069/1447 4510/137/137 2127/136/136
f 4168/2070/1448 3955/2071/1449 3956/2072/1450 4167/2073/1451
f 2155/2074/1452 2161/2075/1453 2165/2076/1454 2166/2077/1455
f 2564/2078/1456 2558/2079/1457 2274/2080/1458 2284/2063/1441
f 3808/2081/1459 2475/2082/1460 2474/2083/1461 3827/2084/1462
f 4761/2085/1463 4762/2086/1464 2371/2087/1465 2370/2088/1466
f 4792/2089/1467 4789/2090/1468 4667/2091/1469 4565/2092/1470
f 2362/2093/1471 4763/2094/1269 3670/2095/1378 2351/2096/1472
f 5356/2097/1473 5258/2098/1474 1167/2099/1475 1169/2100/1476
f 4194/2101/1477 1808/2102/1478 1809/2103/1479 4192/2104/1480
f 4194/2101/1477 4191/1895/1288 1807/1894/1287 1808/2102/1478
f 1876/2105/1481 1892/2106/223 1891/2107/1482 1877/2108/1483
f 4401/2109/1484 3933/2110/1485 3932/2111/1486 4408/2112/1487
f 2272/2060/1438 2284/2063/1441 2274/2080/1458 2273/2113/1488
f 1420/2114/1489 1416/2115/1490 1407/2116/1491 1419/2117/1492
f 3103/2118/1493 3353/2119/362 3352/2120/362 3071/2121/1494
f 5044/2122/1495 1234/2123/1496 1242/2124/1497 1240/2125/1498
f 3845/2126/1499 3856/2127/1500 2202/2128/1501 2201/2129/1502
f 3496/2130/1503 3476/2131/1504 1245/2132/1505 1255/2133/1506
f 3169/2134/1507 5259/178/178 5261/2135/178 3168/2136/1508
f 293/850/713 294/1203/940 303/1202/939 302/773/649
f 4001/2137/1509 1535/2138/1510 1533/193/190 3998/196/193
f 1540/2139/1511 1538/2140/1512 3994/2141/1513 3992/2142/1514
f 361/1272/970 363/1226/954 372/1734/926 370/2143/925
f 3200/2144/1515 2798/2145/1516 3192/2146/1517 3199/2147/1518
f 2654/2148/1519 1164/1796/1195 2659/1795/1194 2649/2149/1520
f 4613/218/215 4636/2150/1521 4538/2151/1522 4449/219/216
f 5153/2152/1523 3590/2153/1524 3593/2154/1525 5155/2155/1526
f 2672/2156/1527 2667/2157/1528 2673/2158/1529 2674/2159/1530
f 2543/128/128 2548/127/127 2550/2160/1531 2544/2161/1532
f 5073/2162/1533 5086/2163/1534 4695/2164/1535 4696/2165/1536
f 4623/2166/1537 4610/2167/1538 4612/2168/1539 4618/2169/1540
f 4601/2067/1445 2119/2066/1444 2118/2170/1541 4600/2171/1542
f 1836/2172/1543 1837/2173/1544 4021/2174/1545 4020/2175/1546
f 3564/2176/1547 3568/2177/1548 3567/2178/1549 3565/2179/1550
f 4625/2180/1551 4643/2181/1552 4545/2182/1553 4461/2183/1554
f 3243/2184/1555 3257/2185/1556 5143/2186/1557 5152/2187/1558
f 2674/2159/1530 2738/1374/1005 2737/1376/1007 2672/2156/1527
f 3241/2188/1559 5138/2189/1560 5150/2190/1561 3282/2191/1562
f 1863/2192/1563 1864/2193/1564 1862/2194/1565 1868/2195/1566
f 4813/2196/1567 4807/2197/1568 4685/2198/1569 4574/2199/1570
f 3335/2200/362 3324/2201/362 3333/348/345 3334/2202/1571
f 4837/2203/1572 4842/2204/1573 1611/2205/1574 1616/2206/1575
f 3537/2207/1576 3520/2208/1577 3521/2209/1578 3536/2210/1579
f 1286/2211/1580 1287/2212/1581 1882/2213/1582 1881/2214/1583
f 4426/2215/234 2655/2216/237 2135/2217/1584 2137/2218/1585
f 4356/1661/1130 1278/1660/1129 4367/2219/225 4354/2220/1586
f 2321/2221/1587 4725/2222/1588 4738/2223/1589 2301/2224/68
f 1876/2225/1481 1859/2226/1590 4363/2227/1591 4365/2228/1592
f 3717/455/447 3718/454/446 3735/2229/1593 3734/2230/1594
f 3980/2231/1595 3981/2232/1596 3979/2233/1597 3978/2234/1598
f 4088/2235/1599 4087/2236/1600 4071/2237/1601 4073/2238/1602
f 4426/237/234 4427/2239/1603 4445/2240/1604 4435/238/235
f 2552/2241/1605 2551/2242/1606 2555/1920/1311 2554/2243/1607
f 4308/2244/1608 4314/2245/1609 4325/2246/1610 4327/2247/1611
f 3021/2248/1612 3085/2249/1613 3084/2250/1614 3022/2251/1615
f 4327/2247/1611 4325/2246/1610 4316/2252/1616 4321/2253/1617
f 2343/2254/1618 4709/2255/1619 2367/2256/1620 4708/2257/1621
f 3695/2258/1622 3711/2259/1623 3696/2260/1624 3694/2261/1625
f 1961/2262/1626 1957/2263/1627 1959/2264/1628 1960/2265/1629
f 2305/2266/1630 2307/2267/1631 2306/2268/1632 2304/2269/1633
f 3691/2270/1634 3704/2271/1635 3705/2272/1636 3712/2273/1637
f 4633/2274/1638 4611/2275/1639 4610/2167/1538 4623/2166/1537
f 3249/2276/1640 3250/2277/1641 5140/2278/1642 5139/2279/1643
f 1606/2280/1644 1607/2281/1645 4854/2282/1646 4844/2283/1647
f 3125/406/400 3124/2284/1648 3122/2285/1649 3123/403/397
f 4528/2286/1650 4522/2287/1651 4456/2288/1652 4462/2289/1653
f 1263/2290/1654 1262/2291/1655 1269/2292/1656 1268/2293/1657
f 4771/2294/1658 4773/2295/1659 4651/2296/1660 4649/2297/1661
f 3822/2298/1662 3805/2299/1663 3806/2300/1664 3807/2301/1665
f 2514/2302/1666 2522/124/124 2516/123/123 2521/2303/1667
f 3939/2304/1668 3938/2305/1669 3940/2306/1670 3934/2307/1671
f 4079/2308/1672 4059/2309/1673 4058/2310/1674 4050/2311/1675
f 1297/147/147 4671/2312/1676 1327/2313/1677 4705/148/148
f 4416/2314/1678 1285/2315/1679 4418/2316/1680 4417/2317/1681
f 2658/1983/1374 2653/2318/1682 2651/2319/1683 2657/1984/1375
f 3620/2320/1684 3621/2321/1685 3619/2322/1686 3618/57/57
f 4218/2323/1687 4217/2324/1688 1775/2325/1689 1777/2326/1690
f 4825/2327/1691 4824/2328/1692 1301/2329/1693 1303/2330/1694
f 1802/2331/1695 1804/144/144 1397/94/94 4195/93/93
f 2428/2332/1696 2432/2333/1697 2434/2334/1698 2433/90/90
f 4619/2335/1699 4616/296/293 4606/299/296 4609/1815/1212
f 2005/2336/1700 2004/474/466 3942/2337/1701 3941/2338/1702
f 5295/2339/1703 5283/2340/1704 2990/2341/1705 2991/2342/1706
f 2487/2343/1707 2486/2344/1708 2484/2345/1709 2485/2346/1710
f 1821/2347/1711 1825/2348/1712 1819/2349/1713 1820/2350/1714
f 3419/425/417 3420/424/416 3415/2351/1715 2023/2352/369
f 1613/2353/1716 1612/2354/1717 1784/2355/1718 1782/2356/1719
f 4673/295/292 1289/294/291 1288/2357/1720 4672/2358/1721
f 4808/2359/1722 4799/2360/1723 4801/2361/1724 4797/2362/1725
f 4584/32/32 1180/2363/1726 1176/2364/1727 4586/2365/1728
f 1268/2293/1657 1269/2292/1656 4439/2366/1729 4438/2367/1730
f 4335/2368/1731 4336/2369/1732 4338/2370/1733 4337/2371/1734
f 4731/2372/1735 4730/2373/1736 4760/2374/1737 4759/2375/1738
f 4227/2376/1739 4209/2377/1740 4257/235/232 4220/234/231
f 4909/2054/1432 4202/2053/1431 4203/2378/1741 4906/2379/1742
f 3404/2380/1743 3405/2381/1744 3403/2382/1745 3402/2383/1746
f 5023/2384/1747 5039/2385/1748 1230/1963/1354 1229/1966/1357
f 577/1326/868 581/1639/211 792/1297/668 853/1296/751
f 774/870/729 783/1306/661 540/1887/772 539/871/730
f 735/1289/916 747/1290/971 534/1658/997 532/2386/1000
f 2496/2387/1749 2483/2388/1750 2481/183/180 2497/182/179
f 5335/2389/1751 5334/444/436 2800/2390/1752 2798/2145/1516
f 3894/2391/1753 3895/2392/1754 3893/2393/1755 3892/2394/1756
f 2384/2395/1757 2382/2396/1758 5224/2397/1759 5223/2398/1760
f 4402/2399/1761 3904/2400/1762 3909/2401/1763 4401/2109/1484
f 2584/2402/1764 2574/2403/1765 2575/2404/1766 2576/2405/1767
f 4483/2406/1768 5036/2407/1769 5035/2408/1770 4489/2409/1771
f 1334/2410/178 1333/2411/178 1353/2412/1772 1354/2413/1773
f 4599/2414/1774 2114/2415/458 4636/2150/1521 4613/218/215
f 3350/2416/1775 1955/2417/1776 2042/2418/1777 3351/2419/1778
f 4689/2420/1779 5087/2421/1780 5048/2422/1781 4690/2423/1782
f 2491/2424/1783 2490/2425/1784 2488/2426/1785 2489/2427/1786
f 4963/2428/1787 5305/2429/1788 4960/2430/1789 5222/2431/1790
f 3858/2432/1791 3859/2433/1792 2199/2434/1793 2198/2435/1794
f 2006/2436/1795 2030/2437/1796 2029/2438/1797 2024/2439/1798
f 2415/2440/1799 2414/2441/1800 2425/2442/1801 2424/2443/1802
f 1875/2444/1803 1858/1952/1343 1852/1951/1342 1851/2445/1804
f 2334/2446/1805 2332/2447/1806 2676/2448/1807 2683/2449/1808
f 1494/201/198 1527/204/201 1525/2450/1809 1523/2451/1810
f 4038/2452/1811 4040/2453/1812 4021/2174/1545 4022/2454/1813
f 2900/2455/1814 2920/2456/1815 5132/2457/1816 5128/2458/1817
f 5277/2459/1818 2719/2460/1819 2716/2461/1820 5278/2462/1821
f 1970/2463/1822 1975/2464/1823 1976/2465/1824 1974/2466/1825
f 1375/2467/1826 1376/2468/1827 1374/2469/1828 1381/2470/1829
f 3365/2471/362 3363/2472/362 3362/2473/1830 3364/2474/1831
f 2782/2475/1832 3311/2476/1833 3028/2477/1834 3310/2478/1835
f 4899/2479/1836 4271/2480/1837 2947/2481/1838 2958/2482/1839
f 3497/2483/1840 3504/2484/1841 3503/2485/1842 3498/2486/1843
f 4818/2487/1844 4792/2089/1467 4799/2360/1723 4808/2359/1722
f 5090/2488/1845 3518/2489/1846 3451/2490/1847 5246/2491/178
f 1702/2492/1848 1641/2493/1849 1643/2494/1850 1701/2495/1851
f 2129/2496/1852 4512/2497/1853 4514/2069/1447 2128/2068/1446
f 3744/2498/1854 3757/2499/1855 3746/2500/1856 3745/2501/1857
f 5169/2502/1858 5172/2503/1859 1793/2504/1860 1795/416/410
f 3923/2505/1861 3922/2506/1862 3924/2507/1863 3913/2508/1864
f 1345/2509/178 1346/2510/1865 1344/2511/1866 1343/2512/178
f 2464/2513/1867 2470/2514/1868 2469/2515/1869 2463/2516/1870
f 3013/2517/1871 3011/2518/1872 3312/2519/362 3313/2520/362
f 3427/2521/1873 3410/2522/1874 3364/2474/1831 3362/2473/1830
f 2432/2333/1697 2431/2523/1875 2435/2524/1876 2434/2334/1698
f 1865/2525/1877 1863/2192/1563 1867/2526/1878 1866/2527/1879
f 4861/2528/18 4831/2529/17 1728/2530/1880 4862/2531/1881
f 4437/1982/1373 1165/2532/1882 1166/2533/1883 2658/1983/1374
f 1523/2451/1810 1522/2534/1884 1507/2535/1885 1494/201/198
f 1943/2025/1408 1920/2536/1886 1895/2537/1887 1944/2538/1888
f 2025/2539/1889 1999/2540/1890 1998/2541/1891 1997/2542/1892
f 1454/2543/1227 1453/2544/1893 1458/2545/1894 1457/2546/1895
f 3790/2547/1896 2184/2548/1093 3785/2549/1092 3788/2550/1897
f 5317/2551/1898 2953/1914/1306 2951/1917/163 5309/2552/1899
f 3457/2553/1900 3459/2554/1901 3458/2555/1902 3456/2556/1903
f 5021/2557/1904 4491/2558/1905 4490/2559/1906 5019/2560/1907
f 2804/2561/1908 2806/2562/1909 3191/2563/1910 3151/2564/1911
f 4105/2565/1912 4104/2566/1913 4109/1339/982 4108/1338/981
f 2450/2567/1914 2451/2568/1915 2449/2569/1916 2448/2570/1917
f 3337/835/362 3335/2200/362 3334/2202/1571 3336/836/702
f 3663/2571/1918 3857/2572/1919 3856/2127/1500 3662/2573/1920
f 3728/2574/1921 3706/2575/1922 3705/2272/1636 3690/2576/1923
f 3050/2577/1924 3051/2578/1925 3030/2579/1926 3062/2580/1927
f 2899/2581/1928 5119/2582/1929 5126/2583/1930 2880/2584/1931
f 3526/345/342 3519/317/314 3396/2585/178 3374/2586/178
f 3599/2587/379 3583/2588/1932 3584/2589/1933 3596/2590/1934
f 2747/2591/1935 2750/2592/1936 2755/2593/1937 2733/2594/1938
f 3082/2595/363 3103/2596/1493 3104/2597/1939 3083/2598/1940
f 4779/2599/1941 4769/2600/1942 4770/2601/1943 4772/2602/1944
f 5284/2603/1945 5276/2604/1946 2700/2605/1947 2701/2606/1948
f 2237/2607/1949 2238/1962/1353 3697/2608/1950 3729/2609/1951
f 5301/2610/1952 2340/2611/1953 2339/2612/1954 5231/2613/1955
f 2378/2614/1956 2447/2615/1957 5243/79/79 5240/2616/1958
f 3062/2580/1927 3030/2579/1926 3063/2617/1959 3061/2618/1960
f 3496/2619/1503 3505/2620/1961 3504/2484/1841 3497/2483/1840
f 2558/2079/1457 2564/2078/1456 2559/1918/1309 2549/1921/1312
f 3014/2621/1962 3004/2622/1963 3003/2623/1964 3002/2624/1965
f 5271/2625/1966 2663/2626/1967 2687/2627/1968 2660/2628/1969
f 1289/294/291 5067/2629/1970 5082/2630/1971 1288/2357/1720
f 3656/2631/1972 3176/2632/1973 3175/2633/1974 3657/2634/1975
f 1992/2635/1976 1991/2636/1977 1990/2637/1978 1978/2638/1979
f 1382/2639/1980 1378/2640/1981 1388/1882/1279 1389/2641/1982
f 2375/2642/1983 4959/2643/1984 4963/2428/1787 2383/2644/1985
f 4425/2645/1986 4423/2646/1987 4422/2647/1988 4424/2648/1989
f 4768/2649/1990 4793/2650/1991 4549/2651/1992 4550/2652/1993
f 4493/271/268 4494/270/267 5020/2653/1994 5033/2654/1995
f 1327/2313/1677 5063/2655/1996 5069/2656/1997 4705/148/148
f 5013/2657/1998 5018/2658/1999 4513/2659/2000 4497/2660/2001
f 1666/2661/2002 1664/2662/2003 1663/2663/2004 1665/2664/2005
f 3448/2665/2006 3449/2666/2007 3438/2667/2008 3447/2668/2009
f 3822/2298/1662 3817/2669/2010 3819/2670/2011 3821/1834/1231
f 3573/2671/2012 3641/2672/2013 3640/2673/2014 3572/2674/2015
f 3344/2675/362 3342/2676/362 3345/2677/2016 3347/2678/2017
f 4210/2679/2018 4287/2680/2019 4229/2681/2020 4228/2682/2021
f 1315/2683/2022 1313/2684/2023 4684/2685/2024 4682/2686/2025
f 4111/2687/2026 4106/2688/2027 4085/2689/2028 4086/2690/2029
f 2498/2691/2030 2490/2425/1784 2492/2692/2031 2494/2693/2032
f 5283/2340/1704 5300/165/165 2995/164/164 2990/2341/1705
f 4882/283/280 3964/282/279 3963/2694/2033 4888/2695/2034
f 3571/2696/2035 3570/2697/2036 3575/2698/2037 3576/2699/2038
f 4743/2700/2039 4748/2701/2040 3666/2702/2041 3665/2703/2042
f 3853/2704/2043 2186/2705/2044 2195/2706/2045 3852/2707/2046
f 2763/2708/2047 2683/2449/1808 2675/2709/2048 2771/2048/1428
f 1187/2710/2049 1178/2711/2050 4487/2712/2051 4482/64/64
f 2301/68/68 2322/2713/2052 2320/2714/2053 2321/2715/1587
f 1222/2716/2054 1200/2717/2055 1201/119/119 1202/2718/2056
f 1353/2412/1772 1333/2411/178 1330/2719/178 1356/2720/2057
f 4192/2104/1480 4193/2721/2058 4189/2722/2059 4190/2723/2060
f 2148/114/114 2147/2724/2061 2163/2725/2062 2131/115/115
f 2915/2726/2063 2919/2727/2064 2857/2728/2065 2862/2729/2066
f 1842/2730/2067 1835/2731/2068 1843/2732/2069 1841/2733/2070
f 1950/2734/2071 1949/248/245 1947/2735/2072 1948/2736/2073
f 4587/2737/2074 4592/1819/1216 1172/1822/1219 1178/2738/2050
f 1931/2739/2075 1938/2023/1406 1945/2026/1409 1929/2740/2076
f 1177/2741/2077 1184/2742/2078 5015/2743/2079 1161/2744/2080
f 2964/1666/1135 5315/2745/2081 5312/2746/2082 2962/1663/1132
f 2619/1737/1158 2617/1736/1157 2616/438/430 2618/437/429
f 2531/2747/2083 2507/418/412 2505/417/411 2530/2748/2084
f 2581/2749/2085 2580/2750/2086 2570/2751/1241 2572/2752/2087
f 1274/1757/1176 4420/2753/2088 4419/2754/2089 1281/1754/1173
f 1253/2755/2090 1255/2756/1506 1254/1933/1324 1252/1932/1323
f 3481/2757/2091 3473/354/351 3485/2758/2092 3484/2759/2093
f 1612/2760/1717 4841/2761/2094 4854/2282/1646 1607/2281/1645
f 4783/2762/2095 4661/2763/2096 4671/2764/1676 4793/2650/1991
f 2966/313/310 5314/312/309 5315/2745/2081 2964/1666/1135
f 3442/2765/2097 3444/2766/2098 5250/2767/2099 5251/2768/2100
f 4661/2763/2096 4783/2762/2095 4784/2769/2101 4662/2770/2102
f 2364/2771/2103 2384/2395/1757 5223/2398/1760 5222/2431/1790
f 2034/2772/2104 2017/2773/2105 3336/836/702 3334/2202/1571
f 530/2774/1143 715/1184/924 726/1214/914 531/2775/1140
f 2585/2776/2106 2480/2777/2107 2482/2778/2108 2565/2779/2109
f 2625/2008/1391 2627/2780/2110 3796/373/367 3797/1836/1233
f 568/1759/797 570/1614/806 551/1617/874 557/1691/873
f 1287/2212/1581 1286/2211/1580 1282/2781/2111 1285/2315/1679
f 3538/2782/2112 3539/2783/2113 3537/2207/1576 3536/2210/1579
f 2352/2784/2114 2649/2149/1520 2659/1795/1194 2353/2785/2115
f 3499/2043/1423 3494/2786/2116 3492/2787/2117 3498/2486/1843
f 4147/2788/2118 4149/2789/2119 4148/2790/2120 4146/2791/2121
f 1683/2792/2122 1680/2793/2123 1681/134/134 1682/133/133
f 1204/2794/2124 1206/2795/2125 1215/339/336 1202/2718/2056
f 4373/1846/1243 4196/111/111 1430/2796/2126 1431/2797/2127
f 4035/2798/2128 4037/2799/2129 4036/2800/2130 4034/2801/2131
f 3770/2802/2132 3771/2803/2133 3772/2804/2134 3777/2805/2135
f 3807/2301/1665 3809/2806/2136 3817/2669/2010 3822/2298/1662
f 1247/2807/2137 1246/2808/2138 1267/2809/2139 1266/2810/2140
f 3690/2576/1923 3686/2811/2141 3687/2812/2142 3728/2574/1921
f 3967/2813/2143 1595/2814/2144 1598/2815/2145 3966/2816/2146
f 3711/2259/1623 3710/456/448 3717/455/447 3716/2817/2147
f 3677/2818/2148 3679/2819/2149 3852/2707/2046 3851/2820/2150
f 4196/111/111 4373/1846/1243 4371/1849/1246 4199/112/112
f 3884/2821/2151 3882/2822/2152 3873/2823/2153 2409/2824/2154
f 2551/2242/1606 2550/2160/1531 2549/1921/1312 2555/1920/1311
f 4630/2825/2155 4621/2826/2156 4602/2827/2157 4604/2064/1442
f 4811/86/86 4810/2828/2158 4809/2829/2159 4814/2830/2160
f 4440/2831/2161 4441/2832/2162 4442/2833/2163 4444/2834/2164
f 4806/2835/2165 4807/2197/1568 4813/2196/1567 4812/85/85
f 4594/1820/1217 4593/2836/2166 1168/2837/265 1171/1821/1218
f 3578/160/160 3576/2699/2038 3575/2698/2037 3577/161/161
f 4549/2838/1992 4576/2839/2167 4697/2840/2168 4645/2841/2169
f 1738/2842/2170 1739/2843/2171 1740/397/391 1795/416/410
f 2627/2780/2110 2625/2008/1391 2624/2844/2172 2626/2845/2173
f 3576/2699/2038 3578/160/160 3585/2846/2174 3586/2847/2175
f 3645/2848/2176 3646/2849/2177 3644/2850/2178 3643/2851/2179
f 3470/2852/2180 1190/2853/329 1192/2854/2181 3468/2855/2182
f 3059/2856/2183 3057/2857/2184 3058/2858/2185 3060/2859/2186
f 3881/2860/2187 3880/2861/2188 3879/2862/2189 3877/2863/2190
f 3184/2864/2191 3136/2865/2192 3135/2866/2193 3133/2867/2194
f 5325/2868/178 2845/2869/2195 2962/1663/1132 5312/2746/2082
f 1180/2870/1726 1181/2871/2196 4485/2872/2197 4484/2873/2198
f 2981/2874/2199 5095/2875/2200 5114/2876/2201 2993/2877/2202
f 2147/2878/2061 2615/2879/2203 2188/2880/2204 2146/2881/2205
f 2104/2882/178 2109/2883/178 4458/2884/152 4519/2885/2206
f 2111/2886/178 4451/2887/2207 4452/2888/2208 2112/2889/178
f 4387/2890/362 4394/2891/362 4559/2892/2209 4646/2893/2210
f 2104/2882/178 4519/2885/2206 4516/2894/2211 2108/2895/178
f 2031/350/347 3323/349/346 3351/2419/1778 2042/2418/1777
f 2110/2896/178 2106/2897/178 4459/2898/2212 4454/2899/2213
f 4384/2900/362 4383/2901/362 4653/2902/2214 4660/2903/2215
f 1855/2904/2216 1856/2905/2217 1873/2906/2218 1872/2907/2219
f 2084/2908/178 2098/2909/178 4475/2910/2220 4468/2911/2221
f 1316/2912/362 1314/2913/362 4571/2914/2222 4680/2915/2223
f 1306/2916/362 1304/2917/362 4701/2918/2224 4693/2919/2225
f 1318/2920/362 1316/2912/362 4680/2915/2223 4570/2921/2226
f 5224/2397/1759 5225/287/284 2346/2922/2227 2379/2923/2228
f 1805/2924/2229 1808/2102/1478 1807/1894/1287 1801/2925/2230
f 5353/2926/2231 5352/2927/2232 2713/2928/2233 5274/2929/2234
f 3943/2930/2235 1973/2931/440 1987/2932/2236 3944/2933/2237
f 3017/2934/2238 3016/2935/2239 3321/2936/2240
f 1205/2937/2241 1207/2938/2242 1206/2795/2125 1204/2794/2124
f 2160/2939/2243 5190/2940/874 5192/2941/2244 5197/2942/2245
f 1944/2538/1888 1946/2943/2246 1945/2026/1409 1943/2025/1408
f 2682/2944/2247 2711/2945/2248 2380/284/281 2382/2396/1758
f 3384/2946/178 3383/2947/178 3186/2948/2249 3188/2949/2250
f 2548/127/127 2275/130/130 2274/2080/1458 2558/2079/1457
f 4382/2950/362 4381/2951/362 4553/2952/2251 4554/2953/2252
f 3473/354/351 3472/353/350 3486/2954/2253 3485/2758/2092
f 3423/2955/2254 3418/2956/2255 3408/2957/2256 3405/2381/1744
f 2799/2958/2257 2801/445/437 5334/444/436 5335/2389/1751
f 4065/2959/2258 4066/2960/2259 4064/2961/2260 4063/2962/2261
f 3415/2351/1715 3420/424/416 3413/1839/1236 3414/1838/1235
f 5056/2963/2262 5073/2162/1533 4696/2165/1536 1326/478/470
f 2093/2964/178 2094/2965/178 4477/2966/2263 4469/2967/2264
f 2097/2968/178 4527/2969/2265 4480/2970/2266 2090/2971/178
f 2085/2972/178 4464/2973/2267 4465/2974/2268 2086/2975/178
f 1431/2976/2127 1429/2977/2269 1424/2978/2270 1423/2979/2271
f 2573/2980/2272 2575/2404/1766 2574/2403/1765 2572/2752/2087
f 1320/2981/362 1318/2920/362 4570/2921/2226 4707/2982/2273
f 1304/2917/362 1302/2983/362 4700/2984/2274 4701/2918/2224
f 2101/2985/178 2100/2986/178 4457/2987/2275 4466/2988/2276
f 2112/2889/178 4452/2888/2208 4455/2989/2277 2105/2990/178
f 1310/2991/362 1308/2992/362 4687/2993/2278 4688/2994/2279
f 3250/2277/1641 3251/2995/2280 5136/2996/2281 5140/2278/1642
f 1706/2997/2282 1704/2998/2283 1696/2999/2284 1699/3000/2285
f 4162/22/22 1449/3001/2286 4159/2012/1395 4161/23/23
f 4822/3002/2287 4823/3003/2288 4579/3004/2289 4578/3005/2290
f 2823/3006/2291 3128/3007/2292 3187/3008/2293 2821/3009/2294
f 1497/3010/2295 1501/3011/2296 1502/3012/2297 1496/3013/2298
f 1456/3014/2299 4176/3015/2300 4175/3016/2301 1455/3017/2302
f 88/802/670 86/842/708 1133/843/709 1136/803/671
f 2095/3018/178 4474/3019/2303 4477/2966/2263 2094/2965/178
f 4883/3020/2304 3958/3021/2305 3957/3022/2306 1721/3023/2307
f 5186/439/431 2446/1810/1207 2185/3024/1094 5184/440/432
f 4729/1922/1313 4730/3025/1736 2291/3026/2308 2290/1923/1314
f 1324/3027/362 1322/3028/362 4678/3029/2309 4568/3030/2310
f 2792/3031/2311 2791/3032/2312 2790/3033/2313 2788/1375/1006
f 4581/2016/1399 4582/3034/2314 1187/3035/2049 1186/2017/1400
f 2109/2883/178 2103/3036/178 4463/3037/153 4458/2884/152
f 1308/2992/362 1306/2916/362 4693/2919/2225 4687/2993/2278
f 2087/3038/178 4542/3039/2315 4536/3040/2316 2088/3041/178
f 4385/3042/362 4386/3043/362 4562/3044/2317 4564/3045/2318
f 1300/3046/362 1298/3047/362 4697/3048/2168 4699/3049/2319
f 2093/2964/178 4469/2967/2264 4459/2898/2212 2106/2897/178
f 1336/3050/178 1337/3051/178 1340/1492/1072 1366/1495/1075
f 1312/3052/362 1310/2991/362 4688/2994/2279 4691/3053/2320
f 2091/3054/178 4472/3055/2321 4479/3056/2322 2092/3057/178
f 4306/3058/2323 1370/358/353 1369/3059/2324 4304/3060/2325
f 3418/2956/2255 3422/3061/2326 3426/3062/2327 3428/3063/2328
f 2324/66/66 4716/3064/2329 4715/3065/2330 2323/67/67
f 2315/3066/2331 4717/3067/2332 4718/413/407 2317/412/406
f 3899/3068/2333 3902/3069/2334 3906/3070/2335 3916/3071/2336
f 2421/3072/2337 2406/3073/2338 2404/3074/2339 2420/3075/2340
f 4129/3076/2341 4128/3077/2342 1866/2527/1879 1875/2444/1803
f 2619/1737/1158 2621/1708/1151 3799/3078/2343 3800/1738/1159
f 3845/2126/1499 3842/3079/2344 2561/3080/2345 3661/3081/2346
f 721/1287/511 732/1286/508 543/1611/991 542/1886/773
f 753/1179/919 762/1178/918 516/1989/779 515/1657/782
f 2303/3082/842 4739/3083/2347 4740/3084/2348 2305/3085/1630
f 3446/3086/2349 3442/3087/2097 1189/330/327 1191/329/326
f 3611/1804/1203 3609/1803/1202 3613/3088/2350 3614/3089/2351
f 4726/3090/2352 2294/3091/2353 2293/3092/2354 4728/3093/2355
f 3363/2472/362 3361/3094/362 3360/376/370 3362/2473/1830
f 4423/2646/1987 4425/2645/1986 3907/1303/973 4404/1302/972
f 3398/3095/2356 3397/3096/2357 3402/2383/1746 3403/2382/1745
f 3881/2860/2187 3877/2863/2190 3875/3097/2358 3883/3098/2359
f 2116/3099/2360 4498/262/259 4500/261/258 2115/3100/2361
f 3701/1742/1163 3702/3101/2362 2460/3102/2363 2458/1743/1164
f 4643/2181/1552 4639/3103/2364 4541/3104/2365 4545/2182/1553
f 1293/3105/2366 1294/3106/2367 4696/2165/1536 4695/2164/1535
f 3632/1947/1338 3534/1946/1337 3533/320/317 3627/319/316
f 2740/323/320 2789/322/319 2778/3107/2368 2730/3108/2369
f 2072/3109/2370 2070/3110/2371 2069/3111/362 2071/3112/362
f 4612/2168/1539 2128/3113/1446 2127/3114/136 4608/3115/2372
f 2402/3116/2373 2397/3117/2374 2389/1973/1364 2393/3118/2375
f 3155/404/398 3123/403/397 3121/3119/2376 3163/3120/2377
f 2376/3121/2378 2349/3122/2379 5218/12/12 4965/3123/2380
f 3476/2131/1504 3478/3124/2381 1223/3125/2382 1231/3126/2383
f 1799/1893/1286 5180/169/169 5178/3127/2384 1798/3128/2385
f 4198/3129/2386 4369/3130/2387 4375/3131/2388 1363/3132/2389
f 3896/3133/2390 3897/3134/2391 3895/2392/1754 3894/2391/1753
f 4770/2601/1943 4409/3135/2392 4669/3136/2393 4791/3137/2394
f 1816/3138/2395 1817/3139/2396 1815/38/38 1814/37/37
f 3327/3140/362 3325/3141/362 3070/3142/2397 3018/3143/2398
f 4661/3144/2096 4396/3145/2399 1327/2313/1677 4671/2312/1676
f 3082/369/363 3354/368/362 3353/2119/362 3103/2118/1493
f 4277/3146/2400 4217/2324/1688 4219/3147/2401 4278/3148/2402
f 1768/3149/2403 1746/3150/2404 4280/3151/2405 4254/3152/2406
f 4871/1940/1331 1734/3153/2407 1735/3154/2408 4878/3155/2409
f 2320/2714/2053 4723/3156/2410 4722/3157/2411 2318/3158/2412
f 1892/2106/223 1894/3159/222 1893/3160/2413 1891/2107/1482
f 3464/3161/2414 3489/3162/2415 3462/3163/2416 3463/3164/2417
f 2657/1984/1375 2651/2319/1683 2652/3165/2418 2656/239/236
f 4274/3166/2419 4255/236/233 4254/3152/2406 4280/3151/2405
f 2156/3167/2420 5184/3168/432 2185/1536/1094 2184/1535/1093
f 2282/3169/2421 2281/3170/2422 2279/3171/2423 2280/3172/2424
f 4289/394/388 4202/2053/1431 4290/2034/1417 4267/106/106
f 2135/3173/1584 2144/113/113 2133/116/116 2134/3174/2425
f 4588/74/74 4589/3175/2426 1157/3176/2427 1156/75/75
f 4686/479/471 1326/478/470 4696/2165/1536 1294/3106/2367
f 4804/3177/2428 4806/2835/2165 1313/3178/2023 1315/3179/2022
f 4372/1848/1245 4370/1885/1282 4369/3130/2387 4371/1849/1246
f 2508/126/126 2510/3180/2429 2517/3181/2430 2516/123/123
f 4201/3182/2431 4909/2054/1432 4906/2379/1742 4233/3183/2432
f 3126/3184/2433 2825/3185/2434 2827/3186/2435 3124/2284/1648
f 2172/3187/2436 3844/3188/2437 3843/3189/2438 3842/3079/2344
f 1745/3190/2439 1763/3191/2440 4258/3192/2441 4259/3193/2442
f 1812/40/40 1813/39/39 1811/3194/2443 1810/3195/2444
f 1212/1903/1296 1220/337/334 1216/340/337 1217/3196/2445
f 2290/1923/1314 2289/2031/1414 3683/2030/1413 4745/1924/1315
f 1940/272/269 1924/275/272 1919/3197/2446 1942/2024/1407
f 4263/3198/2447 4265/3199/2448 4264/108/108 4262/107/107
f 3623/3200/2449 3621/2321/1685 3622/3201/2450 3565/3202/1550
f 3669/3203/2451 3671/3204/2452 3848/3205/2453 3847/3206/2454
f 4229/2681/2020 4268/3207/2455 4251/3208/2456 4231/3209/2457
f 2856/3210/2458 5121/3211/2459 5132/2457/1816 2920/2456/1815
f 3574/3212/2460 3571/2696/2035 3576/2699/2038 3586/2847/2175
f 1761/3213/2461 1768/3149/2403 4254/3152/2406 4256/3214/2462
f 2882/3215/2463 5127/3216/2464 5121/3211/2459 2856/3210/2458
f 2081/3217/2465 2082/3218/2466 2065/3219/362 2052/3220/362
f 3361/3094/362 3359/834/362 3357/837/703 3358/377/371
f 4059/2309/1673 4060/3221/2467 4043/3222/2468 4058/2310/1674
f 1223/3223/2382 1214/3224/2469 1232/3225/2470 1231/3226/2383
f 5198/3227/2471 5191/222/219 2387/221/218 5194/3228/2472
f 5259/178/178 3366/181/178 3375/3229/178 5261/2135/178
f 3971/3230/2473 3973/3231/2474 3972/1826/1223 3970/1825/1222
f 3707/1741/1162 3708/3232/2475 3691/2270/1634 3693/3233/2476
f 4307/3234/2477 1371/355/352 1370/358/353 4306/3058/2323
f 3939/2304/1668 3934/2307/1671 3932/2111/1486 3933/2110/1485
f 2738/1374/1005 2674/2159/1530 2703/3235/2478 2784/3236/2479
f 2764/3237/2480 2765/3238/2481 2348/3239/2482 2338/3240/2483
f 2870/3241/2484 2910/1896/1289 5127/3216/2464 5124/3242/2485
f 1228/3243/2486 1200/2717/2055 1222/2716/2054 1227/3244/2487
f 4881/3245/2488 4838/3246/2489 4853/1941/1332 4878/3155/2409
f 3983/1968/1359 3988/1712/1152 3987/1715/1155 3981/2232/1596
f 1577/3247/2490 1572/3248/2491 1561/3249/2492 1563/3250/2493
f 1693/3251/2494 1695/3252/2495 1694/3253/2496 1692/3254/2497
f 2512/3255/2498 2518/3256/2499 2517/3181/2430 2510/3180/2429
f 3988/1712/1152 3983/1968/1359 3975/1824/1221 3976/1823/1220
f 1653/3257/2500 1709/3258/2501 1708/3259/2502 1651/3260/2503
f 4638/3261/2504 4637/29/29 4584/32/32 4586/2365/1728
f 3765/212/209 3766/211/208 3764/2056/1434 3763/3262/2505
f 4006/3263/2506 1545/3264/2507 1544/3265/2508 4005/1748/1169
f 1197/3266/2509 1196/1964/1355 1195/3267/2510 1233/3268/2511
f 1683/2792/2122 3965/3269/2512 1597/3270/2513 1594/3271/2514
f 2594/3272/2515 2592/3273/2516 2591/3274/2517 2593/3275/2518
f 3816/3276/2519 3817/2669/2010 3809/2806/2136 3811/3277/2520
f 2273/2113/1488 2274/2080/1458 2275/130/130 2278/3278/2521
f 2733/2594/1938 2677/3279/2522 2676/2448/1807 2747/2591/1935
f 1629/3280/2523 1593/3281/2524 1601/3282/2525 1609/3283/2526
f 1221/338/335 1222/2716/2054 1202/2718/2056 1215/339/336
f 4363/2227/1591 1859/2226/1590 1861/3284/2527 4368/3285/2528
f 2655/240/237 2656/239/236 2652/3165/2418 2643/3286/2529
f 2065/3219/362 2048/3287/2530 2049/3288/2531 2047/3289/362
f 4360/3290/2532 1862/3291/1565 1864/3292/1564 4359/3293/2533
f 4063/2962/2261 4025/3294/2534 4026/3295/2535 4065/2959/2258
f 4017/3296/2536 4138/3297/2537 4147/2788/2118 4018/3298/2538
f 4259/3193/2442 4211/3299/2539 4248/3300/2540 4213/395/389
f 3805/2299/1663 3822/2298/1662 3821/1834/1231 3814/1833/1230
f 1651/3260/2503 1708/3259/2502 1674/3301/2541 1649/3302/2542
f 2768/3303/2543 2684/3304/2544 2766/3305/2545 2765/3238/2481
f 2309/3306/2546 2311/3307/2547 2310/3308/2548 2308/3309/2549
f 3246/3310/2550 3248/3311/2551 5150/2190/1561 5138/2189/1560
f 4866/1928/1319 4837/3312/1572 4836/3313/2552 4834/249/246
f 1884/3314/2553 1888/3315/2554 1880/3316/2555 1879/3317/2556
f 4066/2960/2259 4028/3318/2557 4030/3319/2558 4064/2961/2260
f 1825/2348/1712 1842/2730/2067 1841/2733/2070 1840/3320/2559
f 2709/3321/2560 5092/3322/2561 2707/3323/2562 2708/3324/2563
f 4955/3325/2564 4953/3326/2565 2369/3327/2566 2344/3328/2567
f 1728/2530/1880 4873/3329/2568 1737/3330/2569 4863/3331/2570
f 4881/3245/2488 1736/3332/2571 1737/3330/2569 4873/3329/2568
f 4317/3333/2572 4316/2252/1616 3562/3334/2573 3561/3335/2574
f 4605/1818/1215 2123/1817/1214 2122/3336/2575 4603/3337/2576
f 4730/2373/1736 4729/3338/1313 4757/3339/2577 4760/2374/1737
f 1772/3340/2578 1771/3341/2579 4026/3295/2535 1810/3195/2444
f 4275/3342/2580 4261/3343/2581 4260/2035/1418 4291/3344/2582
f 4318/1877/1274 4324/3345/2583 4320/3346/2584 4317/3333/2572
f 4000/3347/2585 1543/1993/1383 1542/3348/2586 3997/3349/2587
f 2241/1669/1138 2243/1668/1137 2265/3350/2588 2261/3351/2589
f 2992/3352/2590 5294/3353/2591 5291/3354/2592 2993/2877/2202
f 4294/3355/2593 1408/3356/2594 1404/3357/2595 4295/3358/2596
f 1805/2924/2229 1801/2925/2230 1802/2331/1695 1803/3359/2597
f 4252/3360/2598 4224/3361/2599 5164/3362/2600 4284/3363/2601
f 2470/2514/1868 2472/3364/2602 2471/3365/2603 2469/2515/1869
f 4211/3299/2539 4210/2679/2018 4228/2682/2021 4248/3300/2540
f 2771/2048/1428 2675/2709/2048 2679/3366/2604 2757/392/386
f 4677/3367/2605 4565/2092/1470 4670/3368/2606 4566/3369/2607
f 1203/118/118 1204/2794/2124 1202/2718/2056 1201/119/119
f 3256/3370/2608 3217/3371/2609 5141/3372/2610 5135/3373/2611
f 1960/2265/1629 1959/2264/1628 1936/3374/2612 1934/3375/2613
f 5189/3376/2614 5196/25/25 5195/28/28 5193/3377/2615
f 4816/3378/2616 4825/2327/1691 1303/2330/1694 1305/3379/2617
f 3738/50/50 3733/49/49 3734/2230/1594 3753/3380/2618
f 2667/2157/1528 2682/2944/2247 2681/3381/2619 2673/2158/1529
f 3086/3382/2620 3084/2250/1614 3085/2249/1613 3087/3383/2621
f 3986/3384/2622 3979/2233/1597 3981/2232/1596 3987/1715/1155
f 3047/3385/2623 3053/3386/2624 3064/3387/2625 3055/3388/2626
f 2674/2159/1530 2673/2158/1529 2705/3389/2627 2703/3235/2478
f 3405/2381/1744 3404/2380/1743 3411/1840/1237 3423/2955/2254
f 4664/3390/1366 4399/3391/2628 4663/3392/2629 4398/3393/1367
f 3694/2261/1625 3719/197/194 3714/200/197 3695/2258/1622
f 3865/3394/2630 3866/1905/1298 3864/3395/2631 3863/3396/2632
f 4864/3397/2633 4861/2528/18 4862/2531/1881 1726/3398/2634
f 1982/3399/2635 1983/3400/2636 1981/447/439 1989/446/438
f 3831/3401/2637 3834/3402/2638 2192/3403/2639 2191/3404/2640
f 417/1418/362 418/3405/362 973/1358/993 972/919/766
f 94/827/695 1101/1789/178 1100/724/178 92/824/692
f 116/822/690 118/838/704 1113/1384/178 1112/1387/178
f 56/1585/362 956/1362/995 955/1361/994 54/1412/362
f 54/1412/362 955/1361/994 954/1349/988 52/1413/362
f 112/818/686 1110/716/178 1109/719/178 110/840/706
f 472/1560/1109 471/1503/1077 1018/1502/178 1019/1433/178
f 978/1404/362 5/679/362 977/653/607 402/614/568
f 54/1412/362 399/1415/362 400/1586/362 56/1585/362
f 67/1420/362 957/914/763 970/922/767 414/700/362
f 498/686/362 499/3406/362 103/960/799 105/687/623
f 86/842/708 1097/1393/178 1096/3407/178 84/828/696
f 888/943/784 1054/671/178 1053/670/178 535/1684/1146
f 865/2011/1394 875/1487/1067 1015/729/178 1011/1574/178
f 69/1419/362 958/915/764 957/914/763 67/1420/362
f 6/1578/362 978/1404/362 402/614/568 979/617/571
f 69/1419/362 415/3408/362 985/924/768 958/915/764
f 401/678/362 961/645/599 977/653/607 5/679/362
f 476/1569/1118 475/1567/1116 1022/1592/178 1023/1591/178
f 114/821/689 116/822/690 1112/1387/178 1111/1598/178
f 501/1786/362 502/3409/362 97/988/827 99/966/805
f 10/1422/362 947/659/613 946/622/576 11/1383/362
f 98/806/674 1103/1497/178 1102/1582/178 96/832/700
f 3/1431/362 941/621/575 942/629/583 4/1414/362
f 96/832/700 1102/1582/178 1101/1789/178 94/827/695
f 12/1417/362 982/637/591 407/646/600 983/1781/362
f 879/939/780 1041/1784/178 1040/1588/178 878/940/781
f 416/1416/362 417/1418/362 972/919/766 971/918/765
f 52/1413/362 954/1349/988 953/1348/987 50/1428/362
f 1037/667/178 1051/1379/178 886/1382/1011 887/1368/999
f 400/1586/362 959/642/596 961/645/599 401/678/362
f 1021/1580/178 474/1565/1114 473/1562/1111 1020/1432/178
f 8/702/362 943/639/593 945/641/595 9/703/362
f 1011/1574/178 1015/729/178 1058/728/178 1035/1575/178
f 1056/1407/178 1038/1406/178 889/928/771 541/927/770
f 1097/1393/178 23/1392/178 22/3410/178 1096/3407/178
f 491/3411/362 492/708/362 117/711/625 119/984/823
f 72/1791/362 986/925/769 985/924/768 415/3408/362
f 421/1469/1050 468/1454/1035 998/600/560 997/589/554
f 466/1455/1036 464/1477/1058 995/1529/1090 996/1531/1091
f 426/1448/1029 424/1470/1051 987/588/553 988/557/533
f 1068/569/540 1081/1481/1061 930/1442/1023 932/570/541
f 1085/1542/548 862/1552/1101 1077/1551/1101 1078/581/548
f 1065/1549/1100 1064/1545/1098 912/1772/1182 914/1436/1017
f 912/1772/1182 1064/1545/1098 1075/595/555 910/1475/1056
f 922/1450/1031 1077/1551/1101 1076/1521/1087 920/1462/1043
f 446/1776/1186 1004/607/563 1005/3412/2641 448/1769/1179
f 438/1461/1042 436/1520/1086 1000/567/537 1001/566/538
f 458/1458/1039 1009/584/551 994/587/552 460/1456/1037
f 991/1519/1085 990/575/544 15/574/544 16/1525/1085
f 1063/594/556 1091/593/556 1092/576/545 1062/579/545
f 924/582/549 1078/581/548 1077/1551/1101 922/1450/1031
f 894/1774/1184 1070/1540/1097 1071/555/530 891/1474/1055
f 1006/1539/1096 1005/3412/2641 1149/3413/2641 395/1538/1096
f 446/1776/1186 444/1441/1022 1003/604/562 1004/607/563
f 996/1531/1091 19/1532/1091 397/601/560 998/600/560
f 906/1460/1041 1062/579/545 1061/578/546 904/1445/1026
f 460/1456/1037 994/587/552 1010/1526/1089 462/1457/1038
f 432/1467/1048 430/1468/1049 989/572/543 990/575/544
f 421/1469/1050 997/589/554 987/588/553 424/1470/1051
f 908/1465/1046 1063/594/556 1062/579/545 906/1460/1041
f 1067/1524/1088 485/1523/1088 1089/1547/1099 1066/1550/1099
f 890/1351/990 1057/731/178 1056/1407/178 541/927/770
f 1040/1588/178 1017/1505/178 1016/1573/178 1039/1576/178
f 1050/1380/178 1027/1765/178 1012/1766/178 1036/1496/178
f 95/970/809 503/3414/362 504/3415/362 93/971/810
f 1014/675/178 1032/698/178 1055/699/178 1038/1406/178
f 417/1418/362 12/1417/362 983/1781/362 418/3405/362
f 1018/1502/178 1017/1505/178 1040/1588/178 1041/1784/178
f 1100/724/178 1101/1789/178 27/1788/178 26/725/178
f 415/3408/362 11/1383/362 405/692/362 72/1791/362
f 1012/1766/178 1026/1761/178 1049/1792/178 1036/1496/178
f 418/3405/362 983/1781/362 13/1763/362 419/1401/362
f 1111/1598/178 1112/1387/178 38/1386/178 37/1599/178
f 511/721/362 512/680/362 121/683/621 80/722/628
f 46/1783/362 1/1706/362 2/1430/362 48/1429/362
f 1103/1497/178 1104/1426/178 30/1427/178 29/1583/178
f 1094/1498/178 21/3416/178 20/1787/178 1093/1499/178
f 507/1424/362 508/1596/362 85/962/801 87/953/792
f 884/906/756 1049/1792/178 1048/1790/178 525/907/757
f 504/3415/362 505/1425/362 91/987/826 93/971/810
f 420/688/362 419/1401/362 13/1763/362 14/689/362
f 97/988/827 502/3409/362 503/3414/362 95/970/809
f 1047/1764/178 1024/1762/178 1023/1591/178 1046/1594/178
f 2/1430/362 939/618/572 941/621/575 3/1431/362
f 418/3405/362 419/1401/362 974/1403/1013 973/1358/993
f 1049/1792/178 1026/1761/178 1025/1760/178 1048/1790/178
f 83/981/820 509/1597/362 510/720/362 81/723/629
f 1/1706/362 940/662/616 939/618/572 2/1430/362
f 7/1411/362 944/633/587 943/639/593 8/702/362
f 1017/1505/178 470/1504/1078 469/1753/1172 1016/1573/178
f 103/960/799 499/3406/362 500/1785/362 101/961/800
f 408/677/362 964/1679/1144 956/1362/995 56/1585/362
f 1045/1593/178 1044/712/178 881/715/627 882/1675/1142
f 489/681/362 490/3417/362 123/982/821 125/682/620
f 868/1561/1110 477/1558/1107 1026/1761/178 1012/1766/178
f 1028/1590/178 1027/1765/178 1050/1380/178 1051/1379/178
f 416/1416/362 971/918/765 986/925/769 72/1791/362
f 1016/1573/178 469/1753/1172 865/2011/1394 1011/1574/178
f 1071/555/530 1059/554/531 938/1471/1052 891/1474/1055
f 426/1448/1029 988/557/533 999/556/532 428/1449/1030
f 1072/597/557 1060/1572/1120 896/1773/1183 898/1770/1180
f 938/1471/1052 1059/554/531 1082/603/561 936/1768/1178
f 442/1439/1020 440/1440/1021 1002/1378/1009 992/612/567
f 930/1442/1023 1081/1481/1061 1080/1480/1060 928/1775/1185
f 1090/1548/1100 484/1544/1098 1064/1545/1098 1065/1549/1100
f 918/1771/1181 1067/1524/1088 1066/1550/1099 916/1435/1016
f 1004/607/563 1148/606/563 1149/3413/2641 1005/3412/2641
f 452/660/614 450/1767/1177 1006/1539/1096 993/608/564
f 1061/578/546 1074/563/535 902/598/558 904/1445/1026
f 1066/1550/1099 1065/1549/1100 914/1436/1017 916/1435/1016
f 454/661/615 1007/611/566 1008/1517/1083 456/1453/1034
f 1073/562/536 1072/597/557 898/1770/1180 900/599/559
f 994/587/552 17/586/552 396/1527/1089 1010/1526/1089
f 1082/603/561 1069/568/539 934/571/542 936/1768/1178
f 440/1440/1021 438/1461/1042 1001/566/538 1002/1378/1009
f 920/1462/1043 1076/1521/1087 1067/1524/1088 918/1771/1181
f 896/1773/1183 1060/1572/1120 1070/1540/1097 894/1774/1184
f 1080/1480/1060 1079/580/547 926/583/550 928/1775/1185
f 482/1571/1120 1087/1541/1097 1070/1540/1097 1060/1572/1120
f 428/1449/1030 999/556/532 989/572/543 430/1468/1049
f 468/1454/1035 466/1455/1036 996/1531/1091 998/600/560
f 2541/3418/2642 2530/2748/2084 2505/417/411 2513/3419/2643
f 47/895/747 277/894/746 257/889/745 44/888/744
f 58/859/718 262/858/717 251/901/753 57/900/752
f 519/1648/762 780/1223/952 718/1729/732 520/1750/1145
f 4269/3420/2644 4212/3421/2645 4246/3422/2646 4253/3423/2647
f 3609/1803/1202 3608/1926/1317 3612/288/285 3613/3088/2350
f 1286/2211/1580 1280/1755/1174 1281/1754/1173 1282/2781/2111
f 976/657/611 422/656/610 423/663/617 940/662/616
f 960/635/589 431/634/588 433/643/597 959/642/596
f 122/848/712 124/846/711 1116/704/178 1115/707/178
f 46/1783/362 951/904/755 950/903/754 45/691/362
f 874/674/619 873/1408/1014 1032/698/178 1014/675/178
f 1048/1790/178 1025/1760/178 1024/1762/178 1047/1764/178
f 45/691/362 398/690/362 1/1706/362 46/1783/362
f 490/3417/362 491/3411/362 119/984/823 123/982/821
f 1106/1394/178 1107/697/178 33/696/178 32/1395/178
f 535/1684/1146 1053/670/178 1052/664/178 533/1367/998
f 1046/1594/178 1045/1593/178 882/1675/1142 883/1674/1141
f 1019/1433/178 1018/1502/178 1041/1784/178 1042/1434/178
f 1022/1592/178 1021/1580/178 1044/712/178 1045/1593/178
f 1108/694/178 1109/719/178 35/718/178 34/695/178
f 415/3408/362 69/1419/362 10/1422/362 11/1383/362
f 875/1487/1067 481/1486/1066 1034/730/178 1015/729/178
f 108/813/681 1108/694/178 1107/697/178 106/810/678
f 90/805/673 92/824/692 1100/724/178 1099/727/178
f 4/1414/362 942/629/583 960/635/589 399/1415/362
f 481/1486/1066 480/673/618 1033/672/178 1034/730/178
f 1096/3407/178 22/3410/178 21/3416/178 1094/1498/178
f 406/693/362 962/631/585 982/637/591 12/1417/362
f 82/829/697 84/828/696 1096/3407/178 1094/1498/178
f 104/814/682 106/810/678 1107/697/178 1106/1394/178
f 866/1483/1063 476/1569/1118 1023/1591/178 1024/1762/178
f 62/1577/362 412/1398/362 968/933/775 984/937/778
f 88/802/670 1098/1390/178 1097/1393/178 86/842/708
f 533/1367/998 1052/664/178 1037/667/178 887/1368/999
f 122/848/712 1115/707/178 1114/1388/178 120/844/710
f 114/821/689 1111/1598/178 1110/716/178 112/818/686
f 62/1577/362 984/937/778 967/1501/1076 411/1500/362
f 383/875/732 1122/874/693 1139/3424/672 373/1720/952
f 64/3425/774 310/1277/966 301/1204/941 63/3426/777
f 63/3426/777 301/1204/941 292/885/741 61/884/740
f 726/1214/914 735/1289/916 532/2386/1000 531/2775/1140
f 340/1332/971 1126/1331/687 1118/3427/707 328/1173/916
f 352/1207/943 1132/1337/676 1127/1323/675 343/1197/934
f 367/1703/729 1137/1702/705 1134/1654/691 358/1653/728
f 546/1327/834 577/1326/868 853/1296/751 843/1270/720
f 370/2143/925 1138/3428/685 1135/1336/684 361/1272/970
f 373/1720/952 1139/3424/672 1136/1705/671 364/1704/953
f 575/1642/846 565/1693/845 816/1211/749 807/1213/663
f 122/848/712 1125/849/510 1123/847/509 124/846/711
f 567/1632/894 561/1625/898 822/1218/733 813/1219/738
f 2983/3429/2648 5097/3430/2649 5096/3431/2650 2982/3432/2651
f 559/1694/853 553/1619/831 834/1268/721 825/1264/736
f 561/1625/898 555/1623/837 831/1730/725 822/1218/733
f 555/1623/837 549/1622/838 840/1732/724 831/1730/725
f 573/1355/861 563/1692/860 819/1299/741 810/1356/742
f 847/1252/515 589/1616/896 593/1998/887 786/1295/514
f 2073/3433/2652 2049/3288/2531 2408/3434/2653
f 5268/3435/2654 5265/3436/2655 3516/3437/2656 3517/3438/2657
f 2608/3439/2658 2607/3440/2659 2606/3441/2660 2329/3442/2661
f 1899/3443/2662 1901/3444/2663 5074/3445/2664 4395/3446/2665
f 2450/2567/1914 3703/3447/2666 3688/3448/2667 2452/3449/2668
f 4403/1305/975 4406/3450/2669 4405/3451/2670 4404/1302/972
f 2681/3381/2619 2682/2944/2247 2382/2396/1758 2384/2395/1757
f 2423/3452/2671 2392/3453/2672 2391/3454/2673 2424/2443/1802
f 3579/158/158 3588/3455/2674 3587/3456/2675 3581/3457/2676
f 1590/3458/2677 1596/3459/2678 1600/3460/2679 1599/3461/2680
f 551/1617/874 589/1616/896 847/1252/515 837/1255/966
f 3560/3462/286 3557/2002/1318 3558/2001/1276 3559/3463/1275
f 2964/1666/1135 5111/1665/1134 5112/1867/1264 2966/313/310
f 5270/3464/2681 2794/3465/2682 5293/3466/178 5282/3467/2683
f 3209/3468/2684 3231/3469/2685 3206/3470/2686 2983/3429/2648
f 4199/112/112 4371/1849/1246 4369/3130/2387 4198/3129/2386
f 5267/3471/2687 2724/326/323 2727/325/322 2718/3472/2688
f 1921/3473/2689 3321/2936/2240 3320/3474/2690 1911/3475/2691
f 2760/3476/2692 2752/3477/2693 2704/3478/2694 2753/3479/2695
f 1894/3159/222 1279/3480/2696 1886/3481/2697 1893/3160/2413
f 3830/3482/2698 3825/3483/2699 3826/3484/2700 3827/2084/1462
f 4402/2399/1761 4401/2109/1484 4408/2112/1487 4415/3485/2701
f 4428/3486/227 1270/3487/226 4443/3488/2702 4446/3489/2703
f 2201/2129/1502 2172/3187/2436 3842/3079/2344 3845/2126/1499
f 1652/3490/2704 1685/3491/2705 1684/3492/2706 1654/3493/2707
f 1719/3494/2708 1667/3495/2709 1666/2661/2002 1718/3496/2710
f 3182/3497/2711 3140/3498/2712 3178/3499/2713 3144/3500/2714
f 5020/2653/1994 5026/3501/2715 1224/1904/1297 1169/2100/1476
f 4510/137/137 5043/3502/2716 5046/3503/2717 4509/138/138
f 2047/3289/362 2073/3433/2652 2072/3109/2370 2071/3112/362
f 4769/2600/1942 4779/2599/1941 4778/3504/2718 4794/3505/2719
f 2219/3506/2720 2233/3507/2721 2232/3508/2722 2226/3509/2723
f 2155/2074/1452 2166/2077/1455 2043/3510/2724
f 1774/3511/2725 1775/2325/1689 1773/3512/2726 1772/3340/2578
f 3640/2673/2014 3641/2672/2013 3639/3513/2727 3638/3514/2728
f 4632/3515/2729 4581/2016/1399 4583/2015/1398 4628/3516/2730
f 2637/3517/2731 2643/3518/2529 2642/3519/2732 2638/3520/2733
f 5157/420/377 5158/419/413 3605/3521/2734 3604/3522/2735
f 4123/3523/2736 4122/109/109 4199/112/112 4198/3129/2386
f 3453/3524/463 3516/3437/2656 3515/3525/2737 3449/3526/2007
f 3634/3527/2738 3633/3528/2739 3628/3529/2740 3623/3200/2449
f 4045/3530/2741 4070/3531/2742 4069/3532/2743 4057/3533/2744
f 1789/250/247 4834/249/246 4836/3313/2552 1614/3534/2745
f 1244/170/170 1232/3225/2470 1233/3268/2511 1241/171/171
f 4064/2961/2260 4030/3319/2558 4032/3535/2746 4052/3536/2747
f 1658/132/132 3972/1826/1223 3973/3231/2474 1682/133/133
f 4354/2220/1586 4367/2219/225 4366/3537/224 4352/3538/2748
f 2902/3539/2749 5129/3540/2750 5130/3541/2751 2903/3542/2752
f 2487/2343/1707 2514/2302/1666 2521/2303/1667 2489/2427/1786
f 2534/3543/2753 2537/3544/2754 2511/3545/2755 2509/3546/2756
f 3502/2044/1424 3510/3547/2757 3514/3548/2758 3512/3549/2759
f 3406/3550/2760 2730/3108/2369 2729/244/241
f 3036/3551/2761 3099/3552/2762 3044/3553/2763
f 2530/2748/2084 2541/3418/2642 2540/3554/2764 2528/3555/2765
f 3584/3556/1933 5153/2152/1523 5155/2155/1526 3594/3557/2766
f 2767/3558/2767 2686/3559/2768 2752/3477/2693 2760/3476/2692
f 4868/3560/2769 4869/3561/2770 1724/3562/2771 1723/3563/2772
f 2742/3564/2773 5212/3565/2774 5217/3566/2775
f 2763/2708/2047 2764/3237/2480 2338/3240/2483 2336/3567/2776
f 3494/2786/2116 3474/3568/2777 3491/3569/2778 3492/2787/2117
f 3049/3570/2779 3023/141/141 3078/3571/2780 3048/3572/2781
f 1878/3573/2782 1879/3317/2556 1872/2907/2219 1870/3574/2783
f 1744/1850/1247 4847/1853/1250 1605/3575/2784 4882/3576/280
f 4209/2377/1740 4227/2376/1739 4210/2679/2018 4211/3299/2539
f 2879/3577/2785 5125/3578/2786 5129/3540/2750 2902/3539/2749
f 5196/25/25 5189/3376/2614 5191/222/219 5198/3227/2471
f 2884/3579/2787 2847/3580/2788 5129/3540/2750 5125/3578/2786
f 3808/2081/1459 3827/2084/1462 3826/3484/2700 3810/3581/2789
f 3965/3269/2512 3966/2816/2146 1598/2815/2145 1597/3270/2513
f 4217/2324/1688 4277/3146/2400 1773/3512/2726 1775/2325/1689
f 3839/1845/1242 3841/3582/2790 3843/3189/2438 3840/1842/1239
f 3490/3583/2791 3479/3584/2792 3491/3569/2778 3475/3585/2793
f 4314/2245/1609 3564/3586/1547 3563/3587/2794 4325/2246/1610
f 4887/3588/2795 3962/3589/2796 3961/3590/2797 4886/3591/2798
f 4318/1877/1274 4317/3333/2572 3561/3335/2574 3559/1878/1275
f 3385/3592/178 3384/2946/178 3188/2949/2250 3194/3593/2799
f 4550/2652/1993 4549/2651/1992 4645/3594/2169 4646/3595/2210
f 1956/3596/2800 1967/3597/2801 1999/2540/1890 2042/3598/1777
f 3445/3599/2802 3435/3600/2803 3433/3601/2804 3444/2766/2098
f 1709/3258/2501 1653/3257/2500 1655/3602/2805 1711/3603/2806
f 3163/3120/2377 3170/3604/2807 3169/3605/1507
f 3013/3606/1871 3094/3607/2808 3012/3608/2809
f 1708/3259/2502 1713/3609/2810 1665/2664/2005 1674/3301/2541
f 2340/2611/1953 2341/3610/2811 3685/3611/2812 3684/3612/2813
f 4075/461/453 4073/2238/1602 4072/3613/2814 4074/458/450
f 4489/2409/1771 5035/2408/1770 5032/3614/2815 4488/3615/2816
f 2511/3545/2755 2512/3255/2498 2510/3180/2429 2509/3546/2756
f 1409/3616/2817 1417/3617/2818 1410/3618/2819 1390/3619/2820
f 2022/3620/2821 2023/3621/369 2021/3622/372 2020/3623/2822
f 4880/3624/2823 4868/3560/2769 1723/3563/2772 1722/3625/2824
f 1501/3011/2296 1498/3626/2825 1499/3627/2826 1500/3628/2827
f 2033/3629/2828 2032/3630/344 2026/3631/2829 2028/3632/2830
f 1510/3633/2831 1498/3626/2825 1489/3634/2832 1491/3635/2833
f 4757/3339/2577 4729/3338/1313 3682/3636/1316 4756/3637/2834
f 2814/1228/956 2816/3638/2835 3157/3639/2836 3167/3640/2837
f 3164/3641/2838 3134/3642/2839 3135/2866/2193 3165/3643/2840
f 1689/3644/2841 1688/3645/2842 1625/36/36 1623/35/35
f 1688/3645/2842 1684/3492/2706 1685/3491/2705 1686/3646/2843
f 2136/3647/2844 2137/3648/1585 2135/3173/1584 2134/3174/2425
f 3877/2863/2190 3879/2862/2189 3878/3649/2845 3876/3650/2846
f 2452/3449/2668 2453/3651/2847 2451/2568/1915 2450/2567/1914
f 4080/3652/2848 4033/3653/2849 4060/3221/2467 4059/2309/1673
f 4868/3654/2769 4880/3655/2823 3956/2072/1450 3955/2071/1449
f 1434/3656/2850 1467/3657/2851 1451/21/21 1432/1626/1126
f 4880/3655/2823 1721/3023/2307 3957/3022/2306 3956/2072/1450
f 2901/3658/2852 2848/3659/2853 2817/3660/2854 2815/1227/955
f 2418/3661/2855 5205/3662/2856 2403/3663/2857 2405/3664/2858
f 4242/3665/2859 4222/47/47 5154/3666/2860
f 4164/1627/1127 4163/24/24 1619/3667/2861 1621/3668/2862
f 4626/3669/2863 4605/1818/1215 4603/3337/2576 4620/3670/2864
f 4288/393/387 4205/3671/2865 4283/3672/2866 4206/3673/2867
f 5026/3501/2715 5020/2653/1994 4494/270/267 4501/467/459
f 4762/2086/1464 4761/2085/1463 4728/3674/2355 4731/2372/1735
f 1667/3495/2709 1676/3675/2868 1664/2662/2003 1666/2661/2002
f 2535/3676/2869 2538/3677/2870 2537/3544/2754 2534/3543/2753
f 4303/3678/2871 4225/3679/2872 4298/3680/2873 1354/3681/1773
f 3137/3682/2874 3161/3683/2875 3171/3684/2876 3165/3643/2840
f 3569/3685/2877 3570/3686/2036 3571/3687/2035 3572/3688/2015
f 3919/3689/2878 3923/2505/1861 3915/3690/2879 3908/3691/2880
f 3108/3692/2881 3109/3693/2882 3061/2618/1960 3063/2617/1959
f 4126/3694/2883 4368/3695/2528 4360/3696/2532
f 4009/3697/2884 4010/3698/2885 4011/1747/1168 4002/1746/1167
f 2313/3699/2886 2315/3700/2331 4719/3701/2887 2312/3702/2888
f 3642/3703/2889 3648/365/360 3530/3704/2890
f 3410/3705/1874 3427/3706/1873 3412/1841/1238 3409/3707/2891
f 4218/2323/1687 4235/342/339 4216/3708/2892 4236/3709/2893
f 3330/3710/362 3331/3711/362 3074/3712/2894 3095/3713/2895
f 1901/3444/2663 5061/3714/2896 5074/3445/2664
f 1379/3715/2897 1378/2640/1981 1377/3716/2898 1358/3717/2899
f 2385/3718/2900 2388/3719/2901 5241/3720/2902 5237/1972/1363
f 2744/3721/2903 2733/2594/1938 2755/2593/1937 4431/3722/2904
f 2521/2303/1667 2516/123/123 2517/3181/2430 2520/3723/2905
f 3248/3311/2551 3247/3724/2906 3235/3725/2907 3285/3726/2908
f 3258/3727/2909 3257/2185/1556 3302/3728/2910 3297/3729/2911
f 2913/3730/2912 2922/3731/2913 2867/3732/2914 2866/3733/2915
f 4261/3343/2581 4275/3342/2580 4274/3166/2419 4276/3734/2916
f 3290/3735/2917 3286/3736/2918 3291/3737/2919 3239/3738/2920
f 3235/3725/2907 3247/3724/2906 3225/3739/2921 3224/3740/2922
f 4538/3741/1522 4544/3742/2923 4479/3743/2322 4472/3744/2321
f 3214/3745/2924 2824/3746/2925 3230/3747/2926
f 1654/3493/2707 1653/3257/2500 1651/3260/2503 1652/3490/2704
f 1720/3748/2927 1722/3749/2824 4877/3750/2928 4832/3751/255
f 2399/3752/2929 2395/3753/2930 2392/3453/2672 2401/3754/2931
f 3300/3755/2932 5146/3756/2933 5147/3757/2934 3301/3758/2935
f 5187/3759/2936 2386/3760/2937 2439/1956/1347 2438/1955/1346
f 1386/3761/2938 1362/3762/2939 1385/3763/2940 1384/3764/2941
f 1401/3765/2942 1395/96/96 1394/3766/2943 1393/3767/2944
f 3484/2759/2093 3370/3768/178 3369/3769/178
f 4427/2239/1603 4428/3486/227 4446/3489/2703 4445/2240/1604
f 1403/3770/2945 1402/3771/2946 1806/3772/2947 1803/3359/2597
f 4027/3773/2948 1759/3774/2949 1781/3775/2950 4054/3776/2951
f 2697/391/385 2669/3777/2952 2671/335/332
f 2236/3778/2953 3870/2027/1410 2256/308/305 2234/307/304
f 4086/2690/2029 4087/2236/1600 4099/3779/2954 4111/2687/2026
f 1872/2907/2219 1873/2906/2218 1871/3780/2955 1870/3574/2783
f 2281/3170/2422 2282/3169/2421 2278/3278/2521 2277/3781/2956
f 3829/3782/2957 3832/3783/2958 3831/3401/2637 3828/3784/2959
f 1416/2115/1490 1414/3785/2960 1415/3786/2961 1407/2116/1491
f 1527/204/201 4186/203/200 1569/3787/2962 1529/3788/2963
f 2467/3789/2964 2466/3790/2965 2476/55/55 2579/1744/1165
f 2183/3791/2966 2193/3792/2967 2571/1843/1240 3840/1842/1239
f 5178/3127/2384 1797/253/250 1753/464/456 5181/3793/2968
f 3654/3794/2969 3532/3795/2970 3647/364/359 3653/363/358
f 4215/1875/1272 4281/3796/2971 4282/3797/2972 4205/3671/2865
f 2754/3798/2973 2705/3389/2627 2673/2158/1529 2681/3381/2619
f 3606/3799/2974 3555/3800/1387 3557/1927/1318 3608/1926/1317
f 5325/3801/178 2996/3802/2975 2997/3803/2976 5326/3804/178
f 1576/3805/2977 1577/3247/2490 1563/3250/2493 1565/3806/2978
f 5276/2604/1946 5273/3807/2979 2698/3808/2980 2700/2605/1947
f 3050/2577/1924 3068/3809/2981 3067/3810/2982 3066/3811/2983
f 4048/2037/1420 4046/3812/2984 4047/3813/2985 4082/3814/2986
f 4352/3538/2748 4366/3537/224 4365/3815/1592 4364/3816/2987
f 3910/3817/2988 3911/3818/2989 3925/3819/2990 3926/3820/2991
f 1195/3267/2510 1242/2124/1497 1241/171/171 1233/3268/2511
f 1394/3766/2943 1420/2114/1489 1419/2117/1492 1411/3821/2992
f 1401/3765/2942 1418/3822/2993 1402/3771/2946 1403/3770/2945
f 2650/3823/2994 2654/2148/1519 2649/2149/1520 2648/3824/2995
f 1557/1812/1209 1555/1811/1208 1554/3825/2996 1556/3826/2997
f 4767/3827/2998 3682/1925/1316 4745/1924/1315 3680/3828/2999
f 840/1732/724 549/1622/838 583/1629/842 850/1315/753
f 1890/3829/3000 1882/2213/1582 1287/2212/1581 1284/3830/3001
f 2777/3831/3002 3309/3832/3003 3102/3833/3004 3308/3834/3005
f 1525/2450/1809 1524/3835/3006 4049/3836/3007 4067/3837/3008
f 3093/1864/1261 2931/3838/3009 2939/3839/3010 3098/1865/1262
f 3484/2759/2093 3368/3840/178 5260/3841/178 3450/3842/3011
f 5260/3843/178 5262/3844/178 3529/3845/3012 2689/3846/3013
f 2731/3847/3014 3408/2957/2256 3431/3848/3015
f 1206/2795/2125 1208/3849/3016 1216/340/337 1215/339/336
f 1702/2492/1848 1701/2495/1851 1692/3254/2497 1694/3253/2496
f 3034/3850/3017 3077/3851/3018 3020/3852/3019 3019/3853/3020
f 2464/2513/1867 2465/3854/3021 3835/3855/3022 3837/3856/3023
f 3784/223/220 3779/3857/3024 3777/2805/2135 3776/224/221
f 3606/3799/2974 3541/3858/3025 3543/3859/3026 3555/3800/1387
f 3773/3860/3027 3766/211/208 3768/210/207 3779/3857/3024
f 2115/3100/2361 4500/261/258 4501/467/459 2114/466/458
f 3916/3071/2336 3915/3690/2879 3913/2508/1864 3914/3861/3028
f 3902/3069/2334 3899/3068/2333 3892/2394/1756 3898/3862/3029
f 3770/2802/2132 3777/2805/2135 3779/3857/3024 3768/210/207
f 4333/3863/3030 3556/3864/1388 3554/3865/3031 4334/3866/3032
f 4909/2054/1432 4201/3182/2431 4200/3867/3033 4910/2055/1433
f 3338/242/239 2777/3831/3002 3308/3834/3005 2776/3868/3034
f 4404/1302/972 4405/3451/2670 4421/3869/3035 4423/2646/1987
f 1776/3870/3036 1840/3320/2559 1841/2733/2070 1778/3871/3037
f 1854/3872/3038 4129/3076/2341 1875/2444/1803 1851/2445/1804
f 4324/3345/2583 4330/3873/3039 4329/3874/3040 4322/3875/3041
f 1348/3876/3042 4322/3875/3041 4329/3874/3040 1346/2510/1865
f 4334/3866/3032 4339/3877/3043 4338/2370/1733 4336/2369/1732
f 2586/1745/1166 2478/54/54 2480/2777/2107 2585/2776/2106
f 2951/1917/163 5106/1916/1308 5105/1688/853 2949/1687/1147
f 4443/3488/2702 1267/2809/2139 1268/2293/1657 4438/2367/1730
f 4094/3878/3044 4093/3879/3045 4092/3880/3046 4091/3881/3047
f 2054/3882/3048 2066/3883/3049 3948/3884/3050 3897/3134/2391
f 4636/3885/1521 4642/3886/3051 4544/3742/2923 4538/3741/1522
f 2819/3887/3052 3177/3888/3053 3157/3639/2836 2816/3638/2835
f 1656/379/373 1638/382/376 1640/3889/3054 1655/3602/2805
f 1582/3890/3055 1580/3891/3056 3968/3892/3057 3974/1967/1358
f 2932/3893/3058 2933/3894/3059 2873/3895/3060 2875/3896/3061
f 1765/3897/3062 4849/3898/3063 4850/155/155 1770/154/154
f 1959/3899/1628 1957/3900/1627 3350/2416/1775 3348/3901/3064
f 3581/3457/2676 1367/3902/3065 1373/3903/3066 3590/3904/1524
f 3799/3078/2343 2621/1708/1151 2623/1707/1150 3798/1835/1232
f 2982/3432/2651 5096/3431/2650 5115/3905/3067 2979/3906/3068
f 982/637/591 461/636/590 463/647/601 407/646/600
f 2545/3907/3069 2544/2161/1532 2550/2160/1531 2551/2242/1606
f 3528/3908/3070 3611/1804/1203 3614/3089/2351 3522/3909/3071
f 2660/2628/1969 5270/3464/2681 5282/3467/2683 5285/3910/3072
f 3747/3911/3073 3735/2229/1593 3736/3912/3074 3749/3913/3075
f 1492/3914/3076 1500/3628/2827 1504/1490/1070 1503/1827/1224
f 1509/3915/3077 1486/3916/3078 1484/3917/3079 1508/3918/3080
f 2528/3555/2765 2540/3554/2764 2532/3919/3081 2526/3920/3082
f 2628/3921/3083 2626/2845/2173 2636/5/5 2633/3922/3084
f 4051/3923/3085 4068/3924/3086 4067/3837/3008 4049/3836/3007
f 3071/2121/1494 3352/2120/362 3327/3140/362 3018/3143/2398
f 3252/3925/3087 5134/3926/3088 5147/3757/2934 3271/3927/3089
f 1579/3928/3090 3969/3929/3091 3968/3892/3057 1580/3891/3056
f 4814/2830/2160 4809/2829/2159 4815/3930/3092 4816/3378/2616
f 2360/3931/3093 2350/3932/3094 2760/3476/2692 2753/3479/2695
f 2332/2447/1806 2355/3933/3095 2747/2591/1935 2676/2448/1807
f 1687/380/374 1689/3644/2841 1639/3934/3096 1644/381/375
f 5244/3935/3097 2447/2615/1957 2378/2614/1956 5194/3228/2472
f 3580/159/159 3582/3936/3098 3584/2589/1933 3583/2588/1932
f 3148/3937/3099 3147/3938/3100 3142/405/399 3143/3939/3101
f 5265/3436/2655 5256/3940/3102 3515/3525/2737 3516/3437/2656
f 1933/3941/3103 1935/3942/3104 1937/3943/3105 1941/3944/3106
f 4628/3516/2730 4583/2015/1398 4589/3175/2426 4629/3945/3107
f 1941/3944/3106 1937/3943/3105 1939/273/270 1940/272/269
f 2253/3946/3108 2255/3947/3109 2254/3948/3110 2252/3949/3111
f 4436/1981/1372 4442/2833/2163 4441/2832/2162 4437/1982/1373
f 2952/14/14 5317/3950/1898 5309/3951/1899 2950/15/15
f 4099/3779/2954 4110/3952/3112 4104/2566/1913 4111/2687/2026
f 3973/3231/2474 3971/3230/2473 3966/2816/2146 3965/3269/2512
f 5281/3953/3113 5273/3954/2979 2985/3955/3114 2988/3956/3115
f 5030/263/260 5027/3957/3116 1227/3244/2487 1226/3958/3117
f 4268/3207/2455 4269/3420/2644 4253/3423/2647 4251/3208/2456
f 4711/3959/3118 4952/3960/3119 4954/3961/3120 4710/3962/3121
f 4952/3960/3119 4955/3325/2564 2344/3328/2567 2342/3963/3122
f 2500/3964/3123 2477/56/56 2468/3965/3124 2501/3966/3125
f 1155/3967/3126 5019/2560/1907 5032/3614/2815
f 1849/3968/3127 1850/3969/3128 1909/3970/3129 1908/3971/3130
f 2356/3972/3131 2633/3922/3084 2354/3973/3132
f 4493/271/268 5033/2654/1995 5014/3974/3133
f 5014/3974/3133 4495/3975/3134 4493/271/268
f 3650/3976/3135 3649/3977/3136 3603/3978/3137 3602/3979/3138
f 1895/2537/1887 1926/3980/3139 1921/3473/2689 1910/3981/3140
f 1161/2744/2080 5034/3982/3141 5017/3983/3142
f 1161/2744/2080 5017/3983/3142 5021/2557/1904
f 1165/2532/1882 1182/3984/3143 1163/3985/1192
f 1163/3985/1192 1182/3984/3143 1183/3986/3144
f 1163/3985/1192 1183/3986/3144 1184/2742/2078
f 1207/3987/2242 1205/3988/2241 3489/3989/2415 3464/3990/2414
f 1179/3991/3145 5028/62/62 5016/61/61
f 1179/3991/3145 5016/61/61 5025/3992/3146
f 1184/2742/2078 2749/3993/3147 1163/3985/1192
f 4164/1627/1127 1621/3668/2862 3950/20/20 4173/3994/3148
f 3840/1842/1239 3843/3189/2438 3844/3188/2437 2183/3791/2966
f 1206/2795/2125 1207/2938/2242 1208/3849/3016
f 1208/3849/3016 1207/2938/2242 1209/3995/3149
f 1208/3849/3016 1209/3995/3149 1210/3996/3150
f 1210/3996/3150 1209/3995/3149 1211/3997/3151
f 1210/3996/3150 1211/3997/3151 1192/3998/2181
f 5044/2122/1495 5045/3999/3152 4511/1889/1283 4508/4000/3153
f 3722/1832/1229 2369/3327/2566 2374/4001/3154 3721/4002/3155
f 1883/4003/3156 1889/4004/3157 1888/3315/2554 1884/3314/2553
f 1244/170/170 1245/4005/1505 1231/3226/2383 1232/3225/2470
f 3476/2131/1504 1231/3126/2383 1245/2132/1505
f 1242/2124/1497 1195/3267/2510 1240/2125/1498
f 1566/4006/1187 1568/4007/1377 1567/4008/3158 1565/3806/2978
f 4428/230/227 4427/4009/1603 2139/4010/3159 2141/231/228
f 1266/4011/2140 1270/229/226 1271/4012/3160
f 1271/4012/3160 1270/229/226 1272/232/229
f 1271/4012/3160 1247/4013/2137 1266/4011/2140
f 1273/4014/3161 1274/4015/1176 1275/4016/1175
f 1276/4017/1128 1277/4018/3162 1278/4019/1129
f 1278/4019/1129 1277/4018/3162 1279/4020/2696
f 1275/4016/1175 1279/4020/2696 1273/4014/3161
f 1273/4014/3161 1279/4020/2696 1277/4018/3162
f 777/1185/925 715/1184/924 530/2774/1143 528/1651/1002
f 3416/4021/3163 3417/4022/3164 3415/2351/1715 3414/1838/1235
f 1290/4023/3165 5067/2629/1970 5072/4024/3166
f 1290/4023/3165 5085/4025/3167 1292/4026/3168
f 1292/4026/3168 5085/4025/3167 5086/2163/1534
f 1292/4026/3168 5086/2163/1534 5073/2162/1533
f 1290/4023/3165 5077/4027/3169 5082/2630/1971
f 1833/4028/3170 1831/4029/3171 1845/4030/3172 1844/4031/3173
f 4793/4032/1991 4827/4033/3174 4819/4034/3175
f 4819/4034/3175 4827/4033/3174 4826/4035/3176
f 4819/4034/3175 4826/4035/3176 4821/4036/3177
f 4821/4036/3177 4826/4035/3176 4824/2328/1692
f 4821/4036/3177 4824/2328/1692 4822/3002/2287
f 4118/110/110 4119/4037/3178 1465/4038/3179 1426/4039/3180
f 5322/4040/308 2967/4041/3181 2965/4042/3182 5314/4043/309
f 2397/3117/2374 2391/3454/2673 2390/1970/1361 2389/1973/1364
f 4792/2089/1467 4818/2487/1844 4817/4044/3183
f 4333/3863/3030 4334/3866/3032 4336/2369/1732 4332/4045/3184
f 3609/1803/1202 3607/1802/1201 3606/3799/2974 3608/1926/1317
f 1337/3051/178 1339/4046/178 1340/1492/1072
f 1340/1492/1072 1339/4046/178 1341/4047/178
f 1340/1492/1072 1341/4047/178 1342/4048/3185
f 1342/4048/3185 1341/4047/178 1343/2512/178
f 1342/4048/3185 1343/2512/178 1344/2511/1866
f 1346/2510/1865 1345/2509/178 1347/4049/178
f 1346/2510/1865 1347/4049/178 1348/3876/3042
f 1348/3876/3042 1347/4049/178 1349/4050/178
f 1348/3876/3042 1349/4050/178 1350/356/178
f 1351/4051/3186 1352/4052/3187 1348/3876/3042
f 1357/4053/1198 1356/2720/2057 1358/3717/2899
f 1358/3717/2899 1356/2720/2057 1330/2719/178
f 1358/3717/2899 1360/4054/3188 1357/4053/1198
f 1357/4053/1198 1360/4054/3188 1361/4055/3189
f 1357/1799/1198 1361/4056/3189 1362/3762/2939
f 1363/3132/2389 4375/3131/2388 1364/4057/3190
f 1364/4057/3190 4375/3131/2388 1365/4058/3191
f 2982/3432/2651 5278/4059/1821 5286/4060/3192 2983/3429/2648
f 1367/3902/3065 1368/4061/3193 1335/4062/178
f 1335/4062/178 1368/4061/3193 1369/3059/2324
f 1350/356/178 1371/355/352 1348/3876/3042
f 1348/3876/3042 1371/355/352 1372/4063/3194
f 1348/3876/3042 1372/4063/3194 1351/4051/3186
f 1373/3903/3066 1367/3902/3065 1355/4064/3195
f 2176/4065/1300 2249/4066/1299 2248/4067/3196 2247/4068/3197
f 4301/1798/1197 4299/4069/3198 1356/4070/2057 1357/1799/1198
f 2443/4071/1095 2436/4072/3199 2430/4073/3200 2427/4074/3201
f 1380/4075/3202 1360/4054/3188 1377/3716/2898
f 1385/3763/2940 1362/3762/2939 1361/4056/3189
f 4005/1748/1169 1544/3265/2508 1548/4076/3203 4004/1749/1170
f 1384/3764/2941 1391/4077/3204 1386/3761/2938
f 1383/4078/3205 1393/3767/2944 1374/4079/1828
f 1405/4080/3206 1414/3785/2960 1413/4081/3207
f 1374/4079/1828 1393/3767/2944 1381/4082/1829
f 1396/95/95 1397/94/94 1398/4083/3208
f 1783/4084/3209 4053/4085/3210 4054/3776/2951 1781/3775/2950
f 1404/3357/2595 1405/4080/3206 1406/1978/1369
f 1407/2116/1491 1404/3357/2595 1408/3356/2594
f 2721/336/333 2671/335/332 5266/4086/3211 2718/3472/2688
f 1381/4082/1829 1411/3821/2992 1391/4077/3204
f 1412/4087/3212 1398/4083/3208 1400/4088/3213
f 1412/4087/3212 1413/4081/3207 1414/3785/2960
f 4300/1800/1199 4295/3358/2596 4286/1797/1196
f 1405/4080/3206 1404/3357/2595 1415/3786/2961
f 1415/3786/2961 1404/3357/2595 1407/2116/1491
f 2589/4089/3214 2600/4090/3215 2591/3274/2517 2590/4091/3216
f 1414/3785/2960 1416/2115/1490 1412/4087/3212
f 1390/3619/2820 1410/3618/2819 1383/4078/3205
f 1383/4078/3205 1410/3618/2819 1392/4092/3217
f 1421/4093/3218 1417/3617/2818 1409/3616/2817
f 1419/2117/1492 1391/4077/3204 1411/3821/2992
f 1390/4094/2820 1422/4095/3219 1409/4096/2817
f 2823/3006/2291 2822/4097/3220 2824/3746/2925 2825/3185/2434
f 1421/4098/3218 1423/2979/2271 1424/2978/2270
f 1421/4093/3218 1424/4099/2270 1425/4100/3221
f 1426/4101/3180 1427/4102/1226 1428/4103/3222
f 1430/4104/2126 1429/2977/2269 1431/2976/2127
f 1432/1626/1126 1433/4105/3223 1434/3656/2850
f 1434/3656/2850 1433/4105/3223 1435/4106/3224
f 1434/3656/2850 1435/4106/3224 1436/4107/3225
f 1436/4107/3225 1435/4106/3224 1437/4108/3226
f 1436/4107/3225 1437/4108/3226 1438/4109/3227
f 1439/4110/3228 1440/4111/3229 1441/4112/3230
f 1436/4107/3225 1438/4109/3227 1442/4113/3231
f 1443/4114/3232 1444/4115/3233 1445/4116/3234
f 1446/4117/3235 1447/4118/3236 1440/4111/3229
f 1448/4119/3237 1449/3001/2286 1450/4120/3238
f 1453/2544/1893 1454/2543/1227 1455/3017/2302
f 1455/3017/2302 1454/2543/1227 1456/3014/2299
f 3398/3095/2356 3339/4121/3239 3340/4122/3240 3397/3096/2357
f 1459/4123/3241 1460/4124/3242 1449/3001/2286
f 1449/3001/2286 1460/4124/3242 1461/4125/3243
f 1449/3001/2286 1461/4125/3243 1462/4126/3244
f 1448/4119/3237 1463/4127/3245 1449/3001/2286
f 1449/3001/2286 1463/4127/3245 1464/4128/3246
f 1449/3001/2286 1464/4128/3246 1459/4123/3241
f 1426/4101/3180 1465/4129/3179 1427/4102/1226
f 1427/4102/1226 1465/4129/3179 1466/4130/3247
f 1427/4102/1226 1466/4130/3247 1444/4115/3233
f 2075/4131/3248 2074/4132/3249 3889/4133/3250 3429/4134/3251
f 1451/21/21 1467/3657/2851 1452/4135/3252
f 1468/4136/3253 1469/4137/3254 1444/4115/3233
f 1444/4115/3233 1469/4137/3254 1470/4138/3255
f 1444/4115/3233 1470/4138/3255 1445/4116/3234
f 1439/4110/3228 1471/4139/3256 1440/4111/3229
f 1440/4111/3229 1471/4139/3256 1472/4140/3257
f 1440/4111/3229 1472/4140/3257 1446/4117/3235
f 1447/4118/3236 1473/4141/3258 1440/4111/3229
f 1440/4111/3229 1473/4141/3258 1474/4142/3259
f 3185/4143/3260 3149/4144/3261 3378/4145/178 3379/4146/178
f 1458/2545/1894 1475/4147/3262 1457/2546/1895
f 1442/4113/3231 1476/4148/3263 1436/4107/3225
f 1436/4107/3225 1476/4148/3263 1477/4149/3264
f 1436/4107/3225 1477/4149/3264 1444/4115/3233
f 1444/4115/3233 1477/4149/3264 1478/4150/3265
f 1444/4115/3233 1478/4150/3265 1468/4136/3253
f 1443/4114/3232 1456/3014/2299 1444/4115/3233
f 1444/4115/3233 1456/3014/2299 1454/2543/1227
f 1444/4115/3233 1454/2543/1227 1427/4102/1226
f 4140/4151/3266 4137/4152/3267 4141/4153/3268 4142/4154/3269
f 4150/4155/3270 4153/4156/3271 4152/4157/3272 4145/4158/3273
f 1495/4159/3274 1484/3917/3079 1483/4160/3275 1482/4161/3276
f 2222/4162/3277 2223/4163/3278 2221/4164/3279 2210/4165/3280
f 1459/4166/3241 4143/4167/3281 4144/4168/3282 1460/4169/3242
f 1500/3628/2827 1499/3627/2826 1505/1491/1071 1504/1490/1070
f 3826/3484/2700 3825/3483/2699 3823/4170/3283 3824/4171/3284
f 2015/4172/3285 2028/3632/2830 2029/2438/1797 2013/4173/3286
f 1457/4174/1895 1492/3914/3076 1503/1827/1224 1454/1830/1227
f 1508/3918/3080 1484/3917/3079 1495/4159/3274 1507/2535/1885
f 4379/4175/3287 4374/1847/1244 1423/4176/2271 1422/4177/3219
f 4146/2791/2121 4129/3076/2341 1854/3872/3038 4019/4178/3288
f 1479/4179/3289 1481/4180/3290 1472/4181/3257 1471/4182/3256
f 1502/3012/2297 1475/4183/3262 1474/4184/3259 1496/3013/2298
f 4355/1856/1253 4356/1661/1130 4354/2220/1586 4353/1854/1251
f 1515/168/168 1506/167/167 1516/4185/3291
f 1516/4185/3291 1506/167/167 1511/4186/3292
f 1516/4185/3291 1511/4186/3292 1517/4187/3293
f 1517/4187/3293 1511/4186/3292 1510/3633/2831
f 1517/4187/3293 1510/3633/2831 1518/4188/3294
f 1518/4188/3294 1510/3633/2831 1491/3635/2833
f 1518/4188/3294 1491/3635/2833 1519/4189/3295
f 1490/4190/3296 1519/4189/3295 1491/3635/2833
f 1520/4191/3297 1490/4190/3296 1509/3915/3077
f 1520/4191/3297 1509/3915/3077 1521/4192/3298
f 1521/4192/3298 1509/3915/3077 1508/3918/3080
f 1985/4193/3299 1994/4194/3300 1975/2464/1823 1972/4195/3301
f 1526/4196/3302 1527/204/201 1528/4197/3303
f 1528/4197/3303 1527/204/201 1529/3788/2963
f 1534/4198/3304 1533/193/190 1535/2138/1510
f 1534/4198/3304 1535/2138/1510 1536/4199/3305
f 1526/4196/3302 1537/4200/3306 1524/3835/3006
f 1524/3835/3006 1537/4200/3306 1538/2140/1512
f 1524/3835/3006 1538/2140/1512 1539/4201/3307
f 1539/4201/3307 1538/2140/1512 1540/2139/1511
f 1544/3265/2508 1545/3264/2507 1546/4202/3308
f 1546/4202/3308 1545/3264/2507 1547/4203/3309
f 1535/2138/1510 1548/4076/3203 1536/4199/3305
f 1536/4199/3305 1548/4076/3203 1544/3265/2508
f 3554/4204/3031 3543/4205/3026 3542/4206/3310 3553/4207/3311
f 1551/4208/3312 1550/4209/3313 1549/4210/3314 1546/4202/3308
f 1705/4211/3315 1706/2997/2282 4012/4212/3316 4008/4213/3317
f 2571/4214/1240 2573/2980/2272 2572/2752/2087 2570/2751/1241
f 4629/3945/3107 4589/3175/2426 4588/74/74 4640/4215/3318
f 2577/4216/3319 2578/4217/3320 2576/2405/1767 2575/2404/1766
f 2583/4218/3321 2582/4219/3322 2574/2403/1765 2584/2402/1764
f 2624/2844/2172 2622/101/101 2634/104/104 2635/6/6
f 2260/4220/3323 2239/1874/1271 2241/1669/1138 2261/3351/2589
f 1572/3248/2491 1577/3247/2490 1578/4221/3324 1570/4222/3325
f 2582/4219/3322 2581/2749/2085 2572/2752/2087 2574/2403/1765
f 1579/3928/3090 1580/3891/3056 1581/4223/3326
f 1581/4223/3326 1580/3891/3056 1582/3890/3055
f 1581/4223/3326 1582/3890/3055 1583/4224/3327
f 1583/4224/3327 1582/3890/3055 1575/4225/3328
f 1583/4224/3327 1575/4225/3328 1568/1986/1377
f 1568/1986/1377 1575/4225/3328 1567/4226/3158
f 1583/4224/3327 1568/1986/1377 1584/1985/1376
f 1559/4227/3329 1558/4228/3330 1585/4229/3331
f 1585/4229/3331 1558/4228/3330 1573/4230/3332
f 1585/4229/3331 1573/4230/3332 1582/3890/3055
f 1582/3890/3055 1573/4230/3332 1575/4225/3328
f 1794/4231/3333 1792/4232/3334 4101/4233/3335 4110/3952/3112
f 4061/4234/3336 4036/2800/2130 4037/2799/2129 4038/2452/1811
f 1592/4235/3337 1591/4236/3338 1593/3281/2524
f 1592/4235/3337 1593/3281/2524 1594/3271/2514
f 4774/4237/3339 4775/4238/3340 4555/4239/3341 4652/4240/3342
f 1594/3271/2514 1597/3270/2513 1592/4235/3337
f 1589/4241/3343 1601/3282/2525 1593/3281/2524
f 1589/4241/3343 1593/3281/2524 1591/4236/3338
f 1603/4242/3344 1590/3458/2677 1599/3461/2680
f 1584/1985/1376 1599/3461/2680 1600/3460/2679
f 1604/281/278 4843/280/277 1586/1938/1329
f 1586/1938/1329 4843/280/277 4844/2283/1647
f 1586/1938/1329 4844/2283/1647 1587/1939/1330
f 1587/1939/1330 4844/2283/1647 4854/2282/1646
f 1587/1939/1330 4854/2282/1646 1601/3282/2525
f 1608/2051/1429 1609/3283/2526 1610/2052/1430
f 1610/2052/1430 1609/3283/2526 1611/2205/1574
f 4854/2282/1646 4841/2761/2094 1601/3282/2525
f 1601/3282/2525 4841/2761/2094 4839/4243/3345
f 4839/4243/3345 4840/4244/3346 1601/3282/2525
f 1601/3282/2525 4840/4244/3346 1615/4245/3347
f 1601/3282/2525 1615/4245/3347 1609/3283/2526
f 1609/3283/2526 1615/4245/3347 1616/2206/1575
f 1609/3283/2526 1616/2206/1575 1611/2205/1574
f 1609/3283/2526 1608/2051/1429 1617/4246/3348
f 1617/4246/3348 1608/2051/1429 1618/4247/3349
f 1617/4246/3348 1618/4247/3349 1619/3667/2861
f 1619/3667/2861 1618/4247/3349 4830/4248/3350
f 1619/3667/2861 4830/4248/3350 1621/3668/2862
f 2007/4249/3351 2000/4250/3352 1995/4251/3353 2003/475/467
f 1628/4252/3354 1627/4253/3355 1629/3280/2523
f 1628/4252/3354 1629/3280/2523 1630/4254/3356
f 1630/4254/3356 1629/3280/2523 1609/3283/2526
f 1627/4253/3355 1632/4255/3357 1633/4256/3358
f 1627/4253/3355 1633/4256/3358 1629/3280/2523
f 1622/4257/3359 1624/34/34 1637/4258/3360
f 1589/4241/3343 1591/4236/3338 1590/3458/2677 1588/1936/1327
f 4185/1780/1190 1599/3461/2680 1584/1985/1376
f 1638/382/376 1639/3934/3096 1640/3889/3054
f 1640/3889/3054 1639/3934/3096 1631/4259/3361
f 1640/3889/3054 1631/4259/3361 1641/4260/1849
f 1641/4260/1849 1631/4259/3361 1642/4261/3362
f 1641/4260/1849 1642/4261/3362 1643/4262/1850
f 1638/382/376 1644/381/375 1639/3934/3096
f 1642/4261/3362 1631/4259/3361 1622/4257/3359
f 1645/4263/3363 1640/3889/3054 1641/4260/1849
f 1640/3889/3054 1645/4263/3363 1646/4264/3364
f 1646/4264/3364 1645/4263/3363 1647/4265/3365
f 1646/4264/3364 1647/4265/3365 1648/4266/3366
f 1657/4267/3367 1658/132/132 1659/4268/3368
f 1659/4268/3368 1658/132/132 1650/131/131
f 1659/4268/3368 1650/131/131 1649/3302/2542
f 1657/4267/3367 1659/4268/3368 1660/4269/3369
f 1660/4269/3369 1659/4268/3368 1661/4270/3370
f 4617/4271/3371 4614/217/214 4450/220/217 4453/4272/3372
f 3412/1841/1238 3411/1840/1237 3404/2380/1743 3409/3707/2891
f 5019/2560/1907 4490/2559/1906 4488/3615/2816 5032/3614/2815
f 4552/4273/3373 4649/2297/1661 4551/4274/3374 4650/4275/3375
f 1674/3301/2541 1675/4276/3376 1649/3302/2542
f 1675/4276/3376 1661/4270/3370 1659/4268/3368
f 1675/4276/3376 1659/4268/3368 1649/3302/2542
f 1660/4269/3369 1673/1713/1153 1657/4267/3367
f 2418/3661/2855 2405/3664/2858 2417/4277/3377 2410/4278/3378
f 2692/4279/3379 2669/3777/2952 2697/391/385 2696/4280/3380
f 5304/4281/3381 5231/2613/1955 5232/4282/3382 5303/4283/3383
f 2249/4066/1299 2251/4284/3384 2250/4285/3385 2248/4067/3196
f 242/1113/897 244/1042/867 156/1044/869 153/1509/899
f 4048/2037/1420 1530/1992/1382 1532/1994/1384 4046/3812/2984
f 2791/3032/2312 2661/4286/3386 2783/4287/3387 2790/3033/2313
f 3092/4288/3388 3042/4289/3389 3041/1866/1263 3090/4290/3390
f 1564/4291/1188 1566/4006/1187 1565/3806/2978 1563/3250/2493
f 3151/2564/1911 3181/4292/3391 2802/443/435 2804/2561/1908
f 1331/4293/178 1359/4294/3392 1358/3717/2899 1330/2719/178
f 2261/3351/2589 2263/4295/3393 2262/4296/3394 2260/4220/3323
f 2585/2776/2106 2565/2779/2109 2566/4297/3395 2583/4218/3321
f 2261/3351/2589 2265/3350/2588 2264/4298/3396 2263/4295/3393
f 1865/2525/1877 1436/4299/3225 1864/2193/1564 1863/2192/1563
f 1712/361/356 1711/3603/2806 1646/4264/3364
f 1712/361/356 1646/4264/3364 1648/4266/3366
f 1646/4264/3364 1711/3603/2806 1640/3889/3054
f 1640/3889/3054 1711/3603/2806 1655/3602/2805
f 1798/3128/2385 5178/3127/2384 5181/3793/2968 1796/145/145
f 1712/361/356 1648/4266/3366 1714/362/357
f 1714/362/357 1648/4266/3366 1715/4300/3397
f 1984/4301/3398 1985/4193/3299 1983/3400/2636 1982/3399/2635
f 5240/2616/1958 5238/4302/3399 5200/4303/3400 2378/2614/1956
f 4427/4009/1603 4426/2215/234 2137/2218/1585 2139/4010/3159
f 2359/4304/3401 4765/4305/3402 4764/4306/1266 2361/4307/3403
f 4837/3312/1572 4866/1928/1319 4876/1931/1322
f 3292/4308/3404 5137/4309/3405 5144/4310/3406 3304/4311/3407
f 4853/1941/1332 4871/1940/1331 4878/3155/2409
f 3137/4312/2874 3136/4313/2192 3381/4314/178 3389/4315/178
f 2444/4316/3408 2440/1954/1345 2435/2524/1876 2436/4072/3199
f 4805/2020/1403 4803/4317/3409 4802/4318/3410 4804/3177/2428
f 1741/460/452 4918/4319/3411 1742/398/392
f 1742/398/392 4918/4319/3411 4927/4320/3412
f 1742/398/392 4937/4321/3413 1745/3190/2439
f 1727/4322/3414 4922/4323/3415 4930/4324/3416
f 1750/4325/3417 4950/4326/3418 1749/4327/3419
f 1751/465/457 1752/4328/3420 1753/464/456
f 1754/344/341 1755/343/340 1756/4329/3421
f 1756/4329/3421 1755/343/340 1757/4330/3422
f 1756/4329/3421 1757/4330/3422 1758/4331/3423
f 1729/4332/249 4946/4333/3424 4942/4334/3425 1730/4335/1320
f 4198/3129/2386 4197/4336/3426 4124/99/99 4123/3523/2736
f 4980/4337/3427 2702/4338/3428 2751/4339/3429 4985/4340/3430
f 1763/3191/2440 4931/4341/3431 4921/4342/3432
f 1767/4343/3433 4916/4344/3434 4938/4345/3435
f 1737/4346/2569 4922/4323/3415 4863/4347/2570
f 4930/4324/3416 4867/4348/3436 1727/4322/3414
f 4932/4349/3437 1746/3150/2404 1768/3149/2403
f 4875/4350/3438 4867/4348/3436 4932/4349/3437
f 4846/4351/156 4937/4321/3413 4845/4352/1248
f 1745/3190/2439 4925/4353/3439 4943/4354/3440
f 1745/3190/2439 4943/4354/3440 4912/4355/3441
f 1736/4356/2571 4929/4357/3442 1737/4346/2569
f 1737/4346/2569 4929/4357/3442 4940/4358/3443
f 1737/4346/2569 4940/4358/3443 4938/4345/3435
f 1778/3871/3037 1779/4359/3444 1755/343/340
f 1755/343/340 1779/4359/3444 1780/4360/3445
f 1755/343/340 1780/4360/3445 1757/4330/3422
f 3288/4361/3446 3287/4362/3447 3289/4363/3448 1243/4364/3449
f 1783/4084/3209 4920/4365/3450 4944/4366/3451
f 1783/4084/3209 4944/4366/3451 4926/4367/3452
f 4856/4368/3453 4915/4369/3454 4926/4367/3452
f 1783/4084/3209 4915/4369/3454 4914/4370/3455
f 4914/4370/3455 1788/459/451 1783/4084/3209
f 1788/459/451 4947/4371/3456 4919/4372/3457
f 4919/4372/3457 1741/460/452 1788/459/451
f 1197/3266/2509 1199/120/120 1198/1965/1356 1196/1964/1355
f 1768/3149/2403 4948/4373/3458 4917/4374/3459
f 1768/3149/2403 4917/4374/3459 4932/4349/3437
f 1735/4375/2408 4950/4326/3418 1736/4356/2571
f 1749/4327/3419 4941/4376/3460 4911/4377/3461
f 1749/4327/3419 4911/4377/3461 4935/4378/3462
f 1747/4379/3463 1791/4380/3464 1748/4381/3465
f 1748/4381/3465 1791/4380/3464 1792/4232/3334
f 5025/3992/3146 5031/4382/3466 1158/4383/1349 1179/3991/3145
f 1794/4231/3333 1738/2842/2170 1795/416/410 1793/2504/1860
f 3487/4384/3467 3457/2553/1900 3522/3909/3071 3523/346/343
f 1801/2925/2230 1800/4385/3468 1802/2331/1695
f 1802/2331/1695 1800/4385/3468 1804/144/144
f 4722/4386/2411 4723/4387/2410 5301/2610/1952 5304/4281/3381
f 1799/1893/1286 1801/2925/2230 1807/1894/1287
f 2527/4388/3469 2536/4389/3470 2535/3676/2869 2529/4390/3471
f 1607/4391/1645 1606/4392/1644 1787/4393/3472 1786/4394/3473
f 3750/4395/3474 3754/4396/3475 3755/4397/3476 3756/4398/3477
f 4654/4399/3478 4655/4400/3479 4413/4401/3480 4400/4402/3481
f 3937/4403/3482 3935/4404/3483 1976/2465/1824 1994/4194/3300
f 2629/4405/3484 2627/2780/2110 2626/2845/2173 2628/3921/3083
f 1821/2347/1711 1820/2350/1714 1822/4406/3485
f 1821/2347/1711 1822/4406/3485 1823/4407/3486
f 1823/4407/3486 1822/4406/3485 1824/4408/3487
f 3096/4409/3488 3095/4410/2895 3075/4411/3489
f 1826/277/274 1827/276/273 1828/4412/3490
f 1828/4412/3490 1827/276/273 1829/4413/3491
f 1828/4412/3490 1829/4413/3491 1830/4414/3492
f 1830/4414/3492 1829/4413/3491 1831/4029/3171
f 1830/4414/3492 1831/4029/3171 1832/4415/3493
f 1832/4415/3493 1831/4029/3171 1833/4028/3170
f 1832/4415/3493 1833/4028/3170 1834/4416/3494
f 1834/4416/3494 1833/4028/3170 1835/2731/2068
f 1550/4209/3313 1824/4408/3487 1836/2172/1543
f 1836/2172/1543 1824/4408/3487 1822/4406/3485
f 1821/2347/1711 1823/4407/3486 1838/4417/3495
f 1838/4417/3495 1823/4407/3486 1839/4418/3496
f 1813/39/39 1815/38/38 1840/3320/2559
f 3944/2933/2237 3946/4419/3497 3947/4420/3498 3945/4421/3499
f 1969/4422/3500 1992/2635/1976 1978/2638/1979 1968/4423/3501
f 2459/4424/3502 2461/4425/3503 2601/4426/3504 2611/4427/3505
f 1934/3375/2613 1936/3374/2612 1935/3942/3104 1933/3941/3103
f 1847/279/276 1758/4331/3423 1846/4428/3506
f 1846/4428/3506 1758/4331/3423 1757/4330/3422
f 1846/4428/3506 1757/4330/3422 1845/4030/3172
f 1845/4030/3172 1757/4330/3422 1780/4360/3445
f 1845/4030/3172 1780/4360/3445 1844/4031/3173
f 1844/4031/3173 1780/4360/3445 1779/4359/3444
f 1844/4031/3173 1779/4359/3444 1843/2732/2069
f 1843/2732/2069 1779/4359/3444 1778/3871/3037
f 1843/2732/2069 1778/3871/3037 1841/2733/2070
f 1840/3320/2559 1811/3194/2443 1813/39/39
f 4204/1945/1336 4203/2378/1741 4202/2053/1431 4289/394/388
f 1819/2349/1713 1825/2348/1712 1817/3139/2396
f 1826/277/274 1851/2445/1804 1850/3969/3128
f 1850/3969/3128 1851/2445/1804 1852/1951/1342
f 1850/3969/3128 1852/1951/1342 1853/1950/1341
f 1851/2445/1804 1826/277/274 1854/3872/3038
f 1855/2904/2216 1850/3969/3128 1856/2905/2217
f 1856/2905/2217 1850/3969/3128 1853/1950/1341
f 1874/4429/3507 1867/2526/1878 1863/2192/1563 1868/2195/1566
f 4190/2723/2060 4189/2722/2059 4115/1828/1225 4116/1489/1069
f 1858/1952/1343 1867/2526/1878 1874/4429/3507 1857/1953/1344
f 2678/4430/3508 2696/4280/3380 2679/3366/2604 2680/4431/3509
f 1883/4003/3156 1884/3314/2553 1885/4432/3510 1887/4433/3511
f 2299/401/395 4732/4434/3512 2326/4435/3513 2325/402/396
f 1172/4436/1219 1171/4437/1218 4495/3975/3134 4492/4438/3514
f 1895/2537/1887 1896/4439/3515 1897/4440/3516
f 1897/4440/3516 1896/4439/3515 1898/4441/3517
f 1897/4440/3516 1898/4441/3517 1899/3443/2662
f 1899/3443/2662 1898/4441/3517 1900/4442/3518
f 1899/3443/2662 1900/4442/3518 1901/3444/2663
f 1901/3444/2663 1900/4442/3518 1902/4443/3519
f 1901/3444/2663 1902/4443/3519 1903/4444/3520
f 1903/4444/3520 1902/4443/3519 1904/4445/3521
f 1903/4444/3520 1904/4445/3521 1905/4446/3522
f 1905/4446/3522 1904/4445/3521 1906/4447/3523
f 1905/4446/3522 1906/4447/3523 1907/4448/3524
f 1907/4448/3524 1906/4447/3523 1908/3971/3130
f 1907/4448/3524 1908/3971/3130 1909/3970/3129
f 1910/3981/3140 1896/4439/3515 1895/2537/1887
f 1910/3981/3140 1911/3475/2691 1896/4439/3515
f 1896/4439/3515 1912/4449/3525 1898/4441/3517
f 1898/4441/3517 1912/4449/3525 1913/4450/3526
f 1898/4441/3517 1913/4450/3526 1900/4442/3518
f 1900/4442/3518 1913/4450/3526 1914/4451/3527
f 1900/4442/3518 1914/4451/3527 1902/4443/3519
f 1902/4443/3519 1914/4451/3527 1915/4452/3528
f 1902/4443/3519 1915/4452/3528 1904/4445/3521
f 1904/4445/3521 1915/4452/3528 1916/4453/3529
f 1904/4445/3521 1916/4453/3529 1906/4447/3523
f 1906/4447/3523 1916/4453/3529 1917/4454/3530
f 1906/4447/3523 1917/4454/3530 1908/3971/3130
f 1908/3971/3130 1917/4454/3530 1918/341/338
f 3838/4455/3531 2556/4456/3532 3841/3582/2790 3839/1845/1242
f 1920/2536/1886 1926/3980/3139 1895/2537/1887
f 1910/3981/3140 1921/3473/2689 1911/3475/2691
f 1922/274/271 1923/4457/3533 1924/275/272
f 3586/2847/2175 3585/2846/2174 3598/4458/3534
f 2337/4459/3535 2335/432/424 5234/4460/3536 5231/2613/1955
f 3373/4461/178 3487/4384/3467 3523/346/343 3374/2586/178
f 1932/4462/3537 1934/3375/2613 1933/3941/3103 1931/2739/2075
f 3941/2338/1702 3949/4463/3538 2067/4464/3539 2050/4465/3540
f 2355/3933/3095 2353/2785/2115 2748/4466/3541 2747/2591/1935
f 5104/4467/3542 2849/4468/3543 5120/4469/3544 5152/4470/1558
f 4555/4239/3341 4560/4471/3545 4660/4472/2215 4653/4473/2214
f 1968/4423/3501 1954/4474/3546 1952/4475/3547
f 2659/1795/1194 4429/1794/1193 2748/4466/3541 2353/2785/2115
f 5187/3759/2936 2438/1955/1346 5185/4476/3548 5204/4477/3549
f 4103/4478/3550 4090/4479/3551 4091/3881/3047 4092/3880/3046
f 2782/2475/1832 5272/4480/3552 2687/2627/1968 2663/2626/1967
f 1979/4481/3553 1971/4482/3554 1970/2463/1822
f 2539/4483/3555 2536/4389/3470 2533/4484/3556 2542/4485/3557
f 1991/2636/1977 1984/4301/3398 1982/3399/2635
f 1972/4195/3301 1983/3400/2636 1985/4193/3299
f 1975/2464/1823 1994/4194/3300 1976/2465/1824
f 1969/4422/3500 1993/4486/3558 1992/2635/1976
f 1997/2542/1892 1996/4487/3559 2025/2539/1889
f 3208/4488/3560 3209/3468/2684 5297/4489/362 5279/4490/362
f 2005/2336/1700 2006/2436/1795 2007/4249/3351
f 2007/4249/3351 2006/2436/1795 2000/4250/3352
f 4409/4491/2392 4647/4492/3561 1295/4493/3562 4648/4494/3563
f 5299/4495/178 5293/3466/178 2794/3465/2682 2759/4496/3564
f 1967/4497/2801 1968/4423/3501 1978/2638/1979 5354/4498/3565
f 2009/4499/3566 2010/4500/3567 2011/4501/3568
f 2011/4501/3568 2010/4500/3567 2012/4502/3569
f 1483/4160/3275 1512/4503/3570 1481/4180/3290 1482/4161/3276
f 2024/2439/1798 2000/4250/3352 2006/2436/1795
f 2025/2539/1889 1996/4487/3559 2026/3631/2829
f 1493/202/199 1495/4159/3274 1482/4161/3276 1480/4504/3571
f 2213/4505/3572 2212/4506/3573 2211/4507/3574 2229/4508/3575
f 1986/4509/3576 1979/4481/3553 1980/4510/3577
f 2028/3632/2830 2015/4172/3285 2034/4511/2104 2033/3629/2828
f 2024/2439/1798 2026/3631/2829 1996/4487/3559
f 2024/2439/1798 1996/4487/3559 2000/4250/3352
f 2006/2436/1795 2009/4499/3566 2030/2437/1796
f 2030/2437/1796 2009/4499/3566 2011/4501/3568
f 2013/4173/3286 2029/2438/1797 2030/2437/1796 2011/4501/3568
f 4133/4512/3578 4132/4513/3579 4130/4514/3580 4131/4515/3581
f 2035/4516/3582 2036/4517/3583 2037/4518/3584
f 2037/4518/3584 2036/4517/3583 2038/4519/3585
f 2037/4518/3584 2038/4519/3585 2039/4520/3586
f 2702/4338/3428 2785/4521/3587 2784/3236/2479 2703/3235/2478
f 2040/4522/3588 2041/4523/3589 2020/3623/2822 2018/4524/3590
f 2031/4525/347 2042/3598/1777 2025/2539/1889
f 2035/4516/3582 2012/4502/3569 2010/4500/3567
f 2035/4516/3582 2010/4500/3567 2036/4517/3583
f 2009/4499/3566 2006/2436/1795 2050/4465/3540
f 2051/4526/3591 2052/3220/362 2044/4527/3592
f 4302/4528/3593 1353/4529/1772 1356/4070/2057 4299/4069/3198
f 2057/4530/362 2058/4531/3594 2059/4532/362
f 2059/4532/362 2058/4531/3594 2060/4533/3595
f 2059/4532/362 2060/4533/3595 2061/4534/362
f 2061/4534/362 2060/4533/3595 2062/4535/362
f 2063/4536/362 2062/4535/362 2046/4537/3596
f 2046/4537/3596 2062/4535/362 2060/4533/3595
f 2064/4538/3597 2048/3287/2530 2065/3219/362
f 2066/3883/3049 2009/4499/3566 2067/4464/3539
f 2067/4464/3539 2009/4499/3566 2050/4465/3540
f 2073/3433/2652 2047/3289/362 2049/3288/2531
f 2074/4132/3249 2075/4131/3248 2076/4539/3598
f 2076/4539/3598 2075/4131/3248 2038/4540/3585
f 2076/4541/3598 2038/4519/3585 2077/4542/3599
f 2077/4542/3599 2038/4519/3585 2036/4517/3583
f 2157/4543/3600 2164/4544/3601 2159/4545/3602
f 2053/4546/362 2009/4499/3566 2066/3883/3049
f 2053/4546/362 2066/3883/3049 2054/3882/3048
f 2051/4526/3591 2080/4547/3603 2052/3220/362
f 2052/3220/362 2080/4547/3603 2081/3217/2465
f 4350/98/98 4351/97/97 4352/3538/2748 4364/3816/2987
f 2065/3219/362 2082/3218/2466 2064/4538/3597
f 2046/4537/3596 2083/4548/362 2063/4536/362
f 4597/4549/3604 4614/217/214 4617/4271/3371
f 4597/4549/3604 4617/4271/3371 4598/4550/3605
f 4598/4550/3605 4617/4271/3371 4622/4551/3606
f 4598/4550/3605 4622/4551/3606 4600/2171/1542
f 4600/2171/1542 4622/4551/3606 4627/4552/3607
f 2334/2446/1805 5229/4553/3608 5227/4554/3609 2332/2447/1806
f 3651/4555/3610 3642/3703/2889 3644/2850/2178 3650/3976/3135
f 4607/298/295 4615/297/294 4608/3115/2372
f 2131/115/115 2132/4556/3611 2133/116/116
f 3893/2393/1755 1986/4557/3576 3891/4558/3612
f 2150/4559/3613 2045/4560/3614 2151/4561/3615
f 2043/3510/2724 2150/4559/3613 2155/2074/1452
f 2863/4562/3616 2872/4563/3617 2942/4564/3618 2940/4565/3619
f 2134/3174/2425 2133/116/116 2132/4556/3611 2149/4566/3620
f 3786/4567/3621 3791/4568/3622 3793/4569/3623 3787/4570/3624
f 3442/3087/2097 5251/4571/2100 5255/4572/3625 1189/330/327
f 3013/3606/1871 3044/3553/2763 3099/3552/2762 3094/3607/2808
f 2156/3167/2420 5199/4573/433 5184/3168/432
f 2646/4574/3626 2645/7/7 2635/6/6 2634/104/104
f 5022/4575/3627 5043/3502/2716 4510/137/137 4514/2069/1447
f 2167/4576/3628 2160/4577/2243 2162/4578/3629
f 2167/4576/3628 2163/2725/2062 2146/4579/2205
f 3938/2305/1669 3891/4580/3612 1986/4509/3576 1980/4510/3577
f 2147/2724/2061 2146/4579/2205 2163/2725/2062
f 5337/4581/3630 5329/4582/3631 2927/4583/3632 4270/4584/3633
f 2168/4585/3634 2169/4586/3635 2170/4587/3636
f 2170/4588/3636 2169/4589/3635 2171/4590/3637
f 2170/4588/3636 2171/4590/3637 2172/3187/2436
f 2180/4591/3638 2175/1908/1301 2206/4592/3639 2207/4593/3640
f 2206/4592/3639 2175/1908/1301 2205/4594/3641
f 2175/1908/1301 2176/1907/1300 2177/4595/3642
f 2178/4596/3643 2179/4597/3644 2180/4591/3638
f 2146/2881/2205 2181/4598/3645 2182/4599/3646
f 2146/2881/2205 2186/2705/2044 2187/4600/3647
f 2146/2881/2205 2188/2880/2204 2189/4601/3648
f 2189/4601/3648 2188/2880/2204 2190/4602/3649
f 2167/4603/3628 5190/2940/874 2160/2939/2243
f 4188/4604/3650 1439/4605/3228 1441/4606/3230 1560/4607/3651
f 2159/4545/3602 2160/4577/2243 2158/4608/3652
f 2174/4609/3653 2191/4610/2640 2183/3791/2966
f 2183/3791/2966 2191/4610/2640 2192/4611/2639
f 2183/3791/2966 2192/4611/2639 2193/3792/2967
f 2167/4603/3628 2146/2881/2205 2178/4596/3643
f 2178/4596/3643 2146/2881/2205 2187/4600/3647
f 2178/4596/3643 2187/4600/3647 2179/4597/3644
f 2182/4599/3646 2194/4612/3654 2146/2881/2205
f 2146/2881/2205 2194/4612/3654 2195/2706/2045
f 2146/2881/2205 2195/2706/2045 2186/2705/2044
f 2189/4601/3648 2196/4613/3655 2146/2881/2205
f 2146/2881/2205 2196/4613/3655 2197/4614/3656
f 2146/2881/2205 2197/4614/3656 2181/4598/3645
f 2198/2435/1794 2199/2434/1793 2188/2880/2204
f 2188/2880/2204 2199/2434/1793 2200/4615/3657
f 2188/2880/2204 2200/4615/3657 2190/4602/3649
f 2172/3187/2436 2201/2129/1502 2170/4588/3636
f 2170/4588/3636 2201/2129/1502 2202/2128/1501
f 2170/4588/3636 2202/2128/1501 2188/2880/2204
f 2188/2880/2204 2202/2128/1501 2203/4616/3658
f 2188/2880/2204 2203/4616/3658 2198/2435/1794
f 2177/4595/3642 2204/4617/3659 2175/1908/1301
f 2175/1908/1301 2204/4617/3659 2205/4594/3641
f 3601/4618/3660 5159/4619/3661 5156/384/378 3600/4620/3662
f 2180/4591/3638 2207/4593/3640 2178/4596/3643
f 2178/4621/3643 2207/4622/3640 2208/4623/3663
f 2178/4621/3643 2208/4623/3663 2209/4624/3664
f 2204/4625/3659 2210/4165/3280 2205/4626/3641
f 2205/4626/3641 2210/4165/3280 2211/4507/3574
f 2205/4626/3641 2211/4507/3574 2212/4506/3573
f 1389/2641/1982 1388/1882/1279 4378/1881/1278 4379/4175/3287
f 1489/3634/2832 1497/3010/2295 1487/4627/3665 1488/4628/3666
f 3833/4629/3667 3829/3782/2957 3825/3483/2699 3830/3482/2698
f 3750/4395/3474 3758/4630/3668 2230/452/444
f 3826/3484/2700 3824/4171/3284 3812/4631/3669 3810/3581/2789
f 2205/4626/3641 2212/4506/3573 2206/4632/3639
f 2206/4632/3639 2212/4506/3573 2224/4633/3670
f 3803/372/366 3804/4634/3671 3805/2299/1663 3814/1833/1230
f 2229/4508/3575 2221/4164/3279 2225/4635/3672 2227/1901/1294
f 2204/4625/3659 2222/4162/3277 2210/4165/3280
f 1742/398/392 1745/3190/2439 4259/3193/2442 4213/395/389
f 2213/4505/3572 2229/4508/3575 2227/1901/1294 2215/1900/1293
f 2218/316/313 2217/453/445 2230/452/444
f 4795/4636/3673 4673/4637/292 4672/4638/1721 4794/3505/2719
f 2235/1333/979 2238/1962/1353 2237/2607/1949
f 1555/1811/1208 1553/4639/3674 1552/4640/3675 1554/3825/2996
f 1441/4606/3230 1562/4641/1392 1561/3249/2492 1560/4607/3651
f 3117/4642/3676 3174/4643/3677 3119/4644/3678 3118/4645/3679
f 1700/4646/3680 1701/2495/1851 1643/2494/1850 1642/4647/3362
f 1581/4223/3326 3967/2813/2143 3969/3929/3091 1579/3928/3090
f 2533/4484/3556 2525/4648/3681 2244/1667/1136 2242/1670/1139
f 1556/3826/2997 1554/3825/2996 1578/4221/3324 1574/4649/3682
f 2586/1745/1166 2584/2402/1764 2576/2405/1767 2579/1744/1165
f 2240/4650/1270 2239/4651/1271 2266/4652/3683
f 2266/4652/3683 2239/4651/1271 2260/4653/3323
f 2266/4652/3683 2260/4653/3323 2255/4654/3109
f 2255/4654/3109 2260/4653/3323 2262/4655/3394
f 2255/4654/3109 2262/4655/3394 2254/4656/3110
f 2267/4657/3684 2268/4658/3685 2255/4654/3109
f 2255/4654/3109 2268/4658/3685 2266/4652/3683
f 2288/4659/3686 3863/3396/2632 3862/4660/3687
f 1413/4081/3207 5172/2503/1859 5169/2502/1858 1405/4080/3206
f 2266/4652/3683 2268/4658/3685 2279/3171/2423
f 2279/3171/2423 2268/4658/3685 2280/3172/2424
f 2268/4658/3685 2267/4657/3684 2280/3172/2424
f 2280/3172/2424 2267/4657/3684 2283/4661/3688
f 2271/4662/3689 2283/4661/3688 2269/4663/3690
f 2269/4663/3690 2283/4661/3688 2267/4657/3684
f 5060/4664/3691 1907/4448/3524 1909/3970/3129 1889/4004/3157
f 2289/2031/1414 2290/1923/1314 2287/4665/3692
f 2287/4665/3692 2290/1923/1314 2291/3026/2308
f 2287/4665/3692 2291/3026/2308 2286/2061/1439
f 2286/2061/1439 2291/3026/2308 2292/4666/3693
f 2286/2061/1439 2292/4666/3693 2285/2062/1440
f 2292/4666/3693 2293/3092/2354 2285/2062/1440
f 2285/2062/1440 2293/3092/2354 2294/3091/2353
f 2285/2062/1440 2294/3091/2353 2295/4667/3694
f 2296/4668/3695 2297/4669/3696 4734/4670/3697
f 4734/4670/3697 2297/4669/3696 2285/2062/1440
f 4734/4670/3697 2285/2062/1440 2295/4667/3694
f 2296/4668/3695 4733/4671/3698 2297/4669/3696
f 2297/4669/3696 4733/4671/3698 4737/4672/3699
f 2297/4669/3696 4737/4672/3699 4738/2223/1589
f 1639/3934/3096 1689/3644/2841 1623/35/35 1631/4259/3361
f 4265/3199/2448 4263/3198/2447 4278/3148/2402 4219/3147/2401
f 2315/3700/2331 2317/4673/406 2316/4674/3700 4719/3701/2887
f 2351/2096/1472 3670/2095/1378 2303/4675/842 2302/4676/3701
f 1790/4677/3702 1614/3534/2745 1613/2353/1716 1782/2356/1719
f 2322/2713/2052 2301/68/68 2323/67/67
f 3087/3383/2621 3089/4678/3703 3088/4679/3704 3086/3382/2620
f 2326/4435/3513 4732/4434/3512 2327/4680/3705
f 2329/3442/2661 2330/4681/3706 2331/4682/3707
f 5227/4554/3609 2331/4682/3707 2330/4681/3706
f 3056/4683/3708 3079/4684/3709 3083/2598/1940 3046/4685/3710
f 2561/3080/2345 3842/3079/2344 2563/4686/3711 2560/1919/1310
f 2332/2447/1806 5227/4554/3609 2330/4681/3706
f 2340/2611/1953 5301/2610/1952 2341/3610/2811
f 2341/3610/2811 5301/2610/1952 4972/4687/3712
f 2341/3610/2811 4972/4687/3712 4973/4688/3713
f 2341/3610/2811 4973/4688/3713 4976/4689/3714
f 2348/3239/2482 4967/4690/3715 5302/4691/3716
f 2352/2784/2114 2353/2785/2115 2354/3973/3132
f 2354/3973/3132 2353/2785/2115 2355/3933/3095
f 2354/3973/3132 2355/3933/3095 2356/3972/3131
f 2332/2447/1806 2330/4681/3706 2355/3933/3095
f 2355/3933/3095 2330/4681/3706 2357/4692/3717
f 2355/3933/3095 2357/4692/3717 2356/3972/3131
f 4753/4693/3718 4966/4694/3719 4754/4695/3720
f 2360/3931/3093 4969/4696/3721 4968/4697/3722
f 1247/2807/2137 1249/4698/3723 1248/4/4 1246/2808/2138
f 4754/4695/3720 4964/4699/3724 2363/4700/3725
f 2363/4700/3725 4960/2430/1789 2365/4701/3726
f 4676/83/83 5057/4702/3727 5062/4703/3728 4674/84/84
f 3146/4704/3729 3192/2146/1517 2798/2145/1516 2800/2390/1752
f 1378/2640/1981 1382/2639/1980 1376/2468/1827 1377/3716/2898
f 2369/3327/2566 4956/4705/3730 4958/4706/3731
f 2369/3327/2566 4958/4706/3731 4951/4707/3732
f 2406/3073/2338 2407/4708/3733 2405/3664/2858 2404/3074/2339
f 2371/4709/1465 4957/4710/3734 4951/4707/3732
f 4957/4710/3734 2374/4001/3154 2369/3327/2566
f 4959/2643/1984 2372/4711/3735 2373/4712/3736
f 4744/4713/3737 4970/4714/3738 4746/4715/3739
f 1815/38/38 1817/3139/2396 1825/2348/1712 1840/3320/2559
f 2376/3121/2378 5220/4716/3740 5219/4717/3741
f 2376/3121/2378 5219/4717/3741 4970/4714/3738
f 2696/4280/3380 2678/4430/3508 5245/4718/3742 2692/4279/3379
f 2347/78/78 5221/286/283 2377/285/282
f 5200/4303/3400 2388/3719/2901 2386/3760/2937 5187/3759/2936
f 2070/3110/2371 2077/4542/3599 2068/4719/362 2069/3111/362
f 2490/2425/1784 2498/2691/2030 2495/4720/3743 2488/2426/1785
f 4931/4341/3431 4852/4721/3744 4851/4722/3745 4921/4342/3432
f 4832/258/255 4877/4723/2928 4939/4724/3746 4928/259/256
f 2394/92/92 5239/4725/3747 2396/89/89
f 2741/324/321 5217/3566/2775 2737/1376/1007 2739/321/318
f 1772/3340/2578 1773/3512/2726 1767/4343/3433 1771/3341/2579
f 2403/3663/2857 2404/3074/2339 2405/3664/2858
f 2407/4708/3733 2406/3073/2338 2408/4726/2653
f 2407/4708/3733 2408/4726/2653 2409/4727/2154
f 2411/4728/3748 2414/2441/1800 2416/4729/3749
f 2412/4730/3750 2409/4727/2154 2413/4731/3751
f 2414/2441/1800 2415/2440/1799 2416/4729/3749
f 2403/3663/2857 2419/4732/3752 2404/3074/2339
f 2404/3074/2339 2419/4732/3752 2420/3075/2340
f 2582/4219/3322 2568/4733/3753 2569/4734/3754 2581/2749/2085
f 2409/4727/2154 2422/4735/3755 2413/4731/3751
f 2413/4731/3751 2422/4735/3755 2423/3452/2671
f 5206/4736/3756 2411/4728/3748 2416/4729/3749
f 5208/4737/3757 2667/2157/1528 5205/3662/2856
f 2411/4728/3748 2667/2157/1528 5208/4737/3757
f 2408/4726/2653 2406/3073/2338 2073/4738/2652
f 2073/4738/2652 2406/3073/2338 2421/3072/2337
f 2412/4730/3750 2407/4708/3733 2409/4727/2154
f 5355/4739/3758 3793/4569/3623 2044/4527/3592
f 2397/3117/2374 2416/4729/3749 2415/2440/1799
f 1732/4740/3759 4945/4741/3760 4935/4378/3462 1733/4742/3761
f 2401/4743/2931 2426/4744/3762 2399/4745/2929
f 2399/4745/2929 2427/4746/3201 2400/4747/3763
f 2400/4747/3763 2427/4746/3201 2428/4748/1696
f 2430/4749/3200 2431/4750/1875 2427/4746/3201
f 2427/4746/3201 2431/4750/1875 2432/4751/1697
f 2427/4746/3201 2432/4751/1697 2428/4748/1696
f 3737/51/51 3739/4752/3764 3756/4398/3477 3755/4397/3476
f 1717/4753/3765 1719/3494/2708 1718/3496/2710 1716/359/354
f 5223/2398/1760 5224/2397/1759 2379/2923/2228 2381/4754/3766
f 2712/327/324 2709/3321/2560 2708/3324/2563 2710/4755/3767
f 2436/4072/3199 2443/4071/1095 2444/4316/3408
f 4946/4333/3424 4933/4756/3768 1781/3775/2950 1759/3774/2949
f 3724/4757/3769 2375/2642/1983 2383/2644/1985 3736/3912/3074
f 2454/4758/3770 2455/4759/3771 2453/3651/2847 2452/3449/2668
f 4068/3924/3086 4084/4760/3772 4083/4761/3773 4067/3837/3008
f 2354/3973/3132 2633/3922/3084 2636/5/5 2644/8/8
f 2537/4762/2754 2277/3781/2956 2276/129/129 2511/4763/2755
f 2462/4764/3774 2468/3965/3124 2466/3790/2965
f 2473/4765/3775 2474/2083/1461 2475/2082/1460
f 2625/2008/1391 2623/1707/1150 2622/101/101 2624/2844/2172
f 3118/4645/3679 2833/4766/3776 2797/4767/3777 3141/4768/3778
f 1974/2466/1825 1976/2465/1824 3935/4404/3483 3940/2306/1670
f 4078/4769/3779 4049/3836/3007 1524/3835/3006 1539/4201/3307
f 5321/4770/3780 5313/4771/3781 2970/4772/3782 2971/4773/3783
f 4945/4741/3760 1732/4740/3759 1731/4774/1321 4949/4775/3784
f 4924/4776/3785 4933/4756/3768 4835/4777/248 4860/4778/3786
f 2647/4779/3787 2648/3824/2995 2645/7/7 2646/4574/3626
f 2118/4780/1541 4502/4781/3788 4499/4782/3789 2117/4783/3790
f 4135/4784/3791 1464/4785/3246 1463/4786/3245 4134/4787/3792
f 3167/3640/2837 3173/4788/3793 2812/71/71 2814/1228/956
f 2984/4789/3794 5296/4790/3795 5294/3353/2591 2992/3352/2590
f 4220/234/231 4273/4791/3796 4271/2480/1837 4227/2376/1739
f 3650/3976/3135 3644/2850/2178 3646/2849/2177 3649/3977/3136
f 5033/2654/1995 5020/2653/1994 1169/2100/1476 1167/2099/1475
f 1750/4325/3417 1749/4327/3419 4066/2960/2259 4065/2959/2258
f 2608/3439/2658 2331/4682/3707 2333/4792/3797 2604/431/423
f 2493/4793/3798 2519/4794/3799 2543/128/128
f 2543/128/128 2519/4794/3799 2518/4795/2499
f 2543/128/128 2518/4795/2499 2276/129/129
f 2276/129/129 2518/4795/2499 2512/4796/2498
f 2276/129/129 2512/4796/2498 2511/4763/2755
f 2496/4797/1749 2546/4798/3800 2483/4799/1750
f 1375/2467/1826 1380/4075/3202 1377/3716/2898 1376/2468/1827
f 3588/3455/2674 4310/4800/3801 4305/4801/3802 3587/3456/2675
f 2557/4802/3803 2552/2241/1605 2554/2243/1607
f 2560/1919/1310 2563/4686/3711 2556/4456/3532
f 4056/4803/3804 4055/4804/3805 4076/4805/3806 4077/4806/3807
f 5158/419/413 4240/46/46 4243/45/45 3605/3521/2734
f 2553/4807/3808 2546/4798/3800 2552/2241/1605
f 3838/4455/3531 2554/2243/1607 2556/4456/3532
f 2482/4808/2108 2547/4809/3809 2565/4810/2109
f 2565/4810/2109 2547/4809/3809 2566/4811/3395
f 2566/4811/3395 2567/4812/3810 2568/4813/3753
f 2568/4813/3753 2567/4812/3810 2569/4814/3754
f 2566/4811/3395 2547/4809/3809 2567/4812/3810
f 2567/4812/3810 2547/4809/3809 2553/4807/3808
f 2567/4812/3810 2553/4807/3808 2557/4802/3803
f 3585/2846/2174 3583/2588/1932 3599/2587/379 3598/4458/3534
f 1704/2998/2283 1694/3253/2496 1695/3252/2495 1696/2999/2284
f 1697/4815/3811 1698/4816/3812 1696/2999/2284 1695/3252/2495
f 1552/4640/3675 1529/3788/2963 1569/3787/2962 1570/4222/3325
f 2580/2750/2086 2581/2749/2085 2569/4734/3754 2567/4817/3810
f 2263/4295/3393 2264/4298/3396 2250/4285/3385 2252/3949/3111
f 2251/4284/3384 2253/3946/3108 2252/3949/3111 2250/4285/3385
f 1704/2998/2283 1706/2997/2282 1705/4211/3315 1703/4818/3813
f 1462/4819/3244 1707/4820/3814 1693/3251/2494 1691/4821/3815
f 1990/2637/1978 1989/446/438 1988/449/441 1977/4822/3816
f 4713/4823/3817 4974/4824/3818 4975/4825/3819 4712/4826/3820
f 3453/3524/463 3452/4827/462 3517/3438/2657 3516/3437/2656
f 2598/4828/3821 2588/4829/3822 2599/4830/3823
f 2463/2516/1870 2469/2515/1869 2461/4425/3503
f 2461/4425/3503 2469/2515/1869 2601/4426/3504
f 2602/4831/3824 2599/4830/3823 2473/4765/3775
f 2473/4765/3775 2599/4830/3823 2601/4426/3504
f 5263/4832/178 2706/4833/3825 2664/4834/3826 5247/4835/178
f 2608/3439/2658 2604/431/423 2605/434/426
f 1715/4300/3397 1717/4753/3765 1716/359/354 1714/362/357
f 1879/3317/2556 1880/3316/2555 1855/2904/2216 1872/2907/2219
f 2602/4831/3824 2610/4836/3827 2599/4830/3823
f 2599/4830/3823 2610/4836/3827 2475/2082/1460
f 2599/4830/3823 2475/2082/1460 2598/4828/3821
f 2331/4682/3707 2608/3439/2658 2329/3442/2661
f 3848/3205/2453 2197/4614/3656 2196/4613/3655 3847/3206/2454
f 2469/2515/1869 2612/4837/3828 2601/4426/3504
f 2601/4426/3504 2612/4837/3828 2471/3365/2603
f 2601/4426/3504 2471/3365/2603 2473/4765/3775
f 2607/3440/2659 2603/4838/3829 2606/3441/2660
f 2606/3441/2660 2603/4838/3829 2600/4090/3215
f 2606/3441/2660 2600/4090/3215 3802/371/365
f 2613/4839/3830 2600/4090/3215 2614/4840/3831
f 3804/4634/3671 2589/4089/3214 2588/4829/3822
f 2525/4648/3681 2524/1961/1352 2246/1334/980 2244/1667/1136
f 2531/2747/2083 2534/3543/2753 2509/3546/2756 2507/418/412
f 2630/4841/3832 2631/4842/3833 2632/435/427
f 2633/3922/3084 2356/3972/3131 2628/3921/3083
f 2787/4843/3834 2761/4844/3835 5275/4845/162 5300/4846/165
f 2631/4842/3833 2637/3517/2731 2632/435/427
f 1573/4847/3332 1558/4848/3330 1556/3826/2997 1574/4649/3682
f 3166/4849/3836 3160/4850/3837 3158/4851/3838 3159/4852/3839
f 2237/2607/1949 2233/3507/2721 2219/3506/2720 2236/3778/2953
f 2643/3518/2529 2637/3517/2731 2631/4842/3833
f 4440/2831/2161 1183/3986/3144 1182/3984/3143 4441/2832/2162
f 4892/4853/3840 5336/4854/3841 3200/2144/1515 3205/4855/3842
f 2628/3921/3083 2356/3972/3131 2357/4692/3717
f 2354/3973/3132 2644/8/8 2352/2784/2114
f 2740/323/320 2730/3108/2369 2731/3847/3014 2732/4856/3843
f 2641/4857/3844 2647/4779/3787 2646/4574/3626
f 4794/3505/2719 4778/3504/2718 4790/4858/3845 4795/4636/3673
f 2648/3824/2995 2647/4779/3787 2650/3823/2994
f 2651/4859/1683 2647/4779/3787 2642/3519/2732
f 2651/4859/1683 2642/3519/2732 2652/4860/2418
f 2643/3518/2529 2652/4860/2418 2642/3519/2732
f 1164/4861/1195 1165/2532/1882 1163/3985/1192
f 2653/4862/1682 2654/2148/1519 2650/3823/2994
f 4920/4365/3450 4924/4776/3785 4860/4778/3786 4859/4863/3846
f 2648/3824/2995 2649/2149/1520 2352/2784/2114
f 5271/2625/1966 2660/2628/1969 2662/4864/3847
f 4432/4865/3848 2745/4866/3849 2744/3721/2903
f 2403/3663/2857 5205/3662/2856 2419/4732/3752
f 3450/3842/3011 5246/4867/178 3451/4868/1847
f 3072/4869/3850 3104/2597/1939 3071/4870/1494
f 2698/3808/2980 4987/4871/3851 2700/2605/1947
f 2700/2605/1947 4984/4872/3852 2701/2606/1948
f 2707/3323/2562 5094/4873/3853 2690/4874/3854
f 2690/4874/3854 5094/4873/3853 5091/4875/3855
f 5092/3322/2561 2664/4834/3826 2706/4833/3825
f 5092/3322/2561 5094/4873/3853 2707/3323/2562
f 2682/2944/2247 2667/2157/1528 2411/4728/3748
f 2682/2944/2247 2411/4728/3748 5206/4736/3756
f 5206/4736/3756 2402/3116/2373 5207/4876/3856
f 2689/3846/3013 5094/4873/3853 2706/4833/3825
f 2668/4877/3857 5093/4878/3858 2709/3321/2560
f 4662/2770/2102 4784/2769/2101 4785/1977/1368 4398/1976/1367
f 5005/4879/3859 2714/4880/3860 2713/2928/2233
f 2715/4881/3861 4999/4882/3862 5010/4883/3863
f 5010/4883/3863 4999/4882/3862 2718/3472/2688
f 2716/2461/1820 5002/4884/3864 4995/4885/3865
f 2718/3472/2688 5002/4884/3864 5000/4886/3866
f 5000/4886/3866 2721/336/333 2718/3472/2688
f 2721/336/333 4996/4887/3867 4994/4888/3868
f 2721/336/333 4994/4888/3868 4997/4889/3869
f 2725/328/325 5007/4890/3870 5004/4891/3871
f 2666/4892/3872 2665/4893/3873 2693/4894/3874
f 2717/4895/3875 5006/4896/3876 2726/4897/3877
f 2727/325/322 5008/4898/3878 2718/3472/2688
f 2499/184/181 2479/53/53 2477/56/56 2500/3964/3123
f 1205/3988/2241 1213/4899/122 3480/4900/3879 3489/3989/2415
f 3377/4901/178 3148/4902/3099 3143/4903/3101 3376/4904/178
f 4179/4905/3880 4180/4906/3881 3959/4907/3882 3960/4908/3883
f 2731/3847/3014 3431/3848/3015 2734/4909/3884 2732/4856/3843
f 2732/4856/3843 2734/4909/3884 5209/4910/3885
f 2732/4856/3843 5209/4910/3885 5210/4911/3886
f 2737/1376/1007 5212/3565/2774 5215/4912/3887
f 2737/1376/1007 5216/4913/3888 2672/2156/1527
f 2672/2156/1527 5216/4913/3888 5214/4914/3889
f 5352/2927/2232 5003/4915/3890 5004/4891/3871
f 5003/4915/3890 2727/325/322 2725/328/325
f 2746/4916/3891 2750/2592/1936 2747/2591/1935
f 2749/3993/3147 1184/2742/2078 1177/2741/2077
f 4124/99/99 4350/98/98 4126/3694/2883 4125/4917/3892
f 4703/4918/3893 4702/4919/3894 5061/3714/2896 5078/4920/3895
f 3454/468/460 3453/471/463 3449/2666/2007 3448/2665/2006
f 2489/2427/1786 2521/2303/1667 2520/3723/2905 2491/2424/1783
f 2685/4921/3896 4981/4922/3897 4977/4923/3898 2751/4339/3429
f 2420/3075/2340 2419/4732/3752 5214/4914/3889
f 2672/2156/1527 2419/4732/3752 2667/2157/1528
f 2694/4924/3899 2695/4925/3900 2691/4926/3901 2693/4894/3874
f 5023/2384/1747 4503/4927/3902 4506/4928/3903 5039/2385/1748
f 1301/4929/1693 1299/146/146 4704/149/149 4702/4919/3894
f 2698/3808/2980 4988/4930/3904 4986/4931/3905
f 2699/4932/3906 4988/4930/3904 4978/4933/3907
f 4978/4933/3907 2688/4934/3908 2699/4932/3906
f 2773/4935/3909 2685/4921/3896 2686/3559/2768 2684/3304/2544
f 2941/4936/3910 5330/4937/3911 5333/4938/3912 5332/4939/3913
f 1234/2123/1496 1235/4940/3914 1236/1990/1380 1242/2124/1497
f 2773/4935/3909 5001/4941/3915 4998/4942/3916
f 2773/4935/3909 4998/4942/3916 4990/4943/3917
f 4430/4944/3918 1177/4945/2077 1161/4946/2080 4431/3722/2904
f 1567/4008/3158 1575/4947/3328 1576/3805/2977 1565/3806/2978
f 2741/324/321 5211/4948/3919 5217/3566/2775
f 2028/3632/2830 2026/3631/2829 2024/2439/1798 2029/2438/1797
f 4980/4337/3427 2787/4843/3834 2786/4949/3920
f 3005/4950/3921 3007/4951/3922 3037/4952/3923 3027/185/182
f 4417/2317/1681 4422/2647/1988 4423/2646/1987 4421/3869/3035
f 2793/4953/3924 4992/4954/3925 2786/4949/3920
f 2785/4521/3587 4993/4955/3926 4991/4956/3927
f 4991/4956/3927 2784/3236/2479 2785/4521/3587
f 2784/3236/2479 4979/4957/3928 2792/3031/2311
f 2701/2606/1948 4984/4872/3852 4979/4957/3928
f 2759/4496/3564 4989/4958/3929 4983/4959/3930
f 4989/4958/3929 2661/4286/3386 2688/4934/3908
f 5269/4960/3931 2794/3465/2682 5270/3464/2681
f 2710/4755/3767 2795/4961/3932 5011/4962/3933
f 1362/3762/2939 1386/3761/2938 4296/4963/3934 4294/3355/2593
f 2796/4964/3935 2797/4767/3777 2833/4766/3776 2832/4965/3936
f 5159/4619/3661 3602/3979/3138 3598/4966/3534 3599/385/379
f 5252/4967/3937 2695/4925/3900 3443/1960/1351 5250/2767/2099
f 3347/2678/2017 3345/2677/2016 1937/4968/3105 1935/4969/3104
f 3742/4970/3938 3740/4971/3939 3757/2499/1855 3744/2498/1854
f 3114/4972/3940 3115/4973/3941 3022/2251/1615 3084/2250/1614
f 3054/139/139 2891/4974/3942 2887/4975/3943 3053/3386/2624
f 2855/4976/3944 3064/3387/2625 3053/3386/2624 2887/4975/3943
f 2994/4977/3945 5288/4978/3946 5289/4979/3947 2980/4980/1149
f 1257/2/2 1261/300/297 1264/1991/1381 1265/3/3
f 3617/318/315 3519/317/314 3526/345/342 3616/58/58
f 3304/4311/3407 2892/1862/1259 2893/1861/1258 3305/4981/3948
f 2832/4965/3936 2833/4766/3776 2831/4982/3949 2830/4983/3950
f 5220/4716/3740 4965/3123/2380 4741/4984/3951 4742/4985/3952
f 2842/4986/3953 2840/4987/3954 2839/4988/3955 2841/4989/3956
f 2845/2869/2195 2846/4990/3957 2844/4991/3958 2843/4992/3959
f 3298/4993/3960 3297/3729/2911 3232/4994/3961 3231/4995/2685
f 3242/4996/3962 3260/4997/3963 3259/4998/3964 3261/4999/3965
f 3254/5000/3966 3255/5001/3967 3256/3370/2608 3279/5002/3968
f 2905/5003/3969 2906/5004/3970 2904/5005/3971 2903/3542/2752
f 3269/5006/3972 3298/4993/3960 3274/5007/3973 3249/2276/1640
f 2854/5008/3974 2853/5009/3975 2841/4989/3956 2839/4988/3955
f 2866/5010/2915 5327/5011/3976 2868/5012/3977
f 2838/5013/3978 2899/2581/1928 2898/5014/3979 2934/5015/3980
f 2882/3215/2463 2856/3210/2458 2858/5016/3981 2881/5017/3982
f 2140/5018/3983 2138/5019/3984 2143/5020/3985 2152/5021/3986
f 2873/3895/3060 2874/5022/3987 2875/3896/3061
f 2875/3896/3061 2874/5022/3987 2876/5023/3988
f 3249/2276/1640 3274/5007/3973 3275/5024/3989 3250/2277/1641
f 2895/5025/3990 2853/5009/3975 2854/5008/3974 2851/5026/3991
f 2922/3731/2913 2847/3580/2788 2884/3579/2787 2883/5027/3992
f 3222/5028/3993 3221/5029/3994 3219/5030/3995 3220/5031/3996
f 3282/2191/1562 3281/5032/3997 3289/4363/3448 3287/4362/3447
f 2886/5033/3998 2885/5034/3999 2840/4987/3954 2842/4986/3953
f 3227/5035/4000 3228/5036/4001 3113/5037/4002 3112/5038/4003
f 2843/5039/3959 2841/4989/3956 2853/5009/3975 2888/5040/4004
f 4353/1854/1251 4354/2220/1586 4352/3538/2748 4351/97/97
f 2859/5041/4005 2935/5042/4006 2926/5043/4007 2924/5044/4008
f 2934/5015/3980 2898/5014/3979 2873/5045/3060 2933/5046/3059
f 5101/5047/4009 2834/5048/4010 2925/5049/4011
f 2896/5050/4012 2852/5051/4013 2888/5052/4004
f 2888/5052/4004 2845/2869/2195 2843/4992/3959
f 3649/3977/3136 3646/2849/2177 3639/3513/2727 3641/2672/2013
f 3218/1910/1303 3229/1909/1302 3220/5031/3996 3219/5030/3995
f 1988/5053/441 1973/2931/440 2002/473/465 2001/472/464
f 2837/5054/4014 2935/5042/4006 2859/5041/4005 2836/5055/4015
f 2934/5015/3980 2935/5042/4006 2837/5054/4014 2838/5013/3978
f 2911/5056/4016 2912/5057/4017 2913/3730/2912
f 2913/3730/2912 2912/5057/4017 2914/5058/4018
f 2868/5012/3977 2911/5059/4016 2866/5010/2915
f 2866/3733/2915 2911/5056/4016 2913/3730/2912
f 5323/5060/362 5308/5061/4019 2945/5062/4020 2932/3893/3058
f 2914/5063/4018 2912/5064/4017 2915/2726/2063 2862/2729/2066
f 2867/5065/2914 2916/5066/4021 2869/5067/4022
f 2869/5067/4022 2916/5066/4021 2917/5068/4023
f 2869/5067/4022 2917/5068/4023 2846/4990/3957
f 2846/4990/3957 2917/5068/4023 2844/4991/3958
f 4042/5069/4024 1536/4199/3305 1549/4210/3314 4020/2175/1546
f 2857/2728/2065 2918/5070/4025 2860/5071/4026 2862/2729/2066
f 2871/5072/4027 2803/442/434 2801/445/437 2908/5073/4028
f 3111/5074/4029 3112/5038/4003 3088/4679/3704 3057/2857/2184
f 2820/5075/4030 3273/5076/4031 2822/4097/3220
f 3300/3755/2932 3273/5076/4031 3293/5077/4032 3236/5078/4033
f 3247/3724/2906 3248/3311/2551 3246/3310/2550 3277/5079/4034
f 3274/5007/3973 3298/4993/3960 3231/4995/2685 3244/5080/4035
f 2842/4986/3953 2844/5081/3958 2917/5082/4023 2886/5033/3998
f 1155/3967/3126 1161/2744/2080 5021/2557/1904 5019/2560/1907
f 2896/5083/4012 2850/5084/4036 2852/5085/4013
f 2925/5049/4011 2924/5044/4008 2926/5043/4007
f 2874/5086/3987 2873/5045/3060 2898/5014/3979 2897/5087/4037
f 5328/5088/4038 2927/4583/3632 5329/4582/3631
f 2928/5089/4039 2876/5023/3988 2929/5090/4040
f 2929/5090/4040 2876/5023/3988 2874/5022/3987
f 3217/3371/2609 3216/5091/4041 3214/3745/2924 3215/5092/4042
f 4958/4706/3731 4956/4705/3730 2368/5093/4043 2370/5094/1466
f 2916/5095/4021 2867/3732/2914 2922/3731/2913 2883/5027/3992
f 3297/3729/2911 3302/3728/2910 3232/4994/3961
f 2858/5016/3981 2921/5096/4044 2813/70/70 2811/69/69
f 3228/5036/4001 3271/3927/3089 3270/5097/4045 3295/5098/4046
f 2809/399/393 2807/5099/4047 2942/4564/3618 2881/5017/3982
f 2926/5100/4007 2933/3894/3059 2932/3893/3058
f 2717/4895/3875 5297/5101/362 5286/5102/3192 2715/4881/3861
f 3023/141/141 3025/140/140 3105/5103/4048 3078/3571/2780
f 1380/5104/3202 1385/3763/2940 1361/4056/3189
f 2919/2727/2064 2939/3839/3010 2938/5105/4049 2857/2728/2065
f 1413/4081/3207 1412/4087/3212 5177/5106/4050 5172/2503/1859
f 2799/5107/2257 5331/5108/4051 2906/5004/3970
f 3487/4384/3467 3488/5109/4052 3459/2554/1901 3457/2553/1900
f 1346/2510/1865 4329/3874/3040 4331/5110/4053 1344/2511/1866
f 2914/5063/4018 2862/2729/2066 2860/5071/4026 2861/5111/4054
f 3227/5035/4000 3245/1912/1305 3253/1911/1304 3252/3925/3087
f 3165/3643/2840 3135/2866/2193 3136/2865/2192 3137/3682/2874
f 2828/5112/4055 3255/5001/3967 2830/4983/3950
f 3254/5000/3966 3279/5002/3968 3278/5113/4056 3284/5114/4057
f 3261/4999/3965 3259/4998/3964 3268/5115/4058 3266/5116/4059
f 2878/5117/4060 2929/5118/4040 2874/5086/3987 2897/5087/4037
f 2877/5119/4061 2928/5120/4039 2929/5118/4040 2878/5117/4060
f 2904/5005/3971 5330/4937/3911 5328/5121/4038
f 2901/3658/2852 2921/5096/4044 2920/2456/1815 2900/2455/1814
f 2878/5117/4060 2897/5087/4037 2880/2584/1931 2879/3577/2785
f 2162/4578/3629 3794/5122/4062 2149/4566/3620 2132/4556/3611
f 2444/4316/3408 2446/1810/1207 2445/1809/1206 2440/1954/1345
f 2949/1687/1147 2957/1690/1149 5306/5123/4063 5310/5124/1147
f 2592/3273/2516 2594/3272/2515 2455/4759/3771 2457/5125/4064
f 5232/4282/3382 5230/5126/4065 5302/4691/3716 5303/4283/3383
f 5311/5127/4066 5306/5123/4063 2957/1690/1149 2960/5128/4067
f 2790/3033/2313 2783/4287/3387 2781/5129/4068 2789/322/319
f 5315/5130/2081 2963/5131/4069 2961/5132/4070 5312/5133/2082
f 5314/4043/309 2965/4042/3182 2963/5131/4069 5315/5130/2081
f 2193/5134/2967 2587/5135/4071 2573/2980/2272 2571/4214/1240
f 3441/5136/4072 3437/5137/4073 3439/5138/4074 3440/5139/4075
f 1384/3764/2941 1385/3763/2940 1380/5104/3202 1375/5140/1826
f 2481/183/180 2480/2777/2107 2478/54/54 2479/53/53
f 4793/4032/1991 4819/4034/3175 4576/2839/2167 4549/2838/1992
f 3880/2861/2188 3791/4568/3622 3786/4567/3621 3879/2862/2189
f 1887/4433/3511 1881/2214/1583 1882/2213/1582 1883/4003/3156
f 1691/4821/3815 1693/3251/2494 1692/3254/2497 1690/5141/4076
f 1719/5142/2708 1717/5143/3765 4009/3697/2884 4007/5144/4077
f 3751/5145/4078 3750/4395/3474 3756/4398/3477 3760/5146/4079
f 2651/4859/1683 2653/4862/1682 2650/3823/2994 2647/4779/3787
f 2183/3791/2966 2173/5147/4080 2174/4609/3653
f 1263/2290/1654 1265/3/3 1264/1991/1381 1262/2291/1655
f 5156/384/378 5157/383/377 3604/5148/2735 3600/4620/3662
f 2464/2513/1867 2463/2516/1870 2462/4764/3774 2465/3854/3021
f 4222/47/47 4224/3361/2599 4252/3360/2598 4244/48/48
f 4362/5149/4081 4363/5150/1591 4368/3695/2528 4126/3694/2883
f 2487/2343/1707 2489/2427/1786 2488/2426/1785 2486/2344/1708
f 2049/3288/2531 2048/3287/2530 2408/3434/2653
f 3322/5151/362 3351/2419/1778 3323/349/346 3324/2201/362
f 3475/3585/2793 3458/2555/1902 3459/2554/1901 3460/5152/4082
f 1792/4232/3334 1794/4231/3333 1793/2504/1860 1748/4381/3465
f 4010/3698/2885 4008/4213/3317 4012/4212/3316 4011/1747/1168
f 2417/4277/3377 2405/3664/2858 2407/4708/3733 2412/4730/3750
f 2035/4516/3582 2040/4522/3588 2014/5153/4083 2012/4502/3569
f 3488/5109/4052 3461/5154/4084 3460/5152/4082 3459/2554/1901
f 1396/95/95 1398/4083/3208 1416/2115/1490 1420/2114/1489
f 4101/4233/3335 4109/1339/982 4104/2566/1913 4110/3952/3112
f 1378/2640/1981 1379/3715/2897 1387/1883/1280 1388/1882/1279
f 2867/5065/2914 5327/5155/3976 2866/5156/2915
f 5327/5011/3976 2997/3803/2976 2868/5012/3977
f 3116/5157/4085 3658/5158/4086 2708/3324/2563 3659/5159/4087
f 5014/3974/3133 5033/2654/1995 1167/2099/1475 1159/5160/4088
f 2999/5161/4089 4234/5162/4090 3000/5163/4091
f 3001/188/185 3002/2624/1965 3003/2623/1964
f 3003/2623/1964 3004/2622/1963 3005/4950/3921
f 3005/4950/3921 3004/2622/1963 3006/5164/4092
f 3005/4950/3921 3006/5164/4092 3007/4951/3922
f 3010/5165/4093 3011/5166/1872 3012/3608/2809
f 3012/3608/2809 3011/5166/1872 3013/3606/1871
f 3017/2934/2238 3011/5167/1872 4247/5168/4094
f 3004/5169/1963 3014/5170/1962 3015/5171/4095
f 3004/5169/1963 3015/5171/4095 3006/5172/4092
f 3006/5172/4092 3015/5171/4095 3016/2935/2239
f 3006/5172/4092 3016/2935/2239 3008/5173/4096
f 3185/5174/3260 3184/2864/2191 3133/2867/2194
f 3125/406/400 3142/405/399 3147/3938/3100 3127/5175/4097
f 3477/5176/4098 3479/3584/2792 3478/5177/2381 3476/5178/1504
f 3003/2623/1964 3027/185/182 3001/188/185
f 3028/5179/1834 3029/5180/4099 3030/2579/1926
f 3130/5181/4100 3187/3008/2293 3128/3007/2292 3129/5182/4101
f 3128/3007/2292 3126/3184/2433 3127/5175/4097 3129/5182/4101
f 4273/4791/3796 4902/16/16 2950/15/15 2948/5183/4102
f 2638/3520/2733 2641/4857/3844 2640/103/103 2639/436/428
f 4682/2686/2025 5071/5184/4103 5055/5185/4104 4683/267/264
f 2431/2523/1875 2430/4073/3200 2436/4072/3199 2435/2524/1876
f 3073/5186/4105 3095/4410/2895 3074/5187/2894 3067/3810/2982
f 3150/5188/4106 3183/5189/4107 3140/3498/2712 3182/3497/2711
f 3131/5190/4108 3133/2867/2194 3132/5191/4109 3130/5181/4100
f 3089/4678/3703 3076/5192/4110 3069/5193/4111 3058/2858/2185
f 3030/2579/1926 3052/5194/4112 3028/5179/1834
f 3037/4952/3923 3092/4288/3388 3090/4290/3390 3027/185/182
f 1217/3196/2445 1193/5195/4113 5356/2097/1473 1212/1903/1296
f 1818/5196/4114 1819/2349/1713 1817/3139/2396 1816/3138/2395
f 5024/5197/4115 5031/4382/3466 4492/4438/3514 4495/3975/3134
f 2939/3839/3010 2930/5198/4116 2938/5105/4049
f 3031/5199/4117 3032/5200/4118 3034/3850/3017 3033/5201/4119
f 3045/5202/4120 3048/3572/2781 3078/3571/2780 3072/4869/3850
f 1925/5203/4121 1923/4457/3533 3318/5204/4122 3355/5205/4123
f 1262/2291/1655 1264/1991/1381 1236/1990/1380 1235/4940/3914
f 3019/3853/3020 3045/5202/4120 3018/5206/2398
f 3294/5207/4124 3305/4981/3948 3106/5208/4125 3115/4973/3941
f 3183/5189/4107 3189/5209/4126 3188/5210/2250
f 3130/5181/4100 3129/5182/4101 3156/5211/4127 3131/5190/4108
f 3149/5212/3261 3156/5211/4127 3147/3938/3100
f 2940/4565/3619 2805/5213/4128 2803/442/434 2871/5072/4027
f 3123/403/397 3122/2285/1649 3120/5214/4129 3121/3119/2376
f 3009/5215/4130 3037/4952/3923 3007/4951/3922
f 3083/2598/1940 3079/4684/3709 3081/5216/364 3082/2595/363
f 1837/2173/1544 1820/2350/1714 1819/2349/1713 1818/5196/4114
f 3132/5191/4109 3177/3888/3053 3187/3008/2293 3130/5181/4100
f 3338/242/239 3339/4121/3239 3398/3095/2356 3399/243/240
f 3148/3937/3099 3149/5212/3261 3147/3938/3100
f 3003/2623/1964 3005/4950/3921 3027/185/182
f 3045/5202/4120 3072/4869/3850 3071/4870/1494 3018/5206/2398
f 3134/3642/2839 3157/3639/2836 3177/3888/3053 3132/5191/4109
f 3092/4288/3388 3094/3607/2808 3099/3552/2762 3042/4289/3389
f 3024/142/142 2894/5217/4131 2891/4974/3942 3054/139/139
f 3134/3642/2839 3164/3641/2838 3167/3640/2837 3157/3639/2836
f 3010/5165/4093 3012/3608/2809 3038/5218/4132
f 4145/4158/3273 4155/5219/4133 4154/5220/4134 4144/4168/3282
f 2009/4499/3566 2053/4546/362 2079/5221/362 2010/4500/3567
f 1835/2731/2068 1833/4028/3170 1844/4031/3173 1843/2732/2069
f 1438/4109/3227 1437/4108/3226 4171/174/174 4170/177/177
f 3191/2563/1910 3153/1858/1255 3159/4852/3839 3190/5222/4135
f 2269/4663/3690 3868/5223/4136 3865/3394/2630 3863/3396/2632
f 2350/3932/3094 2360/3931/3093 4961/5224/4137 4971/9/9
f 3080/1863/1260 3035/5225/4138 3056/4683/3708 3055/3388/2626
f 3114/4972/3940 3228/5036/4001 3295/5098/4046
f 3038/5218/4132 3012/3608/2809 3094/3607/2808
f 3213/5226/4139 3264/5227/4140 3212/5228/4141 2988/3956/3115
f 3125/406/400 3127/5175/4097 3126/3184/2433 3124/2284/1648
f 4054/3776/2951 4055/4804/3805 4029/5229/4142 4027/3773/2948
f 3162/5230/4143 3163/3120/2377 3121/3119/2376 3119/4644/3678
f 3165/3643/2840 3171/3684/2876 3172/5231/4144 3164/3641/2838
f 1480/4504/3571 1479/4179/3289 4188/4604/3650 4187/5232/4145
f 3065/5233/4146 3100/5234/4147 3101/5235/4148
f 3065/5233/4146 3101/5235/4148 3051/2578/1925
f 3051/2578/1925 3101/5235/4148 3102/5236/3004
f 3127/5175/4097 3147/3938/3100 3156/5211/4127 3129/5182/4101
f 2222/4162/3277 3871/5237/4149 3869/2028/1411 2223/4163/3278
f 3068/3809/2981 3069/5193/4111 3073/5186/4105 3067/3810/2982
f 4816/3378/2616 4815/3930/3092 4823/3003/2288 4825/2327/1691
f 3050/2577/1924 3066/3811/2983 3065/5233/4146 3051/2578/1925
f 3121/3119/2376 3120/5214/4129 3118/4645/3679 3119/4644/3678
f 3064/3387/2625 2855/4976/3944 2931/3838/3009 3093/1864/1261
f 4956/4705/3730 4953/3326/2565 2367/5238/1620 2368/5093/4043
f 2805/5213/4128 2942/4564/3618 2807/5099/4047
f 2803/442/434 2805/5213/4128 2804/2561/1908 2802/443/435
f 2816/3638/2835 2817/3660/2854 2818/5239/4150 2819/3887/3052
f 3057/2857/2184 3059/2856/2183 3110/5240/4151 3111/5074/4029
f 3086/3382/2620 3088/4679/3704 3112/5038/4003 3113/5037/4002
f 2938/5105/4049 2937/5241/4152 2918/5070/4025 2857/2728/2065
f 3091/5242/4153 2919/2727/2064 2915/2726/2063 3040/186/183
f 3107/5243/4154 3108/3692/2881 3063/2617/1959 3097/5244/4155
f 1525/2450/1809 1527/204/201 1526/4196/3302 1524/3835/3006
f 4595/5245/4156 1174/5246/4157 1173/5247/4158 4596/5248/4159
f 3301/3758/2935 3230/3747/2926 3273/5076/4031 3300/3755/2932
f 3116/5249/4085 3117/4642/3676 3118/4645/3679
f 3133/2867/2194 3135/2866/2193 3134/3642/2839 3132/5191/4109
f 3048/3572/2781 3045/5202/4120 3019/3853/3020 3020/3852/3019
f 3069/5193/4111 3076/5192/4110 3075/4411/3489 3073/5186/4105
f 3055/3388/2626 3056/4683/3708 3046/4685/3710 3047/3385/2623
f 3831/3401/2637 3832/3783/2958 3836/5250/4160 3834/3402/2638
f 3042/4289/3389 3099/3552/2762 3036/3551/2761 3035/5225/4138
f 2046/4537/3596 2154/5251/4161 2151/4561/3615 2045/4560/3614
f 2448/2570/1917 3684/3612/2813 3703/3447/2666 2450/2567/1914
f 4110/3952/3112 4100/5252/4162 1738/2842/2170 1794/4231/3333
f 4641/5253/4163 4595/5245/4156 4596/5248/4159 4633/2274/1638
f 3042/4289/3389 3035/5225/4138 3080/1863/1260 3041/1866/1263
f 4759/2375/1738 4760/2374/1737 2373/5254/3736 2372/5255/3735
f 3075/4411/3489 3032/5200/4118 3031/5199/4117 3096/4409/3488
f 3170/3604/2807 3163/3120/2377 3162/5230/4143
f 3035/5225/4138 3036/3551/2761 3079/4684/3709 3056/4683/3708
f 2894/5217/4131 2893/1861/1258 2890/1860/1257 2891/4974/3942
f 3119/4644/3678 3174/4643/3677 3175/5256/1974
f 3162/5230/4143 3176/5257/1973 3170/3604/2807
f 3166/4849/3836 3159/4852/3839 3153/1858/1255 3154/1857/1254
f 3142/405/399 3155/404/398 3168/5258/1508 3143/3939/3101
f 3178/3499/2713 3179/5259/4164 3144/3500/2714
f 3144/3500/2714 3179/5259/4164 3180/5260/4165
f 2846/4990/3957 2845/2869/2195 5325/2868/178 5326/5261/178
f 3103/2596/1493 3071/4870/1494 3104/2597/1939
f 3164/3641/2838 3172/5231/4144 3173/4788/3793 3167/3640/2837
f 3078/3571/2780 3105/5103/4048 3104/2597/1939 3072/4869/3850
f 3178/3499/2713 3152/5262/4166 3179/5259/4164
f 3852/2707/2046 2195/2706/2045 2194/4612/3654 3851/2820/2150
f 3077/3851/3018 3039/5263/4167 3087/3383/2621 3085/2249/1613
f 2831/4982/3949 3120/5214/4129 3122/2285/1649 2829/5264/4168
f 3039/5263/4167 3076/5192/4110 3089/4678/3703 3087/3383/2621
f 3118/4645/3679 3141/4768/3778 3116/5249/4085
f 3094/3607/2808 3092/4288/3388 3037/4952/3923 3038/5218/4132
f 2445/1809/1206 5183/1782/1191 5202/5265/4169 5185/4476/3548
f 3192/2146/1517 3146/4704/3729 3193/5266/4170
f 3193/5266/4170 3146/4704/3729 3145/5267/4171
f 3679/2819/2149 3681/5268/4172 3853/2704/2043 3852/2707/2046
f 3081/5216/364 3079/4684/3709 3036/3551/2761 3043/5269/4173
f 5201/5270/4174 2711/2945/2248 5207/4876/3856 2393/3118/2375
f 3070/5271/2397 3019/3853/3020 3018/5206/2398
f 3196/5272/4175 3152/5262/4166 3195/5273/4176
f 3179/5259/4164 3196/5272/4175 3180/5260/4165
f 3180/5260/4165 3196/5272/4175 3197/5274/4177
f 3180/5260/4165 3197/5274/4177 3145/5267/4171
f 3145/5267/4171 3197/5274/4177 3198/5275/4178
f 3145/5267/4171 3198/5275/4178 3193/5266/4170
f 3193/5266/4170 3199/2147/1518 3192/2146/1517
f 3105/5103/4048 3046/4685/3710 3083/2598/1940 3104/2597/1939
f 3195/5273/4176 3152/5262/4166 3186/5276/2249
f 3196/5272/4175 3201/5277/4179 3202/5278/4180
f 3196/5272/4175 3202/5278/4180 3197/5274/4177
f 3197/5274/4177 3202/5278/4180 3203/5279/4181
f 3197/5274/4177 3203/5279/4181 3198/5275/4178
f 3198/5275/4178 3203/5279/4181 3204/5280/4182
f 1979/4481/3553 1987/5281/2236 1973/448/440 1971/4482/3554
f 2797/5282/3777 5011/4962/3933 2795/4961/3932
f 2726/4897/3877 5287/5283/4183 5279/5284/362
f 2932/3893/3058 2945/5062/4020 2925/5285/4011 2926/5100/4007
f 1703/4818/3813 1702/2492/1848 1694/3253/2496 1704/2998/2283
f 1227/3244/2487 1222/2716/2054 1221/338/335 1226/3958/3117
f 1966/5286/4184 1947/2735/2072 1949/248/245 1965/247/244
f 2526/3920/3082 2532/3919/3081 2238/1962/1353 2524/1961/1352
f 4820/5287/4185 4795/4636/3673 4788/5288/4186 4789/2090/1468
f 2488/2426/1785 2495/4720/3743 2502/5289/4187 2486/2344/1708
f 2156/3167/2420 2158/5290/3652 5197/2942/2245 5199/4573/433
f 4403/1305/975 3905/1304/974 3904/2400/1762 4402/2399/1761
f 5291/5291/2592 2722/5292/4188 2720/5293/4189 5280/5294/4190
f 2845/2869/2195 2888/5052/4004 2852/5051/4013 2962/1663/1132
f 1587/1939/1330 1601/3282/2525 1589/4241/3343 1588/1936/1327
f 2871/5072/4027 2908/5073/4028 2907/5295/4191 2936/5296/4192
f 1513/5297/4193 1512/4503/3570 1483/4160/3275 1485/5298/4194
f 2151/4561/3615 2154/5251/4161 2153/5299/4195 2152/5021/3986
f 2913/3730/2912 2923/5300/4196 2847/3580/2788 2922/3731/2913
f 2906/5301/3970 2908/5073/4028 2801/445/437 2799/2958/2257
f 2795/4961/3932 3658/5158/4086 3141/5302/3778 2797/5282/3777
f 3268/5115/4058 3267/5303/4197 3265/5304/4198 3266/5116/4059
f 2822/4097/3220 3230/3747/2926 2824/3746/2925
f 3231/3469/2685 3232/5305/3961 3206/3470/2686
f 3233/5306/4199 3234/5307/4200 3207/5308/4201
f 5292/5309/4202 5290/5310/4203 2714/5311/3860
f 3111/5074/4029 3227/5035/4000 3112/5038/4003
f 3244/5312/4035 3231/3469/2685 3209/3468/2684
f 3216/5091/4041 2826/5313/4204 3214/3745/2924
f 2879/3577/2785 2902/3539/2749 2877/5119/4061 2878/5117/4060
f 2887/4975/3943 2864/1897/1290 2855/4976/3944
f 3285/3726/2908 3235/3725/2907 3284/5314/4057 3278/5315/4056
f 2864/1897/1290 2910/1896/1289 2870/3241/2484 2930/5198/4116
f 3785/2549/1092 2429/5316/4205 3792/5317/4206 3788/2550/1897
f 2835/5318/4207 2834/5048/4010 5103/5319/4208 3243/5320/1555
f 2917/5082/4023 2916/5095/4021 2883/5027/3992 2886/5033/3998
f 3281/5032/3997 3280/5321/4209 3223/5322/4210 3289/4363/3448
f 3207/5308/4201 3234/5307/4200 3208/4488/3560
f 3208/4488/3560 3234/5307/4200 3272/5323/4211
f 3212/5228/4141 3263/5324/4212 3240/5325/4213 3211/5326/4214
f 2844/5081/3958 2842/4986/3953 2841/4989/3956 2843/5039/3959
f 3276/5327/4215 3275/5024/3989 3272/5328/4211 3234/5329/4200
f 3234/5329/4200 3233/5330/4199 3277/5079/4034 3276/5327/4215
f 3225/5331/2921 3233/5306/4199 3207/5308/4201
f 3399/243/240 3407/5332/4216 3406/3550/2760 2729/244/241
f 3169/2134/1507 3529/5333/3012 5262/179/178 5259/178/178
f 2899/2581/1928 2880/2584/1931 2897/5087/4037 2898/5014/3979
f 3255/5001/3967 3254/5000/3966 2832/4965/3936 2830/4983/3950
f 3290/3735/2917 3287/4362/3447 3288/4361/3446 3286/3736/2918
f 3267/5303/4197 3283/5334/4217 3238/5335/4218 3265/5304/4198
f 3240/5325/4213 3291/5336/2919 3211/5326/4214
f 3223/5322/4210 3107/5337/4154 3289/4363/3448
f 3289/4363/3448 3107/5337/4154 5298/5338/4219
f 3288/5339/3446 3210/5340/4220 3286/5341/2918
f 2462/4764/3774 2460/3102/2363 3702/3101/2362 2468/3965/3124
f 3568/2177/1548 3570/3686/2036 3569/3685/2877 3567/2178/1549
f 3213/5342/4139 3242/4996/3962 3299/5343/4221
f 2859/5041/4005 2924/5044/4008 2834/5048/4010
f 2713/2928/2233 2714/4880/3860 5290/5344/4203
f 5337/5345/3630 2876/5023/3988 2928/5089/4039 5329/5346/3631
f 3251/2995/2280 3276/5327/4215 3277/5079/4034 3246/3310/2550
f 2138/5019/3984 2136/3647/2844 2145/5347/4222 2143/5020/3985
f 2913/3730/2912 2914/5058/4018 2861/5348/4054 2923/5300/4196
f 3297/3729/2911 3298/4993/3960 3269/5006/3972 3258/3727/2909
f 2888/5040/4004 2853/5009/3975 2895/5025/3990 2896/5083/4012
f 2901/3658/2852 2900/2455/1814 3262/5349/4223 2848/3659/2853
f 3299/5343/4221 3261/4999/3965 3266/5116/4059 3264/5350/4140
f 3287/4362/3447 3290/3735/2917 3241/2188/1559 3282/2191/1562
f 3283/5334/4217 3226/5351/4224 3239/3738/2920 3238/5335/4218
f 3291/5336/2919 3286/5341/2918 3210/5340/4220
f 3291/5336/2919 3210/5340/4220 3211/5326/4214
f 3113/5037/4002 3114/4972/3940 3084/2250/1614 3086/3382/2620
f 2903/3542/2752 2904/5005/3971 2877/5119/4061 2902/3539/2749
f 2850/5084/4036 2895/5025/3990 2851/5026/3991 2849/4468/3543
f 5102/5352/4225 3242/4996/3962 3213/5342/4139
f 3213/5226/4139 3299/5353/4221 3264/5227/4140
f 3212/5228/4141 3264/5227/4140 3263/5324/4212
f 3238/5335/4218 3240/5354/4213 3263/5355/4212 3265/5304/4198
f 3284/5314/4057 5292/5309/4202 2796/5356/3935
f 3074/3712/2894 3307/5357/4226 3100/5358/4147
f 3066/3811/2983 3100/5234/4147 3065/5233/4146
f 3100/5358/4147 3308/5359/3005 3101/5360/4148
f 3101/5360/4148 3308/5359/3005 3102/5361/3004
f 3204/5280/4182 3199/2147/1518 3193/5266/4170 3198/5275/4178
f 3102/3833/3004 3309/3832/3003 3052/5362/4112
f 3052/5362/4112 3309/3832/3003 3310/2478/1835
f 3052/5362/4112 3310/2478/1835 3028/2477/1834
f 3028/2477/1834 3311/2476/1833 3029/5363/4099
f 3307/5357/4226 2776/5364/3034 3308/5359/3005
f 3309/3832/3003 2777/3831/3002 2780/5365/4227
f 3309/3832/3003 2780/5365/4227 3310/2478/1835
f 3310/2478/1835 2780/5365/4227 2782/2475/1832
f 4271/2480/1837 4273/4791/3796 2948/5183/4102 2947/2481/1838
f 3048/3572/2781 3020/3852/3019 3021/2248/1612 3049/3570/2779
f 3468/2855/2182 1192/2854/2181 1211/5366/3151 3466/5367/4228
f 3008/5368/4096 4247/5369/4094 3010/5165/4093 3009/5215/4130
f 3914/3861/3028 3913/2508/1864 3911/3818/2989 3912/5370/4229
f 2395/3753/2930 2390/1970/1361 2391/3454/2673 2392/3453/2672
f 3386/5371/178 3385/3592/178 3194/3593/2799 3138/5372/4230
f 1742/398/392 1740/397/391 1739/2843/2171 1741/460/452
f 3323/349/346 3333/348/345 3324/2201/362
f 3351/2419/1778 3322/5151/362 3349/5373/362 3350/2416/1775
f 3338/242/239 2776/3868/3034 3339/4121/3239
f 3339/4121/3239 2776/3868/3034 3340/4122/3240
f 3340/5374/3240 2776/5364/3034 3307/5357/4226
f 3340/5374/3240 3307/5357/4226 3341/5375/4231
f 2259/5376/4232 2264/4298/3396 2265/3350/2588 2257/309/306
f 2226/3509/2723 2232/3508/2722 2231/451/443 2228/450/442
f 4266/1876/1273 4239/5377/4233 4281/3796/2971 4215/1875/1272
f 3161/5378/2875 3137/4312/2874 3389/4315/178 3388/5379/178
f 3350/2416/1775 3349/5373/362 3346/5380/362 3348/3901/3064
f 4602/2827/2157 2121/5381/4234 2120/2065/1443 4604/2064/1442
f 3301/3758/2935 3215/5092/4042 3214/3745/2924 3230/3747/2926
f 3380/5382/178 3184/5383/2191 3185/4143/3260 3379/4146/178
f 3381/4314/178 3136/4313/2192 3184/5383/2191 3380/5382/178
f 3318/5384/4122 3312/2519/362 3011/2518/1872
f 3318/5204/4122 3011/5167/1872 3355/5205/4123
f 4398/3393/1367 4663/3392/2629 4397/5385/4235 4662/5386/2102
f 3356/5387/4236 3017/2934/2238 3321/2936/2240
f 3387/5388/178 3386/5371/178 3138/5372/4230 3139/5389/4237
f 1245/4005/1505 1244/170/170 1238/173/173 1239/463/455
f 4806/2835/2165 4812/85/85 1311/88/88 1313/3178/2023
f 1157/5390/2427 1185/5391/1401 4483/2406/1768 4489/2409/1771
f 4798/41/41 4828/2019/1402 1319/2022/1405 1321/5392/82
f 3332/5393/362 3341/5375/4231 3307/5357/4226
f 2253/5394/3108 2251/5395/3384 3865/3394/2630 3868/5223/4136
f 5180/169/169 1515/168/168 1797/253/250 5178/3127/2384
f 4441/2832/2162 1182/3984/3143 1165/2532/1882 4437/1982/1373
f 3060/2859/2186 3062/2580/1927 3061/2618/1960 3059/2856/2183
f 5031/4382/3466 5025/3992/3146 4487/2712/2051 4492/4438/3514
f 3406/3550/2760 3407/5332/4216 3408/2957/2256
f 3404/2380/1743 3402/2383/1746 3409/3707/2891
f 5027/3957/3116 5030/263/260 4498/262/259 4499/4782/3789
f 3422/3061/2326 3413/1839/1236 3420/424/416 3421/423/415
f 2023/2352/369 3415/2351/1715 3417/4022/3164
f 3424/426/418 3425/5396/4238 3421/423/415
f 3422/3061/2326 3418/2956/2255 3423/2955/2254
f 3408/2957/2256 3418/2956/2255 3428/3063/2328
f 3428/3063/2328 3426/3062/2327 3429/4134/3251
f 3429/4134/3251 3426/3062/2327 3425/5396/4238
f 3429/4134/3251 3425/5396/4238 3424/426/418
f 2279/3171/2423 2542/5397/3557 2240/4650/1270 2266/4652/3683
f 3428/3063/2328 3431/3848/3015 3408/2957/2256
f 2734/4909/3884 3431/3848/3015 3430/5398/4239
f 5253/5399/4240 3433/3601/2804 3432/5400/4241
f 3788/2550/1897 3792/5317/4206 3786/4567/3621 3787/4570/3624
f 3912/5370/4229 3911/3818/2989 3910/3817/2988 2060/4533/3595
f 3438/5401/2008 3437/5402/4073 3447/5403/2009
f 3447/5403/2009 3437/5402/4073 3441/5404/4072
f 3447/5403/2009 3441/5404/4072 3434/5405/4242
f 3447/5403/2009 3434/5405/4242 1191/5406/326
f 1191/5406/326 3434/5405/4242 3446/5407/2349
f 3446/5407/2349 3434/5405/4242 3435/5408/2803
f 3446/5407/2349 3435/5408/2803 3445/5409/2802
f 4159/2012/1395 1691/5410/3815 1690/5411/4076 4158/2013/1396
f 3483/351/348 3467/5412/4243 3465/5413/4244 3471/352/349
f 1859/5414/1590 1869/5415/4245 1860/5416/4246 1861/5417/2527
f 3482/5418/4247 3469/5419/4248 3467/5412/4243 3483/351/348
f 3471/352/349 3465/5413/4244 3463/3164/2417 3461/5154/4084
f 3482/5418/4247 3454/468/460 3448/2665/2006 3469/5419/4248
f 3482/5418/4247 3481/2757/2091 3455/469/461 3454/468/460
f 2595/5420/4249 2594/3272/2515 2593/3275/2518 2609/5421/4250
f 3477/5176/4098 3492/2787/2117 3491/3569/2778 3479/3584/2792
f 3494/2786/2116 3495/5422/4251 3493/5423/4252 3474/3568/2777
f 3483/351/348 3473/354/351 3481/2757/2091 3482/5418/4247
f 3491/3569/2778 3474/3568/2777 3458/2555/1902 3475/3585/2793
f 3638/3514/2728 3630/5424/4253 3631/1948/1339 3635/5425/4254
f 3723/1831/1228 2344/3328/2567 2369/3327/2566 3722/1832/1229
f 3501/2045/1425 3502/2044/1424 3512/3549/2759
f 3506/5426/4255 3504/2484/1841 3505/2620/1961
f 3514/3548/2758 3510/3547/2757 3511/5427/4256
f 3507/5428/4257 3508/5429/4258 3506/5426/4255
f 3513/5430/4259 3511/5427/4256 3509/5431/4260
f 3513/5430/4259 3509/5431/4260 3507/5428/4257
f 3649/3977/3136 3641/2672/2013 3573/2671/2012 3603/3978/3137
f 3450/3842/3011 5263/5432/178 5247/5433/178
f 5093/4878/3858 5092/3322/2561 2709/3321/2560
f 5266/4086/3211 5256/3940/3102 5265/3436/2655
f 3043/5434/4173 3044/5435/2763 3314/5436/362 3315/5437/362
f 3520/2208/1577 3500/2046/1426 3521/2209/1578
f 3872/5438/4261 2409/2824/2154 3873/2823/2153
f 3186/2948/2249 3524/5439/4262 3525/5440/4263
f 3653/363/358 3600/4620/3662 3604/5148/2735 3654/3794/2969
f 3526/345/342 3374/2586/178 3523/346/343
f 3500/2046/1426 3520/2208/1577 3495/5422/4251
f 3495/5422/4251 3520/2208/1577 3527/5441/4264
f 3528/3908/3070 3493/5423/4252 3495/5422/4251 3527/5441/4264
f 3522/3909/3071 3457/2553/1900 3456/2556/1903
f 3522/3909/3071 3456/2556/1903 3528/3908/3070
f 3528/3908/3070 3456/2556/1903 3493/5423/4252
f 3186/2948/2249 3525/5440/4263 3195/5442/4176
f 3195/5442/4176 3525/5440/4263 3530/3704/2890
f 3195/5442/4176 3530/3704/2890 3201/5443/4179
f 3201/5443/4179 3530/3704/2890 3531/5444/4265
f 3201/5443/4179 3531/5444/4265 3532/3795/2970
f 3098/1865/1262 2939/3839/3010 2919/2727/2064 3091/5242/4153
f 3161/5378/2875 3388/5379/178 3387/5388/178 3139/5389/4237
f 3096/5445/3488 3031/5446/4117 3328/5447/362 3329/5448/362
f 2921/5096/4044 2858/5016/3981 2856/3210/2458 2920/2456/1815
f 1705/4211/3315 1647/5449/3365 1645/5450/3363 1703/4818/3813
f 1513/5297/4193 1514/5451/4266 1473/5452/3258 1447/5453/3236
f 3097/5244/4155 3063/2617/1959 3030/2579/1926 3029/5180/4099
f 3484/2759/2093 3369/3769/178 3368/3840/178
f 5023/2384/1747 5040/5454/4267 4502/4781/3788 4503/4927/3902
f 3325/3141/362 3326/5455/362 3033/5456/4119 3070/3142/2397
f 4640/4215/3318 4588/74/74 4590/73/73 4634/5457/4268
f 3538/2782/2112 3544/5458/4269 3540/5459/4270
f 3521/2209/1578 3546/5460/4271 3536/2210/1579
f 1277/5461/3162 3547/5462/4272 3548/5463/4273
f 3548/5463/4273 3547/5462/4272 3549/5464/4274
f 3160/4850/3837 3139/5465/4237 3138/5466/4230 3158/4851/3838
f 3550/5467/4275 3549/5464/4274 3551/5468/4276
f 3551/5468/4276 3552/5469/4277 3546/5460/4271
f 3546/5460/4271 3552/5469/4277 3544/5458/4269
f 3564/2176/1547 3565/2179/1550 3622/5470/2450 3563/5471/2794
f 3573/5472/2012 3572/3688/2015 3574/5473/2460
f 3574/5473/2460 3572/3688/2015 3571/3687/2035
f 2184/2548/1093 3790/2547/1896 2157/4543/3600 2156/5474/2420
f 3755/4397/3476 3731/5475/4278 3732/52/52 3737/51/51
f 2060/4533/3595 3910/3817/2988 2154/5251/4161 2046/4537/3596
f 5085/4025/3167 1291/293/290 4695/2164/1535 5086/2163/1534
f 5048/2422/1781 1903/4444/3520 1905/4446/3522 5066/5476/4279
f 3588/3455/2674 3579/158/158 3577/161/161
f 3588/3455/2674 3577/161/161 3589/5477/4280
f 3589/5477/4280 3577/161/161 3575/2698/2037
f 3589/5477/4280 3575/2698/2037 3570/2697/2036
f 3581/3457/2676 3590/3904/1524 3582/3936/3098
f 3582/3936/3098 3590/3904/1524 5153/5478/1523
f 3591/5479/4281 3593/2154/1525 3595/5480/4282
f 3596/5481/1934 3584/3556/1933 3594/3557/2766
f 5160/5482/4283 5158/419/413 3592/422/414
f 3597/421/380 3594/3557/2766 3592/422/414
f 1919/3197/2446 1925/5203/4121 1926/3980/3139 1920/2536/1886
f 3597/421/380 3596/5481/1934 3594/3557/2766
f 2969/5483/4284 5307/5484/4285 5316/5485/4286 2954/5486/4287
f 1796/145/145 5181/3793/2968 5182/5487/4288 1399/143/143
f 3598/4966/3534 3602/3979/3138 3603/3978/3137
f 3598/4966/3534 3603/3978/3137 3573/2671/2012
f 3574/3212/2460 3598/4458/3534 3573/5488/2012
f 1344/2511/1866 4331/5110/4053 4335/2368/1731 1342/4048/3185
f 2366/5489/4289 2342/3963/3122 3687/2812/2142 3686/2811/2141
f 2979/3906/3068 5115/3905/3067 5095/2875/2200 2981/2874/2199
f 4324/3345/2583 4322/3875/3041 4323/5490/4290 4320/3346/2584
f 4326/5491/4291 4321/2253/1617 4320/3346/2584 4323/5490/4290
f 1546/4202/3308 1547/4203/3309 1698/4816/3812 4156/5492/4292
f 3581/3457/2676 3587/3456/2675 1367/3902/3065
f 3630/5424/4253 3638/3514/2728 3639/3513/2727 3637/5493/4293
f 3312/2519/362 3318/5384/4122 3319/5494/4294 3317/5495/362
f 1418/3822/2993 1401/3765/2942 1393/3767/2944 1392/4092/3217
f 2321/2715/1587 2320/2714/2053 2318/3158/2412 2319/5496/405
f 4778/3504/2718 4779/2599/1941 4657/5497/4295 4556/5498/4296
f 3531/5444/4265 3648/365/360 3647/364/359
f 3648/365/360 3531/5444/4265 3530/3704/2890
f 3643/2851/2179 3525/5440/4263 3645/2848/2176
f 3645/2848/2176 3525/5440/4263 3524/5439/4262
f 3645/2848/2176 3524/5439/4262 3637/5493/4293
f 3600/4620/3662 3653/363/358 3652/366/361
f 3655/5499/4297 3654/5500/2969 3604/3522/2735
f 3170/5501/2807 3176/2632/1973 3529/3845/3012
f 3529/3845/3012 3176/2632/1973 3656/2631/1972
f 3529/5333/3012 3169/2134/1507 3170/5502/2807
f 3659/5159/4087 2708/3324/2563 2707/3323/2562
f 3659/5159/4087 2707/3323/2562 3660/5503/4298
f 3660/5503/4298 2707/3323/2562 2690/4874/3854
f 3660/5503/4298 2690/4874/3854 3657/2634/1975
f 3141/5302/3778 3658/5158/4086 3116/5157/4085
f 3116/5157/4085 3659/5159/4087 3117/5504/3676
f 3117/5504/3676 3659/5159/4087 3660/5503/4298
f 3117/5504/3676 3660/5503/4298 3174/5505/3677
f 3426/3062/2327 3422/3061/2326 3421/423/415 3425/5396/4238
f 2297/4669/3696 4738/2223/1589 2562/5506/4299
f 2562/5506/4299 4738/2223/1589 4725/2222/1588
f 2562/5506/4299 4725/2222/1588 2561/3080/2345
f 2561/3080/2345 4725/2222/1588 4724/414/408
f 2561/3080/2345 4724/414/408 3661/3081/2346
f 4724/414/408 4718/413/407 3662/2573/1920 3661/3081/2346
f 4781/5507/4300 4768/2649/1990 4550/2652/1993 4659/5508/4301
f 4721/5509/4302 4743/2700/2039 3665/2703/2042 3664/5510/4303
f 4885/5511/422 3960/4908/3883 3959/4907/3882 4884/5512/419
f 4576/2839/2167 4577/5513/4304 4699/5514/2319 4697/2840/2168
f 4740/3084/2348 4739/3083/2347 3669/3203/2451 3668/5515/4305
f 3678/5516/4306 3679/2819/2149 3677/2818/2148 3676/5517/4307
f 4717/3067/2332 4721/5509/4302 3664/5510/4303 3663/2571/1918
f 4745/1924/1315 3683/2030/1413 3681/5268/4172 3680/3828/2999
f 3448/2665/2006 3447/2668/2009 3470/5518/2180 3469/5419/4248
f 2343/2254/1618 4727/5519/4308 4709/2255/1619
f 4606/299/296 2125/2042/1422 2124/1816/1213 4609/1815/1212
f 4731/2372/1735 4759/2375/1738 4762/2086/1464
f 4303/3678/2871 1354/3681/1773 1353/4529/1772 4302/4528/3593
f 2542/5397/3557 2279/3171/2423 2539/5520/3555
f 5027/3957/3116 5040/5454/4267 1228/3243/2486 1227/3244/2487
f 2825/3185/2434 3126/3184/2433 3128/3007/2292 2823/3006/2291
f 1253/5521/2090 3505/5522/1961 3496/2130/1503 1255/2133/1506
f 2339/2612/1954 2340/2611/1953 3684/3612/2813 2448/2570/1917
f 4212/3421/2645 3205/5523/3842 3204/5524/4182 4246/3422/2646
f 5248/5525/4309 2668/4877/3857 2724/326/323 5267/3471/2687
f 2238/1962/1353 2532/3919/3081 3697/2608/1950
f 2540/3554/2764 2541/3418/2642 3698/5526/4310
f 3701/1742/1163 2501/3966/3125 3702/3101/2362
f 3702/3101/2362 2501/3966/3125 2468/3965/3124
f 2775/5527/4311 2762/5528/4312 4981/4922/3897 4990/4943/3917
f 2484/2345/1709 3693/3233/2476 2485/2346/1710
f 2485/2346/1710 3693/3233/2476 3692/5529/4313
f 2485/2346/1710 3692/5529/4313 2515/5530/4314
f 4770/2601/1943 4769/2600/1942 4647/5531/3561 4409/3135/2392
f 3704/2271/1635 3691/2270/1634 3708/3232/2475 3688/3448/2667
f 3692/5529/4313 3713/198/195 2515/5530/4314
f 4060/3221/2467 4056/4803/3804 4077/4806/3807 4043/3222/2468
f 5066/5476/4279 5071/5184/4103 4682/2686/2025 4684/2685/2024
f 4080/3652/2848 4035/2798/2128 4034/2801/2131 4033/3653/2849
f 1769/157/157 4846/156/156 4845/1851/1248 1744/1850/1247
f 4706/266/263 5058/265/262 5057/4702/3727 4676/83/83
f 3694/2261/1625 2541/3418/2642 2513/3419/2643
f 3694/2261/1625 2513/3419/2643 3719/197/194
f 3719/197/194 2513/3419/2643 2504/5532/4315
f 3719/197/194 2504/5532/4315 3713/198/195
f 3713/198/195 2504/5532/4315 2523/5533/4316
f 3713/198/195 2523/5533/4316 2515/5530/4314
f 4810/2828/2158 4813/2196/1567 4574/2199/1570 4573/5534/4317
f 4072/3613/2814 4073/2238/1602 4071/2237/1601 4044/5535/4318
f 3698/5526/4310 3697/2608/1950 2532/3919/3081
f 3698/5526/4310 2532/3919/3081 2540/3554/2764
f 3680/3828/2999 3681/5268/4172 3679/2819/2149 3678/5516/4306
f 4037/2799/2129 4035/2798/2128 4047/3813/2985 4039/5536/4319
f 3701/1742/1163 2484/2345/1709 2503/5537/4320
f 3701/1742/1163 2503/5537/4320 2501/3966/3125
f 4777/5538/4321 4791/3137/2394 4669/3136/2393 4655/5539/3479
f 2459/4424/3502 2457/5125/4064 2456/1740/1161 2458/1743/1164
f 3455/469/461 3481/2757/2091 3484/2759/2093 3450/3842/3011
f 3895/2392/1754 3947/4420/3498 3946/4419/3497 3893/2393/1755
f 3741/5540/4322 3742/4970/3938 3743/5541/4323
f 3743/5541/4323 3742/4970/3938 3744/2498/1854
f 3977/5542/4324 3978/2234/1598 3979/2233/1597 3984/5543/4325
f 2345/77/77 3745/2501/1857 2346/2922/2227
f 2346/2922/2227 3745/2501/1857 3746/2500/1856
f 2346/2922/2227 3746/2500/1856 2379/2923/2228
f 2379/2923/2228 3746/2500/1856 3747/3911/3073
f 2379/2923/2228 3747/3911/3073 3748/5544/4326
f 3748/5544/4326 3747/3911/3073 3749/3913/3075
f 3748/5544/4326 3749/3913/3075 2381/4754/3766
f 3750/4395/3474 3751/5145/4078 3752/5545/4327
f 3754/4396/3475 2231/451/443 2232/3508/2722
f 4672/2358/1721 1288/2357/1720 1295/4493/3562 4647/4492/3561
f 2233/3507/2721 3730/5546/4328 2232/3508/2722
f 2232/3508/2722 3730/5546/4328 3754/4396/3475
f 3578/160/160 3580/159/159 3583/2588/1932 3585/2846/2174
f 3582/3936/3098 3580/159/159 3579/158/158 3581/3457/2676
f 3752/5545/4327 2218/316/313 3750/4395/3474
f 3750/4395/3474 2218/316/313 3758/4630/3668
f 3743/5541/4323 3759/5547/4329 3741/5540/4322
f 3741/5540/4322 3759/5547/4329 3760/5146/4079
f 3754/4396/3475 3750/4395/3474 2230/452/444
f 3754/4396/3475 2230/452/444 2231/451/443
f 2207/4622/3640 3761/5548/4330 3762/2059/1437
f 3058/2858/2185 3069/5193/4111 3068/3809/2981 3060/2859/2186
f 3770/2802/2132 3769/314/311 3751/5145/4078
f 3770/2802/2132 3751/5145/4078 3771/2803/2133
f 3771/2803/2133 3759/5547/4329 3772/2804/2134
f 3771/2803/2133 3751/5145/4078 3760/5146/4079
f 2208/4623/3663 2207/4622/3640 3762/2059/1437
f 4749/5549/4331 4740/3084/2348 3668/5515/4305 3667/5550/4332
f 3790/2547/1896 3789/5551/4333 2165/2076/1454 2157/4543/3600
f 3777/2805/2135 3772/2804/2134 3775/5552/4334 3776/224/221
f 3772/2804/2134 3743/5541/4323 3778/80/80
f 3778/80/80 3743/5541/4323 2345/77/77
f 3751/5145/4078 3769/314/311 3752/5545/4327
f 3752/5545/4327 3769/314/311 2218/316/313
f 2209/4624/3664 2208/4623/3663 3780/2058/1436
f 3780/2058/1436 2208/4623/3663 3762/2059/1437
f 2178/4621/3643 2209/4624/3664 3781/5553/4335
f 3781/5553/4335 2209/4624/3664 3780/2058/1436
f 3774/2057/1435 3782/5554/4336 3781/5553/4335 3780/2058/1436
f 2605/434/426 2609/5421/4250 2607/3440/2659 2608/3439/2658
f 4401/2109/1484 3909/2401/1763 3903/5555/4337 3933/2110/1485
f 2214/5556/4338 3765/212/209 3763/3262/2505
f 2224/4633/3670 3761/5548/4330 2206/4632/3639
f 2206/4632/3639 3761/5548/4330 2207/4622/3640
f 2445/1809/1206 5185/4476/3548 2438/1955/1346
f 3884/2821/2151 2408/3434/2653 2048/3287/2530 2064/4538/3597
f 4283/3672/2866 1912/4449/3525 1896/4439/3515 1911/3475/2691
f 2162/4578/3629 2164/4544/3601 3794/5122/4062
f 2044/4527/3592 3793/4569/3623 3791/4568/3622
f 3789/5551/4333 3787/4570/3624 3793/4569/3623
f 2161/2075/1453 2149/4566/3620 3794/5122/4062
f 2614/4840/3831 2600/4090/3215 2589/4089/3214
f 3804/4634/3671 2613/4839/3830 2614/4840/3831
f 3804/4634/3671 2588/4829/3822 3805/2299/1663
f 3805/2299/1663 2588/4829/3822 3806/2300/1664
f 3433/3601/2804 5252/4967/3937 5250/2767/2099 3444/2766/2098
f 3809/2806/2136 3810/3581/2789 3811/3277/2520
f 3813/5557/4339 3812/4631/3669 2173/5558/4080
f 3813/5557/4339 2173/5558/4080 2171/5559/3637
f 2588/4829/3822 2598/4828/3821 3806/2300/1664
f 3806/2300/1664 2598/4828/3821 2475/2082/1460
f 2329/3442/2661 2606/3441/2660 3795/374/368
f 3795/374/368 2606/3441/2660 3802/371/365
f 2170/4587/3636 3801/1739/1160 2168/4585/3634
f 2168/4585/3634 3801/1739/1160 3815/5560/4340
f 2168/4585/3634 3815/5560/4340 2169/4586/3635
f 2169/4586/3635 3815/5560/4340 3820/5561/4341
f 2169/4586/3635 3820/5561/4341 2171/5559/3637
f 3820/5561/4341 3813/5557/4339 2171/5559/3637
f 4372/1848/1245 4374/1847/1244 4379/4175/3287 4378/1881/1278
f 2220/5562/4342 2225/4635/3672 2221/4164/3279 2223/4163/3278
f 1486/3916/3078 1485/5298/4194 1483/4160/3275 1484/3917/3079
f 3827/2084/1462 2474/2083/1461 2472/3364/2602 3830/3482/2698
f 2226/3509/2723 2228/450/442 2227/1901/1294 2225/4635/3672
f 2178/4621/3643 3781/5553/4335 5193/3377/2615 5192/5563/2244
f 3825/3483/2699 3829/3782/2957 3828/3784/2959 3823/4170/3283
f 4407/5564/4343 4405/3451/2670 4406/3450/2669 4412/5565/4344
f 2216/315/312 2214/5556/4338 2213/4505/3572 2215/1900/1293
f 3824/4171/3284 3823/4170/3283 2174/5566/3653
f 3828/3784/2959 3831/3401/2637 2191/3404/2640
f 1461/5567/3243 1460/4169/3242 4144/4168/3282 4154/5220/4134
f 2596/5568/4345 2595/5420/4249 2609/5421/4250 2605/434/426
f 3841/3582/2790 3842/3079/2344 3843/3189/2438
f 3844/3188/2437 2172/3187/2436 2183/3791/2966
f 2272/2060/1438 2273/2113/1488 2271/4662/3689 2270/5569/4346
f 2563/4686/3711 3842/3079/2344 3841/3582/2790
f 3859/2433/1792 3860/5570/4347 2200/4615/3657 2199/2434/1793
f 3850/5571/4348 2182/4599/3646 2181/4598/3645 3849/5572/4349
f 3860/5570/4347 3861/5573/4350 2190/4602/3649 2200/4615/3657
f 3857/2572/1919 3858/2432/1791 2198/2435/1794 2203/4616/3658
f 3854/2033/1416 2187/4600/3647 2186/2705/2044 3853/2704/2043
f 2056/5574/4351 2054/3882/3048 3897/3134/2391 3896/3133/2390
f 3669/3203/2451 3847/3206/2454 3846/5575/4352 3668/5515/4305
f 4180/4906/3881 4165/5576/4353 3958/3021/2305 3959/4907/3882
f 3673/5577/4354 3675/5578/4355 3850/5571/4348 3849/5572/4349
f 4178/5579/4356 4179/4905/3880 3960/4908/3883 3961/3590/2797
f 4177/5580/4357 4178/5579/4356 3961/3590/2797 3962/3589/2796
f 4928/259/256 4939/4724/3746 1768/3149/2403 1761/3213/2461
f 4172/5581/4358 3951/19/19 3952/175/175 4171/174/174
f 3675/5578/4355 3677/2818/2148 3851/2820/2150 3850/5571/4348
f 4170/177/177 3953/176/176 3954/5582/4359 4169/5583/4360
f 4169/5583/4360 3954/5582/4359 3955/2071/1449 4168/2070/1448
f 2677/3279/2522 2733/2594/1938 2666/4892/3872 2680/4431/3509
f 2383/2644/1985 2381/4754/3766 3749/3913/3075 3736/3912/3074
f 1469/4137/3254 4180/4906/3881 4179/4905/3880 1470/4138/3255
f 1425/4100/3221 1806/3772/2947 1402/3771/2946 1421/4093/3218
f 3861/5573/4350 3846/5575/4352 2189/4601/3648 2190/4602/3649
f 4766/5584/4361 3678/5516/4306 3676/5517/4307 4765/5585/3402
f 2830/4983/3950 2831/4982/3949 2829/5264/4168 2828/5112/4055
f 3862/4660/3687 3863/3396/2632 3864/3395/2631
f 4376/5586/4362 1332/5587/178 1365/4058/3191
f 3868/5223/4136 2269/4663/3690 2267/4657/3684
f 2288/4659/3686 2269/4663/3690 3863/3396/2632
f 2180/4591/3638 3867/5588/4363 2175/1908/1301
f 1586/1938/1329 4181/5589/4364 4174/5590/4365 1604/281/278
f 3757/2499/1855 3753/3380/2618 3747/3911/3073 3746/2500/1856
f 1697/4815/3811 4155/5219/4133 4156/5492/4292 1698/4816/3812
f 3870/2027/1410 2220/5562/4342 2223/4163/3278 3869/2028/1411
f 1551/4208/3312 1546/4202/3308 4156/5492/4292 4152/4157/3272
f 3375/3229/178 3376/4904/178 3143/4903/3101 5261/2135/178
f 3189/5209/4126 3183/5189/4107 3150/5188/4106 3190/5222/4135
f 2422/5591/3755 2409/2824/2154 3872/5438/4261
f 1763/3191/2440 1761/3213/2461 4256/3214/2462 4258/3192/2441
f 4031/5592/4366 4032/3535/2746 4030/3319/2558 4029/5229/4142
f 3872/5438/4261 2401/5593/2931 2422/5591/3755
f 2081/3217/2465 3883/3098/2359 3882/2822/2152 2082/3218/2466
f 2408/3434/2653 3884/2821/2151 2409/2824/2154
f 2426/5594/3762 2401/5593/2931 3874/5595/4367
f 3874/5595/4367 2401/5593/2931 3872/5438/4261
f 4869/5596/2770 4868/3654/2769 3955/2071/1449 3954/5582/4359
f 2778/3107/2368 2728/241/238 2729/244/241 2730/3108/2369
f 3874/5595/4367 3876/3650/2846 2426/5594/3762
f 2426/5594/3762 3876/3650/2846 3878/3649/2845
f 2426/5594/3762 3878/3649/2845 2429/5316/4205
f 2429/5316/4205 3878/3649/2845 3792/5317/4206
f 2073/4738/2652 3885/5597/4368 2072/5598/2370
f 2072/5598/2370 3885/5597/4368 3886/5599/4369
f 2072/5598/2370 3886/5599/4369 2070/5600/2371
f 2070/5600/2371 3886/5599/4369 3887/5601/4370
f 2070/5600/2371 3887/5601/4370 2077/5602/3599
f 2077/5602/3599 3887/5601/4370 3888/5603/4371
f 2077/5602/3599 3888/5603/4371 2076/4539/3598
f 2421/3072/2337 3885/5597/4368 2073/4738/2652
f 2734/4909/3884 3888/5603/4371 2735/5604/4372
f 2735/5604/4372 3888/5603/4371 3887/5601/4370
f 2735/5604/4372 3887/5601/4370 2779/5605/4373
f 2779/5605/4373 3887/5601/4370 3886/5599/4369
f 2779/5605/4373 3886/5599/4369 2743/5606/4374
f 2743/5606/4374 3886/5599/4369 3885/5597/4368
f 2743/5606/4374 3885/5597/4368 2420/3075/2340
f 2420/3075/2340 3885/5597/4368 2421/3072/2337
f 3889/4133/3250 2074/4132/3249 3890/5607/4375
f 3888/5603/4371 2734/4909/3884 3890/5607/4375
f 3890/5607/4375 2734/4909/3884 3430/5398/4239
f 3890/5607/4375 3430/5398/4239 3889/4133/3250
f 3889/4133/3250 3430/5398/4239 3429/4134/3251
f 3891/4558/3612 3892/2394/1756 3893/2393/1755
f 3898/3862/3029 3892/2394/1756 3891/4558/3612
f 3057/2857/2184 3088/4679/3704 3089/4678/3703 3058/2858/2185
f 4901/5608/4376 4234/5609/4090 2911/5059/4016 2868/5012/3977
f 3904/5610/1762 3905/5611/974 3906/3070/2335
f 3906/3070/2335 3905/5611/974 3907/5612/973
f 3904/5610/1762 3906/3070/2335 3909/5613/1763
f 3909/5613/1763 3906/3070/2335 3902/3069/2334
f 3909/5613/1763 3902/3069/2334 3903/5614/4337
f 3917/5615/4377 3927/5616/4378 3918/5617/4379
f 1273/5618/3161 3918/5617/4379 3927/5616/4378
f 2422/4735/3755 2401/3754/2931 2392/3453/2672 2423/3452/2671
f 4917/4374/3459 4948/4373/3458 4879/5619/4380 4874/5620/4381
f 4614/217/214 4599/2414/1774 4613/218/215
f 4825/2327/1691 4822/3002/2287 4824/2328/1692
f 3900/5621/4382 3914/3861/3028 3912/5370/4229 3901/5622/4383
f 2039/5623/3586 2038/4540/3585 3424/426/418
f 2023/2352/369 2022/5624/2821 3419/425/417
f 2027/5625/4384 3419/425/417 2022/5624/2821
f 1617/4246/3348 1634/5626/4385 1630/4254/3356 1609/3283/2526
f 2042/3598/1777 1999/2540/1890 2025/2539/1889
f 3936/5627/4386 3931/5628/4387 3932/2111/1486 3934/2307/1671
f 3902/3069/2334 3898/3862/3029 3903/5614/4337
f 4824/2328/1692 4826/4035/3176 1299/5629/146 1301/2329/1693
f 3671/3204/2452 3673/5577/4354 3849/5572/4349 3848/3205/2453
f 3930/5630/4388 3931/5628/4387 3936/5627/4386 3929/5631/4389
f 3943/2930/2235 2002/473/465 1973/2931/440
f 1364/4057/3190 1336/3050/178 1366/1495/1075
f 3406/3550/2760 3408/2957/2256 2731/3847/3014 2730/3108/2369
f 3946/4419/3497 3944/2933/2237 1987/2932/2236
f 2042/2418/1777 1955/2417/1776 1956/5632/2800
f 3343/5633/4390 3319/5494/4294 1922/5634/271
f 3875/3097/2358 3873/2823/2153 3882/2822/2152 3883/3098/2359
f 1939/5635/270 3343/5633/4390 1922/5634/271
f 3350/2416/1775 1957/3900/1627 1955/2417/1776
f 3362/2473/1830 3416/5636/3163 3427/2521/1873
f 3364/2474/1831 3410/2522/1874 3401/5637/4391
f 3347/2678/2017 1935/4969/3104 1936/5638/2612
f 3341/5375/4231 3364/2474/1831 3400/5639/4392
f 3400/5639/4392 3364/2474/1831 3401/5637/4391
f 3333/348/345 2032/347/344 2033/5640/2828
f 2930/5198/4116 2931/3838/3009 2855/4976/3944 2864/1897/1290
f 3360/376/370 2023/375/369 3417/5641/3164
f 1921/3473/2689 1926/3980/3139 3356/5387/4236 3321/2936/2240
f 2335/432/424 2333/4792/3797 5233/5642/4393 5234/4460/3536
f 3923/2505/1861 3919/3689/2878 3928/5643/4394 3922/2506/1862
f 4533/5644/4395 4529/150/150 4463/153/153 4467/5645/4396
f 4865/5646/4397 4869/5596/2770 3954/5582/4359 3953/176/176
f 1540/2139/1511 3992/2142/1514 3997/3349/2587 1542/3348/2586
f 4747/1988/1379 3671/3204/2452 3669/3203/2451 4739/3083/2347
f 3672/1871/1268 3673/5577/4354 3671/3204/2452 4747/1988/1379
f 3674/1870/1267 3675/5578/4355 3673/5577/4354 3672/1871/1268
f 2317/4673/406 2319/5496/405 2318/3158/2412 2316/4674/3700
f 1607/4391/1645 1786/4394/3473 1785/5647/4398
f 2791/3032/2312 2792/3031/2311 2699/4932/3906 2688/4934/3908
f 1614/3534/2745 1790/4677/3702 1789/250/247
f 2522/124/124 2514/2302/1666 2515/5530/4314 2523/5533/4316
f 3694/2261/1625 3696/2260/1624 3698/5526/4310 2541/3418/2642
f 1686/3646/2843 1685/3491/2705 1681/134/134 1680/2793/2123
f 1657/4267/3367 3976/1823/1220 3972/1826/1223 1658/132/132
f 3970/1825/1222 3975/1824/1221 3974/1967/1358 3968/3892/3057
f 1654/3493/2707 1656/379/373 1655/3602/2805 1653/3257/2500
f 3622/3201/2450 3621/2321/1685 3620/2320/1684 3625/5648/4399
f 4901/5608/4376 2868/5012/3977 4906/2379/1742 4203/2378/1741
f 3974/1967/1358 3982/1969/1360 1582/3890/3055
f 1582/3890/3055 3982/1969/1360 1585/4229/3331
f 1585/4229/3331 3982/1969/1360 3980/2231/1595
f 1585/4229/3331 3980/2231/1595 1559/4227/3329
f 1559/4227/3329 3980/2231/1595 3978/2234/1598
f 1559/4227/3329 3978/2234/1598 3977/5542/4324
f 2426/4744/3762 2429/5649/4205 2427/4746/3201 2399/4745/2929
f 5001/4941/3915 2773/4935/3909 2772/333/330 2721/336/333
f 3430/5398/4239 3431/3848/3015 3428/3063/2328 3429/4134/3251
f 3993/5650/4400 3992/2142/1514 3994/2141/1513
f 2348/3239/2482 5302/4691/3716 5230/5126/4065 2338/3240/2483
f 1739/2843/2171 1738/2842/2170 4100/5252/4162 4089/5651/4401
f 4961/5224/4137 4752/5652/4402 4736/10/10 4971/9/9
f 2160/4577/2243 2159/4545/3602 2164/4544/3601 2162/4578/3629
f 1917/4454/3530 4216/3708/2892 4235/342/339 1918/341/338
f 2493/5653/3798 2491/2424/1783 2520/3723/2905 2519/5654/3799
f 1241/171/171 1242/2124/1497 1236/1990/1380 1237/172/172
f 4230/5655/4403 4249/5656/4404 4248/3300/2540 4228/2682/2021
f 1535/2138/1510 4001/2137/1509 4002/1746/1167
f 1535/2138/1510 4002/1746/1167 4003/5657/4405
f 4003/5657/4405 4002/1746/1167 4004/1749/1170
f 4003/5657/4405 4004/1749/1170 1548/4076/3203
f 3038/5218/4132 3037/4952/3923 3009/5215/4130 3010/5165/4093
f 4481/63/63 5028/62/62 5036/2407/1769 4483/2406/1768
f 3509/5431/4260 3510/3547/2757 3508/5429/4258
f 5228/5658/4406 5236/5659/4407 5229/4553/3608
f 1811/3194/2443 1774/3511/2725 1772/3340/2578 1810/3195/2444
f 4001/2137/1509 3998/196/193 4007/5144/4077
f 2482/4808/2108 2483/4799/1750 2546/4798/3800 2547/4809/3809
f 1547/4203/3309 1545/3264/2507 4006/3263/2506 1699/3000/2285
f 1705/4211/3315 4008/4213/3317 1648/5660/3366 1647/5449/3365
f 4013/5661/4408 1824/4408/3487 1550/4209/3313 1551/4208/3312
f 1823/4407/3486 4014/5662/4409 4015/5663/4410
f 1823/4407/3486 4015/5663/4410 1839/4418/3496
f 1839/4418/3496 4015/5663/4410 4016/5664/4411
f 1834/4416/3494 4016/5664/4411 4017/3296/2536
f 1834/4416/3494 4017/3296/2536 1832/4415/3493
f 1832/4415/3493 4017/3296/2536 4018/3298/2538
f 1832/4415/3493 4018/3298/2538 1830/4414/3492
f 1830/4414/3492 4018/3298/2538 4019/4178/3288
f 1830/4414/3492 4019/4178/3288 1828/4412/3490
f 1828/4412/3490 4019/4178/3288 1854/3872/3038
f 1828/4412/3490 1854/3872/3038 1826/277/274
f 1550/4209/3313 1836/2172/1543 4020/2175/1546 1549/4210/3314
f 3699/5665/4412 3731/5475/4278 3730/5546/4328 3729/2609/1951
f 1818/5196/4114 1816/3138/2395 4023/5666/4413 4022/2454/1813
f 3279/5002/3968 3256/3370/2608 5135/3373/2611 5148/5667/4414
f 1810/3195/2444 4026/3295/2535 4025/3294/2534 1812/40/40
f 1739/2843/2171 4089/5651/4401 4075/461/453 1741/460/452
f 4029/5229/4142 4030/3319/2558 4028/3318/2557 4027/3773/2948
f 4033/3653/2849 4034/2801/2131 4032/3535/2746 4031/5592/4366
f 4659/5508/4301 4550/2652/1993 4646/3595/2210 4559/5668/2209
f 1877/2108/1483 1891/2107/1482 1885/4432/3510 1878/3573/2782
f 3637/5493/4293 3639/3513/2727 3646/2849/2177 3645/2848/2176
f 3711/2259/1623 3695/2258/1622 3709/205/202 3710/456/448
f 4041/5669/4415 4042/5069/4024 4040/2453/1812 4039/5536/4319
f 2493/5653/3798 2492/2692/2031 2490/2425/1784 2491/2424/1783
f 4055/4804/3805 4056/4803/3804 4031/5592/4366 4029/5229/4142
f 448/1769/1179 1005/3412/2641 1006/1539/1096 450/1767/1177
f 4787/5670/4416 4780/5671/4417 4558/5672/4418 4665/5673/4419
f 1936/5638/2612 1959/3899/1628 3348/3901/3064 3347/2678/2017
f 1689/3644/2841 1687/380/374 1684/3492/2706 1688/3645/2842
f 2433/90/90 2434/2334/1698 2441/5674/4420 2442/91/91
f 1650/131/131 1681/134/134 1685/3491/2705 1652/3490/2704
f 4055/4804/3805 4054/3776/2951 4053/4085/3210 4076/4805/3806
f 1417/3617/2818 1421/4093/3218 1402/3771/2946 1418/3822/2993
f 4065/2959/2258 4026/3295/2535 1771/3341/2579 1750/4325/3417
f 4044/5535/4318 4071/2237/1601 4070/3531/2742 4045/3530/2741
f 1930/408/402 1929/2740/2076 1927/5675/4421 1928/409/403
f 2692/4279/3379 5245/4718/3742 5254/5676/4422 5249/5677/4423
f 4082/3814/2986 4047/3813/2985 4035/2798/2128 4080/3652/2848
f 2463/2516/1870 2461/4425/3503 2460/3102/2363 2462/4764/3774
f 2461/4425/3503 2459/4424/3502 2458/1743/1164 2460/3102/2363
f 1837/2173/1544 1818/5196/4114 4022/2454/1813 4021/2174/1545
f 1812/40/40 4025/3294/2534 4024/5678/4424 1814/37/37
f 1516/4185/3291 1517/4187/3293 4090/4479/3551
f 4090/4479/3551 1517/4187/3293 4091/3881/3047
f 3731/5475/4278 3755/4397/3476 3754/4396/3475 3730/5546/4328
f 4092/3880/3046 4093/3879/3045 1747/4379/3463
f 1747/4379/3463 4093/3879/3045 1791/4380/3464
f 1521/4192/3298 1522/2534/1884 4097/5679/4425
f 4634/5457/4268 4590/73/73 4591/5680/4426 4635/30/30
f 1914/4451/3527 1913/4450/3526 4281/3796/2971 4239/5377/4233
f 1820/2350/1714 1837/2173/1544 1836/2172/1543 1822/4406/3485
f 4083/4761/3773 4097/5679/4425 1522/2534/1884
f 4083/4761/3773 1522/2534/1884 1523/2451/1810
f 3319/5681/4294 3318/5204/4122 1923/4457/3533 1922/274/271
f 1751/465/457 4102/255/252 4103/4478/3550
f 1751/465/457 4103/4478/3550 1752/4328/3420
f 1752/4328/3420 4103/4478/3550 4092/3880/3046
f 1752/4328/3420 4092/3880/3046 1747/4379/3463
f 2724/326/323 2668/4877/3857 2709/3321/2560 2712/327/324
f 3189/5209/4126 3194/5682/2799 3188/5210/2250
f 4090/4479/3551 4103/4478/3550 4102/255/252 4112/254/251
f 1792/4232/3334 4096/5683/4427 4101/4233/3335
f 4106/2688/2027 4111/2687/2026 4104/2566/1913
f 4110/3952/3112 4099/3779/2954 4098/5684/4428
f 4110/3952/3112 4098/5684/4428 4100/5252/4162
f 4097/5679/4425 4107/5685/4429 4105/2565/1912
f 4097/5679/4425 4105/2565/1912 1521/4192/3298
f 1521/4192/3298 4105/2565/1912 4108/1338/981
f 1521/4192/3298 4108/1338/981 1520/4191/3297
f 4095/1340/983 1519/4189/3295 4113/1341/984
f 1520/4191/3297 4113/1341/984 1490/4190/3296
f 4108/1338/981 4113/1341/984 1520/4191/3297
f 1519/4189/3295 4095/1340/983 4094/3878/3044
f 1519/4189/3295 4094/3878/3044 1518/4188/3294
f 4112/254/251 1515/168/168 1516/4185/3291
f 4112/254/251 1516/4185/3291 4090/4479/3551
f 1517/4187/3293 1518/4188/3294 4091/3881/3047
f 4091/3881/3047 1518/4188/3294 4094/3878/3044
f 4093/3879/3045 4096/5683/4427 1791/4380/3464
f 1791/4380/3464 4096/5683/4427 1792/4232/3334
f 2251/5395/3384 2249/1906/1299 3866/1905/1298 3865/3394/2630
f 1466/5686/3247 4121/5687/4430 1444/5688/3233
f 3486/2954/2253 3487/4384/3467 3373/4461/178 3372/5689/178
f 4123/3523/2736 4124/99/99 4125/4917/3892
f 1915/4452/3528 1914/4451/3527 4239/5377/4233 4238/5690/4431
f 4125/4917/3892 4122/109/109 4123/3523/2736
f 4153/4156/3271 4131/4515/3581 4014/5662/4409 4013/5661/4408
f 2361/4307/3403 4751/5691/4432 4753/5692/3718 2359/4304/3401
f 4133/4512/3578 4131/4515/3581 4153/4156/3271 4150/4155/3270
f 1176/5693/1727 4486/5694/4433 4496/5695/4434 1174/5696/4157
f 4364/3816/2987 4362/5149/4081 4350/98/98
f 2229/4508/3575 2211/4507/3574 2210/4165/3280 2221/4164/3279
f 4136/5697/4435 4151/5698/4436 1452/5699/3252 1467/5700/2851
f 4133/4512/3578 4150/4155/3270 4143/4167/3281 4135/4784/3791
f 4141/4153/3268 4139/5701/4437 4130/4514/3580 4132/4513/3579
f 4143/4167/3281 1459/4166/3241 1464/4785/3246 4135/4784/3791
f 4138/3297/2537 4017/3296/2536 4016/5664/4411 4139/5701/4437
f 4131/4515/3581 4130/4514/3580 4015/5663/4410 4014/5662/4409
f 4137/4152/3267 4149/2789/2119 4147/2788/2118 4138/3297/2537
f 2224/4633/3670 2212/4506/3573 2213/4505/3572 2214/5556/4338
f 1497/3010/2295 1489/3634/2832 1498/3626/2825 1501/3011/2296
f 2014/5153/4083 2040/4522/3588 2018/4524/3590 2016/5702/4438
f 3485/2758/2092 3486/2954/2253 3372/5689/178 3371/5703/178
f 4142/4154/3269 4134/4787/3792 1463/4786/3245 1448/5704/3237
f 4140/4151/3266 4142/4154/3269 1448/5704/3237 1450/5705/3238
f 1510/3633/2831 1511/4186/3292 1499/3627/2826 1498/3626/2825
f 3871/5237/4149 2177/5706/3642 2176/4065/1300 2247/4068/3197
f 2587/5135/4071 3834/3402/2638 3836/5250/4160 2577/4216/3319
f 2578/4217/3320 3835/3855/3022 2465/3854/3021 2467/3789/2964
f 2122/5707/2575 1194/5708/4439 4504/5709/4440 2121/5710/4234
f 1480/4504/3571 4187/5232/4145 4186/203/200 1493/202/199
f 1622/4257/3359 4157/5711/4441 1700/5712/3680 1642/4261/3362
f 1622/4257/3359 1637/4258/3360 4157/5711/4441
f 4726/5713/2352 4758/5714/4442 4709/2255/1619 4727/5519/4308
f 1449/3001/2286 4162/22/22 1451/21/21
f 1619/3667/2861 4163/24/24 1635/5715/4443
f 3442/2765/2097 3446/5716/2349 3445/3599/2802 3444/2766/2098
f 4160/2014/1397 1635/5715/4443 4163/24/24
f 4160/2014/1397 4163/24/24 4161/23/23
f 4167/2073/1451 3956/2072/1450 3957/3022/2306 4166/5717/4444
f 3668/5515/4305 3846/5575/4352 3861/5573/4350 3667/5550/4332
f 3665/2703/2042 3859/2433/1792 3858/2432/1791 3664/5510/4303
f 4174/5590/4365 4175/3016/2301 3964/282/279 1604/281/278
f 1478/4150/3265 4166/5717/4444 4165/5576/4353 1468/4136/3253
f 1468/4136/3253 4165/5576/4353 4180/4906/3881 1469/4137/3254
f 1442/4113/3231 1438/4109/3227 4170/177/177 4169/5583/4360
f 1445/4116/3234 4178/5579/4356 4177/5580/4357 1443/4114/3232
f 1443/4114/3232 4177/5580/4357 4176/3015/2300 1456/3014/2299
f 2822/4097/3220 2823/3006/2291 2821/3009/2294 2820/5075/4030
f 3856/2127/1500 3857/2572/1919 2203/4616/3658 2202/2128/1501
f 1437/4108/3226 1435/4106/3224 4172/5581/4358 4171/174/174
f 3851/2820/2150 2194/4612/3654 2182/4599/3646 3850/5571/4348
f 4176/3015/2300 4177/5580/4357 3962/3589/2796 3963/2694/2033
f 3666/2702/2041 3860/5570/4347 3859/2433/1792 3665/2703/2042
f 1882/2213/1582 1890/3829/3000 1889/4004/3157 1883/4003/3156
f 4183/5718/4445 4182/2010/1393 4181/5589/4364
f 4183/5718/4445 4181/5589/4364 1602/1937/1328
f 1586/1938/1329 1602/1937/1328 4181/5589/4364
f 1602/1937/1328 1603/4242/3344 4183/5718/4445
f 3396/2585/178 3519/317/314 3533/320/317 3395/5719/178
f 1449/3001/2286 1462/4126/3244 1691/5410/3815 4159/2012/1395
f 2577/4216/3319 3836/5250/4160 3835/3855/3022 2578/4217/3320
f 3869/2028/1411 3871/5237/4149 2247/4068/3197 2258/2029/1412
f 1462/4819/3244 1461/5567/3243 4154/5220/4134 1707/4820/3814
f 3832/3783/2958 3837/3856/3023 3835/3855/3022 3836/5250/4160
f 2222/4162/3277 2204/4625/3659 2177/5706/3642 3871/5237/4149
f 4192/2104/1480 1424/4099/2270 4193/2721/2058
f 1806/3772/2947 1425/4100/3221 1809/2103/1479
f 1429/5720/2269 4193/2721/2058 1424/4099/2270
f 4275/3342/2580 4291/3344/2582 4907/5721/4446 4221/233/230
f 4194/2101/1477 4192/2104/1480 4190/2723/2060
f 4876/1931/1322 4872/5722/4447 4842/5723/1573 4837/3312/1572
f 3067/3810/2982 3074/5187/2894 3066/3811/2983
f 1713/3609/2810 1708/3259/2502 1709/3258/2501 1710/360/355
f 1430/2796/2126 4196/111/111 1428/5724/3222
f 2993/2877/2202 5291/3354/2592 5280/5725/4190 2981/2874/2199
f 1363/3132/2389 4197/4336/3426 4198/3129/2386
f 5349/5726/4448 2996/3802/2975 2961/5132/4070
f 4200/3867/3033 5349/5726/4448 5346/5727/4449
f 4708/5728/1621 2367/5238/1620 4953/3326/2565 4955/3325/2564
f 3175/5256/1974 3176/5257/1973 3162/5230/4143 3119/4644/3678
f 2944/5729/4450 5344/5730/4451 5340/5731/4452
f 4891/5732/4453 3205/5523/3842 4212/3421/2645
f 2996/3802/2975 5351/5733/4454 2997/3803/2976
f 1917/4454/3530 1916/4453/3529 4216/3708/2892
f 4224/3361/2599 5167/5734/4455 5165/5735/4456
f 5165/5735/4456 4226/5736/4457 5164/3362/2600
f 2946/5737/4458 5338/5738/4459 5341/5739/4460
f 5338/5738/4459 4208/5740/4461 4232/5741/4462
f 4894/5742/4463 4910/2055/1433 4200/3867/3033
f 4895/5743/4464 4229/2681/2020 4896/5744/4465
f 1677/5745/4466 4000/3347/2585 3997/3349/2587 1678/5746/189
f 3667/5550/4332 3861/5573/4350 3860/5570/4347 3666/2702/2041
f 2963/5131/4069 5348/5747/4467 5346/5727/4449
f 4200/3867/3033 5348/5747/4467 5347/5748/4468
f 3201/5443/4179 3532/3795/2970 3202/5749/4180
f 3202/5750/4180 3532/5751/2970 3655/5499/4297
f 5158/419/413 5160/5482/4283 4240/46/46
f 4243/45/45 4244/48/48 4245/5752/4469
f 5162/5753/4470 5163/5754/4471 4242/3665/2859
f 4223/5755/4472 5168/5756/4473 5163/5754/4471
f 3201/5277/4179 3196/5272/4175 3195/5273/4176
f 3016/2935/2239 3015/5171/4095 3320/3474/2690 3321/2936/2240
f 4900/5757/4474 2958/2482/1839 2959/5758/4475
f 4775/4238/3340 4774/4237/3339 4786/1974/1365 4785/1977/1368
f 4266/1876/1273 4264/108/108 4265/3199/2448 4237/5759/4476
f 4820/5287/4185 4817/4044/3183 1293/5760/2366 4698/5761/289
f 4272/5762/4477 2972/5763/4478 2974/5764/4479
f 2538/5765/2870 2281/3170/2422 2277/3781/2956 2537/4762/2754
f 4212/3421/2645 4897/5766/4480 4891/5732/4453
f 4233/3183/2432 2868/5012/3977 2997/3803/2976
f 1721/5767/2307 4880/5768/2823 1722/3749/2824 1720/3748/2927
f 2997/3803/2976 5351/5733/4454 4233/3183/2432
f 2710/4755/3767 5005/4879/3859 5007/4890/3870
f 4282/3797/2972 1912/4449/3525 4283/3672/2866
f 4260/2035/1418 4290/2034/1417 4894/5742/4463 4291/3344/2582
f 2976/5769/4481 5342/5770/4482 2974/5764/4479
f 4232/5741/4462 5339/5771/4483 5343/5772/4484
f 4232/5741/4462 5343/5772/4484 5341/5739/4460
f 2880/2584/1931 5126/2583/1930 5125/3578/2786 2879/3577/2785
f 4287/2680/2019 4893/5773/4485 4890/5774/4486
f 4287/2680/2019 4890/5774/4486 4272/5762/4477
f 4221/233/230 4907/5721/4446 4904/13/13
f 4221/233/230 4904/13/13 4902/16/16
f 4206/3673/2867 3320/3474/2690 3015/5171/4095
f 4206/3673/2867 3015/5171/4095 4207/1944/1335
f 2969/5483/4284 4905/5775/4487 4908/5776/4488
f 5309/2552/1899 2951/1917/163 2949/1687/1147 5310/5124/1147
f 4346/5777/4489 4347/5778/4490 4345/1493/1073 4342/5779/4491
f 1918/341/338 1754/344/341 1849/3968/3127 1908/3971/3130
f 3043/5269/4173 3036/3551/2761 3044/3553/2763
f 2660/2628/1969 5285/3910/3072 5298/5780/4219 2662/4864/3847
f 4292/5781/4492 5174/1980/1371 5173/5782/4493
f 1683/2792/2122 1594/3271/2514 1633/4256/3358 1680/2793/2123
f 2943/5783/4494 5345/5784/4495 5344/5730/4451
f 4898/5785/4496 5342/5770/4482 4232/5741/4462
f 2974/5764/4479 4895/5743/4464 4896/5744/4465
f 2974/5764/4479 4896/5744/4465 4272/5762/4477
f 4141/4153/3268 4137/4152/3267 4138/3297/2537 4139/5701/4437
f 2041/4523/3589 2027/5786/4384 2022/3620/2821 2020/3623/2822
f 2780/5365/4227 2777/3831/3002 2778/3107/2368 2781/5129/4068
f 4291/3344/2582 4894/5742/4463 4903/5787/4497
f 4291/3344/2582 4903/5787/4497 4908/5776/4488
f 4238/5690/4431 4216/3708/2892 1916/4453/3529
f 4238/5690/4431 1916/4453/3529 1915/4452/3528
f 4283/3672/2866 3320/3474/2690 4206/3673/2867
f 4292/5781/4492 5170/5788/4498 4293/5789/4499
f 4293/5789/4499 5170/5788/4498 5166/5790/4500
f 2826/5313/4204 2827/3186/2435 2825/3185/2434 2824/3746/2925
f 4118/110/110 1426/4039/3180 1428/5724/3222 4196/111/111
f 5283/5791/1704 5295/5792/1703 2793/4953/3924 2786/4949/3920
f 4295/3358/2596 1404/3357/2595 1406/1978/1369
f 4296/4963/3934 1386/3761/2938 1391/4077/3204
f 1391/4077/3204 1408/3356/2594 4296/4963/3934
f 1373/5793/3066 1355/5794/3195 4297/5795/4501
f 4297/5795/4501 1355/5794/3195 4298/3680/2873
f 4297/5795/4501 4298/3680/2873 4223/5755/4472
f 4223/5755/4472 4298/3680/2873 4225/3679/2872
f 4226/5736/4457 4302/4528/3593 4293/5789/4499
f 4300/1800/1199 1357/1799/1198 1362/3762/2939
f 1406/1978/1369 4286/1797/1196 4295/3358/2596
f 4294/3355/2593 4300/1800/1199 1362/3762/2939
f 4299/4069/3198 4293/5789/4499 4302/4528/3593
f 5165/5735/4456 5164/3362/2600 4224/3361/2599
f 4223/5755/4472 3591/5479/4281 4297/5795/4501
f 4297/5795/4501 3591/5479/4281 3595/5480/4282
f 4297/5795/4501 3595/5480/4282 1373/5793/3066
f 4286/1797/1196 4292/5781/4492 4301/1798/1197
f 1354/3681/1773 4298/3680/2873 1355/5794/3195
f 2872/4563/3617 5124/3242/2485 5127/3216/2464 2882/3215/2463
f 3570/2697/2036 4309/5796/4502 3589/5477/4280
f 3570/2697/2036 3568/5797/1548 4309/5796/4502
f 4309/5796/4502 3568/5797/1548 4311/5798/4503
f 4308/2244/1608 4307/3234/2477 4306/3058/2323 4315/5799/4504
f 4313/5800/4505 4311/5798/4503 3568/5797/1548
f 4313/5800/4505 3568/5797/1548 3564/3586/1547
f 4304/3060/2325 4305/4801/3802 4310/4800/3801 4312/5801/4506
f 3564/3586/1547 4314/2245/1609 4313/5800/4505
f 2808/400/394 2806/2562/1909 2807/5099/4047 2809/399/393
f 4603/3337/2576 2122/3336/2575 2121/5381/4234 4602/2827/2157
f 1372/4063/3194 1371/355/352 4307/3234/2477 4319/5802/4507
f 3626/60/60 3615/59/59 3614/3089/2351 3613/3088/2350
f 3765/212/209 2214/5556/4338 2216/315/312 3767/209/206
f 4321/2253/1617 4316/2252/1616 4317/3333/2572 4320/3346/2584
f 3621/2321/1685 3623/3200/2449 3628/3529/2740 3619/2322/1686
f 3617/318/315 3619/2322/1686 3628/3529/2740 3627/319/316
f 4319/5802/4507 4327/2247/1611 4321/2253/1617 4326/5491/4291
f 1352/4052/3187 1351/4051/3186 4326/5491/4291 4323/5490/4290
f 4327/2247/1611 4319/5802/4507 4307/3234/2477 4308/2244/1608
f 2344/3328/2567 3723/1831/1228 3687/2812/2142 2342/3963/3122
f 3949/4463/3538 3948/3884/3050 2066/3883/3049 2067/4464/3539
f 4158/2013/1396 4157/5711/4441 1637/4258/3360 4160/2014/1397
f 2076/4539/3598 3888/5603/4371 3890/5607/4375 2074/4132/3249
f 4341/5803/4508 4339/3877/3043 3553/5804/3311
f 4338/2370/1733 4342/5779/4491 4337/2371/1734
f 4126/3694/2883 4350/98/98 4362/5149/4081
f 3256/3370/2608 3255/5001/3967 3216/5091/4041 3217/3371/2609
f 2424/2443/1802 2391/3454/2673 2397/3117/2374 2415/2440/1799
f 4359/5805/2533 4121/5687/4430 4360/3696/2532
f 4197/4336/3426 1363/3132/2389 4361/100/100
f 4361/100/100 1363/3132/2389 1364/4057/3190
f 4361/100/100 1364/4057/3190 4358/1855/1252
f 4361/100/100 4124/99/99 4197/4336/3426
f 4121/5687/4430 4359/5805/2533 1444/5688/3233
f 1431/2797/2127 1423/4176/2271 4374/1847/1244 4373/1846/1243
f 1877/2108/1483 1878/3573/2782 1870/3574/2783 1869/5415/4245
f 1359/4294/3392 1379/3715/2897 1358/3717/2899
f 2016/5702/4438 2015/4172/3285 2013/4173/3286 2014/5153/4083
f 2015/4172/3285 2016/5702/4438 2017/5806/2105 2034/4511/2104
f 1486/3916/3078 1488/4628/3666 1487/4627/3665 1485/5298/4194
f 1962/1837/1234 1958/246/243 1961/2262/1626 1960/2265/1629
f 1985/4193/3299 1948/2736/2073 1994/4194/3300
f 1994/4194/3300 1948/2736/2073 1947/2735/2072
f 1994/4194/3300 1947/2735/2072 4395/3446/2665
f 4395/3446/2665 1947/2735/2072 1966/5286/4184
f 4395/3446/2665 1966/5286/4184 1964/410/404
f 4395/3446/2665 1964/410/404 1928/409/403
f 1994/4194/3300 4395/3446/2665 3937/4403/3482
f 3937/4403/3482 4395/3446/2665 3929/5631/4389
f 4396/3145/2399 5068/5807/4509 5084/5808/4510
f 2744/3721/2903 2745/4866/3849 2666/4892/3872 2733/2594/1938
f 2781/5129/4068 2783/4287/3387 2782/2475/1832 2780/5365/4227
f 4397/5385/4235 5065/5809/4511 4396/3145/2399
f 3929/5631/4389 5059/5810/4512 5089/5811/4513
f 5089/5811/4513 3930/5630/4388 3929/5631/4389
f 3930/5630/4388 5054/5812/4514 5083/5813/4515
f 3930/5630/4388 5083/5813/4515 5079/5814/4516
f 1993/4486/3558 1948/2736/2073 1984/4301/3398
f 1984/4301/3398 1948/2736/2073 1985/4193/3299
f 1369/3059/2324 1370/358/353 1338/357/178 1335/4062/178
f 1905/4446/3522 5071/5184/4103 5066/5476/4279
f 4425/5815/1986 3908/3691/2880 3906/3070/2335 3907/5612/973
f 1897/4440/3516 1899/3443/2662 1927/5675/4421
f 1538/2140/1512 1537/4200/3306 3991/5816/4517 3994/2141/1513
f 3272/5323/4211 3244/5312/4035 3209/3468/2684 3208/4488/3560
f 4674/84/84 5062/4703/3728 5060/4664/3691
f 3552/5469/4277 3549/5464/4274 3545/5817/4518 3544/5458/4269
f 4395/3446/2665 5088/5818/4519 5069/2656/1997
f 1905/4446/3522 5076/264/261 5055/5185/4104
f 3773/3860/3027 3783/5819/4520 3782/5554/4336 3774/2057/1435
f 4694/5820/4521 5047/5821/4522 5064/5822/4523
f 2876/5023/3988 5337/5345/3630 5324/5823/4524 2875/3896/3061
f 2494/2693/2032 2496/2387/1749 2497/182/179 2498/2691/2030
f 1927/5675/4421 1946/2943/2246 1897/4440/3516
f 1897/4440/3516 1946/2943/2246 1944/2538/1888
f 1897/4440/3516 1944/2538/1888 1895/2537/1887
f 1855/2904/2216 1880/3316/2555 1850/3969/3128
f 1850/3969/3128 1880/3316/2555 1909/3970/3129
f 2713/2928/2233 5290/5344/4203 3224/5824/2922 5274/2929/2234
f 1899/3443/2662 4395/3446/2665 1928/409/403
f 1899/3443/2662 1928/409/403 1927/5675/4421
f 1889/4004/3157 1890/3829/3000 1292/4026/3168
f 1292/4026/3168 1890/3829/3000 1284/3830/3001
f 1880/3316/2555 1888/3315/2554 1909/3970/3129
f 1909/3970/3129 1888/3315/2554 1889/4004/3157
f 5056/2963/2262 5049/5825/4525 1292/4026/3168
f 3390/5826/178 3391/5827/178 3524/5439/4262 3186/2948/2249
f 4648/4494/3563 5051/5828/4526 5053/5829/4527
f 3987/1715/1155 1670/1714/1154 1669/190/187 3986/3384/2622
f 1283/5830/4528 4412/5565/4344 1290/4023/3165
f 1290/4023/3165 4412/5565/4344 4410/5831/4529
f 4410/5831/4529 5077/4027/3169 1290/4023/3165
f 1295/4493/3562 5051/5828/4526 4648/4494/3563
f 4400/4402/3481 5070/5832/4530 5079/5814/4516
f 5070/5832/4530 3931/5628/4387 3930/5630/4388
f 3931/5628/4387 5075/5833/4531 4411/5834/4532
f 4411/5834/4532 5075/5833/4531 5080/5835/4533
f 4411/5834/4532 5080/5835/4533 5053/5829/4527
f 1283/5830/4528 4407/5564/4343 4412/5565/4344
f 4780/5671/4417 4787/5670/4416 4784/2769/2101
f 4784/2769/2101 4787/5670/4416 4782/5836/4534
f 4784/2769/2101 4782/5836/4534 4785/1977/1368
f 4785/1977/1368 4782/5836/4534 4775/4238/3340
f 4776/5837/4535 4773/2295/1659 4777/5538/4321
f 4788/5288/4186 4795/4636/3673 4790/4858/3845
f 4783/2762/2095 4793/2650/1991 4768/2649/1990
f 4768/2649/1990 4781/5507/4300 4783/2762/2095
f 4783/2762/2095 4781/5507/4300 4780/5671/4417
f 4783/2762/2095 4780/5671/4417 4784/2769/2101
f 3789/5551/4333 3793/4569/3623 2166/2077/1455 2165/2076/1454
f 4422/2647/1988 4417/2317/1681 4418/2316/1680 4419/2754/2089
f 4128/3077/2342 4129/3076/2341 4146/2791/2121 4148/2790/2120
f 4418/2316/1680 1281/1754/1173 4419/2754/2089
f 4418/2316/1680 1285/2315/1679 1282/2781/2111
f 5203/26/26 5196/25/25 5198/3227/2471 5202/5265/4169
f 4424/2648/1989 4422/2647/1988 4419/2754/2089 4420/2753/2088
f 1279/4020/2696 1894/225/222 4367/228/225 1278/4019/1129
f 4343/5838/4536 3545/5839/4518 3549/5840/4274
f 4343/5838/4536 3549/5840/4274 3547/5841/4272
f 1277/5842/3162 1276/5843/1128 3547/5841/4272
f 3547/5841/4272 1276/5843/1128 4343/5838/4536
f 3546/5460/4271 3501/2045/1425 3512/3549/2759
f 3546/5460/4271 3512/3549/2759 3514/3548/2758
f 3546/5460/4271 3514/3548/2758 3551/5468/4276
f 3551/5468/4276 3514/3548/2758 3511/5427/4256
f 3551/5468/4276 3511/5427/4256 3548/5463/4273
f 3548/5463/4273 3511/5427/4256 1271/5844/3160
f 3548/5463/4273 1271/5844/3160 1277/5461/3162
f 2264/4298/3396 2259/5376/4232 2248/4067/3196 2250/4285/3385
f 2148/5845/114 2630/5846/3832 2615/2879/2203 2147/2878/2061
f 2631/5847/3833 2144/5848/113 2643/5849/2529
f 2504/5532/4315 2506/125/125 2522/124/124 2523/5533/4316
f 2154/5251/4161 3910/3817/2988 3926/3820/2991
f 2154/5251/4161 3926/3820/2991 3921/5850/4537
f 2154/5251/4161 3921/5850/4537 2153/5299/4195
f 2153/5299/4195 3921/5850/4537 3918/5617/4379
f 2153/5299/4195 3918/5617/4379 2142/5851/4538
f 2142/5851/4538 3918/5617/4379 1273/5618/3161
f 2142/5851/4538 1273/5618/3161 1272/5852/229
f 3919/3689/2878 4425/5815/1986 3928/5643/4394
f 3928/5643/4394 4425/5815/1986 4424/5853/1989
f 3928/5643/4394 4424/5853/1989 3927/5616/4378
f 3927/5616/4378 4424/5853/1989 4420/5854/2088
f 3927/5616/4378 4420/5854/2088 1273/5618/3161
f 1273/5618/3161 4420/5854/2088 1274/5855/1176
f 3506/5856/4255 1253/5521/2090 3507/5857/4257
f 3507/5857/4257 1253/5521/2090 1251/5858/4539
f 3507/5857/4257 1251/5858/4539 3513/5859/4259
f 3513/5859/4259 1251/5858/4539 1249/5860/3723
f 3513/5859/4259 1249/5860/3723 1271/5861/3160
f 1271/5861/3160 1249/5860/3723 1247/5862/2137
f 1256/5863/1325 1254/5864/1324 1239/5865/455
f 1239/5865/455 1254/5864/1324 1255/2133/1506
f 1239/5865/455 1255/2133/1506 1245/2132/1505
f 1258/5866/454 1256/5863/1325 1239/5865/455
f 1964/410/404 1966/5286/4184 1965/247/244 1963/407/401
f 5285/5867/3072 1243/5868/3449 5298/5869/4219
f 5285/5867/3072 3288/5339/3446 1243/5868/3449
f 1223/3125/2382 3478/3124/2381 1218/5870/121
f 1209/5871/3149 3466/5367/4228 1211/5366/3151
f 2687/2627/1968 5269/4960/3931 5270/3464/2681 2660/2628/1969
f 3789/5551/4333 3790/2547/1896 3788/2550/1897 3787/4570/3624
f 2386/3760/2937 2385/3718/2900 2398/5872/4540 2437/5873/4541
f 3995/5874/4542 3984/5875/4325 3985/5876/4543 3993/5650/4400
f 1162/5877/4544 4433/5878/4545 4432/4865/3848
f 1162/5877/4544 4432/4865/3848 1155/5879/3126
f 2654/5880/1519 1166/2533/1883 1164/4861/1195
f 2950/15/15 5309/3951/1899 5310/5881/1147 2948/5183/4102
f 3345/2677/2016 3342/2676/362 3343/5633/4390
f 1878/3573/2782 1885/4432/3510 1884/3314/2553 1879/3317/2556
f 4446/3489/2703 4443/3488/2702 4438/2367/1730 4444/2834/2164
f 3392/5882/178 3393/5883/178 3535/1949/1340 3629/5884/4546
f 2135/2217/1584 2655/2216/237 2643/5849/2529 2144/5848/113
f 3294/5207/4124 3295/5098/4046 3270/5097/4045 3292/4308/3404
f 5037/5885/4547 1195/3267/2510 4505/5886/4548
f 3911/3818/2989 3924/2507/1863 3920/5887/4549 3925/3819/2990
f 1801/2925/2230 1799/1893/1286 1798/3128/2385 1800/4385/3468
f 5029/5888/4550 5039/2385/1748 4506/4928/3903 4504/5709/4440
f 5045/3999/3152 5042/5889/4551 4507/1890/1284 4511/1889/1283
f 1175/5890/4552 5012/5891/4553 5018/2658/1999
f 1175/5890/4552 5018/2658/1999 5013/2657/1998
f 3812/4631/3669 3813/5557/4339 3811/3277/2520 3810/3581/2789
f 1234/2123/1496 5043/3502/2716 5022/4575/3627
f 1381/4082/1829 1391/4077/3204 1384/3764/2941 1375/5140/1826
f 1240/2125/1498 5045/3999/3152 5044/2122/1495
f 4230/5655/4403 4231/3209/2457 4284/3363/2601 4285/5892/4554
f 4585/31/31 4635/30/30 4591/5680/4426
f 3435/3600/2803 3434/5893/4242 3432/5400/4241 3433/3601/2804
f 4594/1820/1217 4624/5894/4555 4644/5895/4556
f 4594/1820/1217 4644/5895/4556 4593/2836/2166
f 4593/2836/2166 4644/5895/4556 4642/3886/3051
f 4642/3886/3051 1168/2837/265 4593/2836/2166
f 4611/2275/1639 4633/2274/1638 4596/5248/4159
f 1856/2905/2217 1853/1950/1341 1857/1953/1344 1873/2906/2218
f 3899/3068/2333 3916/3071/2336 3914/3861/3028 3900/5621/4382
f 319/1170/914 1117/5896/680 1119/1698/679 380/1237/924
f 1676/3675/2868 1677/5897/4466 1671/5898/4557 1664/2662/2003
f 3812/4631/3669 3824/4171/3284 2173/5558/4080
f 1303/5899/1694 1301/4929/1693 4702/4919/3894 4703/4918/3893
f 1470/4138/3255 4179/4905/3880 4178/5579/4356 1445/4116/3234
f 3849/5572/4349 2181/4598/3645 2197/4614/3656 3848/3205/2453
f 3172/5231/4144 3171/3684/2876 3160/4850/3837 3166/4849/3836
f 3821/1834/1231 3819/2670/2011 3799/3078/2343 3798/1835/1232
f 3823/4170/3283 3828/3784/2959 2174/5566/3653
f 3498/2486/1843 3503/2485/1842 3502/2044/1424 3499/2043/1423
f 1478/4150/3265 1477/4149/3264 4167/2073/1451 4166/5717/4444
f 3846/5575/4352 3847/3206/2454 2196/4613/3655 2189/4601/3648
f 2303/3082/842 3670/1987/1378 4747/1988/1379 4739/3083/2347
f 4765/5585/3402 3676/5517/4307 3674/1870/1267 4764/1869/1266
f 4145/4158/3273 4152/4157/3272 4156/5492/4292 4155/5219/4133
f 4069/3532/2743 4085/2689/2028 4084/4760/3772 4068/3924/3086
f 2536/4389/3470 2539/4483/3555 2538/3677/2870 2535/3676/2869
f 2082/3218/2466 3882/2822/2152 3884/2821/2151 2064/4538/3597
f 2820/5075/4030 2821/3009/2294 2819/3887/3052 2818/5239/4150
f 2762/5528/4312 5288/5900/3946 5275/4845/162 2761/4844/3835
f 3685/3611/2812 3689/5901/4558 3703/3447/2666 3684/3612/2813
f 1953/5902/4559 1955/5903/1776 1957/2263/1627 1961/2262/1626
f 4869/3561/2770 4865/5904/4397 1725/5905/4560 1724/3562/2771
f 5273/3954/2979 5276/5906/1946 2989/5907/4561 2985/3955/3114
f 2336/3567/2776 5228/5658/4406 5229/4553/3608 2334/2446/1805
f 3991/5816/4517 1537/4200/3306 3990/5908/4562 3989/1814/1211
f 2531/2747/2083 2530/2748/2084 2528/3555/2765 2529/4390/3471
f 2753/3479/2695 2754/3798/2973 2364/2771/2103 2360/3931/3093
f 1829/4413/3491 1827/276/273 1847/279/276 1846/4428/3506
f 4063/2962/2261 4062/5909/4563 4024/5678/4424 4025/3294/2534
f 4333/3863/3030 4328/1880/1277 3558/1879/1276 3556/3864/1388
f 4704/149/149 5088/5818/4519 5074/3445/2664 4702/4919/3894
f 2974/5764/4479 2972/5763/4478 5321/5910/3780 5318/5911/300
f 3715/206/203 3706/2575/1922 3728/2574/1921 3727/207/204
f 3727/207/204 3728/2574/1921 3687/2812/2142 3723/1831/1228
f 2361/4307/3403 4764/4306/1266 4763/2094/1269 2362/2093/1471
f 2219/3506/2720 2220/5562/4342 3870/2027/1410 2236/3778/2953
f 1667/5912/2709 1719/5142/2708 4007/5144/4077 3998/196/193
f 1806/3772/2947 1805/2924/2229 1803/3359/2597
f 5268/3435/2654 5248/5525/4309 5267/3471/2687 2670/5913/4564
f 1477/4149/3264 1476/4148/3263 4168/2070/1448 4167/2073/1451
f 2663/2626/1967 3306/5914/4565 3311/2476/1833 2782/2475/1832
f 2645/7/7 2648/3824/2995 2352/2784/2114 2644/8/8
f 3561/5915/2574 3562/5916/2573 3625/5917/4399 3566/5918/287
f 2338/3240/2483 5230/5126/4065 5228/5658/4406 2336/3567/2776
f 4883/5919/2304 1762/5920/4566 1764/428/420 4884/427/419
f 4748/2701/2040 4749/5549/4331 3667/5550/4332 3666/2702/2041
f 4314/2245/1609 4308/2244/1608 4315/5799/4504 4313/5800/4505
f 4631/5921/4567 4627/4552/3607 4529/150/150 4533/5644/4395
f 4340/5922/4568 4338/2370/1733 4339/3877/3043
f 1367/3902/3065 3587/3456/2675 4305/4801/3802 1368/4061/3193
f 4666/5923/4569 4668/5924/4570 4564/5925/2318 4562/5926/2317
f 4885/430/422 1766/429/421 1765/3897/3062 4886/5927/2798
f 2358/5928/4571 4766/5929/4361 4765/4305/3402 2359/4304/3401
f 3501/2045/1425 3546/5460/4271 3521/2209/1578 3500/2046/1426
f 1995/4251/3353 1996/4487/3559 1997/2542/1892
f 3070/5271/2397 3033/5201/4119 3034/3850/3017 3019/3853/3020
f 5307/5930/4285 2956/2005/1389 2955/1995/1385 5316/5931/4286
f 1537/4200/3306 1526/4196/3302 3990/5908/4562
f 3690/2576/1923 3705/2272/1636 3704/2271/1635 3689/5901/4558
f 3022/2251/1615 3026/5932/4572 3049/3570/2779 3021/2248/1612
f 2821/3009/2294 3187/3008/2293 3177/3888/3053 2819/3887/3052
f 2954/5486/4287 5316/5485/4286 5317/3950/1898 2952/14/14
f 1620/5933/4573 4873/3329/2568 1728/2530/1880 4831/2529/17
f 1637/4258/3360 1636/5934/4574 1634/5626/4385 1635/5715/4443
f 1625/36/36 1688/3645/2842 1686/3646/2843 1632/4255/3357
f 2513/3419/2643 2505/417/411 2506/125/125 2504/5532/4315
f 2140/5018/3983 2141/5935/228 2139/5936/3159 2138/5019/3984
f 3877/2863/2190 3876/3650/2846 3874/5595/4367 3875/3097/2358
f 5297/5101/362 2717/4895/3875 2726/4897/3877 5279/5284/362
f 3401/5937/4391 3410/3705/1874 3409/3707/2891 3402/2383/1746
f 1476/4148/3263 1442/4113/3231 4169/5583/4360 4168/2070/1448
f 2996/3802/2975 5325/3801/178 5312/5133/2082 2961/5132/4070
f 3545/5839/4518 4343/5838/4536 3553/4207/3311 3542/4206/3310
f 1804/144/144 1800/4385/3468 1798/3128/2385 1796/145/145
f 4631/5921/4567 4630/2825/2155 4604/2064/1442 4601/2067/1445
f 3178/3499/2713 3140/3498/2712 3186/5276/2249 3152/5262/4166
f 5177/5106/4050 1412/4087/3212 5175/5938/4575 1748/4381/3465
f 5304/4281/3381 5303/4283/3383 4720/5939/4576 4722/4386/2411
f 1603/4242/3344 1602/1937/1328 1588/1936/1327 1590/3458/2677
f 3622/5470/2450 3625/5917/4399 3562/5916/2573 3563/5471/2794
f 1785/5647/4398 1784/2355/1718 1612/2354/1717 1607/4391/1645
f 4794/3505/2719 4672/4638/1721 4647/5531/3561 4769/2600/1942
f 2453/3651/2847 2455/4759/3771 2594/3272/2515 2595/5420/4249
f 3545/5817/4518 3542/5940/3310 3540/5459/4270 3544/5458/4269
f 1451/21/21 1452/4135/3252 1450/4120/3238 1449/3001/2286
f 3237/5941/4577 2818/5239/4150 2817/3660/2854 2848/3659/2853
f 5256/3940/3102 5257/5942/4578 3436/5943/4579 3515/3525/2737
f 2912/5064/4017 2998/187/184 3040/186/183 2915/2726/2063
f 4774/4237/3339 4773/2295/1659 4776/5837/4535 4786/1974/1365
f 2454/4758/3770 3708/3232/2475 3707/1741/1162 2456/1740/1161
f 5249/5677/4423 3439/5138/4074 5257/5942/4578 2669/3777/2952
f 1403/3770/2945 4195/93/93 1395/96/96 1401/3765/2942
f 4077/4806/3807 4076/4805/3806 4072/3613/2814 4044/5535/4318
f 3891/4580/3612 3938/2305/1669 3939/2304/1668 3898/5944/3029
f 2590/4091/3216 2599/4830/3823 2588/4829/3822 2589/4089/3214
f 1840/3320/2559 1776/3870/3036 1774/3511/2725 1811/3194/2443
f 2020/3623/2822 2021/3622/372 2019/5945/4580 2018/4524/3590
f 1180/2870/1726 4484/2873/2198 4486/5694/4433 1176/5693/1727
f 2789/322/319 2739/321/318 2788/1375/1006 2790/3033/2313
f 4416/2314/1678 4407/5564/4343 1283/5830/4528
f 3598/4458/3534 3574/3212/2460 3586/2847/2175
f 4014/5662/4409 1823/4407/3486 1824/4408/3487 4013/5661/4408
f 2981/2874/2199 5280/5725/4190 5277/5946/1818 2979/3906/3068
f 3394/5947/178 3395/5719/178 3533/320/317 3534/1946/1337
f 2891/4974/3942 2890/1860/1257 2865/1898/1291 2887/4975/3943
f 2833/4766/3776 3118/4645/3679 3120/5214/4129 2831/4982/3949
f 2766/3305/2545 2767/3558/2767 2349/3122/2379 2376/3121/2378
f 5238/4302/3399 5241/3720/2902 2388/3719/2901 5200/4303/3400
f 4558/5672/4418 4659/5508/4301 4559/5668/2209 4658/5948/4581
f 3361/3094/362 3358/377/371 3360/376/370
f 4878/3155/2409 1735/3154/2408 1736/3332/2571 4881/3245/2488
f 2328/5949/1147 2343/2254/1618 4708/2257/1621 4711/5950/3118
f 2451/2568/1915 2453/3651/2847 2595/5420/4249 2596/5568/4345
f 4331/5110/4053 4332/4045/3184 4336/2369/1732 4335/2368/1731
f 3043/5434/4173 3315/5437/362 3316/367/362 3081/370/364
f 3488/5109/4052 3472/353/350 3471/352/349 3461/5154/4084
f 3050/2577/1924 3062/2580/1927 3060/2859/2186 3068/3809/2981
f 1672/5951/4582 1668/191/188 1669/190/187 1670/1714/1154
f 1778/3871/3037 1755/343/340 1777/2326/1690 1776/3870/3036
f 4886/3591/2798 3961/3590/2797 3960/4908/3883 4885/5511/422
f 1560/4607/3651 1561/3249/2492 1572/3248/2491 1571/5952/4583
f 4249/5656/4404 5174/1980/1371 5176/1979/1370 4250/396/390
f 5072/4024/3166 5067/2629/1970 1289/294/291 1291/293/290
f 2946/5737/4458 2978/5953/4584 5320/5954/4585 5308/5955/4019
f 4497/2660/2001 4496/5695/4434 5038/5956/4586 5013/2657/1998
f 2587/5135/4071 2577/4216/3319 2575/2404/1766 2573/2980/2272
f 2247/4068/3197 2248/4067/3196 2259/5376/4232 2258/2029/1412
f 2434/2334/1698 2435/2524/1876 2440/1954/1345 2441/5674/4420
f 1707/4820/3814 1697/4815/3811 1695/3252/2495 1693/3251/2494
f 3862/4660/3687 2180/4591/3638 2179/4597/3644 3855/2032/1415
f 4884/5512/419 3959/4907/3882 3958/3021/2305 4883/3020/2304
f 2080/4547/3603 3881/2860/2187 3883/3098/2359 2081/3217/2465
f 5084/5808/4510 5063/2655/1996 1327/2313/1677 4396/3145/2399
f 2010/4500/3567 2079/5221/362 2078/5957/362 2036/4517/3583
f 2439/1956/1347 2386/3760/2937 2437/5873/4541
f 5249/5677/4423 5254/5676/4422 3440/5139/4075 3439/5138/4074
f 3592/422/414 3594/3557/2766 5155/2155/1526 4241/5958/4587
f 2377/285/282 5201/5270/4174 5238/4302/3399 5240/2616/1958
f 4944/4366/3451 4920/4365/3450 4859/4863/3846 4858/5959/4588
f 2529/4390/3471 2528/3555/2765 2526/3920/3082 2527/4388/3469
f 2805/5213/4128 2807/5099/4047 2806/2562/1909 2804/2561/1908
f 4449/219/216 4538/2151/1522 4472/5960/2321 4515/5961/4589
f 2142/5851/4538 1272/5852/229 2141/5935/228 2140/5018/3983
f 4189/2722/2059 4193/2721/2058 1429/5720/2269
f 2592/3273/2516 2611/4427/3505 2590/4091/3216 2591/3274/2517
f 2503/5537/4320 2484/2345/1709 2486/2344/1708 2502/5289/4187
f 3397/3096/2357 3340/4122/3240 3341/5962/4231 3400/5963/4392
f 2131/115/115 2167/4576/3628 2162/4578/3629 2132/4556/3611
f 5213/5964/4590 2736/5965/4591 2779/5966/4592 5211/4948/3919
f 1533/193/190 1534/4198/3304 1532/1994/1384 1531/194/191
f 4833/257/254 4934/256/253 4921/4342/3432 4851/4722/3745
f 5232/4282/3382 5231/2613/1955 5234/4460/3536 5235/5967/4593
f 3541/3858/3025 3539/2783/2113 3538/2782/2112 3540/5459/4270
f 3542/5940/3310 3543/3859/3026 3541/3858/3025 3540/5459/4270
f 2350/3932/3094 4971/9/9 5218/12/12 2349/3122/2379
f 3508/5429/4258 3510/3547/2757 3503/2485/1842 3504/2484/1841
f 1526/4196/3302 1528/4197/3303 1553/4639/3674 3990/5908/4562
f 1479/4179/3289 1471/4182/3256 1439/4605/3228 4188/4604/3650
f 2993/2877/2202 5114/2876/2201 5099/5968/4594 2992/3352/2590
f 1848/278/275 1849/3968/3127 1754/344/341 1756/4329/3421
f 1606/4392/1644 1605/3575/2784 4847/1853/1250 1787/4393/3472
f 3976/1823/1220 1657/4267/3367 1673/1713/1153 3988/1712/1152
f 3618/57/57 3619/2322/1686 3617/318/315 3616/58/58
f 3689/5901/4558 3704/2271/1635 3688/3448/2667 3703/3447/2666
f 2051/4526/3591 3880/2861/2188 3881/2860/2187 2080/4547/3603
f 4329/3874/3040 4330/3873/3039 4332/4045/3184 4331/5110/4053
f 3469/5419/4248 3470/5518/2180 3468/5969/2182 3467/5412/4243
f 2806/2562/1909 2808/400/394 3153/1858/1255 3191/2563/1910
f 4889/5970/4595 4897/5766/4480 4212/3421/2645 4269/3420/2644
f 2686/3559/2768 2685/4921/3896 2751/4339/3429 2752/3477/2693
f 4173/3994/3148 3950/20/20 3951/19/19 4172/5581/4358
f 3144/3500/2714 3180/5260/4165 3145/5267/4171 3146/4704/3729
f 4008/4213/3317 4010/3698/2885 1715/5971/3397 1648/5660/3366
f 1930/408/402 1932/4462/3537 1931/2739/2075 1929/2740/2076
f 4182/2010/1393 1440/4111/3229 1458/2545/1894 4181/5589/4364
f 4081/2038/1421 4078/4769/3779 1539/4201/3307 1541/2036/1419
f 1788/459/451 4074/458/450 4053/4085/3210 1783/4084/3209
f 4046/3812/2984 1532/1994/1384 1534/4198/3304 4041/5669/4415
f 2960/5128/4067 2970/4772/3782 5313/4771/3781 5311/5127/4066
f 2449/2569/1916 2451/2568/1915 2596/5568/4345 2597/433/425
f 2446/1810/1207 2444/4316/3408 2443/4071/1095 2185/3024/1094
f 4117/1488/1068 4114/1892/1285 4191/1895/1288
f 2319/411/405 4724/414/408 4725/2222/1588 2321/2221/1587
f 4244/48/48 4252/3360/2598 4251/3208/2456 4253/3423/2647
f 4416/2314/1678 4417/2317/1681 4421/3869/3035 4407/5564/4343
f 4348/1662/1131 4349/5972/4596 1276/1659/1128
f 3382/5973/178 3186/2948/2249 3383/2947/178
f 4340/5922/4568 4339/3877/3043 4341/5803/4508 4344/5974/4597
f 5032/3614/2815 5035/2408/1770 1162/5975/4544 1155/3967/3126
f 3439/5138/4074 3438/5976/2008 3436/5943/4579
f 2027/5625/4384 2039/5623/3586 3424/426/418 3419/425/417
f 5299/5977/178 3212/5228/4141 3211/5326/4214 5293/5978/178
f 3778/80/80 3775/5552/4334 3772/2804/2134
f 1423/2979/2271 1421/4098/3218 1409/4096/2817 1422/4095/3219
f 4625/2180/1551 4592/1819/1216 4587/2737/2074 4643/2181/1552
f 2774/5979/4598 5296/5980/3795 5289/5981/3947 2775/5527/4311
f 1251/5982/4539 1253/2755/2090 1252/1932/1323 1250/1/1
f 3753/3380/2618 3734/2230/1594 3735/2229/1593 3747/3911/3073
f 3073/5186/4105 3075/4411/3489 3095/4410/2895
f 4433/5878/4545 1162/5877/4544 1179/5983/3145 4434/5984/4599
f 5280/5294/4190 2720/5293/4189 2719/2460/1819 5277/2459/1818
f 2684/3304/2544 2686/3559/2768 2767/3558/2767 2766/3305/2545
f 4434/5984/4599 1179/5983/3145 1158/1958/1349 5264/1957/1348
f 446/1776/1186 445/632/586 443/626/580 444/1441/1022
f 4709/2255/1619 4758/5714/4442 2368/5985/4043 2367/2256/1620
f 2772/333/330 2773/4935/3909 2684/3304/2544 2768/3303/2543
f 1787/4393/3472 4847/1853/1250 1743/1852/1249 4848/5986/4600
f 1721/5767/2307 1720/3748/2927 1762/5920/4566 4883/5919/2304
f 1581/4223/3326 1583/4224/3327 1595/2814/2144 3967/2813/2143
f 3745/2501/1857 2345/77/77 3743/5541/4323 3744/2498/1854
f 4270/4584/3633 2943/5783/4494 5324/5987/4524 5337/4581/3630
f 3816/3276/2519 3820/5561/4341 3815/5560/4340 3818/5988/4601
f 3922/2506/1862 3917/5615/4377 3920/5887/4549 3924/2507/1863
f 3657/2634/1975 3175/2633/1974 3174/5505/3677 3660/5503/4298
f 5049/5825/4525 5056/2963/2262 1326/478/470 4675/477/469
f 2544/2161/1532 2545/3907/3069 2494/5989/2032 2492/5990/2031
f 4582/3034/2314 4587/2737/2074 1178/2738/2050 1187/3035/2049
f 1325/476/468 1323/81/81 4674/84/84 4675/477/469
f 1926/3980/3139 1925/5203/4121 3355/5205/4123 3356/5387/4236
f 1332/5587/178 1336/3050/178 1364/4057/3190 1365/4058/3191
f 2732/4856/3843 5210/4911/3886 2741/324/321 2740/323/320
f 2756/5991/4602 4430/4944/3918 2750/2592/1936 2746/4916/3891
f 4368/3285/2528 1861/3284/2527 1862/3291/1565 4360/3290/2532
f 3698/5526/4310 3699/5665/4412 3729/2609/1951 3697/2608/1950
f 4046/3812/2984 4041/5669/4415 4039/5536/4319 4047/3813/2985
f 3701/1742/1163 3707/1741/1162 3693/3233/2476 2484/2345/1709
f 3698/5526/4310 3696/2260/1624 3700/5992/4603 3699/5665/4412
f 1214/3224/2469 1219/117/117 1199/120/120 1197/3266/2509
f 1292/4026/3168 1284/3830/3001 1283/5830/4528 1290/4023/3165
f 4444/2834/2164 4438/2367/1730 4439/2366/1729 4440/2831/2161
f 4027/3773/2948 4028/3318/2557 1760/5993/4604 1759/3774/2949
f 1595/2814/2144 1600/3460/2679 1596/3459/2678 1598/2815/2145
f 3630/5424/4253 3637/5493/4293 3524/5439/4262 3629/5884/4546
f 1875/2444/1803 1866/2527/1879 1867/2526/1878 1858/1952/1343
f 2959/5758/4475 4893/5773/4485 4900/5757/4474
f 3095/3713/2895 3096/5445/3488 3329/5448/362 3330/3710/362
f 5028/62/62 1179/3991/3145 1162/5975/4544 5036/2407/1769
f 1622/4257/3359 1631/4259/3361 1623/35/35 1624/34/34
f 2527/4388/3469 2526/3920/3082 2524/1961/1352 2525/4648/3681
f 4620/3670/2864 4603/3337/2576 4602/2827/2157 4621/2826/2156
f 1335/4062/178 1355/4064/3195 1367/3902/3065
f 3991/5816/4517 3995/5874/4542 3993/5650/4400 3994/2141/1513
f 5297/4489/362 3209/3468/2684 2983/3429/2648 5286/4060/3192
f 3474/3568/2777 3493/5423/4252 3456/2556/1903 3458/2555/1902
f 1226/3958/3117 1221/338/335 1220/337/334 1225/1902/1295
f 2350/3932/3094 2349/3122/2379 2767/3558/2767 2760/3476/2692
f 4057/3533/2744 4069/3532/2743 4068/3924/3086 4051/3923/3085
f 4288/393/387 4206/3673/2867 4207/1944/1335
f 5276/5906/1946 5284/5994/1945 2986/5995/4605 2989/5907/4561
f 2736/5965/4591 5213/5964/4590 5210/4911/3886
f 2164/4544/3601 2161/2075/1453 3794/5122/4062
f 2583/4218/3321 2566/4297/3395 2568/4733/3753 2582/4219/3322
f 4643/2181/1552 4587/2737/2074 4582/3034/2314 4639/3103/2364
f 5316/5931/4286 2955/1995/1385 2953/1914/1306 5317/2551/1898
f 4241/5958/4587 5161/5996/4606 4240/46/46 5160/5482/4283
f 3328/5447/362 3031/5446/4117 3033/5456/4119 3326/5455/362
f 2634/104/104 2640/103/103 2641/4857/3844 2646/4574/3626
f 1857/1953/1344 1874/4429/3507 1871/3780/2955 1873/2906/2218
f 2603/4838/3829 2607/3440/2659 2609/5421/4250 2593/3275/2518
f 3901/5622/4383 3896/3133/2390 3894/2391/1753 3900/5621/4382
f 4119/4037/3178 4125/4917/3892 4126/3694/2883 4120/5997/4607
f 3614/3089/2351 3615/59/59 3523/346/343 3522/3909/3071
f 4344/5974/4597 4341/5803/4508 4343/5998/4536
f 5253/5399/4240 3432/5400/4241 5254/5676/4422 5245/4718/3742
f 2759/4496/3564 2758/5999/4608 5281/6000/3113 5299/4495/178
f 4638/3261/2504 4586/2365/1728 4595/5245/4156 4641/5253/4163
f 2529/4390/3471 2535/3676/2869 2534/3543/2753 2531/2747/2083
f 1331/4293/178 1332/5587/178 4376/5586/4362 1359/4294/3392
f 1359/4294/3392 4376/5586/4362 4377/1884/1281 1387/1883/1280
f 5026/3501/2715 4501/467/459 4500/261/258 5041/260/257
f 4429/1794/1193 2756/5991/4602 2746/4916/3891 2748/4466/3541
f 1997/2542/1892 1998/2541/1891 2008/6001/4609 1995/4251/3353
f 1435/4106/3224 1433/4105/3223 4173/3994/3148 4172/5581/4358
f 3985/6002/4543 3986/3384/2622 1669/190/187 1679/189/186
f 4186/203/200 4187/5232/4145 1571/5952/4583 1569/3787/2962
f 4349/5972/4596 4344/5974/4597 4343/5998/4536
f 1839/4418/3496 4016/5664/4411 1834/4416/3494 1835/2731/2068
f 1192/3998/2181 1193/5195/4113 1217/3196/2445 1210/3996/3150
f 4589/3175/2426 4583/2015/1398 1185/2018/1401 1157/3176/2427
f 4654/4399/3478 4400/4402/3481 4399/3391/2628 4664/3390/1366
f 3229/1909/1302 3110/5240/4151 3109/3693/2882 3220/5031/3996
f 2273/2113/1488 2278/3278/2521 2282/3169/2421 2271/4662/3689
f 4776/5837/4535 4654/6003/3478 4664/1975/1366 4786/1974/1365
f 3738/50/50 3740/4971/3939 3739/4752/3764 3737/51/51
f 2425/2442/1801 2417/4277/3377 2412/4730/3750 2413/4731/3751
f 2979/3906/3068 5277/5946/1818 5278/4059/1821 2982/3432/2651
f 2129/2496/1852 2130/6004/4610 4513/2659/2000 4512/2497/1853
f 1868/2195/1566 1860/5416/4246 1871/3780/2955 1874/4429/3507
f 4261/3343/2581 4263/3198/2447 4262/107/107 4260/2035/1418
f 5189/3376/2614 5193/3377/2615 3781/5553/4335 3782/5554/4336
f 3792/5317/4206 3878/3649/2845 3879/2862/2189 3786/4567/3621
f 4761/2085/1463 4758/5714/4442 4726/5713/2352 4728/3674/2355
f 3712/2273/1637 3692/5529/4313 3693/3233/2476 3691/2270/1634
f 2271/4662/3689 2282/3169/2421 2280/3172/2424 2283/4661/3688
f 4955/3325/2564 4952/3960/3119 4711/3959/3118 4708/5728/1621
f 3864/3395/2631 3867/5588/4363 2180/4591/3638 3862/4660/3687
f 1831/4029/3171 1829/4413/3491 1846/4428/3506 1845/4030/3172
f 4578/3005/2290 4579/3004/2289 4701/6005/2224 4700/6006/2274
f 2298/6007/4611 2328/5949/1147 2327/4680/3705 4732/4434/3512
f 3462/3163/2416 3490/3583/2791 3475/3585/2793 3460/5152/4082
f 4107/5685/4429 4097/5679/4425 4083/4761/3773 4084/4760/3772
f 1677/5745/4466 1676/6008/2868 3999/195/192 4000/3347/2585
f 1975/2464/1823 1970/2463/1822 1971/4482/3554 1972/4195/3301
f 3819/2670/2011 3818/5988/4601 3800/1738/1159 3799/3078/2343
f 2791/3032/2312 2688/4934/3908 2661/4286/3386
f 1305/6009/2617 1303/5899/1694 4703/4918/3893 4694/5820/4521
f 1620/6010/4573 4830/4248/3350 1618/4247/3349 4838/6011/2489
f 1178/2711/2050 1172/4436/1219 4492/4438/3514 4487/2712/2051
f 1869/5415/4245 1870/3574/2783 1871/3780/2955 1860/5416/4246
f 4084/4760/3772 4085/2689/2028 4106/2688/2027 4107/5685/4429
f 5288/4978/3946 2994/4977/3945 2987/163/163 5275/162/162
f 3818/5988/4601 3819/2670/2011 3817/2669/2010 3816/3276/2519
f 5040/5454/4267 5027/3957/3116 4499/4782/3789 4502/4781/3788
f 4165/5576/4353 4166/5717/4444 3957/3022/2306 3958/3021/2305
f 4924/4776/3785 1783/4084/3209 1781/3775/2950 4933/4756/3768
f 4061/4234/3336 4038/2452/1811 4022/2454/1813 4023/5666/4413
f 4220/234/231 4221/233/230 4902/16/16 4273/4791/3796
f 1553/4639/3674 1555/1811/1208 3989/1814/1211 3990/5908/4562
f 1730/4335/1320 4942/4334/3425 4949/4775/3784 1731/4774/1321
f 4250/396/390 5176/1979/1370 5171/415/409
f 3834/3402/2638 2587/5135/4071 2193/5134/2967 2192/3403/2639
f 2944/5729/4450 2946/5737/4458 5308/5955/4019 5323/6012/362
f 4205/3671/2865 4288/393/387 4214/105/105 4215/1875/1272
f 2183/3791/2966 2172/3187/2436 2171/4590/3637 2173/5147/4080
f 1619/3667/2861 1635/5715/4443 1634/5626/4385 1617/4246/3348
f 2499/184/181 2495/4720/3743 2498/2691/2030 2497/182/179
f 2257/309/306 2256/308/305 2258/2029/1412 2259/5376/4232
f 1261/300/297 1257/2/2 1260/1935/1326 1259/301/298
f 2120/6013/1443 4506/4928/3903 4503/4927/3902 2119/6014/1444
f 3434/5893/4242 3441/5136/4072 3440/5139/4075 3432/5400/4241
f 2828/5112/4055 2829/5264/4168 2827/3186/2435 2826/5313/4204
f 5050/6015/4612 5087/2421/1780 4689/2420/1779 4692/6016/4613
f 2749/6017/3147 2756/5991/4602 4429/1794/1193 1163/1793/1192
f 4789/2090/1468 4788/5288/4186 4666/5923/4569 4667/2091/1469
f 1185/5391/1401 1186/6018/1400 4481/63/63 4483/2406/1768
f 3220/5031/3996 3109/3693/2882 3108/3692/2881 3222/5028/3993
f 1842/2730/2067 1825/2348/1712 1821/2347/1711 1838/4417/3495
f 3945/4421/3499 3947/4420/3498 3948/3884/3050 3949/4463/3538
f 1420/2114/1489 1394/3766/2943 1395/96/96 1396/95/95
f 3700/5992/4603 3732/52/52 3731/5475/4278 3699/5665/4412
f 3306/5914/4565 3097/6019/4155 3029/5363/4099 3311/2476/1833
f 3763/3262/2505 3761/5548/4330 2224/4633/3670 2214/5556/4338
f 4439/2366/1729 1184/2742/2078 1183/3986/3144 4440/2831/2161
f 4965/3123/2380 5218/12/12 4735/11/11 4741/4984/3951
f 2543/128/128 2544/2161/1532 2492/5990/2031 2493/4793/3798
f 4078/4769/3779 4050/2311/1675 4051/3923/3085 4049/3836/3007
f 4116/1489/1069 4117/1488/1068 4191/1895/1288 4190/2723/2060
f 2382/2396/1758 2380/284/281 5225/287/284 5224/2397/1759
f 4431/3722/2904 1161/4946/2080 1155/5879/3126 4432/4865/3848
f 1939/5635/270 1937/4968/3105 3345/2677/2016 3343/5633/4390
f 2125/6020/1422 4508/4000/3153 4511/1889/1283 2124/1888/1213
f 5336/4854/3841 4892/4853/3840 2941/6021/3910 5332/6022/3913
f 1383/6023/3205 1382/2639/1980 1389/2641/1982 1390/6024/2820
f 5345/5784/4495 4889/5970/4595 4208/5740/4461
f 5059/5810/4512 4397/5385/4235 4663/3392/2629 5089/5811/4513
f 1977/6025/3816 1988/5053/441 2001/472/464 2008/6001/4609
f 3332/5393/362 3365/2471/362 3364/2474/1831 3341/5375/4231
f 3106/5208/4125 3305/4981/3948 2893/1861/1258 2894/5217/4131
f 3115/4973/3941 3106/5208/4125 3026/5932/4572 3022/2251/1615
f 3530/3704/2890 3643/2851/2179 3644/2850/2178 3642/3703/2889
f 1661/4270/3370 1675/4276/3376 1663/2663/2004 1662/6026/4614
f 2297/4669/3696 2562/5506/4299 2559/1918/1309 2564/2078/1456
f 4255/236/233 4274/3166/2419 4275/3342/2580 4221/233/230
f 1848/278/275 1826/277/274 1850/3969/3128 1849/3968/3127
f 2495/4720/3743 2499/184/181 2500/3964/3123 2502/5289/4187
f 4253/3423/2647 4246/3422/2646 4245/5752/4469 4244/48/48
f 1562/4641/1392 1564/4291/1188 1563/3250/2493 1561/3249/2492
f 1574/4649/3682 1578/4221/3324 1577/3247/2490 1576/3805/2977
f 2765/3238/2481 2766/3305/2545 2376/3121/2378 2348/3239/2482
f 1624/34/34 1626/33/33 1636/5934/4574 1637/4258/3360
f 2691/4926/3901 5245/4718/3742 2678/4430/3508 2693/4894/3874
f 4624/5894/4555 4592/1819/1216 4625/2180/1551
f 2269/4663/3690 2270/5569/4346 2271/4662/3689
f 3740/4971/3939 3738/50/50 3753/3380/2618 3757/2499/1855
f 2278/3278/2521 2275/130/130 2276/129/129 2277/3781/2956
f 1983/3400/2636 1972/4195/3301 1971/4482/3554 1981/447/439
f 4010/3698/2885 4009/3697/2884 1717/5143/3765 1715/5971/3397
f 1335/4062/178 1334/2410/178 1354/2413/1773 1355/4064/3195
f 4974/4824/3818 4713/4823/3817 4710/3962/3121 4954/3961/3120
f 5294/6027/2591 2723/6028/4615 2722/5292/4188 5291/5291/2592
f 2457/5125/4064 2459/4424/3502 2611/4427/3505 2592/3273/2516
f 1430/4104/2126 1428/4103/3222 1427/4102/1226 1429/2977/2269
f 4695/2164/1535 1291/293/290 4698/292/289 1293/3105/2366
f 4105/2565/1912 4107/5685/4429 4106/2688/2027 4104/2566/1913
f 3499/2043/1423 3500/2046/1426 3495/5422/4251 3494/2786/2116
f 4828/2019/1402 4829/44/44 4803/4317/3409 4805/2020/1403
f 5229/4553/3608 5236/5659/4407 5227/4554/3609
f 3301/3758/2935 5147/3757/2934 5134/3926/3088 3215/5092/4042
f 4209/2377/1740 4258/3192/2441 4256/3214/2462 4257/235/232
f 2052/3220/362 2083/4548/362 2046/4537/3596 2044/4527/3592
f 1392/4092/3217 1410/3618/2819 1417/3617/2818 1418/3822/2993
f 2675/2709/2048 2677/3279/2522 2680/4431/3509 2679/3366/2604
f 3452/4827/462 3451/2490/1847 3518/2489/1846 3517/3438/2657
f 5237/1972/1363 5241/3720/2902 2393/3118/2375 2389/1973/1364
f 4119/4037/3178 4120/5997/4607 1466/5686/3247 1465/4038/3179
f 4040/2453/1812 4042/5069/4024 4020/2175/1546 4021/2174/1545
f 1756/4329/3421 1758/4331/3423 1847/279/276 1848/278/275
f 3484/2759/2093 3485/2758/2092 3371/5703/178 3370/3768/178
f 1603/4242/3344 4185/1780/1190 4184/1779/1189 4183/5718/4445
f 2400/6029/3763 2428/2332/1696 2433/90/90 2396/89/89
f 3984/5543/4325 3979/2233/1597 3986/3384/2622 3985/6002/4543
f 4088/2235/1599 4089/5651/4401 4100/5252/4162 4098/5684/4428
f 3108/3692/2881 3107/5243/4154 3223/6030/4210 3222/5028/3993
f 4476/6031/4616 4470/6032/4617 4536/6033/2316 4542/6034/2315
f 3760/5146/4079 3756/4398/3477 3739/4752/3764 3741/5540/4322
f 3610/1801/1200 3527/5441/4264 3520/2208/1577 3537/2207/1576
f 2337/4459/3535 2449/2569/1916 2597/433/425 2335/432/424
f 3610/1801/1200 3611/1804/1203 3528/3908/3070 3527/5441/4264
f 3487/4384/3467 3486/2954/2253 3472/353/350 3488/5109/4052
f 4081/2038/1421 4079/2308/1672 4050/2311/1675 4078/4769/3779
f 4349/5972/4596 4346/5777/4489 4340/5922/4568 4344/5974/4597
f 3855/2032/1415 2179/4597/3644 2187/4600/3647 3854/2033/1416
f 1492/3914/3076 1457/4174/1895 1475/4183/3262 1502/3012/2297
f 1662/6026/4614 1671/5898/4557 1668/191/188 1672/5951/4582
f 4655/4400/3479 4669/6035/2393 4414/6036/4618 4413/4401/3480
f 4814/2830/2160 4816/3378/2616 1305/3379/2617 1307/6037/4619
f 4790/4858/3845 4778/3504/2718 4556/5498/4296 4668/5924/4570
f 1481/4180/3290 1512/4503/3570 1446/6038/3235 1472/4181/3257
f 4598/4550/3605 2117/6039/3790 2116/6040/2360 4597/4549/3604
f 5042/5889/4551 5045/3999/3152 1240/2125/1498 1195/3267/2510
f 2217/453/445 2218/316/313 2216/315/312 2215/1900/1293
f 2254/3948/3110 2262/4296/3394 2263/4295/3393 2252/3949/3111
f 3664/5510/4303 3858/2432/1791 3857/2572/1919 3663/2571/1918
f 4312/5801/4506 4315/5799/4504 4306/3058/2323 4304/3060/2325
f 3725/457/449 3726/208/205 3722/1832/1229 3721/4002/3155
f 4718/413/407 4717/3067/2332 3663/2571/1918 3662/2573/1920
f 4545/2182/1553 4541/3104/2365 4475/6041/2220 4480/6042/2266
f 3808/2081/1459 3810/3581/2789 3809/2806/2136 3807/2301/1665
f 1321/82/82 1319/2039/1405 4706/266/263 4676/83/83
f 5090/2488/1845 5246/2491/178 5247/4835/178 2664/4834/3826
f 1508/3918/3080 1507/2535/1885 1522/2534/1884 1521/4192/3298
f 3013/2517/1871 3313/2520/362 3314/5436/362 3044/5435/2763
f 3875/3097/2358 3874/5595/4367 3872/5438/4261 3873/2823/2153
f 4812/85/85 4813/2196/1567 4810/2828/2158 4811/86/86
f 2288/4659/3686 3862/4660/3687 2287/4665/3692 2270/5569/4346
f 3628/3529/2740 3633/3528/2739 3632/1947/1338 3627/319/316
f 2143/5020/3985 2145/5347/4222 2155/2074/1452 2150/4559/3613
f 2005/2336/1700 2007/4249/3351 2003/475/467 2004/474/466
f 3181/4292/3391 3146/4704/3729 2800/2390/1752 2802/443/435
f 5335/2389/1751 5336/4854/3841 5332/6022/3913 2799/2958/2257
f 3284/5114/4057 2796/4964/3935 2832/4965/3936 3254/5000/3966
f 4269/3420/2644 4268/3207/2455 4898/5785/4496 4889/5970/4595
f 1408/3356/2594 1391/4077/3204 1419/2117/1492 1407/2116/1491
f 5012/5891/4553 4512/2497/1853 4513/2659/2000 5018/2658/1999
f 2235/1333/979 2237/2607/1949 2236/3778/2953 2234/307/304
f 5307/5484/4285 2969/5483/4284 2967/4041/3181 5322/4040/308
f 4133/4512/3578 4135/4784/3791 4134/4787/3792 4132/4513/3579
f 2890/1860/1257 2889/1859/1256 2909/1899/1292 2865/1898/1291
f 4136/5697/4435 4127/6043/4620 4128/3077/2342 4148/2790/2120
f 1886/3481/2697 1280/1755/1174 1286/2211/1580 1881/2214/1583
f 4277/3146/2400 4279/6044/4621 1767/4343/3433 1773/3512/2726
f 1713/3609/2810 1718/3496/2710 1666/2661/2002 1665/2664/2005
f 4340/5922/4568 4346/5777/4489 4342/5779/4491 4338/2370/1733
f 3971/3230/2473 3969/3929/3091 3967/2813/2143 3966/2816/2146
f 5253/5399/4240 2691/4926/3901 5252/4967/3937 3433/3601/2804
f 2510/3180/2429 2508/126/126 2507/418/412 2509/3546/2756
f 2723/6028/4615 5001/4941/3915 4997/4889/3869
f 4204/1945/1336 4207/1944/1335 3015/5171/4095 3014/5170/1962
f 4052/3536/2747 4032/3535/2746 4034/2801/2131 4036/2800/2130
f 1678/5746/189 3997/3349/2587 3992/2142/1514 1679/6045/186
f 2347/78/78 2377/285/282 5240/2616/1958 5243/79/79
f 2375/2642/1983 3724/4757/3769 3721/4002/3155 2374/4001/3154
f 2270/5569/4346 2287/4665/3692 2286/2061/1439 2272/2060/1438
f 4119/4037/3178 4118/110/110 4122/109/109 4125/4917/3892
f 3124/2284/1648 2827/3186/2435 2829/5264/4168 3122/2285/1649
f 5230/5126/4065 5232/4282/3382 5235/5967/4593 5228/5658/4406
f 4318/1877/1274 4328/1880/1277 4330/3873/3039 4324/3345/2583
f 5225/287/284 5221/286/283 2345/77/77 2346/2922/2227
f 2560/1919/1310 2559/1918/1309 2562/5506/4299 2561/3080/2345
f 1214/3224/2469 1197/3266/2509 1233/3268/2511 1232/3225/2470
f 1574/4649/3682 1576/3805/2977 1575/4947/3328 1573/4847/3332
f 2778/3107/2368 2789/322/319 2781/5129/4068
f 2130/6004/4610 1173/6046/4158 4497/2660/2001 4513/2659/2000
f 4187/5232/4145 4188/4604/3650 1560/4607/3651 1571/5952/4583
f 1285/2315/1679 1283/5830/4528 1284/3830/3001 1287/2212/1581
f 1687/380/374 1656/379/373 1654/3493/2707 1684/3492/2706
f 1252/1932/1323 1260/1935/1326 1257/2/2 1250/1/1
f 5193/3377/2615 5195/28/28 5197/6047/2245 5192/5563/2244
f 2542/4485/3557 2533/4484/3556 2242/1670/1139 2240/1873/1270
f 2683/2449/1808 2676/2448/1807 2677/3279/2522 2675/2709/2048
f 5278/2462/1821 2716/2461/1820 2715/4881/3861 5286/5102/3192
f 4323/5490/4290 4322/3875/3041 1348/3876/3042 1352/4052/3187
f 2472/3364/2602 2474/2083/1461 2473/4765/3775 2471/3365/2603
f 1701/2495/1851 1700/4646/3680 1690/5141/4076 1692/3254/2497
f 3455/469/461 3450/3842/3011 3451/4868/1847 3452/470/462
f 1455/3017/2302 4175/3016/2301 4174/5590/4365 1453/2544/1893
f 5026/3501/2715 5041/260/257 1225/1902/1295 1224/1904/1297
f 1711/3603/2806 1712/361/356 1710/360/355 1709/3258/2501
f 3729/2609/1951 3730/5546/4328 2233/3507/2721 2237/2607/1949
f 3982/1969/1360 3983/1968/1359 3981/2232/1596 3980/2231/1595
f 1675/4276/3376 1674/3301/2541 1665/2664/2005 1663/2663/2004
f 4575/6048/4622 4572/6049/4623 4687/6050/2278 4693/6051/2225
f 1523/2451/1810 1525/2450/1809 4067/3837/3008 4083/4761/3773
f 4335/2368/1731 4337/2371/1734 1340/1492/1072 1342/4048/3185
f 4155/5219/4133 1697/4815/3811 1707/4820/3814 4154/5220/4134
f 5300/4846/165 5283/5791/1704 2786/4949/3920 2787/4843/3834
f 3360/376/370 3417/5641/3164 3416/5636/3163 3362/2473/1830
f 2545/3907/3069 2546/4798/3800 2496/4797/1749 2494/5989/2032
f 4236/3709/2893 4219/3147/2401 4217/2324/1688 4218/2323/1687
f 3591/5479/4281 5162/5753/4470 5154/3666/2860 5161/5996/4606
f 1698/4816/3812 1547/4203/3309 1699/3000/2285 1696/2999/2284
f 2578/4217/3320 2467/3789/2964 2579/1744/1165 2576/2405/1767
f 1208/3849/3016 1210/3996/3150 1217/3196/2445 1216/340/337
f 4376/5586/4362 1365/4058/3191 4370/1885/1282 4377/1884/1281
f 1954/4474/3546 1968/4423/3501 1967/4497/2801 1956/6052/2800
f 2584/2402/1764 2586/1745/1166 2585/2776/2106 2583/4218/3321
f 4347/5778/4490 4346/5777/4489 4349/5972/4596 4348/1662/1131
f 2452/3449/2668 3688/3448/2667 3708/3232/2475 2454/4758/3770
f 2617/1736/1157 2188/6053/2204 2615/6054/2203 2616/438/430
f 2968/310/307 5113/1868/1265 5098/2006/1390 2956/2005/1389
f 1270/3487/226 1266/2810/2140 1267/2809/2139 4443/3488/2702
f 3969/3929/3091 3971/3230/2473 3970/1825/1222 3968/3892/3057
f 4434/5984/4599 2694/4924/3899 2693/4894/3874 2665/4893/3873
f 3724/4757/3769 3718/454/446 3725/457/449 3721/4002/3155
f 4888/2695/2034 3963/2694/2033 3962/3589/2796 4887/3588/2795
f 2548/127/127 2558/2079/1457 2549/1921/1312 2550/2160/1531
f 2039/4520/3586 2027/5786/4384 2041/4523/3589 2037/4518/3584
f 4132/4513/3579 4134/4787/3792 4142/4154/3269 4141/4153/3268
f 1482/4161/3276 1481/4180/3290 1479/4179/3289 1480/4504/3571
f 2930/5198/4116 2870/3241/2484 2937/5241/4152 2938/5105/4049
f 1497/3010/2295 1496/3013/2298 1514/5451/4266 1487/4627/3665
f 1166/2533/1883 2654/5880/1519 2653/2318/1682 2658/1983/1374
f 3712/2273/1637 3705/2272/1636 3706/2575/1922 3720/199/196
f 4033/3653/2849 4031/5592/4366 4056/4803/3804 4060/3221/2467
f 3820/5561/4341 3816/3276/2519 3811/3277/2520 3813/5557/4339
f 4150/4155/3270 4145/4158/3273 4144/4168/3282 4143/4167/3281
f 4949/4775/3784 4942/4334/3425 1760/5993/4604 1749/4327/3419
f 2134/3174/2425 2149/4566/3620 2145/5347/4222 2136/3647/2844
f 4151/5698/4436 4149/2789/2119 4137/4152/3267 4140/4151/3266
f 2600/4090/3215 2603/4838/3829 2593/3275/2518 2591/3274/2517
f 2611/4427/3505 2601/4426/3504 2599/4830/3823 2590/4091/3216
f 3293/5077/4032 3237/5941/4577 3303/6055/4624 3236/5078/4033
f 2936/5296/4192 2863/4562/3616 2940/4565/3619 2871/5072/4027
f 2151/4561/3615 2152/5021/3986 2143/5020/3985 2150/4559/3613
f 2466/3790/2965 2467/3789/2964 2465/3854/3021 2462/4764/3774
f 4870/1943/1334 4855/1942/1333 4842/5723/1573 4872/5722/4447
f 4316/2252/1616 4325/2246/1610 3563/3587/2794 3562/3334/2573
f 1891/2107/1482 1893/3160/2413 1887/4433/3511 1885/4432/3510
f 3227/5035/4000 3252/3925/3087 3271/3927/3089 3228/5036/4001
f 3936/5627/4386 3935/4404/3483 3937/4403/3482 3929/5631/4389
f 1440/4111/3229 4182/2010/1393 1562/2009/1392 1441/4112/3230
f 3942/2337/1701 3945/4421/3499 3949/4463/3538 3941/2338/1702
f 4109/1339/982 4101/4233/3335 4096/5683/4427 4095/1340/983
f 1512/4503/3570 1513/5297/4193 1447/5453/3236 1446/6038/3235
f 4189/2722/2059 1429/5720/2269 1427/1829/1226 4115/1828/1225
f 4435/238/235 4436/1981/1372 2657/1984/1375 2656/239/236
f 2956/2005/1389 5307/5930/4285 5322/311/308 2968/310/307
f 4756/3637/2834 3682/3636/1316 4767/6056/2998 4755/6057/4625
f 3769/314/311 3770/2802/2132 3768/210/207 3767/209/206
f 3715/206/203 3709/205/202 3695/2258/1622 3714/200/197
f 1596/3459/2678 1590/3458/2677 1591/4236/3338 1592/4235/3337
f 4058/2310/1674 4043/3222/2468 4045/3530/2741 4057/3533/2744
f 4044/5535/4318 4045/3530/2741 4043/3222/2468 4077/4806/3807
f 4524/151/151 4453/4272/3372 4519/6058/2206 4458/152/152
f 4062/5909/4563 4052/3536/2747 4036/2800/2130 4061/4234/3336
f 1636/5934/4574 1628/4252/3354 1630/4254/3356 1634/5626/4385
f 4039/5536/4319 4040/2453/1812 4038/2452/1811 4037/2799/2129
f 4243/45/45 4245/5752/4469 3203/6059/4181 3202/5750/4180
f 4011/1747/1168 4012/4212/3316 4006/3263/2506 4005/1748/1169
f 2351/2096/1472 4736/6060/10 4752/6061/4402 2362/2093/1471
f 3763/3262/2505 3764/2056/1434 3762/2059/1437 3761/5548/4330
f 2439/1956/1347 2441/5674/4420 2440/1954/1345
f 1505/1491/1071 1506/167/167 5179/166/166 4117/1488/1068
f 1383/6023/3205 1374/2469/1828 1376/2468/1827 1382/2639/1980
f 3000/5163/4091 3014/2621/1962 3002/2624/1965 2999/5161/4089
f 2341/3610/2811 2366/5489/4289 3686/2811/2141 3685/3611/2812
f 5273/3807/2979 5281/6000/3113 2758/5999/4608 2698/3808/2980
f 2626/2845/2173 2624/2844/2172 2635/6/6 2636/5/5
f 4230/5655/4403 5173/5782/4493 5174/1980/1371 4249/5656/4404
f 1433/4105/3223 1432/1626/1126 4164/1627/1127 4173/3994/3148
f 4998/4942/3916 2774/5979/4598 2775/5527/4311 4990/4943/3917
f 2051/4526/3591 2044/4527/3592 3791/4568/3622 3880/2861/2188
f 574/1997/808 576/1640/807 591/1643/885 593/1998/887
f 1366/1495/1075 4357/1494/1074 4358/1855/1252 1364/4057/3190
f 3332/5393/362 3307/5357/4226 3074/3712/2894 3331/3711/362
f 1986/4557/3576 3893/2393/1755 3946/4419/3497 1987/2932/2236
f 2536/4389/3470 2527/4388/3469 2525/4648/3681 2533/4484/3556
f 4980/4337/3427 2785/4521/3587 2702/4338/3428
f 1542/3348/2586 1543/1993/1383 1530/1992/1382 1541/2036/1419
f 4450/220/217 4449/219/216 4515/5961/4589 4516/6062/2211
f 1974/2466/1825 1980/4510/3577 1979/4481/3553 1970/2463/1822
f 3160/4850/3837 3171/3684/2876 3161/3683/2875 3139/5465/4237
f 4889/5970/4595 4898/5785/4496 4232/5741/4462 4208/5740/4461
f 4345/1493/1073 4347/5778/4490 4355/1856/1253 4357/1494/1074
f 2303/6063/842 2305/2266/1630 2304/2269/1633 2302/6064/3701
f 4888/6065/2034 1769/157/157 1744/1850/1247 4882/3576/280
f 4347/5778/4490 4348/1662/1131 4356/1661/1130 4355/1856/1253
f 1559/6066/3329 1557/1812/1209 1556/3826/2997 1558/4848/3330
f 2557/4802/3803 3838/4455/3531 2580/6067/2086 2567/4812/3810
f 1279/3480/2696 1275/1756/1175 1280/1755/1174 1886/3481/2697
f 2329/3442/2661 3795/374/368 2629/4405/3484 2330/4681/3706
f 3912/5370/4229 2060/4533/3595 2058/4531/3594 3901/5622/4383
f 2315/3066/2331 2313/6068/2886 4721/5509/4302 4717/3067/2332
f 2627/2780/2110 2629/4405/3484 3795/374/368 3796/373/367
f 2243/1668/1137 2245/306/303 2257/309/306 2265/3350/2588
f 1184/2742/2078 4439/2366/1729 1269/2292/1656 1175/5890/4552
f 4865/5904/4397 4864/3397/2633 1726/3398/2634 1725/5905/4560
f 3806/2300/1664 2475/2082/1460 3808/2081/1459 3807/2301/1665
f 1995/4251/3353 2008/6001/4609 2001/472/464 2003/475/467
f 3497/2483/1840 3498/2486/1843 3492/2787/2117 3477/5176/4098
f 4876/1931/1322 1731/1930/1321 1732/6069/3759 4872/5722/4447
f 4070/3531/2742 4086/2690/2029 4085/2689/2028 4069/3532/2743
f 1511/4186/3292 1506/167/167 1505/1491/1071 1499/3627/2826
f 2753/3479/2695 2704/3478/2694 2705/3389/2627 2754/3798/2973
f 3634/3527/2738 3623/3200/2449 3565/3202/1550 3567/6070/1549
f 4363/5150/1591 4362/5149/4081 4364/3816/2987 4365/3815/1592
f 1491/3635/2833 1489/3634/2832 1488/4628/3666 1490/4190/3296
f 4152/4157/3272 4153/4156/3271 4013/5661/4408 1551/4208/3312
f 1422/4177/3219 1390/6024/2820 1389/2641/1982 4379/4175/3287
f 4278/3148/2402 4276/3734/2916 4279/6044/4621 4277/3146/2400
f 2771/2048/1428 2769/2047/1427 2764/3237/2480 2763/2708/2047
f 2018/4524/3590 2019/5945/4580 2017/5806/2105 2016/5702/4438
f 1814/37/37 4024/5678/4424 4023/5666/4413 1816/3138/2395
f 3569/6071/2877 3572/2674/2015 3640/2673/2014 3636/6072/4626
f 3221/5029/3994 5148/5667/4414 5135/3373/2611 3219/5030/3995
f 4139/5701/4437 4016/5664/4411 4015/5663/4410 4130/4514/3580
f 4147/2788/2118 4146/2791/2121 4019/4178/3288 4018/3298/2538
f 3393/5883/178 3394/5947/178 3534/1946/1337 3535/1949/1340
f 2054/3882/3048 2056/5574/4351 2055/6073/362 2053/4546/362
f 1952/4475/3547 1954/4474/3546 1953/5902/4559 1951/245/242
f 4236/3709/2893 4216/3708/2892 4238/5690/4431 4237/5759/4476
f 1160/6074/1350 1159/5160/4088 5255/4572/3625 5251/4571/2100
f 1784/2355/1718 1785/5647/4398 4856/6075/3453 4858/6076/4588
f 3076/5192/4110 3039/5263/4167 3032/5200/4118 3075/4411/3489
f 4087/2236/1600 4088/2235/1599 4098/5684/4428 4099/3779/2954
f 3264/5350/4140 3266/5116/4059 3265/5304/4198 3263/5355/4212
f 2337/4459/3535 2339/2612/1954 2448/2570/1917 2449/2569/1916
f 3399/243/240 3398/3095/2356 3403/2382/1745 3407/5332/4216
f 4076/4805/3806 4053/4085/3210 4074/458/450 4072/3613/2814
f 3261/4999/3965 3299/5343/4221 3242/4996/3962
f 1718/3496/2710 1713/3609/2810 1710/360/355 1716/359/354
f 1436/4107/3225 1444/4115/3233 4359/3293/2533 1864/3292/1564
f 2987/163/163 5106/6077/1308 5100/6078/1307 2995/164/164
f 2883/5027/3992 2884/3579/2787 2885/5034/3999 2886/5033/3998
f 2770/334/331 2772/333/330 2768/3303/2543 2769/2047/1427
f 2836/5055/4015 2859/5041/4005 2834/5048/4010 2835/5318/4207
f 3250/2277/1641 3275/5024/3989 3276/5327/4215 3251/2995/2280
f 3837/3856/3023 3832/3783/2958 3829/3782/2957 3833/4629/3667
f 2907/5295/4191 2908/5073/4028 2906/5301/3970 2905/6079/3969
f 2311/3307/2547 2313/3699/2886 2312/3702/2888 2310/3308/2548
f 3686/2811/2141 3690/2576/1923 3689/5901/4558 3685/3611/2812
f 3217/3371/2609 3215/5092/4042 5134/3926/3088 5141/3372/2610
f 3270/5097/4045 5146/3756/2933 5137/4309/3405 3292/4308/3404
f 2414/2441/1800 2410/4278/3378 2417/4277/3377 2425/2442/1801
f 4087/2236/1600 4086/2690/2029 4070/3531/2742 4071/2237/1601
f 3636/6072/4626 3634/3527/2738 3567/6070/1549 3569/6071/2877
f 4804/3177/2428 4802/4318/3410 4807/2197/1568 4806/2835/2165
f 1946/2943/2246 1927/5675/4421 1929/2740/2076 1945/2026/1409
f 2025/2539/1889 2026/3631/2829 2032/3630/344 2031/4525/347
f 1507/2535/1885 1495/4159/3274 1493/202/199 1494/201/198
f 1488/4628/3666 1486/3916/3078 1509/3915/3077 1490/4190/3296
f 5195/28/28 5188/27/27 5199/441/433 5197/6047/2245
f 4114/1892/1285 5179/166/166 5180/169/169 1799/1893/1286
f 3544/5458/4269 3538/2782/2112 3536/2210/1579 3546/5460/4271
f 1749/4327/3419 1760/5993/4604 4028/3318/2557 4066/2960/2259
f 3716/2817/2147 3733/49/49 3732/52/52 3700/5992/4603
f 4276/3734/2916 4274/3166/2419 4280/3151/2405 4279/6044/4621
f 1246/2808/2138 1263/2290/1654 1268/2293/1657 1267/2809/2139
f 2702/4338/3428 2704/3478/2694 2752/3477/2693 2751/4339/3429
f 4807/2197/1568 4802/4318/3410 4569/6080/4627 4685/2198/1569
f 2933/5046/3059 2926/5043/4007 2935/5042/4006 2934/5015/3980
f 3244/5080/4035 3272/5328/4211 3275/5024/3989 3274/5007/3973
f 3720/199/196 3713/198/195 3692/5529/4313 3712/2273/1637
f 3280/6081/4209 3221/5029/3994 3222/5028/3993 3223/6030/4210
f 2710/4755/3767 2708/3324/2563 3658/5158/4086 2795/4961/3932
f 3867/5588/4363 3864/3395/2631 3866/1905/1298 2175/1908/1301
f 2896/5083/4012 2895/5025/3990 2850/5084/4036
f 4830/4248/3350 4831/17/17 3950/20/20 1621/3668/2862
f 3239/3738/2920 3291/3737/2919 3240/5354/4213 3238/5335/4218
f 2918/5070/4025 2937/5241/4152 5133/6082/4628 5131/6083/4629
f 5228/5658/4406 5235/5967/4593 5233/5642/4393 5236/5659/4407
f 4041/5669/4415 1534/4198/3304 1536/4199/3305 4042/5069/4024
f 1309/6084/87 1307/6085/4619 4692/6016/4613 4689/2420/1779
f 3775/5552/4334 3778/80/80 2447/2615/1957 5244/3935/3097
f 1554/3825/2996 1552/4640/3675 1570/4222/3325 1578/4221/3324
f 2477/56/56 2476/55/55 2466/3790/2965 2468/3965/3124
f 4328/1880/1277 4333/3863/3030 4332/4045/3184 4330/3873/3039
f 2464/2513/1867 3837/3856/3023 3833/4629/3667 2470/2514/1868
f 2219/3506/2720 2226/3509/2723 2225/4635/3672 2220/5562/4342
f 3049/3570/2779 3026/5932/4572 3024/142/142 3023/141/141
f 3830/3482/2698 2472/3364/2602 2470/2514/1868 3833/4629/3667
f 3477/5176/4098 3476/5178/1504 3496/2619/1503 3497/2483/1840
f 4127/6043/4620 4136/5697/4435 1467/5700/2851 1434/6086/2850
f 2519/5654/3799 2520/3723/2905 2517/3181/2430 2518/3256/2499
f 1960/2265/1629 1934/3375/2613 1932/4462/3537 1962/1837/1234
f 4315/5799/4504 4312/5801/4506 4311/5798/4503 4313/5800/4505
f 4255/236/233 4257/235/232 4256/3214/2462 4254/3152/2406
f 1502/3012/2297 1501/3011/2296 1500/3628/2827 1492/3914/3076
f 2703/3235/2478 2705/3389/2627 2704/3478/2694 2702/4338/3428
f 3408/2957/2256 3407/5332/4216 3403/2382/1745 3405/2381/1744
f 1154/6087/76 1156/6088/75 4488/3615/2816 4490/2559/1906
f 1664/2662/2003 1671/5898/4557 1662/6026/4614 1663/2663/2004
f 2784/3236/2479 2792/3031/2311 2788/1375/1006 2738/1374/1005
f 3443/1960/1351 2695/4925/3900 2694/4924/3899 5264/1957/1348
f 1763/3191/2440 4934/256/253 4928/259/256 1761/3213/2461
f 4089/5651/4401 4088/2235/1599 4073/2238/1602 4075/461/453
f 4887/6089/2795 1770/154/154 1769/157/157 4888/6065/2034
f 1892/226/223 1876/2225/1481 4365/2228/1592 4366/227/224
f 1680/2793/2123 1633/4256/3358 1632/4255/3357 1686/3646/2843
f 5155/2155/1526 3593/2154/1525 3591/5479/4281 4241/5958/4587
f 4211/3299/2539 4259/3193/2442 4258/3192/2441 4209/2377/1740
f 4652/4240/3342 4555/4239/3341 4653/4473/2214 4554/6090/2252
f 3305/4981/3948 3294/5207/4124 3292/4308/3404 3304/4311/3407
f 4610/2167/1538 4611/2275/1639 2130/6091/4610 2129/6092/1852
f 4755/6057/4625 4767/6056/2998 4766/5929/4361 2358/5928/4571
f 2564/2078/1456 2284/2063/1441 2285/2062/1440 2297/4669/3696
f 4796/42/42 4797/2362/1725 4801/2361/1724 4800/43/43
f 4409/4491/2392 4648/4494/3563 4414/6036/4618 4669/6035/2393
f 3243/5320/1555 5152/4470/1558 5120/4469/3544 2835/5318/4207
f 4175/3016/2301 4176/3015/2300 3963/2694/2033 3964/282/279
f 3939/2304/1668 3933/2110/1485 3903/5555/4337 3898/5944/3029
f 4334/3866/3032 3554/3865/3031 3553/5804/3311 4339/3877/3043
f 3539/2783/2113 3541/3858/3025 3606/3799/2974 3607/1802/1201
f 3449/3526/2007 3515/3525/2737 3436/5943/4579 3438/5976/2008
f 4626/3669/2863 4619/2335/1699 4609/1815/1212 4605/1818/1215
f 2501/3966/3125 2503/5537/4320 2502/5289/4187 2500/3964/3123
f 1329/6093/362 4388/6094/362 4447/6095/362
f 1304/2917/362 1306/2916/362 4447/6095/362
f 1308/2992/362 1310/2991/362 4447/6095/362
f 4383/2901/362 4384/2900/362 4447/6095/362
f 4380/6096/362 4381/2951/362 4447/6095/362
f 1296/6097/362 1298/3047/362 4447/6095/362
f 1314/2913/362 1316/2912/362 4447/6095/362
f 4385/3042/362 4389/6098/362 4447/6095/362
f 4389/6098/362 4390/6099/362 4447/6095/362
f 4381/2951/362 4382/2950/362 4447/6095/362
f 1320/2981/362 1322/3028/362 4447/6095/362
f 1298/3047/362 1300/3046/362 4447/6095/362
f 4384/2900/362 4392/6100/362 4447/6095/362
f 4391/6101/362 4380/6096/362 4447/6095/362
f 1302/2983/362 1304/2917/362 4447/6095/362
f 4392/6100/362 4393/6102/362 4447/6095/362
f 1328/6103/362 1329/6093/362 4447/6095/362
f 4393/6102/362 4394/2891/362 4447/6095/362
f 1316/2912/362 1318/2920/362 4447/6095/362
f 1300/3046/362 1302/2983/362 4447/6095/362
f 4387/2890/362 1296/6097/362 4447/6095/362
f 1318/2920/362 1320/2981/362 4447/6095/362
f 1312/3052/362 1314/2913/362 4447/6095/362
f 4394/2891/362 4387/2890/362 4447/6095/362
f 1306/2916/362 1308/2992/362 4447/6095/362
f 4382/2950/362 4383/2901/362 4447/6095/362
f 1324/3027/362 1328/6103/362 4447/6095/362
f 4388/6094/362 4386/3043/362 4447/6095/362
f 1310/2991/362 1312/3052/362 4447/6095/362
f 4390/6099/362 4391/6101/362 4447/6095/362
f 1322/3028/362 1324/3027/362 4447/6095/362
f 4386/3043/362 4385/3042/362 4447/6095/362
f 2113/6104/178 2099/6105/178 4448/6106/178
f 2094/2965/178 2093/2964/178 4448/6106/178
f 2107/6107/178 2091/3054/178 4448/6106/178
f 2092/3057/178 4547/1808/178 4448/6106/178
f 2111/2886/178 2112/2889/178 4448/6106/178
f 2084/2908/178 2085/2972/178 4448/6106/178
f 2085/2972/178 2086/2975/178 4448/6106/178
f 2109/2883/178 2104/2882/178 4448/6106/178
f 2086/2975/178 2087/3038/178 4448/6106/178
f 2095/3018/178 2094/2965/178 4448/6106/178
f 2112/2889/178 2105/2990/178 4448/6106/178
f 4548/1807/178 2097/2968/178 4448/6106/178
f 4547/1808/178 4548/1807/178 4448/6106/178
f 2087/3038/178 2088/3041/178 4448/6106/178
f 2093/2964/178 2106/2897/178 4448/6106/178
f 2105/2990/178 2113/6104/178 4448/6106/178
f 2104/2882/178 2108/2895/178 4448/6106/178
f 2100/2986/178 2101/2985/178 4448/6106/178
f 2097/2968/178 2090/2971/178 4448/6106/178
f 2091/3054/178 2092/3057/178 4448/6106/178
f 2096/6108/178 2089/6109/178 4448/6106/178
f 2099/6105/178 2100/2986/178 4448/6106/178
f 2108/2895/178 2107/6107/178 4448/6106/178
f 2102/6110/178 2103/3036/178 4448/6106/178
f 2089/6109/178 2095/3018/178 4448/6106/178
f 2101/2985/178 2102/6110/178 4448/6106/178
f 2110/2896/178 2111/2886/178 4448/6106/178
f 2103/3036/178 2109/2883/178 4448/6106/178
f 2106/2897/178 2110/2896/178 4448/6106/178
f 2088/3041/178 2096/6108/178 4448/6106/178
f 2098/2909/178 2084/2908/178 4448/6106/178
f 2090/2971/178 2098/2909/178 4448/6106/178
f 1328/6103/362 1324/3027/362 4568/3030/2310 4566/6111/2607
f 2089/6109/178 2096/6108/178 4471/6112/4630 4473/6113/4631
f 2091/3054/178 2107/6107/178 4515/6114/4589 4472/3055/2321
f 4394/2891/362 4393/6102/362 4658/6115/4581 4559/2892/2209
f 4381/2951/362 4380/6096/362 4551/6116/3374 4553/2952/2251
f 2085/2972/178 2084/2908/178 4468/2911/2221 4464/2973/2267
f 2102/6110/178 4467/6117/4396 4463/3037/153 2103/3036/178
f 4389/6098/362 4385/3042/362 4564/3045/2318 4656/6118/4632
f 2089/6109/178 4473/6113/4631 4474/3019/2303 2095/3018/178
f 4392/6100/362 4384/2900/362 4660/2903/2215 4561/6119/4633
f 4386/3043/362 4388/6094/362 4563/6120/4634 4562/3044/2317
f 2090/2971/178 4480/2970/2266 4475/2910/2220 2098/2909/178
f 2099/6105/178 2113/6104/178 4462/6121/1653 4456/6122/1652
f 2086/2975/178 4465/2974/2268 4542/3039/2315 2087/3038/178
f 2108/2895/178 4516/2894/2211 4515/6114/4589 2107/6107/178
f 1962/1837/1234 1932/4462/3537 1930/408/402 1963/407/401
f 4584/32/32 4585/31/31 1181/6123/2196 1180/2363/1726
f 1307/6085/4619 1305/6009/2617 4694/5820/4521 4692/6016/4613
f 4591/5680/4426 4590/73/73 1154/76/76 1153/6124/4635
f 4063/2962/2261 4064/2961/2260 4052/3536/2747 4062/5909/4563
f 4799/2360/1723 4792/2089/1467 4565/2092/1470 4677/3367/2605
f 4586/2365/1728 1176/2364/1727 1174/5246/4157 4595/5245/4156
f 2810/72/72 2812/71/71 3173/4788/3793 3154/1857/1254
f 3779/3857/3024 3784/223/220 3783/5819/4520 3773/3860/3027
f 4585/31/31 4591/5680/4426 1153/6124/4635 1181/6123/2196
f 2300/6125/65 2301/2224/68 4738/2223/1589 4737/4672/3699
f 4079/2308/1672 4081/2038/1421 4048/2037/1420 4082/3814/2986
f 4249/5656/4404 4250/396/390 4213/395/389 4248/3300/2540
f 1514/5451/4266 1496/3013/2298 1474/4184/3259 1473/5452/3258
f 3626/60/60 3613/3088/2350 3612/288/285 3624/291/288
f 1153/6126/4635 1154/6087/76 4490/2559/1906 4491/2558/1905
f 1311/6127/88 1309/6084/87 4689/2420/1779 4690/2423/1782
f 1954/4474/3546 1956/6052/2800 1955/5903/1776 1953/5902/4559
f 1487/4627/3665 1514/5451/4266 1513/5297/4193 1485/5298/4194
f 4610/2167/1538 2129/6092/1852 2128/3113/1446 4612/2168/1539
f 1942/2024/1407 1938/2023/1406 1941/3944/3106 1940/272/269
f 4611/2275/1639 4596/5248/4159 1173/5247/4158 2130/6091/4610
f 4811/86/86 4814/2830/2160 1307/6037/4619 1309/87/87
f 4632/3515/2729 4628/3516/2730 4530/6128/4636 4534/6129/4637
f 4577/5513/4304 4578/3005/2290 4700/6006/2274 4699/5514/2319
f 4518/6130/4638 4521/6131/4639 4455/6132/2277 4452/6133/2208
f 4616/296/293 4619/2335/1699 4521/6131/4639 4518/6130/4638
f 3624/291/288 3566/290/287 3625/5648/4399 3620/2320/1684
f 4537/6134/4640 4539/6135/4641 4473/6136/4631 4471/6137/4630
f 1625/36/36 1632/4255/3357 1627/4253/3355 1626/33/33
f 4539/6135/4641 4540/6138/4642 4474/6139/2303 4473/6136/4631
f 4460/6140/4643 4527/6141/2265 4526/6142/1205
f 4802/4318/3410 4803/4317/3409 4681/6143/4644 4569/6080/4627
f 4864/6144/2633 4865/5646/4397 3953/176/176 3952/175/175
f 4773/2295/1659 4774/4237/3339 4652/4240/3342 4651/2296/1660
f 4640/4215/3318 4634/5457/4268 4470/6032/4617 4476/6031/4616
f 4633/2274/1638 4623/2166/1537 4525/6145/4645 4535/6146/4646
f 4569/6080/4627 4681/6143/4644 4570/6147/2226 4680/6148/2223
f 4782/5836/4534 4787/5670/4416 4665/5673/4419 4560/4471/3545
f 4626/3669/2863 4620/3670/2864 4522/2287/1651 4528/2286/1650
f 4638/3261/2504 4641/5253/4163 4543/6149/4647 4540/6138/4642
f 4635/30/30 4637/29/29 4539/6135/4641 4537/6134/4640
f 4637/29/29 4638/3261/2504 4540/6138/4642 4539/6135/4641
f 4829/44/44 4800/43/43 4567/6150/4648 4580/6151/4649
f 4522/2287/1651 4523/6152/4650 4457/6153/2275 4456/2288/1652
f 4803/4317/3409 4829/44/44 4580/6151/4649 4681/6143/4644
f 4470/6032/4617 4537/6134/4640 4471/6137/4630 4536/6033/2316
f 4245/5752/4469 4246/3422/2646 3204/5524/4182 3203/6059/4181
f 4823/3003/2288 4815/3930/3092 4575/6048/4622 4579/3004/2289
f 4544/3742/2923 4478/6154/1204 4479/3743/2322
f 4546/6155/4651 4526/6142/1205 4478/6154/1204
f 1314/2913/362 1312/3052/362 4691/3053/2320 4571/2914/2222
f 4380/6096/362 4391/6101/362 4650/6156/3375 4551/6116/3374
f 1296/6097/362 4387/2890/362 4646/2893/2210 4645/6157/2169
f 1302/2983/362 1300/3046/362 4699/3049/2319 4700/2984/2274
f 4547/1808/178 2092/3057/178 4479/3056/2322 4478/1805/1204
f 4393/6102/362 4392/6100/362 4561/6119/4633 4658/6115/4581
f 1298/3047/362 1296/6097/362 4645/6157/2169 4697/3048/2168
f 1322/3028/362 1320/2981/362 4707/2982/2273 4678/3029/2309
f 4383/2901/362 4382/2950/362 4554/2953/2252 4653/2902/2214
f 2096/6108/178 2088/3041/178 4536/3040/2316 4471/6112/4630
f 4548/1807/178 4526/1806/1205 4527/2969/2265 2097/2968/178
f 1329/6093/362 1328/6103/362 4566/6111/2607 4670/6158/2606
f 2111/2886/178 2110/2896/178 4454/2899/2213 4451/2887/2207
f 4390/6099/362 4389/6098/362 4656/6118/4632 4557/6159/4652
f 4388/6094/362 1329/6093/362 4670/6158/2606 4563/6120/4634
f 2101/2985/178 4466/2988/2276 4467/6117/4396 2102/6110/178
f 4391/6101/362 4390/6099/362 4557/6159/4652 4650/6156/3375
f 2113/6104/178 2105/2990/178 4455/2989/2277 4462/6121/1653
f 1950/2734/2071 1952/4475/3547 1951/245/242 1949/248/245
f 3784/223/220 5191/222/219 5189/3376/2614 3783/5819/4520
f 4752/5652/4402 4961/5224/4137 4968/4697/3722 4751/6160/4432
f 4873/3329/2568 1620/5933/4573 4838/3246/2489 4881/3245/2488
f 1170/6161/266 4636/3885/1521 2114/6162/458
f 2366/5489/4289 2341/3610/2811 4974/4824/3818 4954/3961/3120
f 4151/5698/4436 4140/4151/3266 1450/5705/3238 1452/5699/3252
f 1174/5696/4157 4496/5695/4434 4497/2660/2001 1173/6046/4158
f 2621/1708/1151 2619/1737/1158 2618/437/429 2620/102/102
f 1531/194/191 1543/1993/1383 4000/3347/2585 3999/195/192
f 2485/2346/1710 2515/5530/4314 2514/2302/1666 2487/2343/1707
f 3624/291/288 3620/2320/1684 3618/57/57 3626/60/60
f 3346/5380/362 3344/2675/362 3347/2678/2017 3348/3901/3064
f 3343/5633/4390 3342/2676/362 3317/5495/362 3319/5494/4294
f 2126/135/135 4509/138/138 4508/4000/3153 2125/6020/1422
f 4148/2790/2120 4149/2789/2119 4151/5698/4436 4136/5697/4435
f 1933/3941/3103 1941/3944/3106 1938/2023/1406 1931/2739/2075
f 4827/4033/3174 4793/4032/1991 4671/6163/1676 1297/6164/147
f 1313/2684/2023 1311/6127/88 4690/2423/1782 4684/2685/2024
f 4540/6138/4642 4543/6149/4647 4477/6165/2263 4474/6139/2303
f 4629/3945/3107 4640/4215/3318 4476/6031/4616 4531/6166/4653
f 4681/6143/4644 4580/6151/4649 4707/6167/2273 4570/6147/2226
f 1368/4061/3193 4305/4801/3802 4304/3060/2325 1369/3059/2324
f 4453/4272/3372 4450/220/217 4516/6062/2211 4519/6058/2206
f 4541/3104/2365 4534/6129/4637 4468/6168/2221 4475/6041/2220
f 4625/2180/1551 4460/6140/4643 4624/5894/4555
f 4628/3516/2730 4629/3945/3107 4531/6166/4653 4530/6128/4636
f 4641/5253/4163 4633/2274/1638 4535/6146/4646 4543/6149/4647
f 4649/2297/1661 4651/2296/1660 4553/6169/2251 4551/4274/3374
f 1660/4269/3369 1672/5951/4582 1670/1714/1154 1673/1713/1153
f 4651/2296/1660 4652/4240/3342 4554/6090/2252 4553/6169/2251
f 4580/6151/4649 4567/6150/4648 4678/6170/2309 4707/6167/2273
f 4237/5759/4476 4265/3199/2448 4219/3147/2401 4236/3709/2893
f 4535/6146/4646 4525/6145/4645 4459/6171/2212 4469/6172/2264
f 4623/2166/1537 4618/2169/1540 4520/6173/4654 4525/6145/4645
f 4523/6152/4650 4532/6174/4655 4466/6175/2276 4457/6153/2275
f 4800/43/43 4801/2361/1724 4679/6176/4656 4567/6150/4648
f 4573/5534/4317 4574/2199/1570 4691/6177/2320 4688/6178/2279
f 4520/6173/4654 4517/6179/4657 4451/6180/2207 4454/6181/2213
f 4532/6174/4655 4533/5644/4395 4467/5645/4396 4466/6175/2276
f 4572/6049/4623 4573/5534/4317 4688/6178/2279 4687/6050/2278
f 4543/6149/4647 4535/6146/4646 4469/6172/2264 4477/6165/2263
f 1803/3359/2597 1802/2331/1695 4195/93/93 1403/3770/2945
f 4642/3886/3051 4546/6155/4651 4544/3742/2923
f 2099/6105/178 4456/6122/1652 4457/2987/2275 2100/2986/178
f 4624/5894/4555 4546/6155/4651 4644/5895/4556
f 3182/3497/2711 3144/3500/2714 3146/4704/3729 3181/4292/3391
f 3696/2260/1624 3711/2259/1623 3716/2817/2147 3700/5992/4603
f 4772/2602/1944 4771/2294/1658 4649/2297/1661 4552/4273/3373
f 4933/4756/3768 4946/4333/3424 1729/4332/249 4835/4777/248
f 4685/2198/1569 4569/6080/4627 4680/6148/2223 4571/6182/2222
f 2012/4502/3569 2014/5153/4083 2013/4173/3286 2011/4501/3568
f 4776/5837/4535 4777/5538/4321 4655/5539/3479 4654/6003/3478
f 3640/2673/2014 3638/3514/2728 3635/5425/4254 3636/6072/4626
f 4779/2599/1941 4772/2602/1944 4552/4273/3373 4657/5497/4295
f 1893/3160/2413 1886/3481/2697 1881/2214/1583 1887/4433/3511
f 1181/2871/2196 1153/6126/4635 4491/2558/1905 4485/2872/2197
f 2439/1956/1347 2437/5873/4541 2442/91/91 2441/5674/4420
f 3025/140/140 3054/139/139 3053/3386/2624 3047/3385/2623
f 4788/5288/4186 4790/4858/3845 4668/5924/4570 4666/5923/4569
f 3718/454/446 3724/4757/3769 3736/3912/3074 3735/2229/1593
f 3934/2307/1671 3940/2306/1670 3935/4404/3483 3936/5627/4386
f 1592/4235/3337 1597/3270/2513 1598/2815/2145 1596/3459/2678
f 4657/5497/4295 4552/4273/3373 4650/4275/3375 4557/6183/4652
f 2307/2267/1631 2309/3306/2546 2308/3309/2549 2306/2268/1632
f 4819/4034/3175 4821/4036/3177 4577/5513/4304 4576/2839/2167
f 2680/4431/3509 2666/4892/3872 2693/4894/3874 2678/4430/3508
f 4797/2362/1725 4796/42/42 1323/6184/81 1325/6185/468
f 4796/42/42 4798/41/41 1321/5392/82 1323/6184/81
f 1171/4437/1218 1168/268/265 4493/271/268 4495/3975/3134
f 4639/3103/2364 4632/3515/2729 4534/6129/4637 4541/3104/2365
f 4525/6145/4645 4520/6173/4654 4454/6181/2213 4459/6171/2212
f 4805/2020/1403 4804/3177/2428 1315/3179/2022 1317/2021/1404
f 4801/2361/1724 4799/2360/1723 4677/3367/2605 4679/6176/4656
f 4620/3670/2864 4621/2826/2156 4523/6152/4650 4522/2287/1651
f 4797/2362/1725 1325/6185/468 4686/6186/471 4808/2359/1722
f 4530/6128/4636 4531/6166/4653 4465/6187/2268 4464/6188/2267
f 4607/298/295 4608/3115/2372 2127/3114/136 2126/2041/135
f 4517/6179/4657 4518/6130/4638 4452/6133/2208 4451/6180/2207
f 4817/4044/3183 4818/2487/1844 1294/6189/2367 1293/5760/2366
f 4780/5671/4417 4781/5507/4300 4659/5508/4301 4558/5672/4418
f 4815/3930/3092 4809/2829/2159 4572/6049/4623 4575/6048/4622
f 4820/5287/4185 4698/5761/289 4673/4637/292 4795/4636/3673
f 1229/1966/1357 1198/1965/1356 1200/2717/2055 1228/3243/2486
f 2037/4518/3584 2041/4523/3589 2040/4522/3588 2035/4516/3582
f 4461/2183/1554 4545/2182/1553 4480/6042/2266 4527/6141/2265
f 4886/5927/2798 1765/3897/3062 1770/154/154 4887/6089/2795
f 4415/3485/2701 4406/3450/2669 4403/1305/975 4402/2399/1761
f 4808/2359/1722 4686/6186/471 1294/6189/2367 4818/2487/1844
f 4531/6166/4653 4476/6031/4616 4542/6034/2315 4465/6187/2268
f 4534/6129/4637 4530/6128/4636 4464/6188/2267 4468/6168/2221
f 2302/6064/3701 2304/2269/1633 4741/6190/3951 4735/6191/11
f 3282/2191/1562 5150/2190/1561 5151/6192/4658 3281/5032/3997
f 4762/2086/1464 4759/2375/1738 2372/5255/3735 2371/2087/1465
f 2075/4131/3248 3429/4134/3251 3424/426/418 2038/4540/3585
f 4755/6057/4625 2363/6193/3725 2365/6194/3726 4756/3637/2834
f 4767/3827/2998 3680/3828/2999 3678/5516/4306 4766/5584/4361
f 2138/5019/3984 2139/5936/3159 2137/3648/1585 2136/3647/2844
f 3465/5413/4244 3466/6195/4228 3464/3161/2414 3463/3164/2417
f 1605/6196/2784 1606/2280/1644 4844/2283/1647 4843/280/277
f 4732/6197/3512 2296/4668/3695 4734/4670/3697 2298/6198/4611
f 1682/133/133 3973/3231/2474 3965/3269/2512 1683/2792/2122
f 2117/4783/3790 4499/4782/3789 4498/262/259 2116/3099/2360
f 2328/5949/1147 4711/5950/3118 4710/6199/3121 2327/4680/3705
f 4726/3090/2352 4727/6200/4308 2295/4667/3694 2294/3091/2353
f 1614/6201/2745 4836/6202/2552 1615/4245/3347 4840/4244/3346
f 4235/342/339 4218/2323/1687 1777/2326/1690 1755/343/340
f 4837/2203/1572 1616/2206/1575 1615/4245/3347 4836/6202/2552
f 3706/2575/1922 3715/206/203 3714/200/197 3720/199/196
f 3559/3463/1275 3561/5915/2574 3566/5918/287 3560/3462/286
f 4181/5589/4364 1458/2545/1894 1453/2544/1893 4174/5590/4365
f 2302/4676/3701 4735/6203/11 4736/6060/10 2351/2096/1472
f 2362/2093/1471 4752/6061/4402 4751/5691/4432 2361/4307/3403
f 4276/3734/2916 4278/3148/2402 4263/3198/2447 4261/3343/2581
f 1652/3490/2704 1651/3260/2503 1649/3302/2542 1650/131/131
f 1434/6086/2850 1436/4299/3225 1865/2525/1877 4127/6043/4620
f 1529/3788/2963 1552/4640/3675 1553/4639/3674 1528/4197/3303
f 4116/1489/1069 4115/1828/1225 1503/1827/1224 1504/1490/1070
f 1723/3563/2772 1724/3562/2771 4874/6204/4381 4879/6205/4380
f 1724/3562/2771 1725/5905/4560 4875/6206/3438 4874/6204/4381
f 4838/6011/2489 1618/4247/3349 1608/2051/1429 4853/2050/1332
f 1764/428/420 4851/6207/3745 4852/6208/3744 1766/429/421
f 2308/3309/2549 2310/3308/2548 4746/6209/3739 4750/6210/4659
f 4082/3814/2986 4080/3652/2848 4059/2309/1673 4079/2308/1672
f 2304/2269/1633 2306/2268/1632 4742/6211/3952 4741/6190/3951
f 1726/3398/2634 4862/2531/1881 1727/6212/3414 4867/6213/3436
f 3467/5412/4243 3468/5969/2182 3466/6195/4228 3465/5413/4244
f 4757/3339/2577 2365/6194/3726 5226/6214/4660
f 3248/3311/2551 3285/3726/2908 5151/6192/4658 5150/2190/1561
f 2322/2713/2052 4714/6215/4661 4723/3156/2410 2320/2714/2053
f 4760/2374/1737 5226/6214/4660 2373/5254/3736
f 2325/402/396 4712/6216/3820 4716/3064/2329 2324/66/66
f 1785/5647/4398 1786/4394/3473 4857/6217/4662 4856/6075/3453
f 2305/3085/1630 4740/3084/2348 4749/5549/4331 2307/6218/1631
f 2311/6219/2547 2309/6220/2546 4748/2701/2040 4743/2700/2039
f 4158/2013/1396 1690/5411/4076 1700/5712/3680 4157/5711/4441
f 2313/6068/2886 2311/6219/2547 4743/2700/2039 4721/5509/4302
f 1706/2997/2282 1699/3000/2285 4006/3263/2506 4012/4212/3316
f 2984/4789/3794 2992/3352/2590 5099/5968/4594 5109/6221/4663
f 3391/5827/178 3392/5882/178 3629/5884/4546 3524/5439/4262
f 2004/474/466 2002/473/465 3943/2930/2235 3942/2337/1701
f 4579/3004/2289 4575/6048/4622 4693/6051/2225 4701/6005/2224
f 4621/2826/2156 4630/2825/2155 4532/6174/4655 4523/6152/4650
f 4521/6131/4639 4528/2286/1650 4462/2289/1653 4455/6132/2277
f 3262/5349/4223 3303/6055/4624 3237/5941/4577 2848/3659/2853
f 3681/5268/4172 3683/2030/1413 3854/2033/1416 3853/2704/2043
f 3636/6072/4626 3635/5425/4254 3633/3528/2739 3634/3527/2738
f 4556/5498/4296 4657/5497/4295 4557/6183/4652 4656/6222/4632
f 5244/3935/3097 2387/221/218 3776/224/221 3775/5552/4334
f 3181/4292/3391 3151/2564/1911 3150/5188/4106 3182/3497/2711
f 4662/5386/2102 4397/5385/4235 4396/3145/2399 4661/3144/2096
f 3610/1801/1200 3537/2207/1576 3539/2783/2113 3607/1802/1201
f 4668/5924/4570 4556/5498/4296 4656/6222/4632 4564/5925/2318
f 2298/6007/4611 4727/5519/4308 2343/2254/1618 2328/5949/1147
f 3900/5621/4382 3894/2391/1753 3892/2394/1756 3899/3068/2333
f 4600/2171/1542 2118/2170/1541 2117/6039/3790 4598/4550/3605
f 4861/18/18 4864/6144/2633 3952/175/175 3951/19/19
f 4565/2092/1470 4667/2091/1469 4563/6223/4634 4670/3368/2606
f 3774/2057/1435 3764/2056/1434 3766/211/208 3773/3860/3027
f 1672/5951/4582 1660/4269/3369 1661/4270/3370 1662/6026/4614
f 4665/5673/4419 4558/5672/4418 4658/5948/4581 4561/6224/4633
f 1676/6008/2868 1667/5912/2709 3998/196/193 3999/195/192
f 4239/5377/4233 4266/1876/1273 4237/5759/4476 4238/5690/4431
f 3897/3134/2391 3948/3884/3050 3947/4420/3498 3895/2392/1754
f 4952/3960/3119 2342/3963/3122 2366/5489/4289 4954/3961/3120
f 5078/4920/3895 5047/5821/4522 4694/5820/4521 4703/4918/3893
f 4634/5457/4268 4635/30/30 4537/6134/4640 4470/6032/4617
f 4618/2169/1540 4615/297/294 4517/6179/4657 4520/6173/4654
f 5104/6225/3542 5152/2187/1558 5143/2186/1557 3260/4997/3963
f 4615/297/294 4616/296/293 4518/6130/4638 4517/6179/4657
f 3906/3070/2335 3908/3691/2880 3915/3690/2879 3916/3071/2336
f 1188/331/328 1193/5195/4113 1192/3998/2181 1190/332/329
f 4619/2335/1699 4626/3669/2863 4528/2286/1650 4521/6131/4639
f 4567/6150/4648 4679/6176/4656 4568/6226/2310 4678/6170/2309
f 1186/6018/1400 1187/2710/2049 4482/64/64 4481/63/63
f 4679/6176/4656 4677/3367/2605 4566/3369/2607 4568/6226/2310
f 2058/4531/3594 2057/4530/362 2055/6073/362 2056/5574/4351
f 3461/5154/4084 3463/3164/2417 3462/3163/2416 3460/5152/4082
f 2121/5710/4234 4504/5709/4440 4506/4928/3903 2120/6013/1443
f 4630/2825/2155 4631/5921/4567 4533/5644/4395 4532/6174/4655
f 4062/5909/4563 4061/4234/3336 4023/5666/4413 4024/5678/4424
f 3632/1947/1338 3633/3528/2739 3635/5425/4254 3631/1948/1339
f 3740/4971/3939 3742/4970/3938 3741/5540/4322 3739/4752/3764
f 1953/5902/4559 1961/2262/1626 1958/246/243 1951/245/242
f 4231/3209/2457 4230/5655/4403 4228/2682/2021 4229/2681/2020
f 2546/4798/3800 2545/3907/3069 2551/2242/1606 2552/2241/1605
f 1626/33/33 1627/4253/3355 1628/4252/3354 1636/5934/4574
f 4627/4552/3607 4622/4551/3606 4524/151/151 4529/150/150
f 4560/4471/3545 4665/5673/4419 4561/6224/4633 4660/4472/2215
f 2019/6227/4580 3357/837/703 3336/836/702 2017/2773/2105
f 5288/5900/3946 2762/5528/4312 2775/5527/4311 5289/5981/3947
f 4809/2829/2159 4810/2828/2158 4573/5534/4317 4572/6049/4623
f 4574/2199/1570 4685/2198/1569 4571/6182/2222 4691/6177/2320
f 1620/6010/4573 4831/17/17 4830/4248/3350
f 4834/249/246 1729/252/249 1730/1929/1320 4866/1928/1319
f 2299/6228/395 2300/6125/65 4737/4672/3699 4733/4671/3698
f 4727/6200/4308 2298/6198/4611 4734/4670/3697 2295/4667/3694
f 4842/2204/1573 4855/2049/1333 1610/2052/1430 1611/2205/1574
f 1613/6229/1716 4839/4243/3345 4841/2761/2094 1612/2760/1717
f 1219/117/117 1214/3224/2469 1223/3223/2382 1218/121/121
f 4862/2531/1881 1728/2530/1880 4863/3331/2570 1727/6212/3414
f 4732/6197/3512 2299/6228/395 4733/4671/3698 2296/4668/3695
f 2359/4304/3401 4753/5692/3718 4754/6230/3720 2358/5928/4571
f 2306/2268/1632 2308/3309/2549 4750/6210/4659 4742/6211/3952
f 3489/3162/2415 3480/6231/3879 3490/3583/2791 3462/3163/2416
f 1725/5905/4560 1726/3398/2634 4867/6213/3436 4875/6206/3438
f 2358/5928/4571 4754/6230/3720 2363/6193/3725 4755/6057/4625
f 4730/3025/1736 4731/6232/1735 2292/4666/3693 2291/3026/2308
f 1614/6201/2745 4840/4244/3346 4839/4243/3345 1613/6229/1716
f 4728/3093/2355 2293/3092/2354 2292/4666/3693 4731/6232/1735
f 4870/1943/1334 1733/6233/3761 1734/3153/2407 4871/1940/1331
f 2316/4674/3700 2318/3158/2412 4722/3157/2411 4720/6234/4576
f 4872/5722/4447 1732/6069/3759 1733/6233/3761 4870/1943/1334
f 3285/3726/2908 3278/5315/4056 5149/6235/4664 5151/6192/4658
f 2327/4680/3705 4710/6199/3121 4713/6236/3817 2326/4435/3513
f 4719/3701/2887 2316/4674/3700 4720/6234/4576 2314/6237/4665
f 2312/3702/2888 4719/3701/2887 2314/6237/4665 4744/6238/3737
f 3251/2995/2280 3246/3310/2550 5138/2189/1560 5136/2996/2281
f 4758/5714/4442 4761/2085/1463 2370/2088/1466 2368/5985/4043
f 1861/5417/2527 1860/5416/4246 1868/2195/1566 1862/2194/1565
f 1766/429/421 4852/6208/3744 4849/3898/3063 1765/3897/3062
f 1789/250/247 1790/4677/3702 4860/6239/3786 4835/251/248
f 2310/3308/2548 2312/3702/2888 4744/6238/3737 4746/6209/3739
f 2457/5125/4064 2455/4759/3771 2454/4758/3770 2456/1740/1161
f 1720/3748/2927 4832/3751/255 4833/6240/254 1762/5920/4566
f 2903/3542/2752 5130/3541/2751 5123/6241/4666 2905/5003/3969
f 2815/1227/955 2817/3660/2854 2816/3638/2835 2814/1228/956
f 1786/4394/3473 1787/4393/3472 4848/5986/4600 4857/6217/4662
f 1876/2105/1481 1877/2108/1483 1869/5415/4245 1859/5414/1590
f 1762/5920/4566 4833/6240/254 4851/6207/3745 1764/428/420
f 4882/283/280 1605/6196/2784 4843/280/277
f 4895/5743/4464 4898/5785/4496 4268/3207/2455
f 4272/5762/4477 4229/2681/2020 4287/2680/2019
f 4891/5732/4453 4270/4584/3633 2927/4583/3632
f 5296/4790/3795 2984/4789/3794 2980/4980/1149 5289/4979/3947
f 4287/2680/2019 4210/2679/2018 4900/5757/4474
f 4893/5773/4485 2972/5763/4478 4890/5774/4486
f 4977/4923/3898 4981/4922/3897 2762/5528/4312 2761/4844/3835
f 4271/2480/1837 4899/2479/1836 4227/2376/1739
f 4903/5787/4497 2969/5483/4284 4908/5776/4488
f 4234/5609/4090 4901/5608/4376 3000/6242/4091
f 4907/5721/4446 4905/5775/4487 2954/5486/4287
f 4907/5721/4446 2952/14/14 4904/13/13
f 4234/5162/4090 2912/5064/4017 2911/6243/4016
f 4906/2379/1742 2868/5012/3977 4233/3183/2432
f 4894/5742/4463 5347/5748/4468 4903/5787/4497
f 2483/2388/1750 2482/2778/2108 2480/2777/2107 2481/183/180
f 2123/1891/1214 4507/1890/1284 1194/5708/4439 2122/5707/2575
f 1544/3265/2508 1546/4202/3308 1549/4210/3314 1536/4199/3305
f 4908/5776/4488 4905/5775/4487 4291/3344/2582
f 4930/4324/3416 4922/4323/3415 1746/3150/2404
f 4234/5162/4090 2999/5161/4089 2998/187/184 2912/5064/4017
f 4937/4321/3413 4925/4353/3439 1745/3190/2439
f 4940/4358/3443 1767/4343/3433 4938/4345/3435
f 4926/4367/3452 4858/5959/4588 4856/4368/3453
f 4941/4376/3460 1734/6244/2407 4911/4377/3461
f 4937/4321/3413 4927/4320/3412 4845/4352/1248
f 5025/3992/3146 5016/61/61 4482/64/64 4487/2712/2051
f 4912/4355/3441 4852/4721/3744 4931/4341/3431
f 4932/4349/3437 4867/4348/3436 4913/6245/4667
f 4929/4357/3442 1771/3341/2579 4940/4358/3443
f 4712/4826/3820 4975/4825/3819 4976/4689/3714 4716/6246/2329
f 4936/6247/4668 4919/4372/3457 1743/6248/1249
f 4950/4326/3418 4941/4376/3460 1749/4327/3419
f 3710/456/448 3709/205/202 3726/208/205 3725/457/449
f 4918/4319/3411 4845/4352/1248 4927/4320/3412
f 4929/4357/3442 4923/6249/4669 1750/4325/3417
f 4919/4372/3457 4848/6250/4600 1743/6248/1249
f 4932/4349/3437 4874/5620/4381 4875/4350/3438
f 4918/4319/3411 4936/6247/4668 1743/6248/1249
f 4921/4342/3432 4934/256/253 1763/3191/2440
f 3662/2573/1920 3856/2127/1500 3845/2126/1499 3661/3081/2346
f 4935/4378/3462 4945/4741/3760 1749/4327/3419
f 4947/4371/3456 4914/4370/3455 4848/6250/4600
f 3207/5308/4201 3208/4488/3560 5287/6251/4183 5353/6252/2231
f 4950/4326/3418 4923/6249/4669 1736/4356/2571
f 4913/6245/4667 4930/4324/3416 1746/3150/2404
f 4922/4323/3415 4916/4344/3434 1746/3150/2404
f 4943/4354/3440 4849/6253/3063 4912/4355/3441
f 4914/4370/3455 4857/6254/4662 4848/6250/4600
f 4946/4333/3424 1759/3774/2949 1760/5993/4604 4942/4334/3425
f 4938/4345/3435 4916/4344/3434 1737/4346/2569
f 4925/4353/3439 4850/6255/155 4943/4354/3440
f 4926/4367/3452 4915/4369/3454 1783/4084/3209
f 5332/4939/3913 5333/4938/3912 5331/5108/4051 2799/5107/2257
f 4911/4377/3461 1733/4742/3761 4935/4378/3462
f 2757/392/386 2679/3366/2604 2696/4280/3380 2697/391/385
f 2630/4841/3832 2632/435/427 2616/438/430 2615/6054/2203
f 4093/3879/3045 4094/3878/3044 4095/1340/983 4096/5683/4427
f 4951/4707/3732 2370/5094/1466 2371/4709/1465
f 4951/4707/3732 4957/4710/3734 2369/3327/2566
f 4433/5878/4545 2665/4893/3873 2666/4892/3872 2745/4866/3849
f 4964/4699/3724 4966/4694/3719 2360/3931/3093
f 4960/2430/1789 4964/4699/3724 2364/2771/2103
f 2056/5574/4351 3896/3133/2390 3901/5622/4383 2058/4531/3594
f 4970/4714/3738 4962/6256/4670 2376/3121/2378
f 1249/4698/3723 1251/5982/4539 1250/1/1 1248/4/4
f 4966/4694/3719 4969/4696/3721 2360/3931/3093
f 4345/1493/1073 1340/1492/1072 4337/2371/1734 4342/5779/4491
f 4964/4699/3724 2360/3931/3093 2364/2771/2103
f 4961/5224/4137 2360/3931/3093 4968/4697/3722
f 4974/4824/3818 2341/3610/2811 4975/4825/3819
f 4976/4689/3714 4975/4825/3819 2341/3610/2811
f 4973/4688/3713 4714/6257/4661 4715/6258/2330
f 4985/4340/3430 4977/4923/3898 2761/4844/3835 2787/4843/3834
f 4973/4688/3713 4716/6246/2329 4976/4689/3714
f 4992/4954/3925 4993/4955/3926 2785/4521/3587
f 4982/6259/4671 4991/4956/3927 2701/2606/1948
f 4984/4872/3852 2792/3031/2311 4979/4957/3928
f 5088/5818/4519 4704/149/149 4705/148/148 5069/2656/1997
f 4978/4933/3907 2758/5999/4608 2759/4496/3564
f 4984/4872/3852 4987/4871/3851 2699/4932/3906
f 2889/1859/1256 2892/1862/1259 5128/2458/1817 5132/2457/1816
f 4991/4956/3927 2793/4953/3924 2701/2606/1948
f 4979/4957/3928 4982/6259/4671 2701/2606/1948
f 4983/4959/3930 4989/4958/3929 2688/4934/3908
f 4992/4954/3925 4980/4337/3427 2786/4949/3920
f 1980/4510/3577 1974/2466/1825 3940/2306/1670 3938/2305/1669
f 4986/4931/3905 4988/4930/3904 2699/4932/3906
f 4983/4959/3930 4978/4933/3907 2759/4496/3564
f 4987/4871/3851 4986/4931/3905 2699/4932/3906
f 4977/4923/3898 4985/4340/3430 2751/4339/3429
f 4995/4885/3865 4999/4882/3862 2716/2461/1820
f 4996/4887/3867 2722/5292/4188 4994/4888/3868
f 5001/4941/3915 2774/5979/4598 4998/4942/3916
f 4997/4889/3869 2722/5292/4188 2723/6028/4615
f 5000/4886/3866 2719/2460/1819 2720/5293/4189
f 4995/4885/3865 5002/4884/3864 2718/3472/2688
f 4996/4887/3867 5000/4886/3866 2720/5293/4189
f 4995/4885/3865 2718/3472/2688 4999/4882/3862
f 5008/4898/3878 2715/4881/3861 5010/4883/3863
f 5004/4891/3871 5003/4915/3890 2725/328/325
f 5011/4962/3933 5005/4879/3859 2710/4755/3767
f 5007/4890/3870 5005/4879/3859 2713/2928/2233
f 5008/4898/3878 5009/6260/4672 2717/4895/3875
f 5006/4896/3876 5003/4915/3890 2726/4897/3877
f 5007/4890/3870 5352/2927/2232 5004/4891/3871
f 5006/4896/3876 5009/6260/4672 2727/325/322
f 5011/4962/3933 2796/6261/3935 2714/4880/3860
f 5013/2657/1998 5038/5956/4586 1175/5890/4552
f 1195/3267/2510 1196/1964/1355 1230/1963/1354 4505/5886/4548
f 5031/4382/3466 5024/5197/4115 1158/4383/1349
f 1557/1812/1209 1559/6066/3329 3977/6262/4324 3996/1813/1210
f 2144/5848/113 2631/5847/3833 2630/5846/3832 2148/5845/114
f 5024/5197/4115 5014/3974/3133 1158/4383/1349
f 5034/3982/3141 4485/2872/2197 5017/3983/3142
f 3093/1864/1261 3080/1863/1260 3055/3388/2626 3064/3387/2625
f 4821/4036/3177 4822/3002/2287 4578/3005/2290 4577/5513/4304
f 4050/2311/1675 4058/2310/1674 4057/3533/2744 4051/3923/3085
f 5015/2743/2079 5034/3982/3141 1161/2744/2080
f 5035/2408/1770 5036/2407/1769 1162/5975/4544
f 3464/3990/2414 3466/5367/4228 1209/5871/3149 1207/3987/2242
f 5282/6263/2683 3210/5340/4220 3288/5339/3446 5285/5867/3072
f 3051/2578/1925 3102/5236/3004 3052/5194/4112 3030/2579/1926
f 2999/5161/4089 3002/2624/1965 3001/188/185 2998/187/184
f 2395/3753/2930 2399/3752/2929 2400/6029/3763 2396/89/89
f 5037/5885/4547 4505/5886/4548 5029/5888/4550
f 5039/2385/1748 5029/5888/4550 4505/5886/4548 1230/1963/1354
f 1194/5708/4439 5037/5885/4547 5029/5888/4550 4504/5709/4440
f 5022/4575/3627 5012/5891/4553 1175/5890/4552
f 1184/2742/2078 1175/5890/4552 5038/5956/4586 5015/2743/2079
f 1351/4051/3186 1372/4063/3194 4319/5802/4507 4326/5491/4291
f 5040/5454/4267 5023/2384/1747 1229/1966/1357 1228/3243/2486
f 1195/3267/2510 5037/5885/4547 5042/5889/4551
f 4484/2873/2198 5034/3982/3141 5015/2743/2079 4486/5694/4433
f 5044/2122/1495 5046/3503/2717 1234/2123/1496
f 5046/3503/2717 5043/3502/2716 1234/2123/1496
f 1776/3870/3036 1777/2326/1690 1775/2325/1689 1774/3511/2725
f 1540/2139/1511 1542/3348/2586 1541/2036/1419 1539/4201/3307
f 3149/4144/3261 3148/4902/3099 3377/4901/178 3378/4145/178
f 5080/5835/4533 4413/4401/3480 4414/6036/4618
f 5049/5825/4525 1889/4004/3157 1292/4026/3168
f 5063/2655/1996 5084/5808/4510 4395/3446/2665
f 5079/5814/4516 4399/3391/2628 4400/4402/3481
f 5055/5185/4104 5076/264/261 4683/267/264
f 5074/3445/2664 5061/3714/2896 4702/4919/3894
f 2045/4560/3614 2150/4559/3613 2043/3510/2724 5355/4739/3758
f 5075/5833/4531 5081/6264/4673 4413/4401/3480
f 5084/5808/4510 3929/5631/4389 4395/3446/2665
f 3156/5211/4127 3149/5212/3261 3185/5174/3260 3131/5190/4108
f 5057/4702/3727 5058/265/262 1907/4448/3524
f 4772/2602/1944 4770/2601/1943 4791/3137/2394 4771/2294/1658
f 5087/2421/1780 5050/6015/4612 1903/4444/3520
f 5078/4920/3895 5061/3714/2896 1901/3444/2663
f 5085/4025/3167 5072/4024/3166 1291/293/290
f 5081/6264/4673 5070/5832/4530 4413/4401/3480
f 5065/5809/4511 5068/5807/4509 4396/3145/2399
f 5054/5812/4514 5089/5811/4513 4663/3392/2629
f 5242/1971/1362 2398/5872/4540 2385/3718/2900 5237/1972/1363
f 5074/3445/2664 5088/5818/4519 4395/3446/2665
f 5050/6015/4612 5064/5822/4523 1903/4444/3520
f 5041/260/257 5030/263/260 1226/3958/3117 1225/1902/1295
f 5051/5828/4526 4411/5834/4532 5053/5829/4527
f 5079/5814/4516 5070/5832/4530 3930/5630/4388
f 1411/3821/2992 1381/4082/1829 1393/3767/2944 1394/3766/2943
f 5055/5185/4104 5071/5184/4103 1905/4446/3522
f 5047/5821/4522 1903/4444/3520 5064/5822/4523
f 5082/2630/1971 5067/2629/1970 1290/4023/3165
f 5073/2162/1533 5056/2963/2262 1292/4026/3168
f 5051/5828/4526 5052/6265/4674 4410/5831/4529
f 4690/2423/1782 5048/2422/1781 5066/5476/4279 4684/2685/2024
f 5065/5809/4511 5059/5810/4512 3929/5631/4389
f 5062/4703/3728 5057/4702/3727 1907/4448/3524
f 5047/5821/4522 5078/4920/3895 1901/3444/2663
f 5077/4027/3169 5052/6265/4674 1295/4493/3562
f 5053/5829/4527 4414/6036/4618 4648/4494/3563
f 5077/4027/3169 1288/2357/1720 5082/2630/1971
f 5069/2656/1997 5063/2655/1996 4395/3446/2665
f 5048/2422/1781 5087/2421/1780 1903/4444/3520
f 5058/265/262 5076/264/261 1907/4448/3524
f 4627/4552/3607 4631/5921/4567 4601/2067/1445 4600/2171/1542
f 5267/3471/2687 2718/3472/2688 2670/5913/4564
f 5094/4873/3853 5092/3322/2561 2706/4833/3825
f 3656/2631/1972 2689/3846/3013 3529/3845/3012
f 2668/4877/3857 2664/4834/3826 5093/4878/3858
f 3168/5258/1508 3155/404/398 3163/3120/2377 3169/3605/1507
f 5091/4875/3855 3657/2634/1975 2690/4874/3854
f 3154/1857/1254 3173/4788/3793 3172/5231/4144 3166/4849/3836
f 3115/4973/3941 3114/4972/3940 3295/5098/4046 3294/5207/4124
f 2881/5017/3982 2811/69/69 2809/399/393
f 3046/4685/3710 3105/5103/4048 3025/140/140 3047/3385/2623
f 3190/5222/4135 3159/4852/3839 3158/4851/3838 3189/5209/4126
f 4775/4238/3340 4782/5836/4534 4560/4471/3545 4555/4239/3341
f 3133/2867/2194 3131/5190/4108 3185/5174/3260
f 3077/3851/3018 3085/2249/1613 3021/2248/1612 3020/3852/3019
f 3191/2563/1910 3190/5222/4135 3150/5188/4106 3151/2564/1911
f 4435/238/235 4445/2240/1604 4442/2833/2163 4436/1981/1372
f 2152/5021/3986 2153/5299/4195 2142/5851/4538 2140/5018/3983
f 4667/2091/1469 4666/5923/4569 4562/5926/2317 4563/6223/4634
f 3447/5403/2009 1191/5406/326 1190/2853/329 3470/2852/2180
f 3039/5263/4167 3077/3851/3018 3034/3850/3017 3032/5200/4118
f 4445/2240/1604 4446/3489/2703 4444/2834/2164 4442/2833/2163
f 2881/5017/3982 2942/4564/3618 2872/4563/3617 2882/3215/2463
f 2980/4980/1149 5108/6266/1148 5105/6267/853 2994/4977/3945
f 3206/3470/2686 5101/6268/4009 5097/3430/2649 2983/3429/2648
f 2287/4665/3692 3862/4660/3687 3855/2032/1415 2289/2031/1414
f 2960/5128/4067 5109/6269/4663 5099/6270/4594 2970/4772/3782
f 3401/5937/4391 3402/2383/1746 3397/3096/2357 3400/5963/4392
f 1424/4099/2270 4192/2104/1480 1809/2103/1479 1425/4100/3221
f 2975/305/302 2973/304/301 5095/6271/2200 5115/6272/3067
f 3257/2185/1556 3243/2184/1555 5103/6273/4208 3302/3728/2910
f 2987/163/163 2994/4977/3945 5105/6267/853 5106/6077/1308
f 328/1173/916 1118/3427/707 1117/5896/680 319/1170/914
f 2986/5995/4605 5113/6274/1265 5112/6275/1264 2989/5907/4561
f 2971/4773/3783 2970/4772/3782 5099/6270/4594 5114/6276/2201
f 3839/1845/1242 2570/1844/1241 2580/6067/2086 3838/4455/3531
f 2925/5285/4011 2945/5062/4020 5097/6277/2649 5101/6278/4009
f 4128/3077/2342 4127/6043/4620 1865/2525/1877 1866/2527/1879
f 2849/4468/3543 5104/4467/3542 3296/6279/4675 2850/5084/4036
f 2980/4980/1149 2984/4789/3794 5109/6221/4663 5108/6266/1148
f 2990/2341/1705 2995/164/164 5100/6078/1307 5107/6280/1386
f 2307/6218/1631 4749/5549/4331 4748/2701/2040 2309/6220/2546
f 2255/4654/3109 2253/5394/3108 3868/5223/4136 2267/4657/3684
f 2975/305/302 5115/6272/3067 5096/6281/2650 2977/6282/4676
f 2985/3955/3114 5111/6283/1134 5110/6284/1133 2988/3956/3115
f 3302/3728/2910 5101/6285/4009 3206/6286/2686
f 3206/6286/2686 3232/4994/3961 3302/3728/2910
f 2852/5051/4013 5102/6287/4225 5110/1664/1133 2962/1663/1132
f 3554/4204/3031 3556/2004/1388 3555/2003/1387 3543/4205/3026
f 5102/6288/4225 2850/5084/4036 3296/6279/4675
f 2443/1537/1095 2427/4746/3201 2429/5649/4205 3785/1534/1092
f 2990/2341/1705 5107/6280/1386 5098/6289/1390 2991/2342/1706
f 593/1998/887 591/1643/885 795/1311/664 786/1295/514
f 2971/4773/3783 5114/6276/2201 5095/6271/2200 2973/304/301
f 2945/5062/4020 2977/6282/4676 5096/6281/2650 5097/6277/2649
f 3260/4997/3963 3242/4996/3962 3296/6290/4675 5104/6225/3542
f 2986/5995/4605 2991/2342/1706 5098/6289/1390 5113/6274/1265
f 2985/3955/3114 2989/5907/4561 5112/6275/1264 5111/6283/1134
f 2188/6053/2204 2617/1736/1157 3801/1739/1160 2170/4587/3636
f 2957/1690/1149 5108/1689/1148 5109/6269/4663 2960/5128/4067
f 2246/1334/980 2245/306/303 2243/1668/1137 2244/1667/1136
f 2925/5049/4011 2834/5048/4010 2924/5044/4008
f 3267/5303/4197 5139/2279/1643 5140/2278/1642 3283/5334/4217
f 3716/2817/2147 3717/455/447 3734/2230/1594 3733/49/49
f 1262/2291/1655 1235/4940/3914 1175/5890/4552 1269/2292/1656
f 2838/5013/3978 5118/6291/4677 5119/2582/1929 2899/2581/1928
f 3303/6055/4624 5137/4309/3405 3236/5078/4033
f 3278/5113/4056 3279/5002/3968 5148/5667/4414 5149/6292/4664
f 4406/3450/2669 4415/3485/2701 4410/5831/4529 4412/5565/4344
f 2836/5055/4015 5116/6293/4678 5117/6294/4679 2837/5054/4014
f 3281/5032/3997 5151/6192/4658 5149/6235/4664 3280/5321/4209
f 2907/5295/4191 5122/6295/4680 5131/6083/4629 2936/5296/4192
f 1594/3271/2514 1593/3281/2524 1629/3280/2523 1633/4256/3358
f 1156/6088/75 1157/5390/2427 4489/2409/1771 4488/3615/2816
f 2885/5034/3999 2884/3579/2787 5125/3578/2786 5126/2583/1930
f 2323/67/67 4715/3065/2330 4714/6215/4661 2322/2713/2052
f 3259/4998/3964 5142/6296/4681 5145/6297/4682 3268/5115/4058
f 3303/6055/4624 3262/5349/4223 5144/4310/3406
f 3269/5006/3972 3249/2276/1640 5139/2279/1643 5145/6297/4682
f 2861/5111/4054 2860/5071/4026 5122/6295/4680 5123/6298/4666
f 2847/3580/2788 2923/5300/4196 5130/3541/2751 5129/3540/2750
f 2326/4435/3513 4713/6236/3817 4712/6216/3820 2325/402/396
f 2910/1896/1289 2909/1899/1292 5121/3211/2459 5127/3216/2464
f 2837/5054/4014 5117/6294/4679 5118/6291/4677 2838/5013/3978
f 2840/4987/3954 2885/5034/3999 5126/2583/1930 5119/2582/1929
f 3218/1910/1303 3219/5030/3995 5135/3373/2611
f 2769/2047/1427 2768/3303/2543 2765/3238/2481 2764/3237/2480
f 2894/5217/4131 3024/142/142 3026/5932/4572 3106/5208/4125
f 1782/2356/1719 1784/2355/1718 4858/6076/4588 4859/6299/3846
f 5014/3974/3133 1159/5160/4088 1160/6074/1350 1158/4383/1349
f 3257/2185/1556 3258/3727/2909 5142/6296/4681 5143/2186/1557
f 1746/3150/2404 1767/4343/3433 4279/6044/4621 4280/3151/2405
f 1790/4677/3702 1782/2356/1719 4859/6299/3846 4860/6239/3786
f 2851/5026/3991 2854/5008/3974 5117/6294/4679 5116/6293/4678
f 3236/5078/4033 5137/4309/3405 5146/3756/2933 3300/3755/2932
f 3245/1912/1305 3111/5074/4029 3110/5240/4151 3229/1909/1302
f 2860/5071/4026 2918/5070/4025 5131/6083/4629 5122/6295/4680
f 2683/2449/1808 2763/2708/2047 2336/3567/2776 2334/2446/1805
f 2854/5008/3974 2839/4988/3955 5118/6291/4677 5117/6294/4679
f 1405/4080/3206 5169/2502/1858 5171/415/409 1406/1978/1369
f 3218/1910/1303 5141/3372/2610 3253/1911/1304
f 4415/3485/2701 4408/2112/1487 4411/5834/4532 4410/5831/4529
f 2923/5300/4196 2861/5348/4054 5123/6241/4666 5130/3541/2751
f 2937/5241/4152 2870/3241/2484 5124/3242/2485 5133/6082/4628
f 3253/1911/1304 5141/3372/2610 5134/3926/3088 3252/3925/3087
f 3271/3927/3089 5147/3757/2934 5146/3756/2933 3270/5097/4045
f 2839/4988/3955 2840/4987/3954 5119/2582/1929 5118/6291/4677
f 3226/5351/4224 5136/2996/2281 5138/2189/1560 3241/2188/1559
f 2936/5296/4192 5131/6083/4629 5133/6082/4628 2863/4562/3616
f 3225/3739/2921 3247/3724/2906 3277/5079/4034 3233/5330/4199
f 2909/1899/1292 2889/1859/1256 5132/2457/1816 5121/3211/2459
f 3652/366/361 3651/4555/3610 3601/4618/3660 3600/4620/3662
f 3280/6081/4209 5149/6292/4664 5148/5667/4414 3221/5029/3994
f 2835/5318/4207 5120/4469/3544 5116/6293/4678 2836/5055/4015
f 4310/4800/3801 4309/5796/4502 4311/5798/4503 4312/5801/4506
f 3290/3735/2917 3239/3738/2920 3226/5351/4224 3241/2188/1559
f 2905/6079/3969 5123/6298/4666 5122/6295/4680 2907/5295/4191
f 3260/4997/3963 5143/2186/1557 5142/6296/4681 3259/4998/3964
f 3262/5349/4223 5128/2458/1817 5144/4310/3406
f 3931/5628/4387 4411/5834/4532 4408/2112/1487 3932/2111/1486
f 3423/2955/2254 3411/1840/1237 3413/1839/1236 3422/3061/2326
f 3283/5334/4217 5140/2278/1642 5136/2996/2281 3226/5351/4224
f 1925/5203/4121 1919/3197/2446 1924/275/272 1923/4457/3533
f 3258/3727/2909 3269/5006/3972 5145/6297/4682 5142/6296/4681
f 3588/3455/2674 3589/5477/4280 4309/5796/4502 4310/4800/3801
f 2863/4562/3616 5133/6082/4628 5124/3242/2485 2872/4563/3617
f 3268/5115/4058 5145/6297/4682 5139/2279/1643 3267/5303/4197
f 2849/4468/3543 2851/5026/3991 5116/6293/4678 5120/4469/3544
f 3802/371/365 2613/4839/3830 3803/372/366
f 2600/4090/3215 2613/4839/3830 3802/371/365
f 5177/5106/4050 1748/4381/3465 1793/2504/1860
f 4293/5789/4499 5164/3362/2600 4226/5736/4457
f 3796/373/367 3803/372/366 3814/1833/1230 3797/1836/1233
f 1722/3625/2824 1723/3563/2772 4879/6205/4380 4877/6300/2928
f 4241/5958/4587 5160/5482/4283 3592/422/414
f 5153/5478/1523 3584/2589/1933 3582/3936/3098
f 5154/3666/2860 4222/47/47 4240/46/46
f 3109/3693/2882 3110/5240/4151 3059/2856/2183 3061/2618/1960
f 5156/384/378 5159/4619/3661 3599/385/379
f 5168/5756/4473 4222/47/47 5163/5754/4471
f 4007/5144/4077 4009/3697/2884 4002/1746/1167 4001/2137/1509
f 5164/3362/2600 5166/5790/4500 4284/3363/2601
f 3591/5479/4281 5163/5754/4471 5162/5753/4470
f 4990/4943/3917 4981/4922/3897 2685/4921/3896 2773/4935/3909
f 5167/5734/4455 4225/3679/2872 5165/5735/4456
f 4299/4069/3198 4292/5781/4492 4293/5789/4499
f 5171/415/409 5176/1979/1370 1406/1978/1369
f 3014/5170/1962 3000/6242/4091 4203/2378/1741 4204/1945/1336
f 5171/415/409 5169/2502/1858 1795/416/410
f 5170/5788/4498 5173/5782/4493 4285/5892/4554
f 4771/2294/1658 4791/3137/2394 4777/5538/4321 4773/2295/1659
f 5172/2503/1859 5177/5106/4050 1793/2504/1860
f 5170/5788/4498 4284/3363/2601 5166/5790/4500
f 5175/5938/4575 1412/4087/3212 1400/4088/3213
f 4622/4551/3606 4617/4271/3371 4453/4272/3372 4524/151/151
f 5182/5487/4288 5181/3793/2968 1753/464/456
f 4597/4549/3604 2116/6040/2360 2115/6301/2361 4599/2414/1774
f 5179/166/166 4114/1892/1285 4117/1488/1068
f 5182/5487/4288 1753/464/456 1752/4328/3420
f 2119/6014/1444 4503/4927/3902 4502/4781/3788 2118/4780/1541
f 5182/5487/4288 1752/4328/3420 1747/4379/3463
f 1265/3/3 1263/2290/1654 1246/2808/2138 1248/4/4
f 5182/5487/4288 1747/4379/3463 1748/4381/3465
f 4817/4044/3183 4820/5287/4185 4789/2090/1468 4792/2089/1467
f 1678/192/189 1668/191/188 1671/5898/4557 1677/5897/4466
f 1806/3772/2947 1809/2103/1479 1808/2102/1478 1805/2924/2229
f 2161/2075/1453 2164/4544/3601 2157/4543/3600 2165/2076/1454
f 2639/436/428 2632/435/427 2637/3517/2731 2638/3520/2733
f 5190/2940/874 2167/4603/3628 2178/4596/3643
f 5192/2941/2244 5190/2940/874 2178/4596/3643
f 2021/378/372 3358/377/371 3357/837/703 2019/6227/4580
f 1991/2636/1977 1982/3399/2635 1989/446/438 1990/2637/1978
f 2033/5640/2828 2034/2772/2104 3334/2202/1571 3333/348/345
f 2378/2614/1956 5204/4477/3549 5194/3228/2472
f 4370/1885/1282 1365/4058/3191 4375/3131/2388 4369/3130/2387
f 2157/4543/3600 2158/4608/3652 2156/5474/2420
f 4430/4944/3918 4431/3722/2904 2755/2593/1937 2750/2592/1936
f 1993/4486/3558 1984/4301/3398 1991/2636/1977 1992/2635/1976
f 1942/2024/1407 1919/3197/2446 1920/2536/1886 1943/2025/1408
f 5200/4303/3400 5187/3759/2936 5204/4477/3549
f 5208/4737/3757 2410/4278/3378 2411/4728/3748
f 2419/4732/3752 5205/3662/2856 2667/2157/1528
f 5207/4876/3856 2682/2944/2247 5206/4736/3756
f 3989/1814/1211 3996/1813/1210 3995/5874/4542 3991/5816/4517
f 4618/2169/1540 4612/2168/1539 4608/3115/2372 4615/297/294
f 5214/4914/3889 2419/4732/3752 2672/2156/1527
f 5216/4913/3888 5215/4912/3887 2743/5606/4374
f 5217/3566/2775 2779/5966/4592 2742/3564/2773
f 5336/4854/3841 5335/2389/1751 2798/2145/1516 3200/2144/1515
f 5216/4913/3888 2420/3075/2340 5214/4914/3889
f 5210/4911/3886 2735/5604/4372 2736/5965/4591
f 5209/4910/3885 2734/4909/3884 2735/5604/4372
f 5212/3565/2774 2743/5606/4374 5215/4912/3887
f 2642/3519/2732 2647/4779/3787 2641/4857/3844 2638/3520/2733
f 5213/5964/4590 5211/4948/3919 2741/324/321
f 4967/4690/3715 4744/4713/3737 2314/6302/4665
f 4962/6256/4670 2348/3239/2482 2376/3121/2378
f 4962/6256/4670 4967/4690/3715 2348/3239/2482
f 1570/4222/3325 1569/3787/2962 1571/5952/4583 1572/3248/2491
f 4970/4714/3738 4750/6303/4659 4746/4715/3739
f 2376/3121/2378 4965/3123/2380 5220/4716/3740
f 1948/2736/2073 1993/4486/3558 1969/4422/3500 1950/2734/2071
f 4912/4355/3441 4931/4341/3431 1763/3191/2440 1745/3190/2439
f 2892/1862/1259 3304/4311/3407 5144/4310/3406 5128/2458/1817
f 5223/2398/1760 2381/4754/3766 2383/2644/1985
f 2364/2771/2103 5222/2431/1790 4960/2430/1789
f 5223/2398/1760 4963/2428/1787 5222/2431/1790
f 4959/2643/1984 2375/2642/1983 2374/4001/3154
f 3041/1866/1263 3098/1865/1262 3091/5242/4153 3090/4290/3390
f 2006/2436/1795 2005/2336/1700 3941/2338/1702 2050/4465/3540
f 3993/5650/4400 3985/5876/4543 1679/6045/186 3992/2142/1514
f 5233/5642/4393 2333/4792/3797 5227/4554/3609
f 5295/5792/1703 5284/2603/1945 2701/2606/1948 2793/4953/3924
f 5227/4554/3609 5236/5659/4407 5233/5642/4393
f 5064/5822/4523 5050/6015/4612 4692/6016/4613 4694/5820/4521
f 3205/4855/3842 3200/2144/1515 3199/2147/1518 3204/5280/4182
f 2413/4731/3751 2423/3452/2671 2424/2443/1802 2425/2442/1801
f 2357/4692/3717 2330/4681/3706 2629/4405/3484 2628/3921/3083
f 2396/89/89 5239/4725/3747 2395/3753/2930
f 2394/92/92 2442/91/91 2437/5873/4541 2398/5872/4540
f 5260/3843/178 2689/3846/3013 2706/4833/3825 5263/4832/178
f 2447/2615/1957 3778/80/80 5243/79/79
f 5244/3935/3097 5194/3228/2472 2387/221/218
f 2746/4916/3891 2747/2591/1935 2748/4466/3541
f 3158/4851/3838 3138/5466/4230 3194/5682/2799 3189/5209/4126
f 5249/5677/4423 2669/3777/2952 2692/4279/3379
f 2281/3170/2422 2538/5765/2870 2539/5520/3555 2279/3171/2423
f 5247/5433/178 5246/4867/178 3450/3842/3011
f 5257/5942/4578 3439/5138/4074 3436/5943/4579
f 2668/4877/3857 3518/2489/1846 5090/2488/1845
f 5252/4967/3937 2691/4926/3901 2695/4925/3900
f 1213/4899/122 1218/5870/121 3478/3124/2381 3480/4900/3879
f 3652/366/361 3648/365/360 3642/3703/2889 3651/4555/3610
f 5254/5676/4422 3432/5400/4241 3440/5139/4075
f 3818/5988/4601 3815/5560/4340 3801/1739/1160 3800/1738/1159
f 3917/5615/4377 3918/5617/4379 3921/5850/4537 3920/5887/4549
f 3008/5368/4096 3009/5215/4130 3007/4951/3922 3006/5164/4092
f 5260/3841/178 5263/5432/178 3450/3842/3011
f 5261/2135/178 3143/4903/3101 3168/2136/1508
f 5262/179/178 5260/3841/178 3368/3840/178 3367/180/178
f 1199/120/120 1201/119/119 1200/2717/2055 1198/1965/1356
f 1213/122/122 1205/2937/2241 1204/2794/2124 1203/118/118
f 1584/1985/1376 1600/3460/2679 1595/2814/2144 1583/4224/3327
f 2669/3777/2952 5256/3940/3102 2671/335/332
f 5265/3436/2655 2670/5913/4564 5266/4086/3211
f 1260/1935/1326 1256/1934/1325 1258/462/454 1259/301/298
f 1400/4088/3213 1398/4083/3208 1397/94/94 1399/143/143
f 5271/2625/1966 3306/5914/4565 2663/2626/1967
f 3107/6304/4154 3097/6019/4155 3306/5914/4565
f 3107/6304/4154 5271/2625/1966 2662/4864/3847
f 5269/4960/3931 5272/4480/3552 2661/4286/3386
f 5272/4480/3552 2783/4287/3387 2661/4286/3386
f 5017/3983/3142 4485/2872/2197 4491/2558/1905 5021/2557/1904
f 1952/4475/3547 1950/2734/2071 1969/4422/3500 1968/4423/3501
f 1913/4450/3526 1912/4449/3525 4282/3797/2972 4281/3796/2971
f 3225/5331/2921 5274/6305/2234 3224/6306/2922
f 5175/5938/4575 1399/143/143 5182/5487/4288 1748/4381/3465
f 1243/4364/3449 3289/4363/3448 5298/5338/4219
f 5202/5265/4169 5198/3227/2471 5194/3228/2472 5204/4477/3549
f 5201/5270/4174 2377/285/282 2380/284/281 2711/2945/2248
f 1317/2040/1404 1315/2683/2022 4682/2686/2025 4683/267/264
f 2796/5356/3935 5292/5309/4202 2714/5311/3860
f 3480/6231/3879 3478/5177/2381 3479/3584/2792 3490/3583/2791
f 5323/6012/362 5324/5987/4524 2943/5783/4494 2944/5729/4450
f 3427/3706/1873 3416/4021/3163 3414/1838/1235 3412/1841/1238
f 4252/3360/2598 4284/3363/2601 4231/3209/2457 4251/3208/2456
f 5284/5994/1945 5295/2339/1703 2991/2342/1706 2986/5995/4605
f 4900/5757/4474 4210/2679/2018 4227/2376/1739 4899/2479/1836
f 1842/2730/2067 1838/4417/3495 1839/4418/3496 1835/2731/2068
f 5298/5780/4219 3107/6304/4154 2662/4864/3847
f 5293/5978/178 3211/5326/4214 3210/5340/4220 5282/6263/2683
f 5292/5309/4202 3284/5314/4057 3235/3725/2907
f 2815/1227/955 2813/70/70 2921/5096/4044 2901/3658/2852
f 1474/4142/3259 1475/4147/3262 1458/2545/1894 1440/4111/3229
f 5287/6251/4183 3208/4488/3560 5279/4490/362
f 1703/4818/3813 1645/5450/3363 1641/2493/1849 1702/2492/1848
f 5206/4736/3756 2416/4729/3749 2397/3117/2374 2402/3116/2373
f 3922/2506/1862 3928/5643/4394 3927/5616/4378 3917/5615/4377
f 5008/4898/3878 5010/4883/3863 2718/3472/2688
f 3651/4555/3610 3602/3979/3138 5159/4619/3661 3601/4618/3660
f 5302/4691/3716 2314/6302/4665 4720/5939/4576
f 4948/4373/3458 4939/4724/3746 4877/4723/2928 4879/5619/4380
f 5303/4283/3383 5302/4691/3716 4720/5939/4576
f 5301/2610/1952 4714/6257/4661 4972/4687/3712
f 5305/2429/1788 2365/4701/3726 4960/2430/1789
f 5049/5825/4525 4675/477/469 4674/84/84 5060/4664/3691
f 4959/2643/1984 5305/2429/1788 4963/2428/1787
f 5226/6307/4660 4959/2643/1984 2373/4712/3736
f 5311/6308/4066 5313/6309/3781 2959/5758/4475 2958/2482/1839
f 5323/5060/362 2932/3893/3058 2875/3896/3061 5324/5823/4524
f 5320/6310/4585 5319/302/299 2975/305/302 2977/6282/4676
f 5318/303/300 5321/4770/3780 2971/4773/3783 2973/304/301
f 5308/5061/4019 5320/6310/4585 2977/6282/4676 2945/5062/4020
f 1177/4945/2077 4430/4944/3918 2756/5991/4602 2749/6017/3147
f 3090/4290/3390 3091/5242/4153 3040/186/183 3027/185/182
f 3945/4421/3499 3942/2337/1701 3943/2930/2235 3944/2933/2237
f 2958/2482/1839 2947/2481/1838 5306/6311/4063 5311/6308/4066
f 2639/436/428 2640/103/103 2620/102/102 2618/437/429
f 5251/2768/2100 5250/2767/2099 3443/1960/1351 1160/1959/1350
f 5310/5881/1147 5306/6311/4063 2947/2481/1838 2948/5183/4102
f 2972/5763/4478 2959/5758/4475 5313/6309/3781 5321/5910/3780
f 3996/1813/1210 3977/6262/4324 3984/5875/4325 3995/5874/4542
f 2869/5067/4022 5326/5261/178 5327/5155/3976
f 2818/5239/4150 3237/5941/4577 3293/5077/4032 2820/5075/4030
f 5328/5121/4038 5330/4937/3911 2941/4936/3910
f 5328/6312/4038 5329/5346/3631 2928/5089/4039
f 5331/5108/4051 5333/4938/3912 2904/5005/3971
f 2906/5004/3970 5331/5108/4051 2904/5005/3971
f 4892/6313/3840 2927/4583/3632 2941/6314/3910
f 5083/5813/4515 5054/5812/4514 4663/3392/2629 4399/3391/2628
f 2036/4517/3583 2078/5957/362 2068/4719/362 2077/4542/3599
f 1273/4014/3161 1277/4018/3162 1271/4012/3160 1272/232/229
f 2904/5005/3971 5333/4938/3912 5330/4937/3911
f 2904/5005/3971 5328/5121/4038 2928/5120/4039 2877/5119/4061
f 5334/444/436 2802/443/435 2800/2390/1752
f 5342/5770/4482 4895/5743/4464 2974/5764/4479
f 5339/5771/4483 2978/5953/4584 5343/5772/4484
f 5341/5739/4460 5338/5738/4459 4232/5741/4462
f 5340/5731/4452 5344/5730/4451 4208/5740/4461
f 5341/5739/4460 2978/5953/4584 2946/5737/4458
f 5340/5731/4452 5338/5738/4459 2944/5729/4450
f 5344/5730/4451 5345/5784/4495 4208/5740/4461
f 4897/5766/4480 5345/5784/4495 4270/4584/3633
f 5342/5770/4482 5339/5771/4483 4232/5741/4462
f 5347/5748/4468 2967/4041/3181 4903/5787/4497
f 5347/5748/4468 2965/4042/3182 2967/4041/3181
f 5349/5726/4448 2963/5131/4069 5346/5727/4449
f 5346/5727/4449 5348/5747/4467 4200/3867/3033
f 4233/3183/2432 5351/5733/4454 4201/3182/2431
f 5351/5733/4454 5350/6315/4683 4201/3182/2431
f 5350/6315/4683 4200/3867/3033 4201/3182/2431
f 3590/2153/1524 1373/5793/3066 3595/5480/4282 3593/2154/1525
f 2398/5872/4540 5242/1971/1362 5239/4725/3747 2394/92/92
f 3591/5479/4281 5161/5996/4606 4241/5958/4587
f 3647/364/359 3532/3795/2970 3531/5444/4265
f 3605/3521/2734 3655/5499/4297 3604/3522/2735
f 4243/45/45 3655/5499/4297 3605/3521/2734
f 2384/2395/1757 2364/2771/2103 2754/3798/2973 2681/3381/2619
f 4416/2314/1678 1283/5830/4528 1285/2315/1679
f 3925/3819/2990 3921/5850/4537 3926/3820/2991
f 5353/6252/2231 5274/6305/2234 3225/5331/2921 3207/5308/4201
f 5241/3720/2902 5238/4302/3399 5201/5270/4174 2393/3118/2375
f 5290/5310/4203 3235/3725/2907 3224/3740/2922
f 5352/2927/2232 5287/5283/4183 2726/4897/3877
f 2556/4456/3532 2555/1920/1311 2560/1919/1310
f 2174/5566/3653 3828/3784/2959 2191/3404/2640
f 2173/5558/4080 3824/4171/3284 2174/5566/3653
f 3553/5804/3311 4343/5998/4536 4341/5803/4508
f 4349/5972/4596 4343/5998/4536 1276/1659/1128
f 5248/5525/4309 5268/3435/2654 3517/3438/2657 3518/2489/1846
f 1009/584/551 1008/1517/1083 1151/1533/1083 1152/585/551
f 486/1546/540 1083/1478/1059 1081/1481/1061 1068/569/540
f 444/1441/1022 442/1439/1020 992/612/567 1003/604/562
f 4969/4696/3721 4753/4693/3718 4751/6160/4432 4968/4697/3722
f 4826/4035/3176 4827/4033/3174 1297/6164/147 1299/5629/146
f 3676/5517/4307 3677/2818/2148 3675/5578/4355 3674/1870/1267
f 3535/1949/1340 3631/1948/1339 3630/5424/4253 3629/5884/4546
f 2976/5769/4481 2974/5764/4479 5318/5911/300 5319/6316/299
f 3186/2948/2249 3382/5973/178 3390/5826/178
f 4421/3869/3035 4405/3451/2670 4407/5564/4343
f 3183/5189/4107 3188/5210/2250 3186/5276/2249 3140/3498/2712
f 4203/2378/1741 3000/6242/4091 4901/5608/4376
f 4121/5687/4430 4120/5997/4607 4126/3694/2883 4360/3696/2532
f 3214/3745/2924 2826/5313/4204 2824/3746/2925
f 3913/2508/1864 3915/3690/2879 3923/2505/1861
f 4205/3671/2865 4282/3797/2972 4283/3672/2866
f 1889/4004/3157 5049/5825/4525 5060/4664/3691
f 5014/3974/3133 5024/5197/4115 4495/3975/3134
f 1290/4023/3165 5072/4024/3166 5085/4025/3167
f 1377/3716/2898 1360/4054/3188 1358/3717/2899
f 1380/4075/3202 1361/4055/3189 1360/4054/3188
f 1383/4078/3205 1392/4092/3217 1393/3767/2944
f 1405/4080/3206 1415/3786/2961 1414/3785/2960
f 1412/4087/3212 1416/2115/1490 1398/4083/3208
f 4300/1800/1199 4294/3355/2593 4295/3358/2596
f 1490/4190/3296 4113/1341/984 1519/4189/3295
f 4185/1780/1190 1603/4242/3344 1599/3461/2680
f 1741/460/452 4936/6247/4668 4918/4319/3411
f 1742/398/392 4927/4320/3412 4937/4321/3413
f 1727/4322/3414 4863/4347/2570 4922/4323/3415
f 1750/4325/3417 4923/6249/4669 4950/4326/3418
f 1767/4343/3433 1746/3150/2404 4916/4344/3434
f 1737/4346/2569 4916/4344/3434 4922/4323/3415
f 4930/4324/3416 4913/6245/4667 4867/4348/3436
f 4932/4349/3437 4913/6245/4667 1746/3150/2404
f 4846/4351/156 4925/4353/3439 4937/4321/3413
f 1736/4356/2571 4923/6249/4669 4929/4357/3442
f 4856/4368/3453 4857/6254/4662 4915/4369/3454
f 4914/4370/3455 4947/4371/3456 1788/459/451
f 4919/4372/3457 4936/6247/4668 1741/460/452
f 1735/4375/2408 4941/4376/3460 4950/4326/3418
f 5015/2743/2079 5038/5956/4586 4496/5695/4434 4486/5694/4433
f 1973/448/440 1981/447/439 1971/4482/3554
f 1986/4509/3576 1987/5281/2236 1979/4481/3553
f 5207/4876/3856 2402/3116/2373 2393/3118/2375
f 2131/115/115 2163/2725/2062 2167/4576/3628
f 5227/4554/3609 2333/4792/3797 2331/4682/3707
f 4753/4693/3718 4969/4696/3721 4966/4694/3719
f 4754/4695/3720 4966/4694/3719 4964/4699/3724
f 2363/4700/3725 4964/4699/3724 4960/2430/1789
f 2978/5953/4584 2976/5769/4481 5319/6316/299 5320/5954/4585
f 2371/4709/1465 2372/4711/3735 4957/4710/3734
f 4957/4710/3734 4959/2643/1984 2374/4001/3154
f 4959/2643/1984 4957/4710/3734 2372/4711/3735
f 4744/4713/3737 4962/6256/4670 4970/4714/3738
f 2411/4728/3748 2410/4278/3378 2414/2441/1800
f 2557/4802/3803 2553/4807/3808 2552/2241/1605
f 2563/4686/3711 3841/3582/2790 2556/4456/3532
f 2553/4807/3808 2547/4809/3809 2546/4798/3800
f 3838/4455/3531 2557/4802/3803 2554/2243/1607
f 2597/433/425 2596/5568/4345 2605/434/426
f 2604/431/423 2333/4792/3797 2335/432/424
f 3804/4634/3671 2614/4840/3831 2589/4089/3214
f 1164/4861/1195 1166/2533/1883 1165/2532/1882
f 5219/4717/3741 5220/4716/3740 4742/4985/3952 4750/6303/4659
f 4432/4865/3848 4433/5878/4545 2745/4866/3849
f 2698/3808/2980 4986/4931/3905 4987/4871/3851
f 2700/2605/1947 4987/4871/3851 4984/4872/3852
f 5092/3322/2561 5093/4878/3858 2664/4834/3826
f 2418/3661/2855 5208/4737/3757 5205/3662/2856
f 2689/3846/3013 5091/4875/3855 5094/4873/3853
f 5005/4879/3859 5011/4962/3933 2714/4880/3860
f 2715/4881/3861 2716/2461/1820 4999/4882/3862
f 2716/2461/1820 2719/2460/1819 5002/4884/3864
f 5000/4886/3866 4996/4887/3867 2721/336/333
f 2717/4895/3875 5009/6260/4672 5006/4896/3876
f 2727/325/322 5009/6260/4672 5008/4898/3878
f 2737/1376/1007 5215/4912/3887 5216/4913/3888
f 5352/2927/2232 2726/4897/3877 5003/4915/3890
f 5003/4915/3890 5006/4896/3876 2727/325/322
f 2698/3808/2980 2758/5999/4608 4988/4930/3904
f 4978/4933/3907 4983/4959/3930 2688/4934/3908
f 4980/4337/3427 4985/4340/3430 2787/4843/3834
f 2793/4953/3924 4993/4955/3926 4992/4954/3925
f 4991/4956/3927 4982/6259/4671 2784/3236/2479
f 2784/3236/2479 4982/6259/4671 4979/4957/3928
f 2759/4496/3564 2794/3465/2682 4989/4958/3929
f 4989/4958/3929 5269/4960/3931 2661/4286/3386
f 5269/4960/3931 4989/4958/3929 2794/3465/2682
f 5101/5047/4009 5103/5319/4208 2834/5048/4010
f 2820/5075/4030 3293/5077/4032 3273/5076/4031
f 5328/5088/4038 2941/6314/3910 2927/4583/3632
f 2828/5112/4055 3216/5091/4041 3255/5001/3967
f 2867/5065/2914 2869/5067/4022 5327/5155/3976
f 5327/5011/3976 5326/3804/178 2997/3803/2976
f 4247/5369/4094 3011/5166/1872 3010/5165/4093
f 2939/3839/3010 2931/3838/3009 2930/5198/4116
f 3114/4972/3940 3113/5037/4002 3228/5036/4001
f 2805/5213/4128 2940/4565/3619 2942/4564/3618
f 3196/5272/4175 3179/5259/4164 3152/5262/4166
f 2797/5282/3777 2796/6261/3935 5011/4962/3933
f 2822/4097/3220 3273/5076/4031 3230/3747/2926
f 3111/5074/4029 3245/1912/1305 3227/5035/4000
f 3216/5091/4041 2828/5112/4055 2826/5313/4204
f 2887/4975/3943 2865/1898/1291 2864/1897/1290
f 2778/3107/2368 2777/3831/3002 2728/241/238
f 5102/5352/4225 3296/6290/4675 3242/4996/3962
f 3066/3811/2983 3074/5187/2894 3100/5234/4147
f 3100/5358/4147 3307/5357/4226 3308/5359/3005
f 5296/5980/3795 2774/5979/4598 2723/6028/4615 5294/6027/2591
f 5245/4718/3742 2691/4926/3901 5253/5399/4240
f 3506/5426/4255 3508/5429/4258 3504/2484/1841
f 3507/5428/4257 3509/5431/4260 3508/5429/4258
f 3513/5430/4259 1271/5844/3160 3511/5427/4256
f 5266/4086/3211 2671/335/332 5256/3940/3102
f 3552/5469/4277 3551/5468/4276 3549/5464/4274
f 3550/5467/4275 3548/5463/4273 3549/5464/4274
f 3651/4555/3610 3650/3976/3135 3602/3979/3138
f 3597/6317/380 3599/2587/379 3596/2590/1934
f 3530/3704/2890 3525/5440/4263 3643/2851/2179
f 3771/2803/2133 3760/5146/4079 3759/5547/4329
f 3772/2804/2134 3759/5547/4329 3743/5541/4323
f 2388/3719/2901 2385/3718/2900 2386/3760/2937
f 3804/4634/3671 3803/372/366 2613/4839/3830
f 4614/217/214 4597/4549/3604 4599/2414/1774
f 4825/2327/1691 4823/3003/2288 4822/3002/2287
f 4828/2019/1402 4798/41/41 4829/44/44
f 3509/5431/4260 3511/5427/4256 3510/3547/2757
f 1466/5686/3247 4120/5997/4607 4121/5687/4430
f 4160/2014/1397 1637/4258/3360 1635/5715/4443
f 4183/5718/4445 4184/1779/1189 4182/2010/1393
f 4191/1895/1288 4194/2101/1477 4190/2723/2060
f 5349/5726/4448 5350/6315/4683 2996/3802/2975
f 2944/5729/4450 2943/5783/4494 5344/5730/4451
f 4891/5732/4453 4892/6313/3840 3205/5523/3842
f 2996/3802/2975 5350/6315/4683 5351/5733/4454
f 5165/5735/4456 4225/3679/2872 4226/5736/4457
f 2946/5737/4458 2944/5729/4450 5338/5738/4459
f 5338/5738/4459 5340/5731/4452 4208/5740/4461
f 4895/5743/4464 4268/3207/2455 4229/2681/2020
f 2963/5131/4069 2965/4042/3182 5348/5747/4467
f 4223/5755/4472 5167/5734/4455 5168/5756/4473
f 4900/5757/4474 4899/2479/1836 2958/2482/1839
f 4272/5762/4477 4890/5774/4486 2972/5763/4478
f 5007/4890/3870 2725/328/325 2712/327/324
f 2712/327/324 2710/4755/3767 5007/4890/3870
f 2976/5769/4481 5339/5771/4483 5342/5770/4482
f 2969/5483/4284 2954/5486/4287 4905/5775/4487
f 4292/5781/4492 4286/1797/1196 5174/1980/1371
f 2943/5783/4494 4270/4584/3633 5345/5784/4495
f 4898/5785/4496 4895/5743/4464 5342/5770/4482
f 4283/3672/2866 1911/3475/2691 3320/3474/2690
f 4292/5781/4492 5173/5782/4493 5170/5788/4498
f 4294/3355/2593 4296/4963/3934 1408/3356/2594
f 4226/5736/4457 4303/3678/2871 4302/4528/3593
f 1359/4294/3392 1387/1883/1280 1379/3715/2897
f 3929/5631/4389 5068/5807/4509 5065/5809/4511
f 4397/5385/4235 5059/5810/4512 5065/5809/4511
f 5089/5811/4513 5054/5812/4514 3930/5630/4388
f 1905/4446/3522 1907/4448/3524 5076/264/261
f 4410/5831/4529 5052/6265/4674 5077/4027/3169
f 1295/4493/3562 5052/6265/4674 5051/5828/4526
f 4400/4402/3481 4413/4401/3480 5070/5832/4530
f 5070/5832/4530 5081/6264/4673 3931/5628/4387
f 3931/5628/4387 5081/6264/4673 5075/5833/4531
f 3920/5887/4549 3921/5850/4537 3925/3819/2990
f 4418/2316/1680 1282/2781/2111 1281/1754/1173
f 4433/5878/4545 4434/5984/4599 2665/4893/3873
f 4431/3722/2904 4432/4865/3848 2744/3721/2903
f 4434/5984/4599 5264/1957/1348 2694/4924/3899
f 4642/3886/3051 1170/6161/266 1168/2837/265
f 4910/2055/1433 4894/5742/4463 4290/2034/1417
f 1995/4251/3353 2000/4250/3352 1996/4487/3559
f 3502/2044/1424 3503/2485/1842 3510/3547/2757
f 1253/5521/2090 3506/5856/4255 3505/5522/1961
f 5022/4575/3627 1175/5890/4552 1235/4940/3914 1234/2123/1496
f 3439/5138/4074 3437/5137/4073 3438/5976/2008
f 3911/3818/2989 3913/2508/1864 3924/2507/1863
f 1749/4327/3419 4945/4741/3760 4949/4775/3784
f 2782/2475/1832 2783/4287/3387 5272/4480/3552
f 5345/5784/4495 4897/5766/4480 4889/5970/4595
f 4905/5775/4487 4907/5721/4446 4291/3344/2582
f 4624/5894/4555 4594/1820/1217 4592/1819/1216
f 2269/4663/3690 2288/4659/3686 2270/5569/4346
f 4425/5815/1986 3919/3689/2878 3908/3691/2880
f 2785/4521/3587 4980/4337/3427 4992/4954/3925
f 4924/4776/3785 4920/4365/3450 1783/4084/3209
f 1167/2099/1475 5258/2098/1474 5255/4572/3625 1159/5160/4088
f 5266/4086/3211 2670/5913/4564 2718/3472/2688
f 4460/6140/4643 4461/2183/1554 4527/6141/2265
f 4544/3742/2923 4546/6155/4651 4478/6154/1204
f 4546/6155/4651 4460/6140/4643 4526/6142/1205
f 1170/6161/266 4642/3886/3051 4636/3885/1521
f 4599/2414/1774 2115/6301/2361 2114/2415/458
f 4625/2180/1551 4461/2183/1554 4460/6140/4643
f 4642/3886/3051 4644/5895/4556 4546/6155/4651
f 4624/5894/4555 4460/6140/4643 4546/6155/4651
f 4757/3339/2577 4756/3637/2834 2365/6194/3726
f 4760/2374/1737 4757/3339/2577 5226/6214/4660
f 3008/5173/4096 3016/2935/2239 3017/2934/2238 4247/5168/4094
f 4272/5762/4477 4896/5744/4465 4229/2681/2020
f 4891/5732/4453 4897/5766/4480 4270/4584/3633
f 4893/5773/4485 4287/2680/2019 4900/5757/4474
f 4893/5773/4485 2959/5758/4475 2972/5763/4478
f 4903/5787/4497 2967/4041/3181 2969/5483/4284
f 4907/5721/4446 2954/5486/4287 2952/14/14
f 4894/5742/4463 4200/3867/3033 5347/5748/4468
f 4940/4358/3443 1771/3341/2579 1767/4343/3433
f 4926/4367/3452 4944/4366/3451 4858/5959/4588
f 4941/4376/3460 1735/4375/2408 1734/6244/2407
f 4912/4355/3441 4849/6253/3063 4852/4721/3744
f 4929/4357/3442 1750/4325/3417 1771/3341/2579
f 4918/4319/3411 1743/6248/1249 4845/4352/1248
f 4919/4372/3457 4947/4371/3456 4848/6250/4600
f 4932/4349/3437 4917/4374/3459 4874/5620/4381
f 4939/4724/3746 4948/4373/3458 1768/3149/2403
f 4943/4354/3440 4850/6255/155 4849/6253/3063
f 4914/4370/3455 4915/4369/3454 4857/6254/4662
f 4925/4353/3439 4846/4351/156 4850/6255/155
f 4911/4377/3461 1734/6244/2407 1733/4742/3761
f 4953/3326/2565 4956/4705/3730 2369/3327/2566
f 4951/4707/3732 4958/4706/3731 2370/5094/1466
f 4973/4688/3713 4972/4687/3712 4714/6257/4661
f 4973/4688/3713 4715/6258/2330 4716/6246/2329
f 4984/4872/3852 2699/4932/3906 2792/3031/2311
f 4978/4933/3907 4988/4930/3904 2758/5999/4608
f 4991/4956/3927 4993/4955/3926 2793/4953/3924
f 4996/4887/3867 2720/5293/4189 2722/5292/4188
f 5001/4941/3915 2723/6028/4615 2774/5979/4598
f 4997/4889/3869 4994/4888/3868 2722/5292/4188
f 2721/336/333 4997/4889/3869 5001/4941/3915
f 5000/4886/3866 5002/4884/3864 2719/2460/1819
f 5008/4898/3878 2717/4895/3875 2715/4881/3861
f 5007/4890/3870 2713/2928/2233 5352/2927/2232
f 5034/3982/3141 4484/2873/2198 4485/2872/2197
f 4512/2497/1853 5012/5891/4553 5022/4575/3627 4514/2069/1447
f 5042/5889/4551 5037/5885/4547 1194/5708/4439 4507/1890/1284
f 4509/138/138 5046/3503/2717 5044/2122/1495 4508/4000/3153
f 5080/5835/4533 5075/5833/4531 4413/4401/3480
f 5079/5814/4516 5083/5813/4515 4399/3391/2628
f 5084/5808/4510 5068/5807/4509 3929/5631/4389
f 5051/5828/4526 4410/5831/4529 4411/5834/4532
f 5060/4664/3691 5062/4703/3728 1907/4448/3524
f 5047/5821/4522 1901/3444/2663 1903/4444/3520
f 5053/5829/4527 5080/5835/4533 4414/6036/4618
f 5077/4027/3169 1295/4493/3562 1288/2357/1720
f 3656/2631/1972 5091/4875/3855 2689/3846/3013
f 2668/4877/3857 5090/2488/1845 2664/4834/3826
f 5091/4875/3855 3656/2631/1972 3657/2634/1975
f 2881/5017/3982 2858/5016/3981 2811/69/69
f 1978/2638/1979 1990/2637/1978 1977/4822/3816 5354/4498/3565
f 3302/3728/2910 5103/6273/4208 5101/6285/4009
f 1998/2541/1891 1999/2540/1890 1967/3597/2801 5354/6318/3565
f 5102/6288/4225 2852/5085/4013 2850/5084/4036
f 3303/6055/4624 5144/4310/3406 5137/4309/3405
f 3218/1910/1303 5135/3373/2611 5141/3372/2610
f 3262/5349/4223 2900/2455/1814 5128/2458/1817
f 5242/1971/1362 2390/1970/1361 2395/3753/2930 5239/4725/3747
f 4293/5789/4499 5166/5790/4500 5164/3362/2600
f 4242/3665/2859 5163/5754/4471 4222/47/47
f 5168/5756/4473 5167/5734/4455 4222/47/47
f 4224/3361/2599 4222/47/47 5167/5734/4455
f 5161/5996/4606 5154/3666/2860 4240/46/46
f 3591/5479/4281 4223/5755/4472 5163/5754/4471
f 4303/3678/2871 4226/5736/4457 4225/3679/2872
f 5162/5753/4470 4242/3665/2859 5154/3666/2860
f 5167/5734/4455 4223/5755/4472 4225/3679/2872
f 4299/4069/3198 4301/1798/1197 4292/5781/4492
f 5170/5788/4498 4285/5892/4554 4284/3363/2601
f 4230/5655/4403 4285/5892/4554 5173/5782/4493
f 5175/5938/4575 1400/4088/3213 1399/143/143
f 5183/1782/1191 5203/26/26 5202/5265/4169
f 5185/4476/3548 5202/5265/4169 5204/4477/3549
f 5189/3376/2614 3782/5554/4336 3783/5819/4520
f 2378/2614/1956 5200/4303/3400 5204/4477/3549
f 2157/4543/3600 2159/4545/3602 2158/4608/3652
f 2158/5290/3652 2160/2939/2243 5197/2942/2245
f 5208/4737/3757 2418/3661/2855 2410/4278/3378
f 5207/4876/3856 2711/2945/2248 2682/2944/2247
f 5217/3566/2775 5211/4948/3919 2779/5966/4592
f 5213/5964/4590 2741/324/321 5210/4911/3886
f 5216/4913/3888 2743/5606/4374 2420/3075/2340
f 5210/4911/3886 5209/4910/3885 2735/5604/4372
f 5212/3565/2774 2742/3564/2773 2743/5606/4374
f 5212/3565/2774 2737/1376/1007 5217/3566/2775
f 3338/242/239 2728/241/238 2777/3831/3002
f 4967/4690/3715 4962/6256/4670 4744/4713/3737
f 4970/4714/3738 5219/4717/3741 4750/6303/4659
f 4963/2428/1787 5223/2398/1760 2383/2644/1985
f 5221/286/283 2347/78/78 2345/77/77
f 5231/2613/1955 2339/2612/1954 2337/4459/3535
f 5235/5967/4593 5234/4460/3536 5233/5642/4393
f 4639/3103/2364 4582/3034/2314 4581/2016/1399 4632/3515/2729
f 5299/5977/178 5281/3953/3113 2988/3956/3115 3212/5228/4141
f 2668/4877/3857 5248/5525/4309 3518/2489/1846
f 1193/5195/4113 1188/331/328 5258/2098/1474 5356/2097/1473
f 2669/3777/2952 5257/5942/4578 5256/3940/3102
f 5265/3436/2655 5268/3435/2654 2670/5913/4564
f 5271/2625/1966 3107/6304/4154 3306/5914/4565
f 5269/4960/3931 2687/2627/1968 5272/4480/3552
f 5302/4691/3716 4967/4690/3715 2314/6302/4665
f 5301/2610/1952 4723/4387/2410 4714/6257/4661
f 5304/4281/3381 5301/2610/1952 5231/2613/1955
f 5305/2429/1788 5226/6307/4660 2365/4701/3726
f 5226/6307/4660 5305/2429/1788 4959/2643/1984
f 2869/5067/4022 2846/4990/3957 5326/5261/178
f 4892/6313/3840 4891/5732/4453 2927/4583/3632
f 5339/5771/4483 2976/5769/4481 2978/5953/4584
f 5341/5739/4460 5343/5772/4484 2978/5953/4584
f 5347/5748/4468 5348/5747/4467 2965/4042/3182
f 5349/5726/4448 2961/5132/4070 2963/5131/4069
f 5350/6315/4683 5349/5726/4448 4200/3867/3033
f 3654/5500/2969 3655/5499/4297 3532/5751/2970
f 4243/45/45 3202/5750/4180 3655/5499/4297
f 5290/5310/4203 5292/5309/4202 3235/3725/2907
f 5352/2927/2232 5353/2926/2231 5287/5283/4183
f 2556/4456/3532 2554/2243/1607 2555/1920/1311
f 893/1752/1171 892/1473/1054 865/2011/1394 469/1753/1172
f 3213/5226/4139 2988/3956/3115 5110/6284/1133 5102/6319/4225
f 1998/2541/1891 5354/6318/3565 1977/6025/3816 2008/6001/4609
f 3017/2934/2238 3356/5387/4236 3355/5205/4123 3011/5167/1872
f 2043/3510/2724 2166/2077/1455 3793/4569/3623 5355/4739/3758
f 2045/4560/3614 5355/4739/3758 2044/4527/3592 2046/4537/3596
f 1169/2100/1476 1224/1904/1297 1212/1903/1296 5356/2097/1473
f 1189/330/327 5255/4572/3625 5258/2098/1474 1188/331/328
f 2149/4566/3620 2161/2075/1453 2155/2074/1452 2145/5347/4222
f 6381/7418/873 6357/7419/873 6358/7420/860 6382/7421/860
f 6372/7422/834 6348/7423/834 6349/7424/831 6373/7425/831
f 6392/7426/852 6368/7427/852 6345/7428/210 6369/7429/210
f 6317/7430/898 6316/7431/837 6340/7432/837 6341/7433/898
f 6318/7434/894 6317/7430/898 6341/7433/898 6342/7435/894
f 6311/7436/861 6310/7437/860 6334/7438/860 6335/7439/861
f 6310/7437/860 6309/7440/873 6333/7441/873 6334/7438/860
f 6297/7442/210 6320/7443/852 6344/7444/852 6321/7445/210
f 6304/7446/846 6303/7447/845 6327/7448/845 6328/7449/846
f 6320/7443/852 6319/7450/879 6343/7451/879 6344/7444/852
f 6312/7452/870 6311/7436/861 6335/7439/861 6336/7453/870
f 6306/7454/887 6305/7455/885 6329/7456/885 6330/7457/887
f 6299/7458/868 6298/7459/211 6322/7460/211 6323/7461/868
f 6314/7462/842 6313/7463/843 6337/7464/843 6338/7465/842
f 6298/7459/211 6297/7442/210 6321/7445/210 6322/7460/211
f 6315/7466/838 6314/7462/842 6338/7465/842 6339/7467/838
f 6308/7468/874 6307/7469/896 6331/7470/896 6332/7471/874
f 6309/7440/873 6308/7468/874 6332/7471/874 6333/7441/873
f 6302/7472/853 6301/7473/831 6325/7474/831 6326/7475/853
f 6389/7476/898 6365/7477/898 6366/7478/894 6390/7479/894
f 6382/7421/860 6358/7420/860 6359/7480/861 6383/7481/861
f 6376/7482/846 6352/7483/846 6353/7484/885 6377/7485/885
f 6391/7486/879 6367/7487/879 6368/7427/852 6392/7426/852
f 6377/7485/885 6353/7484/885 6354/7488/887 6378/7489/887
f 6370/7490/211 6346/7491/211 6347/7492/868 6371/7493/868
f 6385/7494/843 6361/7495/843 6362/7496/842 6386/7497/842
f 6301/7473/831 6300/7498/834 6324/7499/834 6325/7474/831
f 6386/7497/842 6362/7496/842 6363/7500/838 6387/7501/838
f 6379/7502/896 6355/7503/896 6356/7504/874 6380/7505/874
f 6380/7505/874 6356/7504/874 6357/7419/873 6381/7418/873
f 6373/7425/831 6349/7424/831 6350/7506/853 6374/7507/853
f 6387/7508/838 6363/7509/838 6364/7510/837 6388/7511/837
f 6371/7493/868 6347/7492/868 6348/7423/834 6372/7422/834
f 6384/7512/870 6360/7513/870 6361/7495/843 6385/7494/843
f 6383/7481/861 6359/7480/861 6360/7513/870 6384/7512/870
f 6390/7479/894 6366/7478/894 6367/7487/879 6391/7486/879
f 6374/7507/853 6350/7506/853 6351/7514/845 6375/7515/845
f 6388/7511/837 6364/7510/837 6365/7477/898 6389/7476/898
f 6307/7469/896 6306/7454/887 6330/7457/887 6331/7470/896
f 6378/7489/887 6354/7488/887 6355/7503/896 6379/7502/896
f 6316/7431/837 6315/7516/838 6339/7517/838 6340/7432/837
f 6300/7498/834 6299/7458/868 6323/7461/868 6324/7499/834
f 6313/7463/843 6312/7452/870 6336/7453/870 6337/7464/843
f 6305/7455/885 6304/7446/846 6328/7449/846 6329/7456/885
f 6319/7450/879 6318/7434/894 6342/7435/894 6343/7451/879
f 6303/7447/845 6302/7472/853 6326/7475/853 6327/7448/845
f 6375/7515/845 6351/7514/845 6352/7483/846 6376/7482/846
f 6369/7429/210 6345/7428/210 6346/7491/211 6370/7490/211
usemtl tool_wrist_non_transparent
f 5840/6320/873 5862/6321/860 5449/6322/4684 5450/6323/4685
f 5859/6324/843 5858/6325/842 5443/6326/4686 5445/6327/4687
f 5892/6328/837 5893/6329/838 5461/6330/762 5459/6331/761
f 5897/6332/861 5898/6333/860 5471/6334/758 5469/6335/1004
f 5889/6336/879 5890/6337/894 5455/6338/782 5453/6339/1079
f 5904/6340/846 5905/6341/845 5485/6342/1081 5483/6343/997
f 5926/6344/178 5925/6345/178 5550/6346/178 5551/6347/178
f 5480/6348/1011 5553/6349/178 5552/6350/178 5478/6351/1010
f 5929/6352/178 5928/6353/178 5553/6349/178 5554/6354/178
f 5484/6355/998 5555/6356/178 5554/6354/178 5482/6357/999
f 5772/6358/362 5661/6359/4688 5663/6360/4689 5773/6361/362
f 5663/6360/4689 5661/6359/4688 5662/6362/4690 5664/6363/4691
f 5661/6359/4688 5659/6364/4692 5660/6365/4693 5662/6362/4690
f 5498/6366/989 5497/6367/992 5452/6368/1080 5451/6369/1121
f 5690/6370/715 5688/6371/718 5689/6372/1144 5691/6373/985
f 5660/6365/4693 5659/6364/4692 5657/6374/4694 5658/6375/4695
f 5468/6376/1141 5467/6377/1124 5469/6378/1004 5470/6379/1003
f 5687/6380/4696 5686/6381/752 5684/6382/723 5685/6383/994
f 5443/6384/4686 5442/6385/4697 5444/6386/4698 5445/6387/4687
f 5496/6388/990 5494/6389/770 5493/6390/773 5495/6391/991
f 5441/6392/4699 5439/6393/4700 5438/6394/4701 5440/6395/4702
f 5445/6387/4687 5444/6386/4698 5446/6396/4703 5447/6397/4704
f 5384/6398/4705 5383/6399/4706 5517/6400/887 5518/6401/885
f 5919/6402/178 5918/6403/178 5545/6404/178 5546/6405/178
f 5743/6406/4707 5742/6407/4708 5608/6408/4709 5730/6409/4710
f 5523/6410/4711 5507/6411/4712 5388/6412/4713 5522/6413/4714
f 5745/6414/4715 5744/6415/4716 5724/6416/4717 5723/6417/4718
f 5500/6418/4719 5512/6419/4720 5533/6420/4721 5534/6421/4722
f 5357/6422/852 5358/6423/879 5889/6336/879 5888/6424/852
f 5536/6425/4723 5503/6426/4724 5499/6427/4725 5535/6428/4726
f 5748/6429/4727 5747/6430/4728 5726/6431/4729 5727/6432/4730
f 5381/6433/4731 5389/6434/4732 5516/6435/4733 5515/6436/874
f 5385/6437/4734 5384/6398/4705 5518/6401/885 5519/6438/846
f 5502/6439/4735 5513/6440/4736 5526/6441/4737 5527/6442/4738
f 5529/6443/4739 5504/6444/4740 5501/6445/4741 5528/6446/4742
f 5388/6412/4713 5387/6447/4743 5521/6448/853 5522/6413/4714
f 5745/6414/4715 5723/6417/4718 5725/6449/4744 5746/6450/4745
f 5528/6446/4742 5501/6445/4741 5502/6439/4735 5527/6442/4738
f 5750/6451/4746 5729/6452/4747 5722/6453/4748 5751/6454/4749
f 5499/6427/4725 5500/6418/4719 5534/6421/4722 5535/6428/4726
f 5386/6455/4750 5385/6437/4734 5519/6438/846 5520/6456/845
f 5506/6457/4751 5504/6444/4740 5529/6443/4739 5530/6458/4752
f 5505/6459/4753 5503/6426/4724 5536/6425/4723 5537/6460/4754
f 5383/6399/4706 5382/6461/4755 5514/6462/896 5517/6400/887
f 5508/6463/4756 5506/6457/4751 5530/6458/4752 5531/6464/4757
f 5511/6465/4758 5509/6466/4759 5524/6467/4760 5525/6468/4761
f 5367/6469/860 5368/6470/873 5899/6471/873 5898/6333/860
f 5358/6423/879 5359/6472/894 5890/6337/894 5889/6336/879
f 5373/6473/846 5374/6474/845 5905/6341/845 5904/6340/846
f 5366/6475/861 5367/6469/860 5898/6333/860 5897/6332/861
f 5359/6472/894 5360/6476/898 5891/6477/898 5890/6337/894
f 5360/6476/898 5361/6478/837 5892/6328/837 5891/6477/898
f 5375/6479/853 5376/6480/831 5907/6481/831 5906/6482/853
f 5368/6470/873 5369/6483/874 5900/6484/874 5899/6471/873
f 5361/6478/837 5362/6485/838 5893/6329/838 5892/6328/837
f 5376/6480/831 5377/6486/834 5908/6487/834 5907/6481/831
f 5369/6483/874 5370/6488/896 5901/6489/896 5900/6484/874
f 5362/6485/838 5363/6490/842 5894/6491/842 5893/6329/838
f 5370/6488/896 5371/6492/887 5902/6493/887 5901/6489/896
f 5371/6492/887 5372/6494/885 5903/6495/885 5902/6493/887
f 5676/6496/747 5937/6497/879 5936/6498/852 5675/6499/744
f 5730/6409/4710 5608/6408/4709 5623/6500/4762 5624/6501/4763
f 5864/6502/4764 5402/6503/4765 5401/6504/4766 5877/6505/4767
f 5865/6506/4768 5410/6507/4769 5409/6508/4770 5863/6509/4771
f 5499/6510/4725 5865/6506/4768 5863/6509/4771 5500/6511/4719
f 5879/6512/4772 5390/6513/4773 5413/6514/4774 5882/6515/4775
f 5391/6516/4776 5390/6513/4773 5879/6512/4772 5883/6517/4777
f 5600/6518/4778 5615/6519/4779 5616/6520/4780 5601/6521/4781
f 5599/6522/4782 5614/6523/4783 5615/6519/4779 5600/6518/4778
f 5409/6508/4770 5408/6524/4784 5876/6525/4785 5863/6509/4771
f 5387/6526/4743 5880/6527/4786 5878/6528/4787 5386/6529/4750
f 5383/6530/4706 5884/6531/4788 5883/6517/4777 5382/6532/4755
f 5606/6533/4789 5621/6534/4790 5622/6535/4791 5607/6536/4792
f 5503/6537/4724 5867/6538/4793 5865/6506/4768 5499/6510/4725
f 5603/6539/4794 5618/6540/4795 5619/6541/4796 5604/6542/4797
f 5511/6543/4758 5875/6544/4798 5873/6545/4799 5509/6546/4759
f 5612/6547/4800 5611/6548/4801 5635/6549/4802 5636/6550/4803
f 5408/6524/4784 5407/6551/4804 5874/6552/4805 5876/6525/4785
f 5405/6553/4806 5404/6554/4807 5868/6555/4808 5870/6556/4809
f 5723/6417/4718 5626/6557/4810 5627/6558/4811 5725/6449/4744
f 5603/6539/4794 5602/6559/4812 5617/6560/4813 5618/6540/4795
f 5728/6561/4814 5630/6562/4815 5631/6563/4816 5729/6452/4747
f 5413/6514/4774 5412/6564/4817 5869/6565/4818 5882/6515/4775
f 5608/6408/4709 5607/6536/4792 5622/6535/4791 5623/6500/4762
f 5510/6566/4819 5874/6552/4805 5872/6567/4820 5508/6568/4756
f 5399/6569/4821 5414/6570/178 5398/6571/4822
f 5390/6513/4773 5414/6570/178 5413/6514/4774
f 5392/6572/4823 5414/6570/178 5391/6516/4776
f 5407/6551/4804 5414/6570/178 5406/6573/4824
f 5400/6574/4825 5414/6570/178 5399/6569/4821
f 5393/6575/4826 5414/6570/178 5392/6572/4823
f 5408/6524/4784 5414/6570/178 5407/6551/4804
f 5401/6504/4766 5414/6570/178 5400/6574/4825
f 5394/6576/4827 5414/6570/178 5393/6575/4826
f 5409/6508/4770 5414/6570/178 5408/6524/4784
f 5402/6503/4765 5414/6570/178 5401/6504/4766
f 5395/6577/4828 5414/6570/178 5394/6576/4827
f 5410/6507/4769 5414/6570/178 5409/6508/4770
f 5403/6578/4829 5414/6570/178 5402/6503/4765
f 5396/6579/4830 5414/6570/178 5395/6577/4828
f 5411/6580/4831 5414/6570/178 5410/6507/4769
f 5404/6554/4807 5414/6570/178 5403/6578/4829
f 5397/6581/4832 5414/6570/178 5396/6579/4830
f 5412/6564/4817 5414/6570/178 5411/6580/4831
f 5405/6553/4806 5414/6570/178 5404/6554/4807
f 5398/6571/4822 5414/6570/178 5397/6581/4832
f 5413/6514/4774 5414/6570/178 5412/6564/4817
f 5391/6516/4776 5414/6570/178 5390/6513/4773
f 5406/6573/4824 5414/6570/178 5405/6553/4806
f 5779/6582/4833 5789/6583/4834 5638/6584/4835 5639/6585/4836
f 5781/6586/4837 5780/6587/4838 5640/6588/4839 5641/6589/4840
f 5417/6590/4841 5416/6591/4842 5562/6592/4843 5563/6593/4844
f 5788/6594/4845 5787/6595/4846 5671/6596/4847 5672/6597/4848
f 5423/6598/4849 5422/6599/4850 5568/6600/4851 5569/6601/4852
f 5786/6602/4853 5785/6603/4854 5645/6604/4855 5646/6605/4856
f 5780/6587/4838 5779/6582/4833 5639/6585/4836 5640/6588/4839
f 5671/6596/4847 5787/6595/4846 5669/6606/4857 5670/6607/4858
f 5482/6357/999 5480/6348/1011 5479/6608/1140 5481/6609/1000
f 5441/6392/4699 5440/6395/4702 5442/6385/4697 5443/6384/4686
f 5676/6610/747 5675/6611/744 5674/6612/754 5677/6613/755
f 5657/6374/4694 5655/6614/4859 5656/6615/4860 5658/6375/4695
f 5716/6616/750 5714/6617/719 5715/6618/766 5717/6619/993
f 5665/6620/4861 5663/6360/4689 5664/6363/4691 5666/6621/4862
f 5667/6622/4863 5665/6620/4861 5666/6621/4862 5668/6623/4864
f 5423/6598/4849 5569/6601/4852 5424/6624/4865 5425/6625/4866
f 5419/6626/4867 5565/6627/4868 5566/6628/4869 5420/6629/4870
f 5785/6603/4854 5784/6630/4871 5644/6631/4872 5645/6604/4855
f 5789/6583/4834 5790/6632/4873 5673/6633/4874 5638/6584/4835
f 5427/6634/4875 5426/6635/4876 5428/6636/4877 5429/6637/4878
f 5715/6618/766 5714/6617/719 5712/6638/722 5713/6639/765
f 5488/6640/784 5487/6641/727 5489/6642/730 5490/6643/783
f 5494/6389/770 5492/6644/771 5491/6645/772 5493/6390/773
f 5704/6646/665 5702/6647/513 5703/6648/767 5705/6649/763
f 5653/6650/4879 5651/6651/4880 5652/6652/4881 5654/6653/4882
f 5476/6654/4883 5474/6655/756 5473/6656/759 5475/6657/1002
f 5652/6652/4881 5651/6651/4880 5649/6658/4884 5650/6659/4885
f 5460/6660/760 5459/6661/761 5461/6662/762 5462/6663/626
f 5650/6659/4885 5649/6658/4884 5647/6664/4886 5648/6665/4887
f 5711/6666/769 5710/6667/735 5708/6668/748 5709/6669/768
f 5675/6611/744 5720/6670/666 5721/6671/1012 5674/6612/754
f 5693/6672/986 5692/6673/743 5690/6370/715 5691/6373/985
f 5696/6674/777 5694/6675/740 5695/6676/1076 5697/6677/778
f 5492/6644/771 5490/6643/783 5489/6642/730 5491/6645/772
f 5543/6678/178 5916/6679/178 5915/6680/178 5542/6681/178
f 5530/6458/4752 5529/6443/4739 5854/6682/894 5855/6683/898
f 5537/6460/4754 5536/6425/4723 5861/6684/861 5862/6321/860
f 5522/6413/4714 5521/6448/853 5846/6685/853 5847/6686/831
f 5529/6443/4739 5528/6446/4742 5853/6687/879 5854/6682/894
f 5536/6425/4723 5535/6428/4726 5860/6688/870 5861/6684/861
f 5521/6689/853 5520/6456/845 5845/6690/845 5846/6691/853
f 5535/6428/4726 5534/6421/4722 5859/6324/843 5860/6688/870
f 5519/6438/846 5518/6401/885 5843/6692/885 5844/6693/846
f 5526/6441/4737 5525/6468/4761 5850/6694/211 5851/6695/210
f 5533/6420/4721 5532/6696/4888 5857/6697/838 5858/6325/842
f 5518/6401/885 5517/6400/887 5842/6698/887 5843/6692/885
f 5525/6468/4761 5524/6467/4760 5849/6699/868 5850/6694/211
f 5532/6696/4888 5531/6464/4757 5856/6700/837 5857/6697/838
f 5515/6436/874 5516/6435/4733 5840/6320/873 5839/6701/874
f 5524/6467/4760 5523/6410/4711 5848/6702/834 5849/6699/868
f 5531/6464/4757 5530/6458/4752 5855/6683/898 5856/6700/837
f 5516/6435/4733 5537/6460/4754 5862/6321/860 5840/6320/873
f 5717/6619/993 5715/6618/766 5776/6703/362 5777/6704/362
f 5693/6672/986 5691/6373/985 5764/6705/362 5765/6706/362
f 5681/6707/987 5679/6708/996 5758/6709/362 5759/6710/362
f 5492/6644/771 5559/6711/178 5558/6712/178 5490/6643/783
f 5685/6383/994 5761/6713/362 5762/6714/362 5687/6380/4696
f 5697/6677/778 5767/6715/362 5768/6716/362 5699/6717/775
f 5551/6347/178 5550/6346/178 5474/6655/756 5476/6654/4883
f 5715/6618/766 5713/6639/765 5775/6718/362 5776/6703/362
f 5932/6719/178 5442/6385/4697 5440/6395/4702 5931/6720/178
f 5494/6389/770 5560/6721/178 5559/6711/178 5492/6644/771
f 5697/6677/778 5695/6676/1076 5766/6722/362 5767/6715/362
f 5711/6666/769 5774/6723/362 5775/6718/362 5713/6639/765
f 5711/6666/769 5709/6669/768 5773/6361/362 5774/6723/362
f 5923/6724/178 5424/6624/4865 5569/6601/4852 5920/6725/178
f 5689/6372/1144 5763/6726/362 5764/6705/362 5691/6373/985
f 5496/6388/990 5561/6727/178 5560/6721/178 5494/6389/770
f 5474/6655/756 5550/6346/178 5549/6728/178 5472/6729/757
f 5703/6648/767 5701/6730/776 5769/6731/362 5770/6732/362
f 5925/6345/178 5428/6636/4877 5426/6635/4876 5924/6733/178
f 5488/6640/784 5557/6734/178 5556/6735/178 5486/6736/1146
f 5928/6353/178 5434/6737/4889 5432/6738/4890 5927/6739/178
f 5681/6707/987 5759/6710/362 5760/6740/362 5683/6741/988
f 5913/6742/178 5562/6592/4843 5572/6743/4891 5911/6744/178
f 5911/6744/178 5572/6743/4891 5573/6745/4892 5912/6746/178
f 5539/6747/178 5540/6748/178 5498/6366/989 5451/6369/1121
f 5919/6402/178 5568/6600/4851 5567/6749/4893 5918/6403/178
f 5916/6679/178 5565/6627/4868 5564/6750/4894 5915/6680/178
f 5914/6751/178 5913/6742/178 5538/6752/178 5541/6753/178
f 5926/6344/178 5430/6754/4895 5428/6636/4877 5925/6345/178
f 5466/6755/1142 5546/6405/178 5545/6404/178 5464/6756/627
f 5927/6739/178 5432/6738/4890 5430/6754/4895 5926/6344/178
f 5922/6757/178 5571/6758/4896 5570/6759/4897 5921/6760/178
f 5934/6761/178 5446/6396/4703 5444/6386/4698 5933/6762/178
f 5918/6403/178 5567/6749/4893 5566/6628/4869 5917/6763/178
f 5705/6649/763 5703/6648/767 5770/6732/362 5771/6764/362
f 5558/6712/178 5557/6734/178 5488/6640/784 5490/6643/783
f 5917/6763/178 5566/6628/4869 5565/6627/4868 5916/6679/178
f 5775/6718/362 5774/6723/362 5665/6620/4861 5667/6622/4863
f 5913/6742/178 5911/6744/178 5539/6747/178 5538/6752/178
f 5687/6380/4696 5762/6714/362 5763/6726/362 5689/6372/1144
f 5770/6732/362 5657/6374/4694 5659/6364/4692 5771/6764/362
f 5761/6713/362 5783/6765/4898 5784/6630/4871 5762/6714/362
f 5658/6766/4695 5806/6767/894 5807/6768/898 5660/6769/4693
f 5828/6770/894 5746/6771/4745 5747/6772/4728 5829/6773/898
f 5903/6495/885 5904/6340/846 5483/6343/997 5481/6774/1000
f 5466/6755/1142 5465/6775/1125 5467/6377/1124 5468/6376/1141
f 5679/6708/996 5678/6776/739 5676/6610/747 5677/6613/755
f 5429/6637/4878 5428/6636/4877 5430/6754/4895 5431/6777/4899
f 5669/6606/4857 5667/6622/4863 5668/6623/4864 5670/6607/4858
f 5480/6348/1011 5478/6351/1010 5477/6778/1143 5479/6608/1140
f 5718/6779/669 5716/6616/750 5717/6619/993 5719/6780/1013
f 5464/6756/627 5463/6781/1145 5465/6775/1125 5466/6755/1142
f 5695/6676/1076 5694/6675/740 5692/6673/743 5693/6672/986
f 5451/6369/1121 5452/6368/1080 5453/6782/1079 5454/6783/1122
f 5437/6784/4900 5436/6785/4901 5438/6394/4701 5439/6393/4700
f 5684/6786/723 5941/6787/838 5940/6788/837 5682/6789/726
f 5714/6790/719 5956/6791/834 5955/6792/831 5712/6793/722
f 5704/6794/665 5951/6795/885 5950/6796/887 5702/6797/513
f 5718/6798/669 5958/6799/211 5957/6800/868 5716/6801/750
f 5708/6802/748 5953/6803/845 5952/6804/846 5706/6805/662
f 5692/6806/743 5945/6807/861 5944/6808/870 5690/6809/715
f 5754/6810/860 5611/6548/4801 5612/6547/4800 5733/6811/873
f 5740/6812/834 5606/6533/4789 5607/6536/4792 5741/6813/868
f 5747/6430/4728 5746/6450/4745 5725/6449/4744 5726/6431/4729
f 5733/6811/873 5612/6547/4800 5598/6814/4902 5732/6815/874
f 5741/6813/868 5607/6536/4792 5608/6408/4709 5742/6407/4708
f 5510/6816/4819 5508/6463/4756 5531/6464/4757 5532/6696/4888
f 5896/6817/870 5897/6332/861 5469/6335/1004 5467/6818/1124
f 5887/6819/210 5888/6424/852 5452/6820/1080 5497/6821/992
f 5533/6420/4721 5512/6419/4720 5510/6816/4819 5532/6696/4888
f 5751/6454/4749 5722/6453/4748 5609/6822/4903 5752/6823/4904
f 5736/6824/846 5602/6559/4812 5603/6539/4794 5737/6825/845
f 5524/6467/4760 5509/6466/4759 5507/6411/4712 5523/6410/4711
f 5749/6826/4905 5728/6561/4814 5729/6452/4747 5750/6451/4746
f 5744/6415/4716 5743/6406/4707 5730/6409/4710 5724/6416/4717
f 5752/6823/4904 5609/6822/4903 5610/6827/4906 5753/6828/861
f 5738/6829/853 5604/6542/4797 5605/6830/4907 5739/6831/831
f 5749/6826/4905 5748/6429/4727 5727/6432/4730 5728/6561/4814
f 5753/6828/861 5610/6827/4906 5611/6548/4801 5754/6810/860
f 5805/6832/879 5827/6833/879 5828/6770/894 5806/6767/894
f 5797/6834/845 5819/6835/845 5820/6836/853 5798/6837/853
f 5945/6807/861 5583/6838/861 5582/6839/870 5944/6808/870
f 5938/6840/894 5576/6841/894 5575/6842/879 5937/6497/879
f 5953/6803/845 5591/6843/845 5590/6844/846 5952/6804/846
f 5946/6845/860 5584/6846/860 5583/6838/861 5945/6807/861
f 5939/6847/898 5577/6848/898 5576/6841/894 5938/6840/894
f 5954/6849/853 5592/6850/853 5591/6843/845 5953/6803/845
f 5947/6851/873 5585/6852/873 5584/6846/860 5946/6845/860
f 5940/6788/837 5578/6853/837 5577/6848/898 5939/6847/898
f 5955/6792/831 5593/6854/831 5592/6850/853 5954/6849/853
f 5956/6791/834 5594/6855/834 5593/6854/831 5955/6792/831
f 5794/6856/887 5816/6857/887 5817/6858/885 5795/6859/885
f 5949/6860/896 5587/6861/896 5586/6862/874 5948/6863/874
f 5942/6864/842 5580/6865/842 5579/6866/838 5941/6787/838
f 5950/6796/887 5588/6867/887 5587/6861/896 5949/6860/896
f 5943/6868/843 5581/6869/843 5580/6865/842 5942/6864/842
f 5944/6808/870 5582/6839/870 5581/6870/843 5943/6871/843
f 5935/6872/210 5597/6873/210 5596/6874/211 5958/6799/211
f 5638/6875/4835 5791/6876/874 5793/6877/896 5639/6878/4836
f 5958/6799/211 5596/6874/211 5595/6879/868 5957/6800/868
f 5874/6552/4805 5407/6551/4804 5406/6573/4824 5872/6567/4820
f 5875/6544/4798 5400/6574/4825 5399/6569/4821 5873/6545/4799
f 5412/6564/4817 5411/6580/4831 5867/6538/4793 5869/6565/4818
f 5725/6449/4744 5627/6558/4811 5628/6880/4908 5726/6431/4729
f 5512/6881/4720 5876/6525/4785 5874/6552/4805 5510/6566/4819
f 5601/6521/4781 5616/6520/4780 5617/6560/4813 5602/6559/4812
f 5404/6554/4807 5403/6578/4829 5866/6882/4909 5868/6555/4808
f 5728/6561/4814 5727/6432/4730 5629/6883/4910 5630/6562/4815
f 5726/6431/4729 5628/6880/4908 5629/6883/4910 5727/6432/4730
f 5729/6452/4747 5631/6563/4816 5632/6884/4911 5722/6453/4748
f 5881/6885/4912 5397/6581/4832 5396/6579/4830 5880/6527/4786
f 5871/6886/4913 5398/6571/4822 5397/6581/4832 5881/6885/4912
f 5598/6814/4902 5612/6547/4800 5636/6550/4803 5613/6887/4914
f 5411/6580/4831 5410/6507/4769 5865/6506/4768 5867/6538/4793
f 5872/6567/4820 5406/6573/4824 5405/6553/4806 5870/6556/4809
f 5605/6830/4907 5604/6542/4797 5619/6541/4796 5620/6888/4915
f 5880/6527/4786 5396/6579/4830 5395/6577/4828 5878/6528/4787
f 5730/6409/4710 5624/6501/4763 5625/6889/4916 5724/6416/4717
f 5866/6882/4909 5403/6578/4829 5402/6503/4765 5864/6502/4764
f 5722/6453/4748 5632/6884/4911 5633/6890/4917 5609/6822/4903
f 5886/6891/4918 5394/6576/4827 5393/6575/4826 5885/6892/4919
f 5598/6814/4902 5613/6887/4914 5614/6523/4783 5599/6522/4782
f 5399/6569/4821 5398/6571/4822 5871/6886/4913 5873/6545/4799
f 5885/6892/4919 5393/6575/4826 5392/6572/4823 5884/6531/4788
f 5622/6535/4791 5621/6534/4790 5637/6893/362
f 5613/6887/4914 5636/6550/4803 5637/6893/362
f 5615/6519/4779 5614/6523/4783 5637/6893/362
f 5630/6562/4815 5629/6883/4910 5637/6893/362
f 5623/6500/4762 5622/6535/4791 5637/6893/362
f 5616/6520/4780 5615/6519/4779 5637/6893/362
f 5631/6563/4816 5630/6562/4815 5637/6893/362
f 5624/6501/4763 5623/6500/4762 5637/6893/362
f 5617/6560/4813 5616/6520/4780 5637/6893/362
f 5632/6884/4911 5631/6563/4816 5637/6893/362
f 5625/6889/4916 5624/6501/4763 5637/6893/362
f 5618/6540/4795 5617/6560/4813 5637/6893/362
f 5633/6890/4917 5632/6884/4911 5637/6893/362
f 5626/6557/4810 5625/6889/4916 5637/6893/362
f 5619/6541/4796 5618/6540/4795 5637/6893/362
f 5634/6894/4920 5633/6890/4917 5637/6893/362
f 5627/6558/4811 5626/6557/4810 5637/6893/362
f 5620/6888/4915 5619/6541/4796 5637/6893/362
f 5635/6549/4802 5634/6894/4920 5637/6893/362
f 5628/6880/4908 5627/6558/4811 5637/6893/362
f 5621/6534/4790 5620/6888/4915 5637/6893/362
f 5636/6550/4803 5635/6549/4802 5637/6893/362
f 5614/6523/4783 5613/6887/4914 5637/6893/362
f 5629/6883/4910 5628/6880/4908 5637/6893/362
f 5790/6632/4873 5788/6594/4845 5672/6597/4848 5673/6633/4874
f 5782/6895/4921 5781/6586/4837 5641/6589/4840 5642/6896/4922
f 5448/6897/4923 5570/6759/4897 5571/6758/4896 5449/6898/4684
f 5415/6899/4924 5450/6900/4685 5573/6745/4892 5572/6743/4891
f 5644/6631/4872 5784/6630/4871 5783/6765/4898 5643/6901/4925
f 5420/6629/4870 5566/6628/4869 5567/6749/4893 5421/6902/4926
f 5421/6902/4926 5567/6749/4893 5568/6600/4851 5422/6599/4850
f 5643/6901/4925 5783/6765/4898 5782/6895/4921 5642/6896/4922
f 5437/6784/4900 5435/6903/4927 5434/6737/4889 5436/6785/4901
f 5680/6904/734 5678/6776/739 5679/6708/996 5681/6707/987
f 5684/6382/723 5682/6905/726 5683/6741/988 5685/6383/994
f 5486/6736/1146 5484/6355/998 5483/6906/997 5485/6907/1081
f 5456/6908/781 5455/6909/782 5457/6910/779 5458/6911/780
f 5425/6625/4866 5424/6624/4865 5426/6635/4876 5427/6634/4875
f 5433/6912/4928 5432/6738/4890 5434/6737/4889 5435/6903/4927
f 5703/6648/767 5702/6647/513 5700/6913/512 5701/6730/776
f 5647/6664/4886 5786/6602/4853 5646/6605/4856 5648/6665/4887
f 5449/6898/4684 5571/6758/4896 5573/6745/4892 5450/6900/4685
f 5417/6590/4841 5563/6593/4844 5564/6750/4894 5418/6914/4929
f 5418/6914/4929 5564/6750/4894 5565/6627/4868 5419/6626/4867
f 5655/6614/4859 5653/6650/4879 5654/6653/4882 5656/6615/4860
f 5454/6783/1122 5453/6782/1079 5455/6909/782 5456/6908/781
f 5431/6777/4899 5430/6754/4895 5432/6738/4890 5433/6912/4928
f 5470/6379/1003 5469/6378/1004 5471/6915/758 5472/6729/757
f 5688/6371/718 5686/6381/752 5687/6380/4696 5689/6372/1144
f 5712/6638/722 5710/6667/735 5711/6666/769 5713/6639/765
f 5482/6357/999 5481/6609/1000 5483/6906/997 5484/6355/998
f 5474/6655/756 5472/6729/757 5471/6915/758 5473/6656/759
f 5701/6730/776 5700/6913/512 5698/6916/774 5699/6717/775
f 5476/6654/4883 5475/6657/1002 5477/6778/1143 5478/6351/1010
f 5720/6670/666 5718/6779/669 5719/6780/1013 5721/6671/1012
f 5460/6660/760 5458/6911/780 5457/6910/779 5459/6661/761
f 5486/6736/1146 5485/6907/1081 5487/6641/727 5488/6640/784
f 5464/6756/627 5462/6663/626 5461/6662/762 5463/6781/1145
f 5706/6917/662 5704/6646/665 5705/6649/763 5707/6918/764
f 5683/6741/988 5682/6905/726 5680/6904/734 5681/6707/987
f 5709/6669/768 5708/6668/748 5706/6917/662 5707/6918/764
f 5698/6916/774 5696/6674/777 5697/6677/778 5699/6717/775
f 5662/6919/4690 5808/6920/837 5809/6921/838 5664/6922/4691
f 5673/6923/4874 5792/6924/873 5791/6876/874 5638/6875/4835
f 5646/6925/4856 5800/6926/834 5801/6927/868 5648/6928/4887
f 5660/6769/4693 5807/6768/898 5808/6920/837 5662/6919/4690
f 5672/6929/4848 5814/6930/860 5792/6924/873 5673/6923/4874
f 5645/6931/4855 5799/6932/831 5800/6926/834 5646/6925/4856
f 5821/6933/831 5739/6934/831 5740/6935/834 5822/6936/834
f 5829/6773/898 5747/6772/4728 5748/6937/4727 5830/6938/837
f 5952/6804/846 5590/6844/846 5589/6939/885 5951/6795/885
f 5822/6936/834 5740/6935/834 5741/6940/868 5823/6941/868
f 5948/6863/874 5586/6862/874 5585/6852/873 5947/6851/873
f 5838/6942/873 5733/6943/873 5732/6944/874 5837/6945/874
f 5830/6938/837 5748/6937/4727 5749/6946/4905 5831/6947/838
f 5823/6941/868 5741/6940/868 5742/6948/4708 5824/6949/211
f 5837/6945/874 5732/6944/874 5731/6950/896 5815/6951/896
f 5695/6676/1076 5693/6672/986 5765/6706/362 5766/6722/362
f 5758/6709/362 5780/6587/4838 5781/6586/4837 5759/6710/362
f 5912/6746/178 5922/6757/178 5561/6727/178 5540/6748/178
f 5756/6952/362 5757/6953/362 5790/6632/4873 5789/6583/4834
f 5766/6722/362 5649/6658/4884 5651/6651/4880 5767/6715/362
f 5772/6358/362 5771/6764/362 5659/6364/4692 5661/6359/4688
f 5764/6705/362 5763/6726/362 5785/6603/4854 5786/6602/4853
f 5815/6951/896 5731/6950/896 5734/6954/887 5816/6857/887
f 5816/6857/887 5734/6954/887 5735/6955/885 5817/6858/885
f 5820/6836/853 5738/6956/853 5739/6957/831 5821/6958/831
f 5827/6833/879 5745/6959/4715 5746/6771/4745 5828/6770/894
f 5834/6960/870 5752/6961/4904 5753/6962/861 5835/6963/861
f 5819/6835/845 5737/6964/845 5738/6956/853 5820/6836/853
f 5826/6965/852 5744/6966/4716 5745/6959/4715 5827/6833/879
f 5833/6967/843 5751/6968/4749 5752/6961/4904 5834/6960/870
f 5818/6969/846 5736/6970/846 5737/6964/845 5819/6835/845
f 5825/6971/210 5743/6972/4707 5744/6966/4716 5826/6965/852
f 5832/6973/842 5750/6974/4746 5751/6968/4749 5833/6967/843
f 5817/6858/885 5735/6955/885 5736/6970/846 5818/6969/846
f 5824/6949/211 5742/6948/4708 5743/6972/4707 5825/6971/210
f 5831/6947/838 5749/6946/4905 5750/6974/4746 5832/6973/842
f 5835/6963/861 5753/6962/861 5754/6975/860 5836/6976/860
f 5836/6976/860 5754/6975/860 5733/6943/873 5838/6942/873
f 5538/6752/178 5539/6747/178 5451/6369/1121 5454/6783/1122
f 5541/6753/178 5538/6752/178 5454/6783/1122 5456/6908/781
f 5458/6911/780 5542/6681/178 5541/6753/178 5456/6908/781
f 5470/6379/1003 5548/6977/178 5547/6978/178 5468/6376/1141
f 5482/6357/999 5554/6354/178 5553/6349/178 5480/6348/1011
f 5719/6780/1013 5778/6979/362 5757/6953/362 5721/6671/1012
f 5921/6760/178 5570/6759/4897 5446/6396/4703 5934/6761/178
f 5545/6404/178 5544/6980/178 5462/6663/626 5464/6756/627
f 5701/6730/776 5699/6717/775 5768/6716/362 5769/6731/362
f 5478/6351/1010 5552/6350/178 5551/6347/178 5476/6654/4883
f 5918/6403/178 5917/6763/178 5544/6980/178 5545/6404/178
f 5674/6612/754 5756/6952/362 5755/6981/362 5677/6613/755
f 5930/6982/178 5438/6394/4701 5436/6785/4901 5929/6352/178
f 5472/6729/757 5549/6728/178 5548/6977/178 5470/6379/1003
f 5719/6780/1013 5717/6619/993 5777/6704/362 5778/6979/362
f 5929/6352/178 5436/6785/4901 5434/6737/4889 5928/6353/178
f 5498/6366/989 5540/6748/178 5561/6727/178 5496/6388/990
f 5932/6719/178 5931/6720/178 5556/6735/178 5557/6734/178
f 5768/6716/362 5767/6715/362 5651/6651/4880 5653/6650/4879
f 5755/6981/362 5756/6952/362 5789/6583/4834 5779/6582/4833
f 5920/6725/178 5919/6402/178 5546/6405/178 5547/6978/178
f 5759/6710/362 5781/6586/4837 5782/6895/4921 5760/6740/362
f 5912/6746/178 5573/6745/4892 5571/6758/4896 5922/6757/178
f 5842/6698/887 5841/6983/896 5416/6984/4842 5417/6985/4841
f 5957/6800/868 5595/6879/868 5594/6855/834 5956/6791/834
f 5498/6366/989 5496/6388/990 5495/6391/991 5497/6367/992
f 5513/6440/4736 5511/6465/4758 5525/6468/4761 5526/6441/4737
f 5534/6421/4722 5533/6420/4721 5858/6325/842 5859/6324/843
f 5527/6442/4738 5526/6441/4737 5851/6695/210 5852/6986/852
f 5520/6456/845 5519/6438/846 5844/6693/846 5845/6690/845
f 5528/6446/4742 5527/6442/4738 5852/6986/852 5853/6687/879
f 5909/6987/868 5910/6988/211 5495/6989/991 5493/6990/773
f 5514/6462/896 5515/6436/874 5839/6701/874 5841/6983/896
f 5389/6434/4732 5505/6459/4753 5537/6460/4754 5516/6435/4733
f 5415/6899/4924 5572/6743/4891 5562/6592/4843 5416/6591/4842
f 5644/6991/4872 5798/6837/853 5799/6992/831 5645/6993/4855
f 5671/6994/4847 5813/6995/861 5814/6930/860 5672/6929/4848
f 5737/6825/845 5603/6539/4794 5604/6542/4797 5738/6829/853
f 5523/6410/4711 5522/6413/4714 5847/6686/831 5848/6702/834
f 5798/6837/853 5820/6836/853 5821/6958/831 5799/6992/831
f 5544/6980/178 5543/6678/178 5460/6660/760 5462/6663/626
f 5468/6376/1141 5547/6978/178 5546/6405/178 5466/6755/1142
f 5707/6918/764 5705/6649/763 5771/6764/362 5772/6358/362
f 5683/6741/988 5760/6740/362 5761/6713/362 5685/6383/994
f 5548/6977/178 5923/6724/178 5920/6725/178 5547/6978/178
f 5552/6350/178 5927/6739/178 5926/6344/178 5551/6347/178
f 5709/6669/768 5707/6918/764 5772/6358/362 5773/6361/362
f 5777/6704/362 5787/6595/4846 5788/6594/4845 5778/6979/362
f 5924/6733/178 5426/6635/4876 5424/6624/4865 5923/6724/178
f 5765/6706/362 5764/6705/362 5786/6602/4853 5647/6664/4886
f 5769/6731/362 5655/6614/4859 5657/6374/4694 5770/6732/362
f 5549/6728/178 5924/6733/178 5923/6724/178 5548/6977/178
f 5925/6345/178 5924/6733/178 5549/6728/178 5550/6346/178
f 5773/6361/362 5663/6360/4689 5665/6620/4861 5774/6723/362
f 5761/6713/362 5760/6740/362 5782/6895/4921 5783/6765/4898
f 5539/6747/178 5911/6744/178 5912/6746/178 5540/6748/178
f 5765/6706/362 5647/6664/4886 5649/6658/4884 5766/6722/362
f 5768/6716/362 5653/6650/4879 5655/6614/4859 5769/6731/362
f 5914/6751/178 5563/6593/4844 5562/6592/4843 5913/6742/178
f 5775/6718/362 5667/6622/4863 5669/6606/4857 5776/6703/362
f 5763/6726/362 5762/6714/362 5784/6630/4871 5785/6603/4854
f 5677/6613/755 5755/6981/362 5758/6709/362 5679/6708/996
f 5732/6815/874 5598/6814/4902 5599/6522/4782 5731/6996/896
f 5648/6928/4887 5801/6927/868 5802/6997/211 5650/6998/4885
f 5640/6999/4839 5794/6856/887 5795/6859/885 5641/7000/4840
f 5664/6922/4691 5809/6921/838 5810/7001/842 5666/7002/4862
f 5650/6998/4885 5802/6997/211 5803/7003/210 5652/7004/4881
f 5641/7000/4840 5795/6859/885 5796/7005/846 5642/7006/4922
f 5666/7002/4862 5810/7001/842 5811/7007/843 5668/7008/4864
f 5652/7004/4881 5803/7003/210 5804/7009/852 5654/7010/4882
f 5642/7006/4922 5796/7005/846 5797/6834/845 5643/7011/4925
f 5668/7008/4864 5811/7007/843 5812/7012/870 5670/7013/4858
f 5654/7010/4882 5804/7009/852 5805/6832/879 5656/7014/4860
f 5643/7011/4925 5797/6834/845 5798/6837/853 5644/6991/4872
f 5670/7013/4858 5812/7012/870 5813/6995/861 5671/6994/4847
f 5656/7014/4860 5805/6832/879 5806/6767/894 5658/6766/4695
f 5639/6878/4836 5793/6877/896 5794/6856/887 5640/6999/4839
f 5951/6795/885 5589/6939/885 5588/6867/887 5950/6796/887
f 5799/6932/831 5821/6933/831 5822/6936/834 5800/6926/834
f 5814/6930/860 5836/6976/860 5838/6942/873 5792/6924/873
f 5807/6768/898 5829/6773/898 5830/6938/837 5808/6920/837
f 5800/6926/834 5822/6936/834 5823/6941/868 5801/6927/868
f 5792/6924/873 5838/6942/873 5837/6945/874 5791/6876/874
f 5808/6920/837 5830/6938/837 5831/6947/838 5809/6921/838
f 5801/6927/868 5823/6941/868 5824/6949/211 5802/6997/211
f 5941/6787/838 5579/6866/838 5578/6853/837 5940/6788/837
f 5809/6921/838 5831/6947/838 5832/6973/842 5810/7001/842
f 5802/6997/211 5824/6949/211 5825/6971/210 5803/7003/210
f 5795/6859/885 5817/6858/885 5818/6969/846 5796/7005/846
f 5810/7001/842 5832/6973/842 5833/6967/843 5811/7007/843
f 5803/7003/210 5825/6971/210 5826/6965/852 5804/7009/852
f 5796/7005/846 5818/6969/846 5819/6835/845 5797/6834/845
f 5811/7007/843 5833/6967/843 5834/6960/870 5812/7012/870
f 5804/7009/852 5826/6965/852 5827/6833/879 5805/6832/879
f 5731/6996/896 5599/6522/4782 5600/6518/4778 5734/7015/887
f 5812/7012/870 5834/6960/870 5835/6963/861 5813/6995/861
f 5735/7016/885 5601/6521/4781 5602/6559/4812 5736/6824/846
f 5813/6995/861 5835/6963/861 5836/6976/860 5814/6930/860
f 5793/6877/896 5815/6951/896 5816/6857/887 5794/6856/887
f 5791/6876/874 5837/6945/874 5815/6951/896 5793/6877/896
f 5848/6702/834 5847/6686/831 5422/7017/4850 5423/7018/4849
f 5856/6700/837 5855/6683/898 5437/7019/4900 5439/7020/4700
f 5849/6699/868 5848/6702/834 5423/7018/4849 5425/7021/4866
f 5839/6701/874 5840/6320/873 5450/6323/4685 5415/7022/4924
f 5857/6697/838 5856/6700/837 5439/7020/4700 5441/7023/4699
f 5850/6694/211 5849/6699/868 5425/7021/4866 5427/7024/4875
f 5843/6692/885 5842/6698/887 5417/6985/4841 5418/7025/4929
f 5858/6325/842 5857/6697/838 5441/7023/4699 5443/6326/4686
f 5851/6695/210 5850/6694/211 5427/7024/4875 5429/7026/4878
f 5844/6693/846 5843/6692/885 5418/7025/4929 5419/7027/4867
f 5852/6986/852 5851/6695/210 5429/7026/4878 5431/7028/4899
f 5845/6690/845 5844/6693/846 5419/7027/4867 5420/7029/4870
f 5860/6688/870 5859/6324/843 5445/6327/4687 5447/7030/4704
f 5853/6687/879 5852/6986/852 5431/7028/4899 5433/7031/4928
f 5846/6691/853 5845/6690/845 5420/7029/4870 5421/7032/4926
f 5861/6684/861 5860/6688/870 5447/7030/4704 5448/7033/4923
f 5854/6682/894 5853/6687/879 5433/7031/4928 5435/7034/4927
f 5847/6686/831 5846/6685/853 5421/7035/4926 5422/7017/4850
f 5862/6321/860 5861/6684/861 5448/7033/4923 5449/6322/4684
f 5855/6683/898 5854/6682/894 5435/7034/4927 5437/7019/4900
f 5401/6504/4766 5400/6574/4825 5875/6544/4798 5877/6505/4767
f 5507/7036/4712 5871/6886/4913 5881/6885/4912 5388/7037/4713
f 5610/6827/4906 5609/6822/4903 5633/6890/4917 5634/6894/4920
f 5878/6528/4787 5886/6891/4918 5385/7038/4734 5386/6529/4750
f 5389/7039/4732 5882/6515/4775 5869/6565/4818 5505/7040/4753
f 5500/6511/4719 5863/6509/4771 5876/6525/4785 5512/6881/4720
f 5505/7040/4753 5869/6565/4818 5867/6538/4793 5503/6537/4724
f 5385/7038/4734 5886/6891/4918 5885/6892/4919 5384/7041/4705
f 5611/6548/4801 5610/6827/4906 5634/6894/4920 5635/6549/4802
f 5605/6830/4907 5620/6888/4915 5621/6534/4790 5606/6533/4789
f 5392/6572/4823 5391/6516/4776 5883/6517/4777 5884/6531/4788
f 5508/6568/4756 5872/6567/4820 5870/6556/4809 5506/7042/4751
f 5879/6512/4772 5882/6515/4775 5389/7039/4732 5381/7043/4731
f 5885/6892/4919 5884/6531/4788 5383/6530/4706 5384/7041/4705
f 5382/6532/4755 5883/6517/4777 5879/6512/4772 5381/7043/4731
f 5501/7044/4741 5866/6882/4909 5864/6502/4764 5502/7045/4735
f 5509/6546/4759 5873/6545/4799 5871/6886/4913 5507/7036/4712
f 5504/7046/4740 5868/6555/4808 5866/6882/4909 5501/7044/4741
f 5513/7047/4736 5877/6505/4767 5875/6544/4798 5511/6543/4758
f 5724/6416/4717 5625/6889/4916 5626/6557/4810 5723/6417/4718
f 5388/7037/4713 5881/6885/4912 5880/6527/4786 5387/6526/4743
f 5502/7045/4735 5864/6502/4764 5877/6505/4767 5513/7047/4736
f 5878/6528/4787 5395/6577/4828 5394/6576/4827 5886/6891/4918
f 5910/6988/211 5887/6819/210 5497/6821/992 5495/6989/991
f 5841/6983/896 5839/6701/874 5415/7022/4924 5416/6984/4842
f 5895/7048/843 5896/6817/870 5467/6818/1124 5465/7049/1125
f 5894/7050/842 5895/7048/843 5465/7049/1125 5463/7051/1145
f 5901/6489/896 5902/6493/887 5479/7052/1140 5477/7053/1143
f 5908/6487/834 5909/6987/868 5493/6990/773 5491/7054/772
f 5893/6329/838 5894/6491/842 5463/7055/1145 5461/6330/762
f 5900/6484/874 5901/6489/896 5477/7053/1143 5475/7056/1002
f 5907/6481/831 5908/6487/834 5491/7054/772 5489/7057/730
f 5902/6493/887 5903/6495/885 5481/6774/1000 5479/7052/1140
f 5906/6482/853 5907/6481/831 5489/7057/730 5487/7058/727
f 5891/6477/898 5892/6328/837 5459/6331/761 5457/7059/779
f 5898/6333/860 5899/6471/873 5473/7060/759 5471/6334/758
f 5905/6341/845 5906/6482/853 5487/7058/727 5485/6342/1081
f 5890/6337/894 5891/6477/898 5457/7059/779 5455/6338/782
f 5936/6498/852 5574/7061/852 5597/6873/210 5935/6872/210
f 5734/7015/887 5600/6518/4778 5601/6521/4781 5735/7016/885
f 5888/6424/852 5889/6336/879 5453/6339/1079 5452/6820/1080
f 5937/6497/879 5575/6842/879 5574/7061/852 5936/6498/852
f 5921/6760/178 5934/6761/178 5559/6711/178 5560/6721/178
f 5915/6680/178 5914/6751/178 5541/6753/178 5542/6681/178
f 5922/6757/178 5921/6760/178 5560/6721/178 5561/6727/178
f 5928/6353/178 5927/6739/178 5552/6350/178 5553/6349/178
f 5544/6980/178 5917/6763/178 5916/6679/178 5543/6678/178
f 5558/6712/178 5933/6762/178 5932/6719/178 5557/6734/178
f 5778/6979/362 5788/6594/4845 5790/6632/4873 5757/6953/362
f 5556/6735/178 5931/6720/178 5930/6982/178 5555/6356/178
f 5755/6981/362 5779/6582/4833 5780/6587/4838 5758/6709/362
f 5920/6725/178 5569/6601/4852 5568/6600/4851 5919/6402/178
f 5934/6761/178 5933/6762/178 5558/6712/178 5559/6711/178
f 5486/6736/1146 5556/6735/178 5555/6356/178 5484/6355/998
f 5555/6356/178 5930/6982/178 5929/6352/178 5554/6354/178
f 5915/6680/178 5564/6750/4894 5563/6593/4844 5914/6751/178
f 5933/6762/178 5444/6386/4698 5442/6385/4697 5932/6719/178
f 5931/6720/178 5440/6395/4702 5438/6394/4701 5930/6982/178
f 5721/6671/1012 5757/6953/362 5756/6952/362 5674/6612/754
f 5543/6678/178 5542/6681/178 5458/6911/780 5460/6660/760
f 5776/6703/362 5669/6606/4857 5787/6595/4846 5777/6704/362
f 5739/6831/831 5605/6830/4907 5606/6533/4789 5740/6812/834
f 5380/7062/210 5357/6422/852 5888/6424/852 5887/6819/210
f 5387/7063/4743 5386/6455/4750 5520/6456/845 5521/6689/853
f 5365/7064/870 5366/6475/861 5897/6332/861 5896/6817/870
f 5374/6474/845 5375/6479/853 5906/6482/853 5905/6341/845
f 5377/6486/834 5378/7065/868 5909/6987/868 5908/6487/834
f 5363/7066/842 5364/7067/843 5895/7048/843 5894/7050/842
f 5364/7067/843 5365/7064/870 5896/6817/870 5895/7048/843
f 5372/6494/885 5373/6473/846 5904/6340/846 5903/6495/885
f 5382/6461/4755 5381/6433/4731 5515/6436/874 5514/6462/896
f 5720/7068/666 5935/6872/210 5958/6799/211 5718/6798/669
f 5690/6809/715 5944/6808/870 5943/6871/843 5688/7069/718
f 5688/7070/718 5943/6868/843 5942/6864/842 5686/7071/752
f 5702/6797/513 5950/6796/887 5949/6860/896 5700/7072/512
f 5716/6801/750 5957/6800/868 5956/6791/834 5714/6790/719
f 5686/7071/752 5942/6864/842 5941/6787/838 5684/6786/723
f 5700/7072/512 5949/6860/896 5948/6863/874 5698/7073/774
f 5706/6805/662 5952/6804/846 5951/6795/885 5704/6794/665
f 5698/7073/774 5948/6863/874 5947/6851/873 5696/7074/777
f 5712/6793/722 5955/6792/831 5954/6849/853 5710/7075/735
f 5682/6789/726 5940/6788/837 5939/6847/898 5680/7076/734
f 5696/7074/777 5947/6851/873 5946/6845/860 5694/7077/740
f 5710/7075/735 5954/6849/853 5953/6803/845 5708/6802/748
f 5680/7076/734 5939/6847/898 5938/6840/894 5678/7078/739
f 5694/7077/740 5946/6845/860 5945/6807/861 5692/6806/743
f 5678/7078/739 5938/6840/894 5937/6497/879 5676/6496/747
f 5675/6499/744 5936/6498/852 5935/6872/210 5720/7068/666
f 5379/7079/211 5380/7062/210 5887/6819/210 5910/6988/211
f 5378/7065/868 5379/7079/211 5910/6988/211 5909/6987/868
f 5899/6471/873 5900/6484/874 5475/7056/1002 5473/7060/759
f 5448/6897/4923 5447/6397/4704 5446/6396/4703 5570/6759/4897
f 5517/6400/887 5514/6462/896 5841/6983/896 5842/6698/887
f 5506/7042/4751 5870/6556/4809 5868/6555/4808 5504/7046/4740
f 5806/6767/894 5828/6770/894 5829/6773/898 5807/6768/898
f 6147/7080/4930 5967/7081/4931 6193/7082/4932 6178/7083/4933
f 6074/7084/4934 6089/7085/4935 6086/7086/4936 6071/7087/4937
f 6230/7088/846 6215/7089/845 6216/7090/4938 6231/7091/4939
f 6042/7092/861 6057/7093/860 6058/7094/4940 6043/7095/4941
f 6019/7096/4942 6044/7097/4943 6041/7098/4944 6016/7099/4945
f 6182/7100/4946 6287/7101/4947 6289/7102/4948 6184/7103/4949
f 6209/7104/4950 6210/7105/860 6225/7106/861 6224/7107/4944
f 5972/7108/838 5971/7109/4951 5998/7110/4952 5997/7111/842
f 6026/7112/4953 6033/7113/4954 6035/7114/4955 6029/7115/4956
f 6236/7116/4954 6233/7117/4955 6237/7118/4956 6239/7119/4953
f 6087/7120/874 5987/7121/896 5986/7122/4957 6088/7123/4958
f 6073/7124/4959 6072/7125/873 6087/7120/874 6088/7123/4958
f 6073/7124/4959 6088/7123/4958 6090/7126/4933 6075/7127/4932
f 6291/7128/4960 6288/7129/4961 6183/7130/4962 6186/7131/4963
f 6290/7132/834 6291/7128/4960 6186/7131/4963 6185/7133/831
f 6082/7134/831 6081/7135/4949 5976/7136/4948 5977/7137/834
f 6001/7138/4964 6004/7139/4965 6019/7096/4942 6016/7099/4945
f 6251/7140/4966 6248/7141/4967 6263/7142/4968 6266/7143/4969
f 5987/7121/896 5992/7144/887 5993/7145/4970 5986/7122/4957
f 6281/7146/4971 6274/7147/4972 6275/7148/887 6280/7149/896
f 6262/7150/4965 6247/7151/4942 6249/7152/4945 6264/7153/4964
f 6191/7154/4973 6188/7155/4974 6203/7156/4975 6206/7157/4976
f 6087/7120/874 6086/7086/4936 5988/7158/4971 5987/7121/896
f 6068/7159/4977 6067/7160/853 6082/7134/831 6083/7161/4963
f 6279/7162/4957 6277/7163/4978 6178/7083/4933 6181/7164/4958
f 6283/7165/4979 6286/7166/4980 6289/7102/4948 6287/7101/4947
f 6052/7167/845 6067/7160/853 6068/7159/4977 6053/7168/4938
f 6240/7169/852 6235/7170/879 6236/7116/4954 6239/7119/4953
f 5973/7171/4981 5996/7172/4982 5999/7173/4983 5975/7174/4984
f 6284/7175/4985 6261/7176/4986 6258/7177/4987 6282/7178/4988
f 6062/7179/898 6077/7180/837 6078/7181/4973 6063/7182/4976
f 6199/7183/4989 6200/7184/853 6215/7089/845 6214/7185/4990
f 6291/7128/4960 6284/7175/4985 6282/7178/4988 6288/7129/4961
f 6053/7168/4938 6068/7159/4977 6070/7186/4991 6055/7187/4992
f 6007/7188/211 6022/7189/210 6023/7190/4993 6008/7191/4986
f 6002/7192/843 6017/7193/870 6018/7194/4966 6003/7195/4969
f 5976/7136/4948 5979/7196/4947 5985/7197/4979 5983/7198/4980
f 6081/7135/4949 6084/7199/4946 5979/7196/4947 5976/7136/4948
f 6229/7200/4994 6214/7185/4990 6215/7089/845 6230/7088/846
f 6185/7133/831 6186/7131/4963 6201/7201/4977 6200/7184/853
f 6196/7202/4959 6193/7082/4932 6208/7203/4995 6211/7204/4940
f 6191/7154/4973 6296/7205/4981 6293/7206/4984 6188/7155/4974
f 6048/7207/4996 6047/7208/894 6062/7179/898 6063/7182/4976
f 6051/7209/4990 6066/7210/4989 6067/7160/853 6052/7167/845
f 6030/7211/4997 6034/7212/4998 6031/7213/4999 6028/7214/5000
f 6276/7215/4970 6273/7216/5001 6277/7163/4978 6279/7162/4957
f 6205/7217/898 6206/7157/4976 6221/7218/4996 6220/7219/894
f 6042/7092/861 6041/7098/4944 6056/7220/4950 6057/7093/860
f 6269/7221/4982 6266/7143/4969 6263/7142/4968 6267/7222/4983
f 6037/7223/846 6052/7167/845 6053/7168/4938 6038/7224/4939
f 6219/7225/5002 6220/7219/894 6235/7170/879 6234/7226/4999
f 6216/7090/4938 6213/7227/4992 6228/7228/5003 6231/7091/4939
f 6046/7229/5002 6049/7230/5004 6064/7231/5005 6061/7232/5006
f 6259/7233/5007 6260/7234/211 6285/7235/868 6286/7166/4980
f 6031/7213/4999 6046/7229/5002 6047/7208/894 6032/7236/879
f 6261/7176/4986 6246/7237/4993 6243/7238/5008 6258/7177/4987
f 6252/7239/5009 6227/7240/5010 6229/7200/4994 6254/7241/5011
f 6250/7242/870 6225/7106/861 6226/7243/4941 6251/7140/4966
f 6026/7112/4953 6027/7244/852 6032/7236/879 6033/7113/4954
f 6278/7245/5012 6281/7146/4971 6179/7246/4936 6177/7247/4935
f 6065/7248/4975 6063/7182/4976 6078/7181/4973 6080/7249/4974
f 5992/7144/887 6012/7250/885 6013/7251/5013 5993/7145/4970
f 5992/7144/887 5991/7252/4972 6011/7253/5011 6012/7250/885
f 5998/7110/4952 6000/7254/5014 6004/7139/4965 6001/7138/4964
f 5993/7145/4970 6013/7251/5013 6015/7255/5015 5995/7256/5001
f 6012/7250/885 6037/7223/846 6038/7224/4939 6013/7251/5013
f 6210/7105/860 6211/7204/4940 6226/7243/4941 6225/7106/861
f 6247/7151/4942 6222/7257/4943 6224/7107/4944 6249/7152/4945
f 6238/7258/4997 6232/7259/4998 6234/7226/4999 6241/7260/5000
f 6021/7261/5016 6028/7214/5000 6027/7244/852 6022/7189/210
f 6244/7262/5016 6241/7260/5000 6240/7169/852 6245/7263/210
f 6268/7264/5014 6262/7150/4965 6264/7153/4964 6271/7265/5017
f 6272/7266/5018 6274/7147/4972 6281/7146/4971 6278/7245/5012
f 6057/7093/860 6056/7220/4950 6071/7087/4937 6072/7125/873
f 6057/7093/860 6072/7125/873 6073/7124/4959 6058/7094/4940
f 6226/7243/4941 6223/7267/5019 6248/7141/4967 6251/7140/4966
f 6238/7258/4997 6241/7260/5000 6244/7262/5016 6242/7268/5020
f 6083/7161/4963 6082/7134/831 5977/7137/834 5978/7269/4960
f 6001/7138/4964 6016/7099/4945 6017/7193/870 6002/7192/843
f 6015/7255/5015 6013/7251/5013 6038/7224/4939 6040/7270/5003
f 6256/7271/5013 6253/7272/5015 6273/7216/5001 6276/7215/4970
f 6016/7099/4945 6041/7098/4944 6042/7092/861 6017/7193/870
f 6224/7107/4944 6225/7106/861 6250/7242/870 6249/7152/4945
f 6239/7119/4953 6237/7118/4956 6243/7238/5008 6246/7237/4993
f 6064/7231/5005 6079/7273/5021 6076/7274/5022 6061/7232/5006
f 6036/7275/4994 6051/7209/4990 6052/7167/845 6037/7223/846
f 6264/7153/4964 6265/7276/843 6270/7277/842 6271/7265/5017
f 6231/7091/4939 6228/7228/5003 6253/7272/5015 6256/7271/5013
f 6066/7210/4989 6069/7278/5023 6084/7199/4946 6081/7135/4949
f 5997/7111/842 6002/7192/843 6003/7195/4969 5996/7172/4982
f 6189/7279/5022 6294/7280/4951 6295/7281/838 6190/7282/837
f 5981/7283/4985 6008/7191/4986 6010/7284/4987 5984/7285/4988
f 6050/7286/5024 6048/7207/4996 6063/7182/4976 6065/7248/4975
f 6280/7149/896 6275/7148/887 6276/7215/4970 6279/7162/4957
f 6235/7170/879 6220/7219/894 6221/7218/4996 6236/7116/4954
f 6023/7190/4993 6026/7112/4953 6029/7115/4956 6025/7287/5008
f 6187/7288/5021 6202/7289/5005 6155/7290/5025 6156/7291/5026
f 5994/7292/5018 5990/7293/5012 6095/7294/5027 6102/7295/5028
f 6139/7296/5029 6116/7297/5030 6025/7287/5008 6029/7115/4956
f 6131/7298/5031 6132/7299/5032 6005/7300/4968 6020/7301/4967
f 5968/7302/5033 6273/7216/5001 6253/7272/5015 6144/7303/5034
f 6014/7304/5009 6103/7305/5035 6108/7306/5036 6039/7307/5010
f 6024/7308/5020 6009/7309/5037 6105/7310/5038 6098/7311/5039
f 6059/7312/5040 6094/7313/5041 6113/7314/5042 6074/7084/4934
f 6110/7315/5043 6092/7316/5044 6049/7230/5004 6034/7212/4998
f 6109/7317/5045 6099/7318/5046 6079/7273/5021 6064/7231/5005
f 6242/7268/5020 6257/7319/5037 6174/7320/5047 6175/7321/5048
f 6138/7322/5049 6139/7296/5029 6029/7115/4956 6035/7114/4955
f 6252/7239/5009 6167/7323/5050 6168/7324/5051 6227/7240/5010
f 6050/7286/5024 6137/7325/5052 6138/7322/5049 6035/7114/4955
f 5964/7326/5053 6141/7327/5054 6218/7328/5024 6203/7156/4975
f 6110/7315/5043 6034/7212/4998 6030/7211/4997 6111/7329/5055
f 5995/7256/5001 6125/7330/5056 6126/7331/5057 5989/7332/4978
f 6120/7333/5058 6121/7334/5059 6070/7186/4991 6085/7335/4962
f 6045/7336/5019 6130/7337/5060 6131/7298/5031 6020/7301/4967
f 6094/7313/5041 6059/7312/5040 6044/7097/4943 6101/7338/5061
f 6040/7270/5003 6123/7339/5062 6124/7340/5063 6015/7255/5015
f 6100/7341/5064 5974/7342/5065 6079/7273/5021 6099/7318/5046
f 6121/7334/5059 6122/7343/5066 6055/7187/4992 6070/7186/4991
f 6204/7344/5006 6189/7279/5022 6190/7282/837 6205/7217/898
f 6244/7262/5016 6245/7263/210 6260/7234/211 6259/7233/5007
f 6136/7345/5067 6091/7346/178 6137/7325/5052
f 6129/7347/5068 6091/7346/178 6130/7337/5060
f 6095/7294/5027 5990/7293/5012 6089/7085/4935 6112/7348/5069
f 6069/7278/5023 6054/7349/5070 6104/7350/5071 6107/7351/5072
f 6126/7331/5057 6127/7352/5073 6090/7126/4933 5989/7332/4978
f 6207/7353/5040 6162/7354/5074 6163/7355/5075 6192/7356/4934
f 5961/7357/5076 6183/7130/4962 6288/7129/4961 5969/7358/5077
f 6150/7359/5078 6213/7227/4992 6198/7360/4991 6151/7361/5079
f 6148/7362/5080 6147/7080/4930 6178/7083/4933 6277/7163/4978
f 6122/7343/5066 6123/7339/5062 6040/7270/5003 6055/7187/4992
f 6132/7299/5032 6133/7363/5081 5999/7173/4983 6005/7300/4968
f 6101/7338/5061 6044/7097/4943 6019/7096/4942 6114/7364/5082
f 6146/7365/5083 5965/7366/5084 6263/7142/4968 6248/7141/4967
f 6187/7288/5021 6156/7291/5026 6157/7367/5085 6292/7368/5065
f 6257/7319/5037 6283/7165/4979 6173/7369/5086 6174/7320/5047
f 6197/7370/5023 6170/7371/5087 6171/7372/5088 6182/7100/4946
f 6222/7257/4943 6161/7373/5089 6162/7354/5074 6207/7353/5040
f 6090/7126/4933 6127/7352/5073 6128/7374/5090 6075/7127/4932
f 6272/7266/5018 6278/7245/5012 6165/7375/5091 6166/7376/5092
f 6122/7343/5066 6091/7346/178 6123/7339/5062
f 6137/7325/5052 6091/7346/178 6138/7322/5049
f 6139/7296/5029 6091/7346/178 6116/7297/5030
f 6130/7337/5060 6091/7346/178 6131/7298/5031
f 6123/7339/5062 6091/7346/178 6124/7340/5063
f 6138/7322/5049 6091/7346/178 6139/7296/5029
f 6116/7297/5030 6091/7346/178 6117/7377/5093
f 6131/7298/5031 6091/7346/178 6132/7299/5032
f 6124/7340/5063 6091/7346/178 6125/7330/5056
f 6117/7377/5093 6091/7346/178 6118/7378/5094
f 6132/7299/5032 6091/7346/178 6133/7363/5081
f 6125/7330/5056 6091/7346/178 6126/7331/5057
f 6118/7378/5094 6091/7346/178 6119/7379/5095
f 6133/7363/5081 6091/7346/178 6134/7380/5096
f 6126/7331/5057 6091/7346/178 6127/7352/5073
f 6119/7379/5095 6091/7346/178 6120/7333/5058
f 6134/7380/5096 6091/7346/178 6135/7381/5097
f 6127/7352/5073 6091/7346/178 6128/7374/5090
f 6120/7333/5058 6091/7346/178 6121/7334/5059
f 6135/7381/5097 6091/7346/178 6136/7345/5067
f 6128/7374/5090 6091/7346/178 6129/7347/5068
f 6121/7334/5059 6091/7346/178 6122/7343/5066
f 5962/7382/5098 6282/7178/4988 6258/7177/4987 5963/7383/5099
f 6024/7308/5020 6098/7311/5039 6111/7329/5055 6030/7211/4997
f 6135/7381/5097 6136/7345/5067 6065/7248/4975 6080/7249/4974
f 6009/7309/5037 5985/7197/4979 6097/7384/5100 6105/7310/5038
f 6103/7305/5035 6014/7304/5009 5994/7292/5018 6102/7295/5028
f 6262/7150/4965 6159/7385/5101 6160/7386/5102 6247/7151/4942
f 6268/7264/5014 6292/7368/5065 6157/7367/5085 6158/7387/5103
f 5960/7388/5104 6267/7222/4983 6263/7142/4968 5965/7366/5084
f 6104/7350/5071 6054/7349/5070 6039/7307/5010 6108/7306/5036
f 6238/7258/4997 6242/7268/5020 6175/7321/5048 6152/7389/5105
f 6247/7151/4942 6160/7386/5102 6161/7373/5089 6222/7257/4943
f 6232/7259/4998 6153/7390/5106 6154/7391/5107 6217/7392/5004
f 6227/7240/5010 6168/7324/5051 6169/7393/5108 6212/7394/5070
f 6000/7254/5014 5974/7342/5065 6100/7341/5064 6093/7395/5109
f 6049/7230/5004 6092/7316/5044 6109/7317/5045 6064/7231/5005
f 5961/7357/5076 6151/7361/5079 6198/7360/4991 6183/7130/4962
f 5999/7173/4983 6133/7363/5081 6134/7380/5096 5975/7174/4984
f 6019/7096/4942 6004/7139/4965 6115/7396/5110 6114/7364/5082
f 6177/7247/4935 6164/7397/5111 6165/7375/5091 6278/7245/5012
f 6025/7287/5008 6116/7297/5030 6117/7377/5093 6010/7284/4987
f 6010/7284/4987 6117/7377/5093 6118/7378/5094 5984/7285/4988
f 6004/7139/4965 6000/7254/5014 6093/7395/5109 6115/7396/5110
f 6145/7398/5112 5970/7399/5113 6243/7238/5008 6237/7118/4956
f 6162/7354/5074 6161/7373/5089 6176/7400/362
f 6155/7290/5025 6154/7391/5107 6176/7400/362
f 6170/7371/5087 6169/7393/5108 6176/7400/362
f 6163/7355/5075 6162/7354/5074 6176/7400/362
f 6156/7291/5026 6155/7290/5025 6176/7400/362
f 6171/7372/5088 6170/7371/5087 6176/7400/362
f 6164/7397/5111 6163/7355/5075 6176/7400/362
f 6157/7367/5085 6156/7291/5026 6176/7400/362
f 6172/7401/5114 6171/7372/5088 6176/7400/362
f 6165/7375/5091 6164/7397/5111 6176/7400/362
f 6158/7387/5103 6157/7367/5085 6176/7400/362
f 6173/7369/5086 6172/7401/5114 6176/7400/362
f 6166/7376/5092 6165/7375/5091 6176/7400/362
f 6159/7385/5101 6158/7387/5103 6176/7400/362
f 6174/7320/5047 6173/7369/5086 6176/7400/362
f 6167/7323/5050 6166/7376/5092 6176/7400/362
f 6160/7386/5102 6159/7385/5101 6176/7400/362
f 6175/7321/5048 6174/7320/5047 6176/7400/362
f 6153/7390/5106 6152/7389/5105 6176/7400/362
f 6168/7324/5051 6167/7323/5050 6176/7400/362
f 6161/7373/5089 6160/7386/5102 6176/7400/362
f 6152/7389/5105 6175/7321/5048 6176/7400/362
f 6154/7391/5107 6153/7390/5106 6176/7400/362
f 6169/7393/5108 6168/7324/5051 6176/7400/362
f 6140/7402/5115 6233/7117/4955 6218/7328/5024 6141/7327/5054
f 6268/7264/5014 6158/7387/5103 6159/7385/5101 6262/7150/4965
f 5959/7403/5116 6142/7404/5117 6188/7155/4974 6293/7206/4984
f 6287/7101/4947 6182/7100/4946 6171/7372/5088 6172/7401/5114
f 6238/7258/4997 6152/7389/5105 6153/7390/5106 6232/7259/4998
f 5966/7405/5118 6146/7365/5083 6248/7141/4967 6223/7267/5019
f 6142/7404/5117 5964/7326/5053 6203/7156/4975 6188/7155/4974
f 6128/7374/5090 6129/7347/5068 6060/7406/4995 6075/7127/4932
f 6106/7407/5119 6084/7199/4946 6069/7278/5023 6107/7351/5072
f 6252/7239/5009 6272/7266/5018 6166/7376/5092 6167/7323/5050
f 6143/7408/5120 5966/7405/5118 6223/7267/5019 6208/7203/4995
f 6119/7379/5095 6120/7333/5058 6085/7335/4962 5980/7409/4961
f 5962/7382/5098 5969/7358/5077 6288/7129/4961 6282/7178/4988
f 6065/7248/4975 6136/7345/5067 6137/7325/5052 6050/7286/5024
f 5959/7403/5116 6293/7206/4984 6267/7222/4983 5960/7388/5104
f 6096/7410/5121 5979/7196/4947 6084/7199/4946 6106/7407/5119
f 6140/7402/5115 6145/7398/5112 6237/7118/4956 6233/7117/4955
f 5963/7383/5099 6258/7177/4987 6243/7238/5008 5970/7399/5113
f 6197/7370/5023 6212/7394/5070 6169/7393/5108 6170/7371/5087
f 6124/7340/5063 6125/7330/5056 5995/7256/5001 6015/7255/5015
f 6283/7165/4979 6287/7101/4947 6172/7401/5114 6173/7369/5086
f 6177/7247/4935 6192/7356/4934 6163/7355/5075 6164/7397/5111
f 5968/7302/5033 6148/7362/5080 6277/7163/4978 6273/7216/5001
f 5984/7285/4988 6118/7378/5094 6119/7379/5095 5980/7409/4961
f 6059/7312/5040 6074/7084/4934 6071/7087/4937 6056/7220/4950
f 6076/7274/5022 5971/7109/4951 5972/7108/838 6077/7180/837
f 5997/7111/842 5998/7110/4952 6001/7138/4964 6002/7192/843
f 5990/7293/5012 5994/7292/5018 5991/7252/4972 5988/7158/4971
f 6221/7218/4996 6206/7157/4976 6203/7156/4975 6218/7328/5024
f 5987/7121/896 5988/7158/4971 5991/7252/4972 5992/7144/887
f 6295/7281/838 6296/7205/4981 6191/7154/4973 6190/7282/837
f 5974/7342/5065 6000/7254/5014 5998/7110/4952 5971/7109/4951
f 5983/7198/4980 5985/7197/4979 6009/7309/5037 6006/7411/5007
f 6289/7102/4948 6286/7166/4980 6285/7235/868 6290/7132/834
f 5978/7269/4960 5977/7137/834 5982/7412/868 5981/7283/4985
f 6181/7164/4958 6178/7083/4933 6193/7082/4932 6196/7202/4959
f 6018/7194/4966 6043/7095/4941 6045/7336/5019 6020/7301/4967
f 6066/7210/4989 6081/7135/4949 6082/7134/831 6067/7160/853
f 6255/7413/885 6230/7088/846 6231/7091/4939 6256/7271/5013
f 6201/7201/4977 6186/7131/4963 6183/7130/4962 6198/7360/4991
f 6034/7212/4998 6049/7230/5004 6046/7229/5002 6031/7213/4999
f 6229/7200/4994 6230/7088/846 6255/7413/885 6254/7241/5011
f 6275/7148/887 6255/7413/885 6256/7271/5013 6276/7215/4970
f 6045/7336/5019 6043/7095/4941 6058/7094/4940 6060/7406/4995
f 6268/7264/5014 6271/7265/5017 6294/7280/4951 6292/7368/5065
f 6194/7414/4937 6195/7415/873 6210/7105/860 6209/7104/4950
f 6194/7414/4937 6179/7246/4936 6180/7416/874 6195/7415/873
f 6217/7392/5004 6202/7289/5005 6204/7344/5006 6219/7225/5002
f 6021/7261/5016 6024/7308/5020 6030/7211/4997 6028/7214/5000
f 6184/7103/4949 6185/7133/831 6200/7184/853 6199/7183/4989
f 6046/7229/5002 6061/7232/5006 6062/7179/898 6047/7208/894
f 6014/7304/5009 6039/7307/5010 6036/7275/4994 6011/7253/5011
f 6232/7259/4998 6217/7392/5004 6219/7225/5002 6234/7226/4999
f 6018/7194/4966 6017/7193/870 6042/7092/861 6043/7095/4941
f 6027/7244/852 6028/7214/5000 6031/7213/4999 6032/7236/879
f 6252/7239/5009 6254/7241/5011 6274/7147/4972 6272/7266/5018
f 6292/7368/5065 6294/7280/4951 6189/7279/5022 6187/7288/5021
f 6012/7250/885 6011/7253/5011 6036/7275/4994 6037/7223/846
f 6234/7226/4999 6235/7170/879 6240/7169/852 6241/7260/5000
f 6083/7161/4963 5978/7269/4960 5980/7409/4961 6085/7335/4962
f 6192/7356/4934 6177/7247/4935 6179/7246/4936 6194/7414/4937
f 6180/7416/874 6280/7149/896 6279/7162/4957 6181/7164/4958
f 6264/7153/4964 6249/7152/4945 6250/7242/870 6265/7276/843
f 6211/7204/4940 6208/7203/4995 6223/7267/5019 6226/7243/4941
f 6008/7191/4986 6023/7190/4993 6025/7287/5008 6010/7284/4987
f 6078/7181/4973 6077/7180/837 5972/7108/838 5973/7171/4981
f 5981/7283/4985 5982/7412/868 6007/7188/211 6008/7191/4986
f 6089/7085/4935 5990/7293/5012 5988/7158/4971 6086/7086/4936
f 6038/7224/4939 6053/7168/4938 6055/7187/4992 6040/7270/5003
f 6215/7089/845 6200/7184/853 6201/7201/4977 6216/7090/4938
f 6285/7235/868 6284/7175/4985 6291/7128/4960 6290/7132/834
f 6039/7307/5010 6054/7349/5070 6051/7209/4990 6036/7275/4994
f 6078/7181/4973 5973/7171/4981 5975/7174/4984 6080/7249/4974
f 6254/7241/5011 6255/7413/885 6275/7148/887 6274/7147/4972
f 6250/7242/870 6251/7140/4966 6266/7143/4969 6265/7276/843
f 6076/7274/5022 6079/7273/5021 5974/7342/5065 5971/7109/4951
f 6296/7205/4981 6269/7221/4982 6267/7222/4983 6293/7206/4984
f 6260/7234/211 6261/7176/4986 6284/7175/4985 6285/7235/868
f 5983/7198/4980 6006/7411/5007 6007/7188/211 5982/7412/868
f 6221/7218/4996 6218/7328/5024 6233/7117/4955 6236/7116/4954
f 6006/7411/5007 6009/7309/5037 6024/7308/5020 6021/7261/5016
f 5973/7171/4981 5972/7108/838 5997/7111/842 5996/7172/4982
f 5976/7136/4948 5983/7198/4980 5982/7412/868 5977/7137/834
f 6051/7209/4990 6054/7349/5070 6069/7278/5023 6066/7210/4989
f 6227/7240/5010 6212/7394/5070 6214/7185/4990 6229/7200/4994
f 6184/7103/4949 6289/7102/4948 6290/7132/834 6185/7133/831
f 6260/7234/211 6245/7263/210 6246/7237/4993 6261/7176/4986
f 6005/7300/4968 6003/7195/4969 6018/7194/4966 6020/7301/4967
f 6060/7406/4995 6058/7094/4940 6073/7124/4959 6075/7127/4932
f 6190/7282/837 6191/7154/4973 6206/7157/4976 6205/7217/898
f 6207/7353/5040 6192/7356/4934 6194/7414/4937 6209/7104/4950
f 6197/7370/5023 6199/7183/4989 6214/7185/4990 6212/7394/5070
f 6071/7087/4937 6086/7086/4936 6087/7120/874 6072/7125/873
f 6295/7281/838 6270/7277/842 6269/7221/4982 6296/7205/4981
f 6201/7201/4977 6198/7360/4991 6213/7227/4992 6216/7090/4938
f 6222/7257/4943 6207/7353/5040 6209/7104/4950 6224/7107/4944
f 6179/7246/4936 6281/7146/4971 6280/7149/896 6180/7416/874
f 6271/7265/5017 6270/7277/842 6295/7281/838 6294/7280/4951
f 6202/7289/5005 6187/7288/5021 6189/7279/5022 6204/7344/5006
f 6090/7126/4933 6088/7123/4958 5986/7122/4957 5989/7332/4978
f 6270/7277/842 6265/7276/843 6266/7143/4969 6269/7221/4982
f 6032/7236/879 6047/7208/894 6048/7207/4996 6033/7113/4954
f 6070/7186/4991 6068/7159/4977 6083/7161/4963 6085/7335/4962
f 5994/7292/5018 6014/7304/5009 6011/7253/5011 5991/7252/4972
f 6007/7188/211 6006/7411/5007 6021/7261/5016 6022/7189/210
f 6210/7105/860 6195/7415/873 6196/7202/4959 6211/7204/4940
f 5999/7173/4983 5996/7172/4982 6003/7195/4969 6005/7300/4968
f 6242/7268/5020 6244/7262/5016 6259/7233/5007 6257/7319/5037
f 6022/7189/210 6027/7244/852 6026/7112/4953 6023/7190/4993
f 6195/7415/873 6180/7416/874 6181/7164/4958 6196/7202/4959
f 6035/7114/4955 6033/7113/4954 6048/7207/4996 6050/7286/5024
f 6197/7370/5023 6182/7100/4946 6184/7103/4949 6199/7183/4989
f 6061/7232/5006 6076/7274/5022 6077/7180/837 6062/7179/898
f 6240/7169/852 6239/7119/4953 6246/7237/4993 6245/7263/210
f 6044/7097/4943 6059/7312/5040 6056/7220/4950 6041/7098/4944
f 5978/7269/4960 5981/7283/4985 5984/7285/4988 5980/7409/4961
f 6219/7225/5002 6204/7344/5006 6205/7217/898 6220/7219/894
f 6283/7165/4979 6257/7319/5037 6259/7233/5007 6286/7166/4980
f 6149/7417/5122 6144/7303/5034 6253/7272/5015 6228/7228/5003
f 5989/7332/4978 5986/7122/4957 5993/7145/4970 5995/7256/5001
f 6112/7348/5069 6089/7085/4935 6074/7084/4934 6113/7314/5042
f 5985/7197/4979 5979/7196/4947 6096/7410/5121 6097/7384/5100
f 5967/7081/4931 6143/7408/5120 6208/7203/4995 6193/7082/4932
f 6217/7392/5004 6154/7391/5107 6155/7290/5025 6202/7289/5005
f 6149/7417/5122 6228/7228/5003 6213/7227/4992 6150/7359/5078
f 6060/7406/4995 6129/7347/5068 6130/7337/5060 6045/7336/5019
f 6134/7380/5096 6135/7381/5097 6080/7249/4974 5975/7174/4984
usemtl tool_rope
f 6416/7518/5123 6421/7519/5124 6424/7520/5125 6415/7521/5126
f 6397/7522/5127 6405/7523/5128 6404/7524/5129 6396/7525/5130
f 6442/7526/5131 6450/7527/5132 6453/7528/5133 6441/7529/5134
f 6633/7530/5135 6639/7531/5136 6621/7532/5137 6617/7533/5138
f 6912/7534/5139 6920/7535/5140 6919/7536/5141 6911/7537/5142
f 6689/7538/5143 6702/7539/5144 6701/7540/5145 6692/7541/5146
f 6721/7542/5147 6734/7543/5148 6733/7544/5149 6728/7545/5150
f 6476/7546/5151 6487/7547/5152 6483/7548/5153 6475/7549/5154
f 6737/7550/5155 6742/7551/5156 6729/7552/5157 6730/7553/5158
f 6438/7554/5159 6433/7555/5160 6425/7556/5161 6426/7557/5162
f 6443/7558/5163 6442/7526/5131 6434/7559/5164 6435/7560/5165
f 6434/7559/5164 6438/7554/5159 6426/7557/5162 6427/7561/5166
f 6647/7562/5167 6655/7563/5168 6654/7564/5169 6646/7565/5170
f 6437/7566/5171 6446/7567/5172 6445/7568/5173 6436/7569/5174
f 6466/7570/5175 6460/7571/5176 6461/7572/5177 6467/7573/5178
f 6885/7574/5179 6874/7575/5180 6878/7576/5181 6882/7577/5182
f 6448/7578/5183 6439/7579/5184 6440/7580/5185 6444/7581/5186
f 6501/7582/5187 6511/7583/5188 6510/7584/5189 6504/7585/5190
f 6951/7586/5191 6946/7587/5192 6941/7588/5193 6942/7589/5194
f 6460/7571/5176 6466/7570/5175 6465/7590/5195 6459/7591/5196
f 6541/7592/5197 6552/7593/5198 6548/7594/5199 6540/7595/5200
f 6562/7596/5201 6558/7597/5202 6559/7598/5203 6563/7599/5204
f 6651/7600/5205 6650/7601/5206 6642/7602/5207 6643/7603/5208
f 6463/7604/5209 6464/7605/5210 6451/7606/5211 6452/7607/5212
f 6521/7608/5213 6528/7609/5214 6520/7610/5215 6515/7611/5216
f 6844/7612/5217 6854/7613/5218 6851/7614/5219 6843/7615/5220
f 6935/7616/5221 6941/7588/5193 6938/7617/5222 6931/7618/5223
f 6550/7619/5224 6545/7620/5225 6543/7621/5226 6544/7622/5227
f 6484/7623/5228 6493/7624/5229 6492/7625/5230 6488/7626/5231
f 6499/7627/5232 6498/7628/5233 6495/7629/5234 6489/7630/5235
f 6498/7628/5233 6497/7631/5236 6494/7632/5237 6495/7629/5234
f 6493/7624/5229 6503/7633/5238 6502/7634/5239 6492/7625/5230
f 6715/7635/5240 6720/7636/5241 6706/7637/5242 6710/7638/5243
f 6506/7639/5244 6512/7640/5245 6502/7634/5239 6503/7633/5238
f 6864/7641/5246 6860/7642/5247 6855/7643/5248 6856/7644/5249
f 6507/7645/5250 6506/7639/5244 6503/7633/5238 6497/7631/5236
f 6884/7646/5251 6883/7647/5252 6877/7648/5253 6880/7649/5254
f 6525/7650/5255 6513/7651/5256 6514/7652/5257 6523/7653/5258
f 6513/7651/5256 6517/7654/5259 6505/7655/5260 6509/7656/5261
f 6516/7657/5262 6515/7611/5216 6507/7645/5250 6508/7658/5263
f 6513/7651/5256 6509/7656/5261 6510/7659/5189 6514/7652/5257
f 6517/7654/5259 6516/7657/5262 6508/7658/5263 6505/7655/5260
f 6920/7535/5140 6924/7660/5264 6923/7661/5265 6919/7536/5141
f 6850/7662/5266 6849/7663/5267 6841/7664/5268 6842/7665/5269
f 6785/7666/5270 6797/7667/5271 6796/7668/5272 6792/7669/5273
f 6846/7670/5274 6853/7671/5275 6852/7672/5276 6845/7673/5277
f 6533/7674/5278 6532/7675/5279 6528/7609/5214 6521/7608/5213
f 6538/7676/5280 6535/7677/5281 6536/7678/5282 6539/7679/5283
f 6488/7626/5231 6492/7625/5230 6491/7680/5284 6487/7547/5152
f 6558/7597/5202 6557/7681/5285 6545/7620/5225 6550/7619/5224
f 6547/7682/5286 6554/7683/5287 6553/7684/5288 6551/7685/5289
f 6947/7686/5290 6951/7586/5191 6942/7589/5194 6943/7687/5291
f 6566/7688/5292 6574/7689/5293 6570/7690/5294 6565/7691/5295
f 6580/7692/5296 6570/7690/5294 6574/7689/5293 6581/7693/5297
f 6723/7694/5298 6730/7553/5158 6729/7552/5157 6722/7695/5299
f 6599/7696/5300 6596/7697/5301 6589/7698/5302 6585/7699/5303
f 6587/7700/5304 6594/7701/5305 6593/7702/5306 6586/7703/5307
f 6599/7696/5300 6604/7704/5308 6603/7705/5309 6596/7697/5301
f 6927/7706/5310 6935/7616/5221 6931/7618/5223 6922/7707/5311
f 6649/7708/5312 6657/7709/5313 6664/7710/5314 6656/7711/5315
f 6674/7712/5316 6682/7713/5317 6684/7714/5318 6680/7715/5319
f 6610/7716/5320 6614/7717/5321 6606/7718/5322 6602/7719/5323
f 6613/7720/5324 6605/7721/5325 6601/7722/5326 6609/7723/5327
f 6552/7593/5198 6560/7724/5328 6555/7725/5329 6548/7594/5199
f 6627/7726/5330 6625/7727/5331 6611/7728/5332 6612/7729/5333
f 6917/7730/5334 6915/7731/5335 6908/7732/5336 6909/7733/5337
f 6455/7734/5338 6461/7572/5177 6460/7571/5176 6454/7735/5339
f 6788/7736/5340 6787/7737/5341 6779/7738/5342 6780/7739/5343
f 6502/7634/5239 6512/7640/5245 6511/7583/5188 6501/7582/5187
f 6831/7740/5344 6833/7741/5345 6838/7742/5346 6826/7743/5347
f 6621/7532/5137 6629/7744/5348 6628/7745/5349 6617/7533/5138
f 6856/7644/5249 6855/7643/5248 6847/7746/5350 6848/7747/5351
f 6623/7748/5352 6631/7749/5353 6630/7750/5354 6624/7751/5355
f 6619/7752/5356 6618/7753/5357 6626/7754/5358 6625/7727/5331
f 6735/7755/5359 6743/7756/5360 6738/7757/5361 6731/7758/5362
f 6408/7759/5363 6407/7760/5364 6399/7761/5365 6400/7762/5366
f 6589/7698/5302 6588/7763/5367 6579/7764/5368 6580/7692/5296
f 6396/7525/5130 6404/7524/5129 6403/7765/5369 6395/7766/5370
f 6572/7767/5371 6571/7768/5372 6564/7769/5373 6561/7770/5374
f 6742/7551/5156 6741/7771/5375 6734/7543/5148 6729/7552/5157
f 6681/7772/5376 6689/7538/5143 6692/7541/5146 6683/7773/5377
f 6919/7774/5141 6923/7775/5265 6928/7776/5378 6918/7777/5379
f 6506/7639/5244 6520/7610/5215 6519/7778/5380 6512/7640/5245
f 6448/7779/5183 6455/7734/5338 6454/7735/5339 6443/7558/5163
f 6602/7719/5323 6606/7718/5322 6594/7701/5305 6595/7780/5381
f 6778/7781/5382 6777/7782/5383 6769/7783/5384 6773/7784/5385
f 6854/7613/5218 6844/7612/5217 6845/7673/5277 6852/7672/5276
f 6973/7785/5386 6972/7786/5387 6962/7787/5388 6966/7788/5389
f 6588/7763/5367 6595/7780/5381 6594/7701/5305 6587/7700/5304
f 6597/7789/5390 6600/7790/5391 6590/7791/5392 6591/7792/5393
f 6693/7793/5394 6689/7538/5143 6681/7772/5376 6684/7714/5318
f 6409/7794/5395 6416/7518/5123 6408/7759/5363 6401/7795/5396
f 6756/7796/5397 6764/7797/5398 6763/7798/5399 6758/7799/5400
f 6778/7781/5382 6786/7800/5401 6785/7801/5270 6777/7782/5383
f 6450/7527/5132 6459/7591/5196 6458/7802/5402 6453/7528/5133
f 6858/7803/5403 6870/7804/5404 6869/7805/5405 6862/7806/5406
f 6531/7807/5407 6541/7592/5197 6540/7595/5200 6530/7808/5408
f 6711/7809/5409 6717/7810/5410 6716/7811/5411 6707/7812/5412
f 6864/7641/5246 6856/7644/5249 6849/7663/5267 6857/7813/5413
f 6910/7814/5414 6918/7777/5379 6917/7730/5334 6909/7733/5337
f 6531/7807/5407 6530/7808/5408 6526/7815/5415 6527/7816/5416
f 6683/7773/5377 6688/7817/5417 6678/7818/5418 6679/7819/5419
f 6655/7563/5168 6663/7820/5420 6662/7821/5421 6654/7564/5169
f 6794/7822/5422 6802/7823/5423 6801/7824/5424 6793/7825/5425
f 6491/7680/5284 6496/7826/5426 6483/7548/5153 6487/7547/5152
f 6485/7827/5427 6494/7632/5237 6493/7624/5229 6484/7623/5228
f 6596/7697/5301 6603/7705/5309 6602/7719/5323 6595/7780/5381
f 6624/7751/5355 6638/7828/5428 6637/7829/5429 6623/7748/5352
f 6568/7830/5430 6576/7831/5431 6575/7832/5432 6567/7833/5433
f 6429/7834/5434 6432/7835/5435 6420/7836/5436 6423/7837/5437
f 6465/7590/5195 6473/7838/5438 6480/7839/5439 6472/7840/5440
f 6775/7841/5441 6781/7842/5442 6780/7739/5343 6770/7843/5443
f 6470/7844/5444 6469/7845/5445 6464/7605/5210 6463/7604/5209
f 6429/7834/5434 6440/7580/5185 6439/7579/5184 6432/7835/5435
f 6850/7662/5266 6861/7846/5446 6857/7813/5413 6849/7663/5267
f 6472/7840/5440 6480/7839/5439 6479/7847/5447 6471/7848/5448
f 6862/7806/5406 6869/7805/5405 6868/7849/5449 6861/7846/5446
f 6582/7850/5450 6592/7851/5451 6591/7792/5393 6584/7852/5452
f 6836/7853/5453 6842/7665/5269 6841/7664/5268 6835/7854/5454
f 6761/7855/5455 6773/7784/5385 6769/7783/5384 6767/7856/5456
f 6675/7857/5457 6685/7858/5458 6682/7713/5317 6674/7712/5316
f 6439/7859/5184 6435/7560/5165 6428/7860/5459 6432/7861/5435
f 6537/7862/5460 6529/7863/5461 6535/7677/5281 6538/7676/5280
f 6876/7864/5462 6879/7865/5463 6865/7866/5464 6871/7867/5465
f 6743/7756/5360 6750/7868/5466 6746/7869/5467 6738/7757/5361
f 6895/7870/5468 6899/7871/5469 6903/7872/5470 6894/7873/5471
f 6508/7658/5263 6507/7645/5250 6497/7631/5236 6498/7628/5233
f 6896/7874/5472 6904/7875/5473 6899/7876/5469 6895/7877/5468
f 6865/7866/5464 6870/7804/5404 6858/7803/5403 6863/7878/5474
f 6732/7879/5475 6736/7880/5476 6726/7881/5477 6727/7882/5478
f 6578/7883/5479 6577/7884/5480 6572/7767/5371 6569/7885/5481
f 6399/7761/5365 6407/7760/5364 6406/7886/5482 6398/7887/5483
f 6610/7716/5320 6626/7754/5358 6640/7888/5484 6614/7717/5321
f 6944/7889/5485 6943/7890/5291 6932/7891/5486 6933/7892/5487
f 6481/7893/5488 6486/7894/5489 6480/7839/5439 6473/7838/5438
f 6605/7721/5325 6608/7895/5490 6597/7789/5390 6598/7896/5491
f 6430/7897/5492 6436/7569/5174 6440/7580/5185 6429/7834/5434
f 6770/7843/5443 6774/7898/5493 6762/7899/5494 6763/7798/5399
f 6746/7869/5467 6758/7799/5400 6755/7900/5495 6745/7901/5496
f 6579/7764/5368 6573/7902/5497 6570/7690/5294 6580/7692/5296
f 6406/7886/5482 6414/7903/5498 6413/7904/5499 6405/7905/5128
f 6861/7846/5446 6868/7849/5449 6867/7906/5500 6857/7813/5413
f 6659/7907/5501 6667/7908/5502 6666/7909/5503 6658/7910/5504
f 6688/7911/5417 6687/7912/5505 6677/7913/5506 6678/7914/5418
f 6557/7681/5285 6561/7770/5374 6564/7769/5373 6556/7915/5507
f 6926/7916/5508 6934/7917/5509 6929/7918/5510 6925/7919/5511
f 6554/7920/5287 6547/7921/5286 6548/7594/5199 6555/7725/5329
f 6549/7922/5512 6552/7593/5198 6541/7592/5197 6542/7923/5513
f 6617/7533/5138 6628/7745/5349 6640/7888/5484 6622/7924/5514
f 6579/7764/5368 6588/7763/5367 6587/7700/5304 6578/7883/5479
f 6565/7691/5295 6563/7599/5204 6559/7598/5203 6553/7684/5288
f 6938/7617/5222 6950/7925/5515 6945/7926/5516 6937/7927/5517
f 6462/7928/5518 6461/7929/5177 6455/7930/5338 6456/7931/5519
f 6453/7528/5133 6458/7802/5402 6457/7932/5520 6449/7933/5521
f 6872/7934/5522 6866/7935/5523 6860/7642/5247 6864/7641/5246
f 6716/7811/5411 6715/7635/5240 6710/7638/5243 6707/7812/5412
f 6577/7884/5480 6582/7850/5450 6571/7768/5372 6572/7767/5371
f 6933/7892/5487 6932/7891/5486 6923/7661/5265 6924/7660/5264
f 6592/7851/5451 6598/7896/5491 6597/7789/5390 6591/7792/5393
f 6786/7936/5401 6793/7825/5425 6797/7667/5271 6785/7666/5270
f 6690/7937/5524 6693/7793/5394 6684/7714/5318 6682/7713/5317
f 6431/7938/5525 6421/7519/5124 6417/7939/5526 6425/7556/5161
f 6959/7940/5527 6963/7941/5528 6967/7942/5529 6958/7943/5530
f 6829/7944/5531 6825/7945/5532 6823/7946/5533 6817/7947/5534
f 6577/7884/5480 6586/7703/5307 6592/7851/5451 6582/7850/5450
f 6888/7948/5535 6887/7949/5536 6879/7865/5463 6876/7864/5462
f 6476/7546/5151 6475/7549/5154 6467/7950/5178 6468/7951/5537
f 6522/7952/5538 6524/7953/5539 6516/7657/5262 6517/7654/5259
f 6955/7954/5540 6953/7955/5541 6948/7956/5542 6949/7957/5543
f 6575/7832/5432 6583/7958/5544 6581/7959/5297 6574/7960/5293
f 6941/7588/5193 6946/7587/5192 6950/7925/5515 6938/7617/5222
f 6424/7520/5125 6423/7837/5437 6414/7903/5498 6415/7521/5126
f 6441/7529/5134 6453/7528/5133 6449/7933/5521 6447/7961/5545
f 6652/7962/5546 6651/7600/5205 6643/7603/5208 6644/7963/5547
f 6648/7964/5548 6656/7711/5315 6655/7965/5168 6647/7966/5167
f 6641/7967/5549 6649/7708/5312 6656/7711/5315 6648/7964/5548
f 6658/7910/5504 6657/7709/5313 6649/7708/5312 6650/7601/5206
f 6660/7968/5550 6659/7907/5501 6651/7600/5205 6652/7962/5546
f 6654/7564/5169 6662/7821/5421 6661/7969/5551 6653/7970/5552
f 6659/7907/5501 6658/7910/5504 6650/7601/5206 6651/7600/5205
f 6661/7969/5551 6669/7971/5553 6668/7972/5554 6660/7968/5550
f 6663/7820/5420 6672/7973/5555 6670/7974/5556 6662/7821/5421
f 6665/7975/5557 6671/7976/5558 6664/7710/5314 6657/7709/5313
f 6668/7972/5554 6675/7857/5457 6674/7712/5316 6667/7908/5502
f 6946/7587/5192 6957/7977/5559 6956/7978/5560 6950/7925/5515
f 6697/7979/5561 6703/7980/5562 6693/7793/5394 6690/7937/5524
f 6691/7981/5563 6700/7982/5564 6699/7983/5565 6695/7984/5566
f 6505/7655/5260 6508/7658/5263 6498/7628/5233 6499/7627/5232
f 6692/7541/5146 6701/7540/5145 6704/7985/5567 6696/7986/5568
f 6699/7983/5565 6698/7987/5569 6694/7988/5570 6695/7984/5566
f 6704/7989/5567 6712/7990/5571 6711/7809/5409 6700/7982/5564
f 6494/7632/5237 6497/7631/5236 6503/7633/5238 6493/7624/5229
f 6710/7638/5243 6706/7637/5242 6697/7979/5561 6698/7987/5569
f 6705/7991/5572 6709/7992/5573 6702/7539/5144 6703/7980/5562
f 6887/7949/5536 6893/7993/5574 6892/7994/5575 6886/7995/5576
f 6725/7996/5577 6724/7997/5578 6715/7635/5240 6716/7811/5411
f 6702/7539/5144 6709/7992/5573 6708/7998/5579 6701/7540/5145
f 6714/7999/5580 6713/8000/5581 6709/7992/5573 6705/7991/5572
f 6705/7991/5572 6706/7637/5242 6720/7636/5241 6714/7999/5580
f 6719/8001/5582 6708/7998/5579 6709/7992/5573 6713/8000/5581
f 6726/7881/5477 6725/7996/5577 6716/7811/5411 6717/7810/5410
f 6719/8001/5582 6728/7545/5150 6727/8002/5478 6718/8003/5583
f 6713/8000/5581 6721/7542/5147 6728/7545/5150 6719/8001/5582
f 6720/7636/5241 6723/7694/5298 6722/7695/5299 6714/7999/5580
f 6736/7880/5476 6735/7755/5359 6725/7996/5577 6726/7881/5477
f 6741/7771/5375 6740/8004/5584 6733/7544/5149 6734/7543/5148
f 6736/7880/5476 6744/8005/5585 6743/7756/5360 6735/7755/5359
f 6968/8006/5586 6976/8007/5587 6975/8008/5588 6963/8009/5528
f 6748/8010/5589 6752/8011/5590 6740/8004/5584 6741/7771/5375
f 6739/8012/5591 6747/8013/5592 6751/8014/5593 6744/8005/5585
f 6936/8015/5594 6935/7616/5221 6927/7706/5310 6928/7776/5378
f 6573/7902/5497 6569/7885/5481 6562/7596/5201 6563/7599/5204
f 6744/8005/5585 6751/8014/5593 6750/7868/5466 6743/7756/5360
f 6753/8016/5595 6760/8017/5596 6752/8011/5590 6748/8010/5589
f 6747/8013/5592 6759/8018/5597 6757/8019/5598 6751/8014/5593
f 6760/8017/5596 6759/8020/5597 6747/8021/5592 6752/8011/5590
f 6751/8014/5593 6757/8019/5598 6756/7796/5397 6750/7868/5466
f 6767/7856/5456 6766/8022/5599 6760/8017/5596 6753/8016/5595
f 6768/8023/5600 6765/8024/5601 6757/8019/5598 6759/8018/5597
f 6766/8022/5599 6768/8025/5600 6759/8020/5597 6760/8017/5596
f 6757/8019/5598 6765/8024/5601 6764/7797/5398 6756/7796/5397
f 6767/7856/5456 6769/7783/5384 6776/8026/5602 6766/8022/5599
f 6772/8027/5603 6771/8028/5604 6765/8024/5601 6768/8023/5600
f 6766/8022/5599 6776/8026/5602 6772/8029/5603 6768/8025/5600
f 6771/8028/5604 6775/7841/5441 6764/7797/5398 6765/8024/5601
f 6761/7855/5455 6767/7856/5456 6753/8016/5595 6754/8030/5605
f 6777/7782/5383 6784/8031/5606 6776/8026/5602 6769/7783/5384
f 6772/8027/5603 6782/8032/5607 6783/8033/5608 6771/8028/5604
f 6441/7529/5134 6447/7961/5545 6433/7555/5160 6438/7554/5159
f 6784/8031/5606 6782/8034/5607 6772/8029/5603 6776/8026/5602
f 6771/8028/5604 6783/8033/5608 6781/7842/5442 6775/7841/5441
f 6454/7735/5339 6460/7571/5176 6459/7591/5196 6450/7527/5132
f 6777/7782/5383 6785/7801/5270 6792/8035/5273 6784/8031/5606
f 6790/8036/5609 6789/8037/5610 6783/8033/5608 6782/8032/5607
f 6784/8031/5606 6792/8035/5273 6790/8038/5609 6782/8034/5607
f 6789/8037/5610 6791/8039/5611 6781/7842/5442 6783/8033/5608
f 6518/8040/5612 6526/7815/5415 6523/8041/5258 6514/8042/5257
f 6800/8043/5613 6795/8044/5614 6789/8045/5610 6790/8046/5609
f 6792/7669/5273 6796/7668/5272 6800/8047/5613 6790/8048/5609
f 6795/8044/5614 6799/8049/5615 6791/8050/5611 6789/8045/5610
f 6916/8051/5616 6913/8052/5617 6907/8053/5618 6905/8054/5619
f 6808/8055/5620 6807/8056/5621 6799/8049/5615 6795/8044/5614
f 6809/8057/5622 6816/8058/5623 6805/8059/5624 6806/8060/5625
f 6804/8061/5626 6814/8062/5627 6815/8063/5628 6808/8055/5620
f 6814/8062/5627 6824/8064/5629 6821/8065/5630 6815/8063/5628
f 6940/8066/5631 6949/7957/5543 6948/7956/5542 6939/8067/5632
f 6823/7946/5533 6822/8068/5633 6816/8058/5623 6809/8057/5622
f 6803/8069/5634 6812/8070/5635 6811/8071/5636 6802/7823/5423
f 6653/7970/5552 6652/7962/5546 6644/7963/5547 6645/8072/5637
f 6734/7543/5148 6721/7542/5147 6722/7695/5299 6729/7552/5157
f 6822/8068/5633 6824/8073/5629 6814/8074/5627 6816/8058/5623
f 6815/8063/5628 6821/8065/5630 6820/8075/5638 6813/8076/5639
f 6448/7779/5183 6443/7558/5163 6435/7560/5165 6439/7859/5184
f 6953/7955/5541 6960/8077/5640 6952/8078/5641 6948/7956/5542
f 6825/7945/5532 6832/8079/5642 6822/8068/5633 6823/7946/5533
f 6824/8064/5629 6828/8080/5643 6827/8081/5644 6821/8065/5630
f 6832/8079/5642 6828/8082/5643 6824/8073/5629 6822/8068/5633
f 6835/7854/5454 6840/8083/5645 6832/8079/5642 6825/7945/5532
f 6948/7956/5542 6952/8078/5641 6944/7889/5485 6939/8067/5632
f 6840/8083/5645 6834/8084/5646 6828/8082/5643 6832/8079/5642
f 6827/8081/5644 6839/8085/5647 6833/7741/5345 6831/7740/5344
f 6534/8086/5648 6533/7674/5278 6521/7608/5213 6524/7953/5539
f 6835/7854/5454 6841/7664/5268 6848/7747/5351 6840/8083/5645
f 6859/8087/5649 6863/7878/5474 6852/7672/5276 6853/7671/5275
f 6952/8078/5641 6960/8077/5640 6959/8088/5527 6947/8089/5290
f 6854/7613/5218 6858/7803/5403 6862/7806/5406 6851/7614/5219
f 6922/7707/5311 6921/8090/5650 6914/8091/5651 6915/7731/5335
f 6863/7878/5474 6858/7803/5403 6854/7613/5218 6852/7672/5276
f 6851/7614/5219 6862/7806/5406 6861/7846/5446 6850/7662/5266
f 6857/7813/5413 6867/7906/5500 6872/7934/5522 6864/7641/5246
f 6866/8092/5523 6871/7867/5465 6859/8087/5649 6860/8093/5247
f 6871/7867/5465 6865/7866/5464 6863/7878/5474 6859/8087/5649
f 6875/8094/5652 6886/7995/5576 6882/7577/5182 6878/7576/5181
f 6878/7576/5181 6869/7805/5405 6870/7804/5404 6875/8094/5652
f 6873/8095/5653 6867/7906/5500 6868/7849/5449 6874/7575/5180
f 6879/7865/5463 6875/8094/5652 6870/7804/5404 6865/7866/5464
f 6869/7805/5405 6878/7576/5181 6874/7575/5180 6868/7849/5449
f 6883/8096/5252 6888/7948/5535 6876/7864/5462 6877/8097/5253
f 6874/7575/5180 6885/7574/5179 6881/8098/5654 6873/8095/5653
f 6921/8090/5650 6926/7916/5508 6916/8051/5616 6914/8091/5651
f 6456/7931/5519 6455/7930/5338 6448/7578/5183 6444/7581/5186
f 6873/8095/5653 6881/8098/5654 6884/7646/5251 6880/7649/5254
f 6513/7651/5256 6525/7650/5255 6522/7952/5538 6517/7654/5259
f 6891/8099/5655 6889/8100/5656 6881/8098/5654 6885/7574/5179
f 6884/7646/5251 6896/7874/5472 6895/7877/5468 6883/7647/5252
f 6889/8100/5656 6896/7874/5472 6884/7646/5251 6881/8098/5654
f 6883/8096/5252 6895/7870/5468 6894/7873/5471 6888/7948/5535
f 6893/7993/5574 6902/8101/5657 6898/8102/5658 6892/7994/5575
f 6901/8103/5659 6897/8104/5660 6891/8099/5655 6890/8105/5661
f 6913/8052/5617 6925/7919/5511 6924/7660/5264 6920/7535/5140
f 6894/7873/5471 6903/7872/5470 6902/8101/5657 6893/7993/5574
f 6909/7733/5337 6908/7732/5336 6898/8102/5658 6902/8101/5657
f 6901/8103/5659 6906/8106/5662 6905/8054/5619 6897/8104/5660
f 6837/8107/5663 6836/7853/5453 6829/7944/5531 6830/8108/5664
f 6898/8102/5658 6908/7732/5336 6906/8106/5662 6901/8103/5659
f 6731/7758/5362 6738/7757/5361 6737/7550/5155 6730/7553/5158
f 6910/7814/5414 6909/7733/5337 6902/8101/5657 6903/7872/5470
f 6927/7706/5310 6922/7707/5311 6915/7731/5335 6917/7730/5334
f 6887/7949/5536 6886/7995/5576 6875/8094/5652 6879/7865/5463
f 6898/8102/5658 6901/8103/5659 6890/8105/5661 6892/7994/5575
f 6880/7649/5254 6872/7934/5522 6867/7906/5500 6873/8095/5653
f 6918/7777/5379 6928/7776/5378 6927/7706/5310 6917/7730/5334
f 6658/7910/5504 6666/7909/5503 6665/7975/5557 6657/7709/5313
f 6811/8071/5636 6810/8109/5665 6801/7824/5424 6802/7823/5423
f 6425/7556/5161 6433/7555/5160 6437/7566/5171 6431/7938/5525
f 6958/7943/5530 6967/7942/5529 6966/7788/5389 6957/7977/5559
f 6708/7998/5579 6719/8001/5582 6718/8003/5583 6712/8110/5571
f 6646/7565/5170 6654/7564/5169 6653/7970/5552 6645/8072/5637
f 6687/7912/5505 6691/7981/5563 6695/7984/5566 6686/8111/5666
f 6468/7951/5537 6467/7950/5178 6461/7929/5177 6462/7928/5518
f 6419/8112/5667 6427/7561/5166 6426/7557/5162 6418/8113/5668
f 6616/8114/5669 6608/7895/5490 6605/7721/5325 6613/7720/5324
f 6819/8115/5670 6826/7743/5347 6830/8108/5664 6818/8116/5671
f 6724/7997/5578 6723/7694/5298 6720/7636/5241 6715/7635/5240
f 6666/7909/5503 6680/7715/5319 6673/8117/5672 6665/7975/5557
f 6860/8093/5247 6859/8087/5649 6853/7671/5275 6855/8118/5248
f 6500/8119/5673 6499/7627/5232 6489/7630/5235 6490/8120/5674
f 6929/7918/5510 6933/7892/5487 6924/7660/5264 6925/7919/5511
f 6779/7738/5342 6787/7737/5341 6786/7800/5401 6778/7781/5382
f 6519/7778/5380 6527/7816/5416 6526/7815/5415 6518/8040/5612
f 6458/7802/5402 6472/7840/5440 6471/7848/5448 6457/7932/5520
f 6464/7605/5210 6462/7928/5518 6456/7931/5519 6451/7606/5211
f 6798/8121/5675 6794/7822/5422 6787/8122/5341 6788/8123/5340
f 6623/7748/5352 6637/7829/5429 6636/8124/5676 6620/8125/5677
f 6696/8126/5568 6704/7989/5567 6700/7982/5564 6691/7981/5563
f 6826/7743/5347 6838/7742/5346 6837/8107/5663 6830/8108/5664
f 6568/7830/5430 6560/7724/5328 6556/7915/5507 6564/7769/5373
f 6688/7911/5417 6696/8126/5568 6691/7981/5563 6687/7912/5505
f 6970/8127/5678 6969/8128/5679 6964/8129/5680 6965/8130/5681
f 6752/8011/5590 6747/8021/5592 6739/8131/5591 6740/8004/5584
f 6523/7653/5258 6536/7678/5282 6535/7677/5281 6525/7650/5255
f 6504/8132/5190 6500/8119/5673 6490/8120/5674 6496/8133/5426
f 6500/8119/5673 6509/7656/5261 6505/7655/5260 6499/7627/5232
f 6731/7758/5362 6730/7553/5158 6723/7694/5298 6724/7997/5578
f 6597/7789/5390 6608/7895/5490 6607/8134/5682 6600/7790/5391
f 6812/8070/5635 6819/8115/5670 6818/8116/5671 6811/8071/5636
f 6608/7895/5490 6616/8114/5669 6615/8135/5683 6607/8134/5682
f 6537/7862/5460 6544/7622/5227 6534/8086/5648 6529/7863/5461
f 6707/7812/5412 6710/7638/5243 6698/7987/5569 6699/7983/5565
f 6900/8136/5684 6904/7875/5473 6896/7874/5472 6889/8100/5656
f 6568/7830/5430 6567/7833/5433 6555/7725/5329 6560/7724/5328
f 6566/7688/5292 6565/7691/5295 6553/7684/5288 6554/7683/5287
f 6668/7972/5554 6667/7908/5502 6659/7907/5501 6660/7968/5550
f 6803/8069/5634 6802/7823/5423 6794/7822/5422 6798/8121/5675
f 6491/7680/5284 6501/7582/5187 6504/7585/5190 6496/7826/5426
f 6410/8137/5685 6409/7794/5395 6401/7795/5396 6402/8138/5686
f 6489/7630/5235 6495/7629/5234 6486/7894/5489 6481/7893/5488
f 6573/7902/5497 6563/7599/5204 6565/7691/5295 6570/7690/5294
f 6432/7861/5435 6428/7860/5459 6422/8139/5687 6420/8140/5436
f 6797/7667/5271 6806/8060/5625 6805/8059/5624 6796/7668/5272
f 6661/7969/5551 6660/7968/5550 6652/7962/5546 6653/7970/5552
f 6545/7620/5225 6549/7922/5512 6542/7923/5513 6543/7621/5226
f 6953/7955/5541 6964/8129/5680 6968/8006/5586 6960/8077/5640
f 6669/7971/5553 6676/8141/5688 6675/7857/5457 6668/7972/5554
f 6556/7915/5507 6560/7724/5328 6552/7593/5198 6549/7922/5512
f 6600/7790/5391 6599/8142/5300 6585/8143/5303 6590/7791/5392
f 6810/8109/5665 6809/8057/5622 6806/8060/5625 6801/7824/5424
f 6934/7917/5509 6940/8066/5631 6939/8067/5632 6929/7918/5510
f 6681/7772/5376 6683/7773/5377 6679/7819/5419 6673/8117/5672
f 6845/7673/5277 6844/7612/5217 6838/7742/5346 6833/7741/5345
f 6880/7649/5254 6877/7648/5253 6866/7935/5523 6872/7934/5522
f 6821/8065/5630 6827/8081/5644 6831/7740/5344 6820/8075/5638
f 6422/8139/5687 6419/8112/5667 6411/8144/5689 6412/8145/5690
f 6490/8120/5674 6489/7630/5235 6481/7893/5488 6482/8146/5691
f 6403/7765/5369 6402/8138/5686 6394/8147/5692 6395/7766/5370
f 6762/7899/5494 6774/7898/5493 6773/7784/5385 6761/7855/5455
f 6482/8146/5691 6481/7893/5488 6473/7838/5438 6474/8148/5693
f 6907/8053/5618 6913/8052/5617 6920/7535/5140 6912/7534/5139
f 6961/8149/5694 6965/8130/5681 6955/7954/5540 6954/8150/5695
f 6538/7676/5280 6551/7685/5289 6546/8151/5696 6537/7862/5460
f 6571/7768/5372 6576/7831/5431 6568/7830/5430 6564/7769/5373
f 6963/7941/5528 6975/8152/5588 6974/8153/5697 6967/7942/5529
f 6601/7722/5326 6605/7721/5325 6598/7896/5491 6593/7702/5306
f 6620/8125/5677 6636/8124/5676 6635/8154/5698 6619/7752/5356
f 6701/7540/5145 6708/7998/5579 6712/8110/5571 6704/7985/5567
f 6813/8076/5639 6820/8075/5638 6819/8115/5670 6812/8070/5635
f 6590/7791/5392 6585/8143/5303 6581/7959/5297 6583/7958/5544
f 6606/7718/5322 6601/7722/5326 6593/7702/5306 6594/7701/5305
f 6931/7618/5223 6938/7617/5222 6937/7927/5517 6930/8155/5699
f 6667/7908/5502 6674/7712/5316 6680/7715/5319 6666/7909/5503
f 6430/7897/5492 6429/7834/5434 6423/7837/5437 6424/7520/5125
f 6930/8155/5699 6937/7927/5517 6940/8066/5631 6934/7917/5509
f 6544/7622/5227 6543/7621/5226 6533/7674/5278 6534/8086/5648
f 6578/7883/5479 6587/7700/5304 6586/7703/5307 6577/7884/5480
f 6401/7795/5396 6408/7759/5363 6400/7762/5366 6393/8156/5700
f 6582/7850/5450 6584/7852/5452 6576/7831/5431 6571/7768/5372
f 6543/7621/5226 6542/7923/5513 6532/7675/5279 6533/7674/5278
f 6421/7519/5124 6431/7938/5525 6430/7897/5492 6424/7520/5125
f 6442/7526/5131 6441/7529/5134 6438/7554/5159 6434/7559/5164
f 6398/7887/5483 6406/7886/5482 6405/7905/5128 6397/8157/5127
f 6967/7942/5529 6974/8153/5697 6973/7785/5386 6966/7788/5389
f 6534/8086/5648 6524/7953/5539 6522/7952/5538 6529/7863/5461
f 6679/7819/5419 6678/7818/5418 6672/8158/5555 6671/7976/5558
f 6656/7711/5315 6664/7710/5314 6663/8159/5420 6655/7965/5168
f 6922/7707/5311 6931/7618/5223 6930/8155/5699 6921/8090/5650
f 6921/8090/5650 6930/8155/5699 6934/7917/5509 6926/7916/5508
f 6561/7770/5374 6557/7681/5285 6558/7597/5202 6562/7596/5201
f 6971/8160/5701 6970/8127/5678 6965/8130/5681 6961/8149/5694
f 6897/8104/5660 6900/8136/5684 6889/8100/5656 6891/8099/5655
f 6817/7947/5534 6823/7946/5533 6809/8057/5622 6810/8109/5665
f 6890/8105/5661 6891/8099/5655 6885/7574/5179 6882/7577/5182
f 6632/8161/5702 6633/7530/5135 6617/7533/5138 6622/7924/5514
f 6614/7717/5321 6640/7888/5484 6628/7745/5349 6609/7723/5327
f 6738/7757/5361 6746/7869/5467 6745/7901/5496 6737/7550/5155
f 6937/7927/5517 6945/7926/5516 6949/7957/5543 6940/8066/5631
f 6680/7715/5319 6684/7714/5318 6681/7772/5376 6673/8117/5672
f 6914/8091/5651 6916/8051/5616 6905/8054/5619 6906/8106/5662
f 6960/8077/5640 6968/8006/5586 6963/8009/5528 6959/8088/5527
f 6677/7913/5506 6676/8141/5688 6669/7971/5553 6670/7974/5556
f 6749/8162/5703 6748/8010/5589 6741/7771/5375 6742/7551/5156
f 6779/7738/5342 6778/7781/5382 6773/7784/5385 6774/7898/5493
f 6466/7570/5175 6474/8148/5693 6473/7838/5438 6465/7590/5195
f 6469/7845/5445 6468/7951/5537 6462/7928/5518 6464/7605/5210
f 6423/7837/5437 6420/7836/5436 6413/7904/5499 6414/7903/5498
f 6471/7848/5448 6470/7844/5444 6463/7604/5209 6457/7932/5520
f 6888/7948/5535 6894/7873/5471 6893/7993/5574 6887/7949/5536
f 6750/7868/5466 6756/7796/5397 6758/7799/5400 6746/7869/5467
f 6625/7727/5331 6626/7754/5358 6610/7716/5320 6611/7728/5332
f 6846/7670/5274 6845/7673/5277 6833/7741/5345 6839/8085/5647
f 6479/7847/5447 6485/7827/5427 6484/7623/5228 6478/8163/5704
f 6512/7640/5245 6519/7778/5380 6518/8040/5612 6511/7583/5188
f 6478/8163/5704 6484/7623/5228 6488/7626/5231 6477/8164/5705
f 6618/7753/5357 6622/7924/5514 6640/7888/5484 6626/7754/5358
f 6770/7843/5443 6780/7739/5343 6779/7738/5342 6774/7898/5493
f 6405/7523/5128 6413/8165/5499 6412/8145/5690 6404/7524/5129
f 6678/7914/5418 6677/7913/5506 6670/7974/5556 6672/7973/5555
f 6962/7787/5388 6961/8149/5694 6954/8150/5695 6956/7978/5560
f 6965/8130/5681 6964/8129/5680 6953/7955/5541 6955/7954/5540
f 6828/8080/5643 6834/8166/5646 6839/8085/5647 6827/8081/5644
f 6758/7799/5400 6763/7798/5399 6762/7899/5494 6755/7900/5495
f 6433/7555/5160 6447/7961/5545 6446/7567/5172 6437/7566/5171
f 6911/8167/5142 6910/7814/5414 6903/7872/5470 6899/7871/5469
f 6631/7749/5353 6627/7726/5330 6612/8168/5333 6615/8135/5683
f 6966/7788/5389 6962/7787/5388 6956/7978/5560 6957/7977/5559
f 6900/8136/5684 6907/8053/5618 6912/7534/5139 6904/7875/5473
f 6598/7896/5491 6592/7851/5451 6586/7703/5307 6593/7702/5306
f 6700/7982/5564 6711/7809/5409 6707/7812/5412 6699/7983/5565
f 6745/7901/5496 6749/8162/5703 6742/7551/5156 6737/7550/5155
f 6849/7663/5267 6856/7644/5249 6848/7747/5351 6841/7664/5268
f 6793/7825/5425 6801/7824/5424 6806/8060/5625 6797/7667/5271
f 6732/7879/5475 6739/8012/5591 6744/8005/5585 6736/7880/5476
f 6807/8056/5621 6803/8069/5634 6798/8121/5675 6799/8049/5615
f 6451/7606/5211 6456/7931/5519 6444/7581/5186 6445/7568/5173
f 6532/7675/5279 6531/7807/5407 6527/7816/5416 6528/7609/5214
f 6956/7978/5560 6954/8150/5695 6945/7926/5516 6950/7925/5515
f 6787/8122/5341 6794/7822/5422 6793/7825/5425 6786/7936/5401
f 6402/8138/5686 6401/7795/5396 6393/8156/5700 6394/8147/5692
f 6416/7518/5123 6415/7521/5126 6407/7760/5364 6408/7759/5363
f 6557/7681/5285 6556/7915/5507 6549/7922/5512 6545/7620/5225
f 6714/7999/5580 6722/7695/5299 6721/7542/5147 6713/8000/5581
f 6942/7589/5194 6941/7588/5193 6935/7616/5221 6936/8015/5594
f 6585/7699/5303 6589/7698/5302 6580/7692/5296 6581/7693/5297
f 6540/7595/5200 6548/7594/5199 6547/7921/5286 6539/8169/5283
f 6623/7748/5352 6620/8125/5677 6627/7726/5330 6631/7749/5353
f 6694/7988/5570 6690/7937/5524 6682/7713/5317 6685/7858/5458
f 6676/8141/5688 6686/8111/5666 6685/7858/5458 6675/7857/5457
f 6410/8137/5685 6418/8113/5668 6417/7939/5526 6409/7794/5395
f 6483/8170/5153 6482/8146/5691 6474/8148/5693 6475/8171/5154
f 6695/7984/5566 6694/7988/5570 6685/7858/5458 6686/8111/5666
f 6436/7569/5174 6445/7568/5173 6444/7581/5186 6440/7580/5185
f 6611/7728/5332 6610/7716/5320 6602/7719/5323 6603/7705/5309
f 6804/8061/5626 6808/8055/5620 6795/8044/5614 6800/8043/5613
f 6576/7831/5431 6584/7852/5452 6583/7958/5544 6575/7832/5432
f 6569/7885/5481 6572/7767/5371 6561/7770/5374 6562/7596/5201
f 6567/7833/5433 6575/7832/5432 6574/7960/5293 6566/8172/5292
f 6539/8169/5283 6536/8173/5282 6530/7808/5408 6540/7595/5200
f 6542/7923/5513 6541/7592/5197 6531/7807/5407 6532/7675/5279
f 6915/7731/5335 6914/8091/5651 6906/8106/5662 6908/7732/5336
f 6911/8167/5142 6919/7774/5141 6918/7777/5379 6910/7814/5414
f 6954/8150/5695 6955/7954/5540 6949/7957/5543 6945/7926/5516
f 6567/7833/5433 6566/8172/5292 6554/7920/5287 6555/7725/5329
f 6477/8164/5705 6488/7626/5231 6487/7547/5152 6476/7546/5151
f 6687/7912/5505 6686/8111/5666 6676/8141/5688 6677/7913/5506
f 6525/7650/5255 6535/7677/5281 6529/7863/5461 6522/7952/5538
f 6536/8173/5282 6523/8041/5258 6526/7815/5415 6530/7808/5408
f 6799/8049/5615 6798/8121/5675 6788/8123/5340 6791/8050/5611
f 6698/7987/5569 6697/7979/5561 6690/7937/5524 6694/7988/5570
f 6847/8174/5350 6855/8118/5248 6853/7671/5275 6846/7670/5274
f 6412/8145/5690 6411/8144/5689 6403/7765/5369 6404/7524/5129
f 6596/7697/5301 6595/7780/5381 6588/7763/5367 6589/7698/5302
f 6411/8144/5689 6419/8112/5667 6418/8113/5668 6410/8137/5685
f 6420/8140/5436 6422/8139/5687 6412/8145/5690 6413/8165/5499
f 6808/8055/5620 6815/8063/5628 6813/8076/5639 6807/8056/5621
f 6496/8133/5426 6490/8120/5674 6482/8146/5691 6483/8170/5153
f 6467/7573/5178 6475/8171/5154 6474/8148/5693 6466/7570/5175
f 6897/8104/5660 6905/8054/5619 6907/8053/5618 6900/8136/5684
f 6477/8164/5705 6476/7546/5151 6468/7951/5537 6469/7845/5445
f 6740/8004/5584 6739/8131/5591 6732/8175/5475 6733/7544/5149
f 6495/7629/5234 6494/7632/5237 6485/7827/5427 6486/7894/5489
f 6428/7860/5459 6427/7561/5166 6419/8112/5667 6422/8139/5687
f 6425/7556/5161 6417/7939/5526 6418/8113/5668 6426/7557/5162
f 6616/8114/5669 6630/7750/5354 6631/7749/5353 6615/8135/5683
f 6728/7545/5150 6733/7544/5149 6732/8175/5475 6727/8002/5478
f 6703/7980/5562 6702/7539/5144 6689/7538/5143 6693/7793/5394
f 6479/7847/5447 6478/8163/5704 6470/7844/5444 6471/7848/5448
f 6877/8097/5253 6876/7864/5462 6871/7867/5465 6866/8092/5523
f 6486/7894/5489 6485/7827/5427 6479/7847/5447 6480/7839/5439
f 6457/7932/5520 6463/7604/5209 6452/7607/5212 6449/7933/5521
f 6459/7591/5196 6465/7590/5195 6472/7840/5440 6458/7802/5402
f 6504/8132/5190 6510/7659/5189 6509/7656/5261 6500/8119/5673
f 6511/7583/5188 6518/8040/5612 6514/8042/5257 6510/7584/5189
f 6775/7841/5441 6770/7843/5443 6763/7798/5399 6764/7797/5398
f 6755/7900/5495 6754/8030/5605 6749/8162/5703 6745/7901/5496
f 6551/7685/5289 6553/7684/5288 6559/7598/5203 6546/8151/5696
f 6452/7607/5212 6451/7606/5211 6445/7568/5173 6446/7567/5172
f 6683/7773/5377 6692/7541/5146 6696/7986/5568 6688/7817/5417
f 6619/7752/5356 6635/8154/5698 6634/8176/5706 6618/7753/5357
f 6443/7558/5163 6454/7735/5339 6450/7527/5132 6442/7526/5131
f 6528/7609/5214 6527/7816/5416 6519/7778/5380 6520/7610/5215
f 6634/8176/5706 6632/8161/5702 6622/7924/5514 6618/7753/5357
f 6958/7943/5530 6957/7977/5559 6946/7587/5192 6951/7586/5191
f 6796/7668/5272 6805/8059/5624 6804/8177/5626 6800/8047/5613
f 6579/7764/5368 6578/7883/5479 6569/7885/5481 6573/7902/5497
f 6639/7531/5136 6638/7828/5428 6624/7751/5355 6621/7532/5137
f 6807/8056/5621 6813/8076/5639 6812/8070/5635 6803/8069/5634
f 6851/7614/5219 6850/7662/5266 6842/7665/5269 6843/7615/5220
f 6840/8083/5645 6848/7747/5351 6847/7746/5350 6834/8084/5646
f 6735/7755/5359 6731/7758/5362 6724/7997/5578 6725/7996/5577
f 6435/7560/5165 6434/7559/5164 6427/7561/5166 6428/7860/5459
f 6591/7792/5393 6590/7791/5392 6583/7958/5544 6584/7852/5452
f 6939/8067/5632 6944/7889/5485 6933/7892/5487 6929/7918/5510
f 6820/8075/5638 6831/7740/5344 6826/7743/5347 6819/8115/5670
f 6844/7612/5217 6843/7615/5220 6837/8107/5663 6838/7742/5346
f 6407/7760/5364 6415/7521/5126 6414/7903/5498 6406/7886/5482
f 6791/8039/5611 6788/7736/5340 6780/7739/5343 6781/7842/5442
f 6932/8178/5486 6936/8015/5594 6928/7776/5378 6923/7775/5265
f 6624/7751/5355 6630/7750/5354 6629/7744/5348 6621/7532/5137
f 6671/7976/5558 6672/8158/5555 6663/8159/5420 6664/7710/5314
f 6559/7598/5203 6558/7597/5202 6550/7619/5224 6546/8151/5696
f 6947/7686/5290 6959/7940/5527 6958/7943/5530 6951/7586/5191
f 6952/8078/5641 6947/8089/5290 6943/7890/5291 6944/7889/5485
f 6630/7750/5354 6616/8114/5669 6613/7720/5324 6629/7744/5348
f 6836/7853/5453 6835/7854/5454 6825/7945/5532 6829/7944/5531
f 6847/8174/5350 6846/7670/5274 6839/8085/5647 6834/8166/5646
f 6650/7601/5206 6649/7708/5312 6641/7967/5549 6642/7602/5207
f 6524/7953/5539 6521/7608/5213 6515/7611/5216 6516/7657/5262
f 6670/7974/5556 6669/7971/5553 6661/7969/5551 6662/7821/5421
f 6926/7916/5508 6925/7919/5511 6913/8052/5617 6916/8051/5616
f 6449/7933/5521 6452/7607/5212 6446/7567/5172 6447/7961/5545
f 6892/7994/5575 6890/8105/5661 6882/7577/5182 6886/7995/5576
f 6478/8163/5704 6477/8164/5705 6469/7845/5445 6470/7844/5444
f 6411/8144/5689 6410/8137/5685 6402/8138/5686 6403/7765/5369
f 6976/8007/5587 6968/8006/5586 6964/8129/5680 6969/8128/5679
f 6712/7990/5571 6718/8179/5583 6717/7810/5410 6711/7809/5409
f 6706/7637/5242 6705/7991/5572 6703/7980/5562 6697/7979/5561
f 6727/7882/5478 6726/7881/5477 6717/7810/5410 6718/8179/5583
f 6755/7900/5495 6762/7899/5494 6761/7855/5455 6754/8030/5605
f 6492/7625/5230 6502/7634/5239 6501/7582/5187 6491/7680/5284
f 6837/8107/5663 6843/7615/5220 6842/7665/5269 6836/7853/5453
f 6615/8135/5683 6612/8168/5333 6604/8180/5308 6607/8134/5682
f 6612/7729/5333 6611/7728/5332 6603/7705/5309 6604/7704/5308
f 6606/7718/5322 6614/7717/5321 6609/7723/5327 6601/7722/5326
f 6943/7687/5291 6942/7589/5194 6936/8015/5594 6932/8178/5486
f 6972/7786/5387 6971/8160/5701 6961/8149/5694 6962/7787/5388
f 6912/7534/5139 6911/7537/5142 6899/7876/5469 6904/7875/5473
f 6818/8116/5671 6817/7947/5534 6810/8109/5665 6811/8071/5636
f 6515/7611/5216 6520/7610/5215 6506/7639/5244 6507/7645/5250
f 6431/7938/5525 6437/7566/5171 6436/7569/5174 6430/7897/5492
f 6816/8058/5623 6814/8074/5627 6804/8177/5626 6805/8059/5624
f 6620/8125/5677 6619/7752/5356 6625/7727/5331 6627/7726/5330
f 6754/8030/5605 6753/8016/5595 6748/8010/5589 6749/8162/5703
f 6600/7790/5391 6607/8134/5682 6604/8180/5308 6599/8142/5300
f 6629/7744/5348 6613/7720/5324 6609/7723/5327 6628/7745/5349
f 6539/7679/5283 6547/7682/5286 6551/7685/5289 6538/7676/5280
f 6673/8117/5672 6679/7819/5419 6671/7976/5558 6665/7975/5557
f 6830/8108/5664 6829/7944/5531 6817/7947/5534 6818/8116/5671
f 6546/8151/5696 6550/7619/5224 6544/7622/5227 6537/7862/5460
f 6409/7794/5395 6417/7939/5526 6421/7519/5124 6416/7518/5123
