# Blender 5.2.0 LTS
# www.blender.org
mtllib wrist_pitch_0112.mtl
o tool_wrist
v 0.002781 0.208219 -0.008324
v 0.002051 0.208219 -0.008324
v 0.002780 0.208219 -0.038370
v 0.002416 0.207943 -0.038806
v 0.002051 0.208219 -0.038370
v -0.000627 0.206672 -0.008324
v -0.000992 0.206041 -0.008324
v -0.000627 0.206672 -0.038370
v -0.000571 0.206219 -0.038806
v -0.000992 0.206041 -0.038370
v -0.000992 0.202948 -0.008324
v -0.000627 0.202317 -0.008324
v -0.000992 0.202948 -0.038370
v -0.000571 0.202770 -0.038806
v -0.000627 0.202317 -0.038370
v 0.002051 0.200770 -0.008324
v 0.002781 0.200770 -0.008324
v 0.002051 0.200770 -0.038370
v 0.002416 0.201046 -0.038806
v 0.002780 0.200770 -0.038370
v 0.005459 0.202317 -0.008324
v 0.005824 0.202948 -0.008324
v 0.005459 0.202317 -0.038370
v 0.005402 0.202770 -0.038806
v 0.005823 0.202948 -0.038370
v 0.005824 0.206041 -0.008324
v 0.005459 0.206672 -0.008324
v 0.005823 0.206041 -0.038370
v 0.005402 0.206219 -0.038806
v 0.005459 0.206672 -0.038370
v 0.002416 0.207482 -0.038972
v -0.000171 0.205988 -0.038972
v -0.000171 0.203001 -0.038972
v 0.002416 0.201507 -0.038972
v 0.005003 0.203001 -0.038972
v 0.005003 0.205988 -0.038972
v -0.002967 0.208219 0.008316
v -0.002238 0.208219 0.008316
v -0.002967 0.208219 0.038361
v -0.002602 0.207943 0.038797
v -0.002238 0.208219 0.038361
v 0.000441 0.206672 0.008316
v 0.000805 0.206041 0.008316
v 0.000441 0.206672 0.038361
v 0.000384 0.206219 0.038797
v 0.000805 0.206041 0.038361
v 0.000805 0.202948 0.008316
v 0.000441 0.202317 0.008316
v 0.000805 0.202948 0.038361
v 0.000384 0.202770 0.038797
v 0.000441 0.202317 0.038361
v -0.002238 0.200770 0.008316
v -0.002967 0.200770 0.008316
v -0.002238 0.200770 0.038361
v -0.002602 0.201046 0.038797
v -0.002967 0.200770 0.038361
v -0.005645 0.202317 0.008316
v -0.006010 0.202948 0.008316
v -0.005645 0.202317 0.038361
v -0.005589 0.202770 0.038797
v -0.006010 0.202948 0.038361
v -0.006010 0.206041 0.008316
v -0.005645 0.206672 0.008316
v -0.006010 0.206041 0.038361
v -0.005589 0.206219 0.038797
v -0.005645 0.206672 0.038361
v -0.002602 0.207482 0.038964
v -0.000015 0.205988 0.038964
v -0.000015 0.203001 0.038964
v -0.002602 0.201507 0.038964
v -0.005189 0.203001 0.038964
v -0.005189 0.205988 0.038964
v -0.000000 0.137173 -0.041733
v 0.004288 0.136321 -0.041487
v 0.007923 0.133892 -0.040935
v 0.010352 0.130257 -0.040427
v 0.011205 0.125969 -0.040244
v 0.010352 0.121681 -0.040427
v 0.007923 0.118046 -0.040935
v 0.004288 0.115617 -0.041487
v -0.000000 0.114764 -0.041733
v -0.004288 0.115617 -0.041508
v -0.007923 0.118046 -0.040924
v -0.010352 0.121681 -0.040430
v -0.011205 0.125969 -0.040173
v -0.010352 0.130257 -0.040430
v -0.007923 0.133892 -0.040924
v -0.004288 0.136321 -0.041508
v 0.002319 0.201584 0.000000
v -0.002319 0.201584 0.000000
v -0.005258 0.203362 -0.003160
v -0.005228 0.205818 -0.003160
v -0.003162 0.207284 -0.004569
v -0.001197 0.207272 -0.004671
v -0.011106 0.209733 0.000928
v -0.010413 0.212610 0.000484
v -0.010413 0.216767 0.000000
v -0.010413 0.217544 -0.004905
v -0.010413 0.237545 -0.015096
v -0.010412 0.245481 -0.009330
v -0.010412 0.247736 -0.004905
v -0.010413 0.227735 -0.015096
v -0.010413 0.223310 -0.012841
v -0.010413 0.219798 -0.009330
v -0.014697 0.206792 0.001275
v -0.010412 0.248513 0.000000
v -0.010412 0.241970 -0.012841
v -0.010413 0.232640 -0.015873
v -0.010397 0.255635 -0.004682
v -0.010397 0.254310 -0.009053
v -0.010397 0.252187 -0.013125
v -0.010397 0.249245 -0.016688
v -0.010388 0.245760 -0.019654
v -0.010397 0.241660 -0.021779
v -0.010397 0.237289 -0.023238
v -0.010412 0.253541 -0.008814
v -0.010412 0.251539 -0.012761
v -0.010412 0.255302 0.000000
v -0.010412 0.254810 -0.004627
v -0.010413 0.237195 -0.022663
v -0.010413 0.245379 -0.019117
v -0.010413 0.241382 -0.021126
v -0.010412 0.248676 -0.016207
v -0.010397 0.256114 0.000000
v -0.015318 0.206036 0.001268
v -0.013446 0.207237 0.001223
v 0.005063 0.260494 0.000000
v 0.002531 0.257925 0.000000
v 0.009626 0.258961 0.000000
v 0.004588 0.259042 0.000000
v 0.003504 0.258121 0.000000
v -0.000000 0.257925 0.000000
v -0.012653 0.205974 -0.004514
v -0.011087 0.206667 -0.008304
v -0.010414 0.209416 -0.008899
v -0.010413 0.214969 -0.006939
v -0.011131 0.206036 -0.009277
v -0.010268 0.209161 -0.009973
v -0.013025 0.204975 -0.004765
v -0.010413 0.210249 -0.008605
v -0.015766 0.174831 -0.008340
v -0.019033 0.174465 -0.000298
v -0.011723 0.176446 -0.018504
v -0.008327 0.180671 -0.025419
v -0.005783 0.188200 -0.029148
v -0.004548 0.197051 -0.028973
v -0.008953 0.213323 -0.011325
v -0.009945 0.213770 -0.008580
v -0.016816 0.173286 -0.006340
v -0.017311 0.171254 -0.005862
v -0.008595 0.179554 -0.026828
v -0.006589 0.187794 -0.030971
v -0.012548 0.175196 -0.019229
v -0.016359 0.173664 -0.009834
v -0.030334 0.175643 -0.028222
v -0.013205 0.193565 -0.035325
v -0.017338 0.191834 -0.037318
v -0.017176 0.191681 -0.037913
v -0.016798 0.192814 -0.037541
v -0.016964 0.192374 -0.037839
v -0.017099 0.192439 -0.037473
v -0.013371 0.194242 -0.036621
v -0.014710 0.193000 -0.038586
v -0.014687 0.192780 -0.038998
v -0.014577 0.192103 -0.039151
v -0.013534 0.194017 -0.035952
v -0.028055 0.177923 -0.030923
v -0.030324 0.176331 -0.028229
v -0.032250 0.174062 -0.021546
v -0.017383 0.172528 -0.007639
v -0.030153 0.176960 -0.028009
v -0.032122 0.174735 -0.021504
v -0.027937 0.178426 -0.030601
v -0.019256 0.171173 -0.001196
v -0.010548 0.208866 -0.008780
v -0.015514 0.169148 -0.005655
v -0.017521 0.169149 0.000000
v -0.017610 0.171158 -0.007294
v -0.006038 0.197330 -0.031236
v -0.006531 0.206995 -0.026605
v -0.010631 0.198102 -0.034050
v -0.010915 0.198383 -0.034832
v -0.010097 0.203999 -0.031839
v -0.010414 0.204249 -0.032547
v -0.010077 0.208632 -0.028490
v -0.010416 0.208905 -0.029258
v -0.010028 0.211485 -0.024897
v -0.010417 0.212303 -0.025136
v -0.009989 0.213537 -0.020604
v -0.010416 0.214368 -0.020798
v -0.009921 0.214634 -0.016119
v -0.010415 0.215439 -0.016240
v -0.009949 0.214861 -0.011164
v -0.010413 0.215797 -0.011103
v -0.010183 0.214819 -0.008567
v -0.010413 0.216279 -0.007171
v -0.010413 0.215799 -0.008514
v -0.032254 0.172683 -0.016200
v -0.031910 0.173374 -0.016071
v -0.032075 0.172143 -0.013976
v -0.032112 0.170907 -0.013631
v -0.032225 0.171749 -0.014497
v -0.032219 0.170757 -0.014365
v -0.015859 0.169144 -0.008728
v -0.030607 0.169175 -0.014481
v -0.032227 0.170797 -0.016752
v -0.031626 0.168491 -0.025294
v -0.029653 0.160821 -0.028818
v -0.030874 0.167375 -0.024198
v -0.030010 0.167498 -0.023485
v -0.031430 0.169450 -0.016691
v -0.030222 0.169149 -0.016495
v -0.031675 0.175304 -0.025210
v -0.031504 0.175896 -0.025034
v -0.027981 0.177165 -0.031012
v -0.029651 0.155933 -0.028766
v -0.027981 0.156202 -0.031012
v -0.010413 0.214025 -0.007272
v -0.009421 0.214602 -0.011233
v -0.006517 0.211265 -0.018434
v -0.007466 0.212635 -0.019600
v -0.005755 0.206187 -0.024549
v -0.010823 0.198524 -0.035556
v -0.010414 0.204610 -0.033169
v -0.010415 0.209509 -0.029680
v -0.010416 0.212939 -0.025528
v -0.010416 0.215179 -0.020803
v -0.010415 0.216211 -0.016151
v -0.010414 0.216782 -0.010982
v -0.010413 0.216784 -0.008397
v -0.000000 0.169149 0.000000
v -0.013417 0.169145 -0.006422
v -0.014054 0.169144 -0.009457
v -0.029634 0.169149 -0.015257
v -0.015474 0.169149 0.000000
v -0.000000 0.167725 -0.023165
v 0.000451 0.146393 -0.041756
v 0.005890 0.146392 -0.041360
v 0.011174 0.191599 -0.040254
v -0.004390 0.137882 -0.041502
v 0.006089 0.191659 -0.041318
v 0.000708 0.191688 -0.041770
v -0.004409 0.191671 -0.041542
v -0.009665 0.191802 -0.040643
v -0.014544 0.191469 -0.039165
v -0.014535 0.153997 -0.039165
v -0.014532 0.137882 -0.039168
v 0.011178 0.147035 -0.040254
v -0.004390 0.168744 -0.041502
v -0.004390 0.154903 -0.041502
v -0.004390 0.175097 -0.041502
v -0.009659 0.154903 -0.040639
v 0.001394 0.164605 -0.041717
v 0.004589 0.161633 -0.041463
v 0.001352 0.168093 -0.041721
v -0.009659 0.137882 -0.040639
v -0.005837 0.176690 -0.041276
v -0.005837 0.156439 -0.041265
v -0.007634 0.156439 -0.040971
v -0.007634 0.176690 -0.040981
v 0.006625 0.174506 -0.041206
v 0.000222 0.164610 -0.041744
v 0.001352 0.165056 -0.041721
v -0.001519 0.171088 -0.041653
v -0.002254 0.159814 -0.041614
v -0.001391 0.158219 -0.041660
v 0.005149 0.157657 -0.041419
v 0.006057 0.158984 -0.041325
v 0.006580 0.160304 -0.041215
v 0.006744 0.161122 -0.041181
v 0.004692 0.165538 -0.041455
v 0.004947 0.161122 -0.041435
v 0.004647 0.160317 -0.041459
v 0.004044 0.159356 -0.041507
v 0.007373 0.161633 -0.041050
v -0.000097 0.156942 -0.041728
v 0.001257 0.156439 -0.041728
v 0.002941 0.156465 -0.041594
v -0.001749 0.165506 -0.041641
v -0.002542 0.163365 -0.041599
v -0.002583 0.161633 -0.041597
v 0.001352 0.167642 -0.041721
v 0.003313 0.167642 -0.041565
v -0.000354 0.167045 -0.041714
v 0.005774 0.170227 -0.041369
v 0.005058 0.168614 -0.041426
v 0.005774 0.171519 -0.041369
v 0.002689 0.174105 -0.041614
v 0.004706 0.173485 -0.041454
v -0.000811 0.172906 -0.041690
v 0.000724 0.174105 -0.041771
v -0.002600 0.173886 -0.041596
v -0.003440 0.171088 -0.041552
v 0.000724 0.176690 -0.041771
v 0.002896 0.176690 -0.041598
v 0.004618 0.176140 -0.041461
v 0.007643 0.169796 -0.040993
v 0.007643 0.171950 -0.040993
v 0.006085 0.166565 -0.041319
v 0.007152 0.168365 -0.041096
v 0.001379 0.158936 -0.041719
v 0.000310 0.159541 -0.041749
v -0.000445 0.163764 -0.041709
v -0.000744 0.162706 -0.041694
v -0.000744 0.161633 -0.041694
v -0.000397 0.160412 -0.041712
v 0.004163 0.156873 -0.041497
v -0.001191 0.170592 -0.041670
v -0.004098 0.170667 -0.041518
v 0.000724 0.177183 -0.041771
v 0.002898 0.177183 -0.041598
v 0.003320 0.164574 -0.041564
v 0.001222 0.156015 -0.041731
v 0.002976 0.156024 -0.041592
v 0.000724 0.173640 -0.041771
v -0.003006 0.163365 -0.041575
v -0.003047 0.161633 -0.041573
v 0.005310 0.170227 -0.041406
v 0.005310 0.171519 -0.041406
v 0.008161 0.169796 -0.040885
v 0.008161 0.171950 -0.040885
v -0.000313 0.162706 -0.041716
v -0.000292 0.161633 -0.041717
v 0.003313 0.168093 -0.041565
v 0.001372 0.159443 -0.041719
v -0.003017 0.174213 -0.041574
v 0.006953 0.174834 -0.041137
v 0.004441 0.173066 -0.041475
v -0.000500 0.172604 -0.041706
v 0.004692 0.168872 -0.041455
v -0.002197 0.165772 -0.041617
v -0.000602 0.167412 -0.041701
v 0.000530 0.164270 -0.041760
v -0.000054 0.163528 -0.041730
v 0.000587 0.159949 -0.041763
v -0.000020 0.160683 -0.041732
v 0.004302 0.160539 -0.041486
v 0.003749 0.159694 -0.041530
v 0.006516 0.158686 -0.041229
v 0.007155 0.160185 -0.041095
v 0.005503 0.157302 -0.041390
v 0.004394 0.156465 -0.041479
v -0.002685 0.159625 -0.041592
v -0.001810 0.157915 -0.041638
v -0.000368 0.156545 -0.041713
v 0.004982 0.165124 -0.041432
v 0.006457 0.166275 -0.041241
v 0.007651 0.168365 -0.040991
v 0.004833 0.176607 -0.041444
v -0.001250 0.176470 -0.041667
v -0.005367 0.177193 -0.041356
v -0.005367 0.155935 -0.041342
v -0.008103 0.155935 -0.040894
v -0.008103 0.177193 -0.040907
v 0.002692 0.173714 -0.041614
v 0.003321 0.165040 -0.041564
v -0.001070 0.175973 -0.041676
v 0.002988 0.159328 -0.041591
v 0.002995 0.158838 -0.041590
v -0.006734 0.154837 -0.041118
v -0.004980 0.154488 -0.041406
v -0.003492 0.153494 -0.041545
v -0.002499 0.152007 -0.041592
v -0.002150 0.150252 -0.041608
v -0.002499 0.148498 -0.041588
v -0.003492 0.147011 -0.041535
v -0.004980 0.146017 -0.041391
v -0.006734 0.145668 -0.041106
v -0.008488 0.146017 -0.040826
v -0.009975 0.147011 -0.040544
v -0.010969 0.148498 -0.040244
v -0.011318 0.150252 -0.040138
v -0.010969 0.152007 -0.040244
v -0.009975 0.153494 -0.040544
v -0.008488 0.154488 -0.040831
v -0.006734 0.154351 -0.041118
v -0.005166 0.154039 -0.041375
v -0.003836 0.153150 -0.041526
v -0.002947 0.151821 -0.041568
v -0.002636 0.150252 -0.041580
v -0.002947 0.148684 -0.041562
v -0.003836 0.147354 -0.041515
v -0.005166 0.146466 -0.041359
v -0.006734 0.146154 -0.041106
v -0.008302 0.146466 -0.040856
v -0.009650 0.147359 -0.040641
v -0.010520 0.148684 -0.040379
v -0.010832 0.150252 -0.040285
v -0.010520 0.151821 -0.040379
v -0.009650 0.153146 -0.040641
v -0.008302 0.154039 -0.040861
v -0.005837 0.168744 -0.041265
v -0.005367 0.168744 -0.041342
v 0.000724 0.174105 -0.039702
v 0.005058 0.168614 -0.039357
v -0.005837 0.176690 -0.039207
v -0.005837 0.156439 -0.039196
v -0.007634 0.156439 -0.038902
v -0.007634 0.176690 -0.038912
v 0.006625 0.174506 -0.039137
v 0.000222 0.164610 -0.039675
v 0.001352 0.165056 -0.039652
v -0.001519 0.171088 -0.039584
v -0.002254 0.159814 -0.039545
v -0.001391 0.158219 -0.039591
v 0.005149 0.157657 -0.039350
v 0.006057 0.158984 -0.039256
v 0.006580 0.160304 -0.039147
v 0.006744 0.161122 -0.039112
v 0.004692 0.165538 -0.039386
v 0.004947 0.161122 -0.039366
v 0.004647 0.160317 -0.039390
v 0.004044 0.159356 -0.039438
v -0.000097 0.156942 -0.039659
v 0.001257 0.156439 -0.039659
v 0.002941 0.156465 -0.039525
v -0.001749 0.165506 -0.039572
v -0.002542 0.163365 -0.039530
v -0.002583 0.161633 -0.039528
v 0.001352 0.167642 -0.039652
v 0.003313 0.167642 -0.039496
v -0.000354 0.167045 -0.039645
v 0.005774 0.170227 -0.039300
v 0.005774 0.171519 -0.039300
v 0.002689 0.174105 -0.039546
v 0.004706 0.173485 -0.039385
v -0.000811 0.172906 -0.039621
v -0.002600 0.173886 -0.039527
v -0.003440 0.171088 -0.039483
v 0.000724 0.176690 -0.039702
v 0.002896 0.176690 -0.039529
v 0.004618 0.176140 -0.039392
v 0.007643 0.169796 -0.038924
v 0.007643 0.171950 -0.038924
v 0.006085 0.166565 -0.039250
v 0.007152 0.168365 -0.039027
v 0.001379 0.158936 -0.039650
v 0.000310 0.159541 -0.039680
v -0.000445 0.163764 -0.039640
v -0.000744 0.162706 -0.039625
v -0.000744 0.161633 -0.039625
v -0.000397 0.160412 -0.039643
v 0.004163 0.156873 -0.039428
v 0.003321 0.165040 -0.039495
v -0.001070 0.175973 -0.039608
v 0.002995 0.158838 -0.039521
v -0.006734 0.154351 -0.039049
v -0.005166 0.154039 -0.039306
v -0.003836 0.153150 -0.039457
v -0.002947 0.151821 -0.039499
v -0.002636 0.150252 -0.039511
v -0.002947 0.148684 -0.039493
v -0.003836 0.147354 -0.039446
v -0.005166 0.146466 -0.039290
v -0.006734 0.146154 -0.039037
v -0.008302 0.146466 -0.038787
v -0.009650 0.147359 -0.038572
v -0.010520 0.148684 -0.038310
v -0.010832 0.150252 -0.038216
v -0.010520 0.151821 -0.038310
v -0.009650 0.153146 -0.038572
v -0.008302 0.154039 -0.038793
v -0.005837 0.168744 -0.039196
v 0.004947 0.161122 -0.040884
v 0.001379 0.158936 -0.041168
v 0.000310 0.159541 -0.041199
v -0.001749 0.165506 -0.041090
v -0.002542 0.163365 -0.041049
v -0.002583 0.161633 -0.041047
v -0.002254 0.159814 -0.041064
v 0.001352 0.167642 -0.041170
v -0.000354 0.167045 -0.041164
v -0.001519 0.171088 -0.041103
v -0.000811 0.172906 -0.041140
v -0.001070 0.175973 -0.041126
v -0.002600 0.173886 -0.041046
v 0.006744 0.161122 -0.040631
v 0.006057 0.158984 -0.040775
v 0.003313 0.167642 -0.041014
v 0.005058 0.168614 -0.040875
v 0.002995 0.158838 -0.041040
v 0.004706 0.173485 -0.040904
v 0.002689 0.174105 -0.041064
v 0.001257 0.156439 -0.041178
v 0.004044 0.159356 -0.040956
v 0.007152 0.168365 -0.040545
v 0.006085 0.166565 -0.040769
v 0.005774 0.171519 -0.040819
v 0.005774 0.170227 -0.040819
v 0.000724 0.174105 -0.041220
v -0.003440 0.171088 -0.041002
v 0.007643 0.169796 -0.040443
v 0.004647 0.160317 -0.040908
v -0.000097 0.156942 -0.041177
v 0.006580 0.160304 -0.040665
v 0.007643 0.171950 -0.040443
v 0.004692 0.165538 -0.040905
v 0.003321 0.165040 -0.041014
v 0.000222 0.164610 -0.041194
v -0.000445 0.163764 -0.041159
v 0.000724 0.176690 -0.041220
v 0.002896 0.176690 -0.041048
v -0.000744 0.162706 -0.041143
v -0.000397 0.160412 -0.041161
v 0.006625 0.174506 -0.040655
v 0.004618 0.176140 -0.040911
v 0.005149 0.157657 -0.040868
v 0.004163 0.156873 -0.040947
v -0.000744 0.161633 -0.041143
v -0.001391 0.158219 -0.041109
v 0.001352 0.165056 -0.041170
v 0.002941 0.156465 -0.041044
v -0.010520 0.148684 -0.039803
v -0.009650 0.147359 -0.040064
v -0.002947 0.148684 -0.040986
v -0.008302 0.154039 -0.040285
v -0.009650 0.153146 -0.040064
v -0.006734 0.154351 -0.040542
v -0.010520 0.151821 -0.039803
v -0.003836 0.147354 -0.040938
v -0.005166 0.146466 -0.040782
v -0.006734 0.146154 -0.040530
v -0.005166 0.154039 -0.040799
v -0.008302 0.146466 -0.040279
v -0.003836 0.153150 -0.040949
v -0.002947 0.151821 -0.040991
v -0.010832 0.150252 -0.039708
v -0.002636 0.150252 -0.041003
v -0.007634 0.176690 -0.040375
v -0.007634 0.156439 -0.040365
v -0.005837 0.176690 -0.040670
v -0.005837 0.156439 -0.040659
v -0.005837 0.168744 -0.040659
v -0.003535 0.202054 -0.024496
v -0.005063 0.206979 -0.010596
v 0.001197 0.207272 -0.026539
v 0.003162 0.207284 -0.026539
v 0.005228 0.205818 -0.026539
v 0.005258 0.203362 -0.026539
v 0.003159 0.201573 -0.026539
v 0.010412 0.245481 -0.009330
v 0.010412 0.241970 -0.012841
v 0.010412 0.227735 -0.015096
v 0.010412 0.223310 -0.012842
v 0.010413 0.217544 -0.004905
v 0.010413 0.219799 -0.009330
v 0.010412 0.232640 -0.015873
v 0.010412 0.237545 -0.015096
v 0.010412 0.247736 -0.004905
v 0.010412 0.248513 0.000000
v -0.005063 0.213015 -0.019631
v -0.005063 0.209552 -0.015411
v -0.002531 0.214831 -0.017815
v -0.002531 0.211688 -0.013984
v -0.002531 0.209351 -0.009613
v -0.004588 0.210759 -0.014604
v -0.004588 0.208320 -0.010040
v -0.004588 0.214042 -0.018604
v -0.003504 0.209171 -0.009688
v -0.003504 0.214693 -0.017953
v -0.003504 0.211525 -0.014092
v 0.000000 0.213015 -0.019631
v 0.000000 0.209552 -0.015411
v -0.000474 0.208320 -0.010040
v -0.000474 0.210759 -0.014604
v -0.000474 0.214042 -0.018604
v -0.001558 0.209171 -0.009688
v -0.001558 0.214693 -0.017953
v -0.001558 0.211525 -0.014092
v -0.005063 0.232664 -0.027805
v -0.005063 0.227231 -0.027270
v -0.005063 0.222007 -0.025685
v -0.005063 0.217192 -0.023112
v -0.002531 0.232664 -0.025237
v -0.002531 0.227732 -0.024751
v -0.002531 0.222990 -0.023312
v -0.002531 0.218619 -0.020976
v -0.004588 0.227514 -0.025846
v -0.004588 0.222562 -0.024344
v -0.004588 0.232664 -0.026353
v -0.004588 0.217999 -0.021904
v -0.003504 0.222915 -0.023493
v -0.003504 0.232664 -0.025432
v -0.003504 0.218511 -0.021138
v -0.003504 0.227694 -0.024942
v 0.000000 0.232664 -0.027805
v 0.000000 0.227231 -0.027270
v 0.000000 0.222007 -0.025685
v 0.000000 0.217192 -0.023112
v -0.000474 0.227514 -0.025846
v -0.000474 0.222562 -0.024344
v -0.000474 0.232664 -0.026353
v -0.000474 0.217999 -0.021904
v -0.001558 0.222915 -0.023493
v -0.001558 0.232664 -0.025432
v -0.001558 0.218511 -0.021138
v -0.001558 0.227694 -0.024942
v -0.010415 0.218760 -0.031786
v -0.010415 0.227366 -0.025527
v -0.010413 0.215127 -0.036814
v -0.010415 0.222332 -0.028468
v -0.010413 0.215738 0.000269
v 0.010412 0.255302 0.000000
v -0.010551 0.212033 0.000570
v -0.010413 0.213258 0.000453
v 0.010412 0.237127 -0.022892
v 0.010390 0.241516 -0.021416
v 0.010332 0.245797 -0.019440
v 0.010368 0.249266 -0.016473
v 0.010402 0.252174 -0.012847
v 0.010405 0.254348 -0.008855
v 0.010394 0.255732 -0.004410
v 0.005327 0.238109 -0.027313
v 0.005327 0.243333 -0.025728
v 0.005327 0.248148 -0.023154
v 0.005327 0.252368 -0.019691
v 0.005327 0.255831 -0.015471
v 0.003787 0.258404 -0.010657
v 0.005063 0.259989 -0.005433
v -0.000000 0.257956 -0.004932
v 0.009626 0.258486 -0.005134
v 0.009514 0.254179 -0.014363
v 0.009530 0.247120 -0.021315
v 0.009662 0.237716 -0.025357
v 0.009571 0.256613 -0.009832
v 0.009488 0.251053 -0.018125
v 0.009481 0.242679 -0.023740
v 0.007902 0.238003 -0.027044
v 0.007812 0.260034 0.000000
v 0.007832 0.257957 -0.010474
v 0.007657 0.252163 -0.019157
v 0.007770 0.243252 -0.025162
v 0.007468 0.259592 -0.005279
v 0.007712 0.255305 -0.015390
v 0.007630 0.247931 -0.022698
v 0.010412 0.253562 -0.008529
v 0.010412 0.254894 -0.004242
v 0.010412 0.248651 -0.015862
v 0.010412 0.251465 -0.012373
v 0.010412 0.241188 -0.020624
v 0.010412 0.245308 -0.018709
v 0.010412 0.236960 -0.022056
v 0.004588 0.258565 -0.005149
v 0.002531 0.257886 -0.011627
v 0.003034 0.257956 -0.004970
v 0.005063 0.257886 -0.011627
v 0.004698 0.259197 -0.008045
v -0.000000 0.257956 -0.007139
v 0.004223 0.257956 -0.007625
v 0.002305 0.257956 -0.007442
v -0.010382 0.256459 -0.004737
v -0.010382 0.255078 -0.009291
v -0.010382 0.252834 -0.013489
v -0.010382 0.249814 -0.017168
v -0.010382 0.246135 -0.020188
v -0.010382 0.241937 -0.022432
v -0.010382 0.237383 -0.023813
v -0.005063 0.260494 0.000000
v -0.005063 0.259959 -0.005433
v -0.005063 0.258374 -0.010657
v -0.005063 0.255801 -0.015471
v -0.005063 0.252337 -0.019691
v -0.005063 0.248117 -0.023155
v -0.005063 0.243303 -0.025728
v -0.005063 0.238079 -0.027313
v -0.002531 0.257925 0.000000
v -0.002531 0.257440 -0.004932
v -0.002531 0.256001 -0.009674
v -0.002531 0.253665 -0.014045
v -0.002531 0.250521 -0.017875
v -0.002531 0.246690 -0.021019
v -0.002531 0.242320 -0.023355
v -0.002531 0.237578 -0.024794
v -0.008156 0.255334 -0.015160
v -0.008156 0.251941 -0.019295
v -0.008156 0.259409 -0.005323
v -0.008156 0.257856 -0.010442
v -0.007812 0.260034 -0.000000
v -0.008156 0.243088 -0.025210
v -0.008366 0.238077 -0.027117
v -0.008156 0.247806 -0.022689
v -0.009626 0.254526 -0.014620
v -0.009626 0.258455 -0.005134
v -0.009626 0.242716 -0.024312
v -0.009626 0.251253 -0.018608
v -0.009626 0.256958 -0.010070
v -0.009626 0.258961 0.000000
v -0.009824 0.237747 -0.025714
v -0.009626 0.247266 -0.021880
v -0.006114 0.252338 -0.019692
v -0.006114 0.258374 -0.010657
v -0.006217 0.238139 -0.027652
v -0.006114 0.248118 -0.023155
v -0.006114 0.255801 -0.015472
v -0.006114 0.259959 -0.005433
v -0.006114 0.243303 -0.025728
v -0.004588 0.247311 -0.021947
v -0.004588 0.242747 -0.024387
v -0.004588 0.254593 -0.014665
v -0.004588 0.251311 -0.018665
v -0.004588 0.258535 -0.005150
v -0.004588 0.257033 -0.010101
v -0.004588 0.259042 0.000000
v -0.004588 0.237796 -0.025889
v -0.003504 0.242395 -0.023536
v -0.003504 0.250659 -0.018013
v -0.003504 0.256181 -0.009749
v -0.003504 0.258121 0.000000
v -0.003504 0.237616 -0.024985
v -0.003504 0.246799 -0.021181
v -0.003504 0.253827 -0.014153
v -0.003504 0.257631 -0.004970
v 0.000000 0.255801 -0.015471
v 0.000000 0.252337 -0.019691
v 0.000000 0.248117 -0.023155
v 0.000000 0.243303 -0.025728
v 0.000000 0.238079 -0.027313
v -0.000474 0.247311 -0.021947
v -0.000474 0.242747 -0.024387
v -0.000474 0.254593 -0.014665
v -0.000474 0.251311 -0.018665
v -0.000474 0.257033 -0.010101
v -0.000474 0.237796 -0.025889
v -0.001558 0.242395 -0.023536
v -0.001558 0.250659 -0.018013
v -0.001558 0.256181 -0.009749
v -0.001558 0.237616 -0.024985
v -0.001558 0.246799 -0.021181
v -0.001558 0.253827 -0.014153
v -0.001558 0.257631 -0.004970
v 0.000000 0.257925 -0.011534
v -0.000474 0.257925 -0.007030
v -0.001051 0.257925 -0.005043
v -0.001558 0.257925 -0.003001
v 0.001670 0.255811 -0.015471
v 0.001670 0.252347 -0.019691
v 0.001670 0.248127 -0.023155
v 0.001670 0.243313 -0.025728
v 0.001551 0.238239 -0.027618
v 0.005384 0.229645 -0.030577
v 0.001634 0.229615 -0.030409
v 0.005395 0.226374 -0.032148
v 0.001878 0.226375 -0.032077
v 0.002164 0.222242 -0.035406
v 0.005325 0.222692 -0.035338
v 0.010413 0.228053 -0.025884
v 0.010418 0.227716 -0.025052
v 0.010422 0.220053 -0.030608
v 0.010420 0.219422 -0.029966
v 0.010420 0.223788 -0.027822
v 0.010418 0.223305 -0.027087
v 0.010414 0.215099 -0.037346
v 0.010414 0.213984 -0.037637
v 0.010419 0.216900 -0.034227
v 0.010419 0.216159 -0.033750
v 0.002063 0.223514 -0.034227
v 0.005354 0.223664 -0.034430
v 0.007862 0.223095 -0.033871
v 0.009744 0.221848 -0.032511
v 0.007930 0.225974 -0.031613
v 0.009755 0.225016 -0.030067
v 0.010413 0.211714 -0.009357
v 0.010434 0.208451 -0.012435
v 0.010413 0.208691 -0.013052
v 0.010413 0.212327 -0.009679
v 0.010413 0.202656 -0.014589
v 0.010413 0.203053 -0.015105
v 0.010413 0.201530 -0.015747
v 0.010413 0.202091 -0.016083
v 0.010413 0.200957 -0.017360
v 0.010413 0.201609 -0.017442
v 0.010420 0.201077 -0.019025
v 0.010413 0.201718 -0.018840
v 0.011272 0.198738 -0.014188
v 0.011278 0.197753 -0.016968
v 0.013579 0.196817 -0.012871
v 0.013586 0.195475 -0.016662
v 0.016816 0.196157 -0.012315
v 0.016798 0.194638 -0.016539
v 0.016787 0.195110 -0.021117
v 0.016767 0.196787 -0.025987
v 0.011267 0.198108 -0.020088
v 0.013587 0.195937 -0.020908
v 0.011358 0.199776 -0.025209
v 0.013629 0.197679 -0.026001
v 0.022258 0.194630 -0.016560
v 0.020236 0.196081 -0.012457
v 0.024055 0.195080 -0.021022
v 0.024953 0.196722 -0.025797
v 0.018426 0.199308 -0.009176
v 0.016848 0.204949 -0.007205
v 0.016846 0.199317 -0.009173
v 0.013567 0.199729 -0.009943
v 0.011253 0.200992 -0.011907
v 0.016367 0.206391 -0.006007
v 0.015742 0.207092 -0.004410
v 0.014697 0.206792 -0.001275
v 0.013600 0.205585 -0.007834
v 0.013648 0.206950 -0.006453
v 0.011250 0.206782 -0.009873
v 0.011282 0.208948 -0.007654
v 0.013713 0.207684 -0.004408
v 0.013446 0.207237 -0.001223
v 0.011225 0.210169 -0.004691
v 0.011106 0.209733 -0.000928
v 0.010413 0.213205 -0.004873
v 0.010413 0.212610 -0.000484
v 0.024017 0.198191 -0.030063
v 0.021852 0.199394 -0.033559
v 0.019388 0.200153 -0.035763
v 0.016681 0.200704 -0.037296
v 0.013567 0.202001 -0.038447
v 0.011275 0.204668 -0.039162
v 0.010413 0.208966 -0.039210
v 0.010413 0.208189 -0.039413
v 0.007810 0.221417 -0.035516
v 0.009751 0.219596 -0.035067
v 0.009729 0.218746 -0.036322
v 0.004814 0.211379 -0.039558
v 0.002874 0.212323 -0.039038
v 0.008745 0.207369 -0.040846
v 0.009533 0.204365 -0.040667
v 0.008104 0.207092 -0.040762
v 0.008677 0.204271 -0.040504
v 0.017146 0.205730 -0.005598
v 0.016477 0.206336 -0.004190
v 0.015318 0.206036 -0.001268
v 0.019443 0.198732 -0.008735
v 0.017737 0.204447 -0.006584
v 0.021324 0.195493 -0.012162
v 0.023317 0.194046 -0.016478
v 0.025067 0.194480 -0.020852
v 0.025882 0.196004 -0.025796
v 0.024909 0.197574 -0.030338
v 0.022550 0.198850 -0.034055
v 0.019831 0.199627 -0.036390
v 0.016485 0.200394 -0.038385
v 0.013294 0.201711 -0.039583
v 0.009912 0.208171 -0.040520
v 0.010740 0.204850 -0.040319
v 0.010413 0.203584 -0.024084
v 0.010418 0.202908 -0.024273
v 0.009750 0.228890 -0.028251
v 0.007943 0.229467 -0.029949
v 0.010413 0.213827 -0.004921
v 0.010413 0.213258 -0.000453
v 0.007222 0.209776 -0.040110
v 0.006717 0.209188 -0.040139
v 0.004525 0.210525 -0.039607
v 0.000555 0.229208 -0.028920
v 0.001686 0.221937 -0.035053
v 0.001956 0.217807 -0.036642
v 0.001738 0.221384 -0.035401
v 0.001795 0.210792 -0.037996
v 0.001088 0.229409 -0.029935
v 0.001299 0.225947 -0.031650
v 0.001563 0.223142 -0.033885
v 0.002347 0.229676 -0.030564
v 0.002537 0.226472 -0.032185
v 0.002836 0.222702 -0.035324
v 0.002763 0.223691 -0.034399
v 0.003587 0.212610 -0.039134
v 0.009765 0.214638 -0.038431
v 0.009032 0.218174 -0.037220
v 0.002260 0.221715 -0.035781
v 0.005294 0.221592 -0.036036
v 0.002944 0.221608 -0.036030
v 0.007423 0.220508 -0.036417
v 0.009751 0.209067 -0.040349
v 0.009792 0.213657 -0.038769
v 0.003170 0.218316 -0.037164
v 0.002697 0.218302 -0.037169
v 0.002351 0.211607 -0.038750
v 0.008590 0.200924 -0.040886
v 0.007899 0.201375 -0.040710
v 0.006101 0.198519 -0.041326
v 0.005705 0.199222 -0.041063
v 0.002821 0.197687 -0.041649
v 0.002760 0.198373 -0.041452
v -0.000573 0.198405 -0.041751
v -0.000290 0.199028 -0.041520
v -0.002465 0.199880 -0.041659
v -0.002198 0.200437 -0.041541
v -0.004594 0.200389 -0.041463
v -0.004330 0.200912 -0.041360
v -0.006345 0.202140 -0.041216
v -0.005939 0.202371 -0.041238
v -0.007011 0.204348 -0.041121
v -0.006455 0.204344 -0.041081
v -0.007111 0.206720 -0.041145
v -0.006602 0.206524 -0.041088
v 0.007407 0.201668 -0.040217
v 0.005460 0.199706 -0.040514
v 0.002794 0.198938 -0.040857
v 0.000003 0.199513 -0.040951
v -0.001826 0.201036 -0.040901
v -0.003905 0.201487 -0.040735
v -0.005142 0.202715 -0.040530
v -0.005623 0.204441 -0.040467
v -0.005775 0.206433 -0.040437
v 0.008156 0.204299 -0.040114
v 0.006845 0.202004 -0.026442
v 0.005174 0.200268 -0.026442
v 0.002828 0.199522 -0.026442
v 0.000313 0.200029 -0.026442
v -0.001479 0.201595 -0.026442
v 0.007487 0.204325 -0.026442
v 0.006880 0.206650 -0.026539
v 0.005151 0.208519 -0.026539
v 0.003978 0.209183 -0.026539
v 0.001209 0.209284 -0.026454
v 0.007569 0.206836 -0.040265
v 0.006287 0.208671 -0.039867
v 0.004306 0.209958 -0.039370
v 0.001122 0.210923 -0.026639
v 0.001367 0.217207 -0.035774
v 0.000718 0.225413 -0.030702
v 0.000980 0.222562 -0.032989
v -0.005627 0.229451 -0.029928
v -0.006436 0.229583 -0.030471
v -0.005656 0.225134 -0.031998
v -0.006618 0.225451 -0.032541
v -0.005684 0.222022 -0.034916
v -0.006578 0.222384 -0.035436
v -0.008436 0.225243 -0.032315
v -0.008435 0.221990 -0.035292
v -0.008497 0.229489 -0.030089
v -0.009929 0.224317 -0.031146
v -0.009917 0.220870 -0.034325
v -0.010416 0.223267 -0.029635
v -0.010406 0.219723 -0.032906
v -0.010413 0.228102 -0.026862
v -0.009926 0.228913 -0.028715
v -0.010415 0.222707 -0.028865
v -0.010415 0.219124 -0.032177
v -0.010413 0.227599 -0.026060
v 0.019033 0.174465 0.000298
v 0.019290 0.171167 0.000896
v -0.009832 0.204970 -0.040583
v -0.009733 0.208234 -0.040585
v -0.010358 0.205126 -0.039881
v -0.010211 0.209936 -0.039917
v -0.006611 0.205834 -0.041096
v -0.007123 0.205992 -0.041135
v -0.005802 0.205814 -0.040525
v -0.009752 0.207442 -0.040623
v -0.010322 0.208591 -0.039919
v -0.009709 0.198702 -0.040633
v -0.010395 0.198941 -0.039889
v -0.010409 0.195680 -0.040464
v -0.011080 0.196111 -0.039745
v -0.012022 0.193136 -0.039989
v -0.012716 0.194003 -0.039322
v -0.012400 0.193745 -0.039742
v -0.011914 0.196097 -0.035273
v -0.010170 0.216211 -0.037570
v -0.010411 0.216909 -0.036829
v -0.009717 0.219072 -0.036637
v -0.009919 0.219522 -0.036094
v -0.006574 0.221898 -0.035842
v -0.008192 0.221518 -0.035854
v -0.010413 0.215478 -0.037260
v -0.005683 0.221638 -0.035231
v -0.006600 0.221414 -0.036028
v -0.008061 0.220972 -0.036247
v -0.005699 0.221141 -0.035428
v -0.009923 0.216287 -0.037862
v -0.009409 0.218976 -0.036936
v -0.009816 0.209997 -0.040028
v -0.009363 0.208578 -0.040517
v -0.007116 0.207355 -0.040938
v -0.006602 0.207141 -0.040872
v -0.005750 0.206977 -0.040206
v -0.011886 0.196294 -0.036050
v 0.011328 0.198308 -0.040206
v 0.016066 0.198065 -0.038564
v 0.015995 0.191580 -0.038593
v 0.019701 0.197862 -0.036561
v 0.019589 0.191665 -0.036892
v 0.022704 0.197674 -0.033981
v 0.023045 0.191613 -0.034187
v -0.009117 0.207844 -0.040751
v -0.009187 0.204847 -0.040735
v -0.009120 0.207080 -0.040751
v -0.008890 0.198936 -0.040795
v -0.008801 0.208272 -0.040622
v -0.009624 0.195009 -0.040651
v 0.025359 0.191832 -0.020646
v -0.011306 0.192571 -0.040146
v 0.025551 0.191722 -0.030081
v 0.026351 0.191875 -0.025591
v 0.021733 0.191656 -0.011831
v 0.023543 0.191629 -0.016190
v -0.005063 0.206775 -0.038841
v -0.005063 0.224406 -0.030953
v -0.005063 0.221053 -0.033983
v -0.005063 0.229065 -0.028799
v -0.007251 0.225462 -0.032529
v -0.007251 0.222242 -0.035483
v -0.007152 0.229622 -0.030395
v -0.007156 0.221841 -0.035930
v -0.007138 0.221305 -0.036134
v 0.010586 0.200316 -0.017282
v 0.010585 0.200971 -0.015436
v 0.010581 0.202323 -0.014053
v 0.010597 0.208118 -0.011923
v 0.010586 0.211161 -0.009016
v 0.010551 0.212033 -0.000570
v 0.010575 0.212598 -0.004837
v 0.010585 0.207485 -0.039363
v 0.008903 0.206768 -0.040810
v 0.008247 0.206526 -0.040732
v 0.010078 0.207507 -0.040480
v 0.010589 0.200483 -0.019237
v 0.010606 0.202281 -0.024460
v 0.007686 0.206329 -0.040235
v 0.008441 0.207851 -0.040699
v 0.007828 0.207513 -0.040638
v 0.007312 0.207203 -0.040186
v -0.016774 0.191328 -0.038245
v -0.031645 0.174669 -0.025279
v -0.032253 0.173513 -0.021539
v 0.019261 0.174071 -0.000639
v 0.018929 0.185069 -0.002790
v 0.019073 0.184855 -0.003445
v 0.019631 0.188863 -0.005796
v 0.019706 0.187554 -0.005730
v 0.021065 0.185421 -0.008073
v 0.020760 0.185021 -0.007506
v 0.023680 0.173987 -0.010450
v 0.022787 0.173827 -0.009330
v 0.024198 0.171204 -0.010746
v 0.023300 0.170912 -0.009671
v 0.022814 0.169164 -0.011728
v 0.021891 0.169161 -0.010676
v 0.020479 0.171160 -0.006951
v 0.018994 0.169149 -0.008270
v 0.019229 0.171212 -0.003204
v 0.017285 0.169149 -0.003964
v 0.019796 0.182775 -0.005770
v 0.019166 0.182832 -0.004282
v 0.028892 0.169721 -0.023888
v 0.027138 0.167725 -0.023165
v 0.028483 0.161245 -0.029085
v 0.026895 0.161122 -0.026799
v 0.010413 0.215738 -0.000269
v 0.019823 0.169162 -0.011202
v 0.016031 0.169149 -0.006117
v -0.000000 0.161122 -0.026799
v 0.024189 0.161122 -0.026799
v 0.024432 0.167725 -0.023165
v 0.011174 0.103889 -0.040250
v 0.015995 0.105860 -0.038589
v 0.020740 0.108705 -0.036263
v 0.025220 0.113038 -0.033303
v 0.025274 0.156228 -0.033268
v 0.029208 0.120014 -0.029866
v 0.029219 0.121682 -0.029860
v -0.023772 0.110365 -0.034344
v -0.027981 0.116011 -0.031012
v -0.019339 0.106745 -0.037027
v -0.014533 0.104021 -0.039164
v 0.015995 0.147419 -0.038593
v 0.020761 0.147419 -0.036253
v -0.023772 0.153997 -0.034344
v -0.019340 0.153997 -0.037029
v 0.029501 0.118717 -0.029085
v 0.027913 0.118594 -0.026799
v 0.024189 0.118594 -0.026799
v 0.024189 0.121702 -0.026799
v 0.027867 0.121702 -0.026799
v 0.029455 0.121826 -0.029085
v 0.000119 0.102005 -0.041739
v 0.005634 0.102423 -0.041377
v -0.004314 0.102252 -0.041543
v -0.000000 0.095370 -0.026799
v -0.010210 0.103445 -0.040482
v 0.006217 0.095883 -0.026799
v 0.012720 0.098125 -0.026799
v 0.017933 0.101264 -0.026799
v 0.022474 0.105189 -0.026799
v 0.026454 0.110907 -0.026799
v -0.000066 0.093544 -0.028864
v 0.006452 0.094056 -0.028864
v 0.013520 0.096374 -0.028864
v 0.019271 0.099752 -0.028864
v 0.023911 0.104005 -0.028704
v 0.028495 0.111910 -0.029210
v 0.000510 0.094560 -0.037878
v 0.006171 0.095108 -0.037471
v -0.000102 0.093495 -0.033771
v 0.006630 0.094236 -0.033679
v 0.011253 0.096360 -0.036324
v 0.016372 0.098527 -0.034391
v 0.020871 0.101480 -0.032092
v 0.024060 0.104648 -0.030263
v 0.011876 0.095747 -0.032726
v 0.016690 0.098120 -0.031574
v 0.020386 0.100693 -0.030397
v 0.028765 0.170828 -0.023973
v 0.028023 0.161381 -0.029855
v 0.026186 0.163189 -0.032310
v -0.029179 0.118512 -0.029795
v -0.029218 0.121785 -0.029755
v -0.029648 0.117734 -0.028828
v -0.028086 0.118594 -0.026799
v -0.024361 0.118594 -0.026799
v -0.024361 0.121702 -0.026799
v -0.028040 0.121702 -0.026799
v -0.029646 0.121878 -0.028833
v -0.005091 0.095779 -0.026799
v -0.012892 0.098125 -0.026799
v -0.018106 0.101264 -0.026799
v -0.022646 0.105189 -0.026799
v -0.026627 0.111220 -0.026799
v -0.005292 0.093952 -0.028864
v -0.013693 0.096374 -0.028864
v -0.019444 0.099752 -0.028864
v -0.024462 0.104574 -0.028558
v -0.028127 0.111379 -0.029636
v -0.004981 0.094840 -0.037530
v -0.005309 0.094088 -0.033124
v -0.010459 0.096074 -0.036495
v -0.015026 0.097820 -0.034998
v -0.020129 0.101137 -0.032739
v -0.024601 0.105594 -0.030752
v -0.010571 0.095368 -0.032716
v -0.015230 0.097411 -0.031751
v -0.019716 0.100320 -0.030396
v -0.024361 0.160990 -0.026799
v -0.028040 0.160990 -0.026799
v -0.028880 0.160833 -0.027107
v -0.029264 0.155984 -0.029694
v -0.029260 0.161948 -0.029706
v -0.032241 0.171740 -0.016476
v -0.031631 0.169482 -0.025290
v -0.014533 0.105051 -0.039164
v 0.015995 0.104829 -0.038589
v 0.011174 0.102859 -0.040250
v 0.025220 0.112008 -0.033303
v 0.020740 0.107674 -0.036263
v 0.029208 0.118983 -0.029866
v -0.023772 0.111395 -0.034344
v -0.027981 0.117042 -0.031012
v -0.019339 0.107775 -0.037027
v 0.000119 0.100974 -0.041739
v -0.004314 0.101221 -0.041543
v 0.005634 0.101392 -0.041377
v -0.010210 0.102414 -0.040482
v -0.029179 0.117481 -0.029795
v -0.028877 0.155840 -0.027124
v 0.000458 0.097415 -0.040716
v 0.005923 0.097893 -0.040314
v 0.011448 0.099144 -0.039127
v 0.016497 0.101253 -0.037297
v 0.021460 0.104414 -0.034743
v 0.026120 0.108872 -0.031437
v -0.024617 0.107122 -0.032622
v -0.015013 0.100415 -0.037898
v -0.004961 0.097695 -0.040452
v -0.010216 0.098831 -0.039455
v -0.020184 0.103294 -0.035477
v -0.028461 0.111499 -0.028854
v -0.011474 0.216767 0.000000
v -0.011474 0.217544 -0.004905
v -0.011474 0.237545 -0.015096
v -0.011474 0.245481 -0.009330
v -0.011474 0.247736 -0.004905
v -0.011474 0.227735 -0.015096
v -0.011474 0.223310 -0.012841
v -0.011474 0.219798 -0.009330
v -0.011474 0.248513 0.000000
v -0.011474 0.241970 -0.012841
v -0.011474 0.232640 -0.015873
v 0.011474 0.245481 -0.009330
v 0.011474 0.241970 -0.012841
v 0.011474 0.227735 -0.015096
v 0.011474 0.223310 -0.012842
v 0.011474 0.217544 -0.004905
v 0.011474 0.219799 -0.009330
v 0.011474 0.232640 -0.015873
v 0.011474 0.237545 -0.015096
v 0.011474 0.247736 -0.004905
v 0.011474 0.248513 0.000000
v -0.000000 0.137173 0.041733
v -0.004288 0.136321 0.041487
v -0.007923 0.133892 0.040935
v -0.010352 0.130257 0.040427
v -0.011205 0.125969 0.040244
v -0.010352 0.121681 0.040427
v -0.007923 0.118046 0.040935
v -0.004288 0.115617 0.041487
v -0.000000 0.114764 0.041733
v 0.004288 0.115617 0.041508
v 0.007923 0.118046 0.040924
v 0.010352 0.121681 0.040430
v 0.011205 0.125969 0.040173
v 0.010352 0.130257 0.040430
v 0.007923 0.133892 0.040924
v 0.004288 0.136321 0.041508
v 0.005258 0.203362 0.003173
v 0.005228 0.205818 0.003174
v 0.003162 0.207284 0.004570
v 0.001197 0.207272 0.004671
v 0.010413 0.216767 -0.000000
v 0.010413 0.217544 0.004905
v 0.010412 0.237545 0.015096
v 0.010412 0.245481 0.009330
v 0.010412 0.247736 0.004905
v 0.010412 0.227735 0.015096
v 0.010413 0.223310 0.012841
v 0.010413 0.219798 0.009330
v 0.010412 0.241970 0.012841
v 0.010412 0.232640 0.015873
v 0.010397 0.255635 0.004682
v 0.010397 0.254310 0.009053
v 0.010397 0.252187 0.013125
v 0.010397 0.249245 0.016688
v 0.010388 0.245760 0.019654
v 0.010397 0.241660 0.021779
v 0.010397 0.237289 0.023238
v 0.010412 0.253541 0.008814
v 0.010412 0.251539 0.012761
v 0.010412 0.254810 0.004627
v 0.010412 0.237195 0.022663
v 0.010412 0.245379 0.019117
v 0.010412 0.241382 0.021126
v 0.010412 0.248676 0.016207
v 0.010397 0.256114 0.000000
v 0.012653 0.205974 0.004514
v 0.011087 0.206667 0.008304
v 0.010414 0.209416 0.008899
v 0.010413 0.214969 0.006939
v 0.011131 0.206036 0.009277
v 0.010268 0.209161 0.009973
v 0.013025 0.204975 0.004765
v 0.010413 0.210249 0.008605
v 0.015766 0.174831 0.008340
v 0.011723 0.176446 0.018504
v 0.008327 0.180671 0.025419
v 0.005783 0.188200 0.029148
v 0.004548 0.197051 0.028973
v 0.008953 0.213323 0.011325
v 0.009945 0.213770 0.008580
v 0.016812 0.173153 0.006513
v 0.017311 0.171254 0.005863
v 0.008595 0.179554 0.026828
v 0.006589 0.187794 0.030971
v 0.012548 0.175196 0.019229
v 0.016359 0.173664 0.009834
v 0.030333 0.175643 0.028222
v 0.013205 0.193565 0.035325
v 0.017498 0.192019 0.037368
v 0.017233 0.192000 0.037988
v 0.016950 0.192713 0.036984
v 0.016802 0.192831 0.037533
v 0.017052 0.192524 0.037860
v 0.017303 0.192514 0.037428
v 0.013371 0.194242 0.036621
v 0.014710 0.193000 0.038586
v 0.014651 0.192686 0.039070
v 0.014577 0.192103 0.039151
v 0.013581 0.193931 0.035938
v 0.028059 0.177873 0.030948
v 0.030324 0.176331 0.028230
v 0.032230 0.174280 0.021537
v 0.030048 0.177014 0.027990
v 0.032034 0.174865 0.021496
v 0.027968 0.178459 0.030610
v 0.010548 0.208866 0.008780
v 0.015514 0.169148 0.005655
v 0.017521 0.169149 0.000000
v 0.017610 0.171158 0.007294
v 0.006037 0.197330 0.031236
v 0.006531 0.206995 0.026605
v 0.010631 0.198102 0.034050
v 0.010915 0.198383 0.034832
v 0.010097 0.203999 0.031839
v 0.010414 0.204249 0.032547
v 0.010077 0.208632 0.028490
v 0.010416 0.208905 0.029258
v 0.010028 0.211485 0.024897
v 0.010417 0.212303 0.025136
v 0.009989 0.213537 0.020604
v 0.010416 0.214368 0.020798
v 0.009921 0.214634 0.016119
v 0.010415 0.215439 0.016240
v 0.009949 0.214861 0.011164
v 0.010413 0.215797 0.011103
v 0.010183 0.214819 0.008567
v 0.010413 0.216279 0.007171
v 0.010413 0.215799 0.008514
v 0.032254 0.172683 0.016200
v 0.031965 0.173426 0.016024
v 0.032158 0.170914 0.013592
v 0.032219 0.170757 0.014365
v 0.015859 0.169144 0.008728
v 0.030607 0.169175 0.014481
v 0.032227 0.170797 0.016752
v 0.031658 0.168588 0.025001
v 0.029653 0.160821 0.028818
v 0.030874 0.167375 0.024198
v 0.030010 0.167498 0.023485
v 0.031430 0.169450 0.016691
v 0.030222 0.169149 0.016495
v 0.031675 0.175304 0.025210
v 0.031550 0.175987 0.024992
v 0.027981 0.177165 0.031012
v 0.029651 0.155933 0.028766
v 0.027981 0.156202 0.031012
v 0.010413 0.214025 0.007272
v 0.009421 0.214602 0.011233
v 0.006517 0.211265 0.018434
v 0.007466 0.212635 0.019600
v 0.005755 0.206187 0.024549
v 0.010823 0.198524 0.035556
v 0.010414 0.204610 0.033169
v 0.010415 0.209509 0.029680
v 0.010416 0.212939 0.025528
v 0.010416 0.215179 0.020803
v 0.010415 0.216211 0.016151
v 0.010414 0.216782 0.010982
v 0.010413 0.216784 0.008397
v 0.013417 0.169145 0.006422
v 0.014054 0.169144 0.009457
v 0.029634 0.169149 0.015257
v 0.015474 0.169149 0.000000
v -0.000000 0.167725 0.023165
v -0.000452 0.146393 0.041756
v -0.005890 0.146392 0.041360
v -0.011174 0.191599 0.040254
v 0.004390 0.137882 0.041502
v -0.006089 0.191659 0.041318
v -0.000709 0.191688 0.041770
v 0.004409 0.191671 0.041542
v 0.009665 0.191802 0.040643
v 0.014544 0.191469 0.039165
v 0.014535 0.153997 0.039165
v 0.014532 0.137882 0.039168
v -0.011178 0.147035 0.040254
v 0.004390 0.168744 0.041502
v 0.004390 0.154903 0.041502
v 0.004390 0.175097 0.041502
v 0.009659 0.154903 0.040639
v -0.001394 0.164605 0.041717
v -0.004589 0.161633 0.041463
v -0.001353 0.168093 0.041721
v 0.009659 0.137882 0.040639
v 0.005837 0.176690 0.041276
v 0.005836 0.156439 0.041265
v 0.007634 0.156439 0.040971
v 0.007634 0.176690 0.040981
v -0.006625 0.174506 0.041206
v -0.000222 0.164610 0.041744
v -0.001353 0.165056 0.041721
v 0.001519 0.171089 0.041653
v 0.002254 0.159814 0.041614
v 0.001391 0.158219 0.041660
v -0.005149 0.157657 0.041419
v -0.006057 0.158984 0.041325
v -0.006580 0.160304 0.041215
v -0.006744 0.161122 0.041181
v -0.004692 0.165538 0.041455
v -0.004947 0.161122 0.041435
v -0.004648 0.160317 0.041459
v -0.004044 0.159356 0.041507
v -0.007373 0.161633 0.041050
v 0.000097 0.156942 0.041728
v -0.001257 0.156439 0.041728
v -0.002942 0.156465 0.041594
v 0.001749 0.165506 0.041641
v 0.002542 0.163365 0.041599
v 0.002583 0.161633 0.041597
v -0.001353 0.167642 0.041721
v -0.003313 0.167642 0.041565
v 0.000354 0.167045 0.041714
v -0.005774 0.170227 0.041369
v -0.005058 0.168614 0.041426
v -0.005774 0.171519 0.041369
v -0.002689 0.174105 0.041614
v -0.004706 0.173485 0.041454
v 0.000811 0.172906 0.041690
v -0.000724 0.174105 0.041771
v 0.002600 0.173886 0.041596
v 0.003440 0.171089 0.041552
v -0.000724 0.176690 0.041771
v -0.002896 0.176690 0.041598
v -0.004618 0.176140 0.041461
v -0.007643 0.169796 0.040993
v -0.007643 0.171950 0.040993
v -0.006085 0.166565 0.041319
v -0.007152 0.168365 0.041096
v -0.001379 0.158936 0.041719
v -0.000310 0.159541 0.041749
v 0.000445 0.163764 0.041709
v 0.000744 0.162706 0.041694
v 0.000744 0.161633 0.041694
v 0.000397 0.160412 0.041712
v -0.004163 0.156873 0.041497
v 0.001191 0.170592 0.041670
v 0.004097 0.170667 0.041518
v -0.000724 0.177183 0.041771
v -0.002898 0.177183 0.041598
v -0.003320 0.164574 0.041564
v -0.001222 0.156015 0.041731
v -0.002976 0.156024 0.041592
v -0.000724 0.173640 0.041771
v 0.003005 0.163365 0.041575
v 0.003047 0.161633 0.041573
v -0.005310 0.170227 0.041406
v -0.005310 0.171519 0.041406
v -0.008161 0.169796 0.040885
v -0.008161 0.171950 0.040885
v 0.000313 0.162706 0.041716
v 0.000292 0.161633 0.041717
v -0.003313 0.168093 0.041565
v -0.001372 0.159443 0.041719
v 0.003017 0.174213 0.041574
v -0.006953 0.174834 0.041137
v -0.004441 0.173066 0.041475
v 0.000500 0.172604 0.041706
v -0.004692 0.168872 0.041455
v 0.002197 0.165772 0.041617
v 0.000602 0.167412 0.041701
v -0.000530 0.164270 0.041760
v 0.000054 0.163528 0.041730
v -0.000587 0.159949 0.041763
v 0.000020 0.160683 0.041732
v -0.004302 0.160539 0.041486
v -0.003750 0.159694 0.041530
v -0.006516 0.158686 0.041229
v -0.007155 0.160185 0.041095
v -0.005504 0.157302 0.041390
v -0.004394 0.156465 0.041479
v 0.002685 0.159625 0.041592
v 0.001810 0.157915 0.041638
v 0.000368 0.156545 0.041713
v -0.004982 0.165124 0.041432
v -0.006457 0.166275 0.041241
v -0.007651 0.168365 0.040991
v -0.004833 0.176607 0.041444
v 0.001250 0.176470 0.041667
v 0.005367 0.177193 0.041356
v 0.005367 0.155935 0.041342
v 0.008103 0.155935 0.040894
v 0.008103 0.177193 0.040907
v -0.002692 0.173714 0.041614
v -0.003321 0.165040 0.041564
v 0.001070 0.175973 0.041676
v -0.002988 0.159328 0.041591
v -0.002995 0.158838 0.041590
v 0.006734 0.154837 0.041118
v 0.004980 0.154488 0.041406
v 0.003492 0.153494 0.041545
v 0.002499 0.152007 0.041592
v 0.002150 0.150252 0.041608
v 0.002499 0.148498 0.041588
v 0.003492 0.147011 0.041535
v 0.004980 0.146017 0.041391
v 0.006734 0.145668 0.041106
v 0.008488 0.146017 0.040826
v 0.009975 0.147011 0.040544
v 0.010969 0.148498 0.040244
v 0.011318 0.150252 0.040138
v 0.010969 0.152007 0.040244
v 0.009975 0.153494 0.040544
v 0.008488 0.154488 0.040831
v 0.006734 0.154351 0.041118
v 0.005165 0.154039 0.041375
v 0.003836 0.153150 0.041526
v 0.002947 0.151821 0.041568
v 0.002635 0.150252 0.041580
v 0.002947 0.148684 0.041562
v 0.003836 0.147354 0.041515
v 0.005165 0.146466 0.041359
v 0.006734 0.146154 0.041106
v 0.008302 0.146466 0.040856
v 0.009650 0.147359 0.040641
v 0.010520 0.148684 0.040379
v 0.010832 0.150252 0.040285
v 0.010520 0.151821 0.040379
v 0.009650 0.153146 0.040641
v 0.008302 0.154039 0.040861
v 0.005836 0.168744 0.041265
v 0.005367 0.168744 0.041342
v -0.000724 0.174105 0.039702
v -0.005058 0.168614 0.039357
v 0.005837 0.176690 0.039207
v 0.005836 0.156439 0.039196
v 0.007634 0.156439 0.038902
v 0.007634 0.176690 0.038912
v -0.006625 0.174506 0.039137
v -0.000222 0.164610 0.039675
v -0.001353 0.165056 0.039652
v 0.001519 0.171089 0.039584
v 0.002254 0.159814 0.039545
v 0.001391 0.158219 0.039591
v -0.005149 0.157657 0.039350
v -0.006057 0.158984 0.039256
v -0.006580 0.160304 0.039147
v -0.006744 0.161122 0.039112
v -0.004692 0.165538 0.039386
v -0.004947 0.161122 0.039366
v -0.004648 0.160317 0.039390
v -0.004044 0.159356 0.039438
v 0.000097 0.156942 0.039659
v -0.001257 0.156439 0.039659
v -0.002942 0.156465 0.039525
v 0.001749 0.165506 0.039572
v 0.002542 0.163365 0.039530
v 0.002583 0.161633 0.039528
v -0.001353 0.167642 0.039652
v -0.003313 0.167642 0.039496
v 0.000354 0.167045 0.039645
v -0.005774 0.170227 0.039300
v -0.005774 0.171519 0.039300
v -0.002689 0.174105 0.039546
v -0.004706 0.173485 0.039385
v 0.000811 0.172906 0.039621
v 0.002600 0.173886 0.039527
v 0.003440 0.171089 0.039483
v -0.000724 0.176690 0.039702
v -0.002896 0.176690 0.039529
v -0.004618 0.176140 0.039392
v -0.007643 0.169796 0.038924
v -0.007643 0.171950 0.038924
v -0.006085 0.166565 0.039250
v -0.007152 0.168365 0.039027
v -0.001379 0.158936 0.039650
v -0.000310 0.159541 0.039680
v 0.000445 0.163764 0.039640
v 0.000744 0.162706 0.039625
v 0.000744 0.161633 0.039625
v 0.000397 0.160412 0.039643
v -0.004163 0.156873 0.039428
v -0.003321 0.165040 0.039495
v 0.001070 0.175973 0.039608
v -0.002995 0.158838 0.039521
v 0.006734 0.154351 0.039050
v 0.005165 0.154039 0.039306
v 0.003836 0.153150 0.039457
v 0.002947 0.151821 0.039499
v 0.002635 0.150252 0.039511
v 0.002947 0.148684 0.039494
v 0.003836 0.147354 0.039446
v 0.005165 0.146466 0.039290
v 0.006734 0.146154 0.039037
v 0.008302 0.146466 0.038787
v 0.009650 0.147359 0.038572
v 0.010520 0.148684 0.038310
v 0.010832 0.150252 0.038216
v 0.010520 0.151821 0.038310
v 0.009650 0.153146 0.038572
v 0.008302 0.154039 0.038793
v 0.005836 0.168744 0.039196
v -0.004947 0.161122 0.040884
v -0.001379 0.158936 0.041168
v -0.000310 0.159541 0.041199
v 0.001749 0.165506 0.041091
v 0.002542 0.163365 0.041049
v 0.002583 0.161633 0.041047
v 0.002254 0.159814 0.041064
v -0.001353 0.167642 0.041170
v 0.000354 0.167045 0.041164
v 0.001519 0.171089 0.041103
v 0.000811 0.172906 0.041140
v 0.001070 0.175973 0.041126
v 0.002600 0.173886 0.041046
v -0.006744 0.161122 0.040631
v -0.006057 0.158984 0.040775
v -0.003313 0.167642 0.041014
v -0.005058 0.168614 0.040875
v -0.002995 0.158838 0.041040
v -0.004706 0.173485 0.040904
v -0.002689 0.174105 0.041064
v -0.001257 0.156439 0.041178
v -0.004044 0.159356 0.040956
v -0.007152 0.168365 0.040545
v -0.006085 0.166565 0.040769
v -0.005774 0.171519 0.040819
v -0.005774 0.170227 0.040819
v -0.000724 0.174105 0.041220
v 0.003440 0.171089 0.041002
v -0.007643 0.169796 0.040443
v -0.004648 0.160317 0.040908
v 0.000097 0.156942 0.041177
v -0.006580 0.160304 0.040665
v -0.007643 0.171950 0.040443
v -0.004692 0.165538 0.040905
v -0.003321 0.165040 0.041014
v -0.000222 0.164610 0.041194
v 0.000445 0.163764 0.041159
v -0.000724 0.176690 0.041220
v -0.002896 0.176690 0.041048
v 0.000744 0.162706 0.041143
v 0.000397 0.160412 0.041161
v -0.006625 0.174506 0.040655
v -0.004618 0.176140 0.040911
v -0.005149 0.157657 0.040868
v -0.004163 0.156873 0.040947
v 0.000744 0.161633 0.041143
v 0.001391 0.158219 0.041109
v -0.001353 0.165056 0.041170
v -0.002942 0.156465 0.041044
v 0.010520 0.148684 0.039803
v 0.009650 0.147359 0.040064
v 0.002947 0.148684 0.040986
v 0.008302 0.154039 0.040285
v 0.009650 0.153146 0.040064
v 0.006734 0.154351 0.040542
v 0.010520 0.151821 0.039803
v 0.003836 0.147354 0.040938
v 0.005165 0.146466 0.040782
v 0.006734 0.146154 0.040530
v 0.005165 0.154039 0.040799
v 0.008302 0.146466 0.040279
v 0.003836 0.153150 0.040949
v 0.002947 0.151821 0.040991
v 0.010832 0.150252 0.039708
v 0.002635 0.150252 0.041003
v 0.007634 0.176690 0.040375
v 0.007634 0.156439 0.040365
v 0.005837 0.176690 0.040670
v 0.005836 0.156439 0.040659
v 0.005836 0.168744 0.040659
v 0.005086 0.204453 0.034953
v 0.005063 0.206979 0.010596
v -0.001197 0.207272 0.026539
v -0.003162 0.207284 0.026539
v -0.005228 0.205818 0.026539
v -0.005259 0.203362 0.026539
v -0.003159 0.201573 0.026539
v -0.010412 0.245481 0.009330
v -0.010412 0.241970 0.012841
v -0.010413 0.227735 0.015096
v -0.010413 0.223310 0.012842
v -0.010413 0.217544 0.004905
v -0.010413 0.219799 0.009330
v -0.010413 0.232640 0.015873
v -0.010412 0.237545 0.015096
v -0.010412 0.247736 0.004905
v 0.005063 0.213015 0.019631
v 0.005063 0.209552 0.015411
v 0.002531 0.214831 0.017815
v 0.002531 0.211688 0.013984
v 0.002531 0.209351 0.009613
v 0.004588 0.210759 0.014604
v 0.004588 0.208320 0.010040
v 0.004588 0.214042 0.018604
v 0.003504 0.209171 0.009688
v 0.003504 0.214693 0.017953
v 0.003504 0.211525 0.014092
v -0.000000 0.213015 0.019631
v -0.000000 0.209552 0.015411
v 0.000474 0.208320 0.010040
v 0.000474 0.210759 0.014604
v 0.000474 0.214042 0.018604
v 0.001558 0.209171 0.009688
v 0.001558 0.214693 0.017953
v 0.001558 0.211525 0.014092
v 0.005063 0.232664 0.027805
v 0.005063 0.227231 0.027270
v 0.005063 0.222007 0.025685
v 0.005063 0.217192 0.023112
v 0.002531 0.232664 0.025237
v 0.002531 0.227732 0.024751
v 0.002531 0.222990 0.023312
v 0.002531 0.218619 0.020976
v 0.004588 0.227514 0.025846
v 0.004588 0.222562 0.024344
v 0.004588 0.232664 0.026353
v 0.004588 0.217999 0.021904
v 0.003504 0.222915 0.023493
v 0.003504 0.232664 0.025432
v 0.003504 0.218511 0.021138
v 0.003504 0.227694 0.024942
v -0.000001 0.232664 0.027805
v -0.000001 0.227231 0.027270
v -0.000001 0.222007 0.025685
v -0.000001 0.217192 0.023112
v 0.000474 0.227514 0.025846
v 0.000474 0.222562 0.024344
v 0.000474 0.232664 0.026353
v 0.000474 0.217999 0.021904
v 0.001558 0.222915 0.023493
v 0.001558 0.232664 0.025432
v 0.001558 0.218511 0.021138
v 0.001558 0.227694 0.024942
v 0.010415 0.218760 0.031786
v 0.010415 0.227366 0.025527
v 0.010413 0.215127 0.036814
v 0.010415 0.222332 0.028468
v -0.010413 0.237127 0.022892
v -0.010390 0.241516 0.021416
v -0.010332 0.245797 0.019440
v -0.010368 0.249266 0.016473
v -0.010402 0.252174 0.012847
v -0.010405 0.254348 0.008855
v -0.010394 0.255732 0.004410
v -0.005327 0.238109 0.027313
v -0.005327 0.243333 0.025728
v -0.005327 0.248148 0.023154
v -0.005327 0.252368 0.019691
v -0.005327 0.255831 0.015471
v -0.003787 0.258404 0.010657
v -0.005063 0.259989 0.005433
v 0.000000 0.257956 0.004932
v -0.009626 0.258486 0.005134
v -0.009514 0.254179 0.014363
v -0.009530 0.247120 0.021315
v -0.009662 0.237716 0.025357
v -0.009571 0.256613 0.009832
v -0.009489 0.251053 0.018125
v -0.009481 0.242679 0.023740
v -0.007902 0.238003 0.027044
v -0.007832 0.257957 0.010473
v -0.007657 0.252163 0.019157
v -0.007770 0.243252 0.025162
v -0.007468 0.259592 0.005279
v -0.007712 0.255305 0.015389
v -0.007630 0.247931 0.022698
v -0.010412 0.253562 0.008529
v -0.010412 0.254894 0.004242
v -0.010412 0.248651 0.015862
v -0.010412 0.251465 0.012373
v -0.010412 0.241188 0.020624
v -0.010412 0.245308 0.018709
v -0.010413 0.236960 0.022056
v -0.004588 0.258565 0.005149
v -0.002531 0.257886 0.011627
v -0.003034 0.257956 0.004970
v -0.005063 0.257886 0.011627
v -0.004698 0.259197 0.008045
v 0.000000 0.257956 0.007139
v -0.004223 0.257956 0.007625
v -0.002305 0.257956 0.007442
v 0.010381 0.256459 0.004737
v 0.010381 0.255078 0.009291
v 0.010381 0.252834 0.013489
v 0.010381 0.249814 0.017168
v 0.010381 0.246135 0.020188
v 0.010381 0.241937 0.022432
v 0.010381 0.237383 0.023813
v 0.005063 0.259959 0.005433
v 0.005063 0.258374 0.010657
v 0.005063 0.255801 0.015471
v 0.005063 0.252337 0.019691
v 0.005063 0.248117 0.023155
v 0.005063 0.243303 0.025728
v 0.005063 0.238079 0.027313
v 0.002531 0.257440 0.004932
v 0.002531 0.256001 0.009674
v 0.002531 0.253665 0.014045
v 0.002531 0.250521 0.017875
v 0.002531 0.246690 0.021019
v 0.002531 0.242320 0.023355
v 0.002531 0.237578 0.024794
v 0.008156 0.255334 0.015160
v 0.008156 0.251941 0.019295
v 0.008156 0.259409 0.005324
v 0.008156 0.257856 0.010442
v 0.008156 0.243088 0.025210
v 0.008365 0.238077 0.027117
v 0.008156 0.247806 0.022689
v 0.009626 0.254526 0.014620
v 0.009626 0.258455 0.005134
v 0.009626 0.242716 0.024312
v 0.009626 0.251253 0.018608
v 0.009626 0.256958 0.010070
v 0.009824 0.237747 0.025714
v 0.009626 0.247266 0.021880
v 0.006114 0.252338 0.019692
v 0.006114 0.258374 0.010657
v 0.006217 0.238139 0.027652
v 0.006114 0.248118 0.023155
v 0.006114 0.255801 0.015472
v 0.006114 0.259959 0.005433
v 0.006114 0.243303 0.025728
v 0.004588 0.247311 0.021947
v 0.004588 0.242747 0.024387
v 0.004588 0.254593 0.014665
v 0.004588 0.251311 0.018665
v 0.004588 0.258535 0.005150
v 0.004588 0.257033 0.010101
v 0.004588 0.237796 0.025889
v 0.003504 0.242395 0.023536
v 0.003504 0.250659 0.018013
v 0.003504 0.256181 0.009749
v 0.003504 0.237616 0.024985
v 0.003504 0.246799 0.021181
v 0.003504 0.253827 0.014153
v 0.003504 0.257631 0.004970
v -0.000000 0.255801 0.015471
v -0.000000 0.252337 0.019691
v -0.000001 0.248117 0.023155
v -0.000001 0.243303 0.025728
v -0.000001 0.238079 0.027313
v 0.000474 0.247311 0.021947
v 0.000474 0.242747 0.024387
v 0.000474 0.254593 0.014665
v 0.000474 0.251311 0.018665
v 0.000474 0.257033 0.010101
v 0.000474 0.237796 0.025889
v 0.001558 0.242395 0.023536
v 0.001558 0.250659 0.018013
v 0.001558 0.256181 0.009749
v 0.001558 0.237616 0.024985
v 0.001558 0.246799 0.021181
v 0.001558 0.253827 0.014153
v 0.001558 0.257631 0.004970
v -0.000000 0.257925 0.011534
v 0.000474 0.257925 0.007030
v 0.001051 0.257925 0.005043
v 0.001558 0.257925 0.003001
v -0.001670 0.255811 0.015471
v -0.001670 0.252347 0.019691
v -0.001670 0.248127 0.023155
v -0.001670 0.243313 0.025728
v -0.001551 0.238239 0.027618
v -0.005384 0.229645 0.030577
v -0.001753 0.229660 0.030511
v -0.005395 0.226374 0.032148
v -0.001933 0.226416 0.032118
v -0.002292 0.222637 0.035245
v -0.005325 0.222692 0.035338
v -0.010413 0.228053 0.025884
v -0.010418 0.227716 0.025052
v -0.010422 0.220053 0.030608
v -0.010420 0.219422 0.029966
v -0.010420 0.223788 0.027822
v -0.010418 0.223305 0.027087
v -0.010414 0.215099 0.037346
v -0.010414 0.213984 0.037637
v -0.010419 0.216900 0.034227
v -0.010419 0.216159 0.033749
v -0.002209 0.223623 0.034327
v -0.005354 0.223664 0.034430
v -0.007862 0.223095 0.033871
v -0.009744 0.221848 0.032511
v -0.007930 0.225974 0.031613
v -0.009755 0.225016 0.030067
v -0.010413 0.211714 0.009357
v -0.010434 0.208451 0.012435
v -0.010413 0.208691 0.013052
v -0.010413 0.212327 0.009678
v -0.010413 0.202656 0.014589
v -0.010413 0.203053 0.015105
v -0.010413 0.201530 0.015747
v -0.010413 0.202091 0.016083
v -0.010413 0.200957 0.017360
v -0.010413 0.201609 0.017442
v -0.010420 0.201077 0.019025
v -0.010413 0.201718 0.018840
v -0.011272 0.198738 0.014188
v -0.011278 0.197753 0.016968
v -0.013579 0.196817 0.012871
v -0.013586 0.195475 0.016662
v -0.016816 0.196157 0.012315
v -0.016798 0.194638 0.016539
v -0.016787 0.195110 0.021117
v -0.016767 0.196787 0.025987
v -0.011267 0.198108 0.020088
v -0.013587 0.195937 0.020908
v -0.011358 0.199776 0.025208
v -0.013629 0.197679 0.026001
v -0.022258 0.194630 0.016560
v -0.020236 0.196081 0.012457
v -0.024055 0.195080 0.021022
v -0.024953 0.196722 0.025797
v -0.018426 0.199308 0.009176
v -0.016848 0.204949 0.007205
v -0.016846 0.199317 0.009173
v -0.013567 0.199729 0.009943
v -0.011253 0.200992 0.011907
v -0.016367 0.206391 0.006007
v -0.015742 0.207092 0.004410
v -0.013600 0.205585 0.007834
v -0.013648 0.206950 0.006453
v -0.011250 0.206782 0.009873
v -0.011282 0.208948 0.007654
v -0.013713 0.207684 0.004408
v -0.011225 0.210169 0.004691
v -0.010413 0.213205 0.004873
v -0.024017 0.198191 0.030063
v -0.021852 0.199394 0.033559
v -0.019388 0.200153 0.035763
v -0.016681 0.200704 0.037296
v -0.013567 0.202001 0.038447
v -0.011275 0.204668 0.039162
v -0.010413 0.208966 0.039210
v -0.010413 0.208189 0.039413
v -0.007810 0.221417 0.035516
v -0.009751 0.219596 0.035067
v -0.009729 0.218746 0.036322
v -0.004814 0.211379 0.039558
v -0.002898 0.212355 0.039051
v -0.008745 0.207369 0.040846
v -0.009533 0.204365 0.040667
v -0.008140 0.207109 0.040796
v -0.008776 0.204265 0.040578
v -0.017146 0.205730 0.005598
v -0.016477 0.206336 0.004190
v -0.019443 0.198732 0.008735
v -0.017737 0.204447 0.006584
v -0.021324 0.195493 0.012162
v -0.023317 0.194046 0.016478
v -0.025067 0.194480 0.020852
v -0.025882 0.196004 0.025796
v -0.024909 0.197574 0.030338
v -0.022550 0.198850 0.034055
v -0.019831 0.199627 0.036390
v -0.016485 0.200394 0.038385
v -0.013294 0.201711 0.039583
v -0.009912 0.208171 0.040520
v -0.010740 0.204850 0.040319
v -0.010413 0.203584 0.024084
v -0.010418 0.202908 0.024273
v -0.009750 0.228890 0.028251
v -0.007943 0.229467 0.029949
v -0.010413 0.213827 0.004921
v -0.007222 0.209776 0.040110
v -0.006716 0.209187 0.040138
v -0.004543 0.210571 0.039626
v -0.000555 0.229208 0.028920
v -0.001657 0.222227 0.034781
v -0.001956 0.217807 0.036642
v -0.001761 0.221132 0.035500
v -0.001795 0.210792 0.037996
v -0.001088 0.229409 0.029935
v -0.001299 0.225947 0.031650
v -0.001563 0.223142 0.033885
v -0.002347 0.229676 0.030564
v -0.002537 0.226472 0.032185
v -0.002836 0.222702 0.035324
v -0.002763 0.223691 0.034399
v -0.003587 0.212610 0.039134
v -0.009765 0.214638 0.038431
v -0.009032 0.218175 0.037220
v -0.002400 0.221538 0.035956
v -0.005294 0.221592 0.036036
v -0.002944 0.221608 0.036030
v -0.007423 0.220508 0.036417
v -0.009751 0.209067 0.040349
v -0.009792 0.213657 0.038769
v -0.003171 0.218316 0.037164
v -0.002514 0.218180 0.037038
v -0.002222 0.211418 0.038575
v -0.008590 0.200924 0.040886
v -0.007904 0.201372 0.040715
v -0.006101 0.198519 0.041326
v -0.005731 0.199172 0.041119
v -0.002821 0.197687 0.041649
v -0.002761 0.198384 0.041441
v 0.000573 0.198405 0.041751
v 0.000291 0.199026 0.041521
v 0.002465 0.199880 0.041659
v 0.002154 0.200508 0.041465
v 0.004594 0.200389 0.041463
v 0.004189 0.201103 0.041153
v 0.006345 0.202140 0.041216
v 0.005608 0.202514 0.040944
v 0.007011 0.204348 0.041121
v 0.006164 0.204378 0.040866
v 0.007111 0.206720 0.041145
v 0.006395 0.206501 0.040925
v -0.007407 0.201668 0.040217
v -0.005460 0.199706 0.040514
v -0.002794 0.198938 0.040857
v -0.000003 0.199513 0.040951
v 0.001826 0.201036 0.040901
v 0.003905 0.201487 0.040735
v 0.005142 0.202715 0.040530
v 0.005623 0.204441 0.040467
v 0.005775 0.206433 0.040437
v -0.008157 0.204299 0.040114
v -0.006845 0.202004 0.026442
v -0.005174 0.200268 0.026442
v -0.002828 0.199522 0.026442
v -0.000313 0.200029 0.026442
v 0.001479 0.201595 0.026442
v -0.007487 0.204325 0.026442
v -0.006880 0.206650 0.026539
v -0.005151 0.208519 0.026539
v -0.003978 0.209183 0.026539
v -0.007569 0.206836 0.040265
v -0.006287 0.208671 0.039867
v -0.004306 0.209958 0.039370
v -0.001122 0.210923 0.026639
v -0.001367 0.217207 0.035774
v -0.000718 0.225413 0.030702
v -0.000980 0.222562 0.032989
v 0.005627 0.229451 0.029928
v 0.006247 0.229630 0.030398
v 0.005656 0.225134 0.031998
v 0.006358 0.225462 0.032473
v 0.005684 0.222022 0.034916
v 0.006413 0.222301 0.035442
v 0.008436 0.225243 0.032315
v 0.008435 0.221990 0.035292
v 0.008497 0.229489 0.030089
v 0.009929 0.224317 0.031146
v 0.009917 0.220870 0.034325
v 0.010416 0.223267 0.029635
v 0.010406 0.219723 0.032906
v 0.010413 0.228102 0.026862
v 0.009926 0.228913 0.028715
v 0.010415 0.222707 0.028865
v 0.010415 0.219124 0.032177
v 0.010413 0.227599 0.026060
v 0.009877 0.205008 0.040526
v 0.009765 0.208219 0.040620
v 0.010325 0.205195 0.039909
v 0.010161 0.209821 0.039896
v 0.006408 0.205829 0.040953
v 0.007123 0.205992 0.041135
v 0.005802 0.205814 0.040525
v 0.009752 0.207442 0.040623
v 0.010322 0.208591 0.039919
v 0.009708 0.198702 0.040633
v 0.010369 0.198934 0.039875
v 0.010409 0.195680 0.040464
v 0.011080 0.196111 0.039745
v 0.012022 0.193136 0.039989
v 0.012716 0.194003 0.039322
v 0.012369 0.193684 0.039769
v 0.011914 0.196097 0.035273
v 0.010237 0.216233 0.037562
v 0.010411 0.216909 0.036829
v 0.009853 0.219047 0.036783
v 0.009919 0.219522 0.036094
v 0.006410 0.221912 0.035756
v 0.008153 0.221481 0.035896
v 0.010413 0.215478 0.037260
v 0.005683 0.221638 0.035231
v 0.006438 0.221411 0.035934
v 0.008061 0.220972 0.036247
v 0.005699 0.221141 0.035428
v 0.009923 0.216287 0.037862
v 0.009409 0.218976 0.036936
v 0.009816 0.209997 0.040028
v 0.009363 0.208578 0.040517
v 0.007116 0.207355 0.040938
v 0.006388 0.207100 0.040705
v 0.005750 0.206977 0.040206
v 0.011886 0.196294 0.036050
v -0.011328 0.198308 0.040206
v -0.016066 0.198065 0.038564
v -0.015995 0.191580 0.038593
v -0.019701 0.197862 0.036561
v -0.019589 0.191665 0.036892
v -0.022704 0.197674 0.033981
v -0.023045 0.191613 0.034187
v 0.009117 0.207844 0.040751
v 0.009187 0.204847 0.040735
v 0.009120 0.207080 0.040751
v 0.008890 0.198936 0.040795
v 0.008801 0.208272 0.040622
v 0.009624 0.195009 0.040651
v -0.025359 0.191832 0.020646
v 0.011306 0.192571 0.040146
v -0.025551 0.191722 0.030081
v -0.026351 0.191875 0.025591
v -0.021733 0.191656 0.011831
v -0.023543 0.191629 0.016190
v 0.005063 0.206775 0.038841
v 0.005063 0.224406 0.030953
v 0.005063 0.221053 0.033983
v 0.005063 0.229065 0.028799
v 0.007251 0.225462 0.032529
v 0.007251 0.222242 0.035483
v 0.007152 0.229622 0.030395
v 0.007156 0.221841 0.035930
v 0.007138 0.221305 0.036134
v -0.010586 0.200316 0.017282
v -0.010585 0.200971 0.015436
v -0.010581 0.202323 0.014053
v -0.010597 0.208118 0.011923
v -0.010586 0.211161 0.009016
v -0.010575 0.212598 0.004837
v -0.010585 0.207485 0.039363
v -0.008903 0.206768 0.040810
v -0.008285 0.206539 0.040766
v -0.010078 0.207507 0.040480
v -0.010589 0.200483 0.019237
v -0.010606 0.202281 0.024460
v -0.007686 0.206329 0.040235
v -0.008441 0.207851 0.040699
v -0.007863 0.207534 0.040669
v -0.007312 0.207203 0.040186
v 0.016774 0.191328 0.038245
v 0.031645 0.174669 0.025279
v 0.032253 0.173513 0.021539
v -0.019261 0.174071 0.000639
v -0.018929 0.185069 0.002790
v -0.019073 0.184855 0.003445
v -0.019631 0.188863 0.005796
v -0.019706 0.187554 0.005730
v -0.021065 0.185421 0.008073
v -0.020760 0.185021 0.007506
v -0.023681 0.173987 0.010450
v -0.022787 0.173827 0.009330
v -0.024198 0.171204 0.010746
v -0.023300 0.170912 0.009671
v -0.022814 0.169164 0.011728
v -0.021891 0.169161 0.010676
v -0.020479 0.171160 0.006951
v -0.018994 0.169149 0.008270
v -0.019229 0.171212 0.003204
v -0.017285 0.169149 0.003964
v -0.019796 0.182775 0.005770
v -0.019166 0.182832 0.004282
v -0.028892 0.169721 0.023888
v -0.027138 0.167725 0.023164
v -0.028483 0.161245 0.029085
v -0.026895 0.161122 0.026799
v -0.019823 0.169162 0.011202
v -0.016031 0.169149 0.006117
v -0.000000 0.161122 0.026799
v -0.024189 0.161122 0.026799
v -0.024432 0.167725 0.023164
v -0.011174 0.103889 0.040250
v -0.015995 0.105860 0.038589
v -0.020740 0.108705 0.036263
v -0.025220 0.113038 0.033303
v -0.025274 0.156228 0.033268
v -0.029208 0.120014 0.029866
v -0.029219 0.121682 0.029859
v 0.023772 0.110365 0.034344
v 0.027981 0.116011 0.031012
v 0.019339 0.106745 0.037027
v 0.014533 0.104021 0.039164
v -0.015995 0.147419 0.038593
v -0.020761 0.147419 0.036253
v 0.023772 0.153997 0.034344
v 0.019340 0.153997 0.037029
v -0.029501 0.118717 0.029085
v -0.027913 0.118594 0.026799
v -0.024189 0.118594 0.026799
v -0.024189 0.121702 0.026799
v -0.027867 0.121702 0.026799
v -0.029455 0.121826 0.029085
v -0.000119 0.102005 0.041739
v -0.005634 0.102423 0.041377
v 0.004314 0.102252 0.041544
v -0.000000 0.095370 0.026799
v 0.010210 0.103445 0.040482
v -0.006217 0.095883 0.026799
v -0.012720 0.098125 0.026799
v -0.017933 0.101264 0.026799
v -0.022474 0.105189 0.026799
v -0.026454 0.110907 0.026799
v 0.000066 0.093544 0.028864
v -0.006452 0.094056 0.028864
v -0.013520 0.096374 0.028864
v -0.019271 0.099752 0.028864
v -0.023911 0.104005 0.028704
v -0.028495 0.111910 0.029210
v -0.000510 0.094560 0.037878
v -0.006171 0.095108 0.037471
v 0.000102 0.093495 0.033771
v -0.006630 0.094236 0.033679
v -0.011253 0.096360 0.036324
v -0.016372 0.098527 0.034391
v -0.020871 0.101480 0.032092
v -0.024061 0.104648 0.030263
v -0.011876 0.095747 0.032726
v -0.016690 0.098120 0.031574
v -0.020386 0.100693 0.030397
v -0.028765 0.170828 0.023973
v -0.028023 0.161381 0.029855
v -0.026186 0.163189 0.032310
v 0.029179 0.118512 0.029795
v 0.029218 0.121785 0.029755
v 0.029648 0.117734 0.028828
v 0.028086 0.118594 0.026799
v 0.024361 0.118594 0.026799
v 0.024361 0.121702 0.026799
v 0.028040 0.121702 0.026799
v 0.029646 0.121878 0.028833
v 0.005090 0.095779 0.026799
v 0.012892 0.098125 0.026799
v 0.018106 0.101264 0.026799
v 0.022646 0.105189 0.026799
v 0.026627 0.111220 0.026799
v 0.005291 0.093952 0.028865
v 0.013693 0.096374 0.028865
v 0.019444 0.099752 0.028865
v 0.024462 0.104574 0.028558
v 0.028126 0.111379 0.029636
v 0.004981 0.094840 0.037530
v 0.005309 0.094088 0.033124
v 0.010459 0.096074 0.036495
v 0.015026 0.097820 0.034999
v 0.020129 0.101137 0.032739
v 0.024601 0.105594 0.030752
v 0.010571 0.095368 0.032716
v 0.015230 0.097411 0.031751
v 0.019716 0.100320 0.030396
v 0.024361 0.160990 0.026799
v 0.028040 0.160990 0.026799
v 0.028880 0.160833 0.027107
v 0.029264 0.155984 0.029694
v 0.029260 0.161948 0.029706
v 0.032240 0.171740 0.016476
v 0.031631 0.169482 0.025290
v 0.014533 0.105051 0.039164
v -0.015995 0.104829 0.038589
v -0.011174 0.102859 0.040250
v -0.025220 0.112008 0.033303
v -0.020740 0.107674 0.036263
v -0.029208 0.118983 0.029866
v 0.023772 0.111395 0.034344
v 0.027981 0.117042 0.031012
v 0.019339 0.107775 0.037027
v -0.000119 0.100974 0.041739
v 0.004314 0.101221 0.041544
v -0.005634 0.101392 0.041377
v 0.010210 0.102414 0.040482
v 0.029179 0.117481 0.029795
v 0.003162 0.207284 0.000017
v 0.028877 0.155840 0.027124
v -0.000458 0.097415 0.040716
v -0.005923 0.097893 0.040314
v -0.011448 0.099144 0.039127
v -0.016497 0.101253 0.037297
v -0.021460 0.104414 0.034743
v -0.026120 0.108872 0.031437
v 0.024617 0.107122 0.032622
v 0.015013 0.100415 0.037898
v 0.004961 0.097695 0.040452
v 0.010216 0.098831 0.039455
v 0.020184 0.103294 0.035477
v 0.028461 0.111499 0.028854
v 0.011474 0.216767 0.000000
v 0.011474 0.217544 0.004905
v 0.011474 0.237545 0.015096
v 0.011474 0.245481 0.009330
v 0.011474 0.247736 0.004905
v 0.011474 0.227735 0.015096
v 0.011474 0.223310 0.012841
v 0.011474 0.219798 0.009330
v 0.011474 0.241970 0.012841
v 0.011474 0.232640 0.015873
v -0.011474 0.245481 0.009330
v -0.011474 0.241970 0.012841
v -0.011474 0.227735 0.015096
v -0.011474 0.223310 0.012842
v -0.011474 0.217544 0.004905
v -0.011474 0.219799 0.009330
v -0.011474 0.232640 0.015873
v -0.011474 0.237545 0.015096
v -0.011474 0.247736 0.004905
v 0.017375 0.195697 0.030839
v 0.018038 0.191853 0.030561
v 0.019046 0.188271 0.029359
v 0.020332 0.185195 0.027315
v 0.021806 0.182834 0.024567
v 0.023369 0.181350 0.021304
v 0.024915 0.180844 0.017747
v 0.026337 0.181350 0.014139
v 0.027539 0.182834 0.010727
v 0.028439 0.185195 0.007741
v 0.028976 0.188271 0.005387
v 0.029113 0.191853 0.003823
v 0.028841 0.195697 0.003158
v 0.028178 0.199541 0.003436
v 0.027170 0.203123 0.004638
v 0.025884 0.206199 0.006683
v 0.024410 0.208560 0.009430
v 0.022847 0.210044 0.012694
v 0.021301 0.210550 0.016250
v 0.019879 0.210044 0.019858
v 0.018677 0.208560 0.023271
v 0.017777 0.206199 0.026256
v 0.017240 0.203123 0.028611
v 0.017103 0.199541 0.030174
v 0.015363 0.195505 0.031881
v 0.016102 0.191216 0.031571
v 0.017227 0.187219 0.030230
v 0.018661 0.183787 0.027949
v 0.020306 0.181154 0.024884
v 0.022050 0.179499 0.021243
v 0.023774 0.178934 0.017275
v 0.025361 0.179499 0.013250
v 0.026702 0.181154 0.009442
v 0.027707 0.183787 0.006111
v 0.028306 0.187219 0.003484
v 0.028459 0.191216 0.001741
v 0.028155 0.195505 0.000998
v 0.027415 0.199794 0.001308
v 0.026290 0.203790 0.002650
v 0.024856 0.207222 0.004931
v 0.023211 0.209855 0.007996
v 0.021467 0.211511 0.011637
v 0.019743 0.212076 0.015605
v 0.018156 0.211511 0.019630
v 0.016815 0.209856 0.023438
v 0.015811 0.207222 0.026768
v 0.015212 0.203790 0.029395
v 0.015059 0.199794 0.031139
v 0.014057 0.195313 0.031220
v 0.014792 0.191052 0.030912
v 0.015909 0.187082 0.029580
v 0.017334 0.183673 0.027314
v 0.018968 0.181057 0.024269
v 0.020700 0.179413 0.020653
v 0.022413 0.178852 0.016711
v 0.023989 0.179413 0.012713
v 0.025321 0.181057 0.008930
v 0.026319 0.183673 0.005622
v 0.026914 0.187082 0.003012
v 0.027066 0.191052 0.001280
v 0.026764 0.195313 0.000543
v 0.026030 0.199573 0.000851
v 0.024912 0.203543 0.002183
v 0.023488 0.206952 0.004449
v 0.021854 0.209568 0.007494
v 0.020121 0.211212 0.011110
v 0.018409 0.211773 0.015052
v 0.016832 0.211212 0.019050
v 0.015500 0.209568 0.022833
v 0.014502 0.206952 0.026141
v 0.013907 0.203543 0.028751
v 0.013755 0.199573 0.030483
v 0.016987 0.195275 0.023395
v 0.017352 0.193157 0.023242
v 0.017907 0.191184 0.022580
v 0.018615 0.189490 0.021454
v 0.019427 0.188189 0.019940
v 0.020289 0.187372 0.018143
v 0.021140 0.187093 0.016183
v 0.021923 0.187372 0.014196
v 0.022585 0.188189 0.012316
v 0.023081 0.189490 0.010672
v 0.023377 0.191184 0.009375
v 0.023452 0.193157 0.008514
v 0.023303 0.195275 0.008147
v 0.022937 0.197392 0.008301
v 0.022382 0.199365 0.008963
v 0.021674 0.201060 0.010089
v 0.020862 0.202360 0.011602
v 0.020001 0.203177 0.013400
v 0.019150 0.203456 0.015359
v 0.018366 0.203177 0.017346
v 0.017704 0.202360 0.019226
v 0.017208 0.201060 0.020871
v 0.016912 0.199365 0.022168
v 0.016837 0.197392 0.023029
v 0.016580 0.195217 0.023227
v 0.016945 0.193099 0.023073
v 0.017501 0.191126 0.022411
v 0.018208 0.189432 0.021285
v 0.019021 0.188131 0.019772
v 0.019882 0.187314 0.017974
v 0.020733 0.187035 0.016015
v 0.021516 0.187314 0.014028
v 0.022178 0.188131 0.012148
v 0.022674 0.189432 0.010503
v 0.022970 0.191126 0.009206
v 0.023046 0.193099 0.008345
v 0.022896 0.195217 0.007979
v 0.022530 0.197334 0.008132
v 0.021975 0.199307 0.008794
v 0.021267 0.201002 0.009920
v 0.020455 0.202302 0.011434
v 0.019594 0.203119 0.013231
v 0.018743 0.203398 0.015191
v 0.017959 0.203119 0.017178
v 0.017297 0.202302 0.019058
v 0.016801 0.201002 0.020702
v 0.016505 0.199307 0.021999
v 0.016430 0.197334 0.022860
v 0.018600 0.210728 0.019574
v 0.020105 0.211263 0.015755
v 0.026708 0.181926 0.009908
v 0.025435 0.180355 0.013520
v 0.021741 0.210728 0.011990
v 0.023396 0.209157 0.008536
v 0.023930 0.179820 0.017339
v 0.022294 0.180356 0.021104
v 0.020640 0.181926 0.024558
v 0.019079 0.184425 0.027467
v 0.024957 0.206659 0.005628
v 0.026317 0.203403 0.003463
v 0.015949 0.195542 0.031198
v 0.015661 0.199611 0.030493
v 0.017718 0.187681 0.029631
v 0.016651 0.191473 0.030903
v 0.027384 0.199611 0.002191
v 0.028086 0.195542 0.001897
v 0.015806 0.203403 0.028839
v 0.016375 0.206659 0.026346
v 0.028374 0.191473 0.002601
v 0.028229 0.187681 0.004256
v 0.017327 0.209157 0.023186
v 0.027661 0.184425 0.006748
v 0.020138 0.210284 0.011389
v 0.021769 0.208735 0.007984
v 0.022296 0.179813 0.016662
v 0.020683 0.180342 0.020374
v 0.019052 0.181890 0.023779
v 0.017513 0.184353 0.026646
v 0.023308 0.206272 0.005117
v 0.024649 0.203062 0.002983
v 0.014428 0.195313 0.030324
v 0.014144 0.199324 0.029630
v 0.016172 0.187563 0.028780
v 0.015120 0.191301 0.030034
v 0.025701 0.199324 0.001729
v 0.026393 0.195313 0.001439
v 0.014287 0.203062 0.027999
v 0.014847 0.206272 0.025542
v 0.026677 0.191301 0.002133
v 0.026534 0.187563 0.003764
v 0.015787 0.208735 0.022427
v 0.017041 0.210284 0.018865
v 0.025974 0.184353 0.006221
v 0.025034 0.181890 0.009336
v 0.018525 0.210812 0.015101
v 0.023780 0.180342 0.012898
v 0.018922 0.195917 0.031480
v 0.019585 0.192073 0.031202
v 0.020593 0.188491 0.030000
v 0.021879 0.185415 0.027955
v 0.023353 0.183055 0.025208
v 0.024916 0.181571 0.021945
v 0.026462 0.181065 0.018388
v 0.027884 0.181571 0.014780
v 0.029086 0.183055 0.011367
v 0.029986 0.185415 0.008382
v 0.030523 0.188491 0.006027
v 0.030660 0.192073 0.004464
v 0.030388 0.195917 0.003799
v 0.029725 0.199762 0.004077
v 0.028717 0.203344 0.005279
v 0.027431 0.206420 0.007324
v 0.025957 0.208780 0.010071
v 0.024394 0.210264 0.013335
v 0.022848 0.210770 0.016891
v 0.021426 0.210264 0.020499
v 0.020224 0.208780 0.023912
v 0.019324 0.206420 0.026897
v 0.018787 0.203344 0.029252
v 0.018650 0.199762 0.030815
v 0.018213 0.195807 0.031004
v 0.018869 0.192006 0.030729
v 0.019866 0.188465 0.029540
v 0.021136 0.185423 0.027519
v 0.022594 0.183089 0.024802
v 0.024140 0.181622 0.021576
v 0.025668 0.181122 0.018059
v 0.027074 0.181622 0.014492
v 0.028262 0.183089 0.011118
v 0.029153 0.185423 0.008166
v 0.029683 0.188465 0.005838
v 0.029819 0.192006 0.004293
v 0.029550 0.195807 0.003635
v 0.028894 0.199608 0.003910
v 0.027897 0.203150 0.005098
v 0.026627 0.206191 0.007120
v 0.025169 0.208525 0.009836
v 0.023623 0.209992 0.013063
v 0.022095 0.210492 0.016579
v 0.020689 0.209992 0.020146
v 0.019500 0.208525 0.023521
v 0.018610 0.206191 0.026472
v 0.018080 0.203150 0.028800
v 0.017944 0.199608 0.030346
v 0.019608 0.196110 0.033640
v 0.020348 0.191821 0.033330
v 0.021473 0.187824 0.031989
v 0.022907 0.184392 0.029708
v 0.024552 0.181759 0.026642
v 0.026296 0.180104 0.023001
v 0.028020 0.179539 0.019033
v 0.029607 0.180104 0.015008
v 0.030948 0.181759 0.011201
v 0.031952 0.184392 0.007870
v 0.032551 0.187824 0.005243
v 0.032704 0.191821 0.003499
v 0.032400 0.196110 0.002757
v 0.031661 0.200399 0.003067
v 0.030536 0.204395 0.004408
v 0.029102 0.207827 0.006689
v 0.027457 0.210460 0.009755
v 0.025713 0.212116 0.013395
v 0.023989 0.212681 0.017364
v 0.022402 0.212116 0.021389
v 0.021061 0.210460 0.025196
v 0.020056 0.207827 0.028527
v 0.019457 0.204395 0.031154
v 0.019304 0.200399 0.032898
v 0.020999 0.196302 0.034096
v 0.021733 0.192041 0.033788
v 0.022851 0.188071 0.032455
v 0.024275 0.184662 0.030189
v 0.025909 0.182046 0.027144
v 0.027642 0.180402 0.023528
v 0.029354 0.179841 0.019586
v 0.030931 0.180402 0.015588
v 0.032263 0.182046 0.011806
v 0.033261 0.184662 0.008497
v 0.033856 0.188071 0.005888
v 0.034008 0.192041 0.004155
v 0.033706 0.196302 0.003418
v 0.032971 0.200562 0.003726
v 0.031854 0.204532 0.005058
v 0.030429 0.207941 0.007324
v 0.028795 0.210557 0.010369
v 0.027063 0.212202 0.013986
v 0.025350 0.212762 0.017927
v 0.023774 0.212202 0.021926
v 0.022442 0.210557 0.025708
v 0.021444 0.207941 0.029017
v 0.020849 0.204532 0.031626
v 0.020697 0.200562 0.033358
v 0.024460 0.196340 0.026491
v 0.024826 0.194222 0.026338
v 0.025381 0.192249 0.025675
v 0.026089 0.190555 0.024549
v 0.026901 0.189254 0.023036
v 0.027762 0.188437 0.021238
v 0.028613 0.188158 0.019279
v 0.029397 0.188437 0.017292
v 0.030059 0.189254 0.015412
v 0.030555 0.190555 0.013768
v 0.030851 0.192249 0.012471
v 0.030926 0.194222 0.011610
v 0.030776 0.196340 0.011243
v 0.030411 0.198457 0.011396
v 0.029856 0.200430 0.012058
v 0.029148 0.202125 0.013185
v 0.028335 0.203425 0.014698
v 0.027474 0.204242 0.016496
v 0.026623 0.204521 0.018455
v 0.025840 0.204242 0.020442
v 0.025178 0.203425 0.022322
v 0.024682 0.202125 0.023966
v 0.024386 0.200430 0.025263
v 0.024310 0.198457 0.026124
v 0.024867 0.196398 0.026659
v 0.025232 0.194280 0.026506
v 0.025788 0.192307 0.025844
v 0.026496 0.190613 0.024718
v 0.027308 0.189312 0.023204
v 0.028169 0.188495 0.021407
v 0.029020 0.188216 0.019448
v 0.029804 0.188495 0.017460
v 0.030466 0.189312 0.015581
v 0.030962 0.190613 0.013936
v 0.031258 0.192307 0.012639
v 0.031333 0.194280 0.011778
v 0.031183 0.196398 0.011412
v 0.030818 0.198515 0.011565
v 0.030262 0.200488 0.012227
v 0.029554 0.202183 0.013353
v 0.028742 0.203483 0.014867
v 0.027881 0.204300 0.016664
v 0.027030 0.204579 0.018623
v 0.026247 0.204300 0.020611
v 0.025584 0.203483 0.022490
v 0.025089 0.202183 0.024135
v 0.024793 0.200488 0.025432
v 0.024717 0.198515 0.026293
v 0.028025 0.196398 0.019036
v 0.022328 0.211259 0.021118
v 0.023833 0.211795 0.017299
v 0.030436 0.182457 0.011452
v 0.029163 0.180887 0.015064
v 0.025469 0.211259 0.013534
v 0.027123 0.209688 0.010080
v 0.027658 0.180351 0.018883
v 0.026022 0.180887 0.022648
v 0.024367 0.182457 0.026102
v 0.022806 0.184956 0.029011
v 0.028684 0.207190 0.007172
v 0.030045 0.203934 0.005007
v 0.019677 0.196073 0.032742
v 0.019389 0.200142 0.032037
v 0.021446 0.188212 0.031175
v 0.020379 0.192004 0.032447
v 0.031112 0.200142 0.003735
v 0.031814 0.196073 0.003441
v 0.019534 0.203934 0.030383
v 0.020102 0.207190 0.027890
v 0.032102 0.192004 0.004145
v 0.031957 0.188212 0.005800
v 0.021055 0.209688 0.024730
v 0.031388 0.184956 0.008292
v 0.027080 0.211273 0.014264
v 0.028711 0.209725 0.010859
v 0.029237 0.180803 0.019538
v 0.027625 0.181331 0.023249
v 0.025994 0.182879 0.026655
v 0.024455 0.185342 0.029522
v 0.030249 0.207261 0.007992
v 0.031591 0.204051 0.005858
v 0.021370 0.196302 0.033200
v 0.021086 0.200313 0.032505
v 0.023114 0.188552 0.031655
v 0.022062 0.192290 0.032910
v 0.032643 0.200313 0.004604
v 0.033335 0.196302 0.004314
v 0.021229 0.204051 0.030874
v 0.021789 0.207261 0.028417
v 0.033619 0.192290 0.005008
v 0.033476 0.188552 0.006639
v 0.022728 0.209725 0.025302
v 0.023983 0.211273 0.021741
v 0.032916 0.185342 0.009096
v 0.031976 0.182879 0.012212
v 0.025467 0.211801 0.017976
v 0.030722 0.181331 0.015773
v -0.022525 0.190914 -0.001097
v -0.021851 0.184255 -0.005015
v -0.019749 0.180411 -0.011413
v -0.016781 0.180411 -0.018578
v -0.013743 0.184255 -0.024589
v -0.011450 0.190914 -0.027835
v -0.010515 0.198602 -0.027448
v -0.011188 0.205260 -0.023530
v -0.013291 0.209104 -0.017132
v -0.016259 0.209104 -0.009968
v -0.019296 0.205260 -0.003957
v -0.021590 0.198602 -0.000710
v -0.024569 0.190661 -0.000132
v -0.023817 0.183233 -0.004503
v -0.021471 0.178944 -0.011641
v -0.018160 0.178944 -0.019635
v -0.014771 0.183233 -0.026341
v -0.012212 0.190661 -0.029963
v -0.011169 0.199239 -0.029531
v -0.011921 0.206667 -0.025160
v -0.014267 0.210956 -0.018022
v -0.017578 0.210956 -0.010029
v -0.020967 0.206667 -0.003322
v -0.023525 0.199239 0.000300
v -0.025872 0.190882 -0.000788
v -0.025125 0.183503 -0.005130
v -0.022795 0.179242 -0.012221
v -0.019507 0.179242 -0.020161
v -0.016140 0.183503 -0.026823
v -0.013598 0.190882 -0.030421
v -0.012562 0.199403 -0.029992
v -0.013309 0.206782 -0.025650
v -0.015639 0.211042 -0.018559
v -0.018928 0.211042 -0.010619
v -0.022294 0.206782 -0.003957
v -0.024836 0.199403 -0.000359
v -0.022791 0.193063 -0.008243
v -0.022420 0.189395 -0.010401
v -0.021262 0.187278 -0.013925
v -0.019627 0.187278 -0.017872
v -0.017954 0.189395 -0.021182
v -0.016690 0.193063 -0.022971
v -0.016175 0.197298 -0.022758
v -0.016546 0.200965 -0.020600
v -0.017705 0.203083 -0.017075
v -0.019339 0.203083 -0.013129
v -0.021012 0.200965 -0.009818
v -0.022276 0.197298 -0.008030
v -0.023198 0.193121 -0.008411
v -0.022827 0.189453 -0.010569
v -0.021668 0.187336 -0.014094
v -0.020034 0.187336 -0.018040
v -0.018361 0.189453 -0.021351
v -0.017097 0.193121 -0.023139
v -0.016582 0.197356 -0.022926
v -0.016953 0.201023 -0.020768
v -0.018111 0.203141 -0.017244
v -0.019746 0.203141 -0.013297
v -0.021419 0.201023 -0.009986
v -0.022683 0.197356 -0.008198
v -0.017334 0.210099 -0.010167
v -0.017887 0.179727 -0.019281
v -0.014192 0.210099 -0.017751
v -0.021028 0.179727 -0.011698
v -0.023253 0.183796 -0.004925
v -0.011967 0.206030 -0.024524
v -0.022977 0.198982 -0.000368
v -0.023967 0.190844 -0.000778
v -0.011253 0.198982 -0.028671
v -0.020549 0.206030 -0.003805
v -0.012243 0.190844 -0.029081
v -0.014671 0.183796 -0.025644
v -0.015848 0.210113 -0.018374
v -0.022586 0.180171 -0.012406
v -0.024780 0.184183 -0.005729
v -0.013654 0.206102 -0.025051
v -0.024508 0.199154 -0.001237
v -0.025484 0.191131 -0.001641
v -0.012951 0.199154 -0.029139
v -0.022114 0.206102 -0.004625
v -0.013926 0.191131 -0.029543
v -0.018944 0.210113 -0.010898
v -0.016320 0.184183 -0.026155
v -0.019490 0.180171 -0.019882
v -0.020978 0.190693 -0.000457
v -0.020304 0.184035 -0.004374
v -0.018202 0.180191 -0.010773
v -0.015234 0.180191 -0.017937
v -0.012196 0.184035 -0.023948
v -0.009903 0.190693 -0.027195
v -0.008968 0.198382 -0.026807
v -0.009642 0.205040 -0.022890
v -0.011744 0.208884 -0.016491
v -0.014712 0.208884 -0.009327
v -0.017749 0.205040 -0.003316
v -0.020043 0.198382 -0.000069
v -0.021684 0.190847 -0.000926
v -0.021017 0.184264 -0.004799
v -0.018939 0.180463 -0.011125
v -0.016004 0.180463 -0.018209
v -0.013001 0.184264 -0.024152
v -0.010733 0.190847 -0.027362
v -0.009809 0.198448 -0.026979
v -0.010475 0.205032 -0.023106
v -0.012554 0.208832 -0.016779
v -0.015488 0.208832 -0.009696
v -0.018491 0.205032 -0.003753
v -0.020759 0.198448 -0.000543
v -0.020323 0.190056 0.001626
v -0.019571 0.182628 -0.002745
v -0.017226 0.178339 -0.009883
v -0.013915 0.178339 -0.017876
v -0.010526 0.182628 -0.024582
v -0.007967 0.190056 -0.028205
v -0.006924 0.198634 -0.027772
v -0.007676 0.206062 -0.023402
v -0.010021 0.210351 -0.016263
v -0.013332 0.210351 -0.008270
v -0.016721 0.206062 -0.001564
v -0.019280 0.198634 0.002058
v -0.018931 0.189893 0.002087
v -0.018184 0.182514 -0.002255
v -0.015854 0.178253 -0.009346
v -0.012565 0.178253 -0.017286
v -0.009198 0.182514 -0.023947
v -0.006657 0.189893 -0.027546
v -0.005620 0.198413 -0.027116
v -0.006367 0.205792 -0.022775
v -0.008697 0.210053 -0.015684
v -0.011986 0.210053 -0.007744
v -0.015352 0.205792 -0.001082
v -0.017894 0.198413 0.002516
v -0.015317 0.191998 -0.005147
v -0.014946 0.188330 -0.007305
v -0.013788 0.186213 -0.010829
v -0.012153 0.186213 -0.014776
v -0.010480 0.188330 -0.018087
v -0.009217 0.191998 -0.019875
v -0.008702 0.196233 -0.019662
v -0.009073 0.199900 -0.017504
v -0.010231 0.202018 -0.013980
v -0.011866 0.202018 -0.010033
v -0.013539 0.199900 -0.006722
v -0.014802 0.196233 -0.004934
v -0.014910 0.191940 -0.004979
v -0.014539 0.188272 -0.007137
v -0.013381 0.186155 -0.010661
v -0.011746 0.186155 -0.014607
v -0.010073 0.188272 -0.017918
v -0.008810 0.191940 -0.019707
v -0.008295 0.196175 -0.019493
v -0.008666 0.199842 -0.017335
v -0.009824 0.201960 -0.013811
v -0.011459 0.201960 -0.009865
v -0.013132 0.199842 -0.006554
v -0.014395 0.196175 -0.004765
v -0.013606 0.209568 -0.008623
v -0.014159 0.179196 -0.017737
v -0.010465 0.209568 -0.016207
v -0.017300 0.179196 -0.010154
v -0.019526 0.183265 -0.003381
v -0.008239 0.205499 -0.022980
v -0.019249 0.198451 0.001176
v -0.020239 0.190313 0.000766
v -0.007526 0.198451 -0.027127
v -0.016821 0.205499 -0.002261
v -0.008516 0.190313 -0.027537
v -0.010944 0.183265 -0.024100
v -0.008906 0.209124 -0.015499
v -0.015645 0.179182 -0.009531
v -0.017839 0.183193 -0.002854
v -0.006712 0.205113 -0.022175
v -0.017566 0.198165 0.001638
v -0.018542 0.190142 0.001234
v -0.006009 0.198164 -0.026263
v -0.015173 0.205113 -0.001750
v -0.006985 0.190142 -0.026668
v -0.012003 0.209124 -0.008022
v -0.009378 0.183193 -0.023280
v -0.012548 0.179182 -0.017007
v 0.009238 0.194537 0.027469
v 0.009900 0.190693 0.027191
v 0.010909 0.187111 0.025988
v 0.012194 0.184035 0.023944
v 0.013668 0.181675 0.021196
v 0.015232 0.180191 0.017933
v 0.016777 0.179685 0.014376
v 0.018199 0.180191 0.010769
v 0.019401 0.181675 0.007356
v 0.020302 0.184035 0.004370
v 0.020839 0.187111 0.002016
v 0.020976 0.190693 0.000453
v 0.020703 0.194537 -0.000213
v 0.020040 0.198382 0.000065
v 0.019032 0.201964 0.001268
v 0.017747 0.205040 0.003312
v 0.016272 0.207400 0.006060
v 0.014709 0.208884 0.009323
v 0.013164 0.209390 0.012880
v 0.011742 0.208884 0.016487
v 0.010539 0.207400 0.019900
v 0.009639 0.205040 0.022886
v 0.009102 0.201964 0.025240
v 0.008965 0.198382 0.026803
v 0.007225 0.194345 0.028511
v 0.007965 0.190056 0.028201
v 0.009090 0.186060 0.026859
v 0.010524 0.182628 0.024578
v 0.012169 0.179994 0.021513
v 0.013913 0.178339 0.017872
v 0.015637 0.177774 0.013904
v 0.017223 0.178339 0.009879
v 0.018565 0.179994 0.006071
v 0.019569 0.182628 0.002741
v 0.020168 0.186060 0.000114
v 0.020321 0.190056 -0.001630
v 0.020017 0.194345 -0.002372
v 0.019278 0.198634 -0.002062
v 0.018153 0.202631 -0.000721
v 0.016719 0.206062 0.001560
v 0.015074 0.208696 0.004625
v 0.013330 0.210351 0.008266
v 0.011606 0.210916 0.012234
v 0.010019 0.210351 0.016259
v 0.008678 0.208696 0.020067
v 0.007673 0.206062 0.023398
v 0.007074 0.202631 0.026025
v 0.006921 0.198634 0.027768
v 0.005920 0.194153 0.027850
v 0.006654 0.189893 0.027542
v 0.007772 0.185923 0.026209
v 0.009196 0.182514 0.023943
v 0.010830 0.179898 0.020898
v 0.012563 0.178253 0.017282
v 0.014275 0.177692 0.013340
v 0.015851 0.178253 0.009342
v 0.017184 0.179898 0.005560
v 0.018181 0.182514 0.002251
v 0.018777 0.185923 -0.000358
v 0.018928 0.189893 -0.002091
v 0.018627 0.194153 -0.002828
v 0.017892 0.198413 -0.002520
v 0.016774 0.202383 -0.001188
v 0.015350 0.205792 0.001078
v 0.013716 0.208408 0.004123
v 0.011984 0.210053 0.007740
v 0.010271 0.210614 0.011681
v 0.008695 0.210053 0.015680
v 0.007362 0.208408 0.019462
v 0.006365 0.205792 0.022771
v 0.005770 0.202383 0.025380
v 0.005618 0.198413 0.027112
v 0.008849 0.194115 0.020024
v 0.009214 0.191998 0.019871
v 0.009770 0.190024 0.019209
v 0.010478 0.188330 0.018083
v 0.011290 0.187030 0.016569
v 0.012151 0.186213 0.014772
v 0.013002 0.185934 0.012813
v 0.013786 0.186213 0.010826
v 0.014448 0.187030 0.008946
v 0.014944 0.188330 0.007301
v 0.015239 0.190024 0.006004
v 0.015315 0.191998 0.005143
v 0.015165 0.194115 0.004777
v 0.014800 0.196233 0.004930
v 0.014244 0.198206 0.005592
v 0.013536 0.199900 0.006718
v 0.012724 0.201200 0.008232
v 0.011863 0.202018 0.010029
v 0.011012 0.202296 0.011988
v 0.010229 0.202018 0.013976
v 0.009566 0.201200 0.015856
v 0.009071 0.199900 0.017500
v 0.008775 0.198206 0.018797
v 0.008699 0.196233 0.019658
v 0.008442 0.194057 0.019856
v 0.008808 0.191940 0.019703
v 0.009363 0.189966 0.019041
v 0.010071 0.188272 0.017914
v 0.010883 0.186972 0.016401
v 0.011744 0.186155 0.014603
v 0.012595 0.185876 0.012644
v 0.013379 0.186155 0.010657
v 0.014041 0.186972 0.008777
v 0.014537 0.188272 0.007133
v 0.014833 0.189966 0.005836
v 0.014908 0.191940 0.004975
v 0.014758 0.194057 0.004608
v 0.014393 0.196175 0.004761
v 0.013837 0.198148 0.005424
v 0.013130 0.199842 0.006550
v 0.012317 0.201142 0.008063
v 0.011456 0.201960 0.009861
v 0.010605 0.202238 0.011820
v 0.009822 0.201960 0.013807
v 0.009160 0.201142 0.015687
v 0.008664 0.199842 0.017331
v 0.008368 0.198148 0.018628
v 0.008292 0.196175 0.019489
v 0.011600 0.194057 0.012232
v 0.010462 0.209568 0.016203
v 0.011968 0.210104 0.012384
v 0.018570 0.180766 0.006537
v 0.017298 0.179196 0.010150
v 0.013604 0.209568 0.008620
v 0.015258 0.207998 0.005165
v 0.015792 0.178660 0.013969
v 0.014157 0.179196 0.017733
v 0.012502 0.180766 0.021188
v 0.010941 0.183265 0.024096
v 0.016819 0.205499 0.002257
v 0.018179 0.202243 0.000093
v 0.007812 0.194382 0.027827
v 0.007524 0.198451 0.027123
v 0.009581 0.186521 0.026260
v 0.008513 0.190313 0.027533
v 0.019247 0.198451 -0.001180
v 0.019949 0.194382 -0.001474
v 0.007669 0.202243 0.025468
v 0.008237 0.205499 0.022976
v 0.020237 0.190313 -0.000770
v 0.020092 0.186521 0.000885
v 0.009190 0.207998 0.019816
v 0.019523 0.183265 0.003377
v 0.012001 0.209124 0.008018
v 0.013632 0.207576 0.004613
v 0.014158 0.178654 0.013292
v 0.012546 0.179182 0.017003
v 0.010914 0.180730 0.020409
v 0.009376 0.183193 0.023276
v 0.015170 0.205113 0.001746
v 0.016512 0.201903 -0.000388
v 0.006291 0.194153 0.026954
v 0.006007 0.198165 0.026259
v 0.008035 0.186403 0.025409
v 0.006982 0.190142 0.026664
v 0.017564 0.198164 -0.001642
v 0.018256 0.194153 -0.001932
v 0.006150 0.201903 0.024628
v 0.006710 0.205113 0.022171
v 0.018540 0.190142 -0.001238
v 0.018397 0.186403 0.000393
v 0.007649 0.207576 0.019056
v 0.008904 0.209124 0.015495
v 0.017836 0.183193 0.002850
v 0.016897 0.180730 0.005966
v 0.010388 0.209652 0.011730
v 0.015642 0.179182 0.009527
v 0.010784 0.194758 0.028109
v 0.011447 0.190914 0.027831
v 0.012456 0.187331 0.026629
v 0.013741 0.184255 0.024585
v 0.015215 0.181895 0.021837
v 0.016779 0.180411 0.018574
v 0.018324 0.179905 0.015017
v 0.019746 0.180411 0.011409
v 0.020948 0.181895 0.007997
v 0.021849 0.184255 0.005011
v 0.022386 0.187331 0.002657
v 0.022523 0.190914 0.001094
v 0.022250 0.194758 0.000428
v 0.021587 0.198602 0.000706
v 0.020579 0.202184 0.001908
v 0.019294 0.205260 0.003953
v 0.017819 0.207621 0.006700
v 0.016256 0.209104 0.009964
v 0.014711 0.209611 0.013521
v 0.013289 0.209104 0.017128
v 0.012086 0.207621 0.020541
v 0.011186 0.205260 0.023526
v 0.010649 0.202184 0.025881
v 0.010512 0.198602 0.027444
v 0.010076 0.194648 0.027633
v 0.010731 0.190847 0.027358
v 0.011728 0.187305 0.026169
v 0.012999 0.184264 0.024148
v 0.014457 0.181930 0.021431
v 0.016002 0.180463 0.018205
v 0.017530 0.179962 0.014688
v 0.018936 0.180463 0.011121
v 0.020125 0.181930 0.007747
v 0.021015 0.184264 0.004795
v 0.021546 0.187305 0.002467
v 0.021681 0.190847 0.000922
v 0.021412 0.194648 0.000264
v 0.020757 0.198448 0.000539
v 0.019760 0.201990 0.001727
v 0.018489 0.205032 0.003749
v 0.017031 0.207365 0.006465
v 0.015486 0.208832 0.009692
v 0.013958 0.209333 0.013209
v 0.012552 0.208832 0.016776
v 0.011363 0.207365 0.020150
v 0.010473 0.205032 0.023102
v 0.009942 0.201990 0.025430
v 0.009807 0.198448 0.026975
v 0.011471 0.194950 0.030269
v 0.012210 0.190661 0.029959
v 0.013335 0.186665 0.028618
v 0.014769 0.183233 0.026337
v 0.016414 0.180599 0.023272
v 0.018158 0.178944 0.019631
v 0.019882 0.178379 0.015663
v 0.021469 0.178944 0.011638
v 0.022810 0.180599 0.007830
v 0.023815 0.183233 0.004499
v 0.024414 0.186665 0.001872
v 0.024567 0.190661 0.000128
v 0.024263 0.194950 -0.000614
v 0.023523 0.199239 -0.000304
v 0.022398 0.203236 0.001037
v 0.020964 0.206667 0.003319
v 0.019319 0.209301 0.006384
v 0.017575 0.210956 0.010025
v 0.015851 0.211521 0.013993
v 0.014264 0.210956 0.018018
v 0.012923 0.209301 0.021825
v 0.011919 0.206667 0.025156
v 0.011320 0.203236 0.027783
v 0.011167 0.199239 0.029527
v 0.012861 0.195142 0.030725
v 0.013596 0.190882 0.030417
v 0.014713 0.186912 0.029085
v 0.016138 0.183503 0.026819
v 0.017772 0.180887 0.023774
v 0.019504 0.179242 0.020157
v 0.021217 0.178682 0.016215
v 0.022793 0.179242 0.012217
v 0.024125 0.180887 0.008435
v 0.025123 0.183503 0.005126
v 0.025718 0.186912 0.002517
v 0.025870 0.190882 0.000785
v 0.025568 0.195142 0.000047
v 0.024834 0.199403 0.000355
v 0.023716 0.203373 0.001688
v 0.022292 0.206782 0.003953
v 0.020658 0.209398 0.006998
v 0.018925 0.211042 0.010615
v 0.017213 0.211603 0.014557
v 0.015636 0.211042 0.018555
v 0.014304 0.209398 0.022337
v 0.013306 0.206782 0.025646
v 0.012711 0.203373 0.028255
v 0.012559 0.199403 0.029988
v 0.016323 0.195180 0.023120
v 0.016688 0.193063 0.022967
v 0.017244 0.191089 0.022305
v 0.017951 0.189395 0.021179
v 0.018764 0.188095 0.019665
v 0.019625 0.187278 0.017868
v 0.020476 0.186999 0.015908
v 0.021259 0.187278 0.013921
v 0.021921 0.188095 0.012041
v 0.022417 0.189395 0.010397
v 0.022713 0.191089 0.009100
v 0.022789 0.193063 0.008239
v 0.022639 0.195180 0.007872
v 0.022273 0.197298 0.008026
v 0.021718 0.199271 0.008688
v 0.021010 0.200965 0.009814
v 0.020198 0.202265 0.011327
v 0.019337 0.203083 0.013125
v 0.018486 0.203361 0.015084
v 0.017702 0.203083 0.017071
v 0.017040 0.202265 0.018951
v 0.016544 0.200965 0.020596
v 0.016248 0.199271 0.021893
v 0.016173 0.197298 0.022754
v 0.016730 0.195238 0.023289
v 0.017095 0.193121 0.023136
v 0.017650 0.191147 0.022473
v 0.018358 0.189453 0.021347
v 0.019170 0.188153 0.019834
v 0.020032 0.187336 0.018036
v 0.020883 0.187057 0.016077
v 0.021666 0.187336 0.014090
v 0.022328 0.188153 0.012210
v 0.022824 0.189453 0.010565
v 0.023120 0.191147 0.009269
v 0.023195 0.193121 0.008407
v 0.023046 0.195238 0.008041
v 0.022680 0.197356 0.008194
v 0.022125 0.199329 0.008856
v 0.021417 0.201023 0.009983
v 0.020605 0.202323 0.011496
v 0.019744 0.203141 0.013293
v 0.018893 0.203419 0.015253
v 0.018109 0.203141 0.017240
v 0.017447 0.202323 0.019120
v 0.016951 0.201023 0.020764
v 0.016655 0.199329 0.022061
v 0.016580 0.197356 0.022922
v 0.014190 0.210099 0.017747
v 0.015695 0.210635 0.013928
v 0.022298 0.181298 0.008081
v 0.021025 0.179727 0.011694
v 0.017331 0.210099 0.010164
v 0.018986 0.208529 0.006709
v 0.019520 0.179191 0.015513
v 0.017884 0.179727 0.019277
v 0.016230 0.181298 0.022732
v 0.014669 0.183796 0.025640
v 0.020547 0.206030 0.003801
v 0.021907 0.202774 0.001637
v 0.011539 0.194913 0.029371
v 0.011251 0.198982 0.028667
v 0.013308 0.187052 0.027804
v 0.012241 0.190844 0.029077
v 0.022974 0.198982 0.000364
v 0.023676 0.194913 0.000070
v 0.011396 0.202774 0.027012
v 0.011965 0.206030 0.024520
v 0.023964 0.190844 0.000774
v 0.023819 0.187052 0.002429
v 0.012917 0.208529 0.021360
v 0.023251 0.183796 0.004921
v 0.018942 0.210113 0.010894
v 0.020573 0.208565 0.007488
v 0.021100 0.179643 0.016167
v 0.019487 0.180171 0.019878
v 0.017856 0.181720 0.023284
v 0.016318 0.184183 0.026151
v 0.022112 0.206102 0.004621
v 0.023453 0.202892 0.002488
v 0.013232 0.195142 0.029829
v 0.012948 0.199154 0.029135
v 0.014976 0.187393 0.028284
v 0.013924 0.191131 0.029539
v 0.024505 0.199154 0.001233
v 0.025197 0.195142 0.000943
v 0.013091 0.202892 0.027504
v 0.013651 0.206102 0.025047
v 0.025481 0.191131 0.001637
v 0.025338 0.187393 0.003269
v 0.014591 0.208565 0.021931
v 0.015845 0.210113 0.018370
v 0.024778 0.184183 0.005726
v 0.023839 0.181719 0.008841
v 0.017330 0.210641 0.014605
v 0.022584 0.180171 0.012402
v -0.030657 0.192073 -0.004466
v -0.029983 0.185415 -0.008384
v -0.027881 0.181571 -0.014782
v -0.024913 0.181571 -0.021946
v -0.021876 0.185415 -0.027957
v -0.019582 0.192073 -0.031204
v -0.018647 0.199762 -0.030817
v -0.019321 0.206420 -0.026899
v -0.021423 0.210264 -0.020501
v -0.024391 0.210264 -0.013336
v -0.027428 0.206420 -0.007325
v -0.029722 0.199762 -0.004079
v -0.032701 0.191821 -0.003501
v -0.031949 0.184392 -0.007872
v -0.029604 0.180104 -0.015010
v -0.026293 0.180104 -0.023003
v -0.022904 0.184392 -0.029709
v -0.020345 0.191821 -0.033332
v -0.019301 0.200399 -0.032899
v -0.020053 0.207827 -0.028529
v -0.022399 0.212116 -0.021390
v -0.025710 0.212116 -0.013397
v -0.029099 0.207827 -0.006691
v -0.031658 0.200399 -0.003069
v -0.034005 0.192041 -0.004157
v -0.033258 0.184662 -0.008499
v -0.030928 0.180402 -0.015590
v -0.027639 0.180402 -0.023530
v -0.024272 0.184662 -0.030191
v -0.021730 0.192041 -0.033789
v -0.020694 0.200562 -0.033360
v -0.021441 0.207941 -0.029018
v -0.023771 0.212202 -0.021927
v -0.027060 0.212202 -0.013987
v -0.030426 0.207941 -0.007326
v -0.032968 0.200562 -0.003728
v -0.030787 0.194203 -0.011555
v -0.030419 0.190536 -0.013714
v -0.029263 0.188419 -0.017240
v -0.027631 0.188419 -0.021187
v -0.025958 0.190536 -0.024498
v -0.024694 0.194204 -0.026286
v -0.024177 0.198439 -0.026072
v -0.024546 0.202106 -0.023913
v -0.025701 0.204223 -0.020388
v -0.027334 0.204223 -0.016440
v -0.029006 0.202105 -0.013129
v -0.030270 0.198438 -0.011341
v -0.031330 0.194280 -0.011780
v -0.030959 0.190613 -0.013938
v -0.029801 0.188495 -0.017462
v -0.028166 0.188495 -0.021409
v -0.026493 0.190613 -0.024720
v -0.025229 0.194280 -0.026508
v -0.024714 0.198515 -0.026295
v -0.025086 0.202183 -0.024137
v -0.026244 0.204300 -0.020612
v -0.027878 0.204300 -0.016666
v -0.029551 0.202183 -0.013355
v -0.030815 0.198515 -0.011567
v -0.025466 0.211259 -0.013536
v -0.026019 0.180887 -0.022650
v -0.022325 0.211259 -0.021120
v -0.029160 0.180887 -0.015066
v -0.031385 0.184956 -0.008294
v -0.020099 0.207190 -0.027892
v -0.031109 0.200142 -0.003737
v -0.032099 0.192004 -0.004147
v -0.019386 0.200142 -0.032039
v -0.028681 0.207190 -0.007173
v -0.020376 0.192004 -0.032449
v -0.022803 0.184956 -0.029012
v -0.024108 0.211291 -0.021795
v -0.030856 0.181350 -0.015832
v -0.033045 0.185361 -0.009153
v -0.021919 0.207280 -0.028474
v -0.032764 0.200331 -0.004657
v -0.033743 0.192309 -0.005063
v -0.021221 0.200333 -0.032565
v -0.030369 0.207279 -0.008045
v -0.022201 0.192311 -0.032970
v -0.027201 0.211291 -0.014318
v -0.024595 0.185363 -0.029583
v -0.027763 0.181351 -0.023310
v -0.029110 0.191853 -0.003825
v -0.028436 0.185195 -0.007743
v -0.026334 0.181350 -0.014141
v -0.023366 0.181350 -0.021305
v -0.020329 0.185195 -0.027316
v -0.018035 0.191853 -0.030563
v -0.017100 0.199541 -0.030176
v -0.017774 0.206199 -0.026258
v -0.019876 0.210044 -0.019860
v -0.022844 0.210044 -0.012695
v -0.025881 0.206199 -0.006685
v -0.028175 0.199541 -0.003438
v -0.029816 0.192006 -0.004294
v -0.029150 0.185423 -0.008168
v -0.027071 0.181622 -0.014494
v -0.024137 0.181622 -0.021577
v -0.021133 0.185423 -0.027520
v -0.018866 0.192006 -0.030730
v -0.017941 0.199608 -0.030347
v -0.018607 0.206191 -0.026474
v -0.020686 0.209992 -0.020148
v -0.023620 0.209992 -0.013064
v -0.026624 0.206191 -0.007121
v -0.028891 0.199608 -0.003911
v -0.028456 0.191216 -0.001742
v -0.027704 0.183787 -0.006113
v -0.025358 0.179499 -0.013251
v -0.022047 0.179499 -0.021245
v -0.018658 0.183787 -0.027951
v -0.016099 0.191216 -0.031573
v -0.015056 0.199794 -0.031141
v -0.015808 0.207222 -0.026770
v -0.018153 0.211511 -0.019632
v -0.021464 0.211511 -0.011639
v -0.024853 0.207222 -0.004932
v -0.027412 0.199794 -0.001310
v -0.027063 0.191052 -0.001282
v -0.026316 0.183673 -0.005623
v -0.023986 0.179413 -0.012714
v -0.020697 0.179413 -0.020654
v -0.017331 0.183673 -0.027316
v -0.014789 0.191052 -0.030914
v -0.013752 0.199573 -0.030485
v -0.014499 0.206952 -0.026143
v -0.016829 0.211212 -0.019052
v -0.020118 0.211212 -0.011112
v -0.023485 0.206952 -0.004451
v -0.026027 0.199573 -0.000852
v -0.023449 0.193157 -0.008516
v -0.023078 0.189490 -0.010674
v -0.021920 0.187372 -0.014198
v -0.020286 0.187372 -0.018144
v -0.018612 0.189490 -0.021455
v -0.017349 0.193157 -0.023244
v -0.016834 0.197392 -0.023030
v -0.017205 0.201060 -0.020872
v -0.018363 0.203177 -0.017348
v -0.019998 0.203177 -0.013402
v -0.021671 0.201060 -0.010091
v -0.022934 0.197392 -0.008302
v -0.023043 0.193099 -0.008347
v -0.022671 0.189432 -0.010505
v -0.021513 0.187314 -0.014029
v -0.019879 0.187314 -0.017976
v -0.018205 0.189432 -0.021287
v -0.016942 0.193099 -0.023075
v -0.016427 0.197334 -0.022862
v -0.016798 0.201002 -0.020704
v -0.017956 0.203119 -0.017180
v -0.019591 0.203119 -0.013233
v -0.021264 0.201002 -0.009922
v -0.022527 0.197334 -0.008134
v -0.021738 0.210728 -0.011992
v -0.022291 0.180355 -0.021106
v -0.018597 0.210728 -0.019576
v -0.025432 0.180356 -0.013522
v -0.027658 0.184425 -0.006750
v -0.016371 0.206659 -0.026348
v -0.027381 0.199611 -0.002193
v -0.028371 0.191473 -0.002603
v -0.015658 0.199611 -0.030495
v -0.024954 0.206659 -0.005629
v -0.016648 0.191473 -0.030905
v -0.019076 0.184425 -0.027468
v -0.017038 0.210284 -0.018867
v -0.023777 0.180342 -0.012899
v -0.025971 0.184353 -0.006223
v -0.014844 0.206272 -0.025544
v -0.025698 0.199324 -0.001730
v -0.026674 0.191301 -0.002134
v -0.014141 0.199324 -0.029632
v -0.023305 0.206272 -0.005118
v -0.015117 0.191301 -0.030036
v -0.020135 0.210284 -0.011391
v -0.017510 0.184353 -0.026648
v -0.020680 0.180342 -0.020376
v -0.029861 0.196660 -0.019791
v 0.029861 0.196660 0.019791
v -0.011474 0.232640 0.000000
v 0.011474 0.232640 -0.000000
v 0.006736 0.150252 0.038978
v -0.006736 0.150252 -0.038978
v 0.004666 0.203071 0.032193
v 0.003967 0.202382 0.030316
v -0.005101 0.204358 -0.032166
v -0.004749 0.203112 -0.028091
v 0.014842 0.195447 0.031989
v 0.014318 0.195370 0.031737
v 0.015070 0.191013 0.031422
v 0.015595 0.191081 0.031674
v 0.016213 0.186953 0.030059
v 0.016740 0.187013 0.030308
v 0.017670 0.183467 0.027742
v 0.018200 0.183520 0.027987
v 0.019341 0.180791 0.024628
v 0.019874 0.180840 0.024866
v 0.021112 0.179110 0.020929
v 0.021649 0.179155 0.021161
v 0.022864 0.178536 0.016898
v 0.023404 0.178580 0.017121
v 0.024476 0.179110 0.012809
v 0.025019 0.179155 0.013025
v 0.025838 0.180791 0.008940
v 0.026385 0.180840 0.009149
v 0.026859 0.183467 0.005557
v 0.027407 0.183520 0.005759
v 0.027467 0.186953 0.002888
v 0.028017 0.187013 0.003085
v 0.027623 0.191013 0.001116
v 0.028172 0.191081 0.001310
v 0.027314 0.195370 0.000362
v 0.027863 0.195447 0.000554
v 0.026563 0.199727 0.000677
v 0.027110 0.199812 0.000870
v 0.025420 0.203788 0.002040
v 0.025965 0.203880 0.002235
v 0.023963 0.207274 0.004357
v 0.024506 0.207374 0.004557
v 0.022292 0.209949 0.007471
v 0.022831 0.210054 0.007677
v 0.020520 0.211631 0.011170
v 0.021056 0.211739 0.011383
v 0.018769 0.212205 0.015201
v 0.019301 0.212314 0.015422
v 0.017157 0.211631 0.019290
v 0.017686 0.211739 0.019519
v 0.015794 0.209949 0.023159
v 0.016321 0.210054 0.023395
v 0.014774 0.207274 0.026542
v 0.015299 0.207374 0.026785
v 0.014165 0.203788 0.029211
v 0.014689 0.203880 0.029459
v 0.014010 0.199727 0.030983
v 0.014533 0.199812 0.031234
v 0.020449 0.196244 0.034276
v 0.019900 0.196168 0.034084
v 0.020653 0.191802 0.033769
v 0.021200 0.191887 0.033961
v 0.021798 0.187734 0.032403
v 0.022343 0.187827 0.032598
v 0.023257 0.184241 0.030081
v 0.023800 0.184340 0.030281
v 0.024932 0.181560 0.026961
v 0.025471 0.181665 0.027167
v 0.026707 0.179875 0.023255
v 0.027243 0.179983 0.023468
v 0.028462 0.179300 0.019216
v 0.028994 0.179410 0.019437
v 0.030077 0.179875 0.015119
v 0.030606 0.179983 0.015348
v 0.031442 0.181560 0.011244
v 0.031969 0.181665 0.011480
v 0.032464 0.184241 0.007853
v 0.032989 0.184340 0.008096
v 0.033074 0.187734 0.005180
v 0.033598 0.187827 0.005427
v 0.033230 0.191802 0.003404
v 0.033753 0.191887 0.003656
v 0.032921 0.196168 0.002649
v 0.033444 0.196244 0.002902
v 0.032168 0.200533 0.002965
v 0.032693 0.200601 0.003217
v 0.031023 0.204601 0.004330
v 0.031550 0.204661 0.004579
v 0.029563 0.208094 0.006652
v 0.030093 0.208148 0.006897
v 0.027889 0.210775 0.009772
v 0.028422 0.210823 0.010011
v 0.026114 0.212460 0.013478
v 0.026651 0.212505 0.013709
v 0.024359 0.213035 0.017517
v 0.024899 0.213078 0.017741
v 0.022743 0.212460 0.021614
v 0.023287 0.212505 0.021830
v 0.021378 0.210775 0.025489
v 0.021924 0.210823 0.025698
v 0.020356 0.208094 0.028880
v 0.020904 0.208148 0.029081
v 0.019746 0.204601 0.031554
v 0.020296 0.204661 0.031750
v 0.019591 0.200533 0.033329
v 0.020140 0.200601 0.033522
v -0.025618 0.190727 -0.000289
v -0.025095 0.190642 -0.000038
v -0.024854 0.183181 -0.004729
v -0.024329 0.183081 -0.004487
v -0.022471 0.178824 -0.011981
v -0.021942 0.178716 -0.011753
v -0.019107 0.178824 -0.020101
v -0.018572 0.178716 -0.019889
v -0.015665 0.183181 -0.026914
v -0.015122 0.183081 -0.026715
v -0.013065 0.190727 -0.030594
v -0.012517 0.190642 -0.030402
v -0.012005 0.199441 -0.030155
v -0.011455 0.199373 -0.029962
v -0.012769 0.206988 -0.025715
v -0.012221 0.206935 -0.025513
v -0.015152 0.211345 -0.018463
v -0.014608 0.211300 -0.018247
v -0.018515 0.211345 -0.010343
v -0.017978 0.211300 -0.010111
v -0.021958 0.206988 -0.003530
v -0.021428 0.206935 -0.003285
v -0.024558 0.199441 0.000150
v -0.024033 0.199373 0.000402
v -0.020037 0.189922 0.002057
v -0.019487 0.189854 0.002250
v -0.019272 0.182360 -0.002392
v -0.018724 0.182307 -0.002190
v -0.016884 0.177995 -0.009658
v -0.016341 0.177950 -0.009442
v -0.013514 0.177995 -0.017794
v -0.012977 0.177950 -0.017562
v -0.010065 0.182360 -0.024620
v -0.009534 0.182307 -0.024375
v -0.007460 0.189922 -0.028307
v -0.006935 0.189854 -0.028055
v -0.006398 0.198653 -0.027867
v -0.005875 0.198568 -0.027616
v -0.007163 0.206214 -0.023418
v -0.006639 0.206115 -0.023175
v -0.009551 0.210580 -0.016152
v -0.009022 0.210472 -0.015924
v -0.012921 0.210580 -0.008016
v -0.012385 0.210472 -0.007803
v -0.016370 0.206214 -0.001190
v -0.015828 0.206115 -0.000991
v -0.018975 0.198653 0.002497
v -0.018428 0.198568 0.002689
v 0.006705 0.194287 0.028619
v 0.006181 0.194211 0.028366
v 0.006932 0.189854 0.028051
v 0.007458 0.189922 0.028303
v 0.008075 0.185794 0.026688
v 0.008603 0.185854 0.026938
v 0.009532 0.182307 0.024371
v 0.010062 0.182360 0.024616
v 0.011203 0.179632 0.021257
v 0.011737 0.179680 0.021496
v 0.012975 0.177950 0.017558
v 0.013512 0.177995 0.017790
v 0.014726 0.177376 0.013527
v 0.015267 0.177420 0.013751
v 0.016338 0.177950 0.009438
v 0.016882 0.177995 0.009654
v 0.017701 0.179632 0.005570
v 0.018247 0.179680 0.005778
v 0.018721 0.182307 0.002186
v 0.019269 0.182360 0.002388
v 0.019330 0.185794 -0.000483
v 0.019879 0.185854 -0.000286
v 0.019485 0.189854 -0.002254
v 0.020035 0.189922 -0.002061
v 0.019177 0.194211 -0.003008
v 0.019726 0.194287 -0.002817
v 0.018425 0.198568 -0.002693
v 0.018973 0.198653 -0.002501
v 0.017282 0.202628 -0.001331
v 0.017828 0.202721 -0.001136
v 0.015826 0.206115 0.000987
v 0.016368 0.206214 0.001186
v 0.014154 0.208790 0.004101
v 0.014694 0.208895 0.004306
v 0.012383 0.210472 0.007799
v 0.012919 0.210580 0.008012
v 0.010631 0.211045 0.011831
v 0.011164 0.211154 0.012051
v 0.009019 0.210472 0.015920
v 0.009549 0.210580 0.016148
v 0.007657 0.208790 0.019788
v 0.008183 0.208895 0.020024
v 0.006636 0.206115 0.023172
v 0.007161 0.206214 0.023414
v 0.006028 0.202628 0.025840
v 0.006551 0.202721 0.026088
v 0.005872 0.198568 0.027612
v 0.006396 0.198653 0.027863
v 0.012311 0.195084 0.030905
v 0.011762 0.195008 0.030713
v 0.012515 0.190642 0.030398
v 0.013063 0.190727 0.030590
v 0.013660 0.186574 0.029033
v 0.014206 0.186667 0.029228
v 0.015120 0.183081 0.026711
v 0.015662 0.183181 0.026910
v 0.016794 0.180401 0.023591
v 0.017333 0.180505 0.023796
v 0.018569 0.178716 0.019885
v 0.019105 0.178824 0.020097
v 0.020324 0.178141 0.015846
v 0.020857 0.178250 0.016066
v 0.021939 0.178716 0.011749
v 0.022469 0.178824 0.011977
v 0.023305 0.180401 0.007873
v 0.023831 0.180505 0.008109
v 0.024327 0.183081 0.004483
v 0.024852 0.183181 0.004725
v 0.024937 0.186574 0.001809
v 0.025460 0.186667 0.002057
v 0.025092 0.190642 0.000034
v 0.025615 0.190727 0.000285
v 0.024783 0.195008 -0.000722
v 0.025307 0.195084 -0.000469
v 0.024030 0.199373 -0.000406
v 0.024556 0.199441 -0.000154
v 0.022885 0.203441 0.000959
v 0.023413 0.203502 0.001209
v 0.021426 0.206935 0.003281
v 0.021956 0.206988 0.003526
v 0.019751 0.209615 0.006401
v 0.020285 0.209663 0.006640
v 0.017976 0.211300 0.010107
v 0.018513 0.211345 0.010339
v 0.016221 0.211875 0.014146
v 0.016762 0.211919 0.014370
v 0.014606 0.211300 0.018243
v 0.015150 0.211345 0.018459
v 0.013241 0.209615 0.022119
v 0.013787 0.209663 0.022327
v 0.012218 0.206935 0.025509
v 0.012767 0.206988 0.025711
v 0.011609 0.203442 0.028183
v 0.012158 0.203502 0.028379
v 0.011453 0.199373 0.029958
v 0.012003 0.199441 0.030151
v -0.033750 0.191887 -0.003657
v -0.033227 0.191802 -0.003406
v -0.032986 0.184340 -0.008098
v -0.032461 0.184241 -0.007855
v -0.030603 0.179983 -0.015350
v -0.030074 0.179875 -0.015121
v -0.027240 0.179983 -0.023470
v -0.026704 0.179875 -0.023257
v -0.023797 0.184340 -0.030283
v -0.023254 0.184241 -0.030083
v -0.021197 0.191887 -0.033963
v -0.020650 0.191802 -0.033770
v -0.020137 0.200601 -0.033524
v -0.019588 0.200533 -0.033330
v -0.020901 0.208148 -0.029083
v -0.020353 0.208094 -0.028881
v -0.023284 0.212505 -0.021831
v -0.022740 0.212460 -0.021615
v -0.026648 0.212505 -0.013711
v -0.026111 0.212460 -0.013479
v -0.030090 0.208148 -0.006898
v -0.029560 0.208094 -0.006653
v -0.032690 0.200601 -0.003218
v -0.032165 0.200533 -0.002966
v -0.028169 0.191081 -0.001311
v -0.027620 0.191013 -0.001118
v -0.027404 0.183520 -0.005760
v -0.026856 0.183467 -0.005558
v -0.025016 0.179155 -0.013026
v -0.024473 0.179110 -0.012810
v -0.021646 0.179155 -0.021162
v -0.021109 0.179110 -0.020931
v -0.018197 0.183520 -0.027988
v -0.017667 0.183467 -0.027743
v -0.015592 0.191081 -0.031675
v -0.015067 0.191013 -0.031423
v -0.014530 0.199812 -0.031236
v -0.014007 0.199727 -0.030984
v -0.015296 0.207374 -0.026787
v -0.014771 0.207274 -0.026544
v -0.017683 0.211739 -0.019521
v -0.017154 0.211631 -0.019292
v -0.021053 0.211739 -0.011385
v -0.020517 0.211631 -0.011172
v -0.024503 0.207374 -0.004559
v -0.023960 0.207274 -0.004359
v -0.027107 0.199812 -0.000871
v -0.026560 0.199727 -0.000679
v -0.008259 0.190457 -0.015499
v -0.007825 0.191717 -0.016114
v -0.030480 0.191782 -0.022276
v -0.029905 0.192510 -0.023414
v -0.029416 0.193472 -0.024262
v -0.028982 0.194732 -0.024877
v -0.010434 0.188415 -0.010949
v -0.009872 0.188415 -0.012306
v -0.009322 0.188767 -0.013513
v -0.008747 0.189494 -0.014651
v -0.032454 0.192510 -0.017259
v -0.032056 0.191782 -0.018471
v -0.031592 0.191430 -0.019713
v -0.031030 0.191430 -0.021069
v -0.011679 0.191717 -0.006809
v -0.011551 0.190457 -0.007550
v -0.011297 0.189494 -0.008495
v -0.010899 0.188767 -0.009706
v -0.032836 0.194733 -0.015573
v -0.032708 0.193472 -0.016314
v -0.028687 0.196047 -0.025139
v -0.028510 0.197502 -0.025066
v -0.010748 0.197062 -0.007217
v -0.011182 0.195802 -0.006603
v -0.011478 0.194487 -0.006341
v -0.011655 0.193032 -0.006415
v -0.030842 0.201767 -0.017968
v -0.031417 0.201039 -0.016830
v -0.031905 0.200077 -0.015982
v -0.032339 0.198816 -0.015367
v -0.008572 0.199104 -0.011767
v -0.009134 0.199104 -0.010411
v -0.009684 0.198752 -0.009204
v -0.010260 0.198025 -0.008066
v -0.028867 0.201039 -0.022984
v -0.029266 0.201767 -0.021773
v -0.029730 0.202119 -0.020531
v -0.030292 0.202119 -0.019175
v -0.007328 0.195802 -0.015908
v -0.007455 0.197062 -0.015166
v -0.007710 0.198025 -0.014221
v -0.008108 0.198752 -0.013010
v -0.028486 0.198816 -0.024671
v -0.028613 0.200077 -0.023930
v -0.007529 0.193032 -0.016375
v -0.007352 0.194487 -0.016302
v -0.032635 0.197502 -0.015105
v -0.032812 0.196047 -0.015179
v -0.030908 0.191843 -0.022453
v -0.030333 0.192571 -0.023591
v -0.029844 0.193533 -0.024439
v -0.029410 0.194793 -0.025054
v -0.032882 0.192571 -0.017437
v -0.032484 0.191843 -0.018648
v -0.032019 0.191491 -0.019890
v -0.031458 0.191491 -0.021247
v -0.033264 0.194793 -0.015750
v -0.033136 0.193533 -0.016492
v -0.029114 0.196107 -0.025316
v -0.028937 0.197563 -0.025243
v -0.031269 0.201828 -0.018145
v -0.031844 0.201100 -0.017007
v -0.032333 0.200138 -0.016159
v -0.032767 0.198877 -0.015544
v -0.029295 0.201100 -0.023162
v -0.029693 0.201828 -0.021950
v -0.030158 0.202180 -0.020708
v -0.030719 0.202180 -0.019352
v -0.028913 0.198877 -0.024848
v -0.029041 0.200138 -0.024107
v -0.033063 0.197563 -0.015282
v -0.033240 0.196108 -0.015356
v -0.030499 0.194214 -0.022624
v -0.031074 0.193487 -0.021486
v -0.029929 0.195742 -0.023475
v -0.030363 0.194482 -0.022860
v -0.031918 0.193487 -0.019449
v -0.032316 0.194215 -0.018238
v -0.031789 0.193389 -0.019795
v -0.031227 0.193389 -0.021151
v -0.032514 0.195742 -0.017234
v -0.032386 0.194482 -0.017975
v -0.029847 0.196108 -0.023547
v -0.029670 0.197563 -0.023474
v -0.031103 0.200184 -0.019112
v -0.031678 0.199456 -0.017974
v -0.031814 0.199189 -0.017738
v -0.032248 0.197928 -0.017124
v -0.030259 0.200184 -0.021149
v -0.029861 0.199456 -0.022360
v -0.030950 0.200282 -0.019447
v -0.030388 0.200282 -0.020804
v -0.029791 0.199189 -0.022623
v -0.029663 0.197928 -0.023364
v -0.032507 0.196108 -0.017124
v -0.032330 0.197563 -0.017051
v -0.029272 0.194040 -0.022116
v -0.029847 0.193312 -0.020978
v -0.028702 0.195567 -0.022966
v -0.029136 0.194307 -0.022352
v -0.030690 0.193312 -0.018941
v -0.031088 0.194040 -0.017730
v -0.030000 0.193214 -0.020643
v -0.030561 0.193214 -0.019286
v -0.031159 0.194307 -0.017467
v -0.031287 0.195568 -0.016726
v -0.028442 0.197388 -0.022966
v -0.028620 0.195933 -0.023039
v -0.030451 0.199281 -0.017466
v -0.029876 0.200009 -0.018604
v -0.031021 0.197753 -0.016615
v -0.030587 0.199014 -0.017230
v -0.029032 0.200009 -0.020641
v -0.028634 0.199281 -0.021852
v -0.029723 0.200107 -0.018939
v -0.029161 0.200107 -0.020295
v -0.028563 0.199014 -0.022115
v -0.028436 0.197753 -0.022856
v -0.031280 0.195933 -0.016616
v -0.031103 0.197388 -0.016543
v -0.022126 0.195493 -0.000485
v -0.022370 0.193108 -0.000718
v -0.022438 0.188654 -0.002083
v -0.022285 0.186743 -0.003111
v -0.021123 0.182347 -0.007429
v -0.020721 0.181611 -0.008654
v -0.018598 0.180002 -0.014331
v -0.018031 0.180002 -0.015702
v -0.015517 0.181611 -0.021217
v -0.014936 0.182347 -0.022367
v -0.012704 0.186744 -0.026242
v -0.012264 0.188021 -0.026865
v -0.010914 0.194022 -0.028060
v -0.010735 0.195493 -0.027986
v -0.010625 0.201499 -0.026184
v -0.010845 0.203292 -0.025037
v -0.011790 0.206839 -0.021534
v -0.012529 0.208164 -0.019295
v -0.014255 0.209448 -0.014686
v -0.015204 0.209422 -0.012404
v -0.017523 0.207905 -0.007329
v -0.018378 0.206730 -0.005668
v -0.020335 0.202773 -0.002304
v -0.020974 0.200789 -0.001444
v -0.024138 0.195686 0.000557
v -0.024391 0.193169 0.000302
v -0.024470 0.188079 -0.001259
v -0.024313 0.186076 -0.002327
v -0.022985 0.181051 -0.007263
v -0.022582 0.180315 -0.008487
v -0.020157 0.178476 -0.014976
v -0.019589 0.178476 -0.016347
v -0.016716 0.180315 -0.022651
v -0.016134 0.181051 -0.023801
v -0.013583 0.186077 -0.028231
v -0.013143 0.187354 -0.028853
v -0.011600 0.194214 -0.030220
v -0.011421 0.195686 -0.030146
v -0.011296 0.202550 -0.028086
v -0.011528 0.204418 -0.026882
v -0.012609 0.208472 -0.022878
v -0.013396 0.209881 -0.020494
v -0.015369 0.211349 -0.015226
v -0.016380 0.211319 -0.012796
v -0.019022 0.209585 -0.007012
v -0.019917 0.208348 -0.005279
v -0.022154 0.203824 -0.001433
v -0.022822 0.201739 -0.000539
v -0.025696 0.193367 -0.000358
v -0.025443 0.195881 -0.000105
v -0.025617 0.186321 -0.002973
v -0.025774 0.188323 -0.001905
v -0.023897 0.180602 -0.009095
v -0.024301 0.181341 -0.007865
v -0.020922 0.178779 -0.016903
v -0.021493 0.178779 -0.015526
v -0.017491 0.181341 -0.024306
v -0.018075 0.180602 -0.023150
v -0.014522 0.187602 -0.029320
v -0.014961 0.186324 -0.028698
v -0.012811 0.195881 -0.030601
v -0.012991 0.194403 -0.030675
v -0.012920 0.204552 -0.027356
v -0.012687 0.202684 -0.028560
v -0.014776 0.209977 -0.021009
v -0.013991 0.208570 -0.023388
v -0.017740 0.211402 -0.013363
v -0.016731 0.211431 -0.015788
v -0.021254 0.208447 -0.005896
v -0.020359 0.209683 -0.007630
v -0.024139 0.201880 -0.001191
v -0.023471 0.203964 -0.002085
v -0.022693 0.194441 -0.008004
v -0.022514 0.195919 -0.007930
v -0.022612 0.190498 -0.009556
v -0.022742 0.191778 -0.008803
v -0.021693 0.187810 -0.012701
v -0.022097 0.188549 -0.011471
v -0.020181 0.187096 -0.016596
v -0.020752 0.187096 -0.015219
v -0.019066 0.187810 -0.019042
v -0.018483 0.188549 -0.020197
v -0.017491 0.190502 -0.021918
v -0.017051 0.191780 -0.022540
v -0.016453 0.194441 -0.023071
v -0.016273 0.195919 -0.022996
v -0.016224 0.198582 -0.022197
v -0.016354 0.199862 -0.021444
v -0.016869 0.201812 -0.019529
v -0.017273 0.202551 -0.018299
v -0.018785 0.203264 -0.014404
v -0.018215 0.203264 -0.015781
v -0.020484 0.201812 -0.010803
v -0.019900 0.202551 -0.011959
v -0.021914 0.198582 -0.008461
v -0.021473 0.199862 -0.009085
v -0.023100 0.194499 -0.008173
v -0.022920 0.195977 -0.008098
v -0.023019 0.190556 -0.009725
v -0.023149 0.191836 -0.008972
v -0.022100 0.187868 -0.012870
v -0.022504 0.188607 -0.011640
v -0.020588 0.187154 -0.016765
v -0.021158 0.187154 -0.015387
v -0.018889 0.188607 -0.020366
v -0.019473 0.187868 -0.019210
v -0.017458 0.191838 -0.022709
v -0.017898 0.190560 -0.022087
v -0.016680 0.195977 -0.023165
v -0.016859 0.194499 -0.023239
v -0.016761 0.199920 -0.021612
v -0.016631 0.198640 -0.022365
v -0.017680 0.202609 -0.018468
v -0.017276 0.201870 -0.019698
v -0.019192 0.203322 -0.014573
v -0.018621 0.203322 -0.015950
v -0.020890 0.201870 -0.010972
v -0.020307 0.202609 -0.012127
v -0.022321 0.198640 -0.008629
v -0.021880 0.199920 -0.009253
v -0.016207 0.210440 -0.012771
v -0.015226 0.210467 -0.015128
v -0.016531 0.181014 -0.022111
v -0.015950 0.181749 -0.023261
v -0.013375 0.209091 -0.020071
v -0.012612 0.207723 -0.022383
v -0.019794 0.179288 -0.014826
v -0.019227 0.179288 -0.016197
v -0.022473 0.181749 -0.007514
v -0.022070 0.181014 -0.008738
v -0.011598 0.203920 -0.026139
v -0.011372 0.202089 -0.027315
v -0.023552 0.195649 -0.000127
v -0.023800 0.193197 -0.000371
v -0.023874 0.188421 -0.001835
v -0.023719 0.186464 -0.002883
v -0.011490 0.195649 -0.029247
v -0.011668 0.194178 -0.029322
v -0.021663 0.203363 -0.002032
v -0.022317 0.201327 -0.001155
v -0.013117 0.187742 -0.028040
v -0.013556 0.186464 -0.027417
v -0.018689 0.208813 -0.007338
v -0.019564 0.207607 -0.005640
v -0.015046 0.209123 -0.020651
v -0.014288 0.207764 -0.022949
v -0.021376 0.179740 -0.015477
v -0.020805 0.179740 -0.016855
v -0.024014 0.182173 -0.008271
v -0.023610 0.181434 -0.009501
v -0.013292 0.204030 -0.026636
v -0.013067 0.202203 -0.027808
v -0.025072 0.195881 -0.001000
v -0.025320 0.193441 -0.001242
v -0.025393 0.188752 -0.002679
v -0.025237 0.186801 -0.003725
v -0.013182 0.195881 -0.029705
v -0.013362 0.194403 -0.029780
v -0.023208 0.203483 -0.002885
v -0.023860 0.201456 -0.002010
v -0.014784 0.188083 -0.028520
v -0.015224 0.186805 -0.027898
v -0.020275 0.208850 -0.008120
v -0.021147 0.207650 -0.006427
v -0.017575 0.182173 -0.023816
v -0.018159 0.181434 -0.022660
v -0.016863 0.210474 -0.015799
v -0.017837 0.210447 -0.013456
v -0.020823 0.192887 -0.000077
v -0.020579 0.195273 0.000155
v -0.020738 0.186522 -0.002470
v -0.020891 0.188434 -0.001443
v -0.019174 0.181391 -0.008013
v -0.019576 0.182126 -0.006788
v -0.016484 0.179781 -0.015061
v -0.017051 0.179781 -0.013690
v -0.013389 0.182126 -0.021725
v -0.013970 0.181391 -0.020576
v -0.010717 0.187801 -0.026224
v -0.011157 0.186523 -0.025602
v -0.009188 0.195273 -0.027345
v -0.009366 0.193803 -0.027419
v -0.009298 0.203072 -0.024396
v -0.009078 0.201278 -0.025543
v -0.010982 0.207944 -0.018654
v -0.010244 0.206618 -0.020893
v -0.013657 0.209201 -0.011763
v -0.012708 0.209227 -0.014045
v -0.016831 0.206510 -0.005027
v -0.015976 0.207684 -0.006688
v -0.019427 0.200568 -0.000803
v -0.018788 0.202552 -0.001663
v -0.021530 0.193010 -0.000551
v -0.021288 0.195383 -0.000321
v -0.021445 0.186716 -0.002922
v -0.021598 0.188619 -0.001898
v -0.019897 0.181646 -0.008404
v -0.020300 0.182382 -0.007180
v -0.017237 0.180059 -0.015373
v -0.017805 0.180059 -0.014002
v -0.014177 0.182382 -0.021961
v -0.014758 0.181646 -0.020811
v -0.011536 0.187995 -0.026405
v -0.011976 0.186717 -0.025783
v -0.010026 0.195383 -0.027509
v -0.010205 0.193913 -0.027584
v -0.010136 0.203091 -0.024591
v -0.009918 0.201305 -0.025733
v -0.011803 0.207905 -0.018912
v -0.011069 0.206588 -0.021137
v -0.014448 0.209145 -0.012100
v -0.013505 0.209171 -0.014368
v -0.017586 0.206481 -0.005440
v -0.016734 0.207649 -0.007094
v -0.020152 0.200605 -0.001266
v -0.019516 0.202579 -0.002123
v -0.020146 0.192564 0.002060
v -0.019893 0.195081 0.002315
v -0.020068 0.185471 -0.000568
v -0.020225 0.187474 0.000499
v -0.018337 0.179710 -0.006728
v -0.018739 0.180446 -0.005504
v -0.015343 0.177871 -0.014589
v -0.015911 0.177871 -0.013218
v -0.011889 0.180445 -0.022042
v -0.012470 0.179710 -0.020892
v -0.008898 0.186750 -0.027095
v -0.009338 0.185472 -0.026473
v -0.007175 0.195081 -0.028387
v -0.007354 0.193610 -0.028462
v -0.007283 0.203813 -0.025123
v -0.007050 0.201944 -0.026328
v -0.009150 0.209276 -0.018736
v -0.008364 0.207867 -0.021120
v -0.012134 0.210714 -0.011037
v -0.011123 0.210744 -0.013467
v -0.015671 0.207743 -0.003520
v -0.014777 0.208980 -0.005254
v -0.018576 0.201134 0.001220
v -0.017909 0.203219 0.000326
v -0.018502 0.194892 0.002771
v -0.018755 0.192378 0.002517
v -0.018833 0.187333 0.000970
v -0.018676 0.185331 -0.000098
v -0.017359 0.180351 -0.004990
v -0.016955 0.179612 -0.006219
v -0.014552 0.177790 -0.012649
v -0.013981 0.177789 -0.014026
v -0.011132 0.179613 -0.020277
v -0.010551 0.180349 -0.021427
v -0.008020 0.185335 -0.025823
v -0.007580 0.186613 -0.026445
v -0.006049 0.193419 -0.027800
v -0.005870 0.194890 -0.027726
v -0.005746 0.201695 -0.025684
v -0.005978 0.203563 -0.024481
v -0.007049 0.207581 -0.020513
v -0.007834 0.208987 -0.018134
v -0.009789 0.210441 -0.012913
v -0.010798 0.210412 -0.010488
v -0.013418 0.208694 -0.004754
v -0.014312 0.207458 -0.003021
v -0.016530 0.202975 0.000791
v -0.017197 0.200891 0.001685
v -0.015040 0.194854 -0.004834
v -0.015220 0.193376 -0.004909
v -0.015268 0.190713 -0.005708
v -0.015139 0.189433 -0.006461
v -0.014623 0.187484 -0.008376
v -0.014219 0.186745 -0.009606
v -0.013279 0.186031 -0.012121
v -0.012708 0.186031 -0.013499
v -0.011011 0.187481 -0.017098
v -0.011592 0.186745 -0.015948
v -0.009578 0.190715 -0.019445
v -0.010018 0.189437 -0.018822
v -0.008799 0.194852 -0.019901
v -0.008978 0.193381 -0.019975
v -0.008880 0.198797 -0.018348
v -0.008751 0.197517 -0.019101
v -0.009800 0.201486 -0.015203
v -0.009396 0.200747 -0.016433
v -0.010741 0.202199 -0.012686
v -0.011311 0.202199 -0.011309
v -0.012426 0.201486 -0.008863
v -0.013010 0.200747 -0.007708
v -0.014000 0.198797 -0.005989
v -0.014440 0.197517 -0.005365
v -0.014813 0.193317 -0.004740
v -0.014633 0.194797 -0.004666
v -0.014732 0.189374 -0.006293
v -0.014861 0.190656 -0.005539
v -0.013812 0.186686 -0.009438
v -0.014217 0.187426 -0.008206
v -0.012301 0.185973 -0.013330
v -0.012872 0.185973 -0.011953
v -0.010604 0.187423 -0.016930
v -0.011185 0.186687 -0.015779
v -0.009171 0.190657 -0.019276
v -0.009611 0.189379 -0.018654
v -0.008392 0.194796 -0.019732
v -0.008572 0.193320 -0.019806
v -0.008474 0.198740 -0.018179
v -0.008344 0.197458 -0.018933
v -0.009393 0.201428 -0.015034
v -0.008989 0.200688 -0.016265
v -0.010905 0.202141 -0.011139
v -0.010334 0.202141 -0.012518
v -0.012603 0.200688 -0.007538
v -0.012019 0.201428 -0.008695
v -0.014034 0.197458 -0.005196
v -0.013592 0.198740 -0.005821
v -0.011603 0.194060 -0.012234
v -0.011499 0.209936 -0.013584
v -0.012479 0.209909 -0.011227
v -0.012223 0.181218 -0.021717
v -0.012803 0.180483 -0.020567
v -0.008885 0.207192 -0.020839
v -0.009648 0.208560 -0.018527
v -0.015499 0.178757 -0.014653
v -0.016067 0.178757 -0.013282
v -0.018343 0.180483 -0.007194
v -0.018745 0.181218 -0.005970
v -0.007645 0.201556 -0.025771
v -0.007871 0.203389 -0.024595
v -0.020072 0.192666 0.001173
v -0.019824 0.195118 0.001417
v -0.019991 0.185932 -0.001339
v -0.020146 0.187890 -0.000291
v -0.007941 0.193647 -0.027778
v -0.007762 0.195118 -0.027703
v -0.018589 0.200796 0.000389
v -0.017936 0.202832 -0.000488
v -0.009829 0.185933 -0.025873
v -0.009389 0.187211 -0.026495
v -0.015836 0.207076 -0.004096
v -0.014961 0.208281 -0.005794
v -0.007346 0.206774 -0.020073
v -0.008104 0.208134 -0.017776
v -0.013864 0.178751 -0.013978
v -0.014435 0.178751 -0.012600
v -0.016668 0.180445 -0.006625
v -0.017072 0.181184 -0.005396
v -0.006126 0.201214 -0.024933
v -0.006351 0.203041 -0.023761
v -0.018378 0.192451 0.001634
v -0.018130 0.194892 0.001875
v -0.018296 0.185812 -0.000850
v -0.018451 0.187763 0.000196
v -0.006420 0.193419 -0.026905
v -0.006241 0.194890 -0.026830
v -0.016918 0.200467 0.000866
v -0.016267 0.202494 -0.000009
v -0.008283 0.185816 -0.025022
v -0.007843 0.187094 -0.025645
v -0.014206 0.206660 -0.003552
v -0.013334 0.207861 -0.005244
v -0.011217 0.180446 -0.019787
v -0.010635 0.181181 -0.020937
v -0.010895 0.209458 -0.010581
v -0.009921 0.209485 -0.012924
v -0.030258 0.196653 -0.003854
v -0.030493 0.194389 -0.004065
v -0.030571 0.189814 -0.005452
v -0.030417 0.187902 -0.006480
v -0.029255 0.183506 -0.010798
v -0.028853 0.182771 -0.012022
v -0.026731 0.181162 -0.017699
v -0.026163 0.181162 -0.019070
v -0.023649 0.182771 -0.024585
v -0.023068 0.183506 -0.025735
v -0.020836 0.187902 -0.029610
v -0.020397 0.189177 -0.030232
v -0.019046 0.195182 -0.031429
v -0.018867 0.196653 -0.031354
v -0.018758 0.202658 -0.029553
v -0.018977 0.204452 -0.028405
v -0.019923 0.207998 -0.024902
v -0.020661 0.209324 -0.022664
v -0.022387 0.210607 -0.018055
v -0.023337 0.210582 -0.015772
v -0.025655 0.209064 -0.010697
v -0.026510 0.207890 -0.009037
v -0.028468 0.203932 -0.005672
v -0.029106 0.201948 -0.004813
v -0.032270 0.196845 -0.002812
v -0.032514 0.194468 -0.003043
v -0.032602 0.189239 -0.004628
v -0.032445 0.187236 -0.005695
v -0.031117 0.182211 -0.010631
v -0.030715 0.181475 -0.011855
v -0.028289 0.179636 -0.018345
v -0.027721 0.179636 -0.019716
v -0.024848 0.181475 -0.026019
v -0.024267 0.182211 -0.027170
v -0.021716 0.187236 -0.031599
v -0.021277 0.188510 -0.032220
v -0.019732 0.195374 -0.033589
v -0.019553 0.196845 -0.033514
v -0.019428 0.203710 -0.031455
v -0.019661 0.205578 -0.030250
v -0.020741 0.209631 -0.026247
v -0.021528 0.211041 -0.023863
v -0.023501 0.212508 -0.018594
v -0.024512 0.212479 -0.016164
v -0.027155 0.210744 -0.010381
v -0.028049 0.209508 -0.008647
v -0.030287 0.204984 -0.004801
v -0.030954 0.202898 -0.003908
v -0.033819 0.194665 -0.003703
v -0.033575 0.197041 -0.003473
v -0.033749 0.187479 -0.006343
v -0.033907 0.189482 -0.005274
v -0.032029 0.181761 -0.012463
v -0.032433 0.182500 -0.011233
v -0.029054 0.179938 -0.020271
v -0.029625 0.179938 -0.018894
v -0.025623 0.182500 -0.027674
v -0.026207 0.181761 -0.026519
v -0.022654 0.188760 -0.032688
v -0.023095 0.187480 -0.032064
v -0.020943 0.197041 -0.033970
v -0.021123 0.195563 -0.034044
v -0.021052 0.205712 -0.030725
v -0.020820 0.203844 -0.031928
v -0.022908 0.211136 -0.024378
v -0.022123 0.209729 -0.026757
v -0.025872 0.212561 -0.016731
v -0.024863 0.212590 -0.019157
v -0.029386 0.209607 -0.009265
v -0.028492 0.210842 -0.010998
v -0.032271 0.203039 -0.004559
v -0.031603 0.205125 -0.005454
v -0.030689 0.195581 -0.011316
v -0.030509 0.197059 -0.011241
v -0.030610 0.191637 -0.012871
v -0.030739 0.192918 -0.012116
v -0.029694 0.188951 -0.016015
v -0.030097 0.189689 -0.014785
v -0.028184 0.188237 -0.019911
v -0.028754 0.188237 -0.018534
v -0.027070 0.188951 -0.022357
v -0.026487 0.189690 -0.023513
v -0.025497 0.191640 -0.025231
v -0.025056 0.192919 -0.025855
v -0.024456 0.195583 -0.026386
v -0.024276 0.197060 -0.026311
v -0.024226 0.199723 -0.025511
v -0.024354 0.201003 -0.024758
v -0.024868 0.202952 -0.022842
v -0.025271 0.203691 -0.021612
v -0.026780 0.204404 -0.017716
v -0.026211 0.204404 -0.019093
v -0.028478 0.202952 -0.014114
v -0.027894 0.203690 -0.015270
v -0.029908 0.199722 -0.011772
v -0.029467 0.201003 -0.012397
v -0.031053 0.197137 -0.011467
v -0.031232 0.195659 -0.011541
v -0.031281 0.192996 -0.012340
v -0.031151 0.191714 -0.013095
v -0.030636 0.189767 -0.015008
v -0.030232 0.189027 -0.016239
v -0.029291 0.188314 -0.018755
v -0.028720 0.188314 -0.020134
v -0.027606 0.189027 -0.022578
v -0.027021 0.189767 -0.023735
v -0.026032 0.191715 -0.025452
v -0.025591 0.192996 -0.026077
v -0.024992 0.195658 -0.026608
v -0.024812 0.197137 -0.026533
v -0.024763 0.199799 -0.025734
v -0.024893 0.201080 -0.024980
v -0.025408 0.203029 -0.023067
v -0.025813 0.203768 -0.021835
v -0.026753 0.204482 -0.019319
v -0.027324 0.204482 -0.017941
v -0.028438 0.203768 -0.015496
v -0.029023 0.203029 -0.014340
v -0.030012 0.201081 -0.012623
v -0.030453 0.199800 -0.011998
v -0.028997 0.197137 -0.016430
v -0.028557 0.198422 -0.017049
v -0.027972 0.199162 -0.018208
v -0.027400 0.199162 -0.019588
v -0.026995 0.198422 -0.020821
v -0.026865 0.197138 -0.021576
v -0.027045 0.195657 -0.021651
v -0.027487 0.194374 -0.021025
v -0.028073 0.193633 -0.019867
v -0.028644 0.193633 -0.018486
v -0.029050 0.194374 -0.017253
v -0.029176 0.195659 -0.016505
v -0.024339 0.211599 -0.016139
v -0.023359 0.211627 -0.018497
v -0.024663 0.182173 -0.025480
v -0.024082 0.182909 -0.026630
v -0.021507 0.210250 -0.023439
v -0.020745 0.208882 -0.025751
v -0.027927 0.180448 -0.018195
v -0.027359 0.180448 -0.019566
v -0.030605 0.182909 -0.010882
v -0.030202 0.182173 -0.012107
v -0.019731 0.205080 -0.029507
v -0.019505 0.203248 -0.030684
v -0.031684 0.196808 -0.003496
v -0.031923 0.194487 -0.003717
v -0.032006 0.189581 -0.005204
v -0.031851 0.187623 -0.006252
v -0.019622 0.196808 -0.032616
v -0.019801 0.195337 -0.032690
v -0.029796 0.204522 -0.005400
v -0.030449 0.202487 -0.004524
v -0.021250 0.188897 -0.031407
v -0.021689 0.187623 -0.030785
v -0.026821 0.209972 -0.010706
v -0.027696 0.208766 -0.009009
v -0.023308 0.210301 -0.024073
v -0.022551 0.208942 -0.026372
v -0.029647 0.180920 -0.018904
v -0.029078 0.180920 -0.020281
v -0.032281 0.183352 -0.011695
v -0.031878 0.182613 -0.012925
v -0.021559 0.205209 -0.030061
v -0.021336 0.203382 -0.031233
v -0.033330 0.197059 -0.004421
v -0.033570 0.194746 -0.004640
v -0.033654 0.189930 -0.006101
v -0.033500 0.187978 -0.007149
v -0.021455 0.197061 -0.033132
v -0.021635 0.195583 -0.033206
v -0.031463 0.204662 -0.006305
v -0.032115 0.202633 -0.005429
v -0.023060 0.189261 -0.031947
v -0.023501 0.187981 -0.031323
v -0.028531 0.210027 -0.011539
v -0.029403 0.208827 -0.009846
v -0.025850 0.183353 -0.027243
v -0.026434 0.182614 -0.026088
v -0.025122 0.211652 -0.019220
v -0.026095 0.211625 -0.016877
v -0.028946 0.194168 -0.003424
v -0.028711 0.196433 -0.003213
v -0.028870 0.187682 -0.005839
v -0.029024 0.189594 -0.004811
v -0.027306 0.182550 -0.011381
v -0.027708 0.183286 -0.010157
v -0.024616 0.180941 -0.018429
v -0.025184 0.180941 -0.017058
v -0.021521 0.183285 -0.025094
v -0.022102 0.182551 -0.023945
v -0.018850 0.188956 -0.029591
v -0.019289 0.187683 -0.028970
v -0.017320 0.196433 -0.030714
v -0.017499 0.194961 -0.030788
v -0.017430 0.204232 -0.027764
v -0.017211 0.202438 -0.028912
v -0.019114 0.209103 -0.022023
v -0.018376 0.207778 -0.024262
v -0.021790 0.210361 -0.015131
v -0.020840 0.210387 -0.017414
v -0.024963 0.207670 -0.008396
v -0.024108 0.208844 -0.010057
v -0.027559 0.201728 -0.004172
v -0.026921 0.203712 -0.005031
v -0.029654 0.194290 -0.003899
v -0.029420 0.196543 -0.003690
v -0.029578 0.187876 -0.006290
v -0.029731 0.189779 -0.005266
v -0.028029 0.182806 -0.011772
v -0.028432 0.183541 -0.010548
v -0.025369 0.181219 -0.018741
v -0.025937 0.181219 -0.017370
v -0.022309 0.183541 -0.025330
v -0.022890 0.182806 -0.024179
v -0.019670 0.189150 -0.029772
v -0.020108 0.187877 -0.029151
v -0.018158 0.196543 -0.030878
v -0.018337 0.195072 -0.030952
v -0.018269 0.204251 -0.027959
v -0.018050 0.202464 -0.029101
v -0.019935 0.209065 -0.022281
v -0.019201 0.207748 -0.024505
v -0.022580 0.210305 -0.015468
v -0.021637 0.210330 -0.017736
v -0.025718 0.207641 -0.008809
v -0.024867 0.208809 -0.010462
v -0.028284 0.201764 -0.004635
v -0.027648 0.203738 -0.005491
v -0.028268 0.193863 -0.001284
v -0.028025 0.196240 -0.001053
v -0.028200 0.186631 -0.003937
v -0.028357 0.188634 -0.002869
v -0.026469 0.180870 -0.010097
v -0.026872 0.181606 -0.008872
v -0.023475 0.179031 -0.017957
v -0.024043 0.179031 -0.016586
v -0.020021 0.181605 -0.025410
v -0.020602 0.180870 -0.024262
v -0.017031 0.187905 -0.030462
v -0.017470 0.186631 -0.029841
v -0.015308 0.196240 -0.031756
v -0.015486 0.194769 -0.031830
v -0.015415 0.204973 -0.028492
v -0.015183 0.203105 -0.029696
v -0.017283 0.210436 -0.022104
v -0.016496 0.209026 -0.024488
v -0.020266 0.211874 -0.014406
v -0.019256 0.211903 -0.016836
v -0.023804 0.208903 -0.006889
v -0.022909 0.210139 -0.008622
v -0.026709 0.202293 -0.002149
v -0.026041 0.204379 -0.003043
v -0.026634 0.196052 -0.000598
v -0.026877 0.193675 -0.000828
v -0.026965 0.188493 -0.002398
v -0.026808 0.186491 -0.003467
v -0.025491 0.181511 -0.008358
v -0.025087 0.180772 -0.009588
v -0.022683 0.178949 -0.016019
v -0.022113 0.178949 -0.017396
v -0.019265 0.180772 -0.023644
v -0.018681 0.181511 -0.024799
v -0.016152 0.186495 -0.029191
v -0.015713 0.187769 -0.029812
v -0.014182 0.194574 -0.031169
v -0.014002 0.196052 -0.031094
v -0.013878 0.202854 -0.029053
v -0.014110 0.204723 -0.027849
v -0.015181 0.208740 -0.023881
v -0.015966 0.210147 -0.021502
v -0.017922 0.211601 -0.016281
v -0.018930 0.211572 -0.013856
v -0.021550 0.209853 -0.008123
v -0.022444 0.208618 -0.006389
v -0.024662 0.204134 -0.002578
v -0.025329 0.202050 -0.001684
v -0.023172 0.196014 -0.008203
v -0.023352 0.194536 -0.008277
v -0.023400 0.191873 -0.009076
v -0.023271 0.190593 -0.009829
v -0.022755 0.188643 -0.011744
v -0.022351 0.187904 -0.012974
v -0.021410 0.187191 -0.015492
v -0.020840 0.187191 -0.016869
v -0.019141 0.188643 -0.020470
v -0.019725 0.187904 -0.019315
v -0.017711 0.191871 -0.022812
v -0.018150 0.190596 -0.022191
v -0.016931 0.196014 -0.023269
v -0.017111 0.194536 -0.023343
v -0.017012 0.199957 -0.021717
v -0.016883 0.198677 -0.022470
v -0.017932 0.202645 -0.018572
v -0.017528 0.201906 -0.019802
v -0.018873 0.203359 -0.016054
v -0.019444 0.203359 -0.014677
v -0.020558 0.202645 -0.012231
v -0.021142 0.201906 -0.011076
v -0.022132 0.199957 -0.009358
v -0.022573 0.198677 -0.008733
v -0.022765 0.195956 -0.008034
v -0.022945 0.194478 -0.008109
v -0.022993 0.191815 -0.008908
v -0.022864 0.190535 -0.009661
v -0.022349 0.188585 -0.011576
v -0.021944 0.187846 -0.012806
v -0.021003 0.187133 -0.015323
v -0.020433 0.187133 -0.016700
v -0.019318 0.187846 -0.019146
v -0.018734 0.188585 -0.020301
v -0.017743 0.190538 -0.022022
v -0.017304 0.191813 -0.022643
v -0.016704 0.194478 -0.023175
v -0.016525 0.195956 -0.023100
v -0.016476 0.198619 -0.022301
v -0.016606 0.199899 -0.021548
v -0.017121 0.201848 -0.019633
v -0.017525 0.202587 -0.018403
v -0.018466 0.203301 -0.015886
v -0.019037 0.203301 -0.014509
v -0.020151 0.202587 -0.012063
v -0.020735 0.201848 -0.010907
v -0.021725 0.199899 -0.009189
v -0.022166 0.198619 -0.008565
v -0.019631 0.211096 -0.016953
v -0.020611 0.211068 -0.014595
v -0.020355 0.182377 -0.025085
v -0.020935 0.181643 -0.023936
v -0.017017 0.208351 -0.024207
v -0.017780 0.209719 -0.021895
v -0.023631 0.179917 -0.018022
v -0.024199 0.179917 -0.016651
v -0.026475 0.181642 -0.010563
v -0.026877 0.182378 -0.009338
v -0.015777 0.202717 -0.029140
v -0.016003 0.204548 -0.027963
v -0.028195 0.193956 -0.002173
v -0.027956 0.196277 -0.001952
v -0.028123 0.187092 -0.004708
v -0.028279 0.189050 -0.003660
v -0.016073 0.194806 -0.031146
v -0.015894 0.196277 -0.031072
v -0.026721 0.201956 -0.002980
v -0.026068 0.203991 -0.003856
v -0.017961 0.187093 -0.029242
v -0.017522 0.188366 -0.029863
v -0.023969 0.208235 -0.007465
v -0.023094 0.209441 -0.009162
v -0.015478 0.207934 -0.023442
v -0.016236 0.209294 -0.021144
v -0.021996 0.179911 -0.017348
v -0.022566 0.179911 -0.015971
v -0.024800 0.181605 -0.009994
v -0.025205 0.182344 -0.008764
v -0.014258 0.202374 -0.028301
v -0.014483 0.204200 -0.027129
v -0.026502 0.193739 -0.001713
v -0.026263 0.196052 -0.001494
v -0.026428 0.186972 -0.004218
v -0.026583 0.188923 -0.003172
v -0.014553 0.194574 -0.030273
v -0.014373 0.196052 -0.030198
v -0.025050 0.201626 -0.002503
v -0.024399 0.203654 -0.003378
v -0.016415 0.186975 -0.028391
v -0.015976 0.188250 -0.029012
v -0.022338 0.207820 -0.006920
v -0.021466 0.209021 -0.008613
v -0.019349 0.181605 -0.023154
v -0.018766 0.182344 -0.024309
v -0.019028 0.210618 -0.013949
v -0.018053 0.210645 -0.016292
v -0.024913 0.193203 0.000406
v -0.024658 0.195746 0.000665
v -0.025182 0.195823 0.000412
v -0.025437 0.193281 0.000153
v -0.025517 0.188098 -0.001436
v -0.025359 0.186076 -0.002513
v -0.024836 0.185984 -0.002265
v -0.024994 0.188006 -0.001188
v -0.024007 0.180959 -0.007539
v -0.023602 0.180220 -0.008769
v -0.023076 0.180116 -0.008532
v -0.023480 0.180854 -0.007304
v -0.021132 0.178347 -0.015377
v -0.020562 0.178347 -0.016754
v -0.020030 0.178238 -0.016532
v -0.020599 0.178238 -0.015157
v -0.017636 0.180220 -0.023173
v -0.017052 0.180959 -0.024328
v -0.016513 0.180854 -0.024122
v -0.017096 0.180116 -0.022968
v -0.014453 0.186080 -0.028841
v -0.014014 0.187357 -0.029463
v -0.013468 0.187264 -0.029268
v -0.013908 0.185987 -0.028646
v -0.012441 0.194345 -0.030856
v -0.012261 0.195823 -0.030781
v -0.011712 0.195746 -0.030590
v -0.011892 0.194270 -0.030664
v -0.012134 0.202813 -0.028684
v -0.012369 0.204698 -0.027468
v -0.011820 0.204638 -0.027271
v -0.011585 0.202754 -0.028487
v -0.013470 0.208825 -0.023391
v -0.014265 0.210251 -0.020980
v -0.013719 0.210203 -0.020771
v -0.012923 0.208777 -0.023183
v -0.016274 0.211744 -0.015616
v -0.017296 0.211715 -0.013158
v -0.016756 0.211671 -0.012934
v -0.015734 0.211701 -0.015392
v -0.019987 0.209949 -0.007271
v -0.020889 0.208699 -0.005522
v -0.020356 0.208651 -0.005282
v -0.019453 0.209900 -0.007031
v -0.023168 0.204093 -0.001605
v -0.023841 0.201987 -0.000704
v -0.023314 0.201926 -0.000454
v -0.022641 0.204032 -0.001355
v -0.019307 0.192408 0.002692
v -0.019051 0.194950 0.002951
v -0.019601 0.195025 0.002759
v -0.019856 0.192482 0.002500
v -0.019936 0.187285 0.000907
v -0.019778 0.185263 -0.000170
v -0.019229 0.185202 0.000026
v -0.019387 0.187224 0.001103
v -0.018422 0.180133 -0.005209
v -0.018019 0.179395 -0.006437
v -0.017472 0.179347 -0.006230
v -0.017876 0.180086 -0.005000
v -0.015542 0.177517 -0.013062
v -0.014973 0.177517 -0.014436
v -0.014432 0.177474 -0.014213
v -0.015003 0.177474 -0.012836
v -0.012038 0.179396 -0.020875
v -0.011457 0.180131 -0.022025
v -0.010924 0.180083 -0.021786
v -0.011505 0.179348 -0.020636
v -0.008851 0.185266 -0.026551
v -0.008411 0.186544 -0.027173
v -0.007883 0.186484 -0.026924
v -0.008323 0.185206 -0.026302
v -0.006834 0.193553 -0.028569
v -0.006655 0.195024 -0.028495
v -0.006131 0.194947 -0.028242
v -0.006310 0.193476 -0.028317
v -0.006527 0.202033 -0.026392
v -0.006762 0.203917 -0.025176
v -0.006239 0.203824 -0.024929
v -0.006004 0.201939 -0.026145
v -0.007866 0.208056 -0.021088
v -0.008662 0.209482 -0.018676
v -0.008135 0.209377 -0.018441
v -0.007339 0.207952 -0.020852
v -0.010676 0.210980 -0.013298
v -0.011699 0.210950 -0.010839
v -0.011166 0.210841 -0.010619
v -0.010144 0.210871 -0.013077
v -0.014396 0.209179 -0.004936
v -0.015299 0.207930 -0.003187
v -0.014759 0.207826 -0.002982
v -0.013856 0.209075 -0.004732
v -0.017583 0.203311 0.000739
v -0.018257 0.201205 0.001641
v -0.017711 0.201113 0.001835
v -0.017038 0.203219 0.000934
v -0.033035 0.194505 -0.002938
v -0.032790 0.196905 -0.002704
v -0.033314 0.196983 -0.002957
v -0.033559 0.194582 -0.003191
v -0.033649 0.189257 -0.004805
v -0.033491 0.187234 -0.005883
v -0.032968 0.187143 -0.005634
v -0.033126 0.189165 -0.004557
v -0.032139 0.182119 -0.010908
v -0.031735 0.181380 -0.012137
v -0.031208 0.181276 -0.011900
v -0.031612 0.182013 -0.010673
v -0.029265 0.179507 -0.018745
v -0.028694 0.179507 -0.020122
v -0.028162 0.179398 -0.019901
v -0.028732 0.179398 -0.018526
v -0.025768 0.181380 -0.026541
v -0.025185 0.182119 -0.027697
v -0.024646 0.182013 -0.027490
v -0.025229 0.181276 -0.026337
v -0.022587 0.187236 -0.032207
v -0.022146 0.188515 -0.032831
v -0.021601 0.188421 -0.032636
v -0.022041 0.187144 -0.032013
v -0.020573 0.195505 -0.034224
v -0.020394 0.196983 -0.034150
v -0.019844 0.196905 -0.033958
v -0.020024 0.195430 -0.034033
v -0.020266 0.203973 -0.032052
v -0.020501 0.205857 -0.030836
v -0.019952 0.205798 -0.030639
v -0.019717 0.203914 -0.031855
v -0.021602 0.209985 -0.026759
v -0.022397 0.211410 -0.024349
v -0.021851 0.211362 -0.024140
v -0.021055 0.209937 -0.026551
v -0.024406 0.212904 -0.018984
v -0.025429 0.212874 -0.016527
v -0.024888 0.212830 -0.016302
v -0.023866 0.212860 -0.018761
v -0.028119 0.211108 -0.010640
v -0.029021 0.209859 -0.008890
v -0.028488 0.209810 -0.008651
v -0.027586 0.211060 -0.010400
v -0.031299 0.205254 -0.004975
v -0.031974 0.203146 -0.004073
v -0.031446 0.203085 -0.003823
v -0.030773 0.205192 -0.004724
v -0.027429 0.193709 -0.000652
v -0.027184 0.196109 -0.000418
v -0.027733 0.196185 -0.000609
v -0.027978 0.193784 -0.000844
v -0.028069 0.188445 -0.002462
v -0.027911 0.186423 -0.003538
v -0.027361 0.186362 -0.003342
v -0.027519 0.188384 -0.002266
v -0.026554 0.181293 -0.008578
v -0.026151 0.180555 -0.009805
v -0.025604 0.180506 -0.009598
v -0.026008 0.181245 -0.008368
v -0.023674 0.178677 -0.016431
v -0.023105 0.178677 -0.017806
v -0.022564 0.178633 -0.017583
v -0.023134 0.178633 -0.016206
v -0.020170 0.180556 -0.024244
v -0.019589 0.181291 -0.025393
v -0.019055 0.181244 -0.025156
v -0.019637 0.180507 -0.024004
v -0.016983 0.186425 -0.029919
v -0.016544 0.187700 -0.030540
v -0.016017 0.187639 -0.030291
v -0.016455 0.186366 -0.029670
v -0.014967 0.194709 -0.031938
v -0.014787 0.196185 -0.031863
v -0.014263 0.196109 -0.031610
v -0.014443 0.194632 -0.031685
v -0.014659 0.203193 -0.029760
v -0.014895 0.205077 -0.028544
v -0.014371 0.204984 -0.028297
v -0.014136 0.203099 -0.029513
v -0.015998 0.209216 -0.024457
v -0.016794 0.210642 -0.022045
v -0.016267 0.210537 -0.021810
v -0.015472 0.209111 -0.024220
v -0.018808 0.212140 -0.016666
v -0.019831 0.212110 -0.014207
v -0.019298 0.212001 -0.013988
v -0.018276 0.212031 -0.016445
v -0.022528 0.210339 -0.008305
v -0.023431 0.209090 -0.006556
v -0.022891 0.208985 -0.006351
v -0.021988 0.210235 -0.008100
v -0.025716 0.204471 -0.002629
v -0.026389 0.202365 -0.001728
v -0.025843 0.202273 -0.001533
v -0.025170 0.204379 -0.002435
v 0.005317 0.222406 -0.035605
v 0.005301 0.221850 -0.035944
v 0.010413 0.208348 -0.039885
v 0.010214 0.208327 -0.040281
v 0.010167 0.209188 -0.040117
v 0.010413 0.209148 -0.039686
v 0.020865 0.196046 -0.012454
v 0.021141 0.195864 -0.012344
v 0.023197 0.194369 -0.016520
v 0.022848 0.194613 -0.016578
v 0.024929 0.194834 -0.020924
v 0.024559 0.195052 -0.021011
v 0.025799 0.196362 -0.025793
v 0.025473 0.196654 -0.025781
v 0.018975 0.199264 -0.009191
v 0.019297 0.199094 -0.009044
v 0.017377 0.204921 -0.007087
v 0.017660 0.204737 -0.006840
v 0.016801 0.206231 -0.005936
v 0.017002 0.206011 -0.005785
v 0.016179 0.206905 -0.004418
v 0.016399 0.206623 -0.004299
v 0.015007 0.206626 -0.001283
v 0.015211 0.206317 -0.001277
v 0.024817 0.197926 -0.030330
v 0.024511 0.198196 -0.030246
v 0.022490 0.199155 -0.033967
v 0.022298 0.199340 -0.033809
v 0.019757 0.200002 -0.036325
v 0.019638 0.200184 -0.036143
v 0.016635 0.200648 -0.038177
v 0.016716 0.200748 -0.037801
v 0.013452 0.202036 -0.039413
v 0.013574 0.202194 -0.039029
v 0.011044 0.204926 -0.040090
v 0.011203 0.204869 -0.039673
v 0.010094 0.214672 -0.038388
v 0.010339 0.214853 -0.037961
v 0.010413 0.213761 -0.038283
v 0.010143 0.213648 -0.038622
v 0.007645 0.220805 -0.036313
v 0.007818 0.221194 -0.035941
v 0.009378 0.218192 -0.037205
v 0.009711 0.218383 -0.036909
v 0.002913 0.221853 -0.035940
v 0.002857 0.222408 -0.035599
v 0.001089 0.221190 -0.034061
v 0.001148 0.220858 -0.034483
v 0.010329 0.207632 -0.040331
v 0.010586 0.207685 -0.039960
v 0.012940 0.205256 0.004767
v 0.012755 0.205766 0.004655
v 0.011085 0.206616 0.008451
v 0.011109 0.206236 0.009063
v 0.010333 0.209215 0.009712
v 0.010391 0.209328 0.009243
v 0.010350 0.214823 0.007767
v 0.010393 0.210047 0.008977
v 0.010333 0.209589 0.009583
v 0.010494 0.208871 0.009188
v 0.010393 0.208965 0.009657
v 0.010386 0.215722 0.008047
v 0.010252 0.213843 0.008063
v 0.010355 0.213926 0.007677
v -0.015218 0.206396 0.001282
v -0.014977 0.206668 0.001284
v -0.012754 0.205769 -0.004653
v -0.012893 0.205411 -0.004767
v -0.011085 0.206618 -0.008445
v -0.011096 0.206356 -0.008934
v -0.010369 0.209245 -0.009568
v -0.010413 0.209374 -0.009053
v -0.010379 0.214823 -0.007630
v -0.010413 0.210205 -0.008764
v -0.010369 0.209826 -0.009366
v -0.010548 0.208822 -0.008932
v -0.010462 0.208856 -0.009482
v -0.010378 0.215698 -0.007901
v -0.010325 0.213861 -0.007941
v -0.010377 0.213929 -0.007650
v -0.005317 0.222410 0.035601
v -0.005305 0.221993 0.035892
v -0.002318 0.222345 0.035517
v -0.002359 0.221930 0.035810
v -0.010413 0.208390 0.040011
v -0.010220 0.208360 0.040337
v -0.010240 0.209209 0.040008
v -0.010413 0.209147 0.039684
v -0.020758 0.196080 0.012452
v -0.021060 0.195884 0.012314
v -0.023252 0.194427 0.016525
v -0.022943 0.194633 0.016553
v -0.024995 0.194855 0.020924
v -0.024774 0.195067 0.020976
v -0.025761 0.196524 0.025792
v -0.025502 0.196720 0.025792
v -0.018977 0.199160 0.009236
v -0.019307 0.199012 0.009050
v -0.017410 0.204998 0.007112
v -0.017627 0.204863 0.006950
v -0.016812 0.206275 0.005948
v -0.017050 0.206055 0.005811
v -0.016195 0.206958 0.004412
v -0.016422 0.206705 0.004336
v -0.024775 0.198087 0.030327
v -0.024556 0.198259 0.030260
v -0.022407 0.199275 0.033987
v -0.022253 0.199432 0.033798
v -0.019749 0.200000 0.036290
v -0.019626 0.200134 0.036115
v -0.016670 0.200695 0.038079
v -0.016725 0.200787 0.037785
v -0.013451 0.202073 0.039433
v -0.013527 0.202174 0.039176
v -0.011035 0.204936 0.040111
v -0.011189 0.204893 0.039888
v -0.010181 0.214709 0.038225
v -0.010414 0.214908 0.037832
v -0.010393 0.213663 0.038358
v -0.010198 0.213593 0.038680
v -0.007726 0.220914 0.036275
v -0.007818 0.221197 0.035937
v -0.009526 0.218199 0.037198
v -0.009711 0.218386 0.036904
v -0.001725 0.221526 0.035345
v -0.001685 0.221941 0.035049
v -0.002896 0.221996 0.035888
v -0.002857 0.222412 0.035595
v -0.001115 0.221298 0.034239
v -0.001141 0.220975 0.034442
v -0.010330 0.207717 0.040347
v -0.010506 0.207753 0.040089
v -0.000771 0.135068 -0.026799
v 0.000771 0.135068 -0.026799
v 0.002770 0.134671 -0.026799
v 0.004194 0.134081 -0.026799
v 0.005889 0.132949 -0.026799
v 0.006979 0.131858 -0.026799
v 0.008111 0.130164 -0.026799
v 0.008702 0.128739 -0.026799
v 0.009099 0.126740 -0.026799
v 0.009099 0.125198 -0.026799
v 0.008702 0.123199 -0.026799
v 0.008111 0.121775 -0.026799
v 0.006979 0.120080 -0.026799
v 0.005889 0.118990 -0.026799
v 0.004194 0.117858 -0.026799
v 0.002770 0.117268 -0.026799
v 0.000771 0.116870 -0.026799
v -0.000771 0.116870 -0.026799
v -0.002770 0.117268 -0.026799
v -0.004194 0.117858 -0.026799
v -0.005889 0.118990 -0.026799
v -0.006979 0.120080 -0.026799
v -0.008112 0.121775 -0.026799
v -0.008702 0.123199 -0.026799
v -0.009099 0.125198 -0.026799
v -0.009099 0.126740 -0.026799
v -0.008702 0.128739 -0.026799
v -0.008112 0.130164 -0.026799
v -0.006979 0.131858 -0.026799
v -0.005889 0.132949 -0.026799
v -0.004194 0.134081 -0.026799
v -0.002770 0.134671 -0.026799
v -0.000000 0.137124 0.041733
v -0.004269 0.136274 0.041489
v -0.007888 0.133857 0.040942
v -0.010307 0.130238 0.040436
v -0.007888 0.118081 0.040942
v -0.004269 0.115663 0.041489
v -0.000000 0.114814 0.041733
v 0.004269 0.115663 0.041509
v 0.007888 0.118081 0.040929
v 0.010307 0.121699 0.040442
v 0.011157 0.125969 0.040187
v 0.010307 0.130238 0.040442
v 0.007888 0.133857 0.040929
v 0.004269 0.136274 0.041509
v 0.001144 0.134994 0.026799
v -0.001144 0.134994 0.026799
v -0.002397 0.134745 0.026799
v -0.004511 0.133869 0.026799
v -0.005573 0.133160 0.026799
v -0.007191 0.131542 0.026799
v -0.007900 0.130480 0.026799
v -0.008776 0.128366 0.026799
v -0.009025 0.127113 0.026799
v -0.009025 0.124825 0.026799
v -0.008776 0.123573 0.026799
v -0.007900 0.121458 0.026799
v -0.007191 0.120397 0.026799
v -0.005573 0.118779 0.026799
v -0.004511 0.118069 0.026799
v -0.002397 0.117193 0.026799
v -0.001144 0.116944 0.026799
v 0.001144 0.116944 0.026799
v 0.002397 0.117193 0.026799
v 0.004511 0.118069 0.026799
v 0.005572 0.118779 0.026799
v 0.007191 0.120397 0.026799
v 0.007900 0.121458 0.026799
v 0.008776 0.123573 0.026799
v 0.009025 0.124825 0.026799
v 0.009025 0.127113 0.026799
v 0.008776 0.128366 0.026799
v 0.007900 0.130480 0.026799
v 0.007191 0.131542 0.026799
v 0.005572 0.133160 0.026799
v 0.004511 0.133869 0.026799
v 0.002397 0.134745 0.026799
v -0.000788 0.135357 0.041685
v -0.001144 0.134994 0.041303
v -0.000895 0.135184 0.041629
v -0.001025 0.135051 0.041489
v 0.001144 0.134994 0.041306
v 0.000788 0.135357 0.041687
v 0.001025 0.135051 0.041492
v 0.000895 0.135184 0.041631
v -0.004321 0.134341 0.041415
v -0.004511 0.133869 0.041020
v -0.004357 0.134138 0.041358
v -0.004427 0.133966 0.041213
v -0.002397 0.134745 0.041227
v -0.002865 0.134944 0.041558
v -0.002533 0.134751 0.041398
v -0.002705 0.134823 0.041519
v -0.007195 0.132047 0.040944
v -0.007191 0.131542 0.040582
v -0.007153 0.131846 0.040904
v -0.007151 0.131661 0.040772
v -0.005573 0.133160 0.040869
v -0.006078 0.133165 0.041142
v -0.005703 0.133111 0.041028
v -0.005888 0.133113 0.041128
v -0.008973 0.128830 0.040537
v -0.008776 0.128366 0.040219
v -0.008857 0.128664 0.040515
v -0.008784 0.128494 0.040399
v -0.007900 0.130480 0.040420
v -0.008368 0.130291 0.040676
v -0.008001 0.130386 0.040578
v -0.008173 0.130317 0.040672
v -0.009385 0.125178 0.040442
v -0.009025 0.124825 0.040162
v -0.009214 0.125075 0.040433
v -0.009082 0.124945 0.040331
v -0.009025 0.127113 0.040162
v -0.009385 0.126760 0.040442
v -0.009082 0.126993 0.040331
v -0.009214 0.126864 0.040433
v -0.008368 0.121647 0.040676
v -0.007900 0.121458 0.040420
v -0.008173 0.121622 0.040672
v -0.008001 0.121552 0.040578
v -0.008776 0.123573 0.040219
v -0.008973 0.123108 0.040537
v -0.008784 0.123445 0.040399
v -0.008857 0.123275 0.040515
v -0.006078 0.118774 0.041142
v -0.005573 0.118779 0.040868
v -0.005888 0.118826 0.041128
v -0.005703 0.118828 0.041028
v -0.007191 0.120397 0.040582
v -0.007195 0.119892 0.040944
v -0.007151 0.120278 0.040772
v -0.007153 0.120093 0.040904
v -0.002865 0.116994 0.041558
v -0.002397 0.117193 0.041227
v -0.002705 0.117115 0.041519
v -0.002534 0.117188 0.041398
v -0.004511 0.118069 0.041019
v -0.004321 0.117598 0.041415
v -0.004426 0.117973 0.041213
v -0.004357 0.117800 0.041358
v 0.000788 0.116581 0.041687
v 0.001144 0.116944 0.041305
v 0.000894 0.116755 0.041631
v 0.001025 0.116887 0.041491
v -0.001144 0.116944 0.041303
v -0.000788 0.116581 0.041685
v -0.001025 0.116887 0.041489
v -0.000895 0.116755 0.041629
v 0.004320 0.117597 0.041416
v 0.004511 0.118069 0.041010
v 0.004357 0.117800 0.041354
v 0.004427 0.117973 0.041206
v 0.002397 0.117193 0.041232
v 0.002865 0.116994 0.041568
v 0.002534 0.117188 0.041404
v 0.002705 0.117115 0.041527
v 0.007195 0.119890 0.040931
v 0.007191 0.120397 0.040570
v 0.007152 0.120091 0.040890
v 0.007151 0.120277 0.040758
v 0.005572 0.118779 0.040841
v 0.006079 0.118774 0.041119
v 0.005703 0.118828 0.041001
v 0.005889 0.118826 0.041102
v 0.008971 0.123114 0.040570
v 0.008776 0.123573 0.040266
v 0.008856 0.123278 0.040554
v 0.008784 0.123446 0.040443
v 0.007900 0.121458 0.040443
v 0.008363 0.121645 0.040694
v 0.008000 0.121551 0.040602
v 0.008169 0.121619 0.040694
v 0.009377 0.126768 0.040447
v 0.009025 0.127113 0.040198
v 0.009210 0.126869 0.040452
v 0.009081 0.126996 0.040361
v 0.009025 0.124825 0.040199
v 0.009377 0.125170 0.040447
v 0.009081 0.124943 0.040361
v 0.009210 0.125069 0.040452
v 0.008363 0.130294 0.040694
v 0.007900 0.130480 0.040443
v 0.008169 0.130319 0.040694
v 0.008000 0.130387 0.040602
v 0.008776 0.128366 0.040265
v 0.008971 0.128825 0.040570
v 0.008784 0.128492 0.040443
v 0.008856 0.128660 0.040554
v 0.006079 0.133165 0.041119
v 0.005572 0.133160 0.040842
v 0.005889 0.133113 0.041102
v 0.005703 0.133111 0.041001
v 0.007191 0.131542 0.040569
v 0.007195 0.132049 0.040931
v 0.007150 0.131662 0.040758
v 0.007152 0.131847 0.040890
v 0.002865 0.134944 0.041568
v 0.002397 0.134745 0.041234
v 0.002705 0.134823 0.041527
v 0.002533 0.134751 0.041405
v 0.004511 0.133869 0.041012
v 0.004320 0.134341 0.041416
v 0.004427 0.133965 0.041206
v 0.004357 0.134138 0.041354
v 0.000591 0.135333 -0.041697
v 0.000771 0.135068 -0.041416
v 0.000645 0.135205 -0.041657
v 0.000710 0.135108 -0.041554
v -0.000771 0.135068 -0.041418
v -0.000591 0.135333 -0.041699
v -0.000710 0.135108 -0.041556
v -0.000645 0.135205 -0.041659
v 0.004130 0.134394 -0.041441
v 0.004194 0.134081 -0.041156
v 0.004133 0.134254 -0.041401
v 0.004156 0.134139 -0.041297
v 0.002770 0.134671 -0.041296
v 0.003037 0.134847 -0.041548
v 0.002845 0.134683 -0.041426
v 0.002943 0.134748 -0.041518
v 0.007039 0.132170 -0.040980
v 0.006979 0.131858 -0.040722
v 0.006990 0.132039 -0.040955
v 0.006968 0.131925 -0.040860
v 0.005889 0.132949 -0.040915
v 0.006201 0.133008 -0.041128
v 0.005965 0.132930 -0.041038
v 0.006079 0.132952 -0.041116
v 0.008876 0.129005 -0.040559
v 0.008702 0.128739 -0.040329
v 0.008780 0.128905 -0.040545
v 0.008716 0.128807 -0.040461
v 0.008111 0.130164 -0.040463
v 0.008423 0.130099 -0.040663
v 0.008174 0.130118 -0.040584
v 0.008288 0.130094 -0.040658
v 0.009362 0.125377 -0.040447
v 0.009099 0.125198 -0.040238
v 0.009235 0.125325 -0.040441
v 0.009139 0.125260 -0.040364
v 0.009099 0.126740 -0.040238
v 0.009362 0.126562 -0.040447
v 0.009139 0.126678 -0.040364
v 0.009235 0.126613 -0.040440
v 0.008423 0.121839 -0.040663
v 0.008111 0.121775 -0.040464
v 0.008288 0.121844 -0.040658
v 0.008174 0.121820 -0.040585
v 0.008702 0.123199 -0.040329
v 0.008876 0.122934 -0.040559
v 0.008716 0.123131 -0.040461
v 0.008780 0.123034 -0.040545
v 0.006201 0.118930 -0.041128
v 0.005889 0.118990 -0.040915
v 0.006079 0.118987 -0.041116
v 0.005965 0.119009 -0.041038
v 0.006979 0.120080 -0.040722
v 0.007039 0.119768 -0.040980
v 0.006968 0.120013 -0.040860
v 0.006990 0.119899 -0.040955
v 0.003037 0.117092 -0.041548
v 0.002770 0.117268 -0.041295
v 0.002943 0.117191 -0.041518
v 0.002845 0.117255 -0.041425
v 0.004194 0.117858 -0.041156
v 0.004130 0.117544 -0.041441
v 0.004156 0.117799 -0.041297
v 0.004133 0.117684 -0.041401
v -0.000591 0.116605 -0.041699
v -0.000771 0.116870 -0.041418
v -0.000645 0.116733 -0.041659
v -0.000710 0.116830 -0.041556
v 0.000771 0.116870 -0.041416
v 0.000591 0.116605 -0.041697
v 0.000710 0.116830 -0.041554
v 0.000645 0.116733 -0.041657
v -0.004130 0.117544 -0.041444
v -0.004194 0.117858 -0.041152
v -0.004133 0.117685 -0.041402
v -0.004157 0.117799 -0.041295
v -0.002770 0.117268 -0.041302
v -0.003037 0.117092 -0.041558
v -0.002845 0.117255 -0.041433
v -0.002943 0.117191 -0.041526
v -0.007039 0.119767 -0.040959
v -0.006979 0.120080 -0.040699
v -0.006989 0.119898 -0.040932
v -0.006967 0.120013 -0.040836
v -0.005889 0.118990 -0.040881
v -0.006202 0.118930 -0.041100
v -0.005965 0.119009 -0.041004
v -0.006080 0.118987 -0.041084
v -0.008874 0.122937 -0.040597
v -0.008702 0.123199 -0.040377
v -0.008779 0.123036 -0.040588
v -0.008716 0.123132 -0.040507
v -0.008112 0.121775 -0.040496
v -0.008419 0.121838 -0.040690
v -0.008173 0.121819 -0.040617
v -0.008286 0.121843 -0.040688
v -0.009356 0.126566 -0.040456
v -0.009099 0.126740 -0.040269
v -0.009232 0.126616 -0.040460
v -0.009138 0.126679 -0.040392
v -0.009099 0.125198 -0.040269
v -0.009356 0.125373 -0.040456
v -0.009138 0.125259 -0.040392
v -0.009232 0.125323 -0.040460
v -0.008419 0.130100 -0.040690
v -0.008112 0.130164 -0.040496
v -0.008286 0.130096 -0.040688
v -0.008173 0.130119 -0.040617
v -0.008702 0.128739 -0.040376
v -0.008874 0.129001 -0.040597
v -0.008716 0.128807 -0.040507
v -0.008779 0.128903 -0.040588
v -0.006202 0.133009 -0.041100
v -0.005889 0.132949 -0.040881
v -0.006080 0.132952 -0.041084
v -0.005965 0.132930 -0.041004
v -0.006979 0.131858 -0.040698
v -0.007039 0.132172 -0.040959
v -0.006967 0.131926 -0.040836
v -0.006989 0.132041 -0.040932
v -0.003037 0.134847 -0.041558
v -0.002770 0.134671 -0.041303
v -0.002943 0.134748 -0.041527
v -0.002845 0.134683 -0.041433
v -0.004194 0.134081 -0.041153
v -0.004130 0.134394 -0.041444
v -0.004157 0.134139 -0.041296
v -0.004133 0.134254 -0.041402
v 0.008227 0.190520 0.015555
v 0.007844 0.191631 0.016096
v 0.010404 0.188392 0.011031
v 0.009909 0.188392 0.012226
v 0.009286 0.188790 0.013592
v 0.008779 0.189431 0.014595
v 0.011680 0.191631 0.006834
v 0.011568 0.190520 0.007488
v 0.011280 0.189431 0.008557
v 0.010930 0.188790 0.009625
v 0.010780 0.196999 0.007162
v 0.011163 0.195888 0.006620
v 0.011497 0.194401 0.006324
v 0.011653 0.193118 0.006389
v 0.008603 0.199127 0.011685
v 0.009098 0.199127 0.010490
v 0.009721 0.198729 0.009124
v 0.010227 0.198088 0.008121
v 0.007326 0.195888 0.015882
v 0.007439 0.196999 0.015229
v 0.007726 0.198088 0.014159
v 0.008077 0.198729 0.013092
v 0.007509 0.193118 0.016392
v 0.007353 0.194401 0.016328
v 0.030871 0.191866 0.022533
v 0.030365 0.192507 0.023535
v 0.029812 0.193596 0.024495
v 0.029429 0.194707 0.025037
v 0.032865 0.192507 0.017499
v 0.032514 0.191866 0.018566
v 0.031989 0.191468 0.019972
v 0.031494 0.191468 0.021167
v 0.033265 0.194707 0.015776
v 0.033153 0.193596 0.016429
v 0.029095 0.196194 0.025333
v 0.028939 0.197476 0.025269
v 0.031306 0.201804 0.018065
v 0.031812 0.201163 0.017063
v 0.032365 0.200074 0.016103
v 0.032747 0.198964 0.015561
v 0.029312 0.201163 0.023099
v 0.029663 0.201804 0.022032
v 0.030188 0.202203 0.020626
v 0.030683 0.202203 0.019431
v 0.028912 0.198964 0.024822
v 0.029024 0.200074 0.024169
v 0.033082 0.197476 0.015265
v 0.033238 0.196194 0.015330
v 0.030531 0.194151 0.022568
v 0.031038 0.193510 0.021566
v 0.029948 0.195656 0.023457
v 0.030331 0.194545 0.022916
v 0.031948 0.193510 0.019367
v 0.032299 0.194151 0.018300
v 0.031263 0.193366 0.021071
v 0.031758 0.193366 0.019876
v 0.032403 0.194545 0.017913
v 0.032515 0.195656 0.017260
v 0.029671 0.197476 0.023500
v 0.029827 0.196194 0.023565
v 0.031646 0.199520 0.018030
v 0.031139 0.200161 0.019032
v 0.032228 0.198015 0.017141
v 0.031846 0.199125 0.017682
v 0.030229 0.200161 0.021231
v 0.029878 0.199520 0.022298
v 0.030914 0.200305 0.019527
v 0.030419 0.200305 0.020722
v 0.029774 0.199125 0.022685
v 0.029661 0.198015 0.023338
v 0.032506 0.196194 0.017098
v 0.032350 0.197476 0.017034
v 0.029304 0.193976 0.022060
v 0.029810 0.193335 0.021057
v 0.028721 0.195481 0.022949
v 0.029104 0.194370 0.022407
v 0.030721 0.193335 0.018859
v 0.031072 0.193976 0.017792
v 0.030036 0.193191 0.020563
v 0.030531 0.193191 0.019368
v 0.031176 0.194370 0.017405
v 0.031288 0.195481 0.016751
v 0.028444 0.197302 0.022992
v 0.028600 0.196019 0.023056
v 0.030419 0.199345 0.017522
v 0.029912 0.199986 0.018524
v 0.031001 0.197840 0.016633
v 0.030619 0.198950 0.017174
v 0.029002 0.199986 0.020722
v 0.028651 0.199345 0.021790
v 0.029687 0.200130 0.019018
v 0.029192 0.200130 0.020213
v 0.028547 0.198950 0.022177
v 0.028434 0.197840 0.022830
v 0.031278 0.196019 0.016590
v 0.031122 0.197302 0.016525
v -0.017225 0.170567 -0.005843
v -0.016860 0.169998 -0.005798
v -0.018790 0.169942 -0.000957
v -0.019128 0.170477 -0.001173
v -0.017529 0.170489 -0.007413
v -0.017187 0.169943 -0.007707
v -0.032103 0.170377 -0.014365
v -0.031661 0.169816 -0.014393
v -0.031508 0.169835 -0.013955
v -0.031936 0.170384 -0.013714
v -0.032107 0.170384 -0.016753
v -0.031727 0.169748 -0.016723
v -0.031546 0.168172 -0.024887
v -0.031217 0.167679 -0.024400
v -0.029525 0.160845 -0.028179
v -0.029210 0.160850 -0.027483
v -0.029545 0.155881 -0.028208
v -0.029230 0.155840 -0.027514
v 0.018804 0.169914 0.000713
v 0.019160 0.170526 0.000875
v 0.023778 0.169896 -0.011012
v 0.024083 0.170541 -0.010805
v 0.023181 0.170423 -0.009772
v 0.022835 0.169803 -0.010029
v 0.020403 0.170509 -0.007179
v 0.020114 0.169892 -0.007502
v 0.019063 0.170517 -0.003368
v 0.018686 0.169918 -0.003553
v 0.028190 0.168262 -0.023270
v 0.028596 0.168819 -0.023484
v 0.027914 0.161149 -0.027335
v 0.028261 0.161181 -0.027925
v 0.028933 0.118621 -0.027335
v 0.029279 0.118653 -0.027925
v 0.028887 0.121729 -0.027335
v 0.029233 0.121761 -0.027925
v -0.000053 0.094359 -0.027381
v -0.000066 0.093941 -0.027924
v 0.006377 0.094453 -0.027923
v 0.006320 0.094869 -0.027383
v 0.013405 0.096773 -0.027921
v 0.013238 0.097161 -0.027390
v 0.019039 0.100034 -0.027927
v 0.018764 0.100348 -0.027399
v 0.023632 0.104052 -0.027940
v 0.023305 0.104272 -0.027399
v 0.027901 0.110864 -0.027962
v 0.027452 0.110577 -0.027384
v -0.029392 0.117817 -0.028035
v -0.028975 0.118037 -0.027417
v -0.029027 0.121793 -0.027485
v -0.029435 0.121841 -0.028110
v -0.005231 0.094349 -0.027923
v -0.005183 0.094767 -0.027382
v -0.013408 0.097164 -0.027388
v -0.013577 0.096773 -0.027921
v -0.018934 0.100351 -0.027397
v -0.019211 0.100034 -0.027927
v -0.023783 0.104834 -0.027374
v -0.024220 0.104679 -0.027919
v -0.027612 0.111341 -0.027408
v -0.028109 0.111420 -0.028021
v 0.017228 0.170596 0.005843
v 0.016827 0.169977 0.005795
v 0.017525 0.170457 0.007419
v 0.017102 0.169892 0.007772
v 0.032090 0.170332 0.014365
v 0.031604 0.169781 0.014398
v 0.031480 0.169813 0.013980
v 0.031948 0.170360 0.013700
v 0.032094 0.170339 0.016753
v 0.031680 0.169701 0.016718
v 0.031555 0.168194 0.024741
v 0.031173 0.167639 0.024374
v 0.029505 0.160849 0.028077
v 0.029172 0.160848 0.027439
v 0.029525 0.155871 0.028105
v 0.029191 0.155840 0.027471
v -0.023771 0.169891 0.011017
v -0.024067 0.170448 0.010813
v -0.023159 0.170332 0.009791
v -0.022827 0.169798 0.010034
v -0.020393 0.170418 0.007211
v -0.020107 0.169887 0.007507
v -0.019042 0.170429 0.003389
v -0.018678 0.169913 0.003556
v -0.028181 0.168258 0.023269
v -0.028569 0.168737 0.023447
v -0.027906 0.161148 0.027331
v -0.028244 0.161176 0.027836
v -0.028925 0.118621 0.027331
v -0.029262 0.118648 0.027836
v -0.028879 0.121729 0.027331
v -0.029216 0.121756 0.027836
v 0.000053 0.094367 0.027377
v 0.000066 0.093974 0.027846
v -0.006371 0.094486 0.027845
v -0.006319 0.094877 0.027378
v -0.013396 0.096805 0.027843
v -0.013234 0.097168 0.027386
v -0.019020 0.100057 0.027848
v -0.018758 0.100354 0.027395
v -0.023602 0.104057 0.027858
v -0.023299 0.104278 0.027395
v -0.027860 0.110792 0.027876
v -0.027444 0.110580 0.027379
v 0.029497 0.117747 0.028068
v 0.029104 0.117956 0.027507
v 0.029170 0.121806 0.027585
v 0.029549 0.121850 0.028153
v 0.005226 0.094382 0.027845
v 0.005182 0.094775 0.027377
v 0.013404 0.097171 0.027383
v 0.013568 0.096805 0.027843
v 0.018928 0.100357 0.027393
v 0.019192 0.100057 0.027848
v 0.023774 0.104837 0.027369
v 0.024190 0.104692 0.027840
v 0.027908 0.111779 0.027441
v 0.028361 0.111832 0.027982
v -0.032004 0.172930 -0.014930
v -0.032265 0.172350 -0.015303
v -0.016883 0.173268 -0.008643
v -0.029973 0.162888 -0.028471
v -0.030932 0.166718 -0.026786
v -0.030400 0.164954 -0.027820
v -0.030320 0.166139 -0.025107
v -0.029173 0.162331 -0.026772
v -0.029688 0.164365 -0.026080
v -0.028272 0.162298 -0.026493
v -0.029348 0.166028 -0.024711
v -0.028751 0.164307 -0.025757
v -0.029677 0.164101 -0.029150
v -0.030722 0.167533 -0.027234
v -0.030204 0.165735 -0.028252
v -0.000000 0.162303 -0.026512
v -0.000000 0.165998 -0.024676
v -0.000000 0.164300 -0.025753
v 0.028678 0.166487 -0.026866
v 0.028524 0.162840 -0.028713
v 0.028593 0.164819 -0.027960
v 0.026982 0.162073 -0.026605
v 0.027165 0.165787 -0.024854
v 0.027120 0.164082 -0.025905
v 0.024458 0.165998 -0.024676
v 0.024290 0.162303 -0.026512
v 0.024418 0.164300 -0.025753
v 0.028427 0.167255 -0.027354
v 0.028142 0.163337 -0.029347
v 0.028361 0.165449 -0.028352
v -0.027319 0.166028 -0.024711
v -0.024428 0.162298 -0.026493
v -0.025322 0.164307 -0.025757
v -0.030908 0.166532 -0.026261
v -0.029874 0.162698 -0.027902
v -0.030355 0.164766 -0.027280
v -0.029570 0.162476 -0.027225
v -0.030676 0.166291 -0.025565
v -0.030102 0.164531 -0.026590
v 0.028097 0.165904 -0.025353
v 0.027955 0.162214 -0.027114
v 0.028031 0.164214 -0.026407
v 0.028303 0.162421 -0.027673
v 0.028454 0.166106 -0.025914
v 0.028378 0.164422 -0.026972
v 0.029897 0.162394 0.028554
v 0.031042 0.167005 0.026430
v 0.030207 0.164027 0.028100
v 0.030627 0.165715 0.027322
v 0.030465 0.166463 0.024868
v 0.029079 0.161851 0.026880
v 0.029965 0.165144 0.025654
v 0.029457 0.163456 0.026390
v 0.028187 0.161819 0.026605
v 0.029487 0.166337 0.024453
v 0.028537 0.163409 0.026087
v 0.029012 0.165063 0.025299
v 0.029592 0.163660 0.029264
v 0.030871 0.167852 0.026916
v 0.030000 0.164896 0.028587
v 0.030468 0.166430 0.027728
v -0.000000 0.161825 0.026629
v -0.000000 0.166301 0.024411
v -0.000000 0.163407 0.026093
v -0.000000 0.165046 0.025281
v -0.028697 0.166782 0.026595
v -0.028512 0.162364 0.028824
v -0.028630 0.165552 0.027481
v -0.028562 0.163935 0.028297
v -0.026938 0.161591 0.026703
v -0.027161 0.166091 0.024589
v -0.027059 0.163185 0.026219
v -0.027140 0.164832 0.025445
v -0.024453 0.166301 0.024411
v -0.024249 0.161825 0.026629
v -0.024436 0.165046 0.025281
v -0.024361 0.163407 0.026093
v -0.028455 0.167544 0.027080
v -0.028137 0.163260 0.029367
v -0.027247 0.164521 0.030491
v -0.028035 0.168271 0.028829
v -0.028424 0.166150 0.027857
v -0.028307 0.164582 0.028694
v 0.027885 0.166337 0.024453
v 0.024404 0.161819 0.026605
v 0.026194 0.165063 0.025299
v 0.024920 0.163409 0.026087
v 0.031022 0.166814 0.025896
v 0.029762 0.162172 0.027878
v 0.030588 0.165508 0.026735
v 0.030127 0.163808 0.027460
v 0.029422 0.161972 0.027260
v 0.030764 0.166592 0.025253
v 0.029826 0.163598 0.026830
v 0.030317 0.165289 0.026096
v -0.028100 0.166202 0.025084
v -0.027928 0.161731 0.027210
v -0.028052 0.164956 0.025941
v -0.027989 0.163319 0.026719
v -0.028269 0.161906 0.027688
v -0.028449 0.166371 0.025565
v -0.028326 0.163495 0.027203
v -0.028393 0.165129 0.026426
v 0.031972 0.169592 0.023126
v 0.032228 0.170549 0.019889
v 0.032153 0.170213 0.021542
v 0.031434 0.169231 0.019373
v 0.031160 0.168249 0.022606
v 0.031354 0.168886 0.021024
v 0.030146 0.167889 0.022630
v 0.030332 0.168809 0.019366
v 0.030305 0.168457 0.021023
v -0.000000 0.168442 0.021395
v 0.002197 0.169103 0.018127
v 0.000643 0.168906 0.019770
v -0.027059 0.171208 0.017654
v -0.028159 0.170676 0.020956
v -0.027668 0.171053 0.019313
v -0.026683 0.168442 0.021395
v -0.025559 0.169110 0.018127
v -0.026183 0.168908 0.019770
v -0.022668 0.169109 0.018127
v -0.023865 0.168442 0.021395
v -0.023300 0.168908 0.019770
v -0.026902 0.172562 0.017741
v -0.028036 0.171736 0.021025
v -0.027540 0.172153 0.019383
v 0.031985 0.170493 0.023112
v 0.032232 0.171062 0.019880
v 0.032160 0.170771 0.021533
v 0.032097 0.170099 0.019681
v 0.031849 0.169150 0.022923
v 0.032025 0.169764 0.021334
v 0.031442 0.168527 0.022688
v 0.031685 0.169478 0.019446
v 0.031615 0.169141 0.021100
v -0.026482 0.169744 0.017709
v -0.027584 0.169104 0.020996
v -0.027084 0.169541 0.019363
v -0.027921 0.169666 0.020905
v -0.026829 0.170297 0.017612
v -0.027429 0.170097 0.019268
v -0.031993 0.169663 -0.023036
v -0.032228 0.170541 -0.019994
v -0.032160 0.170231 -0.021546
v -0.031434 0.169222 -0.019479
v -0.031178 0.168304 -0.022507
v -0.031360 0.168899 -0.021026
v -0.030162 0.167935 -0.022529
v -0.030336 0.168797 -0.019471
v -0.030235 0.168446 -0.021022
v -0.000000 0.168484 -0.021291
v -0.002061 0.169103 -0.018230
v -0.000604 0.168919 -0.019769
v 0.027102 0.171208 -0.017757
v 0.028133 0.170711 -0.020852
v 0.027664 0.170958 -0.019307
v 0.026657 0.168484 -0.021291
v 0.025603 0.169109 -0.018230
v 0.026188 0.168920 -0.019769
v 0.022710 0.169108 -0.018230
v 0.023831 0.168484 -0.021291
v 0.023302 0.168920 -0.019769
v 0.026947 0.172542 -0.017843
v 0.028010 0.171769 -0.020920
v 0.027545 0.172159 -0.019383
v -0.032000 0.170535 -0.023022
v -0.032237 0.171373 -0.019980
v -0.032166 0.170945 -0.021534
v -0.032110 0.170134 -0.019806
v -0.031877 0.169246 -0.022844
v -0.032042 0.169820 -0.021356
v -0.031505 0.168625 -0.022602
v -0.031732 0.169515 -0.019565
v -0.031667 0.169200 -0.021115
v 0.026531 0.169747 -0.017809
v 0.027564 0.169149 -0.020889
v 0.027030 0.169480 -0.019384
v 0.027916 0.169798 -0.020806
v 0.026894 0.170388 -0.017720
v 0.027413 0.170092 -0.019277
v 0.017503 0.171802 0.007456
v 0.017087 0.172857 0.008275
v 0.017353 0.172396 0.007810
v 0.032001 0.172537 0.014653
v 0.032102 0.171386 0.013746
v 0.032084 0.171979 0.014178
v 0.032226 0.170937 0.014410
v 0.032254 0.172105 0.015280
v 0.032279 0.171523 0.014831
v 0.017173 0.171218 0.006328
v 0.017259 0.171184 0.006827
v 0.015006 0.169142 0.007171
v 0.017082 0.170553 0.006338
v 0.017152 0.170508 0.006848
v 0.016627 0.169940 0.006987
v 0.016581 0.169961 0.006478
v 0.016665 0.173138 0.007482
v -0.017049 0.172792 -0.007011
v -0.017248 0.171185 -0.006813
v -0.017167 0.171217 -0.006348
v -0.014982 0.169142 -0.006928
v -0.017078 0.170564 -0.006359
v -0.017148 0.170542 -0.006832
v -0.016723 0.169993 -0.006943
v -0.016663 0.170005 -0.006466
v 0.021282 0.184671 0.035294
v 0.018860 0.188716 0.036657
v 0.020414 0.185862 0.035796
v 0.019528 0.187342 0.036295
v 0.018739 0.188346 0.037235
v 0.021177 0.184315 0.035868
v 0.019410 0.186971 0.036880
v 0.020302 0.185495 0.036379
v 0.022574 0.182684 0.035033
v 0.025754 0.179636 0.032795
v 0.023558 0.181624 0.034399
v 0.024722 0.180508 0.033580
v 0.025767 0.180084 0.032329
v 0.022568 0.183136 0.034536
v 0.024722 0.180948 0.033105
v 0.023552 0.182065 0.033913
v 0.020840 0.183725 0.036121
v 0.018360 0.187701 0.037494
v 0.019340 0.182996 0.037030
v 0.019959 0.184894 0.036637
v 0.019051 0.186349 0.037140
v 0.025441 0.179075 0.033022
v 0.022245 0.182099 0.035269
v 0.023772 0.177864 0.034344
v 0.024455 0.180032 0.033771
v 0.023285 0.181139 0.034593
v -0.021273 0.184637 -0.035390
v -0.018781 0.188549 -0.036776
v -0.020404 0.185795 -0.035889
v -0.019494 0.187231 -0.036388
v -0.018676 0.188268 -0.037265
v -0.021140 0.184317 -0.035934
v -0.019368 0.186915 -0.036930
v -0.020270 0.185469 -0.036443
v -0.022609 0.182622 -0.035034
v -0.025713 0.179687 -0.032816
v -0.023570 0.181600 -0.034402
v -0.024707 0.180526 -0.033590
v -0.025716 0.180142 -0.032357
v -0.022614 0.183073 -0.034581
v -0.024710 0.180998 -0.033115
v -0.023575 0.182089 -0.033910
v -0.020815 0.183754 -0.036136
v -0.018361 0.187701 -0.037494
v -0.019340 0.183061 -0.037030
v -0.020025 0.185043 -0.036598
v -0.019127 0.186487 -0.037095
v -0.025397 0.179109 -0.033058
v -0.022282 0.182056 -0.035247
v -0.023772 0.177929 -0.034344
v -0.024436 0.180041 -0.033787
v -0.023296 0.181120 -0.034588
v 0.027264 0.178678 0.029948
v 0.027617 0.178640 0.030252
v 0.029740 0.177270 0.027618
v 0.029383 0.177357 0.027345
v 0.031349 0.175228 0.021092
v 0.031756 0.175095 0.021255
v 0.031567 0.173521 0.015799
v 0.031103 0.173575 0.015580
v 0.017417 0.192102 0.036970
v 0.017111 0.192237 0.036663
v 0.031370 0.171047 0.013007
v 0.031810 0.170998 0.013282
v 0.031166 0.176220 0.024799
v 0.030738 0.176322 0.024632
v 0.031260 0.170504 0.013152
v 0.031690 0.170445 0.013441
v 0.030960 0.169897 0.013560
v 0.031300 0.169854 0.013806
v 0.031199 0.172708 0.014081
v 0.031644 0.172645 0.014351
v 0.031755 0.171511 0.013441
v 0.031316 0.171585 0.013169
v 0.031733 0.172122 0.013842
v 0.031303 0.172200 0.013563
v 0.021930 0.183407 0.033826
v 0.022272 0.183369 0.034118
v 0.025466 0.180284 0.031927
v 0.025168 0.180307 0.031587
v 0.023212 0.182331 0.033434
v 0.022855 0.182384 0.033154
v 0.024381 0.181201 0.032633
v 0.024003 0.181269 0.032364
v 0.018562 0.188519 0.035798
v 0.018737 0.188773 0.036192
v 0.021127 0.184727 0.034787
v 0.020863 0.184669 0.034449
v 0.019376 0.187401 0.035774
v 0.019064 0.187432 0.035469
v 0.020251 0.185920 0.035260
v 0.020001 0.185842 0.034915
v -0.027223 0.178668 -0.029918
v -0.027644 0.178607 -0.030288
v -0.029787 0.177242 -0.027638
v -0.029336 0.177351 -0.027322
v -0.031297 0.175228 -0.021087
v -0.031787 0.175048 -0.021257
v -0.031604 0.173482 -0.015855
v -0.031051 0.173575 -0.015559
v -0.017238 0.191905 -0.037088
v -0.016880 0.192072 -0.036798
v -0.017067 0.192512 -0.037225
v -0.016789 0.192649 -0.037032
v -0.031192 0.172306 -0.013364
v -0.031744 0.172233 -0.013700
v -0.031756 0.170982 -0.013270
v -0.031318 0.171048 -0.012985
v -0.031148 0.176121 -0.024825
v -0.030635 0.176246 -0.024607
v -0.031161 0.170441 -0.013194
v -0.031544 0.170420 -0.013427
v -0.030889 0.169875 -0.013563
v -0.031230 0.169855 -0.013771
v -0.031687 0.173029 -0.014685
v -0.031132 0.173112 -0.014368
v -0.021969 0.183337 -0.033748
v -0.022337 0.183326 -0.034138
v -0.025080 0.180319 -0.031611
v -0.025452 0.180315 -0.032000
v -0.023261 0.182311 -0.033473
v -0.022884 0.182328 -0.033087
v -0.024401 0.181209 -0.032690
v -0.024033 0.181212 -0.032298
v -0.018524 0.188427 -0.035648
v -0.018617 0.188747 -0.036299
v -0.020700 0.184823 -0.034488
v -0.021050 0.184829 -0.034889
v -0.019278 0.187430 -0.035882
v -0.018899 0.187476 -0.035502
v -0.020168 0.185996 -0.035366
v -0.019800 0.186018 -0.034976
v 0.004035 0.211553 -0.039498
v 0.003637 0.212013 -0.039339
v 0.003446 0.211007 -0.039569
v 0.003063 0.211475 -0.039413
v 0.002808 0.210160 -0.039241
v 0.002410 0.210599 -0.039081
v 0.002004 0.209488 -0.038310
v -0.004034 0.211553 0.039498
v -0.003637 0.212013 0.039339
v -0.003443 0.211011 0.039568
v -0.003061 0.211480 0.039410
v -0.002707 0.210017 0.038940
v -0.002263 0.210451 0.038860
v -0.001864 0.209760 0.038322
v -0.004182 0.209572 0.039017
v -0.004053 0.209182 0.038102
v -0.007487 0.204335 0.038394
v -0.007766 0.204320 0.039439
v -0.007073 0.201868 0.039489
v -0.006845 0.202004 0.038433
v 0.001625 0.201361 0.040152
v 0.001479 0.201595 0.039052
v -0.000313 0.200029 0.039092
v -0.000181 0.199810 0.040203
v -0.002828 0.199522 0.038992
v -0.002814 0.199278 0.040098
v -0.005175 0.200268 0.038645
v -0.005288 0.200045 0.039725
v -0.006051 0.208409 0.039422
v -0.005788 0.208167 0.038420
v -0.007247 0.206712 0.039621
v -0.007012 0.206584 0.038562
v 0.003562 0.202074 0.038835
v 0.003685 0.201824 0.039939
v 0.004777 0.202883 0.039772
v 0.004533 0.203006 0.038683
v 0.005066 0.204582 0.038704
v 0.005314 0.204530 0.039803
v -0.001202 0.209412 0.026401
v 0.004158 0.209497 -0.038949
v 0.004053 0.209182 -0.038211
v 0.007487 0.204335 -0.038503
v 0.007712 0.204323 -0.039346
v 0.007029 0.201894 -0.039394
v 0.006845 0.202004 -0.038540
v -0.001597 0.201406 -0.040048
v -0.001479 0.201595 -0.039157
v 0.000313 0.200029 -0.039198
v 0.000207 0.199852 -0.040097
v 0.002828 0.199522 -0.039099
v 0.002816 0.199325 -0.039993
v 0.005174 0.200268 -0.038752
v 0.005266 0.200088 -0.039625
v 0.006006 0.208359 -0.039338
v 0.005794 0.208164 -0.038530
v 0.007203 0.206687 -0.039525
v 0.007013 0.206584 -0.038671
v -0.003535 0.202054 -0.038943
v -0.003656 0.201868 -0.039835
v -0.004728 0.202906 -0.039670
v -0.004531 0.203005 -0.038787
v -0.005065 0.204586 -0.038807
v -0.005265 0.204544 -0.039699
v 0.005931 0.118860 0.026799
v 0.003468 0.117438 0.026799
v -0.008592 0.122611 0.026799
v -0.007373 0.120500 0.026799
v -0.003408 0.117409 0.026799
v -0.005773 0.118774 0.026799
v 0.001339 0.116846 0.026799
v -0.001054 0.116846 0.026799
v 0.007348 0.120438 0.026799
v 0.008527 0.122479 0.026799
v -0.009122 0.127128 0.026799
v -0.009122 0.124817 0.026799
v 0.000005 0.125961 0.026202
v 0.003608 0.134424 0.026799
v 0.005644 0.133249 0.026799
v 0.008583 0.129366 0.026799
v 0.007357 0.131490 0.026799
v 0.009131 0.127222 0.026799
v 0.009107 0.124884 0.026799
v -0.001441 0.135103 0.026799
v 0.001063 0.135103 0.026799
v -0.003857 0.134265 0.026799
v -0.005747 0.133190 0.026799
v -0.008508 0.129480 0.026799
v -0.007277 0.131613 0.026799
v 0.005931 0.118860 -0.026799
v 0.003468 0.117438 -0.026799
v -0.008592 0.122611 -0.026799
v -0.007373 0.120500 -0.026799
v -0.003408 0.117409 -0.026799
v -0.005773 0.118774 -0.026799
v 0.001339 0.116846 -0.026799
v -0.001054 0.116846 -0.026799
v 0.007348 0.120438 -0.026799
v 0.008527 0.122479 -0.026799
v -0.009122 0.127128 -0.026799
v -0.009122 0.124817 -0.026799
v 0.000005 0.125961 -0.027396
v 0.003608 0.134424 -0.026799
v 0.005644 0.133249 -0.026799
v 0.008583 0.129366 -0.026799
v 0.007357 0.131490 -0.026799
v 0.009131 0.127222 -0.026799
v 0.009107 0.124884 -0.026799
v -0.001441 0.135103 -0.026799
v 0.001063 0.135103 -0.026799
v -0.003857 0.134265 -0.026799
v -0.005747 0.133190 -0.026799
v -0.008508 0.129480 -0.026799
v -0.007277 0.131613 -0.026799
v 0.021100 0.194076 0.027195
v 0.019930 0.194003 0.027160
v 0.022234 0.208361 0.020001
v 0.021104 0.208541 0.019815
v 0.019165 0.193917 0.026677
v 0.018635 0.193798 0.025619
v 0.020321 0.208295 0.019415
v 0.019733 0.207571 0.018720
v 0.018671 0.193733 0.024797
v 0.019314 0.193687 0.023768
v 0.019710 0.206860 0.018194
v 0.020251 0.205955 0.017685
v 0.020075 0.193700 0.023369
v 0.021250 0.193774 0.023402
v 0.020995 0.205477 0.017544
v 0.022125 0.205296 0.017730
v 0.022014 0.193860 0.023885
v 0.022544 0.193980 0.024951
v 0.022908 0.205542 0.018130
v 0.023496 0.206267 0.018825
v 0.022509 0.194044 0.025768
v 0.021868 0.194090 0.026793
v 0.023520 0.206978 0.019351
v 0.022978 0.207883 0.019860
v 0.018973 0.203126 0.021350
v 0.019604 0.202679 0.020458
v 0.019465 0.198376 0.022059
v 0.018822 0.198421 0.023087
v 0.019464 0.203895 0.023102
v 0.018934 0.203490 0.022141
v 0.018786 0.198487 0.023909
v 0.019316 0.198606 0.024967
v 0.020081 0.198691 0.025450
v 0.021251 0.198765 0.025486
v 0.021390 0.204016 0.023637
v 0.020231 0.204058 0.023567
v 0.021401 0.198463 0.021693
v 0.020226 0.198389 0.021660
v 0.021551 0.202425 0.020174
v 0.020390 0.202468 0.020105
v 0.022695 0.198668 0.023241
v 0.022165 0.198549 0.022176
v 0.022847 0.202994 0.021602
v 0.022318 0.202589 0.020639
v 0.022018 0.198779 0.025083
v 0.022659 0.198733 0.024058
v 0.022178 0.203804 0.023283
v 0.022808 0.203357 0.022392
v 0.028020 0.208492 0.005423
v 0.027090 0.208649 0.004756
v 0.026238 0.208421 0.004524
v 0.025298 0.207763 0.004684
v 0.024872 0.207104 0.005125
v 0.024863 0.206292 0.005950
v 0.025282 0.205853 0.006628
v 0.026210 0.205698 0.007293
v 0.027063 0.205925 0.007525
v 0.028000 0.206578 0.007368
v 0.028428 0.207242 0.006924
v 0.028438 0.208054 0.006098
v 0.022900 0.209397 0.009083
v 0.023161 0.208282 0.009371
v 0.021525 0.207842 0.013658
v 0.021096 0.208917 0.013810
v 0.023885 0.211102 0.009244
v 0.023121 0.210242 0.009046
v 0.021201 0.209759 0.014081
v 0.021861 0.210594 0.014543
v 0.022660 0.210865 0.014896
v 0.023748 0.210625 0.015207
v 0.025725 0.211122 0.010042
v 0.024700 0.211375 0.009556
v 0.023293 0.207019 0.014043
v 0.022205 0.207258 0.013732
v 0.024752 0.207437 0.010196
v 0.023726 0.207692 0.009710
v 0.024751 0.208124 0.014858
v 0.024091 0.207289 0.014396
v 0.026331 0.208573 0.010706
v 0.025566 0.207711 0.010508
v 0.024428 0.210041 0.015280
v 0.024856 0.208966 0.015129
v 0.026291 0.210531 0.010381
v 0.026551 0.209416 0.010670
v 0.031703 0.194259 -0.000186
v 0.030825 0.194264 -0.000931
v 0.029948 0.194156 -0.001102
v 0.028869 0.193910 -0.000738
v 0.028296 0.193685 -0.000062
v 0.028111 0.193437 0.001042
v 0.028431 0.193320 0.001897
v 0.029308 0.193316 0.002636
v 0.030199 0.193426 0.002810
v 0.031258 0.193667 0.002450
v 0.031837 0.193895 0.001768
v 0.032021 0.194143 0.000663
v 0.027438 0.198481 0.001041
v 0.027269 0.198145 0.002125
v 0.026234 0.202612 0.003626
v 0.026365 0.203105 0.002595
v 0.029057 0.199091 0.000033
v 0.027998 0.198778 0.000382
v 0.026894 0.203526 0.001983
v 0.027919 0.203953 0.001673
v 0.028797 0.204118 0.001864
v 0.029690 0.204050 0.002589
v 0.030820 0.199194 0.000950
v 0.029937 0.199220 0.000211
v 0.027475 0.202288 0.005154
v 0.026584 0.202354 0.004434
v 0.028479 0.197952 0.003701
v 0.027598 0.197977 0.002967
v 0.029374 0.202877 0.005040
v 0.028353 0.202453 0.005345
v 0.030413 0.198391 0.003536
v 0.029366 0.198083 0.003880
v 0.030038 0.203794 0.003392
v 0.029907 0.203300 0.004423
v 0.031147 0.199028 0.001787
v 0.030978 0.198691 0.002872
v 0.028819 0.188621 0.000219
v 0.029011 0.188813 -0.000895
v 0.029592 0.188994 -0.001579
v 0.030677 0.189195 -0.001950
v 0.031556 0.189288 -0.001781
v 0.032433 0.189294 -0.001035
v 0.030009 0.188541 0.001820
v 0.029134 0.188534 0.001079
v 0.031968 0.188833 0.001624
v 0.030902 0.188635 0.001991
v 0.032746 0.189208 -0.000181
v 0.032554 0.189015 0.000934
v 0.038075 0.134681 -0.006531
v 0.037199 0.134675 -0.007279
v 0.036315 0.134628 -0.007443
v 0.035219 0.134528 -0.007062
v 0.034629 0.134440 -0.006368
v 0.034426 0.134348 -0.005243
v 0.034736 0.134308 -0.004378
v 0.035610 0.134314 -0.003636
v 0.036508 0.134362 -0.003469
v 0.037584 0.134460 -0.003846
v 0.038179 0.134549 -0.004546
v 0.038383 0.134641 -0.005672
v 0.034241 0.139385 -0.006000
v 0.034039 0.139281 -0.004876
v 0.033581 0.144213 -0.004480
v 0.033782 0.144327 -0.005602
v 0.035924 0.139611 -0.007072
v 0.034830 0.139488 -0.006693
v 0.034370 0.144444 -0.006294
v 0.035462 0.144584 -0.006672
v 0.036344 0.144659 -0.006506
v 0.037218 0.144683 -0.005757
v 0.037682 0.139690 -0.006159
v 0.036807 0.139673 -0.006907
v 0.034764 0.144196 -0.002871
v 0.033891 0.144171 -0.003614
v 0.035222 0.139257 -0.003268
v 0.034349 0.139240 -0.004011
v 0.036732 0.144410 -0.003076
v 0.035659 0.144271 -0.002702
v 0.037193 0.139441 -0.003476
v 0.036119 0.139321 -0.003100
v 0.037526 0.144642 -0.004898
v 0.037325 0.144527 -0.003774
v 0.037990 0.139650 -0.005299
v 0.037787 0.139546 -0.004175
v 0.038064 0.119377 -0.007427
v 0.037193 0.119534 -0.008166
v 0.036319 0.119661 -0.008320
v 0.035229 0.119792 -0.007925
v 0.034644 0.119838 -0.007225
v 0.034441 0.119810 -0.006096
v 0.034749 0.119725 -0.005234
v 0.035619 0.119569 -0.004500
v 0.036506 0.119439 -0.004344
v 0.037577 0.119312 -0.004734
v 0.038167 0.119265 -0.005441
v 0.038370 0.119293 -0.006570
v 0.034939 0.124640 -0.006973
v 0.034734 0.124586 -0.005846
v 0.034692 0.129429 -0.005566
v 0.034896 0.129506 -0.006691
v 0.036628 0.124639 -0.008059
v 0.035530 0.124657 -0.007670
v 0.035488 0.129570 -0.007387
v 0.036585 0.129633 -0.007770
v 0.037470 0.129655 -0.007608
v 0.038347 0.129640 -0.006862
v 0.038390 0.124526 -0.007157
v 0.037512 0.124598 -0.007900
v 0.035877 0.129372 -0.003960
v 0.035002 0.129386 -0.004700
v 0.035920 0.124455 -0.004244
v 0.035044 0.124527 -0.004981
v 0.037854 0.129456 -0.004174
v 0.036776 0.129394 -0.003795
v 0.037897 0.124396 -0.004467
v 0.036818 0.124414 -0.004083
v 0.038655 0.129598 -0.006002
v 0.038451 0.129521 -0.004876
v 0.038698 0.124468 -0.006299
v 0.038493 0.124413 -0.005171
v 0.032687 0.104757 -0.008021
v 0.031943 0.105258 -0.008745
v 0.031199 0.105740 -0.008885
v 0.030276 0.106320 -0.008473
v 0.029782 0.106615 -0.007762
v 0.029616 0.106686 -0.006629
v 0.029881 0.106488 -0.005771
v 0.030624 0.105989 -0.005052
v 0.031380 0.105499 -0.004910
v 0.032286 0.104929 -0.005318
v 0.032784 0.104632 -0.006035
v 0.032951 0.104561 -0.007168
v 0.032090 0.110731 -0.007623
v 0.031906 0.110770 -0.006491
v 0.033439 0.115206 -0.006308
v 0.033634 0.115201 -0.007438
v 0.033631 0.110085 -0.008737
v 0.032627 0.110518 -0.008330
v 0.034203 0.115072 -0.008143
v 0.035261 0.114792 -0.008544
v 0.036111 0.114547 -0.008395
v 0.036959 0.114277 -0.007662
v 0.035242 0.109332 -0.007866
v 0.034436 0.109720 -0.008594
v 0.034584 0.114815 -0.004719
v 0.033739 0.115084 -0.005447
v 0.032997 0.110223 -0.004908
v 0.032192 0.110610 -0.005631
v 0.036488 0.114291 -0.004965
v 0.035449 0.114566 -0.004568
v 0.034801 0.109428 -0.005166
v 0.033814 0.109853 -0.004763
v 0.037257 0.114156 -0.006807
v 0.037061 0.114162 -0.005676
v 0.035526 0.109173 -0.007012
v 0.035343 0.109213 -0.005879
v 0.021641 0.093782 -0.008264
v 0.021157 0.094543 -0.008983
v 0.020677 0.095289 -0.009117
v 0.020086 0.096202 -0.008697
v 0.019774 0.096679 -0.007982
v 0.019676 0.096818 -0.006848
v 0.019854 0.096533 -0.005991
v 0.020337 0.095774 -0.005278
v 0.020824 0.095016 -0.005142
v 0.021404 0.094119 -0.005558
v 0.021719 0.093638 -0.006279
v 0.021817 0.093499 -0.007414
v 0.023570 0.099529 -0.007939
v 0.023448 0.099651 -0.006805
v 0.026868 0.102884 -0.006739
v 0.027013 0.102785 -0.007873
v 0.024658 0.098278 -0.009072
v 0.023947 0.099101 -0.008653
v 0.027451 0.102418 -0.008585
v 0.028276 0.101704 -0.009001
v 0.028938 0.101119 -0.008865
v 0.029606 0.100514 -0.008143
v 0.025813 0.096913 -0.008218
v 0.025234 0.097603 -0.008937
v 0.027774 0.102050 -0.005165
v 0.027107 0.102652 -0.005882
v 0.024235 0.098702 -0.005234
v 0.023658 0.099390 -0.005949
v 0.029257 0.100754 -0.005439
v 0.028447 0.101455 -0.005027
v 0.025519 0.097207 -0.005511
v 0.024820 0.098015 -0.005097
v 0.029844 0.100284 -0.007292
v 0.029699 0.100384 -0.006157
v 0.026022 0.096653 -0.007367
v 0.025900 0.096775 -0.006232
v 0.007246 0.087983 -0.008277
v 0.007069 0.088867 -0.008995
v 0.006896 0.089737 -0.009129
v 0.006685 0.090804 -0.008708
v 0.006575 0.091363 -0.007993
v 0.006544 0.091530 -0.006859
v 0.006611 0.091200 -0.006003
v 0.006788 0.090318 -0.005290
v 0.006963 0.089434 -0.005154
v 0.007171 0.088386 -0.005570
v 0.007281 0.087823 -0.006291
v 0.007313 0.087655 -0.007426
v 0.011172 0.092623 -0.008000
v 0.011120 0.092784 -0.006866
v 0.015540 0.094512 -0.006866
v 0.015615 0.094359 -0.008000
v 0.011693 0.091051 -0.009136
v 0.011351 0.092082 -0.008716
v 0.015860 0.093845 -0.008715
v 0.016328 0.092864 -0.009136
v 0.016708 0.092062 -0.009003
v 0.017094 0.091247 -0.008284
v 0.012256 0.089352 -0.008285
v 0.011972 0.090207 -0.009003
v 0.016068 0.093394 -0.005297
v 0.015683 0.094207 -0.006009
v 0.011509 0.091611 -0.005297
v 0.011226 0.092465 -0.006010
v 0.016914 0.091615 -0.005577
v 0.016454 0.092579 -0.005161
v 0.012129 0.089742 -0.005577
v 0.011793 0.090755 -0.005162
v 0.017236 0.090944 -0.007434
v 0.017161 0.091097 -0.006299
v 0.012362 0.089034 -0.007434
v 0.012309 0.089196 -0.006299
v -0.008294 0.088136 -0.008288
v -0.008092 0.089016 -0.009007
v -0.007897 0.089881 -0.009139
v -0.007660 0.090942 -0.008719
v -0.007538 0.091498 -0.008004
v -0.007505 0.091665 -0.006869
v -0.007583 0.091337 -0.006013
v -0.007784 0.090459 -0.005300
v -0.007983 0.089581 -0.005165
v -0.008216 0.088539 -0.005581
v -0.008339 0.087978 -0.006303
v -0.008371 0.087811 -0.007438
v -0.002862 0.090801 -0.007987
v -0.002850 0.090971 -0.006853
v 0.001856 0.090912 -0.006851
v 0.001866 0.090742 -0.007985
v -0.002993 0.089149 -0.009123
v -0.002906 0.090233 -0.008702
v 0.001901 0.090174 -0.008700
v 0.001968 0.089088 -0.009120
v 0.002023 0.088203 -0.008987
v 0.002080 0.087303 -0.008268
v -0.003138 0.087366 -0.008271
v -0.003064 0.088265 -0.008989
v 0.001934 0.089679 -0.005281
v 0.001878 0.090577 -0.005994
v -0.002953 0.089739 -0.005284
v -0.002879 0.090635 -0.005997
v 0.002056 0.087713 -0.005561
v 0.001990 0.088779 -0.005146
v -0.003110 0.087776 -0.005564
v -0.003025 0.088841 -0.005148
v 0.002101 0.086969 -0.007417
v 0.002091 0.087140 -0.006282
v -0.003167 0.087033 -0.007420
v -0.003155 0.087203 -0.006285
v -0.022410 0.094616 -0.008374
v -0.021879 0.095346 -0.009090
v -0.021358 0.096066 -0.009221
v -0.020722 0.096946 -0.008798
v -0.020391 0.097408 -0.008082
v -0.020296 0.097545 -0.006947
v -0.020497 0.097272 -0.006091
v -0.021027 0.096544 -0.005381
v -0.021556 0.095813 -0.005248
v -0.022180 0.094948 -0.005666
v -0.022514 0.094483 -0.006389
v -0.022610 0.094345 -0.007524
v -0.016375 0.094855 -0.008059
v -0.016301 0.095005 -0.006924
v -0.012007 0.093046 -0.006896
v -0.012060 0.092886 -0.008030
v -0.017160 0.093398 -0.009198
v -0.016643 0.094354 -0.008775
v -0.012258 0.092353 -0.008746
v -0.012642 0.091336 -0.009168
v -0.012957 0.090506 -0.009035
v -0.013282 0.089664 -0.008318
v -0.018018 0.091826 -0.008349
v -0.017584 0.092618 -0.009066
v -0.012454 0.091892 -0.005328
v -0.012131 0.092732 -0.006040
v -0.016900 0.093920 -0.005358
v -0.016466 0.094710 -0.006069
v -0.013152 0.090051 -0.005610
v -0.012775 0.091049 -0.005194
v -0.017838 0.092190 -0.005642
v -0.017331 0.093129 -0.005224
v -0.013405 0.089352 -0.007468
v -0.013351 0.089512 -0.006333
v -0.018183 0.091533 -0.007500
v -0.018108 0.091684 -0.006364
v -0.033070 0.105906 -0.008311
v -0.032314 0.106398 -0.009028
v -0.031565 0.106875 -0.009161
v -0.030644 0.107451 -0.008740
v -0.030157 0.107746 -0.008024
v -0.030005 0.107822 -0.006890
v -0.030283 0.107630 -0.006034
v -0.031037 0.107139 -0.005322
v -0.031798 0.106655 -0.005187
v -0.032703 0.106089 -0.005604
v -0.033194 0.105791 -0.006325
v -0.033346 0.105715 -0.007461
v -0.027352 0.103896 -0.008074
v -0.027218 0.103997 -0.006940
v -0.023961 0.100551 -0.006955
v -0.024076 0.100429 -0.008090
v -0.028629 0.102844 -0.009213
v -0.027792 0.103537 -0.008791
v -0.024464 0.100015 -0.008807
v -0.025206 0.099222 -0.009230
v -0.025813 0.098573 -0.009099
v -0.026429 0.097913 -0.008383
v -0.030002 0.101694 -0.008366
v -0.029311 0.102276 -0.009082
v -0.024808 0.099644 -0.005389
v -0.024192 0.100303 -0.006100
v -0.028164 0.103196 -0.005373
v -0.027475 0.103776 -0.006084
v -0.026152 0.098206 -0.005675
v -0.025423 0.098985 -0.005256
v -0.029679 0.101939 -0.005658
v -0.028857 0.102619 -0.005240
v -0.026659 0.097666 -0.007533
v -0.026544 0.097788 -0.006398
v -0.030257 0.101475 -0.007516
v -0.030123 0.101576 -0.006381
v -0.038377 0.120597 -0.007777
v -0.037495 0.120732 -0.008508
v -0.036616 0.120833 -0.008654
v -0.035526 0.120925 -0.008251
v -0.034945 0.120945 -0.007546
v -0.034751 0.120899 -0.006417
v -0.035068 0.120816 -0.005557
v -0.035948 0.120681 -0.004831
v -0.036840 0.120579 -0.004682
v -0.037911 0.120489 -0.005081
v -0.038498 0.120469 -0.005792
v -0.038691 0.120514 -0.006923
v -0.034064 0.116346 -0.007775
v -0.033880 0.116350 -0.006643
v -0.032262 0.111959 -0.006796
v -0.032431 0.111914 -0.007929
v -0.035679 0.115938 -0.008898
v -0.034625 0.116218 -0.008485
v -0.032958 0.111695 -0.008643
v -0.033954 0.111254 -0.009061
v -0.034759 0.110884 -0.008926
v -0.035571 0.110494 -0.008206
v -0.037385 0.115421 -0.008034
v -0.036530 0.115692 -0.008758
v -0.033367 0.111410 -0.005224
v -0.032557 0.111799 -0.005939
v -0.035043 0.115956 -0.005066
v -0.034189 0.116227 -0.005785
v -0.035163 0.110601 -0.005501
v -0.034185 0.111034 -0.005087
v -0.036942 0.115432 -0.005332
v -0.035907 0.115707 -0.004925
v -0.035865 0.110336 -0.007355
v -0.035695 0.110380 -0.006220
v -0.037692 0.115298 -0.007182
v -0.037508 0.115303 -0.006049
v -0.037025 0.135922 -0.006515
v -0.036152 0.135841 -0.007261
v -0.035278 0.135701 -0.007426
v -0.034202 0.135470 -0.007048
v -0.033628 0.135298 -0.006357
v -0.033440 0.135151 -0.005235
v -0.033756 0.135121 -0.004371
v -0.034626 0.135202 -0.003630
v -0.035514 0.135344 -0.003463
v -0.036571 0.135571 -0.003837
v -0.037150 0.135745 -0.004534
v -0.037339 0.135892 -0.005657
v -0.034444 0.130444 -0.006824
v -0.034253 0.130315 -0.005701
v -0.034860 0.125541 -0.006111
v -0.035055 0.125638 -0.007237
v -0.036106 0.130778 -0.007901
v -0.035023 0.130589 -0.007518
v -0.035638 0.125727 -0.007934
v -0.036733 0.125822 -0.008325
v -0.037616 0.125863 -0.008169
v -0.038500 0.125860 -0.007430
v -0.037861 0.130945 -0.006994
v -0.036984 0.130888 -0.007739
v -0.036061 0.125490 -0.004514
v -0.035178 0.125494 -0.005248
v -0.035444 0.130340 -0.004099
v -0.034570 0.130282 -0.004837
v -0.038032 0.125626 -0.004742
v -0.036956 0.125532 -0.004356
v -0.037401 0.130637 -0.004313
v -0.036336 0.130452 -0.003934
v -0.038815 0.125813 -0.006573
v -0.038620 0.125715 -0.005446
v -0.038175 0.130913 -0.006136
v -0.037984 0.130784 -0.005012
v -0.031701 0.145005 -0.005302
v -0.031517 0.144837 -0.004183
v -0.032517 0.139999 -0.004725
v -0.032703 0.140157 -0.005845
v -0.033338 0.145476 -0.006365
v -0.032270 0.145205 -0.005990
v -0.033274 0.140346 -0.006534
v -0.034346 0.140599 -0.006911
v -0.035217 0.140754 -0.006744
v -0.036088 0.140845 -0.005997
v -0.035076 0.145741 -0.005448
v -0.034207 0.145642 -0.006197
v -0.033702 0.140060 -0.003119
v -0.032833 0.139968 -0.003861
v -0.032700 0.144905 -0.002576
v -0.031833 0.144805 -0.003319
v -0.035640 0.140466 -0.003322
v -0.034586 0.140217 -0.002950
v -0.034632 0.145340 -0.002776
v -0.033583 0.145074 -0.002406
v -0.036402 0.140814 -0.005139
v -0.036216 0.140656 -0.004017
v -0.035390 0.145710 -0.004590
v -0.035206 0.145542 -0.003470
v -0.024381 0.194112 0.000316
v -0.023519 0.193971 -0.000435
v -0.022650 0.193808 -0.000602
v -0.021572 0.193583 -0.000222
v -0.020992 0.193444 0.000471
v -0.020792 0.193363 0.001598
v -0.021097 0.193390 0.002464
v -0.021957 0.193531 0.003210
v -0.022840 0.193697 0.003379
v -0.023898 0.193918 0.003004
v -0.024484 0.194058 0.002304
v -0.024684 0.194139 0.001177
v -0.021861 0.188616 0.000040
v -0.021675 0.188464 0.001161
v -0.023509 0.189037 -0.001028
v -0.022434 0.188796 -0.000650
v -0.025253 0.189270 -0.000116
v -0.024381 0.189184 -0.000862
v -0.022861 0.188520 0.002767
v -0.021991 0.188434 0.002025
v -0.024802 0.188906 0.002561
v -0.023747 0.188669 0.002935
v -0.025567 0.189239 0.000742
v -0.025380 0.189087 0.001864
v -0.020150 0.206758 -0.003848
v -0.019591 0.205804 -0.004241
v -0.018875 0.205279 -0.004235
v -0.017802 0.205022 -0.003836
v -0.017097 0.205223 -0.003303
v -0.016598 0.205926 -0.002516
v -0.016623 0.206645 -0.002002
v -0.017182 0.207592 -0.001614
v -0.017911 0.208127 -0.001620
v -0.018963 0.208376 -0.002013
v -0.019676 0.208173 -0.002552
v -0.020175 0.207472 -0.003338
v -0.018699 0.202099 -0.000866
v -0.018362 0.202496 0.000164
v -0.019772 0.198142 0.001487
v -0.020011 0.198044 0.000365
v -0.020414 0.202266 -0.001897
v -0.019338 0.202025 -0.001511
v -0.020608 0.198101 -0.000323
v -0.021688 0.198326 -0.000704
v -0.022535 0.198570 -0.000542
v -0.023360 0.198890 0.000203
v -0.021936 0.203287 -0.001133
v -0.021213 0.202653 -0.001782
v -0.020860 0.198652 0.003077
v -0.020037 0.198332 0.002338
v -0.019257 0.203592 0.001566
v -0.018534 0.202961 0.000922
v -0.022781 0.199121 0.002865
v -0.021722 0.198899 0.003241
v -0.021125 0.204221 0.001302
v -0.020068 0.203986 0.001682
v -0.023624 0.199080 0.001048
v -0.023384 0.199178 0.002171
v -0.022108 0.203749 -0.000380
v -0.021770 0.204147 0.000650
v -0.014951 0.206319 -0.016788
v -0.014793 0.205368 -0.016200
v -0.014247 0.204814 -0.015713
v -0.013215 0.204579 -0.015250
v -0.012340 0.204811 -0.015102
v -0.011479 0.205530 -0.015234
v -0.011136 0.206348 -0.015587
v -0.011296 0.207297 -0.016174
v -0.011847 0.207857 -0.016666
v -0.012864 0.208088 -0.017121
v -0.013748 0.207853 -0.017271
v -0.014610 0.207131 -0.017138
v -0.013661 0.206794 -0.011153
v -0.012885 0.207639 -0.010997
v -0.014674 0.207493 -0.006558
v -0.015329 0.206658 -0.007013
v -0.015549 0.206789 -0.011839
v -0.014491 0.206527 -0.011415
v -0.016107 0.206394 -0.007407
v -0.017168 0.206655 -0.007819
v -0.017814 0.207253 -0.007981
v -0.018205 0.208345 -0.007932
v -0.016403 0.208491 -0.012407
v -0.016136 0.207390 -0.012144
v -0.014947 0.209446 -0.006283
v -0.014554 0.208361 -0.006330
v -0.012925 0.209603 -0.011307
v -0.012656 0.208509 -0.011045
v -0.016646 0.210308 -0.006853
v -0.015603 0.210054 -0.006447
v -0.014561 0.210468 -0.012034
v -0.013522 0.210214 -0.011617
v -0.018086 0.209206 -0.007706
v -0.017431 0.210041 -0.007251
v -0.016175 0.209355 -0.012454
v -0.015399 0.210199 -0.012298
v -0.010291 0.198078 -0.019261
v -0.011288 0.198029 -0.018717
v -0.010507 0.202610 -0.018178
v -0.011490 0.202245 -0.017712
v -0.012204 0.198041 -0.018733
v -0.013197 0.198117 -0.019331
v -0.012394 0.202135 -0.017760
v -0.013395 0.202265 -0.018345
v -0.013844 0.202545 -0.019073
v -0.013847 0.203038 -0.020114
v -0.013635 0.198208 -0.020120
v -0.013615 0.198332 -0.021254
v -0.010060 0.203497 -0.019908
v -0.010053 0.203007 -0.018875
v -0.009790 0.198284 -0.021189
v -0.009806 0.198161 -0.020063
v -0.011500 0.203908 -0.021221
v -0.010518 0.203782 -0.020651
v -0.011213 0.198451 -0.022577
v -0.010237 0.198377 -0.021993
v -0.013397 0.203432 -0.020804
v -0.012414 0.203797 -0.021270
v -0.013136 0.198413 -0.022047
v -0.012136 0.198463 -0.022593
v 0.011274 0.198587 0.020385
v 0.010200 0.198597 0.019918
v 0.015507 0.210846 0.010532
v 0.014435 0.210844 0.010068
v 0.009660 0.198461 0.019225
v 0.009519 0.198127 0.018073
v 0.013753 0.210400 0.009694
v 0.013288 0.209368 0.009306
v 0.009821 0.197868 0.017373
v 0.010756 0.197522 0.016686
v 0.013344 0.208555 0.009183
v 0.013952 0.207522 0.009260
v 0.011627 0.197373 0.016607
v 0.012703 0.197362 0.017075
v 0.014689 0.207085 0.009500
v 0.015762 0.207087 0.009964
v 0.013242 0.197498 0.017768
v 0.013383 0.197833 0.018920
v 0.016443 0.207530 0.010338
v 0.016908 0.208565 0.010726
v 0.013080 0.198093 0.019623
v 0.012148 0.198437 0.020306
v 0.016853 0.209377 0.010849
v 0.016246 0.210408 0.010772
v 0.011871 0.206238 0.012644
v 0.012735 0.205606 0.012114
v 0.011795 0.201788 0.014290
v 0.010860 0.202134 0.014976
v 0.011819 0.207375 0.014244
v 0.011609 0.206744 0.013253
v 0.010558 0.202393 0.015676
v 0.010700 0.202727 0.016828
v 0.011239 0.202864 0.017521
v 0.012313 0.202853 0.017989
v 0.013462 0.207646 0.015338
v 0.012391 0.207647 0.014877
v 0.013742 0.201629 0.014678
v 0.012666 0.201639 0.014210
v 0.014658 0.205334 0.012553
v 0.013585 0.205335 0.012093
v 0.014423 0.202099 0.016523
v 0.014281 0.201765 0.015371
v 0.015440 0.206236 0.014176
v 0.015230 0.205606 0.013187
v 0.013187 0.202703 0.017909
v 0.014119 0.202359 0.017226
v 0.014315 0.207374 0.015317
v 0.015177 0.206743 0.014787
v 0.021947 0.201980 -0.001246
v 0.020964 0.201834 -0.001848
v 0.020103 0.201560 -0.001887
v 0.019164 0.201090 -0.001356
v 0.018785 0.200754 -0.000654
v 0.018828 0.200432 0.000474
v 0.019292 0.200355 0.001247
v 0.020273 0.200501 0.001846
v 0.021134 0.200775 0.001885
v 0.022073 0.201244 0.001355
v 0.022451 0.201579 0.000655
v 0.022408 0.201904 -0.000480
v 0.017135 0.204929 0.001456
v 0.017317 0.204257 0.002407
v 0.015614 0.206816 0.005592
v 0.015260 0.207748 0.004964
v 0.018246 0.206250 0.000496
v 0.017410 0.205517 0.000892
v 0.015402 0.208534 0.004649
v 0.016094 0.209482 0.004523
v 0.016873 0.209904 0.004695
v 0.017921 0.209916 0.005200
v 0.020094 0.206656 0.001133
v 0.019075 0.206598 0.000575
v 0.017289 0.206424 0.006598
v 0.016244 0.206412 0.006095
v 0.018873 0.204047 0.003633
v 0.017858 0.203988 0.003077
v 0.018761 0.207793 0.006645
v 0.018069 0.206847 0.006771
v 0.020539 0.205127 0.003316
v 0.019704 0.204396 0.003712
v 0.018547 0.209514 0.005701
v 0.018902 0.208577 0.006331
v 0.020631 0.206389 0.001799
v 0.020813 0.205713 0.002754
v 0.025621 0.186955 -0.001100
v 0.024671 0.186690 -0.001712
v 0.023790 0.186488 -0.001743
v 0.022775 0.186302 -0.001184
v 0.022312 0.186256 -0.000445
v 0.022245 0.186333 0.000719
v 0.022649 0.186489 0.001519
v 0.023596 0.186752 0.002127
v 0.024478 0.186955 0.002158
v 0.025492 0.187140 0.001601
v 0.025954 0.187187 0.000864
v 0.026021 0.187109 -0.000307
v 0.021219 0.191118 -0.000860
v 0.021152 0.191201 0.000304
v 0.020072 0.195994 -0.000076
v 0.020121 0.195990 -0.001246
v 0.022700 0.191341 -0.002156
v 0.021683 0.191160 -0.001598
v 0.020570 0.196090 -0.001985
v 0.021575 0.196326 -0.002547
v 0.022453 0.196540 -0.002517
v 0.023408 0.196780 -0.001903
v 0.024531 0.191806 -0.001513
v 0.023581 0.191542 -0.002126
v 0.021438 0.196344 0.001335
v 0.020485 0.196105 0.000724
v 0.022501 0.191623 0.001713
v 0.021555 0.191359 0.001104
v 0.023320 0.196794 0.000805
v 0.022317 0.196558 0.001365
v 0.024399 0.192005 0.001187
v 0.023384 0.191824 0.001743
v 0.023818 0.196890 -0.001109
v 0.023768 0.196894 0.000068
v 0.024930 0.191963 -0.000720
v 0.024862 0.192046 0.000450
v 0.035702 0.143269 0.003030
v 0.034751 0.143014 0.002417
v 0.033867 0.142824 0.002385
v 0.032847 0.142657 0.002942
v 0.032382 0.142622 0.003680
v 0.032314 0.142708 0.004844
v 0.032717 0.142863 0.005644
v 0.033666 0.143117 0.006253
v 0.034551 0.143307 0.006285
v 0.035569 0.143474 0.005730
v 0.036033 0.143509 0.004994
v 0.036103 0.143422 0.003823
v 0.038205 0.128388 0.004234
v 0.037237 0.128241 0.003612
v 0.036338 0.128145 0.003573
v 0.035303 0.128079 0.004122
v 0.034831 0.128085 0.004856
v 0.034764 0.128166 0.006020
v 0.035175 0.128270 0.006824
v 0.036141 0.128416 0.007442
v 0.037040 0.128513 0.007481
v 0.038075 0.128579 0.006934
v 0.038545 0.128572 0.006202
v 0.038613 0.128491 0.005031
v 0.034187 0.132935 0.004481
v 0.034120 0.133016 0.005645
v 0.033292 0.137867 0.005254
v 0.033360 0.137783 0.004090
v 0.035686 0.133062 0.003192
v 0.034657 0.132948 0.003745
v 0.033827 0.137810 0.003353
v 0.034851 0.137956 0.002798
v 0.035738 0.138125 0.002831
v 0.036695 0.138356 0.003446
v 0.037541 0.133398 0.003846
v 0.036579 0.133202 0.003228
v 0.034652 0.138238 0.006667
v 0.033698 0.138009 0.006055
v 0.035489 0.133338 0.007062
v 0.034529 0.133142 0.006447
v 0.036563 0.138554 0.006147
v 0.035541 0.138408 0.006700
v 0.037411 0.133591 0.006547
v 0.036383 0.133477 0.007097
v 0.037098 0.138497 0.004240
v 0.037029 0.138581 0.005411
v 0.037947 0.133522 0.004641
v 0.037879 0.133605 0.005812
v 0.036592 0.113052 0.005091
v 0.035678 0.113360 0.004444
v 0.034829 0.113663 0.004384
v 0.033847 0.114034 0.004909
v 0.033397 0.114220 0.005633
v 0.033328 0.114284 0.006799
v 0.033713 0.114172 0.007614
v 0.034625 0.113865 0.008257
v 0.035474 0.113561 0.008318
v 0.036456 0.113191 0.007795
v 0.036904 0.113005 0.007072
v 0.036974 0.112941 0.005900
v 0.034658 0.118710 0.005457
v 0.034591 0.118779 0.006622
v 0.035038 0.123419 0.006361
v 0.035105 0.123343 0.005196
v 0.036152 0.118374 0.004199
v 0.035125 0.118589 0.004730
v 0.035579 0.123288 0.004465
v 0.036621 0.123236 0.003924
v 0.037521 0.123225 0.003971
v 0.038497 0.123250 0.004601
v 0.037995 0.118066 0.004894
v 0.037037 0.118213 0.004253
v 0.036424 0.123489 0.007795
v 0.035452 0.123464 0.007168
v 0.035952 0.118597 0.008071
v 0.034996 0.118743 0.007434
v 0.038367 0.123426 0.007303
v 0.037326 0.123478 0.007842
v 0.037863 0.118221 0.007596
v 0.036838 0.118436 0.008126
v 0.038907 0.123295 0.005402
v 0.038839 0.123371 0.006574
v 0.038397 0.118031 0.005699
v 0.038329 0.118100 0.006871
v 0.028452 0.099907 0.005310
v 0.027749 0.100562 0.004657
v 0.027091 0.101176 0.004591
v 0.026322 0.101896 0.005110
v 0.025964 0.102232 0.005832
v 0.025897 0.102297 0.006998
v 0.026188 0.102028 0.007816
v 0.026888 0.101375 0.008465
v 0.027547 0.100760 0.008531
v 0.028316 0.100041 0.008014
v 0.028672 0.099707 0.007294
v 0.028740 0.099640 0.006121
v 0.028963 0.105914 0.005808
v 0.028894 0.105977 0.006973
v 0.031445 0.109966 0.006915
v 0.031515 0.109905 0.005750
v 0.030209 0.105004 0.004566
v 0.029357 0.105623 0.005086
v 0.031939 0.109663 0.005027
v 0.032863 0.109157 0.004505
v 0.033656 0.108733 0.004569
v 0.034510 0.108290 0.005220
v 0.031723 0.103921 0.005284
v 0.030940 0.104477 0.004632
v 0.032654 0.109349 0.008379
v 0.031802 0.109792 0.007732
v 0.030000 0.105196 0.008440
v 0.029220 0.105751 0.007792
v 0.034371 0.108420 0.007923
v 0.033448 0.108925 0.008443
v 0.031583 0.104051 0.007988
v 0.030733 0.104669 0.008505
v 0.034865 0.108116 0.006030
v 0.034794 0.108179 0.007202
v 0.032046 0.103697 0.006095
v 0.031976 0.103760 0.007267
v 0.015965 0.090775 0.005246
v 0.015561 0.091647 0.004595
v 0.015180 0.092462 0.004530
v 0.014729 0.093414 0.005051
v 0.014517 0.093855 0.005773
v 0.014471 0.093935 0.006939
v 0.014635 0.093573 0.007757
v 0.015038 0.092703 0.008404
v 0.015420 0.091887 0.008469
v 0.015870 0.090936 0.007950
v 0.016081 0.090497 0.007230
v 0.016128 0.090416 0.006057
v 0.018665 0.096165 0.005805
v 0.018610 0.096240 0.006970
v 0.022439 0.099041 0.006993
v 0.022501 0.098972 0.005827
v 0.019502 0.094868 0.004563
v 0.018933 0.095754 0.005083
v 0.022817 0.098596 0.005105
v 0.023492 0.097788 0.004586
v 0.024069 0.097096 0.004652
v 0.024682 0.096357 0.005305
v 0.020500 0.093298 0.005280
v 0.019987 0.094109 0.004628
v 0.023302 0.097999 0.008460
v 0.022691 0.098736 0.007811
v 0.019332 0.095094 0.008437
v 0.018819 0.095903 0.007788
v 0.024554 0.096499 0.008008
v 0.023879 0.097306 0.008526
v 0.020386 0.093449 0.007984
v 0.019817 0.094334 0.008502
v 0.024932 0.096054 0.006116
v 0.024869 0.096125 0.007288
v 0.020708 0.092964 0.006091
v 0.020652 0.093039 0.007264
v 0.000871 0.087190 0.005171
v 0.000848 0.088153 0.004522
v 0.000827 0.089053 0.004459
v 0.000802 0.090105 0.004982
v 0.000791 0.090592 0.005705
v 0.000789 0.090682 0.006871
v 0.000798 0.090283 0.007688
v 0.000821 0.089324 0.008334
v 0.000842 0.088423 0.008396
v 0.000867 0.087372 0.007876
v 0.000878 0.086886 0.007154
v 0.000880 0.086795 0.005981
v 0.005500 0.091022 0.005716
v 0.005481 0.091110 0.006882
v 0.010062 0.092236 0.006907
v 0.010096 0.092151 0.005742
v 0.005757 0.089503 0.004470
v 0.005583 0.090541 0.004993
v 0.010246 0.091686 0.005019
v 0.010563 0.090683 0.004497
v 0.010832 0.089823 0.004561
v 0.011116 0.088904 0.005211
v 0.006060 0.087665 0.005183
v 0.005905 0.088615 0.004533
v 0.010459 0.090939 0.008371
v 0.010176 0.091855 0.007725
v 0.005698 0.089769 0.008345
v 0.005543 0.090717 0.007699
v 0.011045 0.089076 0.007915
v 0.010728 0.090078 0.008435
v 0.006020 0.087844 0.007887
v 0.005845 0.088881 0.008408
v 0.011229 0.088527 0.006022
v 0.011195 0.088612 0.007194
v 0.006122 0.087275 0.005993
v 0.006102 0.087364 0.007166
v -0.014377 0.090110 0.005288
v -0.014012 0.090998 0.004636
v -0.013662 0.091827 0.004570
v -0.013246 0.092796 0.005090
v -0.013047 0.093243 0.005811
v -0.012997 0.093323 0.006977
v -0.013141 0.092954 0.007795
v -0.013506 0.092069 0.008444
v -0.013855 0.091238 0.008509
v -0.014271 0.090271 0.007992
v -0.014469 0.089825 0.007272
v -0.014520 0.089744 0.006100
v -0.008576 0.091693 0.005754
v -0.008541 0.091778 0.006920
v -0.003915 0.090898 0.006882
v -0.003932 0.090809 0.005716
v -0.008985 0.090206 0.004510
v -0.008709 0.091223 0.005032
v -0.003993 0.090325 0.004994
v -0.004120 0.089280 0.004471
v -0.004226 0.088386 0.004534
v -0.004336 0.087430 0.005184
v -0.009458 0.088406 0.005225
v -0.009216 0.089337 0.004574
v -0.004068 0.089548 0.008345
v -0.003958 0.090502 0.007699
v -0.008876 0.090464 0.008384
v -0.008635 0.091392 0.007737
v -0.004301 0.087610 0.007888
v -0.004174 0.088653 0.008409
v -0.009384 0.088578 0.007929
v -0.009108 0.089593 0.008448
v -0.004379 0.087037 0.005994
v -0.004362 0.087127 0.007167
v -0.009552 0.088023 0.006036
v -0.009516 0.088109 0.007209
v -0.027187 0.098789 0.005487
v -0.026516 0.099471 0.004830
v -0.025881 0.100109 0.004760
v -0.025133 0.100855 0.005274
v -0.024780 0.101201 0.005994
v -0.024704 0.101264 0.007159
v -0.024976 0.100982 0.007979
v -0.025646 0.100302 0.008632
v -0.026282 0.099662 0.008702
v -0.027029 0.098918 0.008190
v -0.027380 0.098573 0.007472
v -0.027457 0.098509 0.006300
v -0.021211 0.098053 0.005943
v -0.021140 0.098121 0.007108
v -0.017220 0.095452 0.007043
v -0.017282 0.095378 0.005878
v -0.022172 0.096839 0.004707
v -0.021520 0.097669 0.005223
v -0.017541 0.094960 0.005157
v -0.018082 0.094055 0.004640
v -0.018538 0.093279 0.004707
v -0.019017 0.092448 0.005361
v -0.023304 0.095365 0.005432
v -0.022723 0.096127 0.004776
v -0.017889 0.094278 0.008513
v -0.017411 0.095106 0.007862
v -0.021953 0.097045 0.008579
v -0.021373 0.097805 0.007927
v -0.018886 0.092597 0.008064
v -0.018345 0.093501 0.008580
v -0.023155 0.095503 0.008135
v -0.022505 0.096332 0.008648
v -0.019206 0.092105 0.006173
v -0.019143 0.092180 0.007345
v -0.023535 0.095051 0.006244
v -0.023464 0.095120 0.007416
v -0.035937 0.111521 0.005417
v -0.035049 0.111885 0.004762
v -0.034222 0.112238 0.004694
v -0.033256 0.112665 0.005210
v -0.032811 0.112874 0.005931
v -0.032733 0.112937 0.007096
v -0.033102 0.112800 0.007914
v -0.033987 0.112437 0.008566
v -0.034816 0.112084 0.008634
v -0.035780 0.111657 0.008119
v -0.036224 0.111449 0.007401
v -0.036303 0.111385 0.006229
v -0.030620 0.108679 0.006000
v -0.030541 0.108739 0.007165
v -0.027864 0.104817 0.007183
v -0.027943 0.104757 0.006018
v -0.031944 0.107874 0.004766
v -0.031040 0.108420 0.005280
v -0.028332 0.104453 0.005299
v -0.029164 0.103801 0.004785
v -0.029873 0.103246 0.004856
v -0.030625 0.102655 0.005513
v -0.033542 0.106927 0.005493
v -0.032718 0.107412 0.004836
v -0.028923 0.103986 0.008657
v -0.028172 0.104575 0.008003
v -0.031704 0.108060 0.008638
v -0.030881 0.108544 0.007985
v -0.030462 0.102780 0.008216
v -0.029632 0.103430 0.008728
v -0.033381 0.107053 0.008196
v -0.032478 0.107598 0.008709
v -0.030930 0.102415 0.006327
v -0.030851 0.102476 0.007499
v -0.033880 0.106734 0.006307
v -0.033800 0.106795 0.007478
v -0.038527 0.126709 0.004561
v -0.037557 0.126610 0.003932
v -0.036656 0.126564 0.003886
v -0.035613 0.126563 0.004425
v -0.035136 0.126604 0.005155
v -0.035063 0.126702 0.006318
v -0.035473 0.126791 0.007124
v -0.036440 0.126890 0.007750
v -0.037343 0.126935 0.007796
v -0.038384 0.126936 0.007258
v -0.038860 0.126895 0.006530
v -0.038934 0.126797 0.005361
v -0.035166 0.121888 0.005534
v -0.035093 0.121972 0.006699
v -0.034219 0.117392 0.006938
v -0.034294 0.117320 0.005774
v -0.036685 0.121673 0.004278
v -0.035642 0.121798 0.004808
v -0.034759 0.117168 0.005051
v -0.035772 0.116882 0.004530
v -0.036645 0.116659 0.004594
v -0.037583 0.116445 0.005243
v -0.038549 0.121560 0.004974
v -0.037579 0.121600 0.004333
v -0.035548 0.117112 0.008401
v -0.034613 0.117326 0.007755
v -0.036469 0.121951 0.008146
v -0.035501 0.121991 0.007509
v -0.037433 0.116604 0.007945
v -0.036422 0.116889 0.008464
v -0.038405 0.121753 0.007673
v -0.037364 0.121878 0.008201
v -0.037973 0.116380 0.006053
v -0.037898 0.116451 0.007224
v -0.038954 0.121579 0.005778
v -0.038880 0.121664 0.006949
v -0.037153 0.141638 0.003129
v -0.036188 0.141479 0.002505
v -0.035289 0.141386 0.002463
v -0.034250 0.141338 0.003007
v -0.033774 0.141364 0.003738
v -0.033700 0.141473 0.004900
v -0.034108 0.141594 0.005703
v -0.035071 0.141752 0.006324
v -0.035971 0.141845 0.006366
v -0.037008 0.141894 0.005823
v -0.037483 0.141868 0.005094
v -0.037557 0.141758 0.003926
v -0.034255 0.136420 0.004226
v -0.034181 0.136526 0.005388
v -0.034646 0.131581 0.005863
v -0.034719 0.131477 0.004701
v -0.035770 0.136441 0.002951
v -0.034731 0.136395 0.003495
v -0.035195 0.131451 0.003970
v -0.036235 0.131493 0.003426
v -0.037134 0.131578 0.003469
v -0.038101 0.131724 0.004094
v -0.037635 0.136684 0.003617
v -0.036669 0.136531 0.002993
v -0.036018 0.131839 0.007289
v -0.035054 0.131694 0.006667
v -0.035552 0.136796 0.006813
v -0.034589 0.136644 0.006192
v -0.037957 0.131966 0.006790
v -0.036919 0.131924 0.007331
v -0.037490 0.136932 0.006313
v -0.036453 0.136886 0.006855
v -0.038506 0.131836 0.004892
v -0.038432 0.131940 0.006061
v -0.038040 0.136800 0.004415
v -0.037965 0.136907 0.005583
v -0.033201 0.146417 0.004395
v -0.033275 0.146304 0.003235
v -0.033751 0.146277 0.002503
v -0.034790 0.146328 0.001959
v -0.035688 0.146424 0.002001
v -0.036653 0.146588 0.002624
v -0.034570 0.146705 0.005818
v -0.033608 0.146542 0.005199
v -0.036507 0.146852 0.005318
v -0.035470 0.146802 0.005860
v -0.037057 0.146712 0.003420
v -0.036982 0.146825 0.004588
v -0.030551 0.200853 -0.003574
v -0.029605 0.200545 -0.004177
v -0.028719 0.200374 -0.004208
v -0.027681 0.200304 -0.003661
v -0.027199 0.200376 -0.002938
v -0.027106 0.200613 -0.001795
v -0.027493 0.200858 -0.001015
v -0.028436 0.201165 -0.000416
v -0.029324 0.201336 -0.000385
v -0.030359 0.201406 -0.000930
v -0.030841 0.201335 -0.001651
v -0.030934 0.201096 -0.002801
v -0.027868 0.195640 -0.002300
v -0.027793 0.195762 -0.001141
v -0.028411 0.190843 -0.000581
v -0.028486 0.190719 -0.001741
v -0.029379 0.195689 -0.003579
v -0.028343 0.195618 -0.003032
v -0.028962 0.190693 -0.002472
v -0.029999 0.190759 -0.003018
v -0.030896 0.190874 -0.002979
v -0.031858 0.191065 -0.002359
v -0.031237 0.196003 -0.002921
v -0.030275 0.195809 -0.003540
v -0.029776 0.191175 0.000837
v -0.028817 0.190985 0.000220
v -0.029157 0.196099 0.000277
v -0.028198 0.195906 -0.000339
v -0.031709 0.191356 0.000332
v -0.030673 0.191291 0.000876
v -0.031088 0.196290 -0.000229
v -0.030054 0.196219 0.000316
v -0.032259 0.191206 -0.001564
v -0.032183 0.191331 -0.000398
v -0.031638 0.196145 -0.002126
v -0.031563 0.196268 -0.000959
v -0.025839 0.209600 -0.012250
v -0.025307 0.208569 -0.012080
v -0.024593 0.208100 -0.011794
v -0.023516 0.208080 -0.011316
v -0.022831 0.208493 -0.010984
v -0.022289 0.209496 -0.010678
v -0.022290 0.210383 -0.010620
v -0.022821 0.211407 -0.010790
v -0.023536 0.211877 -0.011077
v -0.024611 0.211898 -0.011553
v -0.025294 0.211486 -0.011884
v -0.025840 0.210477 -0.012193
v -0.024619 0.207229 -0.007252
v -0.024270 0.208099 -0.006545
v -0.026028 0.205057 -0.003313
v -0.026204 0.204493 -0.004341
v -0.026273 0.206905 -0.008292
v -0.025218 0.206873 -0.007774
v -0.026721 0.204281 -0.005000
v -0.027768 0.204337 -0.005544
v -0.028613 0.204637 -0.005566
v -0.029483 0.205259 -0.005076
v -0.027762 0.208238 -0.008240
v -0.027057 0.207329 -0.008434
v -0.027197 0.206186 -0.002177
v -0.026331 0.205567 -0.002663
v -0.025136 0.209794 -0.005957
v -0.024433 0.208889 -0.006148
v -0.029089 0.206543 -0.002740
v -0.028045 0.206487 -0.002199
v -0.026974 0.210251 -0.006616
v -0.025921 0.210218 -0.006099
v -0.029783 0.205765 -0.004432
v -0.029605 0.206331 -0.003399
v -0.027923 0.209020 -0.007847
v -0.027571 0.209896 -0.007136
v -0.021654 0.202643 -0.022802
v -0.021918 0.203302 -0.023727
v -0.019915 0.202210 -0.021896
v -0.021037 0.202305 -0.022235
v -0.018222 0.202967 -0.022580
v -0.019074 0.202408 -0.021999
v -0.018232 0.204164 -0.024173
v -0.017966 0.203510 -0.023253
v -0.019968 0.204599 -0.025080
v -0.018849 0.204504 -0.024741
v -0.021665 0.203839 -0.024392
v -0.020807 0.204401 -0.024977
v -0.019847 0.205729 -0.018859
v -0.019045 0.206503 -0.019236
v -0.020473 0.208724 -0.015114
v -0.021169 0.207784 -0.015043
v -0.021774 0.205481 -0.019236
v -0.020660 0.205425 -0.018860
v -0.021934 0.207395 -0.015194
v -0.023029 0.207423 -0.015619
v -0.023693 0.207876 -0.016031
v -0.024089 0.208853 -0.016528
v -0.022712 0.206717 -0.020499
v -0.022405 0.205881 -0.019743
v -0.020741 0.210552 -0.015864
v -0.020345 0.209581 -0.015370
v -0.019140 0.208045 -0.020491
v -0.018832 0.207214 -0.019738
v -0.022499 0.211035 -0.016702
v -0.021405 0.211005 -0.016277
v -0.020883 0.208502 -0.021374
v -0.019772 0.208445 -0.020998
v -0.023961 0.209700 -0.016781
v -0.023261 0.210647 -0.016852
v -0.022501 0.207420 -0.020996
v -0.021694 0.208199 -0.021375
v 0.010413 0.217544 -0.004905
v 0.010413 0.219799 -0.009330
v 0.010412 0.245481 -0.009330
v 0.010412 0.241970 -0.012841
v 0.010412 0.227735 -0.015096
v 0.010412 0.223310 -0.012842
v 0.010412 0.247736 -0.004905
v 0.010412 0.248513 0.000000
v 0.010412 0.232640 -0.015873
v 0.010412 0.237545 -0.015096
v 0.010413 0.216767 -0.000000
v 0.010413 0.223310 0.012841
v 0.010413 0.219798 0.009330
v 0.010412 0.227735 0.015096
v 0.010412 0.245481 0.009330
v 0.010412 0.247736 0.004905
v 0.010413 0.217544 0.004905
v 0.010412 0.232640 0.015873
v 0.010412 0.241970 0.012841
v 0.010412 0.237545 0.015096
v 0.024826 0.194222 0.026338
v 0.024460 0.196340 0.026491
v 0.025381 0.192249 0.025675
v 0.026089 0.190555 0.024549
v 0.026901 0.189254 0.023036
v 0.027762 0.188437 0.021238
v 0.028613 0.188158 0.019279
v 0.029397 0.188437 0.017292
v 0.030059 0.189254 0.015412
v 0.030555 0.190555 0.013768
v 0.030851 0.192249 0.012471
v 0.030926 0.194222 0.011610
v 0.030776 0.196340 0.011243
v 0.030411 0.198457 0.011396
v 0.029856 0.200430 0.012058
v 0.029148 0.202125 0.013185
v 0.028335 0.203425 0.014698
v 0.027474 0.204242 0.016496
v 0.026623 0.204521 0.018455
v 0.025840 0.204242 0.020442
v 0.025178 0.203425 0.022322
v 0.024682 0.202125 0.023966
v 0.024386 0.200430 0.025263
v 0.024310 0.198457 0.026124
v 0.025232 0.194280 0.026506
v 0.024867 0.196398 0.026659
v 0.025788 0.192307 0.025844
v 0.026496 0.190613 0.024718
v 0.027308 0.189312 0.023204
v 0.028169 0.188495 0.021407
v 0.029020 0.188216 0.019448
v 0.029804 0.188495 0.017460
v 0.030466 0.189312 0.015581
v 0.030962 0.190613 0.013936
v 0.031258 0.192307 0.012639
v 0.031333 0.194280 0.011778
v 0.031183 0.196398 0.011412
v 0.030818 0.198515 0.011565
v 0.030262 0.200488 0.012227
v 0.029554 0.202183 0.013353
v 0.028742 0.203483 0.014867
v 0.027881 0.204300 0.016664
v 0.027030 0.204579 0.018623
v 0.026247 0.204300 0.020611
v 0.025584 0.203483 0.022490
v 0.025089 0.202183 0.024135
v 0.024793 0.200488 0.025432
v 0.024717 0.198515 0.026293
v -0.024868 0.202952 -0.022842
v -0.025271 0.203691 -0.021612
v -0.024226 0.199723 -0.025511
v -0.024354 0.201003 -0.024758
v -0.024456 0.195583 -0.026386
v -0.024276 0.197060 -0.026311
v -0.025497 0.191640 -0.025231
v -0.025056 0.192919 -0.025855
v -0.027070 0.188951 -0.022357
v -0.026487 0.189690 -0.023513
v -0.031053 0.197137 -0.011467
v -0.031232 0.195659 -0.011541
v -0.030689 0.195581 -0.011316
v -0.030509 0.197059 -0.011241
v -0.031281 0.192996 -0.012340
v -0.031151 0.191714 -0.013095
v -0.030610 0.191637 -0.012871
v -0.030739 0.192918 -0.012116
v -0.024992 0.195658 -0.026608
v -0.024812 0.197137 -0.026533
v -0.030012 0.201081 -0.012623
v -0.030453 0.199800 -0.011998
v -0.029908 0.199722 -0.011772
v -0.029467 0.201003 -0.012397
v -0.026032 0.191715 -0.025452
v -0.025591 0.192996 -0.026077
v -0.028438 0.203768 -0.015496
v -0.029023 0.203029 -0.014340
v -0.028478 0.202952 -0.014114
v -0.027894 0.203690 -0.015270
v -0.027606 0.189027 -0.022578
v -0.027021 0.189767 -0.023735
v -0.026753 0.204482 -0.019319
v -0.027324 0.204482 -0.017941
v -0.026780 0.204404 -0.017716
v -0.026211 0.204404 -0.019093
v -0.028184 0.188237 -0.019911
v -0.028754 0.188237 -0.018534
v -0.029291 0.188314 -0.018755
v -0.028720 0.188314 -0.020134
v -0.029694 0.188951 -0.016015
v -0.030097 0.189689 -0.014785
v -0.030636 0.189767 -0.015008
v -0.030232 0.189027 -0.016239
v -0.025408 0.203029 -0.023067
v -0.025813 0.203768 -0.021835
v -0.024763 0.199799 -0.025734
v -0.024893 0.201080 -0.024980
v -0.030787 0.194203 -0.011555
v -0.031330 0.194280 -0.011780
v -0.030270 0.198438 -0.011341
v -0.030815 0.198515 -0.011567
v -0.030419 0.190536 -0.013714
v -0.030959 0.190613 -0.013938
v -0.029263 0.188419 -0.017240
v -0.029801 0.188495 -0.017462
v -0.027631 0.188419 -0.021187
v -0.028166 0.188495 -0.021409
v -0.025958 0.190536 -0.024498
v -0.026493 0.190613 -0.024720
v -0.024694 0.194204 -0.026286
v -0.025229 0.194280 -0.026508
v -0.024177 0.198439 -0.026072
v -0.024714 0.198515 -0.026295
v -0.024546 0.202106 -0.023913
v -0.025086 0.202183 -0.024137
v -0.025701 0.204223 -0.020388
v -0.026244 0.204300 -0.020612
v -0.027334 0.204223 -0.016440
v -0.027878 0.204300 -0.016666
v -0.029006 0.202105 -0.013129
v -0.029551 0.202183 -0.013355
vn -0.0092 0.0135 -0.9999
vn -0.0176 0.0256 -0.9995
vn -0.0079 0.0116 -0.9999
vn 1.0000 0.0027 0.0010
vn 1.0000 -0.0006 -0.0002
vn 1.0000 -0.0005 0.0006
vn 1.0000 0.0035 -0.0060
vn 0.1870 0.0020 -0.9824
vn 0.1299 0.0020 -0.9915
vn 0.1430 -0.0015 -0.9897
vn 0.2624 -0.0001 -0.9650
vn 1.0000 -0.0000 -0.0000
vn 0.7071 0.7071 -0.0000
vn 0.6488 0.6845 -0.3325
vn 0.2684 0.9041 -0.3325
vn 0.2588 0.9659 -0.0000
vn -0.7071 -0.7071 -0.0000
vn -0.6488 -0.6845 -0.3325
vn -0.2684 -0.9041 -0.3325
vn -0.2588 -0.9659 -0.0000
vn 0.2588 -0.9659 -0.0000
vn 0.2684 -0.9041 -0.3325
vn 0.6488 -0.6845 -0.3325
vn 0.7071 -0.7071 -0.0000
vn 0.9659 -0.2588 -0.0000
vn 0.9172 -0.2196 -0.3325
vn 0.9172 0.2196 -0.3325
vn 0.9659 0.2588 -0.0000
vn -0.9659 0.2588 -0.0000
vn -0.9172 0.2196 -0.3325
vn -0.9172 -0.2196 -0.3325
vn -0.9659 -0.2588 -0.0000
vn -0.0000 0.6037 -0.7972
vn 0.5228 0.3019 -0.7972
vn 0.1963 0.1133 -0.9740
vn -0.0000 0.2267 -0.9740
vn -0.2684 0.9041 -0.3325
vn -0.6488 0.6845 -0.3325
vn -0.5228 0.3019 -0.7972
vn -0.5228 -0.3019 -0.7972
vn -0.0000 -0.6037 -0.7972
vn 0.5228 -0.3019 -0.7972
vn -0.2588 0.9659 -0.0000
vn -0.7071 0.7071 -0.0000
vn -0.1963 0.1133 -0.9740
vn 0.1963 -0.1133 -0.9740
vn -0.0000 -0.2267 -0.9740
vn -0.1963 -0.1133 -0.9740
vn -0.6488 0.6845 0.3325
vn -0.2684 0.9041 0.3325
vn 0.6488 -0.6845 0.3325
vn 0.2684 -0.9041 0.3325
vn -0.2684 -0.9041 0.3325
vn -0.6488 -0.6845 0.3325
vn -0.9172 -0.2196 0.3325
vn -0.9172 0.2196 0.3325
vn 0.9172 0.2196 0.3325
vn 0.9172 -0.2196 0.3325
vn -0.0000 0.6037 0.7972
vn -0.5228 0.3019 0.7972
vn -0.1963 0.1133 0.9740
vn -0.0000 0.2267 0.9740
vn 0.2684 0.9041 0.3325
vn 0.6488 0.6845 0.3325
vn 0.5228 0.3019 0.7972
vn 0.5228 -0.3019 0.7972
vn -0.0000 -0.6037 0.7972
vn -0.5228 -0.3019 0.7972
vn 0.1963 0.1133 0.9740
vn -0.1963 -0.1133 0.9740
vn -0.0000 -0.2267 0.9740
vn 0.1963 -0.1133 0.9740
vn 0.0696 -0.9830 0.1701
vn -0.0350 -0.9160 0.3996
vn -0.1372 -0.7866 0.6020
vn -0.2302 -0.6035 0.7634
vn -0.0696 0.9830 -0.1700
vn 0.0350 0.9160 -0.3996
vn 0.2579 -0.9160 -0.3073
vn 0.1695 -0.9830 -0.0710
vn 0.3952 -0.1293 -0.9095
vn 0.3997 -0.3793 -0.8345
vn -0.3951 0.1293 0.9095
vn -0.3997 0.3793 0.8345
vn 0.9160 0.1305 0.3794
vn 0.3075 0.3793 -0.8727
vn 0.3637 0.1293 -0.9225
vn 0.1373 0.7866 -0.6020
vn 0.2302 0.6035 -0.7634
vn 0.3771 -0.6035 -0.7026
vn 0.3287 -0.7866 -0.5228
vn -0.2578 0.9160 0.3073
vn -0.1695 0.9830 0.0710
vn -0.0350 -0.9160 0.3997
vn 0.2301 0.6036 -0.7633
vn 0.2302 0.6036 -0.7633
vn 0.9160 0.1306 0.3794
vn -0.3770 0.6035 0.7026
vn -0.3286 0.7866 0.5228
vn 0.3636 0.1294 -0.9225
vn 0.3074 0.3794 -0.8727
vn 0.0350 0.9160 -0.3997
vn -0.0696 0.9830 -0.1702
vn -0.3997 0.3794 0.8345
vn -0.3951 0.1294 0.9095
vn -0.3997 0.3794 0.8344
vn -0.3286 0.7865 0.5228
vn -0.1695 0.9830 0.0711
vn -0.2579 0.9160 0.3075
vn 0.1695 -0.9830 -0.0711
vn 0.2579 -0.9160 -0.3074
vn -0.3637 -0.1294 0.9225
vn -0.3074 -0.3794 0.8727
vn 0.3286 -0.7866 -0.5228
vn 0.3770 -0.6036 -0.7026
vn -0.2302 -0.6036 0.7634
vn -0.1373 -0.7866 0.6020
vn -0.1373 -0.7866 0.6021
vn 0.3997 -0.3794 -0.8344
vn 0.3951 -0.1294 -0.9095
vn -0.1695 -0.9830 0.0710
vn -0.2579 -0.9160 0.3074
vn -0.2579 -0.9160 0.3075
vn -0.1695 -0.9830 0.0711
vn -0.3287 -0.7866 0.5228
vn -0.3770 -0.6035 0.7026
vn -0.3287 -0.7865 0.5228
vn -0.3074 0.3793 0.8727
vn -0.3637 0.1294 0.9225
vn -0.3637 0.1293 0.9225
vn -0.3075 0.3793 0.8727
vn 0.2302 -0.6036 -0.7634
vn 0.1373 -0.7866 -0.6020
vn 0.2302 -0.6036 -0.7633
vn 0.0350 -0.9160 -0.3997
vn -0.0696 -0.9830 -0.1701
vn 0.3286 0.7866 -0.5228
vn 0.3770 0.6035 -0.7026
vn 0.3770 0.6036 -0.7025
vn 0.3287 0.7866 -0.5228
vn -0.2302 0.6035 0.7634
vn -0.1373 0.7866 0.6020
vn -0.2302 0.6036 0.7634
vn 0.1695 0.9830 -0.0710
vn 0.2578 0.9160 -0.3073
vn 0.2579 0.9160 -0.3074
vn -0.0350 0.9160 0.3997
vn 0.0696 0.9830 0.1701
vn 0.0697 0.9830 0.1701
vn -0.3997 -0.3793 0.8345
vn -0.3952 -0.1294 0.9095
vn -0.3952 -0.1294 0.9094
vn -0.3997 -0.3794 0.8344
vn 0.0350 -0.9160 -0.3996
vn 0.3637 -0.1294 -0.9225
vn 0.3074 -0.3794 -0.8727
vn 0.3997 0.3794 -0.8345
vn 0.3951 0.1294 -0.9095
vn 0.3952 0.1294 -0.9095
vn 0.3997 0.3794 -0.8344
vn -0.3771 -0.6035 0.7026
vn -0.3952 -0.1293 0.9095
vn -0.2579 -0.9160 0.3073
vn 0.0696 0.9830 0.1700
vn -0.0350 0.9160 0.3996
vn -0.3074 0.3794 0.8727
vn 0.1372 -0.7866 -0.6020
vn 0.2302 -0.6035 -0.7634
vn 0.3997 0.3793 -0.8345
vn 0.3951 0.1293 -0.9095
vn -0.9160 0.1305 -0.3794
vn 0.3286 0.7865 -0.5228
vn 0.1695 0.9830 -0.0711
vn 0.2579 0.9160 -0.3075
vn -0.9160 0.1306 -0.3794
vn -0.3286 -0.7866 0.5228
vn -0.3770 -0.6036 0.7026
vn -0.3951 -0.1294 0.9095
vn -0.3636 0.1294 0.9225
vn -0.2301 0.6036 0.7633
vn 0.0111 -0.2876 0.9577
vn 0.0120 -0.1351 0.9908
vn 0.5147 -0.1589 0.8425
vn 0.5241 -0.2535 0.8131
vn 0.1684 -0.0196 -0.9855
vn 0.1700 -0.0170 -0.9853
vn 0.0530 -0.0883 -0.9947
vn 0.0618 -0.1124 -0.9917
vn -0.2174 -0.0159 -0.9760
vn -0.1803 -0.0210 -0.9834
vn -0.0528 -0.1091 -0.9926
vn -0.0618 -0.0721 -0.9955
vn -0.2146 0.0154 -0.9766
vn -0.2263 -0.0001 -0.9741
vn -0.0854 0.0196 -0.9962
vn -0.0696 0.0523 -0.9962
vn -0.1087 0.0132 -0.9940
vn -0.1628 0.0201 -0.9865
vn -0.0553 0.1288 -0.9901
vn -0.0518 0.1569 -0.9863
vn 0.1132 0.0098 -0.9935
vn 0.0047 0.0037 -1.0000
vn 0.0199 0.1462 -0.9891
vn 0.0304 0.1405 -0.9896
vn 0.1705 0.0169 -0.9852
vn 0.1681 0.0191 -0.9856
vn 0.0619 0.1123 -0.9917
vn 0.0534 0.0881 -0.9947
vn 0.0199 -0.1461 -0.9891
vn -0.0164 -0.1474 -0.9889
vn 0.0034 -0.0037 -1.0000
vn 0.2241 -0.0001 -0.9746
vn 0.0279 -0.0173 -0.9995
vn 0.0366 -0.0600 -0.9975
vn -0.0552 -0.1288 -0.9901
vn -0.2903 -0.9569 -0.0000
vn -0.2657 -0.9568 -0.1178
vn -0.4682 -0.8758 -0.1171
vn -0.4714 -0.8819 -0.0000
vn -0.0694 -0.0524 -0.9962
vn -0.0853 -0.0196 -0.9962
vn -0.0620 0.0719 -0.9955
vn -0.0529 0.1089 -0.9926
vn -0.0289 0.1483 -0.9885
vn -0.0163 0.1475 -0.9889
vn 0.0507 0.1422 -0.9885
vn 0.0621 0.1176 -0.9911
vn 0.0370 0.0599 -0.9975
vn 0.0280 0.0172 -0.9995
vn -0.9999 0.0096 -0.0040
vn -0.9998 0.0181 -0.0074
vn -0.9998 0.0169 -0.0113
vn -0.9999 0.0091 -0.0061
vn -0.9999 0.0088 -0.0131
vn -0.9998 0.0123 -0.0183
vn -0.9997 0.0094 -0.0212
vn -0.9999 0.0058 -0.0126
vn -0.9998 0.0147 -0.0152
vn -0.9999 0.0091 -0.0095
vn -0.9999 0.0099 -0.0021
vn -0.9998 0.0186 -0.0037
vn -0.9998 0.0064 -0.0174
vn -0.9999 0.0034 -0.0097
vn -0.9999 0.0106 0.0001
vn -0.9884 0.1518 0.0048
vn -0.5109 0.8592 -0.0256
vn -0.2972 0.9528 0.0618
vn -0.3920 0.8885 -0.2387
vn -0.5875 0.7476 -0.3097
vn -0.8595 0.3897 -0.3308
vn -0.9316 0.2875 -0.2224
vn -0.9308 0.1833 -0.3161
vn -0.9112 0.2023 -0.3589
vn -0.9906 -0.0429 -0.1299
vn -0.9998 -0.0004 -0.0221
vn -1.0000 -0.0064 -0.0057
vn -0.9973 -0.0571 -0.0458
vn -0.9633 0.0273 -0.2670
vn -0.9535 -0.2338 -0.1900
vn -0.9316 -0.0068 -0.3635
vn -0.9706 0.2335 -0.0586
vn -0.9723 0.2220 -0.0736
vn -0.9008 0.4058 -0.1547
vn -0.8857 0.4489 -0.1181
vn -0.6897 0.6768 -0.2574
vn -0.5402 0.8176 -0.1991
vn -0.8136 0.5361 -0.2253
vn -0.8153 0.4442 -0.3715
vn -0.9034 0.2006 -0.3790
vn -0.9083 0.2310 -0.3488
vn -0.9200 0.3502 -0.1762
vn -0.9713 0.2167 -0.0980
vn -0.9576 0.1061 -0.2678
vn -0.9318 0.1794 -0.3156
vn -0.9699 0.1305 -0.2054
vn -0.2037 0.9395 0.2753
vn -0.4853 0.8737 0.0324
vn -0.4782 0.8696 0.1227
vn -0.2099 0.9469 0.2436
vn -0.5653 0.7982 0.2081
vn -0.9027 0.3409 -0.2624
vn -0.7125 0.2221 -0.6656
vn -0.6635 0.4250 -0.6158
vn -0.4511 0.4195 -0.7877
vn -0.3773 0.0948 -0.9212
vn -0.5356 0.8209 -0.1982
vn -0.4098 0.7858 -0.4632
vn -0.2819 0.8513 0.4425
vn -0.4025 0.5535 0.7291
vn -0.6315 0.5516 0.5449
vn -0.8312 0.4647 0.3052
vn -0.8393 0.4147 0.3516
vn -0.9275 0.3635 -0.0877
vn -0.9034 0.4111 -0.1219
vn -0.8779 0.4502 -0.1628
vn -0.7850 0.5302 0.3205
vn -0.8065 0.5602 -0.1892
vn -0.6895 0.2243 -0.6887
vn -0.6900 0.2327 -0.6854
vn -0.7808 0.5916 -0.2010
vn -0.8285 0.5558 -0.0684
vn -0.9593 0.1449 -0.2425
vn -0.9901 0.1346 -0.0392
vn -0.8510 0.5193 0.0786
vn -0.7126 0.6553 -0.2506
vn -0.7541 0.2218 -0.6181
vn -0.8627 0.1838 -0.4712
vn -0.7590 0.6170 -0.2080
vn -0.5200 0.0063 -0.8541
vn -0.4628 0.0017 -0.8864
vn -0.5713 0.0047 -0.8207
vn -0.5315 0.0042 -0.8470
vn -0.8856 0.3851 -0.2598
vn -0.7107 0.2431 -0.6601
vn -0.6174 0.0038 -0.7866
vn -0.6977 0.0033 -0.7164
vn -0.8166 -0.5428 0.1963
vn -0.8031 -0.5760 0.1528
vn -0.9257 -0.3757 0.0440
vn -0.9287 -0.3695 0.0322
vn -0.2080 0.9432 0.2590
vn -0.3384 0.7314 0.5920
vn -0.2932 0.8139 0.5016
vn -0.6135 0.6714 0.4157
vn -0.6735 0.6760 0.2990
vn -0.7125 0.6169 0.3343
vn -0.8398 0.5171 -0.1653
vn -0.9415 0.0123 -0.3367
vn -0.9760 -0.0424 -0.2134
vn -0.9511 0.1154 -0.2864
vn -0.9462 0.2494 -0.2063
vn -0.9640 0.2061 -0.1680
vn -0.9935 0.1109 -0.0257
vn -0.9927 0.1146 -0.0371
vn -0.9985 0.0112 -0.0542
vn -0.9214 -0.3830 -0.0653
vn -0.8812 -0.3569 -0.3100
vn -0.8380 -0.4196 0.3489
vn -0.9314 0.0108 0.3640
vn -0.6493 0.0090 0.7605
vn -0.5465 -0.4663 0.6956
vn -0.0007 -1.0000 0.0015
vn -0.1724 -0.9849 0.0171
vn -0.1275 -0.9818 0.1410
vn -0.0017 -1.0000 0.0020
vn -0.8939 -0.4234 -0.1471
vn -0.9828 -0.1096 -0.1488
vn -0.9082 -0.3742 -0.1874
vn -0.2564 -0.9617 -0.0965
vn -0.6471 -0.7259 -0.2333
vn -0.6411 -0.7652 -0.0580
vn -0.2733 -0.9384 0.2117
vn -0.3427 -0.7199 0.6036
vn -0.5174 -0.7406 0.4287
vn -0.5993 -0.0613 0.7981
vn -0.5728 0.4905 0.6568
vn -0.8275 0.3496 0.4393
vn -0.8532 -0.1006 0.5118
vn -0.9628 0.1939 0.1885
vn -0.8716 0.4649 0.1557
vn -0.7714 0.0058 0.6363
vn -0.8067 -0.2548 0.5332
vn -0.9874 -0.0384 0.1534
vn -0.7850 -0.4360 0.4401
vn -0.9812 -0.1274 0.1449
vn -0.7716 -0.5275 0.3555
vn -0.9783 -0.1765 0.1085
vn -0.7245 -0.6509 0.2269
vn -0.9751 -0.2093 0.0739
vn -0.7268 -0.6794 0.1006
vn -0.9716 -0.2339 0.0358
vn -0.7162 -0.6979 -0.0109
vn -0.9791 -0.2035 -0.0057
vn -0.9968 0.0293 -0.0744
vn -0.9996 0.0102 -0.0258
vn -0.9994 0.0089 -0.0347
vn -0.9934 0.0222 -0.1129
vn -0.9920 -0.1216 -0.0343
vn -0.9824 0.1800 0.0508
vn -0.7822 0.5953 0.1838
vn -0.5049 0.8524 0.1362
vn -0.5188 0.8291 0.2086
vn -0.4581 0.7832 0.4204
vn -0.7599 0.5879 0.2774
vn -0.5276 0.3068 0.7922
vn -0.5927 0.4431 0.6726
vn -0.5826 0.4015 0.7067
vn -0.9874 0.0896 0.1303
vn -0.9821 -0.1545 0.1082
vn -0.9829 0.1680 0.0760
vn -0.4633 -0.5066 0.7271
vn -0.7130 -0.5017 0.4898
vn -0.6781 -0.7222 0.1362
vn -0.7534 -0.6558 0.0489
vn -0.4757 -0.8773 0.0643
vn -0.7580 0.6229 -0.1935
vn -0.5904 0.7612 0.2682
vn -0.6351 0.7226 0.2731
vn -0.8821 -0.4555 0.1197
vn -0.9895 -0.1442 0.0062
vn -0.9118 -0.4100 0.0213
vn -0.1210 -0.9916 0.0468
vn -0.1743 -0.9738 0.1460
vn 0.0021 -0.9966 0.0819
vn -0.7951 -0.6025 0.0692
vn -0.5426 -0.8324 0.1128
vn -0.1720 -0.8258 0.5371
vn -0.1804 -0.6129 0.7693
vn -0.0011 -0.5874 0.8093
vn -0.8278 -0.4889 0.2750
vn -0.5693 -0.6019 0.5600
vn -0.5714 -0.7002 0.4280
vn -0.9881 -0.0526 -0.1443
vn -0.9697 -0.1325 -0.2053
vn -0.8329 -0.0138 -0.5532
vn -0.8078 -0.0179 -0.5892
vn -0.5522 -0.3360 0.7630
vn -0.5551 -0.1357 0.8207
vn -0.1547 -0.1344 0.9788
vn -0.1491 -0.3097 0.9391
vn -0.9878 -0.1345 -0.0781
vn -0.9905 -0.0082 -0.1372
vn -0.9571 -0.0037 -0.2898
vn -0.9673 -0.1344 -0.2152
vn -0.1540 -0.9213 0.3571
vn -0.5352 -0.7957 0.2837
vn -0.9904 -0.1379 -0.0041
vn -0.9212 -0.3875 0.0363
vn -0.2121 0.9339 0.2878
vn -0.9967 -0.0123 -0.0802
vn -0.9562 -0.0050 -0.2928
vn -0.7110 0.6679 -0.2200
vn -0.8038 -0.0025 0.5949
vn -0.5358 -0.0020 0.8443
vn -0.8425 -0.1336 0.5219
vn -0.9954 -0.0003 -0.0960
vn -0.8298 -0.0007 -0.5581
vn 0.1053 -0.0123 0.9944
vn 0.1806 -0.0221 0.9833
vn 0.2204 -0.0007 0.9754
vn 0.1081 0.0003 0.9941
vn -0.7224 -0.6843 -0.0994
vn -0.7546 -0.4454 0.4818
vn -0.7432 -0.1116 0.6597
vn -1.0000 0.0001 0.0002
vn -1.0000 0.0003 0.0001
vn -1.0000 0.0002 -0.0002
vn -1.0000 -0.0001 -0.0025
vn -0.9993 0.0318 -0.0192
vn -0.9751 0.2165 -0.0474
vn -1.0000 -0.0058 0.0024
vn -1.0000 -0.0002 0.0002
vn -0.6510 0.7571 -0.0546
vn -0.6352 0.6153 0.4668
vn -0.8741 0.4814 -0.0652
vn -0.6281 0.6226 -0.4668
vn -0.4852 0.2797 -0.8285
vn -1.0000 -0.0000 -0.0000
vn 0.9999 0.0034 0.0097
vn 0.9999 0.0058 0.0126
vn -1.0000 0.0001 -0.0000
vn -1.0000 0.0003 0.0002
vn -1.0000 0.0002 0.0003
vn -1.0000 0.0002 0.0002
vn -0.9859 -0.1660 0.0195
vn -0.9893 0.1201 -0.0832
vn -0.9999 -0.0148 -0.0016
vn -0.9058 0.3792 0.1891
vn -0.0967 0.8284 0.5517
vn 0.0041 0.8307 0.5567
vn 0.0701 0.9539 0.2918
vn -0.0945 0.9001 0.4253
vn -0.0459 -0.9989 -0.0008
vn 0.0003 -0.1153 0.9933
vn 0.0003 -0.2890 0.9573
vn 0.1857 0.0040 -0.9826
vn 0.1776 -0.0060 -0.9841
vn 0.2047 -0.0000 -0.9788
vn 0.1347 -0.0020 -0.9909
vn 0.2616 -0.0007 -0.9652
vn 0.1139 -0.0110 -0.9934
vn -0.3472 -0.4349 -0.8309
vn -0.2946 -0.4209 -0.8579
vn -0.3528 -0.7188 -0.5991
vn 0.6331 0.7741 -0.0000
vn 0.1484 0.9889 -0.0000
vn 0.1557 0.9878 -0.0000
vn 0.6446 0.7645 -0.0000
vn 0.2396 -0.9709 -0.0000
vn 0.7313 -0.6821 -0.0000
vn 0.7385 -0.6743 -0.0000
vn 0.2515 -0.9679 -0.0000
vn 0.0793 -0.0000 -0.9969
vn -0.0524 -0.0000 -0.9986
vn -0.0277 -0.0013 -0.9996
vn -0.0351 0.0038 -0.9994
vn -0.0411 -0.0088 -0.9991
vn -0.0355 0.0264 -0.9990
vn -0.0318 0.0063 -0.9995
vn -0.0175 0.0123 -0.9998
vn 0.0316 -0.0395 -0.9987
vn -0.0143 -0.0149 -0.9998
vn -0.0426 0.0063 -0.9991
vn 0.0042 -0.0039 -1.0000
vn -0.0103 -0.0130 -0.9999
vn 0.1123 -0.0045 -0.9937
vn 0.1234 -0.0009 -0.9924
vn -0.0308 -0.0052 -0.9995
vn -0.0359 -0.0019 -0.9994
vn -0.0523 -0.0003 -0.9986
vn 0.1760 0.0043 -0.9844
vn 0.1120 0.0048 -0.9937
vn 0.0803 0.0006 -0.9968
vn 0.0311 -0.0000 -0.9995
vn 0.0129 -0.0021 -0.9999
vn -0.0462 -0.0051 -0.9989
vn 0.0778 -0.0007 -0.9970
vn -0.1603 -0.0031 -0.9871
vn -0.1644 -0.0012 -0.9864
vn -0.1595 -0.0023 -0.9872
vn -0.1630 -0.0036 -0.9866
vn -0.1603 -0.0003 -0.9871
vn -0.1616 -0.0000 -0.9868
vn -0.1616 -0.0000 -0.9869
vn -0.1626 -0.0002 -0.9867
vn 0.0063 -0.0000 -1.0000
vn 0.0161 -0.0001 -0.9999
vn 0.0334 -0.0018 -0.9994
vn 0.0325 -0.0054 -0.9995
vn 0.0586 -0.0094 -0.9982
vn 0.0573 -0.0083 -0.9983
vn 0.1024 -0.0097 -0.9947
vn 0.1114 -0.0073 -0.9938
vn 0.1856 -0.0019 -0.9826
vn 0.1758 -0.0042 -0.9844
vn -0.0508 -0.0009 -0.9987
vn 0.1743 0.0308 -0.9842
vn 0.1650 -0.0110 -0.9862
vn -0.1598 0.0012 -0.9871
vn -0.2010 -0.0065 -0.9796
vn -0.1754 -0.0158 -0.9844
vn -0.1588 0.0009 -0.9873
vn -0.0588 -0.0021 -0.9983
vn -0.0565 0.0010 -0.9984
vn -0.0566 0.0011 -0.9984
vn -0.0557 -0.0013 -0.9984
vn -0.1707 0.0027 -0.9853
vn -0.1789 0.0153 -0.9838
vn -0.0673 -0.0041 -0.9977
vn -0.0545 -0.0020 -0.9985
vn -0.0536 -0.0029 -0.9986
vn -0.0760 0.0005 -0.9971
vn -0.1414 -0.0087 -0.9899
vn -0.1307 0.0021 -0.9914
vn -0.2887 0.0001 -0.9574
vn -0.2892 -0.0000 -0.9573
vn -0.2890 -0.0000 -0.9573
vn -0.2884 0.0002 -0.9575
vn -0.1281 0.0022 -0.9918
vn -0.1320 -0.0007 -0.9912
vn -0.2884 -0.0002 -0.9575
vn 0.9778 -0.2094 -0.0000
vn 0.9783 -0.2073 -0.0000
vn -0.1038 -0.0002 -0.9946
vn -0.1609 -0.0006 -0.9870
vn -0.1039 -0.0010 -0.9946
vn -0.2625 -0.0067 -0.9649
vn -0.2410 -0.0157 -0.9704
vn 0.9254 -0.3790 -0.0000
vn 0.7085 -0.7057 -0.0000
vn 0.7220 -0.6919 -0.0000
vn 0.9307 -0.3658 -0.0000
vn -0.0723 0.0012 -0.9974
vn -0.0802 -0.0006 -0.9968
vn -0.1084 -0.0127 -0.9940
vn -0.2840 -0.9588 -0.0000
vn 0.1978 -0.9803 -0.0000
vn 0.2102 -0.9776 -0.0000
vn -0.2768 -0.9609 -0.0000
vn 0.3809 -0.9246 -0.0000
vn -0.0000 -1.0000 -0.0000
vn 0.0202 -0.9998 -0.0000
vn 0.3980 -0.9174 -0.0000
vn -0.7129 0.7013 -0.0000
vn -0.3978 0.9175 -0.0000
vn -0.3827 0.9239 -0.0000
vn -0.0839 0.0009 0.9965
vn -0.0853 0.0011 0.9964
vn -0.1107 0.0090 0.9938
vn -0.1045 0.0069 0.9945
vn -0.2546 0.0033 -0.9670
vn -0.2424 0.0152 -0.9701
vn 0.9822 -0.1880 -0.0000
vn 0.8549 -0.5188 -0.0000
vn 0.8566 -0.5160 -0.0000
vn 0.9824 -0.1870 -0.0000
vn 0.9436 0.3311 -0.0000
vn 0.9970 0.0774 -0.0000
vn 0.9970 0.0771 -0.0000
vn 0.9442 0.3294 -0.0000
vn 0.0359 -0.0019 0.9994
vn 0.0673 -0.0041 0.9977
vn 0.1084 -0.0127 0.9940
vn 0.0523 -0.0003 0.9986
vn 0.0225 -0.0000 -0.9997
vn -0.8023 0.5969 -0.0000
vn -0.5644 0.8255 -0.0000
vn -0.5516 0.8341 -0.0000
vn -0.8055 0.5926 -0.0000
vn 0.1673 0.0008 -0.9859
vn 0.1141 0.0097 -0.9934
vn 0.1350 0.0013 -0.9909
vn 1.0000 0.0001 -0.0000
vn 0.9996 -0.0038 0.0273
vn 0.9985 0.0128 0.0531
vn -0.1081 0.0003 -0.9941
vn -0.0197 0.9998 -0.0000
vn -0.0000 1.0000 -0.0000
vn -0.9239 0.3827 -0.0000
vn -0.9229 0.3851 -0.0000
vn -1.0000 0.0002 -0.0000
vn -0.0405 -0.0019 0.9992
vn -0.0793 -0.0000 0.9969
vn -0.0480 -0.0015 0.9988
vn -0.1350 0.0013 0.9908
vn -0.1850 -0.0083 0.9827
vn -0.1844 -0.0087 0.9828
vn -0.1673 0.0008 0.9859
vn 0.0524 -0.0000 0.9986
vn 0.0307 -0.0012 0.9995
vn 0.0169 0.0041 0.9998
vn 0.0306 0.0025 0.9995
vn 0.6701 -0.7423 -0.0000
vn 0.6777 -0.7353 -0.0000
vn 0.9692 0.2463 -0.0000
vn 0.9700 0.2433 -0.0000
vn 0.9787 -0.2051 -0.0000
vn -1.0000 -0.0002 -0.0000
vn -0.9249 0.3803 -0.0000
vn 0.8966 -0.4429 -0.0000
vn 0.8976 -0.4408 -0.0000
vn 0.0113 -0.0022 0.9999
vn -0.3827 -0.9239 -0.0000
vn -0.3681 -0.9298 -0.0000
vn -0.9588 0.2840 -0.0000
vn -0.8829 0.4696 -0.0000
vn -0.8851 0.4653 -0.0000
vn -0.9598 0.2807 -0.0000
vn -0.9821 -0.1883 -0.0000
vn -0.9864 0.1646 -0.0000
vn -0.9870 0.1610 -0.0000
vn -0.9830 -0.1836 -0.0000
vn -0.7418 0.6707 -0.0000
vn -0.4720 0.8816 -0.0000
vn -0.4782 0.8782 -0.0000
vn -0.7496 0.6619 -0.0000
vn -0.1690 0.9856 -0.0000
vn -0.1777 0.9841 -0.0000
vn 0.3809 0.9246 -0.0000
vn 0.3976 0.9176 -0.0000
vn 0.0198 0.9998 -0.0000
vn -0.5970 0.8023 -0.0000
vn -0.8908 0.4544 -0.0000
vn -0.8921 0.4518 -0.0000
vn -0.5978 0.8016 -0.0000
vn 0.1890 -0.9820 -0.0000
vn -0.1540 -0.9881 -0.0000
vn -0.1616 -0.9869 -0.0000
vn 0.1872 -0.9823 -0.0000
vn -0.9905 0.1375 -0.0000
vn -0.9906 0.1369 -0.0000
vn -0.9804 0.1971 -0.0000
vn 0.6125 -0.7905 -0.0000
vn 0.6183 -0.7860 -0.0000
vn 0.7085 0.7057 -0.0000
vn 0.7219 0.6920 -0.0000
vn -0.7320 0.6813 -0.0000
vn -0.4769 0.8790 -0.0000
vn -0.4837 0.8752 -0.0000
vn -0.7359 0.6771 -0.0000
vn -0.9904 -0.1382 -0.0000
vn -0.9905 -0.1376 -0.0000
vn 0.0020 -0.0000 -1.0000
vn 0.0951 -0.0151 -0.9954
vn 0.0869 0.0016 -0.9962
vn -0.1758 -0.0389 -0.9837
vn -0.1552 -0.0158 -0.9877
vn -0.1541 -0.0013 -0.9881
vn 0.7997 0.6003 -0.0000
vn 0.8015 0.5980 -0.0000
vn -0.9239 -0.3827 -0.0000
vn -0.9231 -0.3847 -0.0000
vn -0.1682 0.9858 -0.0000
vn 0.1691 0.9856 -0.0000
vn 0.1646 0.9864 -0.0000
vn -0.1757 0.9844 -0.0000
vn -0.8872 -0.4614 -0.0000
vn -0.8886 -0.4586 -0.0000
vn 0.1715 -0.9852 -0.0000
vn 0.1674 -0.9859 -0.0000
vn -0.1830 0.9831 -0.0000
vn -0.1771 0.9842 -0.0000
vn -0.4760 -0.8794 -0.0000
vn -0.4851 -0.8744 -0.0000
vn 0.5373 0.8434 -0.0000
vn 0.5394 0.8420 -0.0000
vn 0.5525 -0.8335 -0.0000
vn 0.5551 -0.8318 -0.0000
vn 0.0527 0.0028 -0.9986
vn 0.6217 0.7833 -0.0000
vn 0.1411 0.9900 -0.0000
vn -0.2915 -0.9566 -0.0000
vn 0.1853 -0.9827 -0.0000
vn -0.1870 0.0020 0.9824
vn -0.1299 0.0020 0.9915
vn -0.1430 -0.0015 0.9897
vn -0.2624 -0.0001 0.9650
vn 0.9820 -0.1890 -0.0000
vn 0.8532 -0.5216 -0.0000
vn 0.9430 0.3327 -0.0000
vn 0.9970 0.0776 -0.0000
vn -0.7992 0.6011 -0.0000
vn -0.5773 0.8165 -0.0000
vn 0.6626 -0.7490 -0.0000
vn -0.9858 0.1681 -0.0000
vn -0.9054 0.4245 -0.0000
vn -0.9078 0.4194 -0.0000
vn 0.9684 0.2492 -0.0000
vn -0.3296 0.9441 -0.0000
vn -0.3255 0.9456 -0.0000
vn 0.8951 -0.4458 -0.0000
vn 0.8962 -0.4436 -0.0000
vn 0.8956 -0.4449 -0.0000
vn 0.1739 0.9848 -0.0000
vn 0.5351 0.8448 -0.0000
vn -0.9579 0.2872 -0.0000
vn -0.8806 0.4738 -0.0000
vn -0.9812 -0.1928 -0.0000
vn -0.4658 0.8849 -0.0000
vn -0.1603 0.9871 -0.0000
vn 0.0531 0.0124 -0.9985
vn -0.5960 0.8030 -0.0000
vn -0.8894 0.4571 -0.0000
vn 0.1909 -0.9816 -0.0000
vn -0.1464 -0.9892 -0.0000
vn -0.9904 0.1382 -0.0000
vn -0.6453 -0.7639 -0.0000
vn -0.6457 -0.7636 -0.0000
vn -0.8061 -0.5918 -0.0000
vn -0.8146 -0.5800 -0.0000
vn 0.6068 -0.7949 -0.0000
vn 0.5498 -0.8353 -0.0000
vn 0.1118 0.0308 -0.9933
vn 0.1043 0.0069 -0.9945
vn -0.7280 0.6856 -0.0000
vn -0.4701 0.8826 -0.0000
vn -0.9903 -0.1388 -0.0000
vn 0.9578 -0.2875 -0.0000
vn 0.8940 -0.4481 -0.0000
vn -0.1779 0.0043 0.9840
vn -0.1780 0.0043 0.9840
vn -0.1219 0.0388 0.9918
vn -0.1345 0.0058 0.9909
vn 0.7980 0.6027 -0.0000
vn -0.7336 0.6795 -0.0000
vn -0.1607 0.9870 -0.0000
vn -0.8858 -0.4641 -0.0000
vn -0.1891 0.9820 -0.0000
vn -0.4667 -0.8844 -0.0000
vn 0.9202 -0.3914 -0.0000
vn 0.6945 -0.7195 -0.0000
vn 0.3639 -0.9315 -0.0000
vn -0.0202 -0.9998 -0.0000
vn -0.7015 0.7126 -0.0000
vn -0.3681 0.9298 -0.0000
vn -0.3977 -0.9175 -0.0000
vn 0.3643 0.9313 -0.0000
vn 0.9202 0.3914 -0.0000
vn 0.9254 0.3790 -0.0000
vn 0.6946 0.7194 -0.0000
vn -0.7018 -0.7124 -0.0000
vn -0.7126 -0.7016 -0.0000
vn -0.9247 -0.3807 -0.0000
vn -0.1629 -0.0007 -0.9866
vn -0.1079 -0.0002 -0.9942
vn 0.1345 0.0058 -0.9909
vn 0.1219 0.0388 -0.9918
vn -0.7975 -0.6034 -0.0000
vn 0.4138 0.9104 0.0009
vn 0.2955 0.9554 0.0029
vn 0.2825 0.9593 0.0010
vn 0.9806 0.1085 -0.1632
vn 0.9890 -0.0288 -0.1449
vn 0.9890 -0.0565 -0.1365
vn 0.9707 0.1221 -0.2069
vn 0.8755 0.0778 -0.4768
vn 0.9781 0.0715 -0.1955
vn 0.4381 0.8910 -0.1191
vn 0.4426 0.8967 -0.0000
vn -0.0545 0.9985 -0.0000
vn -0.0443 0.9923 -0.1156
vn 0.0253 -0.0381 -0.9990
vn 0.0013 -0.0474 -0.9989
vn 0.0098 -0.0396 -0.9992
vn -0.3074 0.9516 -0.0047
vn -0.2785 0.9604 -0.0034
vn -0.0000 -0.0000 -1.0000
vn 0.0361 -0.0223 -0.9991
vn 0.0382 -0.0152 -0.9992
vn 0.0384 -0.0243 -0.9990
vn -0.0210 -0.0240 -0.9995
vn -0.0179 -0.0298 -0.9994
vn 0.4424 -0.7457 -0.4983
vn -0.0000 -0.8315 -0.5556
vn 0.0237 -0.9080 -0.4182
vn 0.4441 -0.8113 -0.3801
vn 0.4420 -0.6369 -0.6317
vn -0.0000 -0.7101 -0.7041
vn 0.8309 0.5563 0.0092
vn 0.9872 0.1589 0.0106
vn 0.8885 0.4588 0.0009
vn 0.9890 -0.1051 -0.1044
vn 0.8378 -0.3876 -0.3845
vn 0.8382 -0.4534 -0.3030
vn 0.9890 -0.1228 -0.0821
vn 0.8451 -0.4553 -0.2803
vn -0.9748 -0.1506 -0.1649
vn -0.9812 -0.1401 -0.1329
vn -0.8382 -0.4534 -0.3030
vn -0.8378 -0.3876 -0.3845
vn -0.4091 -0.8337 -0.3709
vn -0.0782 -0.9914 -0.1047
vn 0.3027 -0.9404 -0.1549
vn -0.4424 -0.7457 -0.4983
vn -0.4420 -0.6369 -0.6317
vn 0.4424 -0.1750 -0.8796
vn -0.0000 -0.1951 -0.9808
vn -0.0000 -0.3827 -0.9239
vn 0.4424 -0.3432 -0.8286
vn -0.0000 -0.5591 -0.8291
vn 0.4428 -0.5012 -0.7435
vn 0.4420 -0.0037 -0.8970
vn -0.0000 -0.0042 -1.0000
vn 0.8382 -0.1064 -0.5348
vn 0.8382 -0.2087 -0.5038
vn 0.8386 -0.3044 -0.4517
vn 0.9891 -0.0823 -0.1222
vn 0.8378 -0.0022 -0.5459
vn -0.9636 -0.0379 -0.2645
vn -0.9752 -0.0800 -0.2063
vn -0.8382 -0.2087 -0.5038
vn -0.8382 -0.1064 -0.5348
vn -0.9743 -0.1329 -0.1820
vn -0.8386 -0.3044 -0.4517
vn -0.9141 0.0166 -0.4052
vn -0.8378 -0.0022 -0.5459
vn -0.4424 -0.3432 -0.8286
vn -0.4424 -0.1750 -0.8796
vn -0.4428 -0.5012 -0.7435
vn -0.4420 -0.0037 -0.8970
vn -1.0000 0.0009 -0.0013
vn -1.0000 0.0016 -0.0018
vn -1.0000 -0.0000 -0.0002
vn -1.0000 0.0003 -0.0003
vn 0.8147 0.4778 -0.3286
vn 0.4259 0.7455 -0.5127
vn 0.3888 0.8496 -0.3564
vn 0.8084 0.5381 -0.2387
vn 1.0000 0.0063 -0.0023
vn 0.9852 0.1553 -0.0725
vn 0.9878 0.1519 -0.0342
vn 1.0000 0.0095 -0.0015
vn 0.9996 0.0175 -0.0211
vn 0.9790 0.1421 -0.1465
vn 0.9824 0.1530 -0.1075
vn 0.9999 0.0083 -0.0074
vn 0.9998 0.0095 -0.0162
vn 0.9828 0.0780 -0.1674
vn 0.9772 0.1170 -0.1771
vn 0.9994 0.0201 -0.0293
vn 1.0000 0.0022 -0.0037
vn 0.9885 0.0539 -0.1412
vn 0.4372 0.5027 -0.7458
vn 0.1069 0.5525 -0.8266
vn 0.1027 0.7014 -0.7053
vn 0.4317 0.6388 -0.6368
vn 0.4518 0.2962 -0.8415
vn 0.1100 0.3286 -0.9380
vn 0.1054 0.3923 -0.9138
vn 0.4416 0.3633 -0.8204
vn 0.1712 0.9631 -0.2077
vn 0.3367 0.9224 -0.1894
vn -0.4072 0.9043 -0.1279
vn 0.0967 0.8284 -0.5517
vn -0.0374 0.9990 -0.0243
vn -0.0275 0.9996 -0.0047
vn -0.0144 0.9999 -0.0005
vn -0.1872 0.9819 -0.0299
vn 0.8173 0.3228 -0.4773
vn 0.8123 0.4103 -0.4146
vn 0.8519 0.1788 -0.4922
vn 0.8269 0.2343 -0.5113
vn 0.7805 0.6104 -0.1351
vn -0.5457 0.8371 0.0389
vn -0.7369 0.6755 -0.0261
vn -0.9448 0.3277 0.0050
vn 0.1850 -0.0083 -0.9827
vn 0.1844 -0.0087 -0.9828
vn -0.3084 0.9354 -0.1728
vn -0.0702 0.9539 -0.2918
vn 0.0091 0.0002 -1.0000
vn -0.1104 0.0003 -0.9939
vn 0.0945 0.9001 -0.4253
vn -0.9805 0.1815 -0.0751
vn -0.9804 0.1636 -0.1093
vn -0.9808 0.1082 -0.1620
vn -0.9822 0.0766 -0.1714
vn -0.9806 0.1385 -0.1385
vn -0.9819 0.1868 -0.0308
vn -0.9882 0.0522 -0.1439
vn -0.1324 0.8241 -0.5507
vn 0.0004 0.8315 -0.5556
vn 0.0004 0.7071 -0.7071
vn -0.1324 0.7009 -0.7009
vn -0.1244 0.9742 -0.1885
vn 0.0004 0.9808 -0.1951
vn 0.0004 0.9239 -0.3827
vn -0.1324 0.9157 -0.3793
vn -0.0896 0.4044 -0.9102
vn 0.6032 0.3139 -0.7332
vn 0.7522 0.1712 -0.6363
vn 0.1057 0.3136 -0.9436
vn 0.0004 0.5556 -0.8315
vn -0.1324 0.5507 -0.8241
vn 0.3483 0.9373 -0.0081
vn 0.1748 0.9846 -0.0057
vn 0.1244 0.9742 0.1885
vn 0.3937 0.9030 0.1722
vn 0.4424 0.4983 -0.7457
vn -0.0000 0.5556 -0.8315
vn -0.0000 0.3827 -0.9239
vn 0.4424 0.3432 -0.8286
vn 0.4424 0.7457 -0.4983
vn -0.0000 0.8315 -0.5556
vn -0.0000 0.7071 -0.7071
vn 0.4424 0.6342 -0.6342
vn 0.4424 0.8796 -0.1750
vn -0.0074 0.9790 -0.2039
vn -0.0000 0.9239 -0.3827
vn 0.4424 0.8286 -0.3432
vn -0.0000 0.1910 -0.9816
vn 0.4428 0.1713 -0.8801
vn 0.4034 0.9145 -0.0323
vn 0.0795 0.9965 -0.0271
vn -0.7739 0.5266 -0.3519
vn -0.4098 0.7584 -0.5068
vn -0.4098 0.6450 -0.6450
vn -0.7739 0.4478 -0.4478
vn -0.7776 0.6181 -0.1153
vn -0.3937 0.9030 -0.1722
vn -0.4098 0.8427 -0.3491
vn -0.7739 0.5851 -0.2424
vn -0.7936 0.2497 -0.5549
vn -0.4284 0.3739 -0.8226
vn -0.4746 0.3021 -0.8267
vn -0.8496 0.1796 -0.4959
vn -0.4098 0.5068 -0.7584
vn -0.7739 0.3519 -0.5266
vn -0.7777 0.6286 0.0097
vn -0.3483 0.9373 0.0081
vn -0.0004 0.9808 0.1951
vn 0.9505 0.1727 -0.2584
vn 0.8382 0.3030 -0.4534
vn 0.8382 0.2087 -0.5038
vn 0.9505 0.2584 -0.1727
vn 0.8382 0.4534 -0.3030
vn 0.8382 0.3856 -0.3856
vn 0.9505 0.2197 -0.2197
vn 0.9505 0.3048 -0.0606
vn 0.8382 0.5348 -0.1064
vn 0.8382 0.5038 -0.2087
vn 0.9505 0.2871 -0.1189
vn 0.8386 0.1042 -0.5347
vn 0.9505 0.3109 -0.0008
vn 0.8146 0.5800 -0.0114
vn -0.9505 0.1727 -0.2584
vn -0.5934 0.3172 -0.7398
vn -0.8382 0.2087 -0.5038
vn -0.8382 0.3030 -0.4534
vn -0.9508 0.2574 -0.1724
vn -0.9505 0.2197 -0.2197
vn -0.8382 0.3856 -0.3856
vn -0.8385 0.4529 -0.3029
vn -0.6619 0.2082 -0.7201
vn -0.8386 0.1042 -0.5347
vn 0.6918 0.2952 -0.6590
vn 0.7432 -0.1116 -0.6596
vn 0.7714 0.0058 -0.6363
vn 0.5216 0.3139 -0.7934
vn -0.4424 0.3432 -0.8286
vn -0.4424 0.4983 -0.7457
vn -0.4424 0.6342 -0.6342
vn -0.4424 0.7457 -0.4983
vn -0.3643 0.9249 -0.1090
vn -0.8303 0.5190 -0.2031
vn -0.4411 0.8298 -0.3417
vn -0.4428 0.1713 -0.8801
vn -0.3761 0.9075 -0.1869
vn -0.1516 0.9871 -0.0511
vn -0.2854 0.9553 -0.0767
vn -0.0041 0.8307 -0.5567
vn -0.0041 0.7071 -0.7071
vn -0.0042 0.7069 -0.7073
vn -0.0044 0.8303 -0.5573
vn -0.0032 0.5556 -0.8315
vn -0.0033 0.5553 -0.8316
vn -0.0164 0.3971 -0.9176
vn -0.0620 0.3217 -0.9448
vn -0.4671 0.3002 -0.8317
vn -0.7995 0.1555 -0.5803
vn 0.1235 0.3882 -0.9133
vn -0.0932 0.3836 -0.9188
vn 0.4811 0.3349 -0.8102
vn 0.1423 0.5317 -0.8349
vn -0.1189 0.5264 -0.8419
vn 0.1311 0.6626 -0.7374
vn 0.1546 0.7008 -0.6964
vn 0.5182 0.6588 -0.5454
vn 0.4498 0.6484 -0.6142
vn -0.1517 0.6384 -0.7546
vn 0.1493 0.6511 -0.7441
vn -0.1730 0.6651 -0.7264
vn 1.0000 0.0008 -0.0009
vn 0.9916 0.0485 -0.1196
vn 0.9929 0.0611 -0.1019
vn 1.0000 0.0002 0.0002
vn 0.9931 0.0799 -0.0858
vn 0.9930 0.0953 -0.0693
vn 0.9994 0.0193 -0.0287
vn 0.9885 0.1159 -0.0967
vn 0.8687 0.3328 -0.3668
vn 0.8747 0.2513 -0.4144
vn 0.5095 0.4535 -0.7313
vn 0.5050 0.5723 -0.6461
vn 1.0000 0.0026 -0.0020
vn 0.9934 0.0973 -0.0613
vn 0.9924 0.0658 -0.1040
vn 0.9884 0.0817 -0.1278
vn 1.0000 0.0013 -0.0050
vn 0.9889 0.1257 -0.0790
vn 0.9889 0.1476 -0.0179
vn 1.0000 0.0015 0.0008
vn 0.9890 0.1450 0.0307
vn 1.0000 0.0037 0.0015
vn 0.9567 0.1484 -0.2505
vn 0.9913 0.1247 0.0426
vn 0.9678 0.2430 0.0652
vn 0.9448 0.2237 -0.2394
vn 0.9658 0.2574 -0.0313
vn 0.9657 0.2210 -0.1362
vn 0.8510 0.4474 -0.2749
vn 0.8491 0.5247 -0.0601
vn 0.4843 0.7411 -0.4651
vn 0.4820 0.8702 -0.1026
vn 0.1249 0.8356 -0.5350
vn 0.1275 0.9847 -0.1191
vn 0.3389 0.8692 -0.3601
vn 0.0191 0.8521 -0.5230
vn 0.0396 0.5413 -0.8399
vn 0.3754 0.6037 -0.7033
vn 0.8353 0.5317 0.1396
vn 0.7469 0.5817 0.3221
vn 0.9244 0.2336 0.3016
vn 0.9797 0.1975 0.0341
vn 0.0531 0.9454 0.3216
vn 0.3964 0.8762 0.2740
vn 0.4356 0.8940 0.1054
vn 0.0730 0.9536 0.2920
vn 0.4889 0.8509 0.1921
vn 0.8558 0.5049 0.1130
vn 0.4979 0.8199 0.2827
vn 0.8617 0.4792 0.1669
vn 0.0212 0.9935 -0.1122
vn 0.0312 0.9745 0.2220
vn 0.1284 0.9682 0.2147
vn 0.1308 0.9374 0.3228
vn 0.7752 0.6316 0.0092
vn 0.8338 0.5043 -0.2245
vn 0.9401 0.2489 0.2330
vn 0.9145 0.2767 0.2950
vn 0.8480 0.4594 -0.2643
vn 0.9523 0.2486 0.1770
vn 0.8334 0.5520 -0.0271
vn 0.9237 0.3025 0.2351
vn 0.8120 0.5372 0.2282
vn 0.8976 0.2906 0.3314
vn 0.8225 0.4318 0.3701
vn 0.8953 0.2338 0.3793
vn 0.3027 0.8170 -0.4909
vn 0.2216 0.5154 -0.8278
vn 0.5176 0.4574 -0.7231
vn 0.5155 0.7174 -0.4686
vn 0.8825 0.2479 -0.3996
vn 0.8782 0.4015 -0.2600
vn 0.9661 0.2185 -0.1372
vn 0.9660 0.1365 -0.2195
vn 0.1243 0.5273 -0.8406
vn 0.4866 0.4683 -0.7375
vn 0.8520 0.2814 -0.4415
vn 0.9660 0.1406 -0.2169
vn 0.4173 0.8752 0.2449
vn 0.3443 0.9378 -0.0441
vn 0.5299 0.8451 -0.0711
vn 0.5402 0.8176 0.1991
vn 0.8896 0.4550 -0.0409
vn 0.8857 0.4489 0.1181
vn 0.9706 0.2335 0.0586
vn 0.9683 0.2489 -0.0217
vn 0.9942 0.1075 -0.0099
vn 0.9935 0.1109 0.0257
vn 0.8335 0.5226 -0.1791
vn 0.9301 0.1679 -0.3267
vn 0.7163 0.5436 -0.4376
vn 0.7651 0.1644 -0.6226
vn 0.5659 0.5712 -0.5945
vn 0.6019 0.1528 -0.7838
vn 0.5147 0.5520 -0.6561
vn 0.4513 0.1413 -0.8811
vn 0.5883 0.4606 -0.6646
vn 0.3790 0.1112 -0.9187
vn 0.6966 0.2429 -0.6751
vn 0.3875 0.0607 -0.9199
vn 0.9904 0.1304 0.0454
vn 1.0000 0.0006 -0.0002
vn 0.7054 0.1485 -0.6931
vn 0.4061 0.0525 -0.9123
vn 0.8886 0.2127 -0.4065
vn 0.7603 0.4158 -0.4989
vn 0.8638 0.4247 -0.2710
vn 0.8616 0.3990 -0.3138
vn 0.3320 0.3972 -0.8556
vn 0.4766 0.2931 -0.8288
vn 0.0836 0.3147 -0.9455
vn 0.0172 0.3290 -0.9442
vn 0.1810 0.4678 -0.8651
vn 0.0036 0.3297 -0.9441
vn -0.0006 0.3323 -0.9432
vn 0.0476 0.4638 -0.8847
vn 0.5904 0.2467 -0.7685
vn 0.6531 0.2201 -0.7245
vn 0.2197 0.2780 -0.9351
vn 0.1662 0.3103 -0.9360
vn 0.0933 -0.0033 -0.9956
vn 0.0794 -0.0423 -0.9959
vn -0.3761 0.0124 -0.9265
vn -0.3706 -0.1480 -0.9169
vn 0.6472 0.6913 0.3213
vn 0.6959 0.6700 0.2584
vn 0.7918 0.5307 0.3025
vn 0.5823 0.8113 0.0517
vn 0.4686 0.5591 -0.6840
vn 0.5535 0.7560 -0.3493
vn 0.3148 0.9483 0.0400
vn 0.3110 0.9053 0.2893
vn 0.7335 0.6317 0.2510
vn 0.8975 0.2596 0.3566
vn 0.0892 0.9641 0.2499
vn 0.4093 0.9111 -0.0494
vn 0.3289 0.9347 -0.1350
vn 0.0817 0.9703 0.2277
vn 0.5209 0.8186 0.2419
vn 0.6305 0.7690 -0.1051
vn 0.8915 0.4198 -0.1705
vn 0.8651 0.4807 0.1433
vn 0.1909 0.9524 0.2378
vn 0.3645 0.9220 -0.1304
vn 0.9642 0.2587 0.0583
vn 0.9636 0.2523 0.0888
vn 0.8678 0.1862 -0.4608
vn -0.0768 0.2192 -0.9727
vn -0.3878 0.0005 -0.9217
vn -0.2917 0.0127 -0.9564
vn -0.0706 0.2482 -0.9661
vn -0.4738 0.3581 -0.8045
vn -0.1065 0.3288 -0.9384
vn -0.0803 0.3223 -0.9432
vn -0.4168 0.2754 -0.8663
vn -0.7689 0.1651 -0.6177
vn -0.7796 0.2299 -0.5825
vn -0.1550 0.4229 -0.8928
vn -0.4556 0.2648 -0.8499
vn -0.7666 0.1445 -0.6256
vn -0.4965 0.4350 -0.7512
vn -0.5252 0.5262 -0.6688
vn -0.5277 0.4911 -0.6931
vn -0.0346 0.2345 -0.9715
vn -0.0338 0.2259 -0.9736
vn -0.1069 0.3085 -0.9452
vn -0.0917 0.3215 -0.9425
vn -0.1701 0.5927 -0.7872
vn 0.6875 0.1851 -0.7021
vn 0.3223 0.1612 -0.9328
vn 0.9416 0.1105 -0.3182
vn -0.1683 -0.0652 -0.9836
vn -0.1901 -0.0203 -0.9816
vn -0.6825 -0.0317 -0.7302
vn -0.6645 -0.6505 -0.3678
vn -0.9559 -0.0033 -0.2937
vn -0.8079 0.3384 -0.4824
vn -0.8068 0.2758 -0.5225
vn -0.7989 0.3278 -0.5044
vn -0.9258 0.0235 -0.3774
vn -0.7479 0.0123 -0.6637
vn -0.9259 0.0188 -0.3772
vn -0.8426 -0.3621 -0.3987
vn -0.7445 -0.2112 -0.6333
vn 0.0874 0.0809 -0.9929
vn -0.3164 0.2862 -0.9044
vn 0.0851 0.1248 -0.9885
vn -0.1429 0.4643 -0.8741
vn 0.0618 0.1338 -0.9891
vn 0.0493 0.4990 -0.8652
vn 0.0386 0.1112 -0.9930
vn 0.2074 0.4341 -0.8767
vn 0.0008 0.1254 -0.9921
vn 0.1724 0.4635 -0.8692
vn -0.0865 0.0687 -0.9939
vn 0.1078 0.3753 -0.9206
vn -0.0933 0.0333 -0.9951
vn 0.2229 0.2122 -0.9515
vn -0.0739 0.0094 -0.9972
vn 0.3144 0.0807 -0.9458
vn 0.3404 0.0208 -0.9401
vn -0.0556 -0.0056 -0.9984
vn 0.0244 0.1481 -0.9887
vn 0.3872 0.1439 -0.9107
vn -0.3468 0.7254 -0.5945
vn -0.6382 0.4336 -0.6361
vn -0.8587 0.4978 -0.1219
vn -0.5132 0.8507 -0.1142
vn -0.5280 0.8493 -0.0000
vn -0.8690 0.4949 0.0001
vn 0.3318 0.7411 -0.5836
vn 0.4062 0.8492 -0.3375
vn 0.4134 0.8457 -0.3374
vn 0.3473 0.7254 -0.5943
vn -0.0181 0.9449 -0.3269
vn 0.0129 0.8169 -0.5766
vn -0.4565 0.8234 -0.3372
vn -0.7953 0.4854 -0.3631
vn -0.2204 -0.0007 -0.9754
vn -0.3396 -0.0004 -0.9406
vn -0.9915 -0.0815 -0.1011
vn -0.9913 -0.0836 -0.1016
vn -0.0253 -0.0381 0.9990
vn -0.0098 -0.0396 0.9992
vn -0.0361 -0.0223 0.9991
vn -0.0384 -0.0243 0.9990
vn 0.0336 0.2410 0.9700
vn 0.1893 -0.0706 0.9794
vn 0.2299 -0.0776 0.9701
vn 0.0361 0.2326 0.9719
vn -0.6344 -0.7730 -0.0075
vn -0.2965 -0.9550 -0.0072
vn -0.3388 -0.9093 -0.2416
vn -0.6643 -0.7253 -0.1809
vn 0.3142 0.7191 -0.6198
vn 0.6264 0.4361 -0.6462
vn 0.7504 0.1604 -0.6413
vn 0.7697 0.0497 -0.6365
vn -0.9917 0.0203 -0.1270
vn -0.9998 0.0220 -0.0024
vn -0.8925 -0.4510 -0.0092
vn -0.8937 -0.4229 -0.1499
vn 0.4434 0.8883 -0.1195
vn 0.4501 0.8846 -0.1218
vn -0.6535 -0.5780 -0.4887
vn -0.5415 -0.3244 -0.7756
vn -0.6676 -0.3067 -0.6784
vn 0.4107 0.8415 -0.3510
vn 0.9558 0.0307 0.2924
vn 0.7128 -0.5881 0.3821
vn 0.9925 -0.0704 0.1003
vn 0.9923 -0.0743 0.0991
vn 0.3432 -0.5443 0.7654
vn 0.3362 -0.4229 0.8415
vn 0.3851 -0.7114 0.5879
vn -0.3602 -0.0635 -0.9307
vn -0.7111 -0.2585 -0.6539
vn -0.3914 0.1825 -0.9019
vn -0.9535 0.1368 -0.2685
vn -0.9522 0.0960 -0.2899
vn -0.9522 0.0336 -0.3037
vn 0.2689 0.3646 -0.8915
vn 0.7554 0.2296 -0.6137
vn 0.7735 0.3525 -0.5267
vn 0.2738 0.5490 -0.7897
vn 0.7606 0.4293 -0.4870
vn 0.2764 0.6487 -0.7090
vn -0.1491 0.5641 -0.8121
vn -0.1545 0.6817 -0.7151
vn -0.4916 0.6019 -0.6293
vn -0.5063 0.4949 -0.7063
vn -0.8703 0.3661 -0.3295
vn -0.8787 0.2764 -0.3893
vn -0.9918 0.0942 -0.0859
vn -0.9930 0.0690 -0.0962
vn -0.5016 0.3445 -0.7935
vn -0.8756 0.1947 -0.4420
vn -0.9926 0.0503 -0.1101
vn -1.0000 0.0028 -0.0060
vn -0.2029 -0.0003 -0.9792
vn -0.1957 -0.0036 -0.9807
vn -0.5284 -0.0000 -0.8490
vn -0.5202 0.0177 -0.8538
vn -0.9389 0.0148 -0.3440
vn -0.9258 0.0323 -0.3767
vn 0.7732 0.1198 -0.6227
vn -0.1231 0.1560 -0.9801
vn -0.4303 0.1524 -0.8897
vn -0.7288 0.2065 -0.6529
vn -0.4732 0.0338 -0.8803
vn -0.9018 0.1216 -0.4147
vn 0.0190 -0.0015 -0.9998
vn -0.1807 -0.0033 -0.9835
vn -0.4250 0.0936 -0.9004
vn -0.7943 0.3500 -0.4966
vn -0.3196 0.0294 -0.9471
vn -0.7826 0.2364 -0.5759
vn -0.9446 0.1649 -0.2839
vn -0.7998 0.4074 -0.4408
vn -0.6453 0.4077 -0.6461
vn 0.3228 0.4969 -0.8055
vn -0.0769 0.5626 -0.8232
vn -0.3473 0.5684 -0.7459
vn -0.9841 0.0567 -0.1686
vn 0.7663 0.3181 -0.5583
vn 0.7729 0.2052 -0.6004
vn 0.3775 0.3118 -0.8719
vn 0.0347 0.3757 -0.9261
vn -0.3308 0.4010 -0.8543
vn -0.3440 0.3357 -0.8769
vn -0.2057 0.3112 -0.9278
vn 0.0977 0.3158 -0.9438
vn -0.1929 0.4397 -0.8772
vn 0.4250 0.2959 -0.8555
vn -0.0808 0.3031 -0.9495
vn -0.0154 0.3115 -0.9501
vn 0.7781 0.2040 -0.5941
vn -0.1548 0.3846 -0.9100
vn -1.0000 -0.0051 -0.0042
vn 0.7624 0.0579 -0.6445
vn 0.5616 0.0253 -0.8270
vn 0.7489 0.0479 -0.6610
vn 0.9309 0.0821 -0.3558
vn 0.2689 -0.0026 -0.9632
vn 0.3865 0.0044 -0.9223
vn 0.4010 0.0040 -0.9161
vn 0.5366 0.0202 -0.8436
vn -0.2055 -0.0066 -0.9786
vn -0.2783 -0.0132 -0.9604
vn 0.3826 -0.0002 -0.9239
vn 0.9484 0.1277 0.2903
vn 0.9936 0.1129 0.0064
vn 0.9884 0.1518 -0.0048
vn 0.9999 0.0106 -0.0001
vn -0.0057 -1.0000 -0.0000
vn 0.0796 -0.9913 0.1045
vn 0.9741 0.1714 -0.1476
vn 0.9733 0.0558 -0.2227
vn 0.8302 0.5458 -0.1132
vn 0.9581 0.0827 -0.2741
vn 0.0325 0.0829 -0.9960
vn -0.7365 0.2090 -0.6434
vn -0.8534 0.0022 -0.5213
vn 0.9514 0.1109 0.2873
vn 0.9950 0.0464 0.0890
vn 0.9634 0.0231 0.2672
vn 0.9394 0.0951 0.3294
vn 0.9260 0.0357 0.3759
vn 0.9188 0.1119 0.3786
vn 0.8603 0.0367 0.5085
vn 0.8901 0.0975 0.4451
vn 0.7692 0.0407 0.6377
vn 0.8608 0.0983 0.4993
vn 0.7303 -0.1251 0.6715
vn 0.8623 -0.0497 0.5039
vn 0.1915 -0.9630 0.1895
vn 0.4923 -0.7297 0.4746
vn 0.5273 -0.7625 0.3748
vn 0.1687 -0.9785 0.1183
vn 0.6586 -0.7445 0.1095
vn 0.2126 -0.9764 0.0373
vn 0.7996 -0.3652 0.4768
vn 0.8621 -0.3583 0.3583
vn 0.9308 -0.0384 0.3636
vn 0.9261 0.1272 0.3553
vn 0.6608 -0.4217 0.6209
vn 0.8463 -0.1330 0.5158
vn 0.7433 -0.4467 0.4981
vn 0.9832 -0.1106 0.1454
vn 0.9049 -0.4005 0.1444
vn 0.6966 -0.7070 0.1222
vn 0.2848 -0.9579 0.0350
vn 0.8840 0.0020 0.4674
vn 0.9761 -0.0261 0.2159
vn 0.2466 -0.9538 0.1717
vn 0.2507 -0.9558 0.1534
vn 0.0002 -1.0000 0.0015
vn 0.0005 -0.9979 0.0645
vn -0.9634 0.0231 -0.2672
vn -0.9761 -0.0261 -0.2159
vn -0.8840 0.0020 -0.4674
vn 0.6179 -0.6907 0.3756
vn 0.9900 0.1195 0.0750
vn 0.9984 0.0204 0.0535
vn -0.8856 -0.4644 -0.0000
vn -0.8900 0.4559 -0.0049
vn -0.8608 0.5090 -0.0032
vn -0.8901 -0.4553 0.0193
vn 0.9867 0.0194 -0.1613
vn 0.8534 0.0521 -0.5187
vn 0.8563 0.1230 -0.5017
vn 0.9867 0.0091 -0.1625
vn 0.2386 -0.7689 0.5932
vn 0.2241 -0.9000 0.3739
vn -0.0000 -0.9454 0.3259
vn -0.0002 -0.8146 0.5800
vn 0.9980 -0.0090 0.0633
vn 0.9044 -0.3025 0.3011
vn 0.9197 -0.2647 0.2899
vn 0.9978 -0.0133 -0.0647
vn 0.9666 0.1095 -0.2315
vn 0.9064 0.1102 -0.4077
vn 0.9395 -0.0383 0.3403
vn 0.9354 0.0184 0.3530
vn 0.9954 0.0191 -0.0938
vn 0.2392 -0.1087 0.9649
vn 0.2552 -0.2778 0.9261
vn 0.0055 -0.2911 0.9567
vn 0.0018 -0.1150 0.9934
vn 0.9608 -0.0355 0.2751
vn 0.8723 -0.3448 0.3468
vn 0.9373 -0.1241 0.3256
vn 1.0000 0.0002 0.0003
vn -1.0000 0.0095 0.0015
vn 1.0000 0.0002 0.0004
vn 0.0012 -0.9429 0.3332
vn -0.0002 -0.8118 0.5840
vn 0.9930 0.1177 0.0022
vn -0.5686 -0.7905 0.2276
vn -0.3872 -0.7880 0.4786
vn 0.6374 -0.6646 0.3900
vn 0.6703 -0.5697 0.4755
vn -0.2881 -0.9571 -0.0323
vn -0.0006 -1.0000 -0.0000
vn 0.0009 -1.0000 0.0002
vn 0.2310 -0.5853 0.7773
vn 0.6690 -0.4611 0.5830
vn 0.7013 -0.2181 0.6786
vn 0.6991 -0.0794 0.7106
vn 0.6565 -0.6900 0.3047
vn 0.4968 -0.0000 -0.8679
vn 0.4960 -0.0000 -0.8683
vn 0.6033 -0.0000 -0.7975
vn -0.3474 0.0209 -0.9375
vn -0.2286 0.0010 -0.9735
vn 0.6232 0.0057 -0.7821
vn 0.8203 0.0081 -0.5718
vn 0.8281 0.0030 -0.5606
vn -0.8179 -0.0008 -0.5753
vn -0.8242 -0.0006 -0.5663
vn -0.6680 -0.0000 -0.7442
vn -0.4632 -0.0000 -0.8863
vn -0.4630 -0.0000 -0.8864
vn -0.5704 -0.0000 -0.8213
vn -0.5705 -0.0000 -0.8213
vn -0.3486 -0.0000 -0.9373
vn -0.9102 0.4142 -0.0000
vn -0.0461 0.0028 0.9989
vn -0.0376 0.0036 0.9993
vn 0.6018 -0.7987 -0.0000
vn 0.5706 -0.8212 -0.0000
vn 0.0828 -0.0004 -0.9966
vn 0.0839 -0.0006 -0.9965
vn 0.2634 -0.9647 -0.0000
vn 0.1635 -0.9866 -0.0000
vn 0.5408 -0.8412 -0.0000
vn -0.1347 -0.0020 0.9909
vn -0.1147 -0.0103 0.9933
vn -0.0035 -0.0024 1.0000
vn -0.0079 -0.0006 1.0000
vn -0.0795 0.9965 0.0271
vn -0.0307 -0.0012 -0.9995
vn -0.0113 -0.0022 -0.9999
vn 0.8034 -0.5557 -0.2138
vn 0.7913 -0.5898 -0.1610
vn 0.9189 -0.3910 -0.0520
vn 0.9233 -0.3822 -0.0383
vn -0.6461 -0.7632 -0.0000
vn -0.0190 -0.0015 0.9998
vn -0.0161 -0.0001 0.9999
vn 0.0508 -0.0009 0.9987
vn 0.1079 -0.0002 0.9942
vn 0.9307 0.3658 -0.0000
vn 0.3396 -0.0004 0.9406
vn 0.2625 -0.0067 0.9649
vn 0.2010 -0.0065 0.9796
vn 0.1644 -0.0012 0.9864
vn 0.2286 0.0010 0.9735
vn 0.1595 -0.0023 0.9872
vn 0.0288 0.0034 -0.9996
vn -0.0288 0.0034 0.9996
vn -0.0129 -0.0021 0.9999
vn 0.0296 0.0068 -0.9995
vn 0.0079 -0.0006 -1.0000
vn -0.0778 -0.0007 0.9970
vn -0.0334 -0.0018 0.9994
vn 0.0723 0.0012 0.9974
vn 0.3838 -0.0001 -0.9234
vn -0.2242 -0.0067 -0.9745
vn -1.0000 0.0015 -0.0035
vn -0.9275 -0.3036 -0.2179
vn 0.9716 -0.2188 -0.0906
vn 0.8901 -0.4554 -0.0192
vn -0.9921 -0.0667 -0.1059
vn 0.0144 0.0209 0.9997
vn 0.0273 0.0397 0.9988
vn 0.0125 0.0184 0.9998
vn 0.0523 0.3244 0.9445
vn 0.0570 0.3870 0.9203
vn 0.4321 0.3097 0.8470
vn 0.6565 0.2118 0.7240
vn -0.5332 0.8125 -0.2359
vn 0.0144 0.9999 0.0005
vn 0.1872 0.9819 0.0299
vn -0.8146 0.5800 0.0114
vn -0.9505 0.3109 0.0008
vn -0.4034 0.9145 0.0323
vn 0.0914 0.4555 0.8855
vn -0.0604 0.5017 0.8629
vn 0.0007 0.3324 0.9432
vn 0.0938 0.3245 0.9412
vn 0.7777 0.6286 -0.0097
vn 0.2404 0.0047 0.9707
vn -0.0000 -0.0000 1.0000
vn 0.2570 -0.0247 0.9661
vn 0.1693 -0.8461 0.5055
vn -0.0001 -0.8642 0.5031
vn -0.0001 -0.9813 0.1925
vn 0.1913 -0.9618 0.1959
vn 0.2503 -0.1056 0.9624
vn 0.6465 -0.2935 0.7042
vn 0.6928 -0.0600 0.7187
vn 0.9254 -0.0722 0.3721
vn 0.8743 -0.3485 0.3378
vn 0.9515 -0.2495 -0.1801
vn 0.9944 -0.0751 -0.0741
vn 0.6903 0.0136 0.7234
vn -0.0048 0.0024 1.0000
vn -0.0091 0.0002 1.0000
vn 0.1104 0.0003 0.9939
vn 0.1089 0.0121 0.9940
vn -0.8868 -0.0903 0.4533
vn -0.9949 -0.0895 -0.0469
vn -0.9460 -0.3237 0.0144
vn -0.8270 -0.3055 0.4720
vn 0.7031 -0.5949 0.3896
vn 0.7819 -0.6216 0.0474
vn 0.1887 -0.1638 0.9683
vn 0.5106 -0.4464 0.7348
vn 0.5134 -0.7099 0.4820
vn 0.5825 -0.7955 0.1666
vn 0.3560 -0.7874 0.5032
vn 0.4004 -0.8967 0.1890
vn -0.0509 -0.2664 0.9625
vn -0.1193 -0.6498 0.7507
vn 0.0001 -0.6621 0.7494
vn 0.0008 -0.2698 0.9629
vn 0.1394 -0.1970 0.9704
vn 0.3744 -0.5233 0.7655
vn 0.1068 -0.2370 0.9656
vn 0.2689 -0.5932 0.7589
vn 0.0570 -0.2678 0.9618
vn 0.1315 -0.6486 0.7497
vn -0.1541 -0.8489 0.5055
vn -0.1750 -0.9645 0.1976
vn 0.0196 -0.5139 -0.8576
vn 0.1974 -0.4996 -0.8435
vn 0.2102 -0.8504 -0.4822
vn 0.0184 -0.8721 -0.4890
vn 0.2046 -0.9708 -0.1255
vn -0.0029 -0.9924 -0.1231
vn 0.3792 -0.4778 -0.7924
vn 0.3887 -0.8075 -0.4437
vn 0.5374 -0.4435 -0.7172
vn 0.5501 -0.7414 -0.3843
vn 0.6770 -0.3926 -0.6225
vn 0.6896 -0.6490 -0.3213
vn 0.7994 -0.3431 -0.4931
vn 0.7940 -0.5517 -0.2554
vn 0.8244 -0.0404 -0.5646
vn 0.6688 -0.0909 -0.7379
vn 0.6551 -0.7505 -0.0873
vn 0.5267 -0.8443 -0.0992
vn 0.3709 -0.9213 -0.1165
vn -0.9998 -0.0142 -0.0157
vn 0.7419 0.0451 -0.6690
vn 0.0021 -0.5994 0.8005
vn -0.8446 -0.3003 0.4434
vn -0.9476 -0.2428 0.2074
vn -0.9530 -0.1091 0.2828
vn -0.5114 0.0154 -0.8592
vn 0.9652 0.1237 0.2302
vn 0.9905 -0.0122 0.1368
vn 0.9969 -0.0054 0.0783
vn 0.9569 -0.0002 0.2905
vn 0.9567 -0.0165 0.2905
vn -0.3125 0.0007 0.9499
vn -0.3082 -0.0195 0.9511
vn -0.9968 -0.0015 -0.0796
vn -0.9187 -0.0017 0.3949
vn -0.6975 -0.0671 0.7134
vn -0.6402 -0.2455 0.7279
vn -0.2758 -0.1222 0.9534
vn -0.9366 0.3151 -0.1532
vn -0.9815 0.1889 0.0307
vn 0.9359 0.0782 -0.3435
vn 0.8903 0.4538 -0.0381
vn 0.5356 0.4160 -0.7348
vn 0.5975 0.0657 -0.7992
vn -0.7835 -0.6151 0.0887
vn -0.6909 -0.5423 0.4781
vn -0.5933 -0.7946 0.1284
vn -0.5178 -0.6984 0.4941
vn -0.3979 -0.9032 0.1609
vn -0.3418 -0.7932 0.5039
vn -0.2018 -0.1778 0.9631
vn -0.5204 -0.4201 0.7434
vn -0.3825 -0.5207 0.7632
vn -0.1450 -0.2011 0.9688
vn -0.2577 -0.5980 0.7590
vn -0.1027 -0.2417 0.9649
vn -0.1785 -0.9789 -0.0999
vn -0.1789 -0.8664 -0.4663
vn -0.3344 -0.4842 -0.8085
vn -0.1693 -0.5075 -0.8449
vn -0.3528 -0.8318 -0.4284
vn -0.6401 -0.4169 -0.6454
vn -0.4950 -0.4624 -0.7356
vn -0.5135 -0.7728 -0.3729
vn -0.6661 -0.6734 -0.3207
vn -0.7538 -0.3490 -0.5567
vn -0.7868 -0.5445 -0.2906
vn 0.1285 0.0138 -0.9916
vn 0.1315 0.0137 -0.9912
vn 0.1045 0.0069 -0.9945
vn 0.1107 0.0090 -0.9938
vn -0.6325 -0.7611 -0.1437
vn -0.4981 -0.8578 -0.1265
vn -0.3181 -0.9429 -0.0986
vn 0.4981 -0.8578 0.1265
vn 0.3978 -0.9032 -0.1609
vn 0.5933 -0.7947 -0.1284
vn 0.6325 -0.7611 0.1437
vn -0.8492 -0.2967 -0.4369
vn -0.8348 -0.0700 -0.5460
vn -0.7138 -0.0757 -0.6963
vn -0.9427 -0.0004 0.3338
vn -0.4441 0.0639 -0.8937
vn -0.4643 0.0239 -0.8854
vn -0.6694 -0.0002 -0.7429
vn -0.0009 -0.5952 0.8036
vn -0.9553 -0.1472 -0.2565
vn -0.9318 -0.3595 0.0495
vn -0.7420 -0.0004 0.6704
vn 0.9788 -0.0533 0.1977
vn 0.9439 0.0006 0.3302
vn 0.8849 -0.3524 0.3045
vn 0.9163 -0.3614 0.1725
vn -0.9027 -0.0072 -0.4302
vn -0.2334 0.0001 -0.9724
vn -0.3495 0.0001 -0.9369
vn -0.1140 0.0091 0.9934
vn -0.1673 0.0201 0.9857
vn -0.2584 0.0004 0.9660
vn -0.1295 0.0002 0.9916
vn 0.2161 -0.0177 0.9762
vn 0.8303 0.5190 0.2031
vn 0.5332 0.8125 0.2359
vn 0.9508 0.2574 0.1724
vn 0.8385 0.4529 0.3029
vn -0.0803 0.0006 0.9968
vn -0.2616 -0.0007 0.9652
vn -0.1676 -0.0205 0.9856
vn 0.2584 0.0004 -0.9660
vn -0.3838 -0.0001 0.9234
vn -0.3826 -0.0002 0.9239
vn -0.4960 -0.0000 0.8683
vn -0.4968 -0.0000 0.8679
vn -0.1050 -0.0134 -0.9944
vn 0.0621 -0.1176 -0.9911
vn 0.0508 -0.1421 -0.9886
vn 0.2655 -0.9569 -0.1178
vn 0.1071 -0.9873 -0.1172
vn 0.0980 -0.9952 -0.0000
vn 0.2903 -0.9569 -0.0000
vn -0.9859 0.1148 -0.1215
vn -0.9952 0.0980 -0.0000
vn -0.9952 -0.0980 -0.0000
vn -0.9860 -0.1148 -0.1213
vn 0.6057 -0.7868 -0.1186
vn 0.4669 -0.8766 -0.1167
vn 0.4714 -0.8819 -0.0000
vn 0.6344 -0.7730 -0.0000
vn 0.0305 -0.1403 -0.9896
vn 0.5583 -0.1152 -0.8216
vn 0.4343 -0.1252 -0.8920
vn 0.3014 -0.1322 -0.9443
vn 0.1537 -0.1426 -0.9778
vn 0.1295 0.0002 -0.9916
vn 0.0107 -0.1465 -0.9892
vn -0.1244 -0.1428 -0.9819
vn -0.2711 -0.1364 -0.9528
vn -0.5189 -0.1143 -0.8471
vn -0.6321 -0.0966 -0.7688
vn 0.4747 0.2609 0.8406
vn 0.6288 0.6052 0.4883
vn 0.7942 0.3505 0.4963
vn 0.4266 0.0940 0.8995
vn 0.0003 -0.2937 0.9559
vn 0.0003 -0.1178 0.9930
vn -0.2507 -0.9529 -0.1706
vn -0.2507 -0.9558 -0.1534
vn -0.0007 -1.0000 -0.0017
vn -0.0005 -0.9979 -0.0646
vn -1.0000 0.0027 -0.0010
vn -1.0000 -0.0006 0.0002
vn -1.0000 -0.0005 -0.0006
vn -1.0000 0.0035 0.0060
vn 1.0000 0.0002 0.0005
vn 0.8491 -0.2967 0.4369
vn 0.9373 -0.3477 0.0226
vn 0.9890 -0.0865 0.1199
vn 0.8348 -0.0700 0.5460
vn -0.3977 -0.1291 -0.9084
vn -0.0000 0.8090 -0.5878
vn -0.0000 0.5878 -0.8090
vn -0.0000 -0.3090 -0.9511
vn -0.0000 -0.8090 -0.5878
vn -0.0000 -0.9511 -0.3090
vn -0.0000 0.9511 -0.3090
vn -0.0000 -0.5878 -0.8090
vn -0.0000 0.3090 -0.9511
vn -0.0793 -0.0000 0.9968
vn -0.1285 0.0138 0.9916
vn -0.1315 0.0137 0.9912
vn 0.1398 0.0135 -0.9901
vn -0.1612 -0.0012 -0.9869
vn -0.1616 -0.0013 -0.9868
vn -0.1587 -0.0005 -0.9873
vn -0.0161 -0.0079 0.9998
vn -0.0166 -0.0082 0.9998
vn -0.9612 0.1112 -0.2524
vn -0.9426 0.1022 -0.3178
vn 0.8997 0.4041 0.1651
vn 0.9234 0.3333 0.1906
vn -0.6917 0.2950 0.6591
vn -0.9954 -0.0094 0.0952
vn -0.4834 0.8647 0.1363
vn -0.4706 0.8768 0.0985
vn -0.5180 0.8280 0.2149
vn -0.5522 0.7946 0.2524
vn -0.7344 0.6461 -0.2079
vn -0.9776 -0.1562 -0.1408
vn -0.9505 -0.1384 -0.2783
vn -0.7209 -0.6675 0.1865
vn 0.0839 0.0009 -0.9965
vn 0.0853 0.0011 -0.9964
vn -0.5502 0.6610 0.5103
vn 0.9366 0.3151 0.1532
vn 0.9090 0.2120 0.3589
vn 0.9308 0.1836 0.3160
vn 0.9815 0.1889 -0.0307
vn 0.2560 -0.9626 0.0886
vn 0.1716 -0.9848 -0.0263
vn 0.0007 -1.0000 -0.0015
vn -0.4608 -0.0164 0.8874
vn 0.0006 -1.0000 0.0001
vn -0.3217 0.9469 -0.0000
vn 0.7458 -0.6661 -0.0000
vn -0.1681 -0.0172 0.9856
vn -0.1173 -0.0399 0.9923
vn -0.0509 -0.0880 0.9948
vn -0.0576 -0.1166 0.9915
vn -0.1295 -0.0451 0.9906
vn 0.1288 -0.0470 0.9906
vn 0.0514 -0.1123 0.9923
vn 0.0581 -0.0739 0.9956
vn 0.1326 -0.0381 0.9904
vn 0.2133 0.0172 0.9768
vn 0.2233 -0.0001 0.9747
vn 0.1371 -0.0000 0.9906
vn 0.0817 0.0196 0.9965
vn 0.0639 0.0552 0.9964
vn 0.1326 0.0381 0.9904
vn 0.1630 0.0211 0.9864
vn 0.1288 0.0469 0.9906
vn 0.0540 0.1289 0.9902
vn 0.0503 0.1626 0.9854
vn 0.0903 0.0294 0.9955
vn -0.0022 0.0078 1.0000
vn -0.0206 0.1528 0.9880
vn -0.0280 0.1439 0.9892
vn -0.0913 0.0218 0.9956
vn -0.1694 0.0176 0.9854
vn -0.1295 0.0454 0.9905
vn -0.0577 0.1169 0.9915
vn -0.0514 0.0881 0.9948
vn -0.0022 -0.0078 1.0000
vn 0.0170 -0.1537 0.9880
vn 0.0262 -0.1520 0.9880
vn 0.0903 -0.0294 0.9955
vn -0.2228 -0.0002 0.9749
vn -0.0255 -0.0169 0.9995
vn -0.0345 -0.0616 0.9975
vn 0.0505 -0.1621 0.9855
vn 0.0540 -0.1288 0.9902
vn -0.0498 -0.1476 0.9878
vn -0.0281 -0.1437 0.9892
vn -0.0913 -0.0218 0.9956
vn 0.0637 -0.0553 0.9964
vn 0.0817 -0.0196 0.9965
vn 0.0583 0.0738 0.9956
vn 0.0515 0.1123 0.9923
vn 0.0260 0.1526 0.9880
vn 0.0169 0.1541 0.9879
vn -0.0497 0.1478 0.9878
vn -0.0590 0.1205 0.9910
vn -0.0347 0.0613 0.9975
vn -0.0252 0.0167 0.9995
vn 0.9999 0.0096 0.0040
vn 0.9998 0.0181 0.0074
vn 0.9998 0.0169 0.0113
vn 0.9999 0.0091 0.0061
vn 0.9999 0.0088 0.0131
vn 0.9998 0.0123 0.0183
vn 0.9997 0.0094 0.0212
vn 0.9998 0.0147 0.0152
vn 0.9999 0.0091 0.0095
vn 0.9999 0.0099 0.0021
vn 0.9998 0.0186 0.0037
vn 0.9998 0.0064 0.0174
vn 0.8666 0.3706 0.3342
vn 0.9310 0.2859 0.2271
vn 0.9877 -0.0569 0.1455
vn 0.9999 -0.0083 0.0065
vn 0.9967 -0.0663 0.0474
vn 0.9522 0.0278 0.3042
vn 0.9511 -0.2438 0.1898
vn 0.9303 -0.0094 0.3666
vn 0.9713 0.2169 0.0973
vn 0.9686 0.2111 0.1312
vn 0.9483 0.1175 0.2949
vn 0.9312 0.1804 0.3167
vn 0.9670 0.1301 0.2190
vn 0.2176 0.9128 -0.3455
vn 0.5190 0.8491 -0.0987
vn 0.4781 0.8697 -0.1230
vn 0.1946 0.9474 -0.2542
vn 0.6688 0.2101 0.7132
vn 0.5967 0.5606 0.5741
vn 0.4241 0.4129 0.8060
vn 0.3599 0.0716 0.9302
vn 0.4282 0.8830 0.1924
vn 0.3861 0.8003 0.4588
vn 0.5672 0.7481 -0.3445
vn 0.5989 0.6662 -0.4444
vn 0.6498 0.7574 0.0636
vn 0.8108 0.4456 -0.3795
vn 0.8078 0.4663 -0.3606
vn 0.9113 0.3965 0.1115
vn 0.9175 0.3809 0.1142
vn -0.0004 -0.2714 -0.9625
vn -0.0003 -0.1153 -0.9933
vn -0.0003 -0.1178 -0.9930
vn -0.0004 -0.2759 -0.9612
vn 0.7941 0.6010 0.0907
vn 0.4399 0.4054 -0.8014
vn 0.4624 0.0108 -0.8866
vn 0.8098 0.5694 0.1411
vn 0.7060 0.2479 0.6634
vn 0.7019 0.2573 0.6642
vn 0.7812 0.6034 0.1603
vn 0.8195 0.5693 0.0658
vn 0.9577 0.1556 0.2421
vn 0.9878 0.1527 0.0320
vn 0.8274 0.5535 -0.0951
vn 0.7118 0.6569 0.2486
vn 0.7522 0.2085 0.6251
vn 0.8624 0.1855 0.4709
vn 0.7502 0.6286 0.2053
vn 0.4631 0.0018 0.8863
vn 0.5322 0.0217 0.8463
vn 0.5257 0.0285 0.8502
vn 0.8856 0.3851 0.2598
vn 0.9093 0.3276 0.2567
vn 0.7049 0.2325 0.6701
vn 0.6136 -0.0022 0.7896
vn 0.6967 -0.0052 0.7173
vn 0.9999 -0.0133 0.0053
vn 0.9998 -0.0136 0.0163
vn 0.9888 -0.1495 -0.0031
vn 0.2008 0.9448 -0.2587
vn 0.2941 0.8495 -0.4380
vn 0.2640 0.8902 -0.3713
vn 0.5165 0.4218 -0.7452
vn 0.4783 0.4936 -0.7264
vn 0.4458 0.5585 -0.6995
vn 0.4045 0.6183 -0.6738
vn 0.6136 0.6709 -0.4165
vn 0.9619 0.2052 0.1805
vn 0.6538 -0.7216 0.2276
vn 0.1269 -0.9812 -0.1454
vn 0.0017 -1.0000 -0.0020
vn 0.6226 -0.7807 0.0538
vn 0.2720 -0.9386 -0.2122
vn 0.3493 -0.7329 -0.5838
vn 0.5085 -0.7635 -0.3982
vn 0.9628 0.1939 -0.1885
vn 0.8717 0.4643 -0.1565
vn 0.8067 -0.2548 -0.5332
vn 0.9874 -0.0384 -0.1534
vn 0.7850 -0.4360 -0.4401
vn 0.9812 -0.1274 -0.1449
vn 0.7716 -0.5275 -0.3555
vn 0.9783 -0.1765 -0.1085
vn 0.7245 -0.6509 -0.2269
vn 0.9751 -0.2093 -0.0739
vn 0.7268 -0.6794 -0.1006
vn 0.9716 -0.2339 -0.0358
vn 0.7162 -0.6979 0.0109
vn 0.9791 -0.2035 0.0057
vn 0.9891 0.0537 0.1369
vn 0.9858 0.0282 0.1653
vn 0.9915 -0.1246 0.0364
vn 0.9819 0.1727 -0.0775
vn 0.7619 0.5994 -0.2453
vn 0.4885 0.8619 -0.1360
vn 0.4683 0.8542 -0.2258
vn 0.8172 -0.4634 -0.3427
vn 0.5339 -0.4900 -0.6891
vn 0.4828 -0.4975 -0.7208
vn 0.7099 -0.5327 -0.4607
vn 0.9825 0.1616 -0.0931
vn 0.7837 0.5098 -0.3548
vn 0.3945 -0.4662 -0.7918
vn 0.6570 -0.7423 -0.1319
vn 0.7383 -0.6726 -0.0509
vn 0.4736 -0.8783 -0.0651
vn 0.5708 0.7554 -0.3219
vn 0.3188 0.7854 -0.5306
vn 0.4054 0.6093 -0.6815
vn 0.5495 0.6100 -0.5710
vn 0.8689 -0.4838 -0.1043
vn 0.9855 -0.1519 -0.0759
vn 0.9034 -0.4283 -0.0229
vn 0.8726 -0.0752 -0.4826
vn 0.1206 -0.9916 -0.0469
vn 0.1710 -0.9746 -0.1449
vn -0.0020 -0.9968 -0.0794
vn 0.7833 -0.6175 -0.0716
vn 0.5422 -0.8326 -0.1135
vn 0.1876 -0.6293 -0.7542
vn 0.0012 -0.6036 -0.7973
vn 0.1725 -0.8261 -0.5364
vn 0.8101 -0.5099 -0.2894
vn 0.5718 -0.6140 -0.5441
vn 0.5730 -0.7000 -0.4262
vn 0.9885 -0.0535 0.1417
vn 0.9726 -0.1344 0.1898
vn 0.8385 -0.0131 0.5448
vn 0.8081 -0.0181 0.5888
vn 0.5460 -0.3195 -0.7745
vn 0.5574 -0.1348 -0.8193
vn 0.1578 -0.1338 -0.9784
vn 0.1476 -0.2915 -0.9451
vn 0.9873 -0.1391 0.0768
vn 0.9726 -0.1513 0.1763
vn 0.1501 -0.9214 -0.3586
vn 0.5343 -0.7963 -0.2837
vn 0.9906 -0.1368 0.0040
vn 0.9140 -0.4037 -0.0389
vn 0.2042 0.9380 -0.2802
vn 0.7065 0.6698 0.2285
vn 0.7880 -0.0020 -0.6157
vn 0.5328 -0.0021 -0.8462
vn 0.8241 -0.1346 -0.5503
vn 0.9934 0.0001 0.1143
vn 0.8298 -0.0007 0.5581
vn -0.4419 0.8519 0.2811
vn 0.7224 -0.6843 0.0994
vn 0.7546 -0.4454 -0.4818
vn 1.0000 0.0001 -0.0002
vn 1.0000 0.0003 -0.0001
vn 1.0000 -0.0005 0.0028
vn 0.9993 0.0310 0.0209
vn 0.9747 0.2181 0.0496
vn 1.0000 -0.0047 -0.0020
vn 1.0000 -0.0002 -0.0002
vn 0.8738 0.4819 0.0644
vn 1.0000 0.0003 -0.0002
vn 1.0000 0.0002 -0.0003
vn 1.0000 0.0002 -0.0002
vn 0.9859 -0.1660 -0.0195
vn 0.9841 0.1221 0.1288
vn 0.9920 0.0264 0.1238
vn 0.9096 -0.4100 0.0668
vn 0.6056 -0.0147 -0.7957
vn 0.6101 0.3766 -0.6971
vn 0.8689 0.2531 -0.4253
vn 0.0459 -0.9989 0.0008
vn -0.1857 0.0040 0.9826
vn -0.1776 -0.0060 0.9841
vn -0.2047 -0.0000 0.9788
vn -0.6331 0.7741 -0.0000
vn -0.1484 0.9889 -0.0000
vn -0.1557 0.9878 -0.0000
vn -0.6446 0.7645 -0.0000
vn -0.2396 -0.9709 -0.0000
vn -0.7313 -0.6821 -0.0000
vn -0.7385 -0.6743 -0.0000
vn -0.2515 -0.9679 -0.0000
vn 0.0277 -0.0013 0.9996
vn 0.0351 0.0038 0.9994
vn 0.0411 -0.0088 0.9991
vn 0.0355 0.0264 0.9990
vn 0.0318 0.0063 0.9995
vn 0.0175 0.0123 0.9998
vn -0.0316 -0.0395 0.9987
vn 0.0143 -0.0149 0.9998
vn 0.0426 0.0063 0.9991
vn -0.0042 -0.0039 1.0000
vn 0.0103 -0.0130 0.9999
vn -0.1123 -0.0045 0.9937
vn -0.1234 -0.0009 0.9924
vn 0.0308 -0.0052 0.9995
vn -0.1760 0.0043 0.9844
vn -0.1120 0.0048 0.9937
vn -0.0311 -0.0000 0.9995
vn 0.0462 -0.0051 0.9989
vn 0.1603 -0.0031 0.9871
vn 0.1630 -0.0036 0.9866
vn 0.1603 -0.0003 0.9871
vn 0.1616 -0.0000 0.9868
vn 0.1626 -0.0002 0.9867
vn -0.0063 -0.0000 1.0000
vn -0.0325 -0.0054 0.9995
vn -0.0586 -0.0094 0.9982
vn -0.0573 -0.0083 0.9983
vn -0.1024 -0.0097 0.9947
vn -0.1114 -0.0073 0.9938
vn -0.1856 -0.0019 0.9826
vn -0.1758 -0.0042 0.9844
vn -0.1743 0.0308 0.9842
vn -0.1651 -0.0110 0.9862
vn 0.1598 0.0012 0.9871
vn 0.1754 -0.0158 0.9844
vn 0.1588 0.0009 0.9873
vn 0.0588 -0.0021 0.9983
vn 0.0565 0.0010 0.9984
vn 0.0566 0.0011 0.9984
vn 0.0557 -0.0013 0.9984
vn 0.1707 0.0027 0.9853
vn 0.1616 -0.0000 0.9869
vn 0.1789 0.0153 0.9838
vn 0.0545 -0.0020 0.9985
vn 0.0536 -0.0029 0.9986
vn 0.0760 0.0005 0.9971
vn 0.1414 -0.0087 0.9899
vn 0.1307 0.0021 0.9914
vn 0.2887 0.0001 0.9574
vn 0.2892 -0.0000 0.9573
vn 0.2890 -0.0000 0.9573
vn 0.2884 0.0002 0.9575
vn 0.1281 0.0022 0.9918
vn 0.1320 -0.0007 0.9912
vn 0.2884 -0.0002 0.9575
vn -0.9778 -0.2094 -0.0000
vn -0.9783 -0.2073 -0.0000
vn 0.1038 -0.0002 0.9946
vn 0.1609 -0.0006 0.9870
vn 0.1039 -0.0010 0.9946
vn 0.2410 -0.0157 0.9704
vn -0.9254 -0.3791 -0.0000
vn -0.7085 -0.7057 -0.0000
vn -0.7220 -0.6919 -0.0000
vn -0.9307 -0.3658 -0.0000
vn 0.0802 -0.0006 0.9968
vn 0.2840 -0.9588 -0.0000
vn -0.1978 -0.9803 -0.0000
vn -0.2102 -0.9776 -0.0000
vn 0.2768 -0.9609 -0.0000
vn -0.3809 -0.9246 -0.0000
vn -0.3980 -0.9174 -0.0000
vn 0.7129 0.7013 -0.0000
vn 0.3978 0.9175 -0.0000
vn 0.3827 0.9239 -0.0000
vn 0.2334 0.0001 0.9724
vn 0.2546 0.0033 0.9670
vn 0.2424 0.0152 0.9701
vn -0.9822 -0.1880 -0.0000
vn -0.8549 -0.5188 -0.0000
vn -0.8566 -0.5160 -0.0000
vn -0.9824 -0.1870 -0.0000
vn -0.9436 0.3311 -0.0000
vn -0.9970 0.0774 -0.0000
vn -0.9970 0.0771 -0.0000
vn -0.9442 0.3294 -0.0000
vn -0.0225 -0.0000 0.9997
vn 0.8023 0.5969 -0.0000
vn 0.5644 0.8255 -0.0000
vn 0.5516 0.8341 -0.0000
vn 0.8055 0.5926 -0.0000
vn -0.1141 0.0097 0.9934
vn 0.1779 0.0043 -0.9840
vn 0.1780 0.0043 -0.9840
vn 0.0197 0.9998 -0.0000
vn 0.9239 0.3827 -0.0000
vn 0.9229 0.3851 -0.0000
vn 1.0000 0.0002 -0.0000
vn 0.0376 0.0036 -0.9993
vn 0.0461 0.0028 -0.9989
vn 0.3084 0.9354 0.1728
vn 0.4072 0.9043 0.1279
vn -0.3888 0.8496 0.3564
vn -0.6701 -0.7423 -0.0000
vn -0.6777 -0.7353 -0.0000
vn -0.9692 0.2463 -0.0000
vn -0.9700 0.2433 -0.0000
vn -0.9787 -0.2051 -0.0000
vn 1.0000 -0.0002 -0.0000
vn 0.9249 0.3803 -0.0000
vn -0.8966 -0.4429 -0.0000
vn -0.8976 -0.4408 -0.0000
vn 0.3827 -0.9239 -0.0000
vn 0.3681 -0.9298 -0.0000
vn 0.9588 0.2840 -0.0000
vn 0.8829 0.4696 -0.0000
vn 0.8851 0.4653 -0.0000
vn 0.9598 0.2807 -0.0000
vn 0.9821 -0.1883 -0.0000
vn 0.9864 0.1646 -0.0000
vn 0.9870 0.1610 -0.0000
vn 0.9830 -0.1836 -0.0000
vn 0.7418 0.6707 -0.0000
vn 0.4720 0.8816 -0.0000
vn 0.4782 0.8782 -0.0000
vn 0.7496 0.6619 -0.0000
vn 0.1690 0.9856 -0.0000
vn 0.1777 0.9841 -0.0000
vn -0.3809 0.9246 -0.0000
vn -0.3976 0.9176 -0.0000
vn -0.0198 0.9998 -0.0000
vn 0.5970 0.8023 -0.0000
vn 0.8908 0.4544 -0.0000
vn 0.8921 0.4518 -0.0000
vn 0.5978 0.8016 -0.0000
vn -0.1890 -0.9820 -0.0000
vn 0.1540 -0.9881 -0.0000
vn 0.1616 -0.9869 -0.0000
vn -0.1872 -0.9823 -0.0000
vn 0.9905 0.1375 -0.0000
vn 0.9906 0.1369 -0.0000
vn 0.9804 0.1971 -0.0000
vn -0.6125 -0.7905 -0.0000
vn -0.6183 -0.7860 -0.0000
vn -0.7085 0.7057 -0.0000
vn -0.7219 0.6920 -0.0000
vn 0.7320 0.6813 -0.0000
vn 0.4769 0.8790 -0.0000
vn 0.4837 0.8752 -0.0000
vn 0.7359 0.6771 -0.0000
vn 0.9904 -0.1382 -0.0000
vn 0.9905 -0.1376 -0.0000
vn -0.0020 -0.0000 1.0000
vn -0.0951 -0.0151 0.9954
vn -0.0869 0.0016 0.9962
vn 0.1487 -0.0240 0.9886
vn 0.1249 -0.0388 0.9914
vn 0.1541 -0.0013 0.9881
vn -0.7997 0.6003 -0.0000
vn -0.8015 0.5980 -0.0000
vn 0.9239 -0.3827 -0.0000
vn 0.9231 -0.3847 -0.0000
vn 0.1682 0.9858 -0.0000
vn -0.1691 0.9856 -0.0000
vn -0.1646 0.9864 -0.0000
vn 0.1757 0.9844 -0.0000
vn 0.8872 -0.4614 -0.0000
vn 0.8886 -0.4586 -0.0000
vn -0.1715 -0.9852 -0.0000
vn -0.1674 -0.9859 -0.0000
vn 0.1830 0.9831 -0.0000
vn 0.1771 0.9842 -0.0000
vn 0.4760 -0.8794 -0.0000
vn 0.4851 -0.8744 -0.0000
vn -0.5373 0.8434 -0.0000
vn -0.5394 0.8420 -0.0000
vn -0.5525 -0.8335 -0.0000
vn -0.5551 -0.8318 -0.0000
vn -0.0527 0.0028 0.9986
vn -0.6217 0.7833 -0.0000
vn -0.1411 0.9900 -0.0000
vn 0.2915 -0.9566 -0.0000
vn -0.1853 -0.9827 -0.0000
vn -0.9820 -0.1890 -0.0000
vn -0.8532 -0.5216 -0.0000
vn -0.9430 0.3327 -0.0000
vn -0.9970 0.0776 -0.0000
vn 0.7992 0.6011 -0.0000
vn 0.5773 0.8165 -0.0000
vn -0.6626 -0.7490 -0.0000
vn 0.9858 0.1681 -0.0000
vn 0.9054 0.4245 -0.0000
vn 0.9078 0.4194 -0.0000
vn -0.9684 0.2492 -0.0000
vn 0.3296 0.9441 -0.0000
vn 0.3255 0.9456 -0.0000
vn -0.8951 -0.4458 -0.0000
vn -0.8962 -0.4436 -0.0000
vn -0.8956 -0.4449 -0.0000
vn -0.1739 0.9848 -0.0000
vn -0.5351 0.8448 -0.0000
vn 0.9579 0.2872 -0.0000
vn 0.8806 0.4738 -0.0000
vn 0.9812 -0.1928 -0.0000
vn 0.4658 0.8849 -0.0000
vn 0.1603 0.9871 -0.0000
vn -0.0531 0.0124 0.9985
vn 0.5960 0.8030 -0.0000
vn 0.8894 0.4571 -0.0000
vn -0.1909 -0.9816 -0.0000
vn 0.1464 -0.9892 -0.0000
vn 0.9904 0.1382 -0.0000
vn 0.6453 -0.7639 -0.0000
vn 0.6457 -0.7636 -0.0000
vn 0.8061 -0.5918 -0.0000
vn 0.8146 -0.5800 -0.0000
vn -0.6068 -0.7949 -0.0000
vn -0.5498 -0.8353 -0.0000
vn -0.1118 0.0308 0.9933
vn -0.1043 0.0069 0.9945
vn 0.7280 0.6856 -0.0000
vn 0.4701 0.8826 -0.0000
vn 0.9903 -0.1388 -0.0000
vn -0.9578 -0.2875 -0.0000
vn -0.8940 -0.4481 -0.0000
vn 0.7323 -0.0001 -0.6809
vn 0.6853 -0.0602 -0.7258
vn 0.3022 -0.0172 -0.9531
vn 0.3100 0.0007 -0.9507
vn -0.7980 0.6027 -0.0000
vn 0.7336 0.6795 -0.0000
vn 0.1607 0.9870 -0.0000
vn 0.8858 -0.4641 -0.0000
vn 0.1891 0.9820 -0.0000
vn 0.4667 -0.8844 -0.0000
vn -0.9202 -0.3914 -0.0000
vn -0.6945 -0.7195 -0.0000
vn -0.3639 -0.9315 -0.0000
vn 0.7015 0.7126 -0.0000
vn 0.3681 0.9298 -0.0000
vn 0.3977 -0.9175 -0.0000
vn -0.3643 0.9313 -0.0000
vn -0.9202 0.3914 -0.0000
vn -0.9254 0.3790 -0.0000
vn -0.6946 0.7194 -0.0000
vn 0.7018 -0.7124 -0.0000
vn 0.7126 -0.7016 -0.0000
vn 0.9247 -0.3807 -0.0000
vn 0.1629 -0.0007 0.9866
vn 0.7975 -0.6034 -0.0000
vn -0.9806 0.1085 0.1632
vn -0.9890 -0.0288 0.1449
vn -0.9890 -0.0565 0.1365
vn -0.9707 0.1221 0.2069
vn -0.9561 0.0170 0.2926
vn -0.9781 0.0715 0.1955
vn -0.4379 0.8911 0.1193
vn -0.4426 0.8967 -0.0000
vn 0.0545 0.9985 -0.0000
vn 0.0440 0.9923 0.1157
vn -0.0013 -0.0474 0.9989
vn 0.3074 0.9516 0.0047
vn -0.3732 0.9278 0.0006
vn -0.0382 -0.0152 0.9992
vn 0.0210 -0.0240 0.9995
vn 0.0179 -0.0298 0.9994
vn -0.4424 -0.7457 0.4983
vn -0.0000 -0.8315 0.5556
vn -0.0237 -0.9080 0.4182
vn -0.4441 -0.8113 0.3801
vn -0.4420 -0.6369 0.6317
vn -0.0000 -0.7101 0.7041
vn -0.8442 0.5359 -0.0119
vn -0.9872 0.1592 -0.0107
vn -0.9890 -0.1051 0.1044
vn -0.8378 -0.3876 0.3845
vn -0.8382 -0.4534 0.3030
vn -0.9890 -0.1228 0.0821
vn -0.8451 -0.4553 0.2803
vn 0.9747 -0.1505 0.1650
vn 0.9812 -0.1400 0.1330
vn 0.8382 -0.4534 0.3030
vn 0.8378 -0.3876 0.3845
vn 0.4091 -0.8337 0.3709
vn -0.3033 -0.9402 0.1547
vn 0.4424 -0.7457 0.4983
vn 0.4420 -0.6369 0.6317
vn -0.4424 -0.1750 0.8796
vn -0.0000 -0.1951 0.9808
vn -0.0000 -0.3827 0.9239
vn -0.4424 -0.3432 0.8286
vn -0.0000 -0.5591 0.8291
vn -0.4428 -0.5012 0.7435
vn -0.4420 -0.0037 0.8970
vn -0.0000 -0.0042 1.0000
vn -0.8382 -0.1064 0.5348
vn -0.8382 -0.2087 0.5038
vn -0.8386 -0.3044 0.4517
vn -0.9891 -0.0823 0.1222
vn -0.8378 -0.0022 0.5459
vn 0.9636 -0.0379 0.2645
vn 0.9752 -0.0800 0.2063
vn 0.8382 -0.2087 0.5038
vn 0.8382 -0.1064 0.5348
vn 0.9743 -0.1329 0.1820
vn 0.8386 -0.3044 0.4517
vn 0.9141 0.0166 0.4052
vn 0.8378 -0.0022 0.5459
vn 0.4424 -0.3432 0.8286
vn 0.4424 -0.1750 0.8796
vn 0.4428 -0.5012 0.7435
vn 0.4420 -0.0037 0.8970
vn 1.0000 0.0009 0.0013
vn 1.0000 0.0016 0.0018
vn 1.0000 -0.0000 0.0002
vn 1.0000 0.0003 0.0004
vn -0.8147 0.4778 0.3286
vn -0.4259 0.7455 0.5127
vn -0.8084 0.5381 0.2387
vn -1.0000 0.0063 0.0023
vn -0.9852 0.1553 0.0725
vn -0.9878 0.1519 0.0342
vn -0.9996 0.0175 0.0211
vn -0.9790 0.1421 0.1465
vn -0.9824 0.1530 0.1075
vn -0.9999 0.0083 0.0074
vn -0.9998 0.0095 0.0162
vn -0.9828 0.0780 0.1674
vn -0.9772 0.1170 0.1771
vn -0.9994 0.0201 0.0293
vn -1.0000 0.0022 0.0037
vn -0.9885 0.0539 0.1412
vn -0.4372 0.5027 0.7458
vn -0.1069 0.5525 0.8266
vn -0.1027 0.7014 0.7053
vn -0.4317 0.6388 0.6368
vn -0.4518 0.2962 0.8415
vn -0.1100 0.3286 0.9380
vn -0.1054 0.3923 0.9138
vn -0.4416 0.3633 0.8204
vn -0.1712 0.9631 0.2077
vn -0.3367 0.9224 0.1894
vn 0.0374 0.9990 0.0243
vn 0.0275 0.9996 0.0047
vn -0.8173 0.3228 0.4773
vn -0.8123 0.4103 0.4146
vn -0.8519 0.1788 0.4922
vn -0.8269 0.2343 0.5113
vn -0.7805 0.6104 0.1351
vn 0.5457 0.8371 -0.0389
vn 0.7369 0.6755 0.0261
vn 0.9448 0.3277 -0.0050
vn 0.9805 0.1815 0.0751
vn 0.9804 0.1636 0.1093
vn 0.9808 0.1082 0.1620
vn 0.9822 0.0766 0.1714
vn 0.9806 0.1385 0.1385
vn 0.9819 0.1868 0.0308
vn 0.9882 0.0522 0.1439
vn 0.1324 0.8241 0.5507
vn -0.0004 0.8315 0.5556
vn -0.0004 0.7071 0.7071
vn 0.1324 0.7009 0.7009
vn -0.0004 0.9239 0.3827
vn 0.1324 0.9157 0.3793
vn 0.0896 0.4044 0.9102
vn -0.6032 0.3139 0.7332
vn -0.6614 0.2108 0.7198
vn 0.0391 0.3278 0.9439
vn -0.0004 0.5556 0.8315
vn 0.1324 0.5507 0.8241
vn -0.4424 0.4983 0.7457
vn -0.0000 0.5556 0.8315
vn -0.0000 0.3827 0.9239
vn -0.4424 0.3432 0.8286
vn -0.4424 0.7457 0.4983
vn -0.0000 0.8315 0.5556
vn -0.0000 0.7071 0.7071
vn -0.4424 0.6342 0.6342
vn -0.4424 0.8796 0.1750
vn 0.0074 0.9790 0.2039
vn -0.0000 0.9239 0.3827
vn -0.4424 0.8286 0.3432
vn -0.0000 0.1910 0.9816
vn -0.4428 0.1713 0.8801
vn 0.7739 0.5266 0.3519
vn 0.4098 0.7584 0.5068
vn 0.4098 0.6450 0.6450
vn 0.7739 0.4478 0.4478
vn 0.7776 0.6181 0.1153
vn 0.4098 0.8427 0.3491
vn 0.7739 0.5851 0.2424
vn 0.7936 0.2497 0.5549
vn 0.4284 0.3739 0.8226
vn 0.4746 0.3021 0.8267
vn 0.8496 0.1796 0.4959
vn 0.4098 0.5068 0.7584
vn 0.7739 0.3519 0.5266
vn -0.1748 0.9846 0.0057
vn -0.9505 0.1727 0.2584
vn -0.8382 0.3030 0.4534
vn -0.8382 0.2087 0.5038
vn -0.9505 0.2584 0.1727
vn -0.8382 0.4534 0.3030
vn -0.8382 0.3856 0.3856
vn -0.9505 0.2197 0.2197
vn -0.9505 0.3048 0.0606
vn -0.8382 0.5348 0.1064
vn -0.8382 0.5038 0.2087
vn -0.9505 0.2871 0.1189
vn -0.8386 0.1042 0.5347
vn 0.9505 0.1727 0.2584
vn 0.5934 0.3172 0.7398
vn 0.8382 0.2087 0.5038
vn 0.8382 0.3030 0.4534
vn 0.9505 0.2197 0.2197
vn 0.8382 0.3856 0.3856
vn 0.8386 0.1042 0.5347
vn 0.4424 0.3432 0.8286
vn 0.4424 0.4983 0.7457
vn 0.4424 0.6342 0.6342
vn 0.4424 0.7457 0.4983
vn 0.3643 0.9249 0.1090
vn 0.4411 0.8298 0.3417
vn 0.4428 0.1713 0.8801
vn 0.3761 0.9075 0.1869
vn 0.1516 0.9871 0.0511
vn 0.2854 0.9553 0.0767
vn 0.0041 0.7071 0.7071
vn 0.0042 0.7069 0.7073
vn 0.0044 0.8303 0.5573
vn 0.0032 0.5556 0.8315
vn 0.0033 0.5553 0.8316
vn 0.0164 0.3971 0.9176
vn 0.7994 0.1556 0.5803
vn -0.1235 0.3882 0.9133
vn -0.4811 0.3349 0.8102
vn -0.1423 0.5317 0.8349
vn 0.0627 0.5333 0.8436
vn -0.1382 0.6857 0.7147
vn -0.1547 0.7008 0.6964
vn -0.5183 0.6588 0.5453
vn -0.4725 0.6683 0.5746
vn 0.0816 0.6491 0.7563
vn -0.1493 0.6511 0.7441
vn 0.0930 0.6758 0.7312
vn -1.0000 0.0008 0.0009
vn -0.9916 0.0485 0.1196
vn -0.9929 0.0611 0.1019
vn -0.9931 0.0799 0.0858
vn -0.9930 0.0953 0.0693
vn -1.0000 -0.0000 0.0093
vn -0.9922 0.1055 0.0669
vn -0.8687 0.3328 0.3668
vn -0.8747 0.2513 0.4144
vn -0.5095 0.4535 0.7313
vn -0.5050 0.5723 0.6461
vn -1.0000 0.0026 0.0020
vn -0.9934 0.0973 0.0613
vn -0.9924 0.0658 0.1040
vn -0.9884 0.0817 0.1278
vn -1.0000 0.0013 0.0050
vn -0.9889 0.1257 0.0790
vn -0.9889 0.1476 0.0179
vn -1.0000 0.0015 -0.0008
vn -0.9890 0.1450 -0.0307
vn -1.0000 0.0037 -0.0015
vn -0.9478 0.1445 0.2841
vn -0.9938 0.1091 -0.0198
vn -0.9711 0.2359 -0.0350
vn -0.9321 0.1923 0.3070
vn -0.9658 0.2574 0.0313
vn -0.9657 0.2210 0.1362
vn -0.8510 0.4474 0.2749
vn -0.8491 0.5247 0.0600
vn -0.4843 0.7411 0.4651
vn -0.4820 0.8702 0.1026
vn -0.1249 0.8356 0.5350
vn -0.1275 0.9847 0.1191
vn -0.3235 0.8742 0.3620
vn -0.0211 0.8544 0.5192
vn -0.0277 0.5271 0.8493
vn -0.3654 0.6167 0.6973
vn -0.8477 0.5123 -0.1375
vn -0.8115 0.4890 -0.3197
vn -0.9393 0.1712 -0.2972
vn -0.9851 0.1703 -0.0253
vn 0.0004 0.9456 -0.3253
vn -0.3502 0.8919 -0.2862
vn -0.3666 0.9198 -0.1401
vn -0.0093 0.9478 -0.3188
vn -0.4889 0.8509 -0.1921
vn -0.8558 0.5049 -0.1130
vn -0.4979 0.8199 -0.2827
vn -0.8617 0.4792 -0.1669
vn -0.0028 0.9930 0.1178
vn -0.0011 0.9763 -0.2164
vn -0.1284 0.9682 -0.2147
vn -0.1308 0.9374 -0.3228
vn -0.7583 0.6517 0.0171
vn -0.8205 0.5134 0.2516
vn -0.9412 0.2642 -0.2105
vn -0.9133 0.2840 -0.2920
vn -0.8446 0.4550 0.2821
vn -0.9538 0.2366 -0.1851
vn -0.8415 0.5400 0.0193
vn -0.9295 0.2545 -0.2668
vn -0.7669 0.5685 -0.2977
vn -0.2484 0.8208 0.5144
vn -0.1768 0.5075 0.8433
vn -0.5176 0.4574 0.7231
vn -0.5155 0.7174 0.4686
vn -0.8825 0.2479 0.3996
vn -0.8782 0.4015 0.2600
vn -0.9661 0.2185 0.1372
vn -0.9660 0.1365 0.2195
vn -0.1243 0.5273 0.8406
vn -0.4866 0.4683 0.7375
vn -0.8520 0.2814 0.4415
vn -0.9660 0.1406 0.2169
vn -0.5299 0.8451 0.0711
vn -0.8896 0.4550 0.0409
vn -0.9683 0.2489 0.0217
vn -0.9942 0.1075 0.0099
vn -0.8159 0.5529 0.1689
vn -0.9295 0.1730 0.3256
vn -0.6864 0.5865 0.4300
vn -0.7696 0.1809 0.6124
vn -0.5487 0.6231 0.5573
vn -0.6022 0.1868 0.7762
vn -0.5120 0.5922 0.6222
vn -0.4568 0.1635 0.8744
vn -0.5765 0.4407 0.6881
vn -0.3751 0.1100 0.9204
vn -0.6482 0.2069 0.7328
vn -0.3698 0.0520 0.9276
vn -0.9904 0.1304 -0.0454
vn -1.0000 0.0024 0.0045
vn -0.6582 0.1184 0.7435
vn -0.3772 0.0390 0.9253
vn -0.9278 0.1798 0.3269
vn -0.7975 0.4251 0.4281
vn -0.8661 0.4245 0.2640
vn -0.8616 0.3990 0.3138
vn -0.4387 0.3942 0.8075
vn -0.5536 0.3106 0.7727
vn -0.1409 0.3347 0.9317
vn -0.0495 0.3302 0.9426
vn -0.2407 0.5076 0.8273
vn -0.0037 0.3297 0.9441
vn -0.6240 0.2595 0.7371
vn -0.6722 0.2352 0.7020
vn -0.2116 0.2923 0.9326
vn -0.1820 0.3252 0.9279
vn -0.1135 -0.0026 0.9935
vn -0.1041 -0.0344 0.9940
vn 0.3461 0.0130 0.9381
vn 0.3487 -0.1412 0.9266
vn -0.3476 0.9376 0.0018
vn -0.0464 0.9604 -0.2748
vn -0.4159 0.5712 0.7077
vn -0.4776 0.7878 0.3890
vn -0.3142 0.9486 -0.0387
vn -0.3312 0.8960 -0.2958
vn -0.7744 0.5689 -0.2768
vn -0.9072 0.2179 -0.3599
vn -0.3069 0.9456 0.1075
vn -0.0746 0.9699 -0.2319
vn -0.5244 0.8223 -0.2210
vn -0.6354 0.7559 0.1575
vn -0.8733 0.4153 0.2546
vn -0.8749 0.4731 -0.1031
vn -0.1946 0.9526 -0.2337
vn -0.3622 0.9250 0.1149
vn -0.9642 0.2587 -0.0584
vn -0.9636 0.2523 -0.0888
vn -0.8678 0.1862 0.4608
vn 0.0649 0.2290 0.9713
vn 0.3774 0.0124 0.9260
vn 0.2885 0.0171 0.9573
vn 0.0656 0.2533 0.9652
vn 0.4322 0.2724 0.8597
vn 0.1105 0.3155 0.9425
vn 0.4628 0.2597 0.8476
vn 0.7753 0.1607 0.6108
vn 0.7680 0.1676 0.6181
vn 0.4628 0.5838 0.6671
vn 0.4568 0.5363 0.7097
vn 0.7915 0.3373 0.5096
vn 0.7967 0.3738 0.4749
vn 0.4403 0.3899 0.8088
vn 0.4848 0.2545 0.8368
vn 0.7840 0.1437 0.6039
vn 0.4527 0.4501 0.7698
vn 0.7777 0.2338 0.5836
vn 0.4617 0.5546 0.6923
vn 0.1007 0.3058 0.9468
vn 0.1121 0.3211 0.9404
vn 0.0947 0.6226 0.7768
vn -0.6448 0.2004 0.7376
vn -0.2927 0.1585 0.9430
vn -0.9472 0.1130 0.3001
vn 0.6686 -0.0678 0.7405
vn 0.8031 0.3487 0.4831
vn 0.8066 0.2759 0.5227
vn 0.9258 0.0235 0.3774
vn 0.7472 0.0122 0.6645
vn 0.9259 0.0187 0.3774
vn 0.8434 -0.3613 0.3976
vn 0.7439 -0.2115 0.6340
vn -0.0989 0.0740 0.9923
vn 0.3046 0.2801 0.9104
vn -0.0893 0.1168 0.9891
vn 0.1347 0.4522 0.8817
vn -0.0620 0.1299 0.9896
vn -0.0490 0.4971 0.8663
vn -0.0416 0.1191 0.9920
vn -0.2090 0.4408 0.8730
vn -0.0088 0.1762 0.9843
vn -0.1784 0.4958 0.8499
vn 0.0459 0.1428 0.9887
vn -0.1618 0.4715 0.8669
vn -0.0069 0.0918 0.9958
vn -0.3577 0.2890 0.8880
vn -0.0365 0.0248 0.9990
vn -0.4349 0.0950 0.8954
vn -0.4278 0.0251 0.9035
vn -0.0367 -0.0021 0.9993
vn -0.1022 0.1440 0.9843
vn -0.4677 0.1513 0.8709
vn 0.3466 0.7257 0.5943
vn 0.6376 0.4342 0.6364
vn 0.8585 0.4981 0.1219
vn 0.5128 0.8509 0.1143
vn 0.5280 0.8493 -0.0000
vn 0.8690 0.4949 -0.0001
vn -0.3319 0.7413 0.5833
vn -0.4063 0.8485 0.3392
vn -0.4130 0.8459 0.3375
vn -0.3474 0.7256 0.5940
vn 0.0177 0.9448 0.3270
vn -0.0131 0.8169 0.5767
vn 0.4557 0.8237 0.3373
vn 0.7949 0.4862 0.3631
vn 0.0161 -0.0079 -0.9998
vn 0.0166 -0.0082 -0.9998
vn 0.6342 -0.7731 0.0075
vn 0.3323 -0.9431 0.0113
vn 0.3683 -0.9044 0.2154
vn 0.6655 -0.7242 0.1806
vn -0.3135 0.7194 0.6199
vn -0.6262 0.4352 0.6469
vn -0.7505 0.1584 0.6416
vn -0.7562 0.0600 0.6516
vn 0.9917 0.0202 0.1269
vn 0.9998 0.0219 0.0024
vn 0.8923 -0.4513 0.0092
vn 0.8940 -0.4224 0.1497
vn -0.4560 0.8814 0.1231
vn -0.4689 0.8744 0.1247
vn -0.5128 0.8585 -0.0001
vn 0.6563 -0.5755 0.4879
vn 0.5436 -0.3237 0.7744
vn 0.6688 -0.3053 0.6779
vn -0.4096 0.8415 0.3524
vn 0.3407 -0.0533 0.9387
vn 0.7111 -0.2576 0.6542
vn 0.4211 0.1375 0.8966
vn 0.9538 0.1409 0.2653
vn 0.9522 0.0960 0.2899
vn 0.9522 0.0338 0.3037
vn 0.9489 0.1353 0.2850
vn -0.3750 0.3351 0.8643
vn -0.7949 0.2038 0.5714
vn -0.8000 0.3339 0.4986
vn -0.3550 0.5277 0.7717
vn -0.7838 0.4081 0.4680
vn -0.3411 0.6330 0.6950
vn 0.1161 0.5680 0.8148
vn 0.1225 0.6846 0.7186
vn 0.4999 0.6065 0.6183
vn 0.5063 0.4949 0.7063
vn 0.8703 0.3661 0.3295
vn 0.8787 0.2764 0.3893
vn 0.9918 0.0942 0.0859
vn 0.9930 0.0690 0.0962
vn 0.5016 0.3445 0.7935
vn 0.8756 0.1947 0.4420
vn 0.9926 0.0503 0.1101
vn 1.0000 0.0028 0.0060
vn 0.2120 -0.0074 0.9773
vn 0.2121 -0.0046 0.9772
vn 0.5517 -0.0027 0.8340
vn 0.5239 0.0074 0.8518
vn 0.9399 0.0134 0.3411
vn 0.9330 0.0339 0.3582
vn -0.7731 0.1233 0.6222
vn 0.1087 0.1519 0.9824
vn 0.4511 0.1559 0.8788
vn 0.7288 0.2045 0.6535
vn 0.4841 0.0359 0.8743
vn 0.9045 0.1244 0.4079
vn 0.1890 -0.0026 0.9820
vn 0.3147 0.0220 0.9490
vn 0.7862 0.2206 0.5772
vn 0.9721 0.1355 0.1913
vn 0.8213 0.4148 0.3917
vn 0.6615 0.3881 0.6417
vn -0.3793 0.4861 0.7873
vn 0.0328 0.5602 0.8277
vn 0.3384 0.5750 0.7449
vn 0.9850 0.0524 0.1644
vn -0.7811 0.3022 0.5465
vn -0.7796 0.1992 0.5938
vn -0.4363 0.2956 0.8498
vn -0.0929 0.3687 0.9249
vn 0.2104 0.3824 0.8997
vn 0.2954 0.3228 0.8992
vn 0.2464 0.3112 0.9179
vn -0.1650 0.3134 0.9352
vn 0.1315 0.4175 0.8991
vn -0.4883 0.2869 0.8241
vn 0.0871 0.3110 0.9464
vn 0.0082 0.3138 0.9495
vn -0.7799 0.2036 0.5918
vn 0.0814 0.3877 0.9182
vn 1.0000 -0.0051 0.0042
vn -0.7624 0.0579 0.6445
vn -0.5616 0.0253 0.8270
vn -0.7445 0.0473 0.6660
vn -0.9296 0.0824 0.3591
vn -0.2689 -0.0026 0.9632
vn -0.3865 0.0044 0.9223
vn -0.4010 0.0040 0.9161
vn -0.5350 0.0196 0.8446
vn 0.2055 -0.0066 0.9786
vn 0.2783 -0.0132 0.9604
vn -0.9484 0.1276 -0.2903
vn -0.9936 0.1128 -0.0061
vn -0.9822 0.1527 0.1094
vn -0.9730 0.0547 0.2241
vn -0.8352 0.5384 0.1119
vn -0.9655 0.0850 0.2463
vn -0.0498 0.0909 0.9946
vn 0.7255 0.1767 0.6651
vn 0.8528 -0.0029 0.5222
vn -0.9394 0.0951 -0.3294
vn -0.9260 0.0357 -0.3759
vn -0.9188 0.1119 -0.3786
vn -0.8603 0.0367 -0.5085
vn -0.8901 0.0975 -0.4451
vn -0.7692 0.0407 -0.6377
vn -0.8608 0.0983 -0.4993
vn -0.7295 -0.1254 -0.6724
vn -0.8619 -0.0499 -0.5046
vn -0.1918 -0.9629 -0.1896
vn -0.4792 -0.7460 -0.4626
vn -0.5131 -0.7770 -0.3647
vn -0.1681 -0.9787 -0.1181
vn -0.6433 -0.7579 -0.1089
vn -0.2146 -0.9760 -0.0382
vn -0.7912 -0.3874 -0.4733
vn -0.8563 -0.3738 -0.3565
vn -0.9306 -0.0346 -0.3644
vn -0.9655 0.1261 -0.2279
vn -0.9931 0.1172 -0.0020
vn -0.6522 -0.4443 -0.6142
vn -0.8462 -0.1330 -0.5160
vn -0.7315 -0.4711 -0.4929
vn -0.9951 0.0449 -0.0875
vn -0.6012 -0.7107 -0.3653
vn -0.9866 0.0193 0.1621
vn -0.8530 0.0519 0.5194
vn -0.8765 0.0924 0.4725
vn -0.9863 0.0071 0.1650
vn -0.2377 -0.7689 -0.5935
vn -0.2260 -0.8986 -0.3762
vn -0.0000 -0.9454 -0.3260
vn 0.0002 -0.8146 -0.5800
vn -0.9978 -0.0102 -0.0648
vn -0.8945 -0.3198 -0.3125
vn -0.9045 -0.2912 -0.3117
vn -0.9984 -0.0198 0.0529
vn -0.9176 0.0761 0.3901
vn -0.8629 0.0740 0.4999
vn -0.7437 0.0418 0.6672
vn -0.9294 -0.0409 -0.3667
vn -0.9248 0.0182 -0.3801
vn -0.9954 0.0191 0.0938
vn -0.2372 -0.1090 -0.9653
vn -0.2486 -0.2608 -0.9328
vn -0.0034 -0.2726 -0.9621
vn -0.0009 -0.1153 -0.9933
vn -0.9615 -0.0318 -0.2731
vn -0.8653 -0.3588 -0.3500
vn -0.9260 -0.1240 -0.3565
vn -1.0000 0.0002 -0.0003
vn -1.0000 0.0002 -0.0004
vn -0.0011 -0.9425 -0.3343
vn 0.0002 -0.8119 -0.5838
vn 0.0010 -0.6116 -0.7912
vn 0.5337 -0.8171 -0.2179
vn 0.3674 -0.8056 -0.4648
vn -0.6206 -0.6785 -0.3931
vn -0.6457 -0.5879 -0.4872
vn -0.2243 -0.6020 -0.7663
vn -0.6378 -0.4887 -0.5953
vn -0.6748 -0.2103 -0.7074
vn -0.6758 -0.0814 -0.7326
vn -0.6432 -0.7052 -0.2983
vn -0.0008 -1.0000 -0.0002
vn -0.6033 -0.0000 0.7975
vn 0.3406 -0.0014 0.9402
vn -0.6238 0.0060 0.7816
vn -0.8203 0.0081 0.5718
vn -0.8281 0.0030 0.5606
vn 0.8179 -0.0008 0.5753
vn 0.8242 -0.0006 0.5663
vn 0.6680 -0.0000 0.7442
vn 0.4632 -0.0000 0.8863
vn 0.4630 -0.0000 0.8864
vn 0.5704 -0.0000 0.8213
vn 0.5705 -0.0000 0.8213
vn 0.3486 -0.0000 0.9373
vn 0.5713 0.0047 0.8207
vn 0.9102 0.4142 -0.0000
vn -0.0169 0.0041 -0.9998
vn -0.0306 0.0025 -0.9995
vn -0.6018 -0.7987 -0.0000
vn -0.5706 -0.8212 -0.0000
vn -0.0828 -0.0004 0.9966
vn -0.0839 -0.0006 0.9965
vn -0.2634 -0.9647 -0.0000
vn -0.1635 -0.9866 -0.0000
vn -0.5408 -0.8412 -0.0000
vn 0.0405 -0.0019 -0.9992
vn 0.0480 -0.0015 -0.9988
vn 0.6461 -0.7632 -0.0000
vn -0.9307 0.3658 -0.0000
vn 0.4609 0.8825 -0.0938
vn -0.0296 0.0068 0.9995
vn 0.2242 -0.0067 0.9745
vn 1.0000 0.0015 0.0035
vn 0.9275 -0.3036 0.2179
vn -0.9716 -0.2188 0.0906
vn 0.9921 -0.0657 0.1066
vn 0.1603 -0.9869 0.0196
vn 0.3008 -0.9537 -0.0000
vn 0.8856 -0.4644 -0.0000
vn -0.2404 0.0047 -0.9707
vn -0.2570 -0.0247 -0.9661
vn -0.1673 -0.8362 -0.5223
vn 0.0002 -0.8540 -0.5202
vn 0.0001 -0.9813 -0.1925
vn -0.1914 -0.9618 -0.1959
vn -0.2503 -0.1056 -0.9624
vn -0.6267 -0.2825 -0.7262
vn -0.6720 -0.0586 -0.7382
vn -0.9150 -0.0718 -0.3969
vn -0.8640 -0.3494 -0.3626
vn -0.9513 -0.2500 0.1801
vn -0.9944 -0.0753 0.0743
vn -0.6690 0.0132 -0.7432
vn 0.9915 -0.0016 0.1304
vn 0.9148 -0.0912 -0.3935
vn 0.9340 -0.0016 -0.3572
vn -0.6935 -0.5891 -0.4148
vn -0.7815 -0.6221 -0.0478
vn -0.1887 -0.1638 -0.9683
vn -0.4944 -0.4321 -0.7542
vn -0.5065 -0.7009 -0.5022
vn -0.5824 -0.7957 -0.1665
vn -0.3517 -0.7777 -0.5210
vn -0.4003 -0.8967 -0.1890
vn 0.0509 -0.2664 -0.9625
vn 0.1165 -0.6338 -0.7647
vn -0.0002 -0.6460 -0.7633
vn -0.0008 -0.2698 -0.9629
vn -0.1394 -0.1970 -0.9704
vn -0.3629 -0.5077 -0.7814
vn -0.1068 -0.2370 -0.9656
vn -0.2616 -0.5777 -0.7732
vn -0.0571 -0.2678 -0.9618
vn -0.1284 -0.6327 -0.7637
vn 0.1522 -0.8390 -0.5225
vn 0.1750 -0.9645 -0.1976
vn -0.0196 -0.5139 0.8576
vn -0.1974 -0.4996 0.8435
vn -0.2102 -0.8504 0.4822
vn -0.0184 -0.8721 0.4890
vn -0.2046 -0.9708 0.1255
vn 0.0029 -0.9924 0.1231
vn -0.3792 -0.4778 0.7924
vn -0.3887 -0.8075 0.4437
vn -0.5374 -0.4435 0.7172
vn -0.5501 -0.7414 0.3843
vn -0.6770 -0.3926 0.6225
vn -0.6896 -0.6490 0.3213
vn -0.7994 -0.3431 0.4931
vn -0.7940 -0.5517 0.2554
vn -0.8244 -0.0404 0.5646
vn -0.6688 -0.0909 0.7379
vn -0.6551 -0.7505 0.0873
vn -0.5267 -0.8443 0.0992
vn -0.3709 -0.9213 0.1165
vn -0.9255 0.1288 -0.3562
vn -0.0017 -0.6155 -0.7881
vn 0.8226 -0.2926 -0.4876
vn 0.9351 -0.2438 -0.2573
vn 0.9424 -0.1128 -0.3148
vn -0.9588 0.1069 0.2632
vn 0.3378 -0.7835 -0.5216
vn 0.6275 -0.2267 -0.7448
vn 0.2698 -0.1291 -0.9542
vn 0.7834 -0.6157 -0.0847
vn 0.6848 -0.5377 -0.4920
vn 0.8545 -0.2816 -0.4365
vn 0.5083 -0.4103 -0.7571
vn 0.2031 -0.1784 -0.9628
vn 0.5112 -0.6895 -0.5130
vn 0.3714 -0.5059 -0.7785
vn 0.1450 -0.2011 -0.9688
vn 0.2506 -0.5822 -0.7735
vn 0.1027 -0.2417 -0.9649
vn 0.1785 -0.9789 0.0999
vn 0.1789 -0.8664 0.4663
vn 0.3344 -0.4842 0.8085
vn 0.1693 -0.5075 0.8449
vn 0.3528 -0.8318 0.4284
vn 0.6401 -0.4169 0.6454
vn 0.4950 -0.4624 0.7356
vn 0.5135 -0.7728 0.3729
vn 0.6661 -0.6734 0.3207
vn 0.7538 -0.3490 0.5567
vn 0.7868 -0.5445 0.2906
vn 0.3181 -0.9429 0.0986
vn 0.7138 -0.0757 0.6963
vn 0.9417 0.0004 -0.3365
vn 0.5382 0.0153 0.8427
vn 0.4212 0.0152 0.9068
vn 0.4574 0.0140 0.8891
vn 0.6694 -0.0002 0.7429
vn 0.9591 -0.1633 0.2312
vn 0.9247 -0.3756 -0.0620
vn 0.9914 0.0510 -0.1207
vn 0.9940 0.0715 -0.0831
vn 0.9154 -0.0253 0.4018
vn 0.4993 0.7055 -0.5030
vn 0.4265 0.8292 -0.3612
vn 0.3495 0.0001 0.9369
vn -0.0590 -0.1205 0.9910
vn -0.2614 -0.9587 0.1119
vn -0.1120 -0.9875 0.1111
vn -0.0980 -0.9952 -0.0000
vn -0.5583 -0.1152 0.8216
vn -0.4343 -0.1252 0.8920
vn -0.3014 -0.1322 0.9443
vn -0.1537 -0.1426 0.9778
vn -0.0107 -0.1465 0.9892
vn 0.1244 -0.1428 0.9819
vn 0.2711 -0.1364 0.9528
vn 0.5189 -0.1143 0.8471
vn 0.6321 -0.0966 0.7688
vn -0.3017 -0.9534 -0.0003
vn -1.0000 0.0002 -0.0006
vn 0.3977 -0.1291 0.9084
vn -0.0000 0.8090 0.5878
vn -0.0000 0.5878 0.8090
vn -0.0000 -0.3090 0.9511
vn -0.0000 -0.8090 0.5878
vn -0.0000 -0.9511 0.3090
vn -0.0000 0.9511 0.3090
vn -0.0000 -0.5878 0.8090
vn -0.0000 0.3090 0.9511
vn -0.1398 0.0135 0.9901
vn 0.1612 -0.0012 0.9869
vn 0.1616 -0.0013 0.9868
vn 0.1587 -0.0005 0.9873
vn -0.7834 0.5106 0.3544
vn -0.9180 0.1703 0.3581
vn 0.9455 0.0845 0.3144
vn 0.9954 -0.0094 -0.0952
vn 0.4747 0.8681 -0.1451
vn 0.3654 0.6813 -0.6342
vn 0.3320 0.7285 -0.5993
vn 0.9776 -0.1562 0.1408
vn 0.9505 -0.1384 0.2783
vn 0.7209 -0.6675 -0.1865
vn 0.5652 0.4828 -0.6689
vn 0.3217 0.9469 -0.0000
vn -0.7458 -0.6661 -0.0000
vn 0.9444 0.2092 0.2535
vn -0.6821 -0.7205 -0.1248
vn -0.3019 -0.9533 0.0001
vn 0.8900 0.4559 0.0049
vn 0.0037 -1.0000 0.0002
vn 0.1746 0.0377 0.9839
vn 0.1907 0.0424 0.9807
vn 0.1524 0.0131 0.9882
vn -0.3827 -0.0000 0.9239
vn 0.0277 0.0537 0.9982
vn 0.0680 -0.1803 0.9813
vn -0.3384 -0.2566 0.9053
vn 0.1294 -0.3983 0.9081
vn -0.2711 -0.4957 0.8251
vn 0.2076 -0.5854 0.7837
vn -0.1853 -0.7011 0.6886
vn 0.2973 -0.7291 0.6165
vn -0.0869 -0.8586 0.5052
vn 0.3924 -0.8194 0.4179
vn 0.0174 -0.9577 0.2874
vn 0.4865 -0.8502 0.2015
vn 0.1206 -0.9914 0.0500
vn 0.5730 -0.8194 -0.0180
vn 0.2155 -0.9577 -0.1909
vn 0.6462 -0.7291 -0.2257
vn 0.2958 -0.8586 -0.4187
vn 0.7009 -0.5854 -0.4074
vn 0.3559 -0.7011 -0.6180
vn 0.7336 -0.3983 -0.5507
vn 0.3917 -0.4957 -0.7751
vn 0.7419 -0.1803 -0.6458
vn 0.4009 -0.2566 -0.8795
vn 0.7254 0.0537 -0.6863
vn 0.3827 -0.0000 -0.9239
vn 0.6850 0.2876 -0.6693
vn 0.3384 0.2566 -0.9053
vn 0.6237 0.5056 -0.5962
vn 0.2711 0.4957 -0.8251
vn 0.5455 0.6927 -0.4718
vn 0.1853 0.7011 -0.6886
vn 0.4558 0.8364 -0.3046
vn 0.0869 0.8586 -0.5052
vn 0.3606 0.9267 -0.1060
vn -0.0174 0.9577 -0.2874
vn 0.2666 0.9575 0.1104
vn -0.1206 0.9914 -0.0500
vn 0.1800 0.9267 0.3300
vn -0.2155 0.9577 0.1909
vn 0.1069 0.8364 0.5376
vn -0.2958 0.8586 0.4187
vn 0.0521 0.6927 0.7193
vn -0.3559 0.7011 0.6180
vn 0.0194 0.5056 0.8626
vn -0.3917 0.4957 0.7751
vn -0.4009 0.2566 0.8795
vn 0.0111 0.2876 0.9577
vn 0.6297 0.6531 0.4205
vn 0.6838 0.6724 0.2833
vn 0.6436 0.7174 0.2666
vn 0.5847 0.6965 0.4160
vn 0.9212 -0.3822 0.0731
vn 0.8754 -0.4387 0.2029
vn 0.8521 -0.4917 0.1792
vn 0.9019 -0.4303 0.0379
vn 0.7426 0.6531 0.1479
vn 0.8021 0.5967 0.0237
vn 0.7723 0.6350 -0.0158
vn 0.7076 0.6965 0.1193
vn 0.8213 -0.4579 0.3402
vn 0.7625 -0.4387 0.4755
vn 0.7292 -0.4917 0.4758
vn 0.7932 -0.5127 0.3286
vn 0.7030 -0.3822 0.5997
vn 0.6469 -0.2924 0.7043
vn 0.6035 -0.3325 0.7248
vn 0.6645 -0.4303 0.6110
vn 0.8582 0.5069 -0.0808
vn 0.9071 0.3898 -0.1586
vn 0.8866 0.4099 -0.2143
vn 0.8334 0.5373 -0.1296
vn 0.5344 0.1072 0.8384
vn 0.5241 0.2535 0.8131
vn 0.4698 0.2616 0.8432
vn 0.4810 0.1024 0.8707
vn 0.5980 -0.1753 0.7821
vn 0.5597 -0.0390 0.8278
vn 0.5085 -0.0568 0.8592
vn 0.5502 -0.2051 0.8094
vn 0.9455 0.2535 -0.2043
vn 0.9707 0.1072 -0.2149
vn 0.9558 0.1024 -0.2755
vn 0.9284 0.2616 -0.2640
vn 0.5293 0.3898 0.7536
vn 0.5497 0.5069 0.6640
vn 0.4977 0.5373 0.6809
vn 0.4754 0.4099 0.7784
vn 0.9811 -0.0390 -0.1896
vn 0.9759 -0.1753 -0.1301
vn 0.9614 -0.2051 -0.1833
vn 0.9671 -0.0568 -0.2480
vn 0.5840 0.5967 0.5504
vn 0.5349 0.6350 0.5573
vn 0.9554 -0.2924 -0.0405
vn 0.9392 -0.3325 -0.0858
vn -0.4133 -0.8475 0.3331
vn -0.5050 -0.7007 0.5041
vn -0.9021 -0.4304 -0.0313
vn -0.8581 -0.5009 -0.1133
vn -0.1596 0.6059 -0.7793
vn -0.0796 0.4146 -0.9065
vn -0.6979 0.1050 -0.7084
vn -0.7363 0.1969 -0.6474
vn 0.0169 -0.1918 0.9813
vn 0.6678 0.0019 0.7443
vn 0.6480 0.1167 0.7526
vn -0.0243 0.0474 0.9986
vn -0.6889 -0.0474 0.7233
vn -0.7058 0.1918 0.6819
vn -0.9985 -0.0019 0.0541
vn -0.9904 -0.1167 0.0740
vn -0.0169 0.1918 -0.9813
vn 0.0243 -0.0474 -0.9986
vn -0.6480 -0.1167 -0.7526
vn -0.6678 -0.0019 -0.7443
vn -0.6973 0.4146 0.5847
vn -0.6639 0.6059 0.4382
vn -0.9784 0.1969 -0.0629
vn -0.9944 0.1050 0.0075
vn 0.0413 -0.2865 -0.9572
vn 0.0327 -0.5093 -0.8600
vn -0.6440 -0.3385 -0.6861
vn -0.6399 -0.2315 -0.7328
vn -0.6079 0.7528 0.2525
vn -0.5331 0.8451 0.0402
vn -0.9156 0.3117 -0.2539
vn -0.9515 0.2674 -0.1520
vn -0.0007 -0.7007 -0.7135
vn -0.0567 -0.8475 -0.5278
vn -0.6869 -0.5009 -0.5266
vn -0.6600 -0.4304 -0.6158
vn -0.4447 0.8766 -0.1842
vn -0.3485 0.8451 -0.4054
vn -0.8270 0.3117 -0.4679
vn -0.8731 0.3268 -0.3617
vn -0.1314 -0.9398 -0.3155
vn -0.2199 -0.9713 -0.0911
vn -0.7652 -0.5603 -0.3170
vn -0.7228 -0.5452 -0.4247
vn -0.3160 -0.9398 0.1301
vn -0.8114 -0.5452 -0.2108
vn -0.2513 0.7528 -0.6084
vn -0.7803 0.2674 -0.5653
vn -0.5849 -0.5093 0.6312
vn -0.6477 -0.2865 0.7060
vn -0.9706 -0.2315 0.0657
vn -0.9405 -0.3385 0.0298
vn -0.0487 0.8632 0.5026
vn -0.1068 0.7110 0.6951
vn 0.5807 -0.6434 -0.4988
vn 0.6153 -0.4451 -0.6506
vn 0.1205 0.9915 0.0499
vn 0.0288 0.9588 0.2825
vn 0.4451 -0.8913 -0.0862
vn 0.5227 -0.7956 -0.3063
vn 0.3209 0.8632 -0.3898
vn 0.2201 0.9588 -0.1794
vn 0.2538 -0.8913 0.3757
vn 0.3534 -0.9239 0.1464
vn 0.0579 -0.6434 0.7633
vn 0.1530 -0.7956 0.5862
vn 0.4989 0.5126 -0.6988
vn 0.4160 0.7110 -0.5670
vn -0.1502 0.2816 0.9477
vn -0.1327 0.0338 0.9906
vn -0.0900 -0.2141 0.9727
vn -0.0249 -0.4451 0.8951
vn 0.6066 0.0338 -0.7943
vn 0.5639 0.2816 -0.7764
vn -0.1414 0.5126 0.8469
vn 0.6242 -0.2141 -0.7514
vn -0.9161 -0.1132 -0.3845
vn -0.9143 -0.1150 -0.3885
vn -0.9119 -0.0967 -0.3990
vn -0.9160 -0.0928 -0.3904
vn -0.9137 -0.1484 -0.3784
vn -0.9155 -0.1478 -0.3742
vn -0.9146 -0.1681 -0.3678
vn -0.9105 -0.1694 -0.3772
vn -0.9174 -0.1460 -0.3702
vn -0.9192 -0.1431 -0.3669
vn -0.9226 -0.1580 -0.3520
vn -0.9187 -0.1642 -0.3593
vn -0.9125 -0.1179 -0.3918
vn -0.9109 -0.1216 -0.3942
vn -0.9046 -0.1109 -0.4116
vn -0.9080 -0.1029 -0.4062
vn -0.9227 -0.1305 -0.3627
vn -0.9231 -0.1259 -0.3635
vn -0.9310 -0.1203 -0.3445
vn -0.9303 -0.1304 -0.3428
vn -0.9207 -0.1394 -0.3645
vn -0.9219 -0.1351 -0.3630
vn -0.9286 -0.1405 -0.3435
vn -0.9259 -0.1499 -0.3467
vn -0.9097 -0.1259 -0.3957
vn -0.9089 -0.1305 -0.3960
vn -0.9002 -0.1304 -0.4154
vn -0.9020 -0.1203 -0.4147
vn -0.9229 -0.1216 -0.3654
vn -0.9222 -0.1179 -0.3682
vn -0.9293 -0.1029 -0.3548
vn -0.9307 -0.1109 -0.3486
vn -0.9086 -0.1351 -0.3952
vn -0.9088 -0.1394 -0.3933
vn -0.8999 -0.1499 -0.4096
vn -0.8995 -0.1405 -0.4137
vn -0.9212 -0.1150 -0.3718
vn -0.9197 -0.1132 -0.3759
vn -0.9237 -0.0928 -0.3716
vn -0.9269 -0.0967 -0.3627
vn -0.9094 -0.1431 -0.3905
vn -0.9105 -0.1460 -0.3869
vn -0.9036 -0.1642 -0.3956
vn -0.9013 -0.1580 -0.4034
vn -0.9180 -0.1126 -0.3802
vn -0.9200 -0.0914 -0.3811
vn -0.9119 -0.1478 -0.3828
vn -0.9068 -0.1681 -0.3866
vn -0.6850 -0.2876 0.6693
vn -0.7254 -0.0537 0.6863
vn -0.6237 -0.5056 0.5962
vn -0.5455 -0.6927 0.4718
vn -0.4557 -0.8364 0.3046
vn -0.3606 -0.9267 0.1060
vn -0.2666 -0.9575 -0.1104
vn -0.1800 -0.9267 -0.3300
vn -0.1069 -0.8364 -0.5376
vn -0.0521 -0.6927 -0.7193
vn -0.0194 -0.5056 -0.8626
vn -0.0111 -0.2876 -0.9577
vn -0.0277 -0.0537 -0.9982
vn -0.0680 0.1803 -0.9813
vn -0.1294 0.3982 -0.9081
vn -0.2076 0.5854 -0.7837
vn -0.2973 0.7291 -0.6165
vn -0.3924 0.8194 -0.4179
vn -0.4865 0.8502 -0.2015
vn -0.5730 0.8194 0.0180
vn -0.6462 0.7291 0.2257
vn -0.7009 0.5854 0.4074
vn -0.7336 0.3982 0.5506
vn -0.7419 0.1803 0.6458
vn -0.8754 0.4387 -0.2029
vn -0.8521 0.4917 -0.1792
vn -0.7932 0.5127 -0.3286
vn -0.8213 0.4579 -0.3402
vn -0.5840 -0.5967 -0.5504
vn -0.5349 -0.6350 -0.5573
vn -0.5847 -0.6965 -0.4160
vn -0.6297 -0.6531 -0.4205
vn -0.7625 0.4387 -0.4755
vn -0.7292 0.4917 -0.4758
vn -0.6645 0.4303 -0.6110
vn -0.7030 0.3822 -0.5997
vn -0.6838 -0.6724 -0.2833
vn -0.6436 -0.7174 -0.2666
vn -0.7076 -0.6965 -0.1193
vn -0.7426 -0.6531 -0.1479
vn -0.8021 -0.5967 -0.0237
vn -0.7723 -0.6350 0.0158
vn -0.8334 -0.5373 0.1296
vn -0.8582 -0.5069 0.0808
vn -0.6469 0.2924 -0.7043
vn -0.6035 0.3325 -0.7248
vn -0.5502 0.2051 -0.8094
vn -0.5980 0.1753 -0.7821
vn -0.9707 -0.1072 0.2149
vn -0.9558 -0.1024 0.2755
vn -0.9671 0.0568 0.2480
vn -0.9811 0.0390 0.1896
vn -0.9071 -0.3898 0.1586
vn -0.8866 -0.4099 0.2143
vn -0.9284 -0.2616 0.2640
vn -0.9455 -0.2535 0.2043
vn -0.5597 0.0390 -0.8278
vn -0.5085 0.0568 -0.8592
vn -0.4810 -0.1024 -0.8707
vn -0.5344 -0.1072 -0.8384
vn -0.9759 0.1753 0.1301
vn -0.9614 0.2051 0.1833
vn -0.9392 0.3325 0.0858
vn -0.9554 0.2924 0.0405
vn -0.5241 -0.2535 -0.8131
vn -0.4698 -0.2616 -0.8432
vn -0.4754 -0.4099 -0.7784
vn -0.5293 -0.3898 -0.7536
vn -0.9212 0.3822 -0.0731
vn -0.9019 0.4303 -0.0379
vn -0.5497 -0.5069 -0.6640
vn -0.4977 -0.5373 -0.6809
vn 0.2513 -0.7528 0.6084
vn 0.7803 -0.2674 0.5653
vn 0.7363 -0.1969 0.6474
vn 0.1596 -0.6059 0.7793
vn 0.5050 0.7007 -0.5041
vn 0.9021 0.4304 0.0313
vn 0.9405 0.3385 -0.0298
vn 0.5849 0.5093 -0.6312
vn -0.9887 0.1345 0.0662
vn -0.9706 0.2315 0.0657
vn -0.9219 0.1351 -0.3630
vn -0.9228 0.1314 -0.3621
vn 0.6399 0.2315 0.7328
vn -0.0413 0.2865 0.9572
vn 0.6477 0.2865 -0.7060
vn 0.9706 0.2315 -0.0657
vn 0.9904 0.1167 -0.0740
vn 0.6889 0.0474 -0.7233
vn -0.0327 0.5093 0.8600
vn 0.6440 0.3385 0.6861
vn 0.6600 0.4304 0.6158
vn 0.0007 0.7007 0.7135
vn 0.7058 -0.1918 -0.6819
vn 0.9985 0.0019 -0.0541
vn 0.9944 -0.1050 -0.0075
vn 0.6973 -0.4146 -0.5847
vn 0.0567 0.8475 0.5278
vn 0.6869 0.5009 0.5266
vn 0.7228 0.5452 0.4247
vn 0.1314 0.9398 0.3155
vn 0.6639 -0.6059 -0.4382
vn 0.9784 -0.1969 0.0629
vn 0.9515 -0.2674 0.1520
vn 0.6079 -0.7528 -0.2525
vn 0.2199 0.9713 0.0911
vn 0.7652 0.5603 0.3170
vn 0.8114 0.5452 0.2108
vn 0.3160 0.9398 -0.1301
vn 0.5331 -0.8451 -0.0402
vn 0.9156 -0.3117 0.2539
vn 0.8731 -0.3268 0.3617
vn 0.4447 -0.8766 0.1842
vn 0.3485 -0.8451 0.4054
vn 0.8270 -0.3117 0.4679
vn 0.4133 0.8475 -0.3331
vn 0.8581 0.5009 0.1133
vn -0.5639 -0.2816 0.7764
vn -0.6066 -0.0338 0.7943
vn 0.6979 -0.1050 0.7084
vn 0.0796 -0.4146 0.9065
vn -0.5807 0.6434 0.4988
vn -0.5227 0.7956 0.3063
vn 0.1414 -0.5126 -0.8469
vn 0.1068 -0.7110 -0.6951
vn -0.4452 0.8913 0.0862
vn -0.3534 0.9239 -0.1464
vn 0.0487 -0.8632 -0.5026
vn -0.0288 -0.9588 -0.2825
vn -0.2538 0.8913 -0.3757
vn -0.1530 0.7956 -0.5862
vn -0.1205 -0.9915 -0.0499
vn -0.2201 -0.9588 0.1794
vn -0.3209 -0.8632 0.3898
vn -0.4160 -0.7110 0.5670
vn -0.0579 0.6434 -0.7633
vn 0.0249 0.4451 -0.8951
vn -0.4989 -0.5126 0.6988
vn 0.0900 0.2141 -0.9727
vn 0.1327 -0.0338 -0.9906
vn -0.6153 0.4451 0.6506
vn 0.1503 -0.2816 -0.9477
vn -0.6242 0.2141 0.7514
vn 0.9155 0.1478 0.3742
vn 0.9146 0.1681 0.3678
vn 0.9187 0.1642 0.3593
vn 0.9174 0.1460 0.3702
vn 0.9180 0.1126 0.3802
vn 0.9200 0.0914 0.3811
vn 0.9160 0.0928 0.3904
vn 0.9161 0.1132 0.3845
vn 0.9143 0.1150 0.3885
vn 0.9119 0.0967 0.3990
vn 0.9080 0.1029 0.4062
vn 0.9125 0.1179 0.3918
vn 0.9192 0.1431 0.3669
vn 0.9226 0.1580 0.3520
vn 0.9259 0.1499 0.3467
vn 0.9207 0.1394 0.3645
vn 0.9089 0.1305 0.3960
vn 0.9002 0.1304 0.4154
vn 0.8995 0.1405 0.4137
vn 0.9086 0.1351 0.3952
vn 0.9109 0.1216 0.3942
vn 0.9046 0.1109 0.4116
vn 0.9020 0.1203 0.4147
vn 0.9097 0.1259 0.3957
vn 0.9219 0.1351 0.3630
vn 0.9286 0.1405 0.3435
vn 0.9303 0.1304 0.3428
vn 0.9227 0.1305 0.3627
vn 0.9088 0.1394 0.3933
vn 0.8999 0.1499 0.4096
vn 0.9013 0.1580 0.4034
vn 0.9094 0.1431 0.3905
vn 0.9231 0.1259 0.3635
vn 0.9310 0.1203 0.3445
vn 0.9307 0.1109 0.3486
vn 0.9229 0.1216 0.3654
vn 0.9105 0.1460 0.3869
vn 0.9036 0.1642 0.3956
vn 0.9068 0.1681 0.3866
vn 0.9119 0.1478 0.3828
vn 0.9222 0.1179 0.3682
vn 0.9293 0.1029 0.3548
vn 0.9269 0.0967 0.3627
vn 0.9212 0.1150 0.3718
vn 0.9137 0.1484 0.3784
vn 0.9105 0.1694 0.3772
vn 0.9197 0.1132 0.3759
vn 0.9237 0.0928 0.3716
vn -0.1206 0.9914 -0.0499
vn -0.3384 0.2566 0.9053
vn 0.0680 0.1803 0.9813
vn 0.0293 -0.0167 0.9994
vn -0.3774 0.0404 0.9251
vn 0.0521 -0.6927 0.7193
vn 0.0200 -0.5405 0.8411
vn 0.5250 -0.4137 0.7438
vn 0.5497 -0.5069 0.6640
vn -0.4009 -0.2566 0.8795
vn 0.0073 -0.4365 0.8997
vn -0.3977 -0.4198 0.8158
vn 0.1800 -0.9267 0.3300
vn 0.1195 -0.8656 0.4864
vn 0.5858 -0.6215 0.5202
vn 0.6297 -0.6531 0.4205
vn -0.3559 -0.7011 0.6180
vn 0.0868 -0.8059 0.5857
vn -0.3130 -0.8241 0.4722
vn 0.3606 -0.9267 -0.1060
vn 0.2859 -0.9568 0.0533
vn 0.6913 -0.6796 0.2455
vn 0.7426 -0.6531 0.1479
vn -0.2155 -0.9577 0.1909
vn 0.2398 -0.9568 0.1645
vn -0.1456 -0.9893 0.0111
vn 0.5455 -0.6927 -0.4718
vn 0.4755 -0.8059 -0.3527
vn 0.8116 -0.5841 -0.0121
vn 0.8582 -0.5069 -0.0808
vn -0.0174 -0.9577 -0.2874
vn 0.4284 -0.8656 -0.2594
vn 0.0609 -0.8894 -0.4530
vn 0.6850 -0.2876 -0.6693
vn 0.6377 -0.4531 -0.6229
vn 0.9145 -0.3605 -0.1836
vn 0.9455 -0.2535 -0.2043
vn 0.1853 -0.7011 -0.6886
vn 0.6021 -0.5564 -0.5725
vn 0.2511 -0.5511 -0.7958
vn 0.7419 0.1803 -0.6458
vn 0.7288 0.0066 -0.6847
vn 0.9724 -0.0690 -0.2230
vn 0.9811 0.0390 -0.1896
vn 0.3384 -0.2566 -0.9053
vn 0.7143 -0.1128 -0.6907
vn 0.3739 -0.0653 -0.9252
vn 0.7009 0.5854 -0.4074
vn 0.7210 0.4661 -0.5128
vn 0.9674 0.2250 -0.1166
vn 0.9554 0.2924 -0.0405
vn 0.4009 0.2566 -0.8795
vn 0.7346 0.3632 -0.5732
vn 0.3953 0.4558 -0.7975
vn 0.5730 0.8194 -0.0180
vn 0.6243 0.7611 -0.1760
vn 0.9062 0.4112 0.0991
vn 0.8754 0.4387 0.2029
vn 0.3559 0.7011 -0.6180
vn 0.6572 0.7019 -0.2747
vn 0.3121 0.8261 -0.4692
vn 0.3948 0.8204 0.4136
vn 0.4582 0.8517 0.2545
vn 0.8002 0.4698 0.3727
vn 0.7642 0.4386 0.4729
vn 0.2155 0.9577 -0.1909
vn 0.5032 0.8512 0.1488
vn 0.1435 0.9896 -0.0059
vn 0.2076 0.5854 0.7837
vn 0.2605 0.6897 0.6756
vn 0.6736 0.3675 0.6413
vn 0.6469 0.2924 0.7043
vn 0.0197 0.9591 0.2825
vn 0.3103 0.7499 0.5843
vn -0.0694 0.8798 0.4702
vn 0.1000 0.3295 0.9388
vn 0.5711 0.1377 0.8092
vn 0.5597 0.0390 0.8278
vn 0.5313 -0.0844 0.8430
vn -0.1853 0.7011 0.6886
vn 0.1382 0.4328 0.8909
vn -0.2580 0.5327 0.8061
vn 0.8295 0.4672 0.3060
vn 0.8521 0.4917 0.1792
vn 0.8107 0.5052 0.2960
vn 0.8334 -0.5373 -0.1296
vn 0.7927 -0.6083 -0.0405
vn 0.3475 -0.8302 -0.4359
vn 0.4160 -0.7110 -0.5670
vn 0.9272 0.3728 0.0371
vn 0.9392 0.3325 -0.0858
vn 0.9144 0.4046 0.0113
vn 0.7076 -0.6965 0.1193
vn 0.6654 -0.7095 0.2320
vn 0.1471 -0.9891 -0.0066
vn 0.2201 -0.9588 -0.1794
vn 0.5847 -0.6965 0.4160
vn 0.5538 -0.6483 0.5226
vn -0.0286 -0.8921 0.4509
vn 0.0288 -0.9588 0.2825
vn 0.9762 0.1570 -0.1494
vn 0.9671 0.0568 -0.2480
vn 0.9651 0.1790 -0.1914
vn 0.4821 -0.3587 0.7993
vn 0.4698 -0.2616 0.8432
vn -0.1502 -0.2816 0.9477
vn -0.1440 -0.4377 0.8875
vn 0.4977 -0.5373 0.6809
vn 0.4830 -0.4305 0.7625
vn -0.1360 -0.5468 0.8261
vn -0.1068 -0.7110 0.6951
vn 0.9633 -0.1438 -0.2268
vn 0.9284 -0.2616 -0.2640
vn 0.9529 -0.1431 -0.2673
vn 0.5085 0.0568 0.8592
vn 0.5441 0.1511 0.8253
vn -0.0463 0.3679 0.9287
vn -0.0900 0.2141 0.9727
vn 0.4884 -0.0793 0.8690
vn -0.1268 0.0018 0.9919
vn 0.8922 -0.4252 -0.1520
vn 0.8777 -0.4409 -0.1879
vn 0.6035 0.3325 0.7248
vn 0.6511 0.3922 0.6499
vn 0.1228 0.7487 0.6514
vn 0.0579 0.6434 0.7633
vn 0.7821 -0.6215 0.0464
vn 0.7611 -0.6483 0.0221
vn 0.7301 0.4931 0.4730
vn 0.7820 0.5032 0.3677
vn 0.3309 0.9209 0.2059
vn 0.2555 0.8926 0.3715
vn 0.6624 -0.6796 0.3152
vn 0.6346 -0.7095 0.3065
vn 0.5654 -0.5841 0.5824
vn 0.5319 -0.6083 0.5891
vn 0.8929 0.4434 0.0782
vn 0.5058 0.8258 -0.2494
vn 0.4451 0.8913 -0.0862
vn 0.5122 -0.3505 0.7841
vn 0.9589 0.2443 -0.1444
vn 0.6092 0.5148 -0.6033
vn 0.5807 0.6434 -0.4988
vn 0.5996 0.1995 0.7750
vn 0.5622 0.2241 0.7960
vn 0.9627 -0.0631 -0.2632
vn 0.6155 0.0278 -0.7876
vn 0.6242 0.2141 -0.7514
vn 0.7081 0.4001 0.5818
vn 0.6784 0.4384 0.5896
vn 0.9016 -0.3715 -0.2217
vn 0.5192 -0.4578 -0.7217
vn 0.5639 -0.2816 -0.7764
vn -0.8886 -0.3119 -0.3365
vn -0.9156 -0.3117 -0.2539
vn -0.9197 0.1132 -0.3759
vn -0.9185 0.1118 -0.3792
vn -0.6600 0.4304 -0.6158
vn -0.6624 0.3627 -0.6555
vn -0.9084 0.1413 -0.3934
vn -0.9094 0.1431 -0.3905
vn 0.6559 -0.2974 0.6938
vn 0.9082 -0.1387 0.3950
vn 0.9086 -0.1351 0.3952
vn 0.6399 -0.2315 0.7328
vn -0.7058 -0.1918 0.6819
vn -0.7015 -0.0375 0.7117
vn -0.9957 0.0784 0.0500
vn -0.9985 0.0019 0.0541
vn -0.6399 0.2315 -0.7328
vn -0.6559 0.1465 -0.7405
vn -0.9085 0.1317 -0.3967
vn -0.9086 0.1351 -0.3952
vn -0.3897 -0.0648 0.9186
vn -0.6678 0.0019 -0.7443
vn -0.6991 -0.0720 -0.7114
vn -0.9104 0.1222 -0.3954
vn -0.9097 0.1259 -0.3957
vn -0.9363 0.3509 0.0134
vn -0.9021 0.4304 -0.0313
vn -0.9192 0.1431 -0.3669
vn -0.9206 0.1405 -0.3644
vn -0.7363 -0.1969 -0.6474
vn -0.7761 -0.2399 -0.5832
vn -0.9137 0.1149 -0.3898
vn -0.9125 0.1179 -0.3918
vn -0.8536 0.5034 -0.1341
vn -0.8100 0.5467 -0.2124
vn -0.9155 0.1477 -0.3742
vn -0.9171 0.1470 -0.3707
vn -0.8270 -0.3117 -0.4679
vn -0.8662 -0.3119 -0.3904
vn -0.9176 0.1118 -0.3814
vn -0.9161 0.1132 -0.3845
vn -0.9454 -0.2688 -0.1845
vn -0.9211 0.1137 -0.3724
vn -0.7618 0.5489 -0.3440
vn -0.7228 0.5452 -0.4247
vn -0.9119 0.1478 -0.3828
vn -0.9131 0.1492 -0.3795
vn -0.9612 -0.2399 -0.1363
vn -0.9784 -0.1969 -0.0629
vn -0.9222 0.1179 -0.3682
vn -0.9217 0.1149 -0.3705
vn -0.9931 -0.1167 -0.0108
vn -0.9230 0.1205 -0.3654
vn -0.6886 0.4773 -0.5459
vn -0.9099 0.1461 -0.3883
vn -0.9546 0.2967 0.0267
vn -0.9215 0.1387 -0.3629
vn -0.6497 0.3176 -0.6907
vn -0.9084 0.1389 -0.3943
vn -0.8793 0.4664 -0.0965
vn -0.9181 0.1462 -0.3685
vn -0.6629 0.0886 -0.7434
vn -0.9087 0.1293 -0.3968
vn -0.7846 0.5458 -0.2939
vn -0.9140 0.1495 -0.3772
vn -0.7163 -0.1221 -0.6870
vn -0.9111 0.1202 -0.3944
vn -0.7989 -0.2688 -0.5380
vn -0.9146 0.1137 -0.3879
vn -0.7052 0.5044 -0.4983
vn -0.9105 0.1475 -0.3862
vn -0.0118 0.4776 0.8785
vn 0.1700 0.8141 0.5553
vn 0.3768 0.9215 0.0939
vn 0.5398 0.7638 -0.3537
vn 0.6198 0.4090 -0.6698
vn 0.6005 -0.0960 -0.7939
vn 0.4823 -0.5650 -0.6695
vn 0.2986 -0.8921 -0.3391
vn 0.0993 -0.9891 0.1087
vn -0.0624 -0.8302 0.5539
vn -0.9234 0.1289 -0.3617
vn -0.9231 0.1259 -0.3635
vn 0.4860 -0.1595 0.8593
vn -0.9013 0.1580 -0.4034
vn -0.9029 0.1631 -0.3977
vn 0.0611 -0.8892 -0.4534
vn -0.1454 -0.9893 0.0106
vn -0.8995 0.1405 -0.4137
vn -0.8996 0.1481 -0.4108
vn -0.9307 0.1273 -0.3428
vn -0.9310 0.1203 -0.3445
vn -0.3129 -0.8244 0.4717
vn -0.9020 0.1203 -0.4147
vn -0.9005 0.1278 -0.4156
vn -0.7419 -0.1803 0.6458
vn -0.9811 -0.0390 0.1896
vn -0.9726 0.0531 0.2265
vn -0.7291 -0.0295 0.6838
vn -0.9080 0.1029 -0.4062
vn -0.9054 0.1086 -0.4104
vn -0.2512 0.5508 0.7959
vn -0.9160 0.0928 -0.3904
vn -0.9129 0.0953 -0.3969
vn -0.0611 0.8892 0.4534
vn 0.0174 0.9577 0.2874
vn -0.0953 -0.9893 -0.1103
vn -0.2774 -0.8892 0.3638
vn 0.2774 0.8892 -0.3638
vn -0.3852 -0.5508 0.7404
vn 0.3852 0.5508 -0.7404
vn -0.2899 0.4385 0.8507
vn -0.3740 0.0648 0.9252
vn 0.3898 0.0648 -0.9186
vn -0.1123 0.8244 0.5548
vn 0.2900 -0.4383 -0.8508
vn 0.0953 0.9893 0.1103
vn 0.1123 -0.8244 -0.5548
vn -0.3966 -0.4385 0.8065
vn -0.9305 0.1090 -0.3497
vn -0.9293 0.1029 -0.3548
vn 0.3966 0.4385 -0.8065
vn -0.9269 0.1473 -0.3453
vn -0.9286 0.1405 -0.3435
vn 0.3740 -0.0648 -0.9252
vn -0.9199 0.1628 -0.3568
vn -0.9226 0.1580 -0.3520
vn 0.2513 -0.5506 -0.7961
vn -0.9115 0.1697 -0.3747
vn -0.9145 0.1681 -0.3679
vn -0.9237 0.0928 -0.3716
vn -0.9210 0.0914 -0.3786
vn -0.9276 0.0980 -0.3604
vn -0.9043 0.1657 -0.3935
vn -0.9068 0.1681 -0.3866
vn -0.9234 0.1223 -0.3637
vn -0.9310 0.1135 -0.3470
vn -0.9001 0.1526 -0.4081
vn -0.9253 0.1518 -0.3475
vn -0.9301 0.1325 -0.3426
vn -0.8999 0.1331 -0.4153
vn -0.9178 0.1654 -0.3609
vn -0.9038 0.1133 -0.4127
vn -0.9096 0.1696 -0.3794
vn -0.9108 0.0980 -0.4011
vn 0.1454 0.9893 -0.0106
vn -0.9190 0.0914 -0.3836
vn -0.9262 0.0953 -0.3649
vn 0.3129 0.8244 -0.4717
vn 0.1125 -0.8240 -0.5552
vn -0.0951 -0.9893 -0.1108
vn -0.2773 -0.8894 0.3634
vn -0.3874 -0.5340 0.7515
vn -0.2960 0.4184 0.8587
vn -0.3920 -0.0897 0.9156
vn -0.1206 0.8123 0.5706
vn 0.0954 0.9893 0.1102
vn 0.2764 0.8907 -0.3609
vn 0.3828 0.5674 -0.7291
vn -0.1385 -0.1229 0.9827
vn 0.3898 0.0654 -0.9186
vn 0.2901 -0.4378 -0.8510
vn -0.0445 0.8169 -0.5751
vn -0.0007 0.7007 -0.7135
vn -0.3485 -0.8451 -0.4054
vn -0.4247 -0.8726 -0.2412
vn -0.5331 -0.8451 0.0402
vn -0.5941 -0.7792 0.1998
vn 0.0333 0.4746 -0.8796
vn 0.0413 0.2865 -0.9572
vn -0.9981 -0.0617 0.0087
vn -0.6639 -0.6059 0.4382
vn -0.6954 -0.4470 0.5627
vn 0.0122 -0.0119 -0.9999
vn -0.0169 -0.1918 -0.9813
vn -0.6477 0.2865 0.7060
vn -0.6125 0.4354 0.6598
vn -0.1018 -0.4639 -0.8800
vn -0.1596 -0.6059 -0.7793
vn -0.5050 0.7007 0.5041
vn -0.4494 0.8024 0.3926
vn -0.2788 -0.7792 -0.5614
vn -0.3140 0.9410 0.1262
vn -0.2470 0.9683 -0.0359
vn -0.4709 -0.8726 -0.1298
vn -0.6268 -0.7194 0.2993
vn -0.1314 0.9398 -0.3155
vn -0.0780 0.8767 -0.4747
vn -0.7066 -0.3409 0.6201
vn 0.0193 0.5770 -0.8165
vn -0.5754 0.5411 0.6133
vn -0.6860 0.0823 0.7230
vn 0.0267 0.1077 -0.9938
vn -0.4001 0.8654 0.3016
vn -0.0662 -0.3604 -0.9304
vn -0.2015 0.9689 -0.1435
vn -0.2315 -0.7194 -0.6549
vn -0.7185 0.0899 0.6897
vn -0.6850 0.2876 0.6693
vn -0.7009 -0.5854 0.4074
vn -0.9554 -0.2924 0.0405
vn -0.9719 -0.2004 0.1238
vn -0.7274 -0.4340 0.5315
vn -0.6586 -0.6997 0.2769
vn -0.9278 -0.3713 -0.0361
vn -0.5730 -0.8194 0.0180
vn -0.8754 -0.4387 -0.2029
vn -0.9074 -0.4087 -0.0983
vn -0.6260 -0.7593 0.1776
vn -0.5057 -0.8506 -0.1443
vn -0.8307 -0.4668 -0.3033
vn -0.3924 -0.8194 -0.4179
vn -0.7625 -0.4387 -0.4755
vn -0.8019 -0.4668 -0.3730
vn -0.4596 -0.8506 -0.2555
vn -0.3171 -0.7593 -0.5682
vn -0.7111 -0.4087 -0.5721
vn -0.2076 -0.5854 -0.7837
vn -0.6469 -0.2924 -0.7043
vn -0.6816 -0.3713 -0.6305
vn -0.2700 -0.6997 -0.6615
vn -0.1434 -0.4502 -0.8813
vn -0.6010 -0.2124 -0.7705
vn -0.0680 -0.1803 -0.9813
vn -0.5597 -0.0390 -0.8278
vn -0.5786 -0.1477 -0.8021
vn -0.1077 -0.3468 -0.9317
vn -0.0312 -0.0065 -0.9995
vn -0.5299 0.0690 -0.8453
vn -0.0111 0.2876 -0.9577
vn -0.5241 0.2535 -0.8131
vn -0.5208 0.1438 -0.8415
vn -0.0167 0.1128 -0.9935
vn -0.0128 0.4697 -0.8827
vn -0.5205 0.3703 -0.7694
vn -0.0521 0.6927 -0.7193
vn -0.5497 0.5069 -0.6640
vn -0.5211 0.4371 -0.7331
vn -0.0210 0.5718 -0.8201
vn -0.0869 0.8079 -0.5829
vn -0.5653 0.5855 -0.5811
vn -0.1800 0.9267 -0.3300
vn -0.6297 0.6531 -0.4205
vn -0.5850 0.6237 -0.5185
vn -0.1189 0.8671 -0.4838
vn -0.2411 0.9573 -0.1595
vn -0.6634 0.6800 -0.3124
vn -0.3590 0.9278 0.1014
vn -0.7420 0.6532 -0.1510
vn -0.6893 0.6820 -0.2443
vn -0.2839 0.9574 -0.0529
vn -0.4372 0.8564 0.2747
vn -0.7889 0.6134 -0.0382
vn -0.5455 0.6927 0.4718
vn -0.8582 0.5069 0.0808
vn -0.8146 0.5796 0.0249
vn -0.4813 0.7954 0.3683
vn -0.6094 0.5393 0.5812
vn -0.8975 0.4128 0.1549
vn -0.9455 0.2535 0.2043
vn -0.9168 0.3497 0.1929
vn -0.6416 0.4352 0.6316
vn -0.9663 0.1290 0.2227
vn -0.9671 -0.0568 0.2480
vn -0.6242 -0.2141 0.7514
vn -0.6185 -0.0545 0.7839
vn -0.9649 0.0473 0.2583
vn -0.7649 0.6441 -0.0082
vn -0.3066 0.8820 0.3579
vn -0.2180 0.9601 0.1754
vn -0.7059 0.6977 -0.1218
vn -0.6035 -0.3325 -0.7248
vn -0.0579 -0.6434 -0.7633
vn -0.1314 -0.7620 -0.6341
vn -0.6548 -0.4019 -0.6400
vn -0.6346 0.7111 -0.3026
vn -0.1004 0.9895 -0.1038
vn -0.0288 0.9588 -0.2825
vn -0.5847 0.6965 -0.4160
vn -0.7292 -0.4917 -0.4758
vn -0.2538 -0.8913 -0.3757
vn -0.3317 -0.9209 -0.2049
vn -0.7821 -0.5032 -0.3676
vn -0.8521 -0.4917 -0.1792
vn -0.4452 -0.8913 0.0862
vn -0.5074 -0.8239 0.2526
vn -0.8937 -0.4420 -0.0770
vn -0.5311 0.6106 -0.5875
vn 0.0625 0.8319 -0.5514
vn 0.1068 0.7110 -0.6951
vn -0.4977 0.5373 -0.6809
vn -0.9392 -0.3325 0.0858
vn -0.5807 -0.6434 0.4988
vn -0.6127 -0.4789 0.6287
vn -0.9604 -0.2248 0.1646
vn -0.4785 0.3846 -0.7894
vn 0.1430 0.4769 -0.8672
vn 0.1502 0.2816 -0.9477
vn -0.4698 0.2616 -0.8432
vn -0.9284 0.2616 0.2640
vn -0.5639 0.2816 0.7764
vn -0.5262 0.4363 0.7299
vn -0.9064 0.3578 0.2245
vn -0.9541 0.1262 0.2714
vn -0.6030 0.0697 0.7947
vn -0.4946 0.0631 -0.8668
vn 0.1216 -0.0277 -0.9922
vn 0.0900 -0.2141 -0.9727
vn -0.5085 -0.0568 -0.8592
vn -0.8334 0.5373 0.1296
vn -0.4160 0.7110 0.5670
vn -0.3570 0.8171 0.4527
vn -0.7994 0.5988 0.0491
vn -0.5699 -0.2346 -0.7875
vn 0.0032 -0.4967 -0.8679
vn -0.1473 0.9891 0.0079
vn -0.6655 0.7094 -0.2319
vn -0.6865 -0.4420 -0.5774
vn -0.1803 -0.8239 -0.5374
vn -0.8129 -0.5032 -0.2931
vn -0.3795 -0.9209 -0.0895
vn 0.0279 0.8939 -0.4474
vn -0.5538 0.6496 -0.5210
vn -0.9156 -0.4020 -0.0104
vn -0.5412 -0.7620 0.3556
vn 0.1293 0.5831 -0.8020
vn -0.4914 0.4509 -0.7451
vn 0.9083 -0.1321 0.3970
vn 0.6591 -0.1574 0.7354
vn 0.1366 0.0961 -0.9860
vn -0.4849 0.1432 -0.8628
vn -0.8809 0.4298 0.1983
vn -0.4884 0.5455 0.6811
vn 0.0401 -0.3895 -0.9201
vn -0.5460 -0.1651 -0.8213
vn 0.7228 -0.5452 0.4247
vn 0.9119 -0.1478 0.3828
vn 0.9106 -0.1473 0.3863
vn 0.7050 -0.5040 0.4991
vn 0.7023 0.3792 -0.6025
vn 0.9965 0.0830 -0.0088
vn 0.9985 -0.0019 -0.0541
vn 0.7058 0.1918 -0.6819
vn 0.6565 -0.0999 0.7477
vn 0.9088 -0.1296 0.3966
vn 0.9097 -0.1259 0.3957
vn 0.6678 -0.0019 0.7443
vn 0.6838 -0.1075 -0.7217
vn 0.9874 -0.1465 -0.0599
vn 0.9706 -0.2315 -0.0657
vn 0.6477 -0.2865 -0.7060
vn 0.9101 -0.1223 0.3958
vn 0.6997 0.0609 0.7119
vn 0.5698 -0.5596 -0.6018
vn 0.9340 -0.3573 -0.0035
vn 0.9021 -0.4304 0.0313
vn 0.5050 -0.7007 -0.5041
vn 0.7363 0.1969 0.6474
vn 0.9125 -0.1179 0.3918
vn 0.9135 -0.1148 0.3902
vn 0.7748 0.2307 0.5886
vn 0.3929 -0.8749 -0.2832
vn 0.8514 -0.5040 0.1457
vn 0.8114 -0.5452 0.2108
vn 0.3160 -0.9398 -0.1301
vn 0.8275 0.3133 0.4659
vn 0.9162 -0.1133 0.3845
vn 0.9176 -0.1115 0.3815
vn 0.8668 0.3105 0.3901
vn 0.2008 -0.9683 0.1486
vn 0.7617 -0.5470 0.3472
vn 0.1314 -0.9398 0.3155
vn 0.0449 -0.8151 0.5776
vn 0.6891 -0.4750 0.5472
vn 0.6600 -0.4304 0.6158
vn 0.0007 -0.7007 0.7135
vn 0.9156 0.3117 0.2539
vn 0.9197 -0.1132 0.3759
vn 0.9211 -0.1135 0.3725
vn 0.9451 0.2692 0.1853
vn -0.0334 -0.4368 0.8989
vn -0.0413 -0.2865 0.9572
vn 0.9784 0.1969 0.0629
vn 0.9222 -0.1179 0.3682
vn 0.9232 -0.1197 0.3653
vn 0.9915 0.1270 0.0296
vn 0.0932 0.4458 0.8903
vn 0.7094 0.1163 0.6951
vn 0.1596 0.6059 0.7793
vn 0.9231 -0.1259 0.3635
vn 0.9232 -0.1293 0.3620
vn 0.9944 -0.0886 -0.0569
vn 0.2686 0.7701 0.5786
vn 0.7923 0.2688 0.5477
vn 0.3502 0.8464 0.4013
vn 0.9219 -0.1351 0.3630
vn 0.9213 -0.1388 0.3633
vn 0.9513 -0.3071 -0.0278
vn 0.4681 0.8735 0.1338
vn 0.8869 0.3140 0.3389
vn 0.5331 0.8451 -0.0402
vn 0.9192 -0.1431 0.3669
vn 0.9179 -0.1461 0.3689
vn 0.8742 -0.4751 0.1004
vn 0.9155 -0.1478 0.3742
vn 0.9140 -0.1492 0.3773
vn 0.7840 -0.5471 0.2932
vn 0.6252 0.7214 -0.2976
vn 0.9605 0.2423 0.1371
vn 0.6639 0.6059 -0.4382
vn 0.9094 -0.1431 0.3905
vn 0.9086 -0.1405 0.3933
vn 0.6529 -0.3513 0.6710
vn -0.9761 -0.1384 0.1677
vn -0.9682 -0.1520 0.1985
vn -0.6239 -0.3693 0.6888
vn 0.1455 0.9893 -0.0104
vn 0.1455 0.9893 -0.0106
vn -0.0954 -0.9893 -0.1101
vn -0.2773 -0.8893 0.3638
vn -0.2773 -0.8892 0.3639
vn 0.3130 0.8244 -0.4716
vn 0.3130 0.8243 -0.4718
vn -0.3739 0.0647 0.9252
vn -0.3738 0.0649 0.9252
vn -0.3851 -0.5509 0.7404
vn -0.3851 -0.5508 0.7405
vn 0.3967 0.4386 -0.8064
vn 0.3967 0.4384 -0.8065
vn 0.4008 0.2566 -0.8795
vn -0.2898 0.4384 0.8508
vn -0.2897 0.4386 0.8507
vn 0.3744 -0.0645 -0.9250
vn 0.3743 -0.0651 -0.9250
vn -0.1122 0.8243 0.5549
vn -0.1122 0.8244 0.5548
vn 0.0954 0.9893 0.1104
vn 0.0955 0.9893 0.1102
vn 0.9131 -0.1492 0.3795
vn 0.9095 -0.1694 0.3796
vn 0.9068 -0.1681 0.3866
vn 0.9099 -0.1461 0.3882
vn 0.9029 -0.1628 0.3978
vn 0.9013 -0.1580 0.4034
vn 0.2775 0.8892 -0.3637
vn 0.2776 0.8891 -0.3638
vn 0.8996 -0.1473 0.4112
vn 0.8995 -0.1405 0.4137
vn 0.3853 0.5509 -0.7403
vn 0.3853 0.5507 -0.7404
vn 0.9110 -0.1205 0.3943
vn 0.9052 -0.1090 0.4107
vn 0.9080 -0.1029 0.4062
vn -0.3964 -0.4386 0.8065
vn -0.3964 -0.4384 0.8066
vn 0.3901 0.0651 -0.9185
vn 0.3901 0.0647 -0.9185
vn 0.9146 -0.1141 0.3880
vn 0.9127 -0.0955 0.3973
vn 0.9160 -0.0927 0.3903
vn 0.9185 -0.1118 0.3792
vn 0.9210 -0.0912 0.3788
vn 0.9237 -0.0928 0.3716
vn 0.1123 -0.8244 -0.5547
vn 0.8998 -0.1335 0.4154
vn 0.9000 -0.1519 0.4086
vn 0.9310 -0.1203 0.3445
vn 0.9306 -0.1278 0.3429
vn 0.9020 -0.1203 0.4147
vn 0.9037 -0.1135 0.4129
vn 0.9286 -0.1405 0.3435
vn 0.9267 -0.1476 0.3455
vn 0.9106 -0.0981 0.4014
vn 0.9226 -0.1580 0.3520
vn 0.9197 -0.1628 0.3572
vn 0.9190 -0.0912 0.3835
vn 0.0611 -0.8893 -0.4533
vn -0.1454 -0.9893 0.0107
vn 0.9217 -0.1149 0.3704
vn 0.9276 -0.0977 0.3605
vn 0.9293 -0.1029 0.3548
vn -0.3127 -0.8244 0.4717
vn -0.3128 -0.8243 0.4719
vn 0.9232 -0.1221 0.3644
vn 0.9309 -0.1128 0.3474
vn 0.9160 -0.1305 0.3794
vn 0.9004 -0.1284 0.4157
vn 0.9229 -0.1317 0.3619
vn 0.9300 -0.1331 0.3427
vn -0.2511 0.5507 0.7960
vn -0.2510 0.5509 0.7959
vn 0.9206 -0.1409 0.3643
vn 0.9251 -0.1522 0.3478
vn -0.0610 0.8891 0.4535
vn -0.0609 0.8892 0.4534
vn 0.9170 -0.1473 0.3707
vn 0.9176 -0.1655 0.3613
vn 0.9146 -0.1681 0.3678
vn 0.9262 -0.0952 0.3647
vn 0.9116 -0.1694 0.3747
vn 0.9044 -0.1655 0.3934
vn 0.9304 -0.1083 0.3501
vn 0.0124 -0.1332 0.9910
vn 0.5152 -0.1576 0.8425
vn -0.7346 -0.3307 0.5924
vn 0.2469 -0.9683 0.0372
vn 0.0776 -0.8749 0.4781
vn -0.0281 -0.1335 0.9907
vn -0.0265 -0.5423 0.8398
vn 0.0169 0.1918 0.9813
vn 0.0608 0.3395 0.9386
vn 0.2237 0.7065 0.6714
vn 0.4240 0.8727 0.2420
vn 0.5925 0.7812 -0.1970
vn 0.6924 0.4811 -0.5377
vn -0.3896 -0.0649 0.9187
vn -0.3896 -0.0648 0.9187
vn -0.0177 -0.0130 0.9998
vn 0.6984 0.0120 -0.7156
vn 0.6054 -0.4561 -0.6522
vn 0.4401 -0.8152 -0.3766
vn 0.4864 -0.8502 0.2015
vn 0.8866 0.4099 -0.2142
vn -0.9944 0.1050 0.0074
vn -0.7653 -0.5603 -0.3170
vn -0.3160 -0.9398 0.1302
vn 0.4452 -0.8913 -0.0862
vn 0.4988 0.5126 -0.6988
vn -0.4008 0.2566 0.8795
vn -0.9160 -0.1305 -0.3794
vn 0.1596 -0.6060 0.7793
vn -0.9822 0.1338 0.1316
vn -0.9618 0.2420 0.1280
vn -0.9389 0.1497 -0.3101
vn -0.9414 0.1337 -0.3096
vn 0.9944 -0.1050 -0.0074
vn 0.3160 0.9398 -0.1302
vn -0.4988 -0.5126 0.6988
vn 0.1502 -0.2816 -0.9477
vn 0.0295 -0.0147 0.9995
vn -0.3771 0.0426 0.9252
vn 0.0608 -0.8894 -0.4530
vn 0.6376 -0.4533 -0.6229
vn 0.9145 -0.3606 -0.1836
vn 0.6020 -0.5566 -0.5725
vn 0.2510 -0.5512 -0.7957
vn 0.3739 -0.0654 -0.9252
vn 0.5311 -0.0831 0.8432
vn -0.1441 -0.4377 0.8875
vn -0.1361 -0.5469 0.8261
vn -0.0899 0.2141 0.9727
vn 0.4890 -0.0780 0.8688
vn -0.1264 0.0039 0.9920
vn 0.8922 -0.4254 -0.1520
vn 0.8776 -0.4409 -0.1879
vn 0.4452 0.8913 -0.0862
vn 0.5622 0.2241 0.7961
vn 0.9015 -0.3717 -0.2217
vn 0.5190 -0.4580 -0.7217
vn -0.8661 -0.3818 -0.3226
vn -0.8980 -0.3755 -0.2292
vn -0.9308 0.0507 -0.3619
vn -0.9250 0.0502 -0.3767
vn -0.6086 0.4683 -0.6405
vn -0.6062 0.3954 -0.6901
vn -0.8835 0.1748 -0.4346
vn -0.8844 0.1869 -0.4277
vn -0.7012 -0.0354 0.7121
vn -0.9904 0.0697 0.1190
vn -0.9930 -0.0169 0.1167
vn -0.5838 0.2432 -0.7747
vn -0.5979 0.1461 -0.7881
vn -0.8813 0.1359 -0.4526
vn -0.8794 0.1518 -0.4513
vn -0.3898 -0.0648 0.9186
vn -0.6142 -0.0190 -0.7889
vn -0.6468 -0.1065 -0.7552
vn -0.8888 0.0942 -0.4486
vn -0.8837 0.1083 -0.4553
vn -0.9233 0.3774 0.0715
vn -0.8849 0.4654 0.0184
vn -0.9273 0.1826 -0.3269
vn -0.9324 0.1693 -0.3195
vn -0.6921 -0.2466 -0.6783
vn -0.7357 -0.3005 -0.6070
vn -0.9035 0.0619 -0.4241
vn -0.8967 0.0697 -0.4372
vn -0.8297 0.5501 -0.0950
vn -0.7811 0.5964 -0.1850
vn -0.9119 0.2028 -0.3567
vn -0.9186 0.1947 -0.3438
vn -0.7963 -0.3772 -0.4729
vn -0.8404 -0.3823 -0.3841
vn -0.9207 0.0495 -0.3870
vn -0.9142 0.0485 -0.4023
vn -0.9322 -0.3305 -0.1478
vn -0.9351 0.0599 -0.3492
vn -0.7241 0.6044 -0.3321
vn -0.6815 0.5966 -0.4238
vn -0.8966 0.2047 -0.3927
vn -0.9028 0.2041 -0.3785
vn -0.9503 -0.2969 -0.0935
vn -0.9699 -0.2430 -0.0135
vn -0.9416 0.0742 -0.3283
vn -0.9378 0.0660 -0.3408
vn -0.9870 -0.1533 0.0476
vn -0.9432 0.0892 -0.3200
vn -0.6389 0.5247 -0.5626
vn -0.8893 0.1941 -0.4141
vn -0.9439 0.3178 0.0900
vn -0.9348 0.1602 -0.3170
vn -0.5934 0.3426 -0.7284
vn -0.8812 0.1671 -0.4422
vn -0.8581 0.5109 -0.0506
vn -0.9223 0.1881 -0.3375
vn -0.6055 0.0800 -0.7918
vn -0.8823 0.1249 -0.4538
vn -0.7500 0.6015 -0.2752
vn -0.9067 0.2027 -0.3699
vn -0.6664 -0.1640 -0.7274
vn -0.8921 0.0843 -0.4440
vn -0.7620 -0.3334 -0.5552
vn -0.9080 0.0565 -0.4152
vn -0.6581 0.5555 -0.5082
vn -0.8925 0.1980 -0.4053
vn -0.0119 0.4777 0.8785
vn 0.3769 0.9215 0.0939
vn 0.5399 0.7638 -0.3537
vn 0.4821 -0.5652 -0.6694
vn -0.0624 -0.8302 0.5540
vn -0.9422 0.1240 -0.3114
vn -0.9442 0.1106 -0.3101
vn 0.4859 -0.1581 0.8596
vn -0.9161 0.1310 -0.3789
vn 0.0610 -0.8892 -0.4535
vn -0.0174 -0.9577 -0.2873
vn 0.0610 -0.8892 -0.4534
vn -0.1454 -0.9893 0.0105
vn -0.2155 -0.9576 0.1909
vn -0.1455 -0.9893 0.0106
vn -0.3130 -0.8244 0.4717
vn -0.3559 -0.7010 0.6180
vn -0.3130 -0.8243 0.4718
vn -0.2512 0.5509 0.7959
vn -0.0612 0.8892 0.4534
vn -0.0612 0.8892 0.4533
vn -0.0954 -0.9893 -0.1102
vn -0.0954 -0.9893 -0.1104
vn -0.2775 -0.8891 0.3639
vn -0.2775 -0.8892 0.3637
vn 0.2155 0.9577 -0.1908
vn 0.2773 0.8892 -0.3639
vn 0.2773 0.8892 -0.3638
vn -0.3852 -0.5509 0.7404
vn 0.3559 0.7011 -0.6179
vn 0.3851 0.5508 -0.7405
vn 0.3851 0.5509 -0.7404
vn -0.2899 0.4386 0.8507
vn -0.3740 0.0649 0.9252
vn 0.4009 0.2567 -0.8795
vn 0.3896 0.0648 -0.9187
vn 0.3897 0.0649 -0.9187
vn -0.1124 0.8244 0.5547
vn -0.1125 0.8243 0.5548
vn 0.2898 -0.4385 -0.8507
vn 0.2898 -0.4384 -0.8508
vn 0.0952 0.9893 0.1102
vn 0.0952 0.9893 0.1103
vn 0.1122 -0.8244 -0.5548
vn 0.1123 -0.8243 -0.5549
vn -0.3966 -0.4386 0.8065
vn 0.3964 0.4386 -0.8065
vn 0.3965 0.4385 -0.8066
vn 0.3739 -0.0647 -0.9252
vn 0.3739 -0.0649 -0.9252
vn 0.2511 -0.5507 -0.7960
vn 0.2511 -0.5509 -0.7959
vn -0.9431 0.0994 -0.3172
vn 0.1452 0.9893 -0.0105
vn 0.1453 0.9893 -0.0107
vn 0.3128 0.8244 -0.4717
vn 0.3128 0.8243 -0.4718
vn -0.9726 0.0544 0.2262
vn -0.7291 -0.0276 0.6839
vn -0.3918 -0.0876 0.9158
vn -0.1384 -0.1207 0.9830
vn 0.2900 -0.4380 -0.8509
vn -0.9931 -0.0921 0.0721
vn -0.6954 -0.4471 0.5626
vn -0.6125 0.4355 0.6597
vn -0.1020 -0.4642 -0.8799
vn -0.2470 0.9684 -0.0359
vn -0.6858 0.0843 0.7229
vn 0.0267 0.1076 -0.9938
vn -0.0663 -0.3606 -0.9304
vn -0.7182 0.0919 0.6898
vn -0.6816 -0.3713 -0.6306
vn -0.1434 -0.4504 -0.8813
vn -0.6010 -0.2126 -0.7705
vn -0.5787 -0.1478 -0.8021
vn -0.1078 -0.3470 -0.9316
vn -0.0312 -0.0066 -0.9995
vn -0.0128 0.4697 -0.8828
vn -0.1801 0.9267 -0.3300
vn -0.8145 0.5796 0.0249
vn -0.9661 0.1303 0.2230
vn -0.6183 -0.0523 0.7842
vn -0.9647 0.0486 0.2587
vn -0.1313 -0.7620 -0.6341
vn -0.6548 -0.4019 -0.6401
vn -0.3316 -0.9209 -0.2049
vn -0.4451 -0.8913 0.0862
vn -0.4785 0.3847 -0.7893
vn 0.1431 0.4769 -0.8672
vn -0.9540 0.1276 0.2711
vn -0.6029 0.0718 0.7946
vn 0.1217 -0.0278 -0.9922
vn -0.5699 -0.2347 -0.7875
vn 0.0032 -0.4969 -0.8678
vn -0.6865 -0.4419 -0.5774
vn -0.1801 -0.8238 -0.5375
vn -0.3794 -0.9209 -0.0896
vn 0.1294 0.5832 -0.8020
vn 0.9083 -0.1320 0.3970
vn 0.6588 -0.1565 0.7359
vn 0.1368 0.0960 -0.9859
vn -0.4848 0.1431 -0.8628
vn 0.0401 -0.3897 -0.9201
vn -0.5461 -0.1653 -0.8213
vn 0.6570 -0.0990 0.7473
vn 0.6839 -0.1077 -0.7216
vn 0.9874 -0.1465 -0.0598
vn 0.5697 -0.5598 -0.6017
vn 0.9340 -0.3573 -0.0034
vn 0.3930 -0.8748 -0.2831
vn 0.8514 -0.5039 0.1457
vn 0.2008 -0.9683 0.1485
vn 0.7618 -0.5470 0.3471
vn 0.9512 -0.3072 -0.0278
vn 0.8743 -0.4749 0.1003
vn 0.7841 -0.5470 0.2932
vn 0.2512 -0.5507 -0.7960
vn 0.3897 0.0648 -0.9186
vn 0.2899 -0.4384 -0.8507
vn 0.9004 -0.1283 0.4156
vn 0.2470 -0.9683 0.0370
vn -0.0279 -0.1313 0.9909
vn -0.0173 -0.0109 0.9998
vn 0.6984 0.0119 -0.7156
vn 0.6054 -0.4563 -0.6522
vn 0.4403 -0.8151 -0.3766
vn 0.1230 -0.0323 0.9919
vn 0.1289 -0.0018 0.9917
vn 0.1829 -0.0000 0.9831
vn 0.1231 0.0286 0.9920
vn 0.1907 -0.0425 0.9807
vn 0.1758 -0.0389 0.9837
vn 0.1253 0.0345 0.9915
vn 0.1476 0.0203 0.9888
vn 0.1552 -0.0158 0.9877
vn 0.1616 -0.0171 0.9867
vn 0.1584 0.0142 0.9873
vn 0.1613 -0.0000 0.9869
vn -0.1613 -0.0000 -0.9869
vn -0.1829 -0.0000 -0.9831
vn -0.1907 -0.0425 -0.9807
vn -0.1253 0.0345 -0.9915
vn -0.1476 0.0203 -0.9888
vn -0.1289 -0.0018 -0.9917
vn -0.1231 0.0286 -0.9920
vn -0.1230 -0.0323 -0.9919
vn -0.1907 0.0424 -0.9807
vn -0.1746 0.0377 -0.9839
vn -0.1249 -0.0388 -0.9914
vn -0.1524 0.0131 -0.9882
vn -0.1584 0.0142 -0.9873
vn -0.1487 -0.0240 -0.9886
vn -0.1616 -0.0171 -0.9867
vn 0.9130 0.1769 -0.3676
vn 0.7828 0.5116 -0.3543
vn 0.3074 -0.3793 -0.8727
vn -0.0290 -0.1480 -0.9886
vn -0.7659 -0.6319 -0.1186
vn -0.7730 -0.6344 -0.0000
vn -0.6344 -0.7730 -0.0000
vn -0.6061 -0.7864 -0.1194
vn -0.8819 -0.4714 -0.0000
vn -0.8615 -0.4933 -0.1204
vn -0.9516 -0.2827 -0.1202
vn -0.9569 -0.2903 -0.0000
vn -0.9569 0.2903 -0.0000
vn -0.9516 0.2827 -0.1205
vn -0.8614 0.4933 -0.1207
vn -0.8819 0.4714 -0.0000
vn -0.7730 0.6344 -0.0000
vn -0.7659 0.6319 -0.1187
vn -0.6061 0.7864 -0.1193
vn -0.6344 0.7730 -0.0000
vn -0.2657 0.9569 -0.1176
vn -0.2903 0.9569 -0.0000
vn -0.4714 0.8819 -0.0000
vn -0.4682 0.8758 -0.1169
vn -0.0980 0.9952 -0.0000
vn -0.1067 0.9874 -0.1170
vn 0.1071 0.9873 -0.1170
vn 0.0980 0.9952 -0.0000
vn 0.4670 0.8766 -0.1165
vn 0.4714 0.8819 -0.0000
vn 0.2903 0.9569 -0.0000
vn 0.2656 0.9569 -0.1175
vn 0.6344 0.7730 -0.0000
vn 0.6057 0.7868 -0.1186
vn 0.7675 0.6300 -0.1183
vn 0.7730 0.6344 -0.0000
vn 0.9516 0.2828 -0.1207
vn 0.9569 0.2903 -0.0000
vn 0.8819 0.4714 -0.0000
vn 0.8627 0.4911 -0.1208
vn 0.9952 0.0980 -0.0000
vn 0.9859 0.1155 -0.1214
vn 0.9859 -0.1154 -0.1212
vn 0.9952 -0.0980 -0.0000
vn 0.8627 -0.4911 -0.1206
vn 0.8819 -0.4714 -0.0000
vn 0.9569 -0.2903 -0.0000
vn 0.9516 -0.2828 -0.1206
vn 0.7730 -0.6344 -0.0000
vn 0.7675 -0.6300 -0.1182
vn -0.0519 -0.1566 -0.9863
vn -0.1067 -0.9874 -0.1172
vn 0.1116 -0.9875 0.1112
vn 0.2615 -0.9587 0.1120
vn 0.4732 -0.8740 0.1109
vn 0.7700 -0.6281 0.1122
vn 0.6030 -0.7897 0.1134
vn 0.8598 -0.4976 0.1145
vn 0.9539 -0.2779 0.1136
vn 0.9862 0.1197 0.1147
vn 0.9862 -0.1197 0.1147
vn 0.9539 0.2779 0.1136
vn 0.8598 0.4976 0.1145
vn 0.7700 0.6281 0.1122
vn 0.6030 0.7897 0.1133
vn 0.2615 0.9587 0.1117
vn 0.4732 0.8740 0.1106
vn 0.1117 0.9875 0.1110
vn -0.1119 0.9875 0.1107
vn -0.4720 0.8747 0.1102
vn -0.2615 0.9588 0.1114
vn -0.6026 0.7900 0.1128
vn -0.7715 0.6263 0.1121
vn -0.9538 0.2779 0.1144
vn -0.8610 0.4954 0.1147
vn -0.9860 0.1204 0.1153
vn -0.9860 -0.1204 0.1152
vn -0.8611 -0.4954 0.1145
vn -0.9538 -0.2779 0.1143
vn -0.7715 -0.6263 0.1119
vn -0.6025 -0.7900 0.1130
vn -0.4720 -0.8746 0.1106
vn -0.0206 -0.1526 0.9881
vn -0.0720 -0.8785 0.4723
vn 0.0706 -0.8783 0.4730
vn -0.0189 -0.5295 0.8481
vn 0.0158 -0.5278 0.8492
vn 0.2213 -0.8508 0.4767
vn 0.3648 -0.7942 0.4859
vn 0.0949 -0.5070 0.8567
vn 0.1345 -0.4759 0.8692
vn 0.5020 -0.7088 0.4955
vn 0.6239 -0.5945 0.5072
vn 0.2035 -0.4117 0.8883
vn 0.2390 -0.3582 0.9025
vn 0.7274 -0.4530 0.5154
vn 0.8067 -0.2787 0.5212
vn 0.2991 -0.2614 0.9177
vn 0.3346 -0.1764 0.9257
vn 0.8464 -0.0970 0.5237
vn 0.8464 0.0970 0.5237
vn 0.3627 -0.0469 0.9307
vn 0.3627 0.0469 0.9307
vn 0.8067 0.2787 0.5212
vn 0.7274 0.4531 0.5154
vn 0.3346 0.1764 0.9257
vn 0.2991 0.2614 0.9177
vn 0.6240 0.5946 0.5071
vn 0.5022 0.7089 0.4952
vn 0.2391 0.3583 0.9025
vn 0.2037 0.4118 0.8882
vn 0.3650 0.7945 0.4853
vn 0.2214 0.8511 0.4761
vn 0.1348 0.4764 0.8688
vn 0.0951 0.5076 0.8564
vn 0.0706 0.8785 0.4725
vn -0.0721 0.8791 0.4711
vn 0.0159 0.5284 0.8489
vn -0.0190 0.5306 0.8474
vn -0.2216 0.8528 0.4729
vn -0.3624 0.7988 0.4803
vn -0.0968 0.5151 0.8516
vn -0.1346 0.4905 0.8610
vn -0.5019 0.7114 0.4919
vn -0.6288 0.5883 0.5084
vn -0.2077 0.4208 0.8830
vn -0.2456 0.3497 0.9041
vn -0.7304 0.4451 0.5181
vn -0.7994 0.2783 0.5324
vn -0.2959 0.2458 0.9231
vn -0.3005 0.1706 0.9384
vn -0.8363 0.0995 0.5391
vn -0.8365 -0.0995 0.5388
vn -0.3071 0.0469 0.9505
vn -0.3074 -0.0469 0.9504
vn -0.7997 -0.2784 0.5319
vn -0.7308 -0.4452 0.5175
vn -0.3011 -0.1707 0.9382
vn -0.2965 -0.2461 0.9228
vn -0.6290 -0.5885 0.5080
vn -0.5016 -0.7113 0.4924
vn -0.2458 -0.3499 0.9040
vn -0.2074 -0.4205 0.8833
vn -0.3619 -0.7983 0.4815
vn -0.2212 -0.8520 0.4745
vn -0.1339 -0.4894 0.8617
vn -0.0963 -0.5136 0.8526
vn 0.0718 -0.8762 -0.4766
vn -0.0704 -0.8759 -0.4773
vn 0.0202 -0.5236 -0.8517
vn -0.0173 -0.5219 -0.8528
vn -0.2202 -0.8489 -0.4805
vn -0.3638 -0.7924 -0.4897
vn -0.0917 -0.5034 -0.8592
vn -0.1355 -0.4715 -0.8714
vn -0.5000 -0.7070 -0.5002
vn -0.6214 -0.5934 -0.5116
vn -0.1995 -0.4089 -0.8905
vn -0.2374 -0.3548 -0.9043
vn -0.7251 -0.4522 -0.5193
vn -0.8036 -0.2782 -0.5261
vn -0.2972 -0.2629 -0.9179
vn -0.3343 -0.1743 -0.9262
vn -0.8428 -0.0966 -0.5295
vn -0.8426 0.0966 -0.5299
vn -0.3602 -0.0487 -0.9316
vn -0.3599 0.0487 -0.9317
vn -0.8031 0.2782 -0.5269
vn -0.7246 0.4521 -0.5201
vn -0.3333 0.1741 -0.9266
vn -0.2963 0.2625 -0.9183
vn -0.6212 0.5933 -0.5119
vn -0.5002 0.7071 -0.4998
vn -0.2372 0.3546 -0.9044
vn -0.1997 0.4091 -0.8904
vn -0.3640 0.7927 -0.4891
vn -0.2203 0.8492 -0.4800
vn -0.1358 0.4720 -0.8711
vn -0.0919 0.5040 -0.8588
vn -0.0704 0.8761 -0.4769
vn 0.0719 0.8764 -0.4762
vn -0.0173 0.5223 -0.8526
vn 0.0203 0.5240 -0.8515
vn 0.2202 0.8504 -0.4778
vn 0.3609 0.7969 -0.4845
vn 0.0929 0.5104 -0.8549
vn 0.1346 0.4857 -0.8637
vn 0.5004 0.7101 -0.4954
vn 0.6272 0.5871 -0.5117
vn 0.2055 0.4203 -0.8838
vn 0.2473 0.3469 -0.9047
vn 0.7277 0.4437 -0.5231
vn 0.7964 0.2777 -0.5373
vn 0.2923 0.2450 -0.9244
vn 0.2987 0.1670 -0.9396
vn 0.8332 0.0990 -0.5440
vn 0.8334 -0.0990 -0.5437
vn 0.3055 0.0483 -0.9510
vn 0.3057 -0.0483 -0.9509
vn 0.7967 -0.2777 -0.5368
vn 0.7280 -0.4438 -0.5225
vn 0.2993 -0.1672 -0.9394
vn 0.2929 -0.2453 -0.9241
vn 0.6275 -0.5873 -0.5111
vn 0.5004 -0.7101 -0.4953
vn 0.2478 -0.3474 -0.9044
vn 0.2056 -0.4204 -0.8837
vn 0.3607 -0.7966 -0.4851
vn 0.2200 -0.8501 -0.4785
vn 0.1343 -0.4851 -0.8641
vn 0.0927 -0.5096 -0.8554
vn -0.3074 -0.3793 0.8727
vn -0.2943 -0.7274 0.6199
vn -0.3864 -0.4823 0.7862
vn -0.8556 -0.0096 -0.5175
vn 0.2920 -0.7366 -0.6101
vn -0.1602 -0.4621 0.8723
vn -0.5672 -0.4751 0.6728
vn -0.0002 -0.4445 0.8958
vn -0.0003 -0.4383 0.8988
vn 0.9917 0.0086 -0.1279
vn 0.2598 -0.4295 0.8649
vn 0.0061 -0.4463 0.8949
vn -0.9596 -0.1369 -0.2457
vn -0.8490 -0.3967 0.3491
vn -0.9474 -0.3009 0.1095
vn 0.9359 -0.1842 0.3003
vn 0.7039 -0.3304 0.6288
vn 0.8694 -0.0181 0.4937
vn -0.9295 0.1050 0.3535
vn -0.9155 0.0976 0.3904
vn 0.1551 -0.3967 -0.9048
vn 0.5615 -0.4174 -0.7145
vn 0.1695 -0.5223 -0.8358
vn 0.5697 -0.5271 -0.6306
vn -0.0000 -0.3800 -0.9250
vn -0.0000 -0.3743 -0.9273
vn 0.0005 -0.5047 -0.8633
vn 0.0006 -0.4976 -0.8674
vn -0.9955 0.0024 0.0945
vn -0.9909 0.0096 0.1340
vn -0.2575 -0.3645 -0.8949
vn -0.0057 -0.3793 -0.9253
vn -0.2514 -0.4911 -0.8340
vn -0.0052 -0.5072 -0.8618
vn 0.9652 -0.1392 0.2216
vn 0.8633 -0.0081 0.5046
vn 0.9612 -0.1463 0.2338
vn 0.8333 -0.3645 -0.4156
vn 0.9411 -0.2889 -0.1758
vn 0.8276 -0.4435 -0.3441
vn 0.9363 -0.3349 -0.1056
vn -0.9269 -0.1671 -0.3362
vn -0.6818 -0.2892 -0.6720
vn -0.9211 -0.2247 -0.3180
vn -0.6722 -0.3890 -0.6299
vn -0.9472 0.1263 -0.2947
vn 0.9971 -0.0220 0.0732
vn 0.1811 -0.9524 -0.2453
vn 0.5553 -0.8088 -0.1935
vn 0.9899 -0.1352 0.0415
vn -0.9468 -0.0342 -0.3200
vn -0.2373 -0.9304 -0.2794
vn -0.0001 -0.9800 -0.1988
vn -0.0018 -0.9771 -0.2127
vn 0.7888 -0.6035 -0.1165
vn 0.9175 -0.3952 -0.0457
vn -0.8586 -0.3706 -0.3542
vn -0.6295 -0.6958 -0.3458
vn 0.9475 0.1224 0.2953
vn -0.9972 -0.0207 -0.0723
vn -0.1759 -0.9534 0.2451
vn -0.5556 -0.8087 0.1931
vn -0.9902 -0.1337 -0.0416
vn 0.9446 -0.0550 0.3235
vn 0.2313 -0.9325 0.2772
vn 0.0001 -0.9801 0.1986
vn 0.0020 -0.9774 0.2116
vn -0.8007 -0.5887 0.1111
vn -0.9242 -0.3796 0.0405
vn 0.8559 -0.3765 0.3546
vn 0.6267 -0.6983 0.3459
vn 0.8596 0.3480 -0.3741
vn 0.5923 0.5396 -0.5983
vn 0.7583 0.6254 0.1839
vn 0.5887 0.7595 -0.2768
vn 0.6208 0.7200 -0.3101
vn 0.7313 0.6490 0.2096
vn 0.5569 0.7972 -0.2333
vn 0.8889 0.4438 0.1134
vn 0.7513 0.5293 -0.3942
vn 0.5180 0.8311 -0.2022
vn 0.4775 0.0200 0.8784
vn 0.5947 0.0087 0.8039
vn 0.5667 0.0163 0.8238
vn 0.7240 0.2016 0.6596
vn 0.7152 0.2262 0.6613
vn 0.8493 0.5124 0.1273
vn 0.7028 0.2520 0.6653
vn 0.7044 0.2441 0.6665
vn 0.2939 0.8138 -0.5014
vn 0.6551 0.6704 -0.3483
vn 0.7036 0.6036 -0.3749
vn -0.5960 0.0090 -0.8029
vn -0.5646 0.0108 -0.8253
vn -0.7103 0.2077 -0.6726
vn -0.8747 0.4634 -0.1421
vn -0.6968 0.2137 -0.6847
vn -0.6960 0.2326 -0.6793
vn -0.7036 0.2347 -0.6708
vn -0.7761 0.5358 0.3326
vn -0.4703 0.0174 -0.8823
vn -0.2624 0.8905 0.3717
vn -0.3751 0.6881 0.6211
vn -0.2880 0.8469 0.4470
vn -0.5273 0.4748 0.7047
vn -0.4532 0.5686 0.6865
vn -0.4148 0.6287 0.6577
vn -0.0842 -0.9964 -0.0117
vn -0.0642 -0.0078 0.9979
vn -0.0598 -0.0243 0.9979
vn 0.0240 0.0601 0.9979
vn 0.0076 0.0645 0.9979
vn -0.0645 0.0080 0.9979
vn -0.0601 0.0241 0.9979
vn -0.0088 0.0641 0.9979
vn -0.0250 0.0598 0.9979
vn -0.0406 0.0500 0.9979
vn -0.0525 0.0381 0.9979
vn 0.0643 0.0077 0.9979
vn 0.0600 0.0239 0.9979
vn 0.0106 -0.0635 0.9979
vn 0.0269 -0.0593 0.9979
vn 0.0396 -0.0510 0.9979
vn 0.0516 -0.0390 0.9979
vn -0.0517 -0.0391 0.9979
vn -0.0397 -0.0510 0.9979
vn 0.0598 -0.0246 0.9979
vn 0.0642 -0.0082 0.9979
vn 0.0522 0.0385 0.9979
vn 0.0403 0.0505 0.9979
vn -0.0248 -0.0599 0.9979
vn -0.0083 -0.0642 0.9979
vn 0.0395 -0.0510 0.9979
vn -0.6944 -0.2267 -0.6829
vn -0.6664 -0.2389 -0.7063
vn -0.2060 -0.3351 -0.9194
vn -0.2238 -0.3275 -0.9179
vn 0.2994 -0.3353 -0.8933
vn 0.3006 -0.3432 -0.8899
vn 0.7380 -0.2581 -0.6235
vn 0.7513 -0.2473 -0.6118
vn 0.9832 -0.0896 -0.1591
vn 0.9762 -0.1035 -0.1907
vn 0.9534 0.0749 0.2924
vn 0.9380 0.0917 0.3342
vn -0.9760 0.0994 0.1935
vn -0.9653 0.1987 0.1696
vn -0.9604 -0.0541 -0.2731
vn -0.9532 -0.0769 -0.2923
vn 0.6831 0.4704 0.5586
vn 0.7332 0.5441 0.4079
vn 0.3432 0.8671 0.3610
vn 0.2560 0.7273 0.6368
vn -0.9301 0.3665 0.0244
vn -0.8701 0.4600 -0.1769
vn -0.9419 -0.0193 -0.3353
vn -0.9564 -0.0303 -0.2905
vn 0.9455 -0.3252 0.0157
vn 0.8860 -0.4228 0.1906
vn 0.9352 0.0717 0.3468
vn 0.9391 0.0863 0.3326
vn 0.9761 -0.1779 -0.1247
vn 0.9431 0.0880 0.3207
vn 0.2275 -0.8019 -0.5524
vn 0.1264 -0.9654 -0.2281
vn 0.5917 -0.8059 -0.0207
vn 0.6883 -0.6556 -0.3105
vn -0.3018 0.3297 0.8945
vn -0.2934 0.4922 0.8195
vn -0.7220 0.3954 0.5677
vn -0.7376 0.2476 0.6282
vn -0.7277 -0.4291 -0.5351
vn -0.7621 -0.5031 -0.4075
vn -0.3702 -0.8525 -0.3690
vn -0.2936 -0.7158 -0.6336
vn -0.6955 -0.3050 -0.6506
vn -0.2354 -0.4759 -0.8474
vn 0.6562 0.3237 0.6817
vn 0.2042 0.4672 0.8602
vn 0.2371 0.7606 -0.6044
vn 0.3518 0.4864 -0.7998
vn -0.1354 0.3931 -0.9095
vn -0.2308 0.6374 -0.7352
vn -0.2327 0.7991 0.5543
vn -0.1310 0.9661 0.2224
vn -0.5746 0.8180 0.0259
vn -0.6663 0.6680 0.3314
vn 0.2889 -0.5135 -0.8080
vn 0.7393 -0.4023 -0.5399
vn 0.6312 0.2477 0.7350
vn 0.6667 0.2341 0.7077
vn 0.2045 0.3252 0.9233
vn 0.1776 0.3321 0.9264
vn -0.9095 -0.4057 -0.0907
vn -0.9573 -0.2891 0.0097
vn -0.7601 -0.4482 0.4705
vn -0.6724 -0.6757 0.3021
vn -0.2432 -0.7527 0.6118
vn -0.3520 -0.4830 0.8018
vn 0.1524 -0.3846 0.9104
vn 0.2572 -0.6156 0.7449
vn 0.6807 -0.3063 0.6655
vn 0.6145 -0.1802 0.7681
vn 0.9058 0.0732 0.4173
vn 0.9097 0.0859 0.4064
vn -0.7634 0.4769 -0.4356
vn -0.9156 0.0010 -0.4021
vn 0.8914 0.4510 0.0445
vn 0.9515 0.3048 -0.0410
vn 0.7476 0.4546 -0.4841
vn 0.6439 0.6939 -0.3223
vn 0.8008 -0.4092 0.4374
vn 0.9206 0.0907 0.3798
vn 0.0321 0.9812 -0.1905
vn -0.4197 0.8341 -0.3579
vn -0.8338 -0.4872 -0.2598
vn -0.5206 -0.8527 -0.0419
vn 0.7969 0.5601 0.2263
vn 0.4735 0.8806 0.0208
vn 0.4079 0.2428 -0.8802
vn 0.4179 0.1763 -0.8912
vn -0.0829 0.1261 -0.9885
vn -0.0918 0.1811 -0.9792
vn -0.0467 -0.9799 0.1939
vn 0.4494 -0.8115 0.3735
vn -0.9831 -0.1723 0.0614
vn -0.9886 -0.1348 0.0670
vn -0.8123 -0.1797 0.5549
vn -0.8034 -0.2398 0.5450
vn -0.4064 -0.2424 0.8810
vn -0.4157 -0.1759 0.8923
vn 0.0909 -0.1249 0.9880
vn 0.0982 -0.1799 0.9788
vn 0.5778 -0.0687 0.8133
vn 0.5744 -0.0401 0.8176
vn 0.9028 0.0556 0.4264
vn 0.9017 0.0611 0.4280
vn -0.5893 0.1975 -0.7834
vn -0.5753 0.1108 -0.8104
vn -0.8958 -0.0592 -0.4406
vn -0.8919 -0.0517 -0.4493
vn 0.9823 0.1740 -0.0699
vn 0.9877 0.1360 -0.0767
vn 0.8101 0.1800 -0.5579
vn 0.8014 0.2403 -0.5478
vn 0.5871 -0.1058 0.8025
vn 0.9025 0.0651 0.4257
vn 0.3927 0.3241 -0.8606
vn -0.1041 0.2507 -0.9625
vn -0.9757 -0.2135 0.0485
vn -0.7914 -0.3104 0.5266
vn 0.9740 0.2178 -0.0627
vn 0.7869 0.3122 -0.5322
vn -0.3917 -0.3228 0.8616
vn 0.1123 -0.2480 0.9622
vn 0.4234 0.1259 -0.8972
vn -0.0801 0.0845 -0.9932
vn -0.9916 -0.1060 0.0734
vn -0.8166 -0.1339 0.5614
vn -0.4219 -0.1258 0.8979
vn 0.0838 -0.0841 0.9929
vn 0.5690 -0.0196 0.8221
vn 0.9018 0.0503 0.4292
vn 0.9913 0.1064 -0.0772
vn 0.8162 0.1340 -0.5621
vn 0.4276 0.0912 -0.8994
vn 0.4302 0.0689 -0.9001
vn -0.0756 0.0590 -0.9954
vn -0.0776 0.0645 -0.9949
vn -0.9945 -0.0713 0.0774
vn -0.9962 -0.0362 0.0798
vn -0.8202 -0.0608 0.5688
vn -0.8192 -0.0939 0.5658
vn -0.4237 -0.0911 0.9012
vn -0.4234 -0.0690 0.9033
vn 0.0842 -0.0588 0.9947
vn 0.0828 -0.0641 0.9945
vn 0.5689 -0.0199 0.8222
vn 0.5707 -0.0328 0.8205
vn 0.9047 0.0019 0.4261
vn 0.9030 0.0298 0.4285
vn -0.5646 0.0203 -0.8251
vn -0.5649 0.0155 -0.8250
vn -0.9010 -0.0438 -0.4317
vn -0.8999 -0.0497 -0.4334
vn 0.9944 0.0713 -0.0784
vn 0.9961 0.0360 -0.0804
vn 0.8228 0.0605 -0.5651
vn 0.8205 0.0938 -0.5638
vn 0.5679 -0.0151 0.8230
vn 0.9017 0.0439 0.4300
vn 0.4259 0.1060 -0.8985
vn -0.0789 0.0702 -0.9944
vn -0.9929 -0.0909 0.0761
vn -0.8178 -0.1137 0.5641
vn 0.9929 0.0910 -0.0768
vn 0.8189 0.1137 -0.5626
vn 0.4324 -0.0157 -0.9016
vn 0.4179 -0.0779 -0.9052
vn -0.0684 0.0626 -0.9957
vn -0.0666 0.0583 -0.9961
vn -0.4232 -0.1059 0.8998
vn 0.0824 -0.0699 0.9941
vn -0.9871 0.1325 0.0897
vn -0.9595 0.2650 0.0957
vn -0.7873 0.1954 0.5849
vn -0.8093 0.0837 0.5814
vn -0.4115 0.0122 0.9113
vn -0.4016 0.0729 0.9129
vn 0.0883 -0.0682 0.9938
vn 0.0921 -0.0618 0.9938
vn 0.5711 -0.1195 0.8121
vn 0.5549 -0.1912 0.8097
vn 0.8731 -0.2631 0.4104
vn 0.8979 -0.1455 0.4154
vn -0.5641 0.0332 -0.8251
vn -0.5628 0.0604 -0.8244
vn -0.9027 0.0474 -0.4276
vn -0.9029 -0.0018 -0.4299
vn 0.9871 -0.1330 -0.0887
vn 0.9595 -0.2654 -0.0948
vn 0.7937 -0.1978 -0.5752
vn 0.8176 -0.0857 -0.5694
vn 0.5721 -0.0607 0.8180
vn 0.9051 -0.0481 0.4225
vn 0.4321 0.0379 -0.9010
vn -0.0735 0.0569 -0.9957
vn -0.9963 0.0215 0.0835
vn -0.8196 -0.0100 0.5728
vn 0.9963 -0.0228 -0.0834
vn 0.8237 0.0087 -0.5669
vn 0.3620 -0.2027 -0.9099
vn 0.3231 -0.2604 -0.9099
vn -0.0559 0.0739 -0.9957
vn -0.0642 0.0724 -0.9953
vn -0.4218 -0.0388 0.9059
vn 0.0861 -0.0572 0.9946
vn -0.8395 0.5330 0.1059
vn -0.7488 0.6536 0.1098
vn -0.6092 0.5190 0.5997
vn -0.6868 0.4201 0.5932
vn -0.3480 0.1935 0.9173
vn -0.3035 0.2430 0.9213
vn 0.0793 -0.0944 0.9924
vn 0.0812 -0.0832 0.9932
vn 0.4890 -0.3379 0.8042
vn 0.4409 -0.4065 0.8002
vn 0.6852 -0.6105 0.3971
vn 0.7659 -0.5022 0.4014
vn -0.5407 0.1875 -0.8200
vn -0.5102 0.2599 -0.8198
vn -0.8235 0.3853 -0.4163
vn -0.8695 0.2622 -0.4186
vn 0.8394 -0.5333 -0.1048
vn 0.7490 -0.6538 -0.1080
vn 0.6171 -0.5263 -0.5850
vn 0.6924 -0.4242 -0.5836
vn 0.5296 -0.2680 0.8048
vn 0.8287 -0.3871 0.4042
vn 0.3971 -0.1441 -0.9064
vn -0.0623 0.0655 -0.9959
vn -0.9090 0.4042 0.1017
vn -0.7430 0.3112 0.5925
vn 0.9092 -0.4042 -0.1003
vn 0.7520 -0.3157 -0.5786
vn 0.2277 -0.3397 -0.9126
vn 0.1759 -0.3686 -0.9128
vn -0.0404 0.0902 -0.9951
vn -0.0482 0.0860 -0.9951
vn -0.3747 0.1336 0.9175
vn 0.0895 -0.0776 0.9930
vn -0.5422 0.8326 0.1131
vn -0.4239 0.8985 0.1138
vn -0.3420 0.7226 0.6007
vn -0.4392 0.6686 0.6001
vn -0.2171 0.3232 0.9211
vn -0.1675 0.3508 0.9214
vn 0.0503 -0.1111 0.9925
vn 0.0608 -0.1052 0.9926
vn 0.3226 -0.5058 0.8001
vn 0.2548 -0.5435 0.7998
vn 0.3915 -0.8311 0.3950
vn 0.4983 -0.7716 0.3953
vn -0.4243 0.3924 -0.8161
vn -0.3699 0.4528 -0.8113
vn -0.5862 0.7021 -0.4041
vn -0.6809 0.6071 -0.4096
vn 0.5420 -0.8330 -0.1114
vn 0.4244 -0.8985 -0.1118
vn 0.3459 -0.7301 -0.5893
vn 0.4435 -0.6756 -0.5889
vn 0.3790 -0.4630 0.8012
vn 0.5891 -0.7041 0.3966
vn 0.2719 -0.3055 -0.9126
vn -0.0551 0.0831 -0.9950
vn -0.6417 0.7588 0.1117
vn -0.5221 0.6081 0.5980
vn 0.6426 -0.7582 -0.1104
vn 0.5271 -0.6131 -0.5885
vn 0.0793 -0.4009 -0.9127
vn 0.0237 -0.4087 -0.9124
vn -0.0064 0.0977 -0.9952
vn -0.0211 0.0964 -0.9951
vn -0.2611 0.2928 0.9198
vn 0.0678 -0.0981 0.9929
vn -0.1965 0.9739 0.1140
vn -0.0588 0.9917 0.1140
vn -0.0470 0.7979 0.6010
vn -0.1573 0.7838 0.6008
vn -0.0754 0.3813 0.9214
vn -0.0225 0.3877 0.9215
vn 0.0078 -0.1218 0.9925
vn 0.0256 -0.1190 0.9926
vn 0.1198 -0.5880 0.8000
vn 0.0361 -0.5990 0.7999
vn 0.0548 -0.9169 0.3954
vn 0.1820 -0.9003 0.3953
vn -0.2479 0.5293 -0.8114
vn -0.1851 0.5566 -0.8099
vn -0.2883 0.8690 -0.4022
vn -0.3895 0.8279 -0.4036
vn 0.1960 -0.9743 -0.1114
vn 0.0590 -0.9921 -0.1109
vn 0.0476 -0.8071 -0.5885
vn 0.1586 -0.7924 -0.5890
vn 0.1889 -0.5683 0.8008
vn 0.2892 -0.8717 0.3957
vn 0.1273 -0.3863 -0.9135
vn -0.0326 0.0961 -0.9948
vn -0.3125 0.9431 0.1137
vn -0.2514 0.7600 0.5993
vn 0.3125 -0.9433 -0.1119
vn 0.2536 -0.7665 -0.5901
vn -0.0864 -0.4001 -0.9124
vn -0.1396 -0.3828 -0.9132
vn 0.0411 0.0917 -0.9949
vn 0.0261 0.0946 -0.9952
vn -0.1224 0.3714 0.9204
vn 0.0383 -0.1133 0.9928
vn 0.2191 0.9689 0.1147
vn 0.3520 0.9289 0.1150
vn 0.2803 0.7482 0.6013
vn 0.1739 0.7795 0.6018
vn 0.0815 0.3787 0.9219
vn 0.1327 0.3648 0.9216
vn -0.0489 -0.1124 0.9925
vn -0.0316 -0.1190 0.9924
vn -0.1363 -0.5852 0.7994
vn -0.2175 -0.5600 0.7994
vn -0.3282 -0.8584 0.3943
vn -0.2047 -0.8957 0.3948
vn -0.0351 0.5829 -0.8118
vn 0.0484 0.5826 -0.8113
vn 0.0741 0.9121 -0.4032
vn -0.0545 0.9133 -0.4037
vn -0.2190 -0.9693 -0.1115
vn -0.3519 -0.9292 -0.1125
vn -0.2833 -0.7561 -0.5899
vn -0.1760 -0.7889 -0.5887
vn -0.0496 -0.5979 0.8001
vn -0.0744 -0.9155 0.3955
vn -0.0310 -0.4078 -0.9125
vn 0.0099 0.0982 -0.9951
vn 0.0794 0.9903 0.1141
vn 0.0629 0.7970 0.6007
vn -0.0794 -0.9906 -0.1110
vn -0.0636 -0.8059 -0.5886
vn -0.2353 -0.3302 -0.9141
vn -0.2771 -0.2961 -0.9141
vn 0.0691 0.0752 -0.9948
vn 0.0627 0.0811 -0.9947
vn 0.0293 0.3878 0.9213
vn -0.0117 -0.1211 0.9926
vn 0.5821 0.8048 0.1160
vn 0.6773 0.7265 0.1161
vn 0.5447 0.5837 0.6022
vn 0.4667 0.6481 0.6018
vn 0.2249 0.3159 0.9218
vn 0.2645 0.2827 0.9220
vn -0.0838 -0.0910 0.9923
vn -0.0748 -0.0978 0.9924
vn -0.3547 -0.4857 0.7989
vn -0.4100 -0.4407 0.7986
vn -0.6269 -0.6729 0.3928
vn -0.5401 -0.7441 0.3931
vn 0.2124 0.5460 -0.8104
vn 0.2833 0.5129 -0.8104
vn 0.4386 0.8038 -0.4018
vn 0.3272 0.8551 -0.4021
vn -0.5821 -0.8050 -0.1142
vn -0.6775 -0.7265 -0.1145
vn -0.5501 -0.5893 -0.5917
vn -0.4711 -0.6543 -0.5916
vn -0.2907 -0.5268 0.7987
vn -0.4403 -0.8071 0.3934
vn -0.1898 -0.3601 -0.9134
vn 0.0527 0.0857 -0.9949
vn 0.4732 0.8733 0.1158
vn 0.3778 0.7032 0.6023
vn -0.4732 -0.8736 -0.1134
vn -0.3820 -0.7109 -0.5905
vn -0.3517 -0.2061 -0.9132
vn -0.3841 -0.1478 -0.9114
vn 0.0764 0.0636 -0.9950
vn 0.0763 0.0664 -0.9949
vn 0.1801 0.3424 0.9221
vn -0.0637 -0.1062 0.9923
vn 0.8403 0.5301 0.1139
vn 0.9061 0.4083 0.1109
vn 0.7357 0.3167 0.5986
vn 0.6804 0.4200 0.6005
vn 0.3360 0.1961 0.9212
vn 0.3654 0.1392 0.9204
vn -0.0991 -0.0737 0.9923
vn -0.0952 -0.0782 0.9924
vn -0.5011 -0.3318 0.7992
vn -0.5372 -0.2670 0.8001
vn -0.8319 -0.3890 0.3959
vn -0.7733 -0.4967 0.3940
vn 0.3998 0.4299 -0.8095
vn 0.4476 0.3792 -0.8099
vn 0.7026 0.5875 -0.4016
vn 0.6244 0.6703 -0.4010
vn -0.8405 -0.5300 -0.1129
vn -0.9063 -0.4080 -0.1102
vn -0.7432 -0.3202 -0.5875
vn -0.6869 -0.4241 -0.5902
vn -0.4592 -0.3888 0.7987
vn -0.7055 -0.5898 0.3930
vn -0.3163 -0.2545 -0.9139
vn 0.0737 0.0703 -0.9948
vn 0.7645 0.6343 0.1155
vn 0.6169 0.5073 0.6017
vn -0.7646 -0.6343 -0.1142
vn -0.6228 -0.5122 -0.5914
vn -0.4270 0.0068 -0.9042
vn -0.4279 0.0898 -0.8994
vn 0.0759 0.0713 -0.9946
vn 0.0745 0.0655 -0.9951
vn 0.3022 0.2428 0.9218
vn -0.0905 -0.0841 0.9923
vn 0.9902 0.1001 0.0972
vn 0.9946 -0.0576 0.0863
vn 0.8117 -0.0855 0.5778
vn 0.8074 0.0522 0.5877
vn 0.4045 -0.0097 0.9145
vn 0.4077 -0.0898 0.9087
vn -0.1012 -0.0702 0.9924
vn -0.1024 -0.0684 0.9924
vn -0.5818 -0.1088 0.8060
vn -0.5832 -0.0319 0.8117
vn -0.9093 0.0147 0.4159
vn -0.9057 -0.1202 0.4064
vn 0.5209 0.2601 -0.8130
vn 0.5464 0.1866 -0.8164
vn 0.8733 0.2602 -0.4118
vn 0.8275 0.3875 -0.4064
vn -0.9902 -0.1001 -0.0973
vn -0.9945 0.0572 -0.0872
vn -0.8191 0.0846 -0.5673
vn -0.8160 -0.0538 -0.5756
vn -0.5658 -0.1913 0.8020
vn -0.8787 -0.2612 0.3997
vn -0.4112 -0.0757 -0.9084
vn 0.0751 0.0632 -0.9952
vn 0.9592 0.2622 0.1055
vn 0.7807 0.1918 0.5948
vn -0.9593 -0.2622 -0.1052
vn -0.7891 -0.1946 -0.5826
vn -0.4114 0.1641 -0.8966
vn -0.4083 0.1783 -0.8952
vn 0.0897 0.0899 -0.9919
vn 0.0882 0.0842 -0.9925
vn 0.3895 0.0693 0.9184
vn -0.1018 -0.0704 0.9923
vn 0.9801 -0.1833 0.0756
vn 0.9766 -0.2019 0.0738
vn 0.7982 -0.2194 0.5610
vn 0.8017 -0.2005 0.5630
vn 0.4079 -0.1637 0.8982
vn 0.4055 -0.1779 0.8966
vn -0.0934 -0.0892 0.9916
vn -0.0928 -0.0834 0.9922
vn -0.5705 0.0195 0.8211
vn -0.5693 0.0237 0.8218
vn -0.8930 0.1305 0.4306
vn -0.8957 0.1172 0.4289
vn 0.5643 0.0335 -0.8249
vn 0.5671 -0.0086 -0.8236
vn 0.8981 -0.0934 -0.4297
vn 0.9038 -0.0140 -0.4278
vn -0.9801 0.1833 -0.0767
vn -0.9766 0.2019 -0.0746
vn -0.7993 0.2194 -0.5594
vn -0.8030 0.2004 -0.5613
vn -0.5733 0.0096 0.8193
vn -0.9000 0.0933 0.4258
vn -0.4162 0.1428 -0.8980
vn 0.0855 0.0778 -0.9933
vn 0.9852 -0.1526 0.0786
vn 0.8062 -0.1706 0.5665
vn -0.9852 0.1517 -0.0796
vn -0.8085 0.1699 -0.5635
vn 0.4102 -0.1425 0.9008
vn -0.0933 -0.0767 0.9927
vn -0.7955 0.2373 -0.5575
vn -0.7987 0.2212 -0.5596
vn -0.4055 0.1771 -0.8968
vn -0.4055 0.1924 -0.8936
vn 0.5662 -0.0229 -0.8240
vn 0.5654 -0.0255 -0.8244
vn 0.8898 -0.1414 -0.4339
vn 0.8922 -0.1301 -0.4324
vn -0.5690 0.0266 0.8219
vn -0.8909 0.1420 0.4315
vn 0.0909 0.0966 -0.9912
vn 0.9731 -0.2187 0.0718
vn 0.7946 -0.2373 0.5589
vn 0.5700 -0.0287 -0.8211
vn 0.8933 -0.1358 -0.4285
vn 0.4026 -0.1919 0.8950
vn -0.0950 -0.0956 0.9909
vn -0.9730 0.2189 -0.0731
vn -0.4251 0.1134 -0.8980
vn -0.4652 -0.0163 -0.8850
vn 0.0292 -0.1641 -0.9860
vn 0.0762 0.0183 -0.9969
vn 0.9771 -0.1951 0.0849
vn 0.9652 -0.2411 0.1017
vn 0.8061 -0.1219 0.5790
vn 0.8012 -0.1761 0.5719
vn 0.4130 -0.1098 0.9041
vn 0.4363 0.0286 0.8994
vn -0.0422 0.1702 0.9845
vn -0.0807 -0.0151 0.9966
vn -0.5544 0.0838 0.8280
vn -0.5103 0.2685 0.8170
vn -0.8488 0.2980 0.4366
vn -0.8838 0.1609 0.4394
vn -0.9785 0.1953 -0.0663
vn -0.9665 0.2498 -0.0589
vn -0.8293 0.1355 -0.5421
vn -0.8119 0.1782 -0.5559
vn -0.9760 0.2056 -0.0715
vn -0.6493 -0.3941 -0.6505
vn -0.7469 -0.5074 -0.4298
vn -0.3708 -0.8654 -0.3369
vn -0.2224 -0.7189 -0.6586
vn 0.8997 -0.3836 0.2082
vn 0.8533 -0.4365 0.2852
vn 0.9091 0.0624 0.4119
vn 0.8653 0.0331 0.5002
vn 0.6084 0.4388 0.6613
vn 0.7243 0.5396 0.4293
vn 0.3560 0.8718 0.3364
vn 0.2002 0.7299 0.6536
vn -0.2590 0.8373 0.4815
vn -0.1016 0.9821 0.1585
vn -0.5377 0.8409 -0.0621
vn -0.6555 0.7320 0.1857
vn 0.5186 -0.2670 -0.8123
vn 0.4270 -0.5447 -0.7218
vn 0.7974 -0.4996 -0.3386
vn 0.8635 -0.2952 -0.4088
vn -0.8844 0.4391 -0.1578
vn -0.8357 0.4796 -0.2675
vn -0.9151 -0.0113 -0.4030
vn -0.8864 0.0329 -0.4618
vn -0.4145 0.5501 0.7250
vn -0.7749 0.5124 0.3701
vn -0.5324 -0.2058 -0.8211
vn -0.0623 -0.4359 -0.8978
vn 0.9397 -0.3154 0.1326
vn 0.8270 -0.0469 0.5602
vn -0.9362 0.3416 -0.0827
vn -0.8515 0.0803 -0.5182
vn -0.9034 -0.4287 0.0068
vn -0.9629 -0.2359 0.1314
vn -0.7079 -0.4347 0.5567
vn -0.6071 -0.7265 0.3220
vn 0.4989 0.2318 0.8351
vn 0.0478 0.4478 0.8929
vn 0.7623 -0.3794 0.5244
vn 0.7404 -0.2285 0.6321
vn 0.9692 0.0294 0.2446
vn 0.9592 0.0523 0.2778
vn 0.8875 0.4595 -0.0352
vn 0.9417 0.2707 -0.1996
vn 0.6787 0.4386 -0.5890
vn 0.5885 0.7387 -0.3286
vn 0.1473 0.8302 -0.5376
vn 0.2459 0.4987 -0.8312
vn -0.2479 0.4376 -0.8643
vn -0.3310 0.7143 -0.6166
vn 0.1094 -0.9826 -0.1502
vn -0.0284 -0.9767 0.2129
vn 0.4668 -0.8099 0.3553
vn 0.5629 -0.8227 0.0800
vn -0.7332 0.4128 -0.5403
vn -0.6822 0.2677 -0.6804
vn -0.9469 0.0237 -0.3207
vn -0.9499 -0.0086 -0.3124
vn 0.0337 0.9809 -0.1917
vn -0.4295 0.8386 -0.3350
vn -0.8463 -0.4931 -0.2016
vn -0.5156 -0.8568 0.0050
vn 0.8183 -0.4192 0.3933
vn 0.9413 0.0750 0.3292
vn -0.7831 0.4819 -0.3932
vn -0.9378 -0.0005 -0.3471
vn -0.2381 -0.5084 0.8275
vn -0.2746 -0.2348 0.9325
vn 0.2488 -0.2134 0.9448
vn 0.3001 -0.4296 0.8517
vn 0.8179 0.5447 0.1852
vn 0.4880 0.8729 -0.0026
vn 0.2790 0.2451 -0.9285
vn -0.2213 0.2239 -0.9491
vn -0.9714 -0.0988 0.2162
vn -0.7205 -0.1932 0.6660
vn 0.7059 -0.1326 0.6957
vn 0.9678 -0.0120 0.2514
vn -0.5494 0.5070 0.6642
vn -0.5598 0.5029 0.6585
vn -0.8878 0.3688 0.2754
vn -0.8744 0.3815 0.2999
vn 0.9615 0.1117 -0.2512
vn 0.7073 0.2046 -0.6766
vn -0.6742 0.1442 -0.7243
vn -0.9546 0.0252 -0.2967
vn -0.9656 0.1160 0.2328
vn -0.9667 -0.0597 -0.2489
vn -0.6422 0.3530 -0.6805
vn -0.8929 -0.0259 -0.4495
vn -0.5697 0.0712 -0.8188
vn -0.8975 -0.0586 -0.4371
vn -0.5644 0.0422 -0.8244
vn -0.8978 -0.0537 -0.4371
vn -0.9018 -0.0296 -0.4311
vn -0.5528 0.1174 -0.8250
vn -0.8931 0.1449 -0.4259
vn -0.4770 0.3305 -0.8144
vn -0.7630 0.5004 -0.4093
vn -0.3139 0.4925 -0.8117
vn -0.4964 0.7683 -0.4041
vn -0.1170 0.5726 -0.8114
vn -0.1818 0.8967 -0.4035
vn 0.1327 0.5688 -0.8117
vn 0.2041 0.8920 -0.4034
vn 0.3466 0.4743 -0.8093
vn 0.5383 0.7414 -0.4007
vn 0.4878 0.3236 -0.8108
vn 0.7699 0.4948 -0.4031
vn 0.5615 0.1074 -0.8205
vn 0.9000 0.1203 -0.4189
vn 0.5666 -0.0185 -0.8238
vn 0.8946 -0.1169 -0.4313
vn 0.9756 -0.2058 0.0763
vn 0.7979 -0.2209 0.5609
vn 0.9436 -0.1311 -0.3040
vn 0.9419 -0.1442 -0.3033
vn 0.9733 -0.0898 0.2112
vn 0.9744 -0.0792 0.2104
vn -0.5638 0.0273 0.8255
vn -0.8900 0.1347 0.4356
vn 0.4081 -0.1772 0.8956
vn -0.0882 -0.0867 0.9923
vn 0.5587 -0.0823 -0.8253
vn 0.8901 -0.1609 -0.4265
vn 0.0944 0.0858 -0.9918
vn 0.2747 -0.8368 -0.4736
vn 0.6908 -0.7076 -0.1485
vn -0.1488 -0.8247 0.5457
vn 0.3525 -0.6998 0.6213
vn -0.4318 -0.3595 -0.8272
vn -0.4116 -0.3705 -0.8327
vn 0.0899 -0.5080 -0.8567
vn 0.0844 -0.5036 -0.8598
vn 0.5661 -0.5043 -0.6521
vn 0.5583 -0.5088 -0.6553
vn 0.8868 -0.3724 -0.2737
vn 0.8974 -0.3610 -0.2535
vn 0.9701 -0.1169 0.2126
vn 0.9737 -0.1349 0.1834
vn 0.8017 0.1313 0.5831
vn 0.7811 0.1501 0.6060
vn -0.9740 0.1337 -0.1830
vn -0.9589 0.2089 -0.1921
vn -0.8344 -0.1538 -0.5293
vn -0.8021 -0.1325 -0.5822
vn 0.5678 0.7162 0.4059
vn 0.7314 0.6801 0.0498
vn 0.3709 0.9003 -0.2279
vn 0.1487 0.9513 0.2699
vn -0.8975 0.2945 -0.3284
vn -0.8183 0.2549 -0.5151
vn -0.9130 -0.2147 -0.3469
vn -0.8826 -0.1932 -0.4286
vn 0.9125 -0.1901 0.3623
vn 0.8429 -0.1929 0.5022
vn 0.9059 0.2804 0.3173
vn 0.8467 0.2990 0.4401
vn 0.9587 -0.1520 0.2403
vn 0.7992 0.2101 0.5632
vn 0.3265 -0.9435 -0.0565
vn 0.0840 -0.8872 0.4536
vn 0.5452 -0.6266 0.5570
vn 0.7344 -0.6533 0.1837
vn -0.4993 0.6802 0.5367
vn -0.8350 0.5127 0.1996
vn -0.6312 -0.6540 -0.4170
vn -0.7644 -0.6401 -0.0774
vn -0.3955 -0.8915 0.2209
vn -0.1815 -0.9428 -0.2795
vn -0.4763 -0.4888 -0.7309
vn 0.0251 -0.6865 -0.7267
vn 0.4295 0.5131 0.7431
vn -0.0458 0.6802 0.7316
vn 0.2028 0.3472 -0.9156
vn 0.2765 0.0915 -0.9566
vn -0.2211 -0.0339 -0.9747
vn -0.2818 0.1923 -0.9400
vn -0.3034 0.9502 0.0712
vn -0.0774 0.8927 -0.4440
vn -0.5127 0.6593 -0.5500
vn -0.6863 0.7125 -0.1462
vn 0.5111 -0.6855 -0.5185
vn 0.8593 -0.4865 -0.1580
vn 0.3856 0.3787 0.8414
vn 0.4105 0.3666 0.8349
vn -0.0917 0.5019 0.8600
vn -0.1002 0.5057 0.8568
vn -0.9154 -0.3602 0.1799
vn -0.9472 -0.2435 0.2088
vn -0.7100 -0.1938 0.6770
vn -0.6515 -0.4102 0.6382
vn -0.2038 -0.3445 0.9164
vn -0.2774 -0.0905 0.9565
vn 0.2354 0.0388 0.9711
vn 0.3059 -0.1801 0.9349
vn 0.7221 0.0322 0.6911
vn 0.6783 0.1563 0.7180
vn 0.9324 0.2305 0.2783
vn 0.9349 0.2315 0.2690
vn -0.7506 0.1423 -0.6452
vn -0.9237 -0.2055 -0.3234
vn 0.9011 0.3707 -0.2252
vn 0.9402 0.2440 -0.2378
vn 0.6983 0.1925 -0.6894
vn 0.6314 0.4120 -0.6569
vn 0.7809 -0.1027 0.6162
vn 0.9289 0.2480 0.2751
vn 0.0821 0.6516 -0.7541
vn -0.3839 0.4556 -0.8031
vn -0.8558 -0.5086 0.0946
vn -0.5456 -0.6755 0.4960
vn 0.8337 0.5345 -0.1389
vn 0.5228 0.6802 -0.5138
vn -0.0789 -0.6497 0.7561
vn 0.4145 -0.4355 0.7991
vn -0.6593 -0.1497 -0.7368
vn -0.6557 -0.2071 -0.7261
vn -0.9270 -0.2328 -0.2941
vn -0.9236 -0.2260 -0.3097
vn 0.6558 0.2074 0.7259
vn 0.9272 0.2329 0.2934
vn 0.3011 -0.0101 -0.9535
vn -0.2068 -0.1259 -0.9703
vn -0.9551 -0.1966 0.2217
vn -0.7246 -0.1069 0.6808
vn 0.9549 0.1968 -0.2224
vn 0.9547 0.1974 -0.2227
vn 0.7251 0.1039 -0.6808
vn 0.7245 0.1075 -0.6808
vn -0.3008 0.0111 0.9536
vn 0.2065 0.1266 0.9702
vn 0.3055 -0.0192 -0.9520
vn 0.3060 -0.0217 -0.9518
vn -0.2061 -0.1187 -0.9713
vn -0.2039 -0.1311 -0.9702
vn -0.9568 -0.1871 0.2224
vn -0.9622 -0.1611 0.2198
vn -0.7289 -0.0796 0.6800
vn -0.7255 -0.0959 0.6815
vn -0.3005 0.0205 0.9536
vn -0.3008 0.0228 0.9534
vn 0.2102 0.1194 0.9703
vn 0.2074 0.1317 0.9694
vn 0.6566 0.2070 0.7253
vn 0.6617 0.1834 0.7270
vn 0.9342 0.1986 0.2963
vn 0.9283 0.2272 0.2944
vn 0.9574 0.1874 -0.2198
vn 0.9625 0.1613 -0.2179
vn 0.7318 0.0804 -0.6767
vn 0.7287 0.0969 -0.6780
vn 0.3020 -0.0169 -0.9532
vn -0.2056 -0.1339 -0.9694
vn -0.6544 -0.2142 -0.7252
vn -0.6553 -0.2069 -0.7265
vn -0.9284 -0.2273 -0.2941
vn -0.9260 -0.2373 -0.2938
vn 0.3121 -0.0412 -0.9491
vn 0.3189 -0.0669 -0.9454
vn -0.2011 -0.0587 -0.9778
vn -0.2064 -0.0922 -0.9741
vn -0.9738 -0.0766 0.2139
vn -0.9774 0.0322 0.2087
vn -0.7349 0.0575 0.6758
vn -0.7356 -0.0194 0.6771
vn -0.3002 0.0424 0.9529
vn -0.2948 0.0667 0.9532
vn 0.2245 0.0577 0.9728
vn 0.2176 0.0928 0.9716
vn 0.6729 0.1179 0.7303
vn 0.6787 0.0333 0.7336
vn 0.9511 0.0007 0.3088
vn 0.9467 0.1119 0.3021
vn -0.6597 -0.1832 -0.7288
vn -0.6636 -0.1584 -0.7311
vn -0.9394 -0.1661 -0.2998
vn -0.9340 -0.1986 -0.2970
vn 0.9746 0.0764 -0.2103
vn 0.9791 -0.0324 -0.2009
vn 0.7479 -0.0573 -0.6613
vn 0.7421 0.0202 -0.6700
vn 0.6663 0.1585 0.7286
vn 0.9398 0.1660 0.2987
vn 0.3077 -0.0285 -0.9511
vn -0.2073 -0.1082 -0.9723
vn -0.9675 -0.1295 0.2173
vn -0.7324 -0.0575 0.6785
vn 0.9679 0.1297 -0.2153
vn 0.7358 0.0582 -0.6747
vn 0.3044 -0.1399 -0.9422
vn 0.2901 -0.1745 -0.9410
vn -0.1682 0.0690 -0.9833
vn -0.1858 0.0336 -0.9820
vn -0.3014 0.0296 0.9530
vn 0.2126 0.1089 0.9710
vn -0.9221 0.3353 0.1931
vn -0.8645 0.4652 0.1902
vn -0.6546 0.3632 0.6630
vn -0.6967 0.2706 0.6643
vn -0.2838 0.1329 0.9496
vn -0.2686 0.1633 0.9493
vn 0.1896 -0.0805 0.9786
vn 0.2059 -0.0408 0.9777
vn 0.6356 -0.2017 0.7452
vn 0.5926 -0.3003 0.7474
vn 0.8367 -0.4394 0.3269
vn 0.8946 -0.3081 0.3236
vn -0.6667 -0.0348 -0.7446
vn -0.6531 0.0861 -0.7524
vn -0.9329 0.1591 -0.3232
vn -0.9495 -0.0018 -0.3137
vn 0.9234 -0.3354 -0.1866
vn 0.8658 -0.4657 -0.1832
vn 0.6659 -0.3688 -0.6485
vn 0.7076 -0.2740 -0.6513
vn 0.6670 -0.0891 0.7397
vn 0.9348 -0.1593 0.3173
vn 0.3167 -0.1045 -0.9427
vn -0.1942 -0.0108 -0.9809
vn -0.9612 0.1895 0.2005
vn -0.7225 0.1674 0.6708
vn 0.9631 -0.1891 -0.1917
vn 0.7372 -0.1691 -0.6542
vn 0.2465 -0.2321 -0.9409
vn 0.2181 -0.2581 -0.9412
vn -0.1138 0.1413 -0.9834
vn -0.1335 0.1216 -0.9836
vn -0.2894 0.0998 0.9520
vn 0.2209 0.0055 0.9753
vn -0.7189 0.6696 0.1867
vn -0.6284 0.7552 0.1864
vn -0.4821 0.5770 0.6592
vn -0.5492 0.5130 0.6597
vn -0.2317 0.2182 0.9480
vn -0.2060 0.2435 0.9478
vn 0.1261 -0.1561 0.9797
vn 0.1486 -0.1356 0.9796
vn 0.4854 -0.4497 0.7497
vn 0.4213 -0.5102 0.7498
vn 0.6029 -0.7267 0.3292
vn 0.6916 -0.6429 0.3293
vn -0.5811 0.2940 -0.7589
vn -0.5321 0.3767 -0.7583
vn -0.7656 0.5501 -0.3336
vn -0.8349 0.4384 -0.3328
vn 0.7195 -0.6703 -0.1816
vn 0.6290 -0.7558 -0.1819
vn 0.4881 -0.5843 -0.6483
vn 0.5567 -0.5200 -0.6479
vn 0.5401 -0.3822 0.7498
vn 0.7671 -0.5508 0.3290
vn 0.2683 -0.2041 -0.9415
vn -0.1531 0.1001 -0.9831
vn -0.7950 0.5770 0.1870
vn -0.6059 0.4452 0.6593
vn 0.7960 -0.5772 -0.1822
vn 0.6134 -0.4504 -0.6487
vn 0.1488 -0.3030 -0.9413
vn 0.1061 -0.3188 -0.9419
vn -0.0492 0.1766 -0.9830
vn -0.0709 0.1670 -0.9834
vn -0.2537 0.1936 0.9477
vn 0.1676 -0.1106 0.9796
vn -0.4177 0.8890 0.1878
vn -0.2955 0.9366 0.1883
vn -0.2288 0.7148 0.6608
vn -0.3222 0.6777 0.6610
vn -0.1399 0.2838 0.9486
vn -0.1004 0.3004 0.9485
vn 0.0552 -0.1957 0.9791
vn 0.0803 -0.1869 0.9791
vn 0.2768 -0.6029 0.7482
vn 0.1945 -0.6346 0.7480
vn 0.2812 -0.9024 0.3266
vn 0.3987 -0.8567 0.3273
vn -0.4143 0.5019 -0.7592
vn -0.3477 0.5506 -0.7589
vn -0.5069 0.7945 -0.3344
vn -0.6016 0.7253 -0.3348
vn 0.4179 -0.8898 -0.1834
vn 0.2955 -0.9374 -0.1844
vn 0.2314 -0.7238 -0.6501
vn 0.3265 -0.6871 -0.6490
vn 0.3536 -0.5598 0.7494
vn 0.5078 -0.7963 0.3285
vn 0.1864 -0.2812 -0.9414
vn -0.0934 0.1562 -0.9833
vn -0.5309 0.8266 0.1868
vn -0.4087 0.6308 0.6596
vn 0.5311 -0.8274 -0.1826
vn 0.4135 -0.6388 -0.6488
vn 0.0075 -0.3354 -0.9420
vn -0.0441 -0.3333 -0.9418
vn 0.0163 0.1819 -0.9832
vn -0.0042 0.1833 -0.9830
vn -0.1763 0.2652 0.9479
vn 0.1039 -0.1725 0.9795
vn -0.0222 0.9817 0.1891
vn 0.1156 0.9752 0.1888
vn 0.0909 0.7440 0.6619
vn -0.0169 0.7494 0.6619
vn -0.0071 0.3149 0.9491
vn 0.0417 0.3121 0.9491
vn -0.0189 -0.2043 0.9787
vn 0.0047 -0.2050 0.9788
vn 0.0151 -0.6648 0.7469
vn -0.0738 -0.6608 0.7469
vn -0.1088 -0.9393 0.3254
vn 0.0215 -0.9454 0.3252
vn -0.1911 0.6236 -0.7580
vn -0.1047 0.6429 -0.7587
vn -0.1545 0.9301 -0.3333
vn -0.2807 0.9002 -0.3330
vn 0.0223 -0.9824 -0.1855
vn -0.1158 -0.9759 -0.1852
vn -0.0921 -0.7541 -0.6503
vn 0.0172 -0.7591 -0.6507
vn 0.1069 -0.6564 0.7468
vn 0.1548 -0.9328 0.3254
vn 0.0591 -0.3314 -0.9416
vn -0.0263 0.1801 -0.9833
vn -0.1630 0.9683 0.1893
vn -0.1263 0.7383 0.6625
vn 0.1629 -0.9691 -0.1850
vn 0.1279 -0.7490 -0.6501
vn -0.1431 -0.3067 -0.9410
vn -0.1836 -0.2862 -0.9404
vn 0.0791 0.1612 -0.9837
vn 0.0585 0.1714 -0.9835
vn -0.0555 0.3092 0.9494
vn 0.0302 -0.2034 0.9786
vn 0.3851 0.9039 0.1862
vn 0.5010 0.8455 0.1846
vn 0.3899 0.6440 0.6582
vn 0.3009 0.6888 0.6595
vn 0.1354 0.2881 0.9480
vn 0.1737 0.2690 0.9473
vn -0.0896 -0.1789 0.9798
vn -0.0667 -0.1907 0.9794
vn -0.2490 -0.6139 0.7491
vn -0.3264 -0.5747 0.7505
vn -0.4750 -0.8156 0.3303
vn -0.3639 -0.8716 0.3284
vn 0.0722 0.6477 -0.7585
vn 0.1605 0.6306 -0.7593
vn 0.2399 0.9114 -0.3343
vn 0.1083 0.9366 -0.3332
vn -0.3852 -0.9047 -0.1823
vn -0.5012 -0.8463 -0.1805
vn -0.3946 -0.6525 -0.6470
vn -0.3044 -0.6979 -0.6483
vn -0.1640 -0.6436 0.7476
vn -0.2406 -0.9141 0.3265
vn -0.0961 -0.3235 -0.9413
vn 0.0372 0.1776 -0.9834
vn 0.2553 0.9484 0.1879
vn 0.2000 0.7230 0.6613
vn -0.2553 -0.9492 -0.1840
vn -0.2024 -0.7331 -0.6493
vn -0.2466 -0.2372 -0.9396
vn -0.2709 -0.2107 -0.9393
vn 0.1383 0.1088 -0.9844
vn 0.1194 0.1309 -0.9842
vn 0.0906 0.3024 0.9488
vn -0.0432 -0.1998 0.9789
vn 0.6949 0.6958 0.1820
vn 0.7752 0.6050 0.1818
vn 0.5953 0.4642 0.6558
vn 0.5364 0.5313 0.6557
vn 0.2335 0.2239 0.9462
vn 0.2553 0.1985 0.9463
vn -0.1539 -0.1210 0.9806
vn -0.1328 -0.1443 0.9806
vn -0.4600 -0.4704 0.7530
vn -0.5180 -0.4051 0.7533
vn -0.7427 -0.5802 0.3344
vn -0.6633 -0.6698 0.3337
vn 0.3203 0.5646 -0.7607
vn 0.3902 0.5176 -0.7615
vn 0.5739 0.7459 -0.3380
vn 0.4739 0.8137 -0.3368
vn -0.6954 -0.6964 -0.1773
vn -0.7759 -0.6057 -0.1764
vn -0.6032 -0.4705 -0.6440
vn -0.5429 -0.5380 -0.6448
vn -0.3970 -0.5263 0.7519
vn -0.5752 -0.7475 0.3322
vn -0.2182 -0.2624 -0.9400
vn 0.0997 0.1479 -0.9840
vn 0.6047 0.7751 0.1831
vn 0.4688 0.5907 0.6567
vn -0.6050 -0.7759 -0.1787
vn -0.4744 -0.5983 -0.6458
vn -0.3068 -0.1549 -0.9391
vn -0.3160 -0.1238 -0.9407
vn 0.1878 0.0057 -0.9822
vn 0.1713 0.0470 -0.9841
vn 0.2066 0.2473 0.9467
vn -0.1117 -0.1633 0.9802
vn 0.9026 0.3882 0.1859
vn 0.9479 0.2558 0.1897
vn 0.7182 0.2165 0.6613
vn 0.6854 0.3084 0.6596
vn 0.2839 0.1455 0.9478
vn 0.2952 0.1188 0.9480
vn -0.2078 -0.0109 0.9781
vn -0.1938 -0.0565 0.9794
vn -0.6150 -0.2414 0.7506
vn -0.6502 -0.1362 0.7475
vn -0.9179 -0.2244 0.3272
vn -0.8714 -0.3614 0.3317
vn 0.5095 0.3984 -0.7627
vn 0.5593 0.3270 -0.7617
vn 0.8087 0.4811 -0.3385
vn 0.7413 0.5790 -0.3395
vn -0.9041 -0.3886 -0.1780
vn -0.9495 -0.2552 -0.1825
vn -0.7295 -0.2185 -0.6481
vn -0.6976 -0.3131 -0.6444
vn -0.5678 -0.3319 0.7533
vn -0.8102 -0.4817 0.3341
vn -0.2890 -0.1834 -0.9396
vn 0.1568 0.0833 -0.9841
vn 0.8425 0.5070 0.1822
vn 0.6445 0.3934 0.6557
vn -0.8435 -0.5072 -0.1768
vn -0.6528 -0.3981 -0.6445
vn -0.3181 -0.0678 -0.9456
vn -0.3122 -0.0618 -0.9480
vn 0.2067 -0.1105 -0.9721
vn 0.2024 -0.0938 -0.9748
vn 0.2731 0.1740 0.9461
vn -0.1725 -0.0927 0.9806
vn 0.9780 -0.0268 0.2069
vn 0.9756 -0.0678 0.2087
vn 0.7419 -0.0031 0.6705
vn 0.7408 0.0244 0.6713
vn 0.3050 0.0685 0.9499
vn 0.3101 0.0620 0.9487
vn -0.2076 0.1105 0.9720
vn -0.2142 0.0937 0.9723
vn -0.6718 0.0934 0.7348
vn -0.6667 0.1291 0.7341
vn -0.9451 0.1135 0.3065
vn -0.9484 0.0688 0.3094
vn 0.6399 0.1337 -0.7567
vn 0.6581 0.0102 -0.7528
vn 0.9440 0.0649 -0.3235
vn 0.9164 0.2247 -0.3312
vn -0.9791 0.0259 -0.2019
vn -0.9758 0.0676 -0.2077
vn -0.7432 0.0032 -0.6690
vn -0.7481 -0.0242 -0.6631
vn -0.6729 -0.0124 0.7396
vn -0.9457 -0.0654 0.3183
vn -0.3255 -0.0925 -0.9410
vn 0.1916 -0.0477 -0.9803
vn 0.9742 0.1026 0.2009
vn 0.7331 0.1117 0.6709
vn -0.9765 -0.1020 -0.1900
vn -0.7498 -0.1121 -0.6521
vn -0.3120 -0.0642 -0.9479
vn -0.3128 -0.0687 -0.9473
vn 0.2055 -0.1253 -0.9706
vn 0.2064 -0.1179 -0.9713
vn 0.2951 0.0902 0.9512
vn -0.2208 0.0445 0.9743
vn 0.9749 -0.0756 0.2095
vn 0.7414 -0.0056 0.6710
vn 0.7417 -0.0063 0.6706
vn 0.3107 0.0643 0.9483
vn 0.3108 0.0690 0.9480
vn -0.2058 0.1253 0.9705
vn -0.2064 0.1179 0.9713
vn -0.6654 0.1395 0.7333
vn -0.6644 0.1478 0.7326
vn -0.9432 0.1312 0.3053
vn -0.9440 0.1242 0.3056
vn 0.6664 -0.1293 -0.7343
vn 0.6661 -0.1351 -0.7336
vn 0.9446 -0.1200 -0.3056
vn 0.9451 -0.1138 -0.3063
vn -0.9751 0.0757 -0.2086
vn -0.9748 0.0795 -0.2085
vn -0.7431 0.0060 -0.6691
vn -0.7427 0.0065 -0.6696
vn -0.6658 0.1351 0.7338
vn -0.9444 0.1201 0.3060
vn -0.3118 -0.0625 -0.9481
vn 0.2067 -0.1144 -0.9717
vn 0.9752 -0.0729 0.2091
vn 0.7419 -0.0056 0.6705
vn -0.9753 0.0729 -0.2084
vn -0.7427 0.0058 -0.6695
vn 0.3106 0.0627 0.9485
vn -0.2067 0.1144 0.9717
vn 0.7407 -0.0107 0.6717
vn -0.9735 0.0900 -0.2102
vn -0.7426 0.0111 -0.6697
vn 0.3102 0.0708 0.9480
vn -0.2060 0.1335 0.9694
vn -0.6640 0.1600 0.7305
vn -0.9420 0.1442 0.3029
vn 0.6650 -0.1478 -0.7321
vn 0.6628 -0.1600 -0.7315
vn -0.3365 -0.1533 -0.9291
vn -0.4193 -0.3688 -0.8296
vn 0.0903 -0.5590 -0.8243
vn 0.1824 -0.2559 -0.9493
vn 0.9638 -0.1284 0.2337
vn 0.9430 -0.1787 0.2808
vn 0.7532 0.1261 0.6456
vn 0.7352 0.0211 0.6775
vn 0.3146 0.1642 0.9349
vn 0.3713 0.3948 0.8404
vn -0.1064 0.5625 0.8199
vn -0.1883 0.2640 0.9460
vn -0.6377 0.2945 0.7118
vn -0.5531 0.5869 0.5913
vn -0.8580 0.4655 0.2174
vn -0.9213 0.2497 0.2980
vn 0.6612 -0.1786 -0.7287
vn 0.9399 -0.1627 -0.3001
vn -0.9696 0.1392 -0.2013
vn -0.9501 0.2238 -0.2175
vn -0.7948 -0.0805 -0.6016
vn -0.7567 -0.0091 -0.6537
vn -0.6603 0.1799 0.7291
vn -0.9390 0.1637 0.3025
vn -0.3135 -0.0703 -0.9470
vn -0.3142 -0.0755 -0.9464
vn 0.2027 -0.1471 -0.9681
vn 0.2037 -0.1333 -0.9699
vn 0.9713 -0.1031 0.2141
vn 0.7393 -0.0148 0.6732
vn -0.9721 0.1040 -0.2101
vn -0.7426 0.0161 -0.6696
vn -0.6622 -0.6660 -0.3435
vn -0.7668 -0.6383 -0.0679
vn -0.3761 -0.9099 0.1753
vn -0.2348 -0.9560 -0.1758
vn 0.3104 0.0770 0.9475
vn -0.2038 0.1486 0.9677
vn 0.8923 -0.2477 0.3774
vn 0.8711 -0.2552 0.4195
vn 0.9326 0.2384 0.2710
vn 0.8738 0.2646 0.4080
vn 0.6299 0.7018 0.3326
vn 0.7481 0.6613 0.0541
vn 0.3702 0.9121 -0.1764
vn 0.2243 0.9593 0.1718
vn -0.2348 0.9716 -0.0308
vn -0.0987 0.9279 -0.3596
vn -0.5403 0.7102 -0.4514
vn -0.6318 0.7421 -0.2238
vn 0.5725 -0.5839 -0.5756
vn 0.4171 -0.8564 -0.3043
vn 0.7732 -0.6340 0.0103
vn 0.8811 -0.4419 -0.1685
vn -0.8752 0.3191 -0.3635
vn -0.8514 0.3033 -0.4280
vn -0.9379 -0.1927 -0.2883
vn -0.8910 -0.1958 -0.4095
vn -0.4006 0.8595 0.3176
vn -0.7488 0.6624 0.0212
vn -0.5250 -0.5840 -0.6191
vn -0.0603 -0.8410 -0.5376
vn 0.9165 -0.2355 0.3232
vn 0.8088 0.2214 0.5448
vn -0.9126 0.2905 -0.2876
vn -0.8345 -0.1675 -0.5250
vn -0.8426 -0.5188 0.1447
vn -0.8646 -0.4362 0.2493
vn -0.5013 -0.6527 0.5680
vn -0.4695 -0.7628 0.4447
vn 0.4912 0.6116 0.6202
vn 0.0488 0.8429 0.5358
vn 0.8628 -0.2394 0.4452
vn 0.8560 -0.2358 0.4600
vn 0.9859 0.1276 0.1085
vn 0.9717 0.1753 0.1586
vn 0.8257 0.5390 -0.1662
vn 0.8523 0.4510 -0.2650
vn 0.4980 0.6555 -0.5677
vn 0.4651 0.7633 -0.4484
vn -0.0122 0.7902 -0.6128
vn 0.0202 0.6908 -0.7228
vn -0.4618 0.5513 -0.6948
vn -0.4825 0.6177 -0.6211
vn 0.1166 -0.9230 0.3667
vn 0.0344 -0.7871 0.6158
vn 0.5192 -0.5943 0.6142
vn 0.5709 -0.6834 0.4551
vn -0.0037 -0.6871 0.7265
vn 0.4902 -0.5358 0.6874
vn -0.8368 0.2821 -0.4692
vn -0.8349 0.2633 -0.4833
vn -0.9856 -0.1007 -0.1358
vn -0.9726 -0.1346 -0.1896
vn -0.9766 0.1526 -0.1519
vn -0.8202 -0.1150 -0.5604
vn -0.6927 -0.0121 -0.7211
vn -0.9240 -0.2121 -0.3183
vn 0.6543 0.2142 0.7253
vn 0.9262 0.2372 0.2929
vn -0.3026 0.0167 0.9530
vn 0.2046 0.1337 0.9697
vn -0.9550 -0.1976 0.2212
vn -0.7258 -0.1042 0.6800
vn -0.6671 -0.1182 -0.7356
vn -0.9458 -0.1125 -0.3046
vn -0.6251 0.1978 -0.7551
vn -0.8930 0.3076 -0.3284
vn -0.4771 0.4419 -0.7596
vn -0.6902 0.6414 -0.3350
vn -0.2714 0.5916 -0.7592
vn -0.3977 0.8545 -0.3342
vn -0.0148 0.6522 -0.7579
vn -0.0213 0.9428 -0.3326
vn 0.2442 0.6027 -0.7597
vn 0.3631 0.8693 -0.3353
vn 0.4526 0.4630 -0.7621
vn 0.6619 0.6686 -0.3389
vn 0.6032 0.2362 -0.7618
vn 0.8698 0.3605 -0.3369
vn 0.6661 -0.0946 -0.7399
vn 0.9478 -0.0704 -0.3111
vn 0.6656 -0.1395 -0.7331
vn 0.9442 -0.1242 -0.3051
vn 0.6464 -0.2875 -0.7068
vn 0.9304 -0.2414 -0.2758
vn 0.2588 -0.9650 0.0424
vn 0.6688 -0.7022 0.2439
vn -0.7191 0.2584 0.6451
vn -0.3022 0.3351 0.8924
vt 0.351051 0.010978
vt 0.349124 0.005152
vt 0.355118 0.003250
vt 0.357474 0.011578
vt 0.678221 0.050521
vt 0.716211 0.021985
vt 0.726059 0.033871
vt 0.689014 0.084577
vt 0.196362 0.241940
vt 0.205720 0.241827
vt 0.235727 0.283840
vt 0.221065 0.294839
vt 0.487603 0.406617
vt 0.487615 0.391199
vt 0.536282 0.398948
vt 0.321668 0.050301
vt 0.227857 0.050301
vt 0.227857 0.040644
vt 0.321668 0.040644
vt 0.321668 0.014501
vt 0.227857 0.014501
vt 0.227857 0.004844
vt 0.321668 0.004844
vt 0.321668 0.074167
vt 0.227857 0.074168
vt 0.227857 0.064511
vt 0.321668 0.064511
vt 0.321668 0.062234
vt 0.227857 0.062234
vt 0.227857 0.052578
vt 0.321668 0.052578
vt 0.321668 0.026434
vt 0.227857 0.026434
vt 0.227857 0.016778
vt 0.321668 0.016778
vt 0.120027 0.112707
vt 0.110684 0.118050
vt 0.110690 0.116460
vt 0.118640 0.111902
vt 0.120747 0.114555
vt 0.122027 0.112406
vt 0.121877 0.102367
vt 0.119969 0.102076
vt 0.120692 0.100291
vt 0.112186 0.095065
vt 0.110901 0.096620
vt 0.109696 0.095046
vt 0.100749 0.099874
vt 0.101483 0.101824
vt 0.099415 0.102104
vt 0.099415 0.112310
vt 0.101389 0.112626
vt 0.100622 0.114522
vt 0.109429 0.119599
vt 0.111944 0.119659
vt 0.227857 0.038367
vt 0.321668 0.038367
vt 0.321668 0.028711
vt 0.227857 0.028711
vt 0.227857 0.002567
vt 0.321668 0.002568
vt 0.118634 0.102833
vt 0.102775 0.111837
vt 0.102856 0.102639
vt 0.110877 0.098194
vt 0.253592 0.415073
vt 0.159781 0.415073
vt 0.159781 0.405417
vt 0.253592 0.405417
vt 0.253592 0.379273
vt 0.159781 0.379273
vt 0.159781 0.369617
vt 0.253592 0.369617
vt 0.253592 0.438940
vt 0.159781 0.438940
vt 0.159781 0.429284
vt 0.253592 0.429283
vt 0.253592 0.427006
vt 0.159781 0.427007
vt 0.159781 0.417350
vt 0.253592 0.417350
vt 0.253592 0.391207
vt 0.159781 0.391207
vt 0.159781 0.381550
vt 0.253592 0.381550
vt 0.861237 0.023100
vt 0.850476 0.023293
vt 0.851245 0.021902
vt 0.860407 0.021727
vt 0.860979 0.025066
vt 0.863135 0.023798
vt 0.867830 0.014923
vt 0.866297 0.013751
vt 0.867789 0.012532
vt 0.862843 0.003861
vt 0.860969 0.004607
vt 0.860668 0.002648
vt 0.850502 0.002579
vt 0.850209 0.004642
vt 0.848260 0.003894
vt 0.843354 0.012843
vt 0.844933 0.014069
vt 0.843349 0.015363
vt 0.848630 0.024048
vt 0.850807 0.025310
vt 0.159781 0.403140
vt 0.253592 0.403140
vt 0.253592 0.393484
vt 0.159781 0.393483
vt 0.159781 0.367339
vt 0.253592 0.367340
vt 0.864762 0.013773
vt 0.846527 0.014044
vt 0.851021 0.006017
vt 0.860191 0.005976
vt 0.002568 0.526604
vt 0.076146 0.526609
vt 0.076145 0.531458
vt 0.002568 0.531454
vt 0.002567 0.535492
vt 0.076145 0.535496
vt 0.076145 0.540345
vt 0.002567 0.540342
vt 0.002566 0.579934
vt 0.076144 0.579935
vt 0.076144 0.584784
vt 0.002566 0.584785
vt 0.002568 0.624377
vt 0.076145 0.624373
vt 0.076146 0.629223
vt 0.002568 0.629228
vt 0.002567 0.606601
vt 0.076144 0.606598
vt 0.076144 0.611447
vt 0.002567 0.611450
vt 0.002567 0.553269
vt 0.076145 0.553271
vt 0.076144 0.558121
vt 0.002567 0.558119
vt 0.219639 0.015171
vt 0.212861 0.016804
vt 0.211868 0.014999
vt 0.216853 0.010122
vt 0.002567 0.597712
vt 0.076144 0.597711
vt 0.076144 0.602560
vt 0.002567 0.602562
vt 0.002567 0.588823
vt 0.076144 0.588823
vt 0.076144 0.593672
vt 0.002567 0.593673
vt 0.002567 0.615488
vt 0.076144 0.615485
vt 0.076145 0.620335
vt 0.002567 0.620339
vt 0.002566 0.571046
vt 0.076144 0.571047
vt 0.076144 0.575897
vt 0.002566 0.575896
vt 0.213460 0.006757
vt 0.208437 0.011706
vt 0.206683 0.010726
vt 0.208545 0.003868
vt 0.188538 0.023275
vt 0.188479 0.021327
vt 0.192423 0.021565
vt 0.192415 0.022950
vt 0.220431 0.025399
vt 0.213848 0.023439
vt 0.213912 0.021436
vt 0.220669 0.019788
vt 0.198430 0.041369
vt 0.200118 0.034798
vt 0.202061 0.034843
vt 0.203808 0.041362
vt 0.208209 0.040272
vt 0.206559 0.033807
vt 0.208273 0.032787
vt 0.212951 0.037580
vt 0.216163 0.034415
vt 0.211461 0.029484
vt 0.212480 0.027834
vt 0.219052 0.029782
vt 0.185488 0.010356
vt 0.190502 0.015094
vt 0.189528 0.016833
vt 0.182912 0.015233
vt 0.208973 0.018607
vt 0.208258 0.017375
vt 0.189210 0.037639
vt 0.193969 0.032725
vt 0.195687 0.033699
vt 0.194056 0.040272
vt 0.193520 0.003897
vt 0.195500 0.010664
vt 0.193756 0.011706
vt 0.188673 0.006939
vt 0.183053 0.029536
vt 0.189619 0.027772
vt 0.190620 0.029509
vt 0.185871 0.034399
vt 0.203964 0.002566
vt 0.202153 0.009353
vt 0.200084 0.009321
vt 0.198158 0.002566
vt 0.002567 0.562158
vt 0.076144 0.562159
vt 0.076144 0.567009
vt 0.002566 0.567008
vt 0.201122 0.022252
vt 0.205988 0.029365
vt 0.204757 0.030031
vt 0.206120 0.015066
vt 0.204919 0.014330
vt 0.209775 0.023041
vt 0.209790 0.021638
vt 0.200405 0.030928
vt 0.201785 0.030905
vt 0.208277 0.027256
vt 0.208969 0.026058
vt 0.193931 0.017336
vt 0.193239 0.018554
vt 0.196233 0.029356
vt 0.197430 0.030059
vt 0.197369 0.014408
vt 0.196148 0.015117
vt 0.193344 0.025927
vt 0.194078 0.027123
vt 0.201845 0.013604
vt 0.200418 0.013637
vt 0.181872 0.019661
vt 0.181913 0.025110
vt 0.607981 0.918520
vt 0.603696 0.918520
vt 0.603695 0.917063
vt 0.607981 0.917062
vt 0.599112 0.918521
vt 0.594827 0.918521
vt 0.594827 0.917064
vt 0.599112 0.917063
vt 0.577090 0.918522
vt 0.581375 0.918522
vt 0.581378 0.990641
vt 0.577092 0.990641
vt 0.519296 0.918521
vt 0.515011 0.918521
vt 0.515011 0.917063
vt 0.519296 0.917064
vt 0.510427 0.918521
vt 0.506142 0.918520
vt 0.506142 0.917063
vt 0.510427 0.917063
vt 0.545902 0.918522
vt 0.541616 0.918522
vt 0.541616 0.917064
vt 0.545902 0.917064
vt 0.572507 0.918522
vt 0.568222 0.918522
vt 0.568222 0.917064
vt 0.572507 0.917064
vt 0.554770 0.918522
vt 0.550485 0.918522
vt 0.550485 0.917064
vt 0.554770 0.917064
vt 0.563638 0.918522
vt 0.559354 0.918522
vt 0.559354 0.917064
vt 0.563638 0.917064
vt 0.590243 0.918521
vt 0.585959 0.918521
vt 0.585959 0.917064
vt 0.590243 0.917064
vt 0.506138 0.990640
vt 0.510424 0.990641
vt 0.528164 0.918521
vt 0.523879 0.918521
vt 0.523879 0.917064
vt 0.528164 0.917064
vt 0.537033 0.918522
vt 0.532748 0.918521
vt 0.532748 0.917064
vt 0.537033 0.917064
vt 0.594830 0.990641
vt 0.599116 0.990641
vt 0.590247 0.990641
vt 0.585962 0.990641
vt 0.603700 0.990640
vt 0.607986 0.990640
vt 0.550485 0.990642
vt 0.554770 0.990642
vt 0.545901 0.990642
vt 0.541615 0.990641
vt 0.559353 0.990642
vt 0.563639 0.990642
vt 0.577090 0.917064
vt 0.581375 0.917064
vt 0.515358 0.026378
vt 0.514953 0.025140
vt 0.518753 0.024122
vt 0.519032 0.025048
vt 0.515007 0.990641
vt 0.519293 0.990641
vt 0.537032 0.990641
vt 0.532746 0.990642
vt 0.568222 0.990641
vt 0.572509 0.990641
vt 0.512225 0.034508
vt 0.518014 0.030940
vt 0.518999 0.031871
vt 0.515801 0.037902
vt 0.534303 0.003836
vt 0.530850 0.009990
vt 0.529540 0.009674
vt 0.529439 0.002568
vt 0.539302 0.018183
vt 0.539655 0.019481
vt 0.535645 0.020389
vt 0.535376 0.019449
vt 0.530354 0.041256
vt 0.530166 0.034496
vt 0.531414 0.034158
vt 0.534896 0.039927
vt 0.536895 0.030646
vt 0.535982 0.031624
vt 0.533111 0.028616
vt 0.533796 0.027923
vt 0.539620 0.024722
vt 0.539288 0.025977
vt 0.535559 0.024856
vt 0.535783 0.023926
vt 0.514614 0.019918
vt 0.514900 0.018616
vt 0.518844 0.019642
vt 0.518624 0.020591
vt 0.520482 0.040389
vt 0.523681 0.034366
vt 0.524968 0.034674
vt 0.525214 0.041432
vt 0.517326 0.013878
vt 0.518243 0.012874
vt 0.521173 0.015816
vt 0.520495 0.016528
vt 0.521041 0.027981
vt 0.521772 0.028651
vt 0.522799 0.009930
vt 0.524139 0.009554
vt 0.525128 0.013704
vt 0.524171 0.013980
vt 0.529680 0.013880
vt 0.528726 0.013642
vt 0.542645 0.009983
vt 0.536639 0.013470
vt 0.535650 0.012496
vt 0.539065 0.006440
vt 0.529281 0.030711
vt 0.530194 0.030453
vt 0.545216 0.029348
vt 0.546470 0.024681
vt 0.539378 0.037342
vt 0.542729 0.033893
vt 0.514428 0.006971
vt 0.511120 0.010762
vt 0.831031 0.075077
vt 0.834473 0.085623
vt 0.833323 0.085931
vt 0.524818 0.030472
vt 0.525747 0.030723
vt 0.508769 0.015528
vt 0.507840 0.020280
vt 0.508150 0.025441
vt 0.509542 0.030032
vt 0.519083 0.004004
vt 0.523992 0.002568
vt 0.533475 0.016413
vt 0.532752 0.015734
vt 0.546518 0.019441
vt 0.545276 0.014676
vt 0.832465 0.652077
vt 0.839930 0.649400
vt 0.841282 0.654008
vt 0.834472 0.656555
vt 0.111687 0.145828
vt 0.099588 0.142439
vt 0.103528 0.138531
vt 0.110430 0.140436
vt 0.142716 0.102856
vt 0.145083 0.115169
vt 0.139827 0.113463
vt 0.138495 0.106469
vt 0.125761 0.086373
vt 0.135840 0.092687
vt 0.131062 0.095245
vt 0.125402 0.091542
vt 0.103059 0.086519
vt 0.114349 0.084293
vt 0.112775 0.089136
vt 0.106301 0.090397
vt 0.086608 0.101548
vt 0.093455 0.092523
vt 0.095514 0.097097
vt 0.091594 0.102300
vt 0.084551 0.124175
vt 0.083430 0.112597
vt 0.088111 0.114583
vt 0.088779 0.121196
vt 0.130248 0.135020
vt 0.132710 0.132759
vt 0.135051 0.137788
vt 0.090019 0.134652
vt 0.095039 0.132658
vt 0.100531 0.137013
vt 0.139781 0.116833
vt 0.899220 0.014552
vt 0.944709 0.013825
vt 0.944306 0.018682
vt 0.899297 0.019349
vt 0.137224 0.103355
vt 0.133392 0.097562
vt 0.122434 0.090352
vt 0.115936 0.089120
vt 0.103367 0.091549
vt 0.097829 0.094991
vt 0.090188 0.105104
vt 0.088395 0.111434
vt 0.089711 0.124233
vt 0.092940 0.130164
vt 0.619780 0.408899
vt 0.617375 0.408080
vt 0.624410 0.395403
vt 0.626425 0.396605
vt 0.646375 0.377039
vt 0.645215 0.375313
vt 0.658321 0.368926
vt 0.659148 0.371008
vt 0.633981 0.384398
vt 0.635740 0.385962
vt 0.615421 0.422004
vt 0.612823 0.421759
vt 0.672230 0.364648
vt 0.672484 0.366471
vt 0.613453 0.436564
vt 0.610890 0.436488
vt 0.780938 0.454293
vt 0.779448 0.454423
vt 0.776361 0.444223
vt 0.777338 0.444279
vt 0.442767 0.452370
vt 0.434289 0.465443
vt 0.432707 0.465339
vt 0.441811 0.451183
vt 0.742445 0.415347
vt 0.742026 0.417566
vt 0.737825 0.416872
vt 0.739659 0.414537
vt 0.453725 0.482960
vt 0.456793 0.484657
vt 0.454405 0.486901
vt 0.451631 0.484489
vt 0.752286 0.441910
vt 0.761322 0.410965
vt 0.768554 0.412113
vt 0.760278 0.442907
vt 0.773261 0.424374
vt 0.772054 0.443797
vt 0.468656 0.432418
vt 0.460321 0.439287
vt 0.459504 0.438354
vt 0.467507 0.431793
vt 0.768676 0.411658
vt 0.761436 0.410476
vt 0.440835 0.475704
vt 0.437747 0.475411
vt 0.438998 0.474666
vt 0.871959 0.225078
vt 0.825079 0.212894
vt 0.832588 0.181587
vt 0.883178 0.210954
vt 0.358111 0.381049
vt 0.362721 0.385278
vt 0.356278 0.384949
vt 0.296363 0.227123
vt 0.297684 0.229201
vt 0.292323 0.236201
vt 0.290310 0.234909
vt 0.826164 0.326536
vt 0.824703 0.327426
vt 0.819985 0.322047
vt 0.820628 0.320724
vt 0.869824 0.228379
vt 0.867905 0.231736
vt 0.823492 0.221176
vt 0.824199 0.217031
vt 0.886152 0.132683
vt 0.886091 0.121581
vt 0.886891 0.121761
vt 0.887794 0.133065
vt 0.826126 0.327840
vt 0.298398 0.226426
vt 0.298922 0.228650
vt 0.825739 0.328607
vt 0.292269 0.198276
vt 0.290061 0.198429
vt 0.290244 0.190144
vt 0.292366 0.190679
vt 0.306892 0.141666
vt 0.305133 0.140478
vt 0.311060 0.129058
vt 0.312730 0.130617
vt 0.297159 0.163343
vt 0.295351 0.162410
vt 0.299789 0.150460
vt 0.301643 0.151783
vt 0.287781 0.197952
vt 0.281918 0.200333
vt 0.282341 0.175524
vt 0.287936 0.189694
vt 0.342629 0.415453
vt 0.292472 0.173834
vt 0.290114 0.173405
vt 0.293276 0.160895
vt 0.289096 0.120451
vt 0.295613 0.118426
vt 0.296744 0.120685
vt 0.289383 0.122961
vt 0.888415 0.200572
vt 0.887045 0.159176
vt 0.887965 0.164733
vt 0.837652 0.152434
vt 0.888968 0.147943
vt 0.887164 0.147870
vt 0.886530 0.143082
vt 0.888406 0.143280
vt 0.886241 0.119555
vt 0.887036 0.119686
vt 0.337761 0.412952
vt 0.360216 0.369237
vt 0.372939 0.357483
vt 0.382509 0.362858
vt 0.363956 0.376026
vt 0.438357 0.473425
vt 0.750306 0.441655
vt 0.759489 0.410649
vt 0.358775 0.370442
vt 0.356967 0.368680
vt 0.358499 0.367363
vt 0.355715 0.369986
vt 0.357486 0.371604
vt 0.356036 0.373041
vt 0.354296 0.371928
vt 0.426513 0.546309
vt 0.428278 0.541471
vt 0.434011 0.538921
vt 0.436103 0.544669
vt 0.380625 0.343547
vt 0.382448 0.345872
vt 0.371260 0.355898
vt 0.352946 0.361907
vt 0.356789 0.365645
vt 0.354836 0.367134
vt 0.349223 0.363795
vt 0.865436 0.243319
vt 0.866982 0.239965
vt 0.868001 0.240318
vt 0.868462 0.236002
vt 0.869808 0.232224
vt 0.871136 0.232577
vt 0.869985 0.236543
vt 0.870677 0.096066
vt 0.872601 0.103838
vt 0.867845 0.096560
vt 0.865356 0.076125
vt 0.867897 0.076039
vt 0.860741 0.058658
vt 0.863482 0.058767
vt 0.854486 0.045635
vt 0.856541 0.043627
vt 0.846081 0.033391
vt 0.848220 0.031369
vt 0.836496 0.022566
vt 0.838624 0.020525
vt 0.825118 0.012019
vt 0.827118 0.009456
vt 0.756971 0.411181
vt 0.756851 0.411694
vt 0.745032 0.416420
vt 0.745293 0.415198
vt 0.819253 0.006427
vt 0.821242 0.004030
vt 0.320540 0.113416
vt 0.322690 0.114875
vt 0.890111 0.201150
vt 0.891513 0.201599
vt 0.886288 0.212183
vt 0.884739 0.211658
vt 0.871752 0.228838
vt 0.873030 0.229083
vt 0.873797 0.112856
vt 0.884705 0.120866
vt 0.884250 0.133945
vt 0.322431 0.103293
vt 0.324563 0.106983
vt 0.322370 0.107299
vt 0.320398 0.104715
vt 0.321859 0.110554
vt 0.324241 0.111085
vt 0.867810 0.237803
vt 0.869316 0.238277
vt 0.317867 0.102159
vt 0.312235 0.107340
vt 0.311364 0.106239
vt 0.315029 0.099219
vt 0.890530 0.159381
vt 0.888736 0.159180
vt 0.888168 0.154439
vt 0.889946 0.154716
vt 0.319500 0.103797
vt 0.314857 0.110219
vt 0.313865 0.109194
vt 0.320955 0.102144
vt 0.318791 0.100922
vt 0.459984 0.494530
vt 0.469438 0.494464
vt 0.462129 0.583317
vt 0.304928 0.113410
vt 0.304191 0.112192
vt 0.482789 0.495823
vt 0.488791 0.498298
vt 0.488495 0.504736
vt 0.282816 0.119929
vt 0.283240 0.117980
vt 0.288569 0.118873
vt 0.261387 0.115388
vt 0.267516 0.119355
vt 0.268625 0.124033
vt 0.261852 0.120481
vt 0.502090 0.499404
vt 0.506778 0.500483
vt 0.506021 0.503227
vt 0.501791 0.502327
vt 0.297325 0.122143
vt 0.299376 0.124164
vt 0.291525 0.127005
vt 0.289253 0.124672
vt 0.479464 0.495259
vt 0.479037 0.491954
vt 0.484908 0.493009
vt 0.294812 0.117093
vt 0.489486 0.495051
vt 0.306563 0.117139
vt 0.306024 0.115702
vt 0.890552 0.190765
vt 0.309811 0.127742
vt 0.303503 0.139155
vt 0.294621 0.174316
vt 0.251934 0.100801
vt 0.253100 0.099434
vt 0.265593 0.110402
vt 0.264615 0.111765
vt 0.249374 0.104246
vt 0.247406 0.106739
vt 0.468750 0.127208
vt 0.471432 0.114836
vt 0.483239 0.119340
vt 0.472103 0.130254
vt 0.824102 0.013545
vt 0.817149 0.004350
vt 0.819628 0.002986
vt 0.848078 0.062839
vt 0.850750 0.095711
vt 0.744516 0.373975
vt 0.740832 0.388301
vt 0.738389 0.388535
vt 0.741953 0.373906
vt 0.751339 0.360406
vt 0.749357 0.359123
vt 0.762364 0.347606
vt 0.760481 0.346234
vt 0.777325 0.337496
vt 0.776226 0.335495
vt 0.796225 0.330755
vt 0.795883 0.328418
vt 0.739418 0.404465
vt 0.739343 0.412605
vt 0.736233 0.412965
vt 0.736308 0.404808
vt 0.812568 0.327221
vt 0.812926 0.329558
vt 0.804192 0.330224
vt 0.803963 0.327675
vt 0.813503 0.317679
vt 0.813751 0.315786
vt 0.634932 0.437192
vt 0.637787 0.421732
vt 0.645270 0.407931
vt 0.656646 0.397120
vt 0.670807 0.390346
vt 0.777112 0.202822
vt 0.763077 0.181105
vt 0.778646 0.178935
vt 0.790420 0.198211
vt 0.748158 0.441585
vt 0.726682 0.409940
vt 0.715717 0.398553
vt 0.701856 0.391094
vt 0.686382 0.388269
vt 0.393714 0.503566
vt 0.759604 0.410149
vt 0.317691 0.111826
vt 0.360948 0.376230
vt 0.387862 0.714652
vt 0.384749 0.703812
vt 0.398933 0.702902
vt 0.400655 0.710760
vt 0.460649 0.490644
vt 0.469351 0.490780
vt 0.456017 0.496278
vt 0.453672 0.493165
vt 0.505447 0.514848
vt 0.501239 0.514456
vt 0.167377 0.209579
vt 0.179347 0.219167
vt 0.180686 0.226977
vt 0.140002 0.170092
vt 0.128714 0.182131
vt 0.124225 0.144215
vt 0.282482 0.346399
vt 0.277352 0.345915
vt 0.278042 0.343687
vt 0.972226 0.616837
vt 0.972679 0.623428
vt 0.967938 0.623393
vt 0.967485 0.616802
vt 0.974457 0.594084
vt 0.973978 0.600319
vt 0.972260 0.600307
vt 0.972739 0.594072
vt 0.199004 0.231902
vt 0.193449 0.229873
vt 0.204866 0.229726
vt 0.192271 0.230880
vt 0.189487 0.227603
vt 0.190659 0.226604
vt 0.191599 0.188504
vt 0.192709 0.187501
vt 0.196365 0.191746
vt 0.195245 0.192752
vt 0.187186 0.192458
vt 0.189482 0.195041
vt 0.188438 0.195968
vt 0.186097 0.193425
vt 0.188403 0.236104
vt 0.187065 0.237239
vt 0.182382 0.231675
vt 0.183733 0.230553
vt 0.214403 0.209599
vt 0.209646 0.213859
vt 0.207739 0.213355
vt 0.215093 0.207102
vt 0.199633 0.199318
vt 0.199297 0.206786
vt 0.197894 0.206428
vt 0.197967 0.199647
vt 0.191029 0.198244
vt 0.191231 0.201734
vt 0.189754 0.201570
vt 0.189573 0.198512
vt 0.183748 0.190270
vt 0.183420 0.191722
vt 0.180408 0.191254
vt 0.180206 0.189693
vt 0.170841 0.197102
vt 0.172252 0.197301
vt 0.172675 0.200495
vt 0.171375 0.200678
vt 0.165414 0.191408
vt 0.164668 0.195318
vt 0.163087 0.195201
vt 0.164019 0.190914
vt 0.175672 0.182661
vt 0.175475 0.181155
vt 0.181789 0.181321
vt 0.181445 0.182934
vt 0.196509 0.240377
vt 0.205252 0.240155
vt 0.210892 0.237755
vt 0.211982 0.239021
vt 0.211906 0.219953
vt 0.210709 0.226361
vt 0.209681 0.225193
vt 0.210458 0.219888
vt 0.187835 0.222019
vt 0.189307 0.221876
vt 0.186904 0.184876
vt 0.187523 0.183502
vt 0.166489 0.186932
vt 0.167485 0.187904
vt 0.237466 0.213896
vt 0.239764 0.214065
vt 0.232921 0.220348
vt 0.232957 0.218026
vt 0.192463 0.165182
vt 0.188196 0.169129
vt 0.185985 0.168977
vt 0.192492 0.162942
vt 0.172290 0.193668
vt 0.173329 0.194830
vt 0.216447 0.232897
vt 0.217549 0.234152
vt 0.205729 0.230708
vt 0.170617 0.183245
vt 0.171423 0.184317
vt 0.176375 0.190507
vt 0.177456 0.191702
vt 0.182201 0.213575
vt 0.180606 0.213167
vt 0.183556 0.208273
vt 0.184546 0.209421
vt 0.199241 0.233546
vt 0.218557 0.218397
vt 0.220329 0.218279
vt 0.166620 0.204665
vt 0.164951 0.205581
vt 0.163474 0.200615
vt 0.165212 0.200375
vt 0.219397 0.227057
vt 0.220969 0.227908
vt 0.167891 0.207001
vt 0.180905 0.219088
vt 0.181968 0.225898
vt 0.167098 0.142640
vt 0.171736 0.139603
vt 0.172289 0.140991
vt 0.168128 0.143709
vt 0.166363 0.162664
vt 0.163494 0.157935
vt 0.164900 0.157419
vt 0.167475 0.161646
vt 0.190228 0.158681
vt 0.186854 0.163400
vt 0.185794 0.162265
vt 0.188799 0.158059
vt 0.176328 0.167314
vt 0.170854 0.165976
vt 0.171501 0.164592
vt 0.176393 0.165779
vt 0.181942 0.166429
vt 0.181414 0.164976
vt 0.182708 0.139487
vt 0.187416 0.142543
vt 0.186280 0.143682
vt 0.182089 0.140923
vt 0.163896 0.147162
vt 0.165260 0.147763
vt 0.190534 0.147310
vt 0.189055 0.147940
vt 0.973760 0.605826
vt 0.972042 0.605814
vt 0.211549 0.201750
vt 0.213950 0.199566
vt 0.225738 0.217381
vt 0.177193 0.138506
vt 0.177208 0.140002
vt 0.877202 0.017631
vt 0.876304 0.012695
vt 0.880962 0.012618
vt 0.881860 0.017554
vt 0.162647 0.152503
vt 0.164135 0.152557
vt 0.181442 0.168688
vt 0.986679 0.242663
vt 0.986282 0.247718
vt 0.981541 0.247722
vt 0.981938 0.242666
vt 0.875531 0.007659
vt 0.874647 0.002680
vt 0.879306 0.002604
vt 0.880190 0.007582
vt 0.872434 0.052676
vt 0.872837 0.047676
vt 0.874638 0.047646
vt 0.874234 0.052647
vt 0.689865 0.318761
vt 0.684555 0.322216
vt 0.681558 0.320320
vt 0.685725 0.315906
vt 0.191510 0.153024
vt 0.189952 0.152983
vt 0.973032 0.568693
vt 0.973110 0.575822
vt 0.968369 0.575788
vt 0.968291 0.568659
vt 0.973161 0.557513
vt 0.973064 0.563285
vt 0.968323 0.563250
vt 0.968419 0.557479
vt 0.501860 0.180726
vt 0.502694 0.166893
vt 0.507805 0.168257
vt 0.508173 0.180884
vt 0.988673 0.376994
vt 0.983059 0.379223
vt 0.993467 0.370485
vt 0.972826 0.635644
vt 0.972666 0.641734
vt 0.967925 0.641699
vt 0.968085 0.635610
vt 0.962892 0.353194
vt 0.966290 0.347571
vt 0.969508 0.353974
vt 0.701016 0.128121
vt 0.709264 0.128702
vt 0.707229 0.152117
vt 0.704223 0.153272
vt 0.145748 0.130593
vt 0.873544 0.042671
vt 0.875344 0.042641
vt 0.874195 0.062635
vt 0.874167 0.057642
vt 0.878826 0.057565
vt 0.878853 0.062558
vt 0.685855 0.330564
vt 0.686170 0.325503
vt 0.693577 0.325679
vt 0.693652 0.330956
vt 0.655642 0.319012
vt 0.650604 0.316777
vt 0.651953 0.310825
vt 0.656421 0.312395
vt 0.972348 0.317308
vt 0.976176 0.316038
vt 0.975999 0.323445
vt 0.688084 0.339222
vt 0.683101 0.341916
vt 0.681240 0.336106
vt 0.683962 0.333899
vt 0.665330 0.340318
vt 0.660530 0.335950
vt 0.668135 0.334157
vt 0.670775 0.336245
vt 0.986025 0.251371
vt 0.981283 0.251375
vt 0.972012 0.609849
vt 0.967271 0.609815
vt 0.967300 0.605779
vt 0.872394 0.062664
vt 0.872367 0.057671
vt 0.985877 0.254914
vt 0.981136 0.254918
vt 0.692077 0.335181
vt 0.875965 0.082580
vt 0.875081 0.077601
vt 0.879740 0.077524
vt 0.880624 0.082503
vt 0.972196 0.518991
vt 0.972505 0.523425
vt 0.967764 0.523391
vt 0.967455 0.518956
vt 0.984366 0.183336
vt 0.984372 0.190063
vt 0.979631 0.190067
vt 0.979625 0.183339
vt 0.985398 0.201319
vt 0.985827 0.206722
vt 0.981086 0.206726
vt 0.980657 0.201323
vt 0.986172 0.211278
vt 0.981430 0.211282
vt 0.876043 0.037636
vt 0.880702 0.037559
vt 0.880003 0.042564
vt 0.986742 0.221216
vt 0.986636 0.224581
vt 0.981895 0.224585
vt 0.982001 0.221220
vt 0.986771 0.154237
vt 0.986237 0.161021
vt 0.981496 0.161025
vt 0.982030 0.154241
vt 0.986589 0.228014
vt 0.981848 0.228017
vt 0.972108 0.516385
vt 0.967367 0.516350
vt 0.986472 0.148205
vt 0.981731 0.148208
vt 0.876632 0.032578
vt 0.881290 0.032502
vt 0.972762 0.528447
vt 0.972978 0.532381
vt 0.968237 0.532346
vt 0.968021 0.528413
vt 0.986592 0.231362
vt 0.981851 0.231366
vt 0.983073 0.371152
vt 0.970866 0.377486
vt 0.976918 0.371141
vt 0.970915 0.025776
vt 0.966194 0.027688
vt 0.963648 0.015133
vt 0.973343 0.551852
vt 0.968602 0.551817
vt 0.874315 0.067626
vt 0.878973 0.067549
vt 0.973252 0.536404
vt 0.973632 0.541668
vt 0.968891 0.541633
vt 0.968511 0.536369
vt 0.986652 0.235327
vt 0.981911 0.235331
vt 0.974989 0.587967
vt 0.973270 0.587954
vt 0.972307 0.647730
vt 0.967566 0.647696
vt 0.986665 0.217422
vt 0.981924 0.217426
vt 0.877578 0.022618
vt 0.882237 0.022541
vt 0.985814 0.166663
vt 0.981073 0.166667
vt 0.973597 0.546176
vt 0.968856 0.546142
vt 0.973291 0.582310
vt 0.968550 0.582276
vt 0.188365 0.204232
vt 0.973945 0.616849
vt 0.974398 0.623440
vt 0.988398 0.242661
vt 0.988000 0.247717
vt 0.522848 0.241481
vt 0.532201 0.241350
vt 0.562280 0.283321
vt 0.547616 0.294328
vt 0.974750 0.568706
vt 0.974828 0.575835
vt 0.974879 0.557526
vt 0.974783 0.563297
vt 0.974545 0.635657
vt 0.974384 0.641746
vt 0.987743 0.251370
vt 0.986090 0.190061
vt 0.986415 0.194786
vt 0.984696 0.194788
vt 0.973730 0.609862
vt 0.974841 0.629579
vt 0.973122 0.629566
vt 0.986215 0.140125
vt 0.981474 0.140128
vt 0.987596 0.254913
vt 0.975350 0.541680
vt 0.975315 0.546189
vt 0.973915 0.519003
vt 0.974224 0.523438
vt 0.986085 0.183334
vt 0.987546 0.206721
vt 0.987890 0.211277
vt 0.189433 0.205248
vt 0.988461 0.221215
vt 0.988354 0.224580
vt 0.988490 0.154236
vt 0.987955 0.161020
vt 0.988308 0.228012
vt 0.973826 0.516397
vt 0.988489 0.238828
vt 0.986771 0.238829
vt 0.985024 0.174746
vt 0.980283 0.174750
vt 0.988191 0.148203
vt 0.975009 0.582323
vt 0.172315 0.203253
vt 0.174259 0.203757
vt 0.974480 0.528460
vt 0.974696 0.532393
vt 0.988311 0.231361
vt 0.987788 0.131005
vt 0.987933 0.140123
vt 0.986070 0.131006
vt 0.645226 0.310821
vt 0.646568 0.316775
vt 0.640424 0.320109
vt 0.637244 0.314062
vt 0.975062 0.551864
vt 0.987117 0.201318
vt 0.974970 0.536417
vt 0.988371 0.235326
vt 0.988384 0.217421
vt 0.974026 0.647743
vt 0.987532 0.166662
vt 0.875402 0.017661
vt 0.874504 0.012724
vt 0.873731 0.007689
vt 0.872847 0.002710
vt 0.878893 0.052570
vt 0.879296 0.047570
vt 0.874165 0.082610
vt 0.873281 0.077631
vt 0.874243 0.037666
vt 0.875567 0.027645
vt 0.875778 0.022648
vt 0.877367 0.027615
vt 0.874832 0.032608
vt 0.874529 0.072616
vt 0.879188 0.072539
vt 0.872729 0.072646
vt 0.872514 0.067656
vt 0.215103 0.198510
vt 0.263516 0.259027
vt 0.964558 0.372371
vt 0.970606 0.369191
vt 0.986742 0.174744
vt 0.981876 0.433361
vt 0.979220 0.509909
vt 0.975193 0.427405
vt 0.028028 0.289955
vt 0.013596 0.288655
vt 0.021000 0.273305
vt 0.042077 0.288658
vt 0.003339 0.302265
vt 0.013232 0.296101
vt 0.950198 0.064682
vt 0.989962 0.062415
vt 0.990418 0.070412
vt 0.950964 0.072662
vt 0.332134 0.023696
vt 0.327662 0.017444
vt 0.334079 0.016450
vt 0.960705 0.427349
vt 0.964739 0.510155
vt 0.356629 0.015702
vt 0.341411 0.020967
vt 0.346410 0.026672
vt 0.338896 0.026991
vt 0.329663 0.002652
vt 0.326741 0.009486
vt 0.641383 0.768043
vt 0.642535 0.765089
vt 0.657042 0.770866
vt 0.655970 0.773695
vt 0.626336 0.762105
vt 0.627517 0.759110
vt 0.986712 0.422053
vt 0.990450 0.409236
vt 0.989771 0.499855
vt 0.623012 0.770684
vt 0.624694 0.766320
vt 0.639795 0.772232
vt 0.638176 0.776508
vt 0.654569 0.777717
vt 0.632206 0.747611
vt 0.647215 0.753813
vt 0.645448 0.758027
vt 0.630426 0.751935
vt 0.658191 0.768071
vt 0.673492 0.773060
vt 0.671658 0.778501
vt 0.643724 0.762156
vt 0.628718 0.756124
vt 0.580283 0.743820
vt 0.581490 0.740765
vt 0.596891 0.746906
vt 0.595687 0.749948
vt 0.612300 0.753047
vt 0.611100 0.756080
vt 0.564800 0.737655
vt 0.566020 0.734583
vt 0.576885 0.752467
vt 0.578604 0.748117
vt 0.594007 0.754221
vt 0.592224 0.758610
vt 0.609427 0.760338
vt 0.607657 0.764790
vt 0.561374 0.746467
vt 0.563104 0.741982
vt 0.586197 0.729112
vt 0.601554 0.735202
vt 0.599829 0.739613
vt 0.584454 0.733447
vt 0.617006 0.741330
vt 0.615229 0.745778
vt 0.570829 0.722806
vt 0.569008 0.727230
vt 0.598110 0.743870
vt 0.582717 0.737719
vt 0.613515 0.750020
vt 0.567257 0.731520
vt 0.718716 0.347893
vt 0.730272 0.337678
vt 0.731395 0.338941
vt 0.719874 0.349172
vt 0.773550 0.750668
vt 0.767459 0.754179
vt 0.761523 0.738618
vt 0.768091 0.736220
vt 0.778266 0.733012
vt 0.775706 0.733789
vt 0.772281 0.719606
vt 0.774945 0.719135
vt 0.789496 0.758615
vt 0.787134 0.759939
vt 0.780784 0.747000
vt 0.783216 0.745934
vt 0.806141 0.781232
vt 0.804148 0.783028
vt 0.794427 0.772071
vt 0.796685 0.770478
vt 0.815982 0.791342
vt 0.814283 0.793441
vt 0.191096 0.216969
vt 0.190128 0.215844
vt 0.782490 0.780638
vt 0.776909 0.784811
vt 0.768206 0.771144
vt 0.773964 0.766989
vt 0.803661 0.805414
vt 0.797492 0.810667
vt 0.786678 0.797858
vt 0.792252 0.792775
vt 0.748585 0.724549
vt 0.756079 0.722877
vt 0.749491 0.733482
vt 0.760608 0.756705
vt 0.015554 0.968128
vt 0.016863 0.961084
vt 0.023755 0.961520
vt 0.022993 0.970987
vt 0.788313 0.776177
vt 0.780118 0.763615
vt 0.808768 0.799654
vt 0.797479 0.788217
vt 0.763408 0.721692
vt 0.013040 0.977621
vt 0.014703 0.973781
vt 0.022029 0.976181
vt 0.020901 0.980788
vt 0.967274 0.359011
vt 0.961322 0.357662
vt 0.005471 0.972951
vt 0.002618 0.968550
vt 0.071979 0.069537
vt 0.079950 0.062778
vt 0.749534 0.742866
vt 0.754581 0.744710
vt 0.747032 0.747741
vt 0.465931 0.736258
vt 0.466210 0.733796
vt 0.480323 0.737178
vt 0.479903 0.739415
vt 0.506938 0.748189
vt 0.507658 0.746338
vt 0.520751 0.752403
vt 0.519742 0.754313
vt 0.494152 0.741340
vt 0.493615 0.743550
vt 0.451843 0.733796
vt 0.451860 0.731237
vt 0.533116 0.760093
vt 0.531966 0.761479
vt 0.484934 0.720284
vt 0.485749 0.717333
vt 0.500655 0.721904
vt 0.499701 0.724767
vt 0.454465 0.713700
vt 0.454998 0.710661
vt 0.470551 0.713589
vt 0.469887 0.716581
vt 0.528852 0.736311
vt 0.530138 0.733384
vt 0.545396 0.740337
vt 0.543946 0.743853
vt 0.515404 0.727172
vt 0.514269 0.730034
vt 0.755261 0.706601
vt 0.746398 0.707091
vt 0.750047 0.689824
vt 0.756577 0.690320
vt 0.518582 0.718817
vt 0.519706 0.715812
vt 0.534957 0.721833
vt 0.533731 0.724853
vt 0.488107 0.708691
vt 0.488954 0.705620
vt 0.504442 0.710368
vt 0.503448 0.713391
vt 0.456594 0.701651
vt 0.457160 0.698505
vt 0.473173 0.701610
vt 0.472479 0.704748
vt 0.550424 0.728283
vt 0.549156 0.731370
vt 0.440693 0.698891
vt 0.441327 0.695798
vt 0.481996 0.730961
vt 0.483341 0.726083
vt 0.497809 0.730472
vt 0.496187 0.735255
vt 0.452773 0.724826
vt 0.453518 0.719749
vt 0.468591 0.722495
vt 0.467524 0.727469
vt 0.523837 0.746624
vt 0.526195 0.741960
vt 0.540406 0.749818
vt 0.536923 0.755154
vt 0.512041 0.735682
vt 0.510108 0.740389
vt 0.437605 0.723193
vt 0.437992 0.716758
vt 0.746716 0.689566
vt 0.517013 0.723001
vt 0.532002 0.729057
vt 0.486948 0.712953
vt 0.502079 0.717591
vt 0.455814 0.706040
vt 0.471530 0.709107
vt 0.547359 0.735721
vt 0.438633 0.707999
vt 0.439692 0.703330
vt 0.524093 0.704132
vt 0.539649 0.710075
vt 0.537918 0.714529
vt 0.522464 0.708519
vt 0.492386 0.693505
vt 0.508436 0.698513
vt 0.506913 0.703012
vt 0.491078 0.698144
vt 0.555306 0.716363
vt 0.553477 0.720890
vt 0.746649 0.287873
vt 0.718037 0.282266
vt 0.718839 0.265219
vt 0.735199 0.259190
vt 0.536190 0.718803
vt 0.520848 0.712792
vt 0.505460 0.707325
vt 0.489828 0.702526
vt 0.464653 0.692115
vt 0.474922 0.693867
vt 0.473896 0.698441
vt 0.551697 0.725205
vt 0.457728 0.695319
vt 0.451377 0.694222
vt 0.458090 0.693446
vt 0.458077 0.690129
vt 0.750445 0.761716
vt 0.758621 0.776845
vt 0.754083 0.779560
vt 0.745673 0.764153
vt 0.767810 0.791179
vt 0.763506 0.794185
vt 0.777924 0.804817
vt 0.773801 0.808051
vt 0.788313 0.818184
vt 0.784543 0.821498
vt 0.887050 0.031026
vt 0.889385 0.031360
vt 0.885204 0.059620
vt 0.816428 0.832734
vt 0.808653 0.838769
vt 0.465032 0.690593
vt 0.822981 0.827034
vt 0.823804 0.842218
vt 0.816114 0.847571
vt 0.832863 0.856776
vt 0.832259 0.855702
vt 0.841216 0.854594
vt 0.841752 0.856046
vt 0.823117 0.856431
vt 0.830110 0.852030
vt 0.825647 0.859833
vt 0.837315 0.813670
vt 0.835179 0.815547
vt 0.844891 0.826919
vt 0.847192 0.825373
vt 0.855334 0.838094
vt 0.852823 0.839356
vt 0.858971 0.853077
vt 0.861582 0.852287
vt 0.864898 0.865531
vt 0.861834 0.863764
vt 0.845201 0.843430
vt 0.838136 0.832234
vt 0.831060 0.837228
vt 0.837615 0.847691
vt 0.699056 0.096941
vt 0.696952 0.097752
vt 0.687955 0.086325
vt 0.737682 0.043612
vt 0.751243 0.050814
vt 0.672712 0.076604
vt 0.674057 0.075419
vt 0.670393 0.073026
vt 0.671978 0.072425
vt 0.669624 0.068687
vt 0.671330 0.068731
vt 0.670480 0.064364
vt 0.672188 0.065037
vt 0.691807 0.002812
vt 0.691339 0.004253
vt 0.689138 0.004411
vt 0.689729 0.002587
vt 0.667912 0.068660
vt 0.668778 0.073569
vt 0.662652 0.075531
vt 0.661406 0.068714
vt 0.655526 0.078258
vt 0.653857 0.069025
vt 0.647790 0.081093
vt 0.645712 0.069789
vt 0.636453 0.083636
vt 0.638360 0.083192
vt 0.648474 0.094057
vt 0.646935 0.094696
vt 0.171925 0.350991
vt 0.157610 0.358956
vt 0.156639 0.358174
vt 0.171145 0.350146
vt 0.624164 0.039621
vt 0.622475 0.039450
vt 0.628517 0.025168
vt 0.629952 0.026056
vt 0.654680 0.058719
vt 0.662562 0.061163
vt 0.658013 0.044590
vt 0.666819 0.047181
vt 0.630172 0.070628
vt 0.624723 0.056116
vt 0.646040 0.057655
vt 0.648623 0.043316
vt 0.138997 0.384911
vt 0.137965 0.402062
vt 0.136342 0.401650
vt 0.137645 0.384177
vt 0.143890 0.421769
vt 0.142664 0.421516
vt 0.144045 0.427454
vt 0.142945 0.426995
vt 0.141650 0.432455
vt 0.140781 0.431906
vt 0.133400 0.439180
vt 0.132781 0.438404
vt 0.666550 0.110712
vt 0.662467 0.106317
vt 0.672206 0.100970
vt 0.675352 0.106982
vt 0.680756 0.093524
vt 0.686518 0.102591
vt 0.694935 0.098690
vt 0.686594 0.087739
vt 0.652463 0.091882
vt 0.659859 0.087275
vt 0.666535 0.082443
vt 0.671459 0.077894
vt 0.672873 0.125552
vt 0.669868 0.115430
vt 0.677011 0.114719
vt 0.677166 0.125977
vt 0.689847 0.113571
vt 0.688910 0.126843
vt 0.696892 0.127811
vt 0.698768 0.113291
vt 0.700902 0.113236
vt 0.698869 0.128059
vt 0.185926 0.345244
vt 0.185158 0.344390
vt 0.199083 0.340412
vt 0.198585 0.339506
vt 0.210196 0.336499
vt 0.209479 0.335456
vt 0.221554 0.332192
vt 0.221770 0.331004
vt 0.234209 0.330775
vt 0.234336 0.329366
vt 0.246918 0.336340
vt 0.248054 0.335452
vt 0.676255 0.049938
vt 0.693709 0.004855
vt 0.253621 0.344114
vt 0.254362 0.343290
vt 0.862048 0.865801
vt 0.852122 0.860035
vt 0.851464 0.857975
vt 0.849841 0.853500
vt 0.267808 0.379000
vt 0.262035 0.367655
vt 0.263050 0.367179
vt 0.268907 0.378612
vt 0.275889 0.386304
vt 0.276322 0.385096
vt 0.284203 0.386926
vt 0.284429 0.387822
vt 0.260737 0.364344
vt 0.256046 0.348949
vt 0.257339 0.347886
vt 0.261944 0.363836
vt 0.251738 0.331630
vt 0.257295 0.339306
vt 0.254827 0.329910
vt 0.259233 0.337686
vt 0.671752 0.125512
vt 0.675970 0.145366
vt 0.675265 0.145861
vt 0.668380 0.115543
vt 0.661104 0.107267
vt 0.665181 0.111171
vt 0.628278 0.070681
vt 0.623083 0.056041
vt 0.145985 0.369702
vt 0.145133 0.368897
vt 0.639368 0.016231
vt 0.638129 0.015174
vt 0.648182 0.009700
vt 0.648666 0.011044
vt 0.669189 0.006634
vt 0.669718 0.004809
vt 0.680914 0.003427
vt 0.680232 0.004996
vt 0.658190 0.008226
vt 0.658447 0.006657
vt 0.668874 0.063650
vt 0.674370 0.049353
vt 0.829110 0.821350
vt 0.702997 0.113145
vt 0.260130 0.342312
vt 0.261784 0.340501
vt 0.267679 0.345104
vt 0.266498 0.347617
vt 0.294206 0.384757
vt 0.291772 0.384803
vt 0.287953 0.373821
vt 0.289468 0.373358
vt 0.292406 0.371484
vt 0.296296 0.383557
vt 0.292107 0.385616
vt 0.283541 0.353304
vt 0.285284 0.350760
vt 0.806820 0.840211
vt 0.814435 0.848888
vt 0.821241 0.857783
vt 0.824459 0.862078
vt 0.276329 0.351426
vt 0.279075 0.351452
vt 0.280734 0.352711
vt 0.281390 0.354693
vt 0.826384 0.860850
vt 0.254871 0.346199
vt 0.255812 0.345140
vt 0.865047 0.867626
vt 0.276752 0.348206
vt 0.280620 0.349330
vt 0.284008 0.347607
vt 0.286062 0.343356
vt 0.288226 0.347691
vt 0.886465 0.008492
vt 0.888629 0.008079
vt 0.890050 0.019206
vt 0.887469 0.019592
vt 0.885520 0.003198
vt 0.887577 0.002970
vt 0.892881 0.032447
vt 0.891527 0.043870
vt 0.257313 0.329018
vt 0.260633 0.327797
vt 0.264839 0.335802
vt 0.261462 0.335993
vt 0.249051 0.317528
vt 0.252339 0.317764
vt 0.251849 0.304008
vt 0.254877 0.305444
vt 0.259524 0.293248
vt 0.261498 0.295145
vt 0.270679 0.286236
vt 0.271662 0.288722
vt 0.279193 0.284812
vt 0.279929 0.286859
vt 0.286228 0.280982
vt 0.286959 0.283114
vt 0.295793 0.280455
vt 0.295517 0.282195
vt 0.304081 0.283189
vt 0.302940 0.284926
vt 0.307892 0.287240
vt 0.309311 0.285988
vt 0.311403 0.287366
vt 0.309924 0.288478
vt 0.257539 0.306926
vt 0.255387 0.317948
vt 0.953571 0.087747
vt 0.952484 0.080275
vt 0.990855 0.078087
vt 0.991284 0.085596
vt 0.280799 0.289887
vt 0.281757 0.292881
vt 0.273792 0.294862
vt 0.272575 0.291614
vt 0.265739 0.300382
vt 0.263454 0.297620
vt 0.260880 0.308762
vt 0.259067 0.318199
vt 0.156901 0.119676
vt 0.167405 0.108872
vt 0.308165 0.261661
vt 0.303932 0.261912
vt 0.310099 0.225324
vt 0.315037 0.226811
vt 0.007926 0.023721
vt 0.009921 0.016489
vt 0.017221 0.021056
vt 0.014664 0.027063
vt 0.602598 0.351465
vt 0.603025 0.348420
vt 0.606938 0.349428
vt 0.605351 0.351529
vt 0.992323 0.108545
vt 0.992593 0.112746
vt 0.956213 0.114883
vt 0.954813 0.108664
vt 0.287755 0.286718
vt 0.294720 0.286573
vt 0.301421 0.288516
vt 0.306133 0.290222
vt 0.954118 0.095277
vt 0.991712 0.093105
vt 0.991836 0.100610
vt 0.954000 0.102470
vt 0.995229 0.048083
vt 0.989539 0.054994
vt 0.949902 0.057254
vt 0.950197 0.050651
vt 0.270472 0.340791
vt 0.268982 0.342777
vt 0.263730 0.338645
vt 0.288713 0.290400
vt 0.287455 0.304482
vt 0.287109 0.301113
vt 0.323818 0.307680
vt 0.322137 0.312157
vt 0.609516 0.345755
vt 0.603720 0.345953
vt 0.604362 0.344122
vt 0.260321 0.339435
vt 0.262417 0.337643
vt 0.282124 0.350616
vt 0.892399 0.008069
vt 0.893888 0.019354
vt 0.295922 0.369421
vt 0.568952 0.758178
vt 0.570145 0.755248
vt 0.584219 0.762107
vt 0.582647 0.765579
vt 0.596166 0.768331
vt 0.594952 0.771398
vt 0.581674 0.767458
vt 0.594471 0.773466
vt 0.593126 0.776970
vt 0.580052 0.771250
vt 0.591246 0.783079
vt 0.577327 0.777722
vt 0.588813 0.788305
vt 0.574823 0.783283
vt 0.565582 0.764187
vt 0.562354 0.770027
vt 0.559198 0.775748
vt 0.573681 0.785982
vt 0.558187 0.778482
vt 0.587664 0.790910
vt 0.316299 0.282252
vt 0.310093 0.277687
vt 0.311797 0.276086
vt 0.318560 0.281135
vt 0.767567 0.311255
vt 0.775346 0.311496
vt 0.774871 0.314262
vt 0.763995 0.314107
vt 0.307936 0.291454
vt 0.318448 0.283718
vt 0.320762 0.282681
vt 0.765077 0.311320
vt 0.759787 0.313941
vt 0.795393 0.310831
vt 0.794860 0.314127
vt 0.250357 0.271397
vt 0.292959 0.265554
vt 0.294257 0.262803
vt 0.805436 0.311443
vt 0.804697 0.314942
vt 0.288289 0.254000
vt 0.286233 0.243836
vt 0.288779 0.244274
vt 0.605879 0.791327
vt 0.602848 0.790668
vt 0.597649 0.784551
vt 0.599792 0.784752
vt 0.596698 0.772186
vt 0.596267 0.773929
vt 0.595470 0.777106
vt 0.605957 0.793868
vt 0.597536 0.768947
vt 0.045451 0.296127
vt 0.043920 0.293007
vt 0.045426 0.292289
vt 0.046922 0.295435
vt 0.046550 0.297624
vt 0.048110 0.296717
vt 0.067220 0.297556
vt 0.058227 0.300588
vt 0.058254 0.299212
vt 0.066744 0.296429
vt 0.085522 0.287364
vt 0.084830 0.286252
vt 0.088485 0.274576
vt 0.048890 0.300130
vt 0.050488 0.298694
vt 0.089994 0.271873
vt 0.090315 0.273557
vt 0.088190 0.272845
vt 0.090061 0.280896
vt 0.089826 0.283241
vt 0.088300 0.282742
vt 0.088347 0.280697
vt 0.088080 0.269180
vt 0.086391 0.269931
vt 0.567693 0.760160
vt 0.743235 0.323324
vt 0.196066 0.336741
vt 0.206966 0.330217
vt 0.184479 0.321280
vt 0.172457 0.331058
vt 0.234535 0.314875
vt 0.206806 0.305050
vt 0.219112 0.323422
vt 0.196219 0.312995
vt 0.284696 0.254404
vt 0.283092 0.244209
vt 0.117255 0.193136
vt 0.150096 0.352482
vt 0.161734 0.341031
vt 0.127739 0.375248
vt 0.138734 0.363698
vt 0.715365 0.113643
vt 0.712640 0.129569
vt 0.770828 0.705772
vt 0.773383 0.705638
vt 0.847602 0.923090
vt 0.750177 0.925191
vt 0.779177 0.917090
vt 0.586281 0.758117
vt 0.598441 0.764484
vt 0.950046 0.041134
vt 0.949489 0.034321
vt 0.970783 0.040470
vt 0.950437 0.046330
vt 0.983738 0.043700
vt 0.571831 0.751430
vt 0.694258 0.003387
vt 0.708641 0.007729
vt 0.709343 0.009742
vt 0.258541 0.341066
vt 0.292459 0.214881
vt 0.294418 0.214720
vt 0.298211 0.148825
vt 0.056091 0.362931
vt 0.057407 0.359692
vt 0.089977 0.379466
vt 0.088843 0.381605
vt 0.102329 0.380452
vt 0.105556 0.383584
vt 0.101257 0.369275
vt 0.103778 0.368721
vt 0.081186 0.335785
vt 0.085069 0.332986
vt 0.076488 0.327281
vt 0.080500 0.325153
vt 0.071017 0.320928
vt 0.073889 0.324077
vt 0.063491 0.331351
vt 0.060142 0.327141
vt 0.052878 0.342000
vt 0.048985 0.337937
vt 0.079071 0.323589
vt 0.095706 0.306699
vt 0.097849 0.308424
vt 0.100920 0.311536
vt 0.075457 0.325957
vt 0.066018 0.335856
vt 0.064866 0.333653
vt 0.056113 0.346042
vt 0.054515 0.343997
vt 0.044213 0.353486
vt 0.041591 0.348889
vt 0.090995 0.368453
vt 0.087142 0.372456
vt 0.458601 0.669703
vt 0.438665 0.660188
vt 0.437395 0.650788
vt 0.458965 0.660676
vt 0.416482 0.379339
vt 0.413624 0.372319
vt 0.417480 0.368295
vt 0.077573 0.321809
vt 0.074840 0.318224
vt 0.689771 0.159091
vt 0.692406 0.158033
vt 0.944430 0.427741
vt 0.952096 0.427562
vt 0.954246 0.520309
vt 0.946579 0.520488
vt 0.104292 0.258980
vt 0.106810 0.257610
vt 0.109400 0.263488
vt 0.106560 0.263700
vt 0.474482 0.675140
vt 0.468243 0.673383
vt 0.468602 0.664572
vt 0.474831 0.666704
vt 0.109575 0.290835
vt 0.106519 0.289613
vt 0.106424 0.277701
vt 0.109662 0.276597
vt 0.112648 0.277377
vt 0.111224 0.270804
vt 0.101188 0.261131
vt 0.028206 0.163073
vt 0.031388 0.161322
vt 0.498404 0.675363
vt 0.495372 0.675515
vt 0.494948 0.667099
vt 0.498753 0.666940
vt 0.104399 0.299998
vt 0.102067 0.298024
vt 0.103060 0.264768
vt 0.765460 0.080214
vt 0.779741 0.061197
vt 0.792899 0.066067
vt 0.780912 0.083143
vt 0.805725 0.072447
vt 0.794690 0.090661
vt 0.636878 0.452804
vt 0.614338 0.449991
vt 0.834787 0.118925
vt 0.812224 0.116248
vt 0.830934 0.105278
vt 0.805478 0.102062
vt 0.824630 0.092958
vt 0.816035 0.081707
vt 0.735286 0.088727
vt 0.723362 0.099486
vt 0.471674 0.590154
vt 0.477948 0.590404
vt 0.112193 0.293300
vt 0.353725 0.368387
vt 0.352239 0.371058
vt 0.346639 0.369352
vt 0.100322 0.296350
vt 0.097643 0.293546
vt 0.100678 0.287516
vt 0.104346 0.288764
vt 0.406926 0.532722
vt 0.424359 0.539662
vt 0.406681 0.539117
vt 0.421985 0.638324
vt 0.100911 0.279220
vt 0.104277 0.278404
vt 0.100966 0.265470
vt 0.097764 0.266788
vt 0.096282 0.264256
vt 0.099376 0.262348
vt 0.091240 0.302221
vt 0.093908 0.305081
vt 0.435497 0.657179
vt 0.428344 0.647841
vt 0.039414 0.114420
vt 0.104573 0.203091
vt 0.033560 0.131650
vt 0.288709 0.233444
vt 0.277054 0.246444
vt 0.107888 0.235760
vt 0.033207 0.159666
vt 0.030840 0.155572
vt 0.157694 0.033371
vt 0.165527 0.039018
vt 0.151710 0.034730
vt 0.215682 0.131155
vt 0.115457 0.042553
vt 0.131146 0.037477
vt 0.226929 0.119357
vt 0.203608 0.143334
vt 0.979955 0.194791
vt 0.658671 0.330621
vt 0.666743 0.330626
vt 0.976254 0.379212
vt 0.639130 0.342971
vt 0.642197 0.337381
vt 0.647869 0.339604
vt 0.647859 0.345611
vt 0.981329 0.131010
vt 0.987523 0.257594
vt 0.985805 0.257595
vt 0.974959 0.342817
vt 0.974977 0.350940
vt 0.970661 0.344367
vt 0.967997 0.594037
vt 0.968529 0.587919
vt 0.981064 0.257599
vt 0.466375 0.169717
vt 0.450593 0.143856
vt 0.461420 0.137466
vt 0.478800 0.158881
vt 0.039180 0.962507
vt 0.038941 0.970576
vt 0.989718 0.321531
vt 0.984395 0.325653
vt 0.985677 0.317538
vt 0.674077 0.337185
vt 0.672013 0.342802
vt 0.615371 0.119600
vt 0.621494 0.117648
vt 0.622693 0.119953
vt 0.616128 0.122030
vt 0.982030 0.238833
vt 0.576903 0.270851
vt 0.544014 0.233658
vt 0.547424 0.227410
vt 0.590047 0.258452
vt 0.882025 0.027538
vt 0.493733 0.108554
vt 0.503509 0.138125
vt 0.498063 0.139229
vt 0.566199 0.213538
vt 0.603571 0.245867
vt 0.559366 0.219831
vt 0.195985 0.212723
vt 0.531324 0.229253
vt 0.517529 0.216517
vt 0.522413 0.212264
vt 0.536131 0.224712
vt 0.195005 0.211607
vt 0.454629 0.471987
vt 0.479439 0.472097
vt 0.479424 0.476665
vt 0.454615 0.476554
vt 0.454635 0.470095
vt 0.479445 0.470205
vt 0.152453 0.159249
vt 0.492882 0.186515
vt 0.497005 0.182824
vt 0.488970 0.152117
vt 0.046683 0.100918
vt 0.193924 0.157026
vt 0.742159 0.321887
vt 0.703056 0.356414
vt 0.703756 0.358115
vt 0.659852 0.764191
vt 0.653279 0.782059
vt 0.675138 0.786340
vt 0.316585 0.156891
vt 0.316699 0.174120
vt 0.303881 0.224388
vt 0.317362 0.191372
vt 0.026931 0.011136
vt 0.025039 0.005298
vt 0.031426 0.003288
vt 0.033350 0.011780
vt 0.325624 0.206279
vt 0.329158 0.258425
vt 0.336495 0.219321
vt 0.349801 0.229977
vt 0.357309 0.247506
vt 0.347223 0.252910
vt 0.322045 0.729275
vt 0.296627 0.744572
vt 0.295765 0.742793
vt 0.319697 0.724872
vt 0.381337 0.242476
vt 0.370012 0.244291
vt 0.364939 0.237815
vt 0.479072 0.690133
vt 0.003124 0.960641
vt 0.739396 0.750976
vt 0.427698 0.684800
vt 0.442725 0.687912
vt 0.425647 0.694000
vt 0.038357 0.978346
vt 0.037936 0.983193
vt 0.038748 0.973767
vt 0.739902 0.440968
vt 0.733832 0.424176
vt 0.617959 0.386692
vt 0.610075 0.388690
vt 0.609772 0.387271
vt 0.617461 0.385387
vt 0.761755 0.706244
vt 0.620691 0.683722
vt 0.621201 0.672297
vt 0.630858 0.672733
vt 0.630335 0.684299
vt 0.025059 0.049049
vt 0.039416 0.032501
vt 0.041702 0.035052
vt 0.027925 0.050961
vt 0.018524 0.156735
vt 0.009950 0.134512
vt 0.013426 0.133609
vt 0.021880 0.155567
vt 0.023776 0.154870
vt 0.015653 0.134247
vt 0.019995 0.136200
vt 0.026973 0.153540
vt 0.023174 0.165996
vt 0.026355 0.164120
vt 0.419901 0.092216
vt 0.398483 0.069253
vt 0.406447 0.062518
vt 0.429503 0.086195
vt 0.159015 0.027598
vt 0.157622 0.029600
vt 0.142368 0.021792
vt 0.142840 0.019290
vt 0.009882 0.111126
vt 0.012382 0.111259
vt 0.003213 0.112369
vt 0.007773 0.111249
vt 0.009564 0.091987
vt 0.012729 0.092373
vt 0.013975 0.071156
vt 0.017222 0.072092
vt 0.050940 0.016593
vt 0.052571 0.020387
vt 0.037769 0.030732
vt 0.034682 0.027559
vt 0.002581 0.090700
vt 0.007349 0.091645
vt 0.007737 0.068715
vt 0.011791 0.070425
vt 0.019267 0.045759
vt 0.023039 0.047810
vt 0.053605 0.022476
vt 0.055204 0.025422
vt 0.064085 0.061954
vt 0.055110 0.070858
vt 0.048030 0.064834
vt 0.057571 0.055092
vt 0.039449 0.059600
vt 0.051459 0.046022
vt 0.046231 0.081053
vt 0.039232 0.074430
vt 0.038115 0.092428
vt 0.030024 0.086236
vt 0.030123 0.106665
vt 0.021924 0.099808
vt 0.023615 0.124652
vt 0.017336 0.112462
vt 0.029396 0.153055
vt 0.032134 0.129291
vt 0.017215 0.097054
vt 0.022351 0.084634
vt 0.029961 0.071355
vt 0.308529 0.119076
vt 0.117954 0.256237
vt 0.482488 0.675558
vt 0.481987 0.667084
vt 0.269230 0.115036
vt 0.268305 0.117460
vt 0.262932 0.113761
vt 0.288579 0.203311
vt 0.106844 0.302435
vt 0.625454 0.123590
vt 0.636227 0.127021
vt 0.629969 0.138516
vt 0.617917 0.126342
vt 0.628887 0.510122
vt 0.638494 0.510443
vt 0.637937 0.521966
vt 0.628308 0.521485
vt 0.167704 0.036670
vt 0.169020 0.034710
vt 0.163676 0.023637
vt 0.160609 0.025917
vt 0.143011 0.017005
vt 0.142916 0.013414
vt 0.335204 0.443380
vt 0.343455 0.470890
vt 0.030974 0.371398
vt 0.034282 0.378104
vt 0.030460 0.374536
vt 0.029412 0.372729
vt 0.121302 0.013892
vt 0.121547 0.011829
vt 0.100600 0.012660
vt 0.100499 0.009531
vt 0.080520 0.015304
vt 0.079873 0.012070
vt 0.120934 0.005347
vt 0.121548 0.009615
vt 0.100366 0.007322
vt 0.099880 0.002597
vt 0.079322 0.009888
vt 0.077958 0.005788
vt 0.992412 0.326514
vt 0.986602 0.328375
vt 0.061856 0.036287
vt 0.067431 0.046396
vt 0.522292 0.501347
vt 0.083684 0.046471
vt 0.073457 0.053892
vt 0.078551 0.038179
vt 0.108439 0.032400
vt 0.094195 0.039480
vt 0.089197 0.031238
vt 0.104657 0.024035
vt 0.124526 0.027052
vt 0.122446 0.020806
vt 0.969878 0.330570
vt 0.964736 0.328011
vt 0.966403 0.323890
vt 0.970817 0.328057
vt 0.102324 0.017384
vt 0.087542 0.022635
vt 0.074743 0.028992
vt 0.414210 0.022495
vt 0.407231 0.015122
vt 0.427338 0.012657
vt 0.429003 0.017383
vt 0.140960 0.023639
vt 0.155354 0.031701
vt 0.149469 0.033133
vt 0.250459 0.102731
vt 0.269892 0.113106
vt 0.294254 0.227410
vt 0.290164 0.214373
vt 0.244064 0.111489
vt 0.485136 0.590691
vt 0.281262 0.124101
vt 0.281988 0.122377
vt 0.170300 0.032718
vt 0.172352 0.029429
vt 0.047224 0.356774
vt 0.033802 0.369028
vt 0.032208 0.367217
vt 0.045682 0.355309
vt 0.281947 0.127226
vt 0.692308 0.321852
vt 0.091722 0.054380
vt 0.101879 0.048575
vt 0.413089 0.101293
vt 0.409913 0.112312
vt 0.380660 0.089453
vt 0.389251 0.078440
vt 0.469049 0.102539
vt 0.072257 0.962742
vt 0.075555 0.958168
vt 0.089199 0.958267
vt 0.089144 0.963096
vt 0.538455 0.238535
vt 0.455102 0.181752
vt 0.438099 0.145458
vt 0.054146 0.089751
vt 0.373204 0.100625
vt 0.443666 0.192746
vt 0.431007 0.202687
vt 0.365932 0.114142
vt 0.142392 0.127541
vt 0.113809 0.140679
vt 0.120932 0.139761
vt 0.944743 0.175593
vt 0.944941 0.182003
vt 0.899031 0.181175
vt 0.899145 0.174816
vt 0.941643 0.052336
vt 0.899703 0.052645
vt 0.899663 0.047866
vt 0.941673 0.047497
vt 0.943486 0.164332
vt 0.944310 0.170728
vt 0.899227 0.170010
vt 0.899328 0.163669
vt 0.124112 0.138674
vt 0.037964 0.112175
vt 0.045235 0.098787
vt 0.052678 0.087738
vt 0.061216 0.076849
vt 0.062743 0.078738
vt 0.070359 0.067740
vt 0.078236 0.061078
vt 0.089884 0.052736
vt 0.113387 0.040935
vt 0.128970 0.035871
vt 0.736529 0.440087
vt 0.876207 0.111635
vt 0.635726 0.254334
vt 0.636092 0.252251
vt 0.644913 0.254972
vt 0.644179 0.258471
vt 0.498120 0.591225
vt 0.501926 0.591384
vt 0.351319 0.505403
vt 0.370950 0.514768
vt 0.372222 0.524172
vt 0.350957 0.514429
vt 0.661111 0.516020
vt 0.690750 0.543880
vt 0.699731 0.560505
vt 0.679238 0.529230
vt 0.770402 0.519455
vt 0.732265 0.547602
vt 0.722543 0.535567
vt 0.759907 0.485284
vt 0.749785 0.082121
vt 0.466981 0.023966
vt 0.468358 0.022171
vt 0.483472 0.029585
vt 0.481252 0.031686
vt 0.099919 0.046955
vt 0.480029 0.847940
vt 0.485133 0.832226
vt 0.488296 0.833793
vt 0.483521 0.848453
vt 0.583337 0.374975
vt 0.588441 0.390687
vt 0.584962 0.391278
vt 0.580210 0.376612
vt 0.556159 0.809141
vt 0.569527 0.818851
vt 0.567060 0.821375
vt 0.554593 0.812304
vt 0.560257 0.446002
vt 0.544543 0.451107
vt 0.543952 0.447627
vt 0.558619 0.442875
vt 0.480031 0.864462
vt 0.483510 0.863871
vt 0.583335 0.422923
vt 0.573623 0.436290
vt 0.571100 0.433822
vt 0.580173 0.421356
vt 0.540445 0.804036
vt 0.539932 0.807528
vt 0.588441 0.407210
vt 0.584949 0.406696
vt 0.494843 0.818858
vt 0.497367 0.821326
vt 0.508209 0.809145
vt 0.523923 0.804038
vt 0.524514 0.807517
vt 0.509847 0.812272
vt 0.560259 0.351895
vt 0.573625 0.361607
vt 0.571157 0.364130
vt 0.558691 0.355058
vt 0.579240 0.832217
vt 0.576113 0.833854
vt 0.544545 0.346789
vt 0.544032 0.350281
vt 0.485138 0.880176
vt 0.488265 0.878538
vt 0.539864 0.904875
vt 0.524446 0.904864
vt 0.532189 0.856196
vt 0.515746 0.221428
vt 0.514274 0.221573
vt 0.516558 0.215394
vt 0.985018 0.263207
vt 0.980276 0.263211
vt 0.679046 0.319381
vt 0.681604 0.314240
vt 0.964211 0.330565
vt 0.986736 0.263206
vt 0.517863 0.470327
vt 0.523472 0.471263
vt 0.523466 0.473155
vt 0.517857 0.472219
vt 0.523452 0.477723
vt 0.517843 0.476786
vt 0.586695 0.473323
vt 0.586681 0.477890
vt 0.586701 0.471431
vt 0.592316 0.470529
vt 0.592310 0.472422
vt 0.592295 0.476989
vt 0.308869 0.079631
vt 0.308869 0.085317
vt 0.284060 0.085314
vt 0.654411 0.680855
vt 0.672729 0.669307
vt 0.024507 0.018665
vt 0.032475 0.015898
vt 0.028535 0.022802
vt 0.026103 0.239853
vt 0.023732 0.222977
vt 0.083420 0.266133
vt 0.018115 0.206887
vt 0.003512 0.188475
vt 0.306525 0.297416
vt 0.997436 0.388201
vt 0.997436 0.499648
vt 0.739832 0.320691
vt 0.342388 0.255417
vt 0.300022 0.381882
vt 0.680695 0.157629
vt 0.680569 0.158101
vt 0.891823 0.002709
vt 0.341122 0.256531
vt 0.025268 0.256807
vt 0.337337 0.473725
vt 0.329195 0.443497
vt 0.363290 0.491488
vt 0.357430 0.498354
vt 0.892455 0.179497
vt 0.893910 0.179603
vt 0.894125 0.191189
vt 0.892282 0.191009
vt 0.892146 0.169396
vt 0.890662 0.169369
vt 0.889648 0.164638
vt 0.891401 0.164750
vt 0.390678 0.510968
vt 0.420326 0.501828
vt 0.443358 0.490198
vt 0.447074 0.493021
vt 0.421613 0.508641
vt 0.838101 0.037006
vt 0.969258 0.319751
vt 0.972712 0.325060
vt 0.885277 0.118960
vt 0.008661 0.443426
vt 0.115080 0.451163
vt 0.105995 0.465277
vt 0.016896 0.470865
vt 0.385272 0.635300
vt 0.380592 0.633539
vt 0.383117 0.628655
vt 0.866964 0.235531
vt 0.822758 0.225596
vt 0.415108 0.641981
vt 0.404813 0.587485
vt 0.402946 0.635844
vt 0.968381 0.629532
vt 0.987877 0.367418
vt 0.967518 0.600272
vt 0.426054 0.142101
vt 0.426157 0.141906
vt 0.430467 0.138446
vt 0.436270 0.140034
vt 0.438118 0.145236
vt 0.471203 0.114840
vt 0.466221 0.112571
vt 0.465077 0.106647
vt 0.468844 0.102632
vt 0.452169 0.086073
vt 0.462217 0.092384
vt 0.462068 0.092537
vt 0.457058 0.094539
vt 0.452304 0.091433
vt 0.452090 0.086265
vt 0.440770 0.083987
vt 0.440769 0.084191
vt 0.438682 0.088813
vt 0.433201 0.089867
vt 0.429578 0.086383
vt 0.420037 0.092364
vt 0.421602 0.097124
vt 0.418257 0.101548
vt 0.413274 0.101382
vt 0.411057 0.123866
vt 0.410117 0.112326
vt 0.414524 0.114814
vt 0.415067 0.120401
vt 0.461268 0.137302
vt 0.459507 0.132045
vt 0.463034 0.127115
vt 0.468539 0.127118
vt 0.416512 0.134321
vt 0.421843 0.132781
vt 0.426478 0.136436
vt 0.464875 0.123047
vt 0.466156 0.117068
vt 0.446772 0.139580
vt 0.451014 0.138134
vt 0.450521 0.143644
vt 0.463386 0.102496
vt 0.460169 0.097635
vt 0.448363 0.089849
vt 0.442870 0.088803
vt 0.429339 0.091392
vt 0.424650 0.094320
vt 0.416399 0.105236
vt 0.414899 0.110632
vt 0.416313 0.124450
vt 0.419028 0.129450
vt 0.775449 0.677162
vt 0.772938 0.676905
vt 0.776411 0.662986
vt 0.778675 0.663538
vt 0.790230 0.637903
vt 0.788446 0.636838
vt 0.797166 0.625148
vt 0.798899 0.626592
vt 0.781781 0.649569
vt 0.783980 0.650384
vt 0.773637 0.690901
vt 0.771047 0.691054
vt 0.807212 0.614363
vt 0.808370 0.615846
vt 0.115693 0.451927
vt 0.106980 0.465342
vt 0.706825 0.154778
vt 0.711438 0.152791
vt 0.709696 0.155598
vt 0.126602 0.483088
vt 0.129710 0.484802
vt 0.127696 0.486731
vt 0.124918 0.484329
vt 0.687934 0.158778
vt 0.688045 0.160085
vt 0.113015 0.475493
vt 0.111035 0.475311
vt 0.111835 0.474832
vt 0.847407 0.260662
vt 0.835151 0.307814
vt 0.803885 0.300309
vt 0.833325 0.249461
vt 0.623542 0.227242
vt 0.624653 0.228790
vt 0.618437 0.235527
vt 0.616810 0.234339
vt 0.623144 0.243298
vt 0.624533 0.242480
vt 0.629562 0.247921
vt 0.628804 0.249592
vt 0.624370 0.240649
vt 0.636302 0.240208
vt 0.636940 0.242718
vt 0.755153 0.246822
vt 0.743716 0.246704
vt 0.743759 0.245422
vt 0.755115 0.245300
vt 0.306933 0.660406
vt 0.304270 0.660163
vt 0.307752 0.583628
vt 0.310017 0.583721
vt 0.625446 0.226019
vt 0.626054 0.227776
vt 0.856055 0.265243
vt 0.857695 0.265661
vt 0.847325 0.310051
vt 0.845272 0.309701
vt 0.619036 0.197660
vt 0.616694 0.197710
vt 0.616778 0.189820
vt 0.619018 0.190326
vt 0.633683 0.141111
vt 0.631612 0.139845
vt 0.638006 0.128835
vt 0.639531 0.130228
vt 0.623703 0.162807
vt 0.621665 0.161763
vt 0.626230 0.149849
vt 0.628239 0.151453
vt 0.608239 0.199628
vt 0.614253 0.197259
vt 0.614511 0.202569
vt 0.016043 0.415497
vt 0.036163 0.384991
vt 0.618913 0.173061
vt 0.616622 0.172645
vt 0.619737 0.160329
vt 0.644144 0.111075
vt 0.634450 0.117381
vt 0.641295 0.109456
vt 0.822880 0.244121
vt 0.791971 0.243733
vt 0.801691 0.242034
vt 0.755957 0.248195
vt 0.759917 0.248179
vt 0.741435 0.247414
vt 0.742091 0.245638
vt 0.766019 0.247773
vt 0.770814 0.247148
vt 0.774693 0.295264
vt 0.011158 0.413008
vt 0.029566 0.384775
vt 0.111424 0.474037
vt 0.030429 0.365292
vt 0.026868 0.361575
vt 0.375623 0.636042
vt 0.373531 0.630297
vt 0.028281 0.366575
vt 0.022693 0.363826
vt 0.865441 0.267450
vt 0.862182 0.265654
vt 0.862602 0.264969
vt 0.718336 0.262393
vt 0.726093 0.260439
vt 0.698455 0.267762
vt 0.698361 0.265227
vt 0.681047 0.272422
vt 0.681146 0.269687
vt 0.668076 0.278704
vt 0.666066 0.276661
vt 0.655890 0.287129
vt 0.653867 0.285001
vt 0.645123 0.296725
vt 0.643080 0.294609
vt 0.634640 0.308109
vt 0.632077 0.306123
vt 0.691812 0.159249
vt 0.703964 0.154592
vt 0.629081 0.313978
vt 0.626683 0.312002
vt 0.646984 0.112685
vt 0.649312 0.114116
vt 0.823389 0.242738
vt 0.823927 0.241307
vt 0.834144 0.246799
vt 0.833840 0.248125
vt 0.029173 0.369584
vt 0.027633 0.371426
vt 0.859925 0.264596
vt 0.860546 0.263570
vt 0.647840 0.109184
vt 0.650485 0.108765
vt 0.849466 0.310634
vt 0.859367 0.266103
vt 0.644164 0.101168
vt 0.638515 0.106389
vt 0.637775 0.105459
vt 0.641432 0.098390
vt 0.840959 0.308933
vt 0.851991 0.263436
vt 0.854048 0.264307
vt 0.843135 0.309221
vt 0.645869 0.102857
vt 0.646886 0.103891
vt 0.640187 0.108313
vt 0.649049 0.102420
vt 0.647413 0.101227
vt 0.645085 0.100030
vt 0.349670 0.680413
vt 0.340552 0.680474
vt 0.347807 0.592108
vt 0.631471 0.112248
vt 0.630846 0.111219
vt 0.322132 0.677159
vt 0.322371 0.672078
vt 0.326874 0.679125
vt 0.610610 0.119224
vt 0.610952 0.117575
vt 0.614903 0.118223
vt 0.587681 0.114781
vt 0.592387 0.117820
vt 0.593555 0.122711
vt 0.588155 0.119899
vt 0.306173 0.675240
vt 0.302988 0.674536
vt 0.303743 0.671787
vt 0.306424 0.672341
vt 0.623318 0.121502
vt 0.616525 0.123571
vt 0.329847 0.679627
vt 0.330283 0.682919
vt 0.324760 0.681947
vt 0.620795 0.116497
vt 0.321396 0.680433
vt 0.633233 0.116184
vt 0.632632 0.114586
vt 0.813050 0.242113
vt 0.621074 0.173500
vt 0.578171 0.099978
vt 0.579258 0.098685
vt 0.591935 0.109753
vt 0.591062 0.110958
vt 0.575530 0.103576
vt 0.573566 0.106089
vt 0.875107 0.225753
vt 0.873897 0.225532
vt 0.636166 0.309117
vt 0.627309 0.315769
vt 0.625895 0.313229
vt 0.685258 0.285040
vt 0.704991 0.195761
vt 0.708592 0.181402
vt 0.711036 0.181154
vt 0.707557 0.195814
vt 0.698246 0.209378
vt 0.700237 0.210650
vt 0.687285 0.222248
vt 0.689175 0.223613
vt 0.672352 0.232416
vt 0.673455 0.234419
vt 0.653419 0.239167
vt 0.653759 0.241510
vt 0.709913 0.165215
vt 0.709944 0.157068
vt 0.713053 0.156691
vt 0.713024 0.164855
vt 0.645430 0.239685
vt 0.645654 0.242246
vt 0.833868 0.146930
vt 0.829588 0.160067
vt 0.811494 0.147336
vt 0.823015 0.172410
vt 0.804089 0.161189
vt 0.813755 0.183116
vt 0.792773 0.172074
vt 0.803165 0.192106
vt 0.986742 0.338840
vt 0.987682 0.335538
vt 0.993299 0.337602
vt 0.990814 0.344285
vt 0.715401 0.145465
vt 0.722626 0.159665
vt 0.733664 0.170992
vt 0.747579 0.178371
vt 0.067096 0.503477
vt 0.689545 0.160208
vt 0.032401 0.370175
vt 0.030612 0.368312
vt 0.858160 0.264161
vt 0.856543 0.263720
vt 0.857112 0.262258
vt 0.858731 0.262757
vt 0.349006 0.684299
vt 0.340635 0.684166
vt 0.353636 0.678666
vt 0.355980 0.681777
vt 0.493797 0.209158
vt 0.505779 0.218732
vt 0.507126 0.226543
vt 0.086238 0.637386
vt 0.086691 0.643977
vt 0.081950 0.643942
vt 0.081497 0.637351
vt 0.088469 0.614634
vt 0.087990 0.620869
vt 0.086272 0.620856
vt 0.086751 0.614621
vt 0.525465 0.231440
vt 0.519904 0.229421
vt 0.518728 0.230430
vt 0.515935 0.227156
vt 0.517107 0.226156
vt 0.517992 0.188052
vt 0.519100 0.187048
vt 0.522762 0.191286
vt 0.521644 0.192294
vt 0.513585 0.192012
vt 0.515885 0.194592
vt 0.514842 0.195520
vt 0.512497 0.192980
vt 0.514868 0.235662
vt 0.513523 0.236808
vt 0.508829 0.231239
vt 0.510178 0.230120
vt 0.540828 0.209111
vt 0.536077 0.213378
vt 0.534170 0.212878
vt 0.541513 0.206613
vt 0.526042 0.198853
vt 0.525717 0.206322
vt 0.524313 0.205966
vt 0.524376 0.199184
vt 0.517436 0.197792
vt 0.517643 0.201281
vt 0.516165 0.201119
vt 0.515980 0.198062
vt 0.510143 0.189830
vt 0.509818 0.191282
vt 0.506806 0.190818
vt 0.506601 0.189257
vt 0.497246 0.196677
vt 0.498658 0.196875
vt 0.499085 0.200068
vt 0.497785 0.200253
vt 0.491814 0.190991
vt 0.491073 0.194902
vt 0.489492 0.194787
vt 0.490419 0.190500
vt 0.502059 0.182232
vt 0.507831 0.182498
vt 0.522990 0.239918
vt 0.531729 0.239680
vt 0.537364 0.237271
vt 0.538347 0.219469
vt 0.537161 0.225879
vt 0.536899 0.219406
vt 0.513292 0.184432
vt 0.513909 0.183056
vt 0.493879 0.187486
vt 0.563900 0.213373
vt 0.559399 0.217509
vt 0.518810 0.164735
vt 0.514555 0.168687
vt 0.512347 0.168540
vt 0.518834 0.162497
vt 0.498692 0.193242
vt 0.499732 0.194403
vt 0.542910 0.232405
vt 0.532189 0.230233
vt 0.497812 0.183894
vt 0.502771 0.190076
vt 0.503855 0.191270
vt 0.508627 0.213135
vt 0.507031 0.212729
vt 0.509975 0.207831
vt 0.510967 0.208978
vt 0.525706 0.233084
vt 0.544996 0.217903
vt 0.546768 0.217781
vt 0.493035 0.204245
vt 0.491367 0.205162
vt 0.489885 0.200199
vt 0.491622 0.199957
vt 0.545850 0.226561
vt 0.494308 0.206579
vt 0.507337 0.218651
vt 0.508408 0.225463
vt 0.596652 0.045310
vt 0.597188 0.039879
vt 0.598683 0.040101
vt 0.598053 0.045388
vt 0.601106 0.065711
vt 0.598919 0.060903
vt 0.600276 0.060414
vt 0.602430 0.065012
vt 0.612049 0.007729
vt 0.615884 0.003985
vt 0.616648 0.005124
vt 0.613156 0.008721
vt 0.607114 0.074333
vt 0.603837 0.070229
vt 0.605006 0.069386
vt 0.608140 0.073344
vt 0.615353 0.080548
vt 0.610985 0.077856
vt 0.611823 0.076736
vt 0.615829 0.079313
vt 0.600127 0.028597
vt 0.602436 0.022777
vt 0.604124 0.023556
vt 0.601742 0.029208
vt 0.596622 0.050643
vt 0.598059 0.050557
vt 0.605372 0.017247
vt 0.606883 0.018081
vt 0.087772 0.626375
vt 0.086054 0.626363
vt 0.537961 0.201267
vt 0.540359 0.199081
vt 0.552175 0.216876
vt 0.598309 0.034302
vt 0.599828 0.034680
vt 0.608588 0.019221
vt 0.611234 0.014352
vt 0.614915 0.017373
vt 0.612830 0.021868
vt 0.597376 0.055871
vt 0.598780 0.055578
vt 0.513207 0.162968
vt 0.766618 0.302362
vt 0.771673 0.302759
vt 0.771677 0.307500
vt 0.766622 0.307103
vt 0.614384 0.010081
vt 0.617643 0.006407
vt 0.620494 0.009655
vt 0.617595 0.013341
vt 0.599789 0.050227
vt 0.600474 0.055092
vt 0.418215 0.054171
vt 0.608537 0.012170
vt 0.609804 0.013079
vt 0.087045 0.589243
vt 0.087123 0.596372
vt 0.082382 0.596337
vt 0.082304 0.589208
vt 0.508302 0.165999
vt 0.087175 0.578063
vt 0.087078 0.583835
vt 0.082337 0.583800
vt 0.082433 0.578028
vt 0.677420 0.342937
vt 0.677426 0.337189
vt 0.632621 0.338176
vt 0.630392 0.332563
vt 0.086838 0.656193
vt 0.086677 0.662283
vt 0.081936 0.662248
vt 0.082097 0.656159
vt 0.662044 0.315793
vt 0.961318 0.364389
vt 0.967272 0.363047
vt 0.490232 0.146798
vt 0.599855 0.045233
vt 0.603943 0.064211
vt 0.601922 0.059763
vt 0.605964 0.058149
vt 0.607742 0.062200
vt 0.981123 0.342872
vt 0.981117 0.350944
vt 0.403266 0.706125
vt 0.412409 0.707545
vt 0.405542 0.718567
vt 0.775327 0.303016
vt 0.775330 0.307757
vt 0.086024 0.630399
vt 0.081283 0.630364
vt 0.081313 0.626328
vt 0.778870 0.303163
vt 0.778874 0.307905
vt 0.616943 0.078118
vt 0.613058 0.075498
vt 0.616184 0.072492
vt 0.619888 0.075135
vt 0.086212 0.539540
vt 0.086521 0.543975
vt 0.081780 0.543940
vt 0.081471 0.539505
vt 0.707291 0.304674
vt 0.714018 0.304669
vt 0.714022 0.309410
vt 0.707295 0.309416
vt 0.725275 0.303642
vt 0.730677 0.303213
vt 0.730681 0.307955
vt 0.725278 0.308384
vt 0.735233 0.302869
vt 0.735237 0.307610
vt 0.600539 0.040156
vt 0.605106 0.040415
vt 0.604307 0.044951
vt 0.745172 0.302298
vt 0.748536 0.302405
vt 0.748540 0.307146
vt 0.745176 0.307039
vt 0.678192 0.302270
vt 0.684977 0.302804
vt 0.684981 0.307545
vt 0.678196 0.307011
vt 0.751969 0.302451
vt 0.751973 0.307193
vt 0.086124 0.536934
vt 0.081383 0.536900
vt 0.672160 0.302568
vt 0.672164 0.307310
vt 0.601728 0.034944
vt 0.606408 0.035778
vt 0.086777 0.548997
vt 0.086993 0.552930
vt 0.082252 0.552896
vt 0.082036 0.548962
vt 0.755318 0.302449
vt 0.755322 0.307190
vt 0.638463 0.332576
vt 0.632129 0.320369
vt 0.638474 0.326422
vt 0.740680 0.004477
vt 0.744242 0.008006
vt 0.733491 0.015120
vt 0.087358 0.572401
vt 0.082616 0.572366
vt 0.606468 0.068392
vt 0.610081 0.065958
vt 0.087267 0.556954
vt 0.087647 0.562217
vt 0.082906 0.562182
vt 0.082526 0.556919
vt 0.759282 0.302388
vt 0.759286 0.307130
vt 0.089002 0.608516
vt 0.087283 0.608504
vt 0.086318 0.668280
vt 0.081577 0.668245
vt 0.741378 0.302375
vt 0.741382 0.307116
vt 0.606082 0.024461
vt 0.610736 0.026612
vt 0.690619 0.303227
vt 0.690623 0.307968
vt 0.087611 0.566726
vt 0.082870 0.566691
vt 0.087304 0.602860
vt 0.082563 0.602825
vt 0.514779 0.203783
vt 0.087956 0.637399
vt 0.088409 0.643990
vt 0.766617 0.300643
vt 0.771672 0.301040
vt 0.088764 0.589255
vt 0.088841 0.596384
vt 0.088893 0.578076
vt 0.088797 0.583847
vt 0.088556 0.656206
vt 0.088395 0.662296
vt 0.775325 0.301298
vt 0.714017 0.302951
vt 0.718742 0.302626
vt 0.718743 0.304344
vt 0.087742 0.630411
vt 0.088852 0.650129
vt 0.087134 0.650116
vt 0.664080 0.302826
vt 0.664084 0.307567
vt 0.778868 0.301445
vt 0.089365 0.562230
vt 0.089330 0.566739
vt 0.087930 0.539553
vt 0.088239 0.543987
vt 0.707290 0.302956
vt 0.730676 0.301495
vt 0.735232 0.301151
vt 0.515849 0.204798
vt 0.745171 0.300580
vt 0.748535 0.300687
vt 0.678191 0.300551
vt 0.684975 0.301086
vt 0.751968 0.300733
vt 0.087842 0.536947
vt 0.762783 0.300552
vt 0.762785 0.302270
vt 0.698701 0.304017
vt 0.698705 0.308758
vt 0.672159 0.300850
vt 0.089022 0.602872
vt 0.498728 0.202826
vt 0.500672 0.203328
vt 0.088495 0.549010
vt 0.088711 0.552943
vt 0.755316 0.300730
vt 0.654960 0.301252
vt 0.664079 0.301107
vt 0.654962 0.302971
vt 0.495892 0.032916
vt 0.485999 0.026155
vt 0.489417 0.023429
vt 0.498193 0.029126
vt 0.089076 0.572414
vt 0.725273 0.301924
vt 0.088985 0.556966
vt 0.759281 0.300670
vt 0.741376 0.300657
vt 0.088036 0.668292
vt 0.690617 0.301508
vt 0.604665 0.053882
vt 0.604096 0.049449
vt 0.603716 0.029766
vt 0.609488 0.072222
vt 0.612866 0.069452
vt 0.541510 0.198024
vt 0.698700 0.302298
vt 0.918789 0.219436
vt 0.909661 0.208179
vt 0.925832 0.202790
vt 0.929513 0.228609
vt 0.892750 0.210309
vt 0.904066 0.213108
vt 0.592161 0.062049
vt 0.552665 0.061795
vt 0.552716 0.053785
vt 0.591900 0.054037
vt 0.003497 0.017438
vt 0.848269 0.953409
vt 0.848190 0.967896
vt 0.765680 0.971791
vt 0.765457 0.957309
vt 0.022180 0.026797
vt 0.005601 0.002661
vt 0.002632 0.009474
vt 0.249705 0.974953
vt 0.249700 0.971914
vt 0.264670 0.971998
vt 0.264703 0.974898
vt 0.234196 0.974914
vt 0.234204 0.971828
vt 0.866363 0.978754
vt 0.875084 0.983061
vt 0.775802 0.982315
vt 0.234230 0.983735
vt 0.234205 0.979251
vt 0.249752 0.979248
vt 0.249802 0.983631
vt 0.264859 0.978978
vt 0.234368 0.959924
vt 0.249934 0.960211
vt 0.249831 0.964591
vt 0.234291 0.964406
vt 0.264718 0.969100
vt 0.280122 0.968203
vt 0.280387 0.973702
vt 0.249735 0.968880
vt 0.234232 0.968743
vt 0.186695 0.974699
vt 0.186703 0.971551
vt 0.202597 0.971644
vt 0.202586 0.974780
vt 0.218499 0.971737
vt 0.218489 0.974864
vt 0.170729 0.974624
vt 0.170739 0.971457
vt 0.186685 0.983602
vt 0.186699 0.979121
vt 0.202581 0.979182
vt 0.202524 0.983723
vt 0.218484 0.979250
vt 0.218462 0.983843
vt 0.170750 0.983663
vt 0.170732 0.979070
vt 0.186826 0.959500
vt 0.202666 0.959565
vt 0.202669 0.964106
vt 0.186788 0.963981
vt 0.218603 0.959632
vt 0.218572 0.964224
vt 0.170893 0.959252
vt 0.170821 0.963844
vt 0.202623 0.968508
vt 0.186732 0.968403
vt 0.218525 0.968610
vt 0.170767 0.968291
vt 0.841350 0.576270
vt 0.848460 0.562456
vt 0.849949 0.563141
vt 0.842944 0.576998
vt 0.391595 0.728540
vt 0.389157 0.721863
vt 0.406901 0.725446
vt 0.618110 0.463652
vt 0.615597 0.464602
vt 0.611676 0.450441
vt 0.632835 0.487291
vt 0.630831 0.489152
vt 0.622044 0.477417
vt 0.624328 0.475997
vt 0.655814 0.503089
vt 0.654691 0.505539
vt 0.641438 0.498869
vt 0.643060 0.496611
vt 0.668921 0.508080
vt 0.668294 0.510681
vt 0.360033 0.731693
vt 0.357074 0.725338
vt 0.372247 0.719491
vt 0.375251 0.725978
vt 0.331109 0.747107
vt 0.327318 0.739912
vt 0.342226 0.732154
vt 0.346005 0.738715
vt 0.421254 0.707910
vt 0.421874 0.715501
vt 0.418733 0.690171
vt 0.420983 0.683429
vt 0.363237 0.738397
vt 0.377426 0.732760
vt 0.335626 0.753368
vt 0.349348 0.744850
vt 0.422051 0.722929
vt 0.394043 0.736441
vt 0.408151 0.733419
vt 0.366040 0.745371
vt 0.379771 0.740555
vt 0.340466 0.760134
vt 0.352986 0.752575
vt 0.422940 0.732142
vt 0.414968 0.699153
vt 0.417125 0.695608
vt 0.423989 0.698966
vt 0.422256 0.703332
vt 0.408170 0.693532
vt 0.405969 0.688819
vt 0.770458 0.676648
vt 0.774173 0.662438
vt 0.437122 0.732288
vt 0.786697 0.635787
vt 0.795444 0.623718
vt 0.779608 0.648763
vt 0.768488 0.691200
vt 0.806050 0.612882
vt 0.756598 0.656677
vt 0.753471 0.655661
vt 0.759764 0.639509
vt 0.762806 0.640919
vt 0.749083 0.672370
vt 0.752335 0.673019
vt 0.780644 0.611849
vt 0.777963 0.609857
vt 0.788890 0.596130
vt 0.792000 0.598443
vt 0.768041 0.624190
vt 0.770880 0.625936
vt 0.122041 0.974401
vt 0.122049 0.971173
vt 0.138339 0.971268
vt 0.138328 0.974482
vt 0.089051 0.974304
vt 0.089054 0.971008
vt 0.105659 0.971083
vt 0.105655 0.974338
vt 0.055312 0.974274
vt 0.055343 0.970961
vt 0.072229 0.970903
vt 0.072233 0.974246
vt 0.154636 0.971363
vt 0.154625 0.974567
vt 0.767864 0.660369
vt 0.762776 0.658688
vt 0.768738 0.643649
vt 0.773589 0.645937
vt 0.761914 0.690711
vt 0.758721 0.674310
vt 0.763961 0.675362
vt 0.790212 0.619348
vt 0.785932 0.615911
vt 0.797216 0.603257
vt 0.801861 0.607934
vt 0.776473 0.629359
vt 0.781039 0.632225
vt 0.122037 0.983523
vt 0.122048 0.978932
vt 0.138323 0.978992
vt 0.138265 0.983644
vt 0.089113 0.983706
vt 0.089071 0.978932
vt 0.105673 0.978904
vt 0.105712 0.983608
vt 0.055194 0.983843
vt 0.055257 0.978963
vt 0.072255 0.978942
vt 0.072291 0.983787
vt 0.154619 0.979062
vt 0.154595 0.983768
vt 0.122179 0.958821
vt 0.138410 0.958890
vt 0.138413 0.963543
vt 0.122137 0.963414
vt 0.105848 0.958546
vt 0.105757 0.963259
vt 0.154741 0.958958
vt 0.154710 0.963664
vt 0.138366 0.968054
vt 0.122078 0.967946
vt 0.105689 0.967829
vt 0.089082 0.967714
vt 0.061703 0.963103
vt 0.072247 0.967553
vt 0.154662 0.968158
vt 0.055365 0.967610
vt 0.048784 0.967513
vt 0.055399 0.965657
vt 0.054816 0.962359
vt 0.368489 0.709009
vt 0.366712 0.704076
vt 0.383230 0.698735
vt 0.352704 0.715140
vt 0.350656 0.710347
vt 0.337320 0.722125
vt 0.335066 0.717433
vt 0.294367 0.740124
vt 0.301234 0.753725
vt 0.061780 0.961519
vt 0.305643 0.761354
vt 0.290341 0.759467
vt 0.286043 0.750670
vt 0.274545 0.766654
vt 0.275665 0.766187
vt 0.275663 0.775144
vt 0.274192 0.775492
vt 0.275991 0.756899
vt 0.279587 0.764493
vt 0.272280 0.759130
vt 0.697451 0.518722
vt 0.696261 0.521281
vt 0.709311 0.528124
vt 0.710953 0.525905
vt 0.720496 0.537474
vt 0.729924 0.549033
vt 0.738872 0.559854
vt 0.735401 0.558889
vt 0.286026 0.780455
vt 0.297874 0.775269
vt 0.301840 0.782608
vt 0.288902 0.788286
vt 0.294158 0.767544
vt 0.282902 0.772492
vt 0.749953 0.472823
vt 0.752066 0.472026
vt 0.760983 0.483543
vt 0.776146 0.493426
vt 0.774788 0.494598
vt 0.778429 0.497027
vt 0.776839 0.497612
vt 0.779156 0.501373
vt 0.777451 0.501313
vt 0.778259 0.505686
vt 0.776559 0.504998
vt 0.756147 0.567437
vt 0.756769 0.565617
vt 0.758973 0.565486
vt 0.758100 0.567686
vt 0.780867 0.501416
vt 0.780049 0.496500
vt 0.786190 0.494602
vt 0.787368 0.501425
vt 0.793333 0.491952
vt 0.794910 0.501187
vt 0.801075 0.489205
vt 0.803047 0.500503
vt 0.812081 0.486802
vt 0.810515 0.487202
vt 0.800487 0.476317
vt 0.802188 0.475994
vt 0.498807 0.350963
vt 0.484228 0.358599
vt 0.483208 0.357872
vt 0.497668 0.349734
vt 0.824333 0.530772
vt 0.826082 0.531069
vt 0.819988 0.545332
vt 0.818450 0.544301
vt 0.793992 0.511472
vt 0.786142 0.508959
vt 0.790526 0.525558
vt 0.781769 0.522895
vt 0.818566 0.499821
vt 0.823859 0.514330
vt 0.802611 0.512612
vt 0.799912 0.526914
vt 0.465686 0.384952
vt 0.464454 0.401647
vt 0.462975 0.401470
vt 0.464301 0.383981
vt 0.471102 0.421738
vt 0.469350 0.421383
vt 0.470881 0.427307
vt 0.469659 0.426870
vt 0.773957 0.423885
vt 0.782758 0.459239
vt 0.786810 0.463738
vt 0.776928 0.468997
vt 0.773829 0.462925
vt 0.768265 0.476394
vt 0.762564 0.467249
vt 0.754093 0.471101
vt 0.762358 0.482140
vt 0.796512 0.478414
vt 0.789104 0.482902
vt 0.782381 0.487651
vt 0.777411 0.492148
vt 0.772215 0.455125
vt 0.759293 0.456213
vt 0.750343 0.456447
vt 0.748206 0.456492
vt 0.512811 0.345198
vt 0.511686 0.343950
vt 0.526044 0.340145
vt 0.525135 0.339013
vt 0.536689 0.336069
vt 0.536005 0.334980
vt 0.547989 0.332075
vt 0.548328 0.330544
vt 0.560864 0.330406
vt 0.560907 0.328908
vt 0.573472 0.335838
vt 0.574532 0.334968
vt 0.772362 0.520056
vt 0.754409 0.564982
vt 0.580069 0.343972
vt 0.580686 0.342898
vt 0.262743 0.794298
vt 0.269078 0.785150
vt 0.271147 0.784745
vt 0.264329 0.794275
vt 0.275689 0.783690
vt 0.275037 0.792574
vt 0.593164 0.378976
vt 0.587650 0.367822
vt 0.589016 0.366959
vt 0.594742 0.378453
vt 0.601300 0.386775
vt 0.601945 0.385149
vt 0.586579 0.363842
vt 0.581951 0.348888
vt 0.583586 0.347559
vt 0.587983 0.363553
vt 0.578244 0.331195
vt 0.583699 0.338946
vt 0.580926 0.329657
vt 0.585547 0.337443
vt 0.810020 0.555133
vt 0.808971 0.554084
vt 0.788180 0.462642
vt 0.784114 0.458765
vt 0.820756 0.499684
vt 0.826200 0.514379
vt 0.472693 0.369453
vt 0.471681 0.368621
vt 0.800089 0.560414
vt 0.799607 0.559174
vt 0.779004 0.563584
vt 0.778325 0.565818
vt 0.767079 0.567250
vt 0.767899 0.565035
vt 0.790078 0.561904
vt 0.789826 0.563438
vt 0.779859 0.506414
vt 0.774242 0.520658
vt 0.310026 0.768472
vt 0.314425 0.775476
vt 0.746106 0.456571
vt 0.586496 0.342014
vt 0.588075 0.340324
vt 0.594042 0.344944
vt 0.592803 0.347455
vt 0.619218 0.384809
vt 0.613956 0.374183
vt 0.616109 0.373338
vt 0.618367 0.371957
vt 0.621807 0.383369
vt 0.271473 0.757589
vt 0.270426 0.758254
vt 0.269113 0.755860
vt 0.270122 0.755184
vt 0.619679 0.386130
vt 0.609734 0.353556
vt 0.612266 0.350246
vt 0.285057 0.748872
vt 0.622261 0.384729
vt 0.275110 0.755292
vt 0.606996 0.352814
vt 0.607625 0.354811
vt 0.271205 0.759758
vt 0.581264 0.345859
vt 0.582112 0.344781
vt 0.739844 0.562120
vt 0.735976 0.560421
vt 0.611114 0.347095
vt 0.612966 0.344340
vt 0.614613 0.347894
vt 0.273419 0.752861
vt 0.283196 0.746472
vt 0.293117 0.736505
vt 0.303025 0.730185
vt 0.583896 0.328576
vt 0.586839 0.327537
vt 0.591055 0.335780
vt 0.587959 0.335673
vt 0.575668 0.317038
vt 0.578937 0.317282
vt 0.578450 0.303493
vt 0.581243 0.304786
vt 0.586133 0.292711
vt 0.588145 0.294648
vt 0.597257 0.285642
vt 0.598251 0.288122
vt 0.605778 0.284172
vt 0.606600 0.286545
vt 0.612806 0.280365
vt 0.613785 0.283565
vt 0.622340 0.279816
vt 0.621790 0.283115
vt 0.630596 0.282433
vt 0.629002 0.285266
vt 0.859774 0.512340
vt 0.861456 0.513962
vt 0.860182 0.515731
vt 0.858724 0.514036
vt 0.584184 0.306419
vt 0.582021 0.317474
vt 0.590252 0.038818
vt 0.590866 0.046343
vt 0.552766 0.046098
vt 0.552814 0.038577
vt 0.607399 0.289214
vt 0.608272 0.291848
vt 0.600279 0.293867
vt 0.599192 0.291015
vt 0.592108 0.299508
vt 0.590080 0.297075
vt 0.587169 0.308058
vt 0.585298 0.317711
vt 0.348680 0.018524
vt 0.352737 0.022634
vt 0.342418 0.323221
vt 0.553231 0.015609
vt 0.553227 0.011399
vt 0.589330 0.011569
vt 0.590330 0.017845
vt 0.614336 0.285952
vt 0.621355 0.285682
vt 0.628068 0.287566
vt 0.633925 0.286991
vt 0.632698 0.289166
vt 0.590180 0.031268
vt 0.552862 0.031056
vt 0.553214 0.023558
vt 0.590752 0.024094
vt 0.552617 0.069228
vt 0.591987 0.069481
vt 0.591274 0.076149
vt 0.564659 0.077452
vt 0.596695 0.340974
vt 0.595397 0.342632
vt 0.590193 0.338373
vt 0.615245 0.289218
vt 0.586621 0.339221
vt 0.588892 0.337345
vt 0.608435 0.350753
vt 0.271811 0.749391
vt 0.281362 0.742953
vt 0.621955 0.369935
vt 0.267390 0.752648
vt 0.810949 0.575492
vt 0.808820 0.573849
vt 0.818868 0.560881
vt 0.821270 0.562851
vt 0.827884 0.550690
vt 0.830138 0.552236
vt 0.823762 0.564686
vt 0.832197 0.553562
vt 0.835288 0.555405
vt 0.827254 0.567101
vt 0.840966 0.558030
vt 0.833378 0.571101
vt 0.845918 0.561050
vt 0.838723 0.574627
vt 0.817090 0.580425
vt 0.822486 0.584988
vt 0.827806 0.589454
vt 0.830447 0.591074
vt 0.642656 0.281632
vt 0.636535 0.276994
vt 0.638473 0.275328
vt 0.644944 0.280564
vt 0.682133 0.258767
vt 0.674450 0.258234
vt 0.675042 0.255823
vt 0.685779 0.255940
vt 0.635703 0.285147
vt 0.856777 0.512829
vt 0.857787 0.511249
vt 0.862766 0.522125
vt 0.864305 0.520349
vt 0.865091 0.522562
vt 0.863474 0.524237
vt 0.864439 0.526948
vt 0.861339 0.529014
vt 0.654228 0.259062
vt 0.654749 0.255786
vt 0.619475 0.264933
vt 0.620766 0.262189
vt 0.614798 0.253408
vt 0.612738 0.243259
vt 0.615038 0.243637
vt 0.849461 0.544785
vt 0.848790 0.547552
vt 0.843053 0.552063
vt 0.843528 0.549914
vt 0.831036 0.551160
vt 0.832953 0.552005
vt 0.835740 0.553017
vt 0.851882 0.544491
vt 0.828897 0.549629
vt 0.829745 0.548307
vt 0.831890 0.549926
vt 0.833835 0.550697
vt 0.842784 0.548928
vt 0.848612 0.543898
vt 0.860221 0.528612
vt 0.859008 0.517252
vt 0.836496 0.551405
vt 0.857527 0.515456
vt 0.861892 0.524361
vt 0.861187 0.522583
vt 0.855591 0.514073
vt 0.813379 0.577405
vt 0.706589 0.246447
vt 0.718330 0.230735
vt 0.729794 0.220425
vt 0.522609 0.336250
vt 0.533501 0.329734
vt 0.510991 0.320785
vt 0.498927 0.330647
vt 0.561112 0.314382
vt 0.533347 0.304540
vt 0.545667 0.322944
vt 0.522753 0.312486
vt 0.611211 0.253817
vt 0.609601 0.243633
vt 0.476628 0.352180
vt 0.488233 0.340663
vt 0.454338 0.375031
vt 0.465274 0.363441
vt 0.815308 0.557831
vt 0.825030 0.547089
vt 0.590798 0.085542
vt 0.591217 0.092389
vt 0.579085 0.085126
vt 0.590756 0.080347
vt 0.570489 0.080577
vt 0.805290 0.571237
vt 0.753842 0.566434
vt 0.584926 0.340733
vt 0.619288 0.214341
vt 0.621662 0.214222
vt 0.624649 0.148217
vt 0.415350 0.381485
vt 0.428866 0.380301
vt 0.432106 0.383433
vt 0.427769 0.369096
vt 0.430296 0.368535
vt 0.407582 0.335547
vt 0.411471 0.332737
vt 0.402865 0.327030
vt 0.406883 0.324895
vt 0.397381 0.320654
vt 0.400236 0.323789
vt 0.389800 0.331057
vt 0.386467 0.326862
vt 0.379155 0.341773
vt 0.375256 0.337713
vt 0.405254 0.323116
vt 0.421592 0.306442
vt 0.423978 0.308353
vt 0.433427 0.301773
vt 0.438576 0.292920
vt 0.401648 0.325460
vt 0.392382 0.335613
vt 0.391057 0.333096
vt 0.383806 0.359605
vt 0.403926 0.321517
vt 0.401208 0.317954
vt 0.430625 0.258442
vt 0.433152 0.257073
vt 0.435671 0.262769
vt 0.432215 0.261793
vt 0.335120 0.499815
vt 0.341019 0.501475
vt 0.340663 0.510271
vt 0.334774 0.508258
vt 0.435954 0.290460
vt 0.432609 0.289132
vt 0.432509 0.278719
vt 0.436027 0.277510
vt 0.444893 0.276262
vt 0.441807 0.263166
vt 0.444340 0.255677
vt 0.427233 0.260753
vt 0.354499 0.162974
vt 0.357929 0.161063
vt 0.311229 0.499604
vt 0.312727 0.499529
vt 0.313149 0.507941
vt 0.310884 0.508037
vt 0.430968 0.299333
vt 0.428381 0.297148
vt 0.428338 0.262964
vt 0.683375 0.489142
vt 0.667933 0.486125
vt 0.654219 0.478507
vt 0.643523 0.467031
vt 0.713650 0.480824
vt 0.725643 0.470129
vt 0.337619 0.584826
vt 0.331691 0.584593
vt 0.325762 0.584359
vt 0.027021 0.367778
vt 0.025480 0.370326
vt 0.020492 0.368591
vt 0.426833 0.295646
vt 0.424161 0.292866
vt 0.427014 0.287156
vt 0.430667 0.288386
vt 0.402701 0.642238
vt 0.427193 0.280149
vt 0.430588 0.279340
vt 0.426439 0.263629
vt 0.423197 0.265080
vt 0.422430 0.263818
vt 0.425518 0.261909
vt 0.417342 0.302151
vt 0.420002 0.304991
vt 0.381277 0.527120
vt 0.387638 0.536638
vt 0.360066 0.131377
vt 0.615209 0.232879
vt 0.434324 0.235296
vt 0.359746 0.159394
vt 0.357362 0.155283
vt 0.483578 0.033323
vt 0.491389 0.038870
vt 0.477658 0.034717
vt 0.541893 0.130675
vt 0.441889 0.042485
vt 0.457423 0.037492
vt 0.553101 0.118839
vt 0.529870 0.142886
vt 0.608631 0.174831
vt 0.718747 0.309085
vt 0.630403 0.325757
vt 0.986446 0.349085
vt 0.984653 0.341480
vt 0.654965 0.307712
vt 0.781549 0.301517
vt 0.781551 0.303236
vt 0.666798 0.324462
vt 0.658675 0.324480
vt 0.665248 0.320164
vt 0.082010 0.614586
vt 0.082542 0.608469
vt 0.781554 0.307977
vt 0.981060 0.323760
vt 0.981453 0.315963
vt 0.993434 0.332195
vt 0.987685 0.332189
vt 0.762788 0.307011
vt 0.497222 0.165563
vt 0.608480 0.031280
vt 0.813188 0.240689
vt 0.813215 0.238981
vt 0.521431 0.211149
vt 0.584511 0.460577
vt 0.559702 0.460467
vt 0.559717 0.455899
vt 0.584526 0.456010
vt 0.584505 0.462469
vt 0.559696 0.462359
vt 0.492710 0.162258
vt 0.493433 0.142276
vt 0.513704 0.142144
vt 0.520247 0.156580
vt 0.517824 0.152595
vt 0.516831 0.146893
vt 0.509011 0.139092
vt 0.516563 0.158242
vt 0.853396 0.545117
vt 0.831887 0.592289
vt 0.745868 0.211379
vt 0.264845 0.965056
vt 0.265226 0.983305
vt 0.286199 0.979493
vt 0.392006 0.315338
vt 0.374778 0.315049
vt 0.324822 0.301060
vt 0.357514 0.315308
vt 0.552755 0.002705
vt 0.590005 0.004500
vt 0.290204 0.325544
vt 0.329127 0.333785
vt 0.318165 0.346839
vt 0.300468 0.353939
vt 0.295299 0.343731
vt 0.304938 0.378075
vt 0.303387 0.366712
vt 0.309979 0.361791
vt 0.407545 0.681118
vt 0.397116 0.694932
vt 0.847735 0.929225
vt 0.847904 0.937133
vt 0.755195 0.939132
vt 0.750626 0.931320
vt 0.188831 0.491333
vt 0.188331 0.502767
vt 0.178667 0.502339
vt 0.179180 0.490764
vt 0.351372 0.048535
vt 0.365837 0.031935
vt 0.368310 0.034724
vt 0.354481 0.050621
vt 0.344944 0.156462
vt 0.336410 0.134157
vt 0.339873 0.133290
vt 0.348282 0.155291
vt 0.349988 0.154667
vt 0.341813 0.133748
vt 0.346445 0.135811
vt 0.353470 0.153243
vt 0.349588 0.165815
vt 0.352764 0.163975
vt 0.493538 0.036516
vt 0.484558 0.027690
vt 0.494746 0.034736
vt 0.336147 0.110817
vt 0.338911 0.110987
vt 0.329755 0.111988
vt 0.334271 0.110946
vt 0.335820 0.091649
vt 0.339261 0.092076
vt 0.340230 0.070738
vt 0.343755 0.071756
vt 0.377610 0.016257
vt 0.379244 0.020011
vt 0.364358 0.030347
vt 0.361307 0.027184
vt 0.329113 0.090367
vt 0.333841 0.091324
vt 0.334252 0.068365
vt 0.338282 0.070063
vt 0.345819 0.045378
vt 0.349558 0.047429
vt 0.380163 0.021889
vt 0.381894 0.025094
vt 0.390608 0.061666
vt 0.381627 0.070558
vt 0.374556 0.064527
vt 0.384112 0.054802
vt 0.365985 0.059283
vt 0.378024 0.045716
vt 0.372746 0.080753
vt 0.365751 0.074125
vt 0.364634 0.092135
vt 0.356547 0.085940
vt 0.356651 0.106382
vt 0.348454 0.099518
vt 0.350071 0.124344
vt 0.343850 0.112201
vt 0.355910 0.152762
vt 0.358636 0.129007
vt 0.343745 0.096762
vt 0.348877 0.084339
vt 0.356482 0.071045
vt 0.427105 0.311514
vt 0.328361 0.499465
vt 0.328869 0.507948
vt 0.594229 0.113262
vt 0.593343 0.115557
vt 0.589494 0.112872
vt 0.438996 0.278282
vt 0.814259 0.131851
vt 0.835750 0.132354
vt 0.180788 0.665081
vt 0.171170 0.664770
vt 0.171716 0.653236
vt 0.181354 0.653708
vt 0.406562 0.011609
vt 0.470238 0.018264
vt 0.468820 0.014057
vt 0.447885 0.014153
vt 0.448192 0.011827
vt 0.470018 0.020216
vt 0.448189 0.009846
vt 0.447671 0.005667
vt 0.427255 0.009262
vt 0.427142 0.007287
vt 0.426696 0.002597
vt 0.406065 0.009657
vt 0.404738 0.005575
vt 0.388471 0.035997
vt 0.393994 0.046123
vt 0.410227 0.046253
vt 0.399991 0.053630
vt 0.405141 0.037956
vt 0.434963 0.032367
vt 0.420743 0.039330
vt 0.415804 0.031088
vt 0.431258 0.024023
vt 0.450925 0.027176
vt 0.448928 0.020996
vt 0.401390 0.028762
vt 0.475445 0.033151
vt 0.576772 0.101808
vt 0.594823 0.111637
vt 0.614390 0.189357
vt 0.620730 0.226829
vt 0.616647 0.213807
vt 0.570234 0.110870
vt 0.609147 0.123305
vt 0.609885 0.121551
vt 0.647197 0.104418
vt 0.647558 0.106772
vt 0.609872 0.126547
vt 0.852353 0.261849
vt 0.847818 0.259102
vt 0.848164 0.257677
vt 0.852625 0.260348
vt 0.428358 0.048423
vt 0.990100 0.361746
vt 0.996108 0.361756
vt 0.440770 0.140356
vt 0.148236 0.485065
vt 0.144186 0.485211
vt 0.144960 0.439309
vt 0.148971 0.439377
vt 0.364486 0.111891
vt 0.371757 0.098495
vt 0.379193 0.087443
vt 0.387725 0.076553
vt 0.396868 0.067457
vt 0.404743 0.060816
vt 0.416390 0.052527
vt 0.439834 0.040877
vt 0.455266 0.035905
vt 0.734257 0.256732
vt 0.938773 0.525028
vt 0.938444 0.510819
vt 0.287455 0.673693
vt 0.374120 0.517779
vt 0.148522 0.659201
vt 0.118833 0.631322
vt 0.109833 0.614681
vt 0.130366 0.645984
vt 0.699094 0.487343
vt 0.733726 0.456007
vt 0.426413 0.046806
vt 0.512306 0.446001
vt 0.498940 0.436289
vt 0.501408 0.433766
vt 0.513874 0.442838
vt 0.569533 0.893535
vt 0.556169 0.903247
vt 0.554531 0.900120
vt 0.567010 0.891068
vt 0.498942 0.361605
vt 0.512309 0.351894
vt 0.513946 0.355020
vt 0.501465 0.364073
vt 0.528020 0.451107
vt 0.528533 0.447615
vt 0.523933 0.908356
vt 0.508219 0.903252
vt 0.509786 0.900090
vt 0.489229 0.374972
vt 0.492392 0.376539
vt 0.540455 0.908355
vt 0.489228 0.422922
vt 0.492355 0.421285
vt 0.484123 0.407208
vt 0.484123 0.390685
vt 0.584349 0.864453
vt 0.579244 0.880167
vt 0.576082 0.878600
vt 0.580857 0.863940
vt 0.528022 0.346789
vt 0.528613 0.350269
vt 0.584347 0.847931
vt 0.580868 0.848522
vt 0.494851 0.893542
vt 0.497318 0.891018
vt 0.787163 0.304023
vt 0.787167 0.308765
vt 0.679050 0.313714
vt 0.787162 0.302305
vt 0.521277 0.462238
vt 0.515669 0.461301
vt 0.515675 0.459409
vt 0.521283 0.460346
vt 0.515689 0.454841
vt 0.521298 0.455778
vt 0.452445 0.459241
vt 0.452460 0.454674
vt 0.452439 0.461133
vt 0.446825 0.462035
vt 0.446831 0.460143
vt 0.446845 0.455575
vt 0.790012 0.158277
vt 0.784326 0.158278
vt 0.784329 0.133468
vt 0.489825 0.157542
vt 0.155094 0.494233
vt 0.136777 0.505804
vt 0.621038 0.289024
vt 0.953383 0.183131
vt 0.963835 0.169667
vt 0.974487 0.242561
vt 0.851663 0.511817
vt 0.971459 0.154422
vt 0.974487 0.131156
vt 0.627380 0.290171
vt 0.887414 0.989981
vt 0.776009 0.989981
vt 0.292285 0.339051
vt 0.626022 0.383013
vt 0.291872 0.337930
vt 0.940641 0.194350
vt 0.010788 0.473698
vt 0.002661 0.443547
vt 0.036721 0.491438
vt 0.030875 0.498302
vt 0.801725 0.240564
vt 0.801834 0.238900
vt 0.776348 0.246323
vt 0.781164 0.245765
vt 0.064068 0.510872
vt 0.093685 0.501710
vt 0.116672 0.490049
vt 0.120390 0.492861
vt 0.094980 0.508515
vt 0.659523 0.295077
vt 0.845034 0.124463
vt 0.743197 0.247999
vt 0.649836 0.103890
vt 0.394516 0.532980
vt 0.082393 0.650081
vt 0.081531 0.620822
vt 0.621285 0.569849
vt 0.615137 0.568314
vt 0.036708 0.375856
vt 0.370042 0.354099
vt 0.367844 0.348785
vt 0.860449 0.975793
vt 0.936523 0.427923
vt 0.848070 0.944799
vt 0.755361 0.946799
vt 0.932645 0.525487
vt 0.924497 0.496500
vt 0.930388 0.428065
vt 0.722739 0.022226
vt 0.720770 0.017613
vt 0.726384 0.025779
vt 0.638829 0.589149
vt 0.637202 0.584638
vt 0.633931 0.579209
vt 0.599557 0.570638
vt 0.604075 0.569018
vt 0.630710 0.575662
vt 0.625619 0.571894
vt 0.623252 0.622312
vt 0.628682 0.619037
vt 0.597163 0.621113
vt 0.601510 0.623151
vt 0.411781 0.762589
vt 0.412212 0.759313
vt 0.427146 0.763238
vt 0.425888 0.766302
vt 0.440600 0.770871
vt 0.438597 0.773502
vt 0.451624 0.781726
vt 0.449004 0.783743
vt 0.459358 0.795111
vt 0.456275 0.796392
vt 0.463342 0.810031
vt 0.460067 0.810468
vt 0.463309 0.825454
vt 0.460038 0.825022
vt 0.459273 0.840319
vt 0.456229 0.839055
vt 0.451529 0.853618
vt 0.448918 0.851610
vt 0.440618 0.864455
vt 0.438616 0.861843
vt 0.427288 0.872106
vt 0.426028 0.869067
vt 0.412442 0.876062
vt 0.412007 0.872802
vt 0.397081 0.876059
vt 0.397503 0.872795
vt 0.382225 0.872101
vt 0.383473 0.869055
vt 0.368883 0.864438
vt 0.370874 0.861815
vt 0.357969 0.853598
vt 0.360568 0.851577
vt 0.350224 0.840313
vt 0.353257 0.839032
vt 0.346176 0.825480
vt 0.349437 0.825027
vt 0.346105 0.810104
vt 0.349372 0.810511
vt 0.350026 0.795228
vt 0.353077 0.796471
vt 0.357683 0.781871
vt 0.360308 0.783867
vt 0.368560 0.770954
vt 0.370566 0.773561
vt 0.381929 0.763299
vt 0.383174 0.766321
vt 0.397225 0.762584
vt 0.396803 0.759315
vt 0.344572 0.792978
vt 0.340259 0.809347
vt 0.336591 0.808879
vt 0.341147 0.791573
vt 0.456182 0.857235
vt 0.464709 0.842611
vt 0.468121 0.844044
vt 0.459104 0.859499
vt 0.340336 0.826263
vt 0.344786 0.842579
vt 0.341378 0.844006
vt 0.336675 0.826760
vt 0.469162 0.826256
vt 0.469209 0.809281
vt 0.472891 0.808806
vt 0.472835 0.826755
vt 0.464826 0.792854
vt 0.456281 0.778128
vt 0.459229 0.775855
vt 0.468260 0.791433
vt 0.353300 0.857192
vt 0.365299 0.869115
vt 0.363056 0.872051
vt 0.350376 0.859451
vt 0.412980 0.753450
vt 0.396047 0.753460
vt 0.395567 0.749792
vt 0.413452 0.749779
vt 0.444197 0.766133
vt 0.429401 0.757751
vt 0.430804 0.754312
vt 0.446442 0.763177
vt 0.379966 0.877540
vt 0.396299 0.881895
vt 0.395816 0.885555
vt 0.378556 0.880954
vt 0.379694 0.757829
vt 0.364984 0.766273
vt 0.362734 0.763334
vt 0.378285 0.754404
vt 0.413192 0.881900
vt 0.429517 0.877554
vt 0.430919 0.880968
vt 0.413668 0.885559
vt 0.352997 0.778278
vt 0.350053 0.776027
vt 0.444177 0.869147
vt 0.446414 0.872086
vt 0.472742 0.789560
vt 0.463076 0.772873
vt 0.465181 0.771258
vt 0.475196 0.788553
vt 0.346568 0.862413
vt 0.360142 0.875896
vt 0.358539 0.877983
vt 0.344481 0.864016
vt 0.420870 0.778849
vt 0.420309 0.780210
vt 0.409935 0.777514
vt 0.410137 0.776046
vt 0.414057 0.744989
vt 0.394934 0.745026
vt 0.394601 0.742418
vt 0.414396 0.742379
vt 0.376733 0.885418
vt 0.395205 0.890336
vt 0.394855 0.892940
vt 0.375723 0.887846
vt 0.376443 0.749934
vt 0.359771 0.759479
vt 0.358171 0.757374
vt 0.375451 0.747491
vt 0.414308 0.890334
vt 0.432767 0.885419
vt 0.433758 0.887853
vt 0.414640 0.892940
vt 0.346195 0.773099
vt 0.336667 0.789755
vt 0.334229 0.788748
vt 0.344100 0.771488
vt 0.449347 0.875913
vt 0.462929 0.862443
vt 0.465005 0.864062
vt 0.450933 0.878011
vt 0.331799 0.808286
vt 0.331895 0.827427
vt 0.329285 0.827775
vt 0.329186 0.807946
vt 0.472585 0.845901
vt 0.477636 0.827391
vt 0.480253 0.827756
vt 0.475013 0.846930
vt 0.477700 0.808169
vt 0.480327 0.807839
vt 0.336934 0.845885
vt 0.334504 0.846894
vt 0.449366 0.759304
vt 0.432620 0.749815
vt 0.433619 0.747369
vt 0.450973 0.757195
vt 0.348247 0.774655
vt 0.361349 0.761539
vt 0.447788 0.873879
vt 0.431785 0.883053
vt 0.334346 0.808601
vt 0.339049 0.790721
vt 0.470212 0.844914
vt 0.460896 0.860878
vt 0.339296 0.844886
vt 0.334435 0.827073
vt 0.475144 0.808507
vt 0.475084 0.827053
vt 0.461035 0.774460
vt 0.470359 0.790555
vt 0.361691 0.873852
vt 0.348592 0.860839
vt 0.395265 0.747550
vt 0.413739 0.747537
vt 0.431659 0.752204
vt 0.447814 0.761367
vt 0.395530 0.887795
vt 0.377702 0.883045
vt 0.377414 0.752313
vt 0.413968 0.887797
vt 0.926059 0.339729
vt 0.913261 0.339737
vt 0.916414 0.316308
vt 0.923264 0.316455
vt 0.900258 0.245390
vt 0.912857 0.241991
vt 0.915812 0.265494
vt 0.909197 0.267294
vt 0.925919 0.241981
vt 0.938532 0.245365
vt 0.929429 0.267172
vt 0.922687 0.265455
vt 0.900911 0.336557
vt 0.889723 0.330341
vt 0.903703 0.311687
vt 0.909715 0.314856
vt 0.965377 0.272327
vt 0.968686 0.284837
vt 0.945506 0.287798
vt 0.943638 0.281168
vt 0.949788 0.251901
vt 0.958924 0.261091
vt 0.940172 0.275305
vt 0.935350 0.270605
vt 0.880471 0.321433
vt 0.873833 0.310394
vt 0.895299 0.301289
vt 0.898791 0.307052
vt 0.968610 0.297720
vt 0.965210 0.310077
vt 0.943816 0.300983
vt 0.945465 0.294547
vt 0.870303 0.297972
vt 0.870150 0.285029
vt 0.893388 0.288042
vt 0.893456 0.294802
vt 0.958732 0.321138
vt 0.949606 0.330142
vt 0.935701 0.311526
vt 0.940473 0.306798
vt 0.873397 0.272472
vt 0.879825 0.261179
vt 0.898475 0.275575
vt 0.895100 0.281481
vt 0.938458 0.336476
vt 0.929833 0.314828
vt 0.888988 0.251938
vt 0.903284 0.270734
vt 0.944078 0.287998
vt 0.942364 0.281717
vt 0.939096 0.276156
vt 0.934558 0.271656
vt 0.896549 0.300735
vt 0.899850 0.306186
vt 0.942564 0.300478
vt 0.944177 0.294385
vt 0.894751 0.288202
vt 0.894810 0.294598
vt 0.934875 0.310447
vt 0.939393 0.305977
vt 0.899579 0.276405
vt 0.896378 0.281994
vt 0.923104 0.315088
vt 0.929323 0.313563
vt 0.909741 0.268572
vt 0.904137 0.271825
vt 0.922520 0.266847
vt 0.916008 0.266872
vt 0.910177 0.313553
vt 0.916554 0.314913
vt 0.928883 0.268527
vt 0.904494 0.310564
vt 0.926448 0.342745
vt 0.912881 0.342745
vt 0.899065 0.242529
vt 0.912449 0.238915
vt 0.926324 0.238904
vt 0.939721 0.242504
vt 0.899786 0.339373
vt 0.887912 0.332789
vt 0.968223 0.271158
vt 0.971730 0.284450
vt 0.951673 0.249457
vt 0.961373 0.259223
vt 0.878081 0.323338
vt 0.871020 0.311615
vt 0.971636 0.298138
vt 0.968017 0.311262
vt 0.867261 0.298414
vt 0.867092 0.284659
vt 0.961137 0.323008
vt 0.951444 0.332572
vt 0.870538 0.271313
vt 0.877362 0.259311
vt 0.939605 0.339297
vt 0.887095 0.249489
vt 0.424720 0.769209
vt 0.411396 0.765692
vt 0.436723 0.776002
vt 0.446546 0.785663
vt 0.453428 0.797576
vt 0.456972 0.810858
vt 0.456949 0.824593
vt 0.453360 0.837839
vt 0.446464 0.849694
vt 0.436741 0.859359
vt 0.424857 0.866186
vt 0.411619 0.869717
vt 0.397924 0.869712
vt 0.384675 0.866184
vt 0.372774 0.859348
vt 0.363040 0.849684
vt 0.356132 0.837842
vt 0.352522 0.824622
vt 0.352457 0.810919
vt 0.355951 0.797667
vt 0.362775 0.785773
vt 0.372484 0.776064
vt 0.384376 0.769199
vt 0.397646 0.765673
vt 0.360432 0.799429
vt 0.362837 0.800388
vt 0.359812 0.811758
vt 0.357240 0.811458
vt 0.442609 0.846805
vt 0.440542 0.845242
vt 0.446484 0.835072
vt 0.448887 0.836046
vt 0.357280 0.823902
vt 0.359843 0.823525
vt 0.362922 0.834887
vt 0.360544 0.835915
vt 0.452160 0.824023
vt 0.449586 0.823707
vt 0.449625 0.811923
vt 0.452195 0.811557
vt 0.448986 0.799501
vt 0.446593 0.800525
vt 0.440661 0.790295
vt 0.442783 0.788656
vt 0.366806 0.846681
vt 0.368839 0.845072
vt 0.377190 0.853392
vt 0.375638 0.855472
vt 0.410841 0.770510
vt 0.410527 0.773097
vt 0.398698 0.773018
vt 0.398339 0.770447
vt 0.433861 0.779893
vt 0.432271 0.781949
vt 0.422000 0.776062
vt 0.422951 0.773735
vt 0.386449 0.861709
vt 0.387413 0.859303
vt 0.398797 0.862353
vt 0.398485 0.864927
vt 0.386272 0.773632
vt 0.387281 0.776021
vt 0.377056 0.781881
vt 0.375461 0.779841
vt 0.410923 0.864954
vt 0.410559 0.862390
vt 0.421945 0.859377
vt 0.422957 0.861762
vt 0.366644 0.788641
vt 0.368717 0.790195
vt 0.433764 0.855574
vt 0.432171 0.853530
vt 0.443842 0.801675
vt 0.442480 0.802236
vt 0.437142 0.793021
vt 0.438310 0.792124
vt 0.371191 0.843249
vt 0.372356 0.842356
vt 0.379892 0.849858
vt 0.378995 0.851023
vt 0.452851 0.891900
vt 0.464029 0.894800
vt 0.462861 0.897686
vt 0.452474 0.894992
vt 0.399258 0.777431
vt 0.399079 0.775972
vt 0.388557 0.856535
vt 0.389125 0.855180
vt 0.399385 0.857970
vt 0.399184 0.859424
vt 0.388409 0.778774
vt 0.388957 0.780133
vt 0.379746 0.785410
vt 0.378862 0.784242
vt 0.410172 0.859444
vt 0.409989 0.857988
vt 0.420257 0.855268
vt 0.420810 0.856628
vt 0.371078 0.792001
vt 0.372237 0.792898
vt 0.366939 0.802080
vt 0.365587 0.801517
vt 0.430365 0.851166
vt 0.429481 0.849994
vt 0.437029 0.842522
vt 0.438187 0.843426
vt 0.362760 0.812132
vt 0.364213 0.812325
vt 0.364241 0.822930
vt 0.362787 0.823122
vt 0.443738 0.833927
vt 0.442386 0.833354
vt 0.445181 0.823113
vt 0.446636 0.823315
vt 0.446674 0.812314
vt 0.445216 0.812498
vt 0.365663 0.833734
vt 0.367018 0.833173
vt 0.421444 0.777425
vt 0.410337 0.774518
vt 0.429584 0.785500
vt 0.430477 0.784330
vt 0.377933 0.783030
vt 0.369864 0.791074
vt 0.421395 0.858041
vt 0.431295 0.852380
vt 0.364173 0.800938
vt 0.361244 0.811942
vt 0.439398 0.844358
vt 0.445150 0.834514
vt 0.361274 0.823331
vt 0.364255 0.834328
vt 0.448152 0.823515
vt 0.448191 0.812111
vt 0.445255 0.801083
vt 0.439517 0.791183
vt 0.369983 0.844188
vt 0.378069 0.852242
vt 0.431398 0.783105
vt 0.387975 0.857949
vt 0.398986 0.860941
vt 0.387828 0.777360
vt 0.410373 0.860958
vt 0.398882 0.774454
vt 0.009021 0.911138
vt 0.030575 0.901982
vt 0.033942 0.907872
vt 0.015478 0.922284
vt 0.103708 0.885680
vt 0.080457 0.888893
vt 0.078738 0.882322
vt 0.100369 0.873198
vt 0.093912 0.862003
vt 0.075377 0.876420
vt 0.070601 0.871588
vt 0.084773 0.852858
vt 0.024599 0.931388
vt 0.038716 0.912691
vt 0.044573 0.916112
vt 0.035766 0.937827
vt 0.048125 0.843050
vt 0.051389 0.866334
vt 0.044818 0.868065
vt 0.035611 0.846421
vt 0.073573 0.846390
vt 0.064736 0.868158
vt 0.058183 0.866366
vt 0.061074 0.843042
vt 0.048223 0.941162
vt 0.051117 0.917903
vt 0.057902 0.917940
vt 0.061122 0.941161
vt 0.024394 0.852934
vt 0.038907 0.871444
vt 0.033987 0.876279
vt 0.015258 0.862140
vt 0.073585 0.937823
vt 0.064466 0.916221
vt 0.070363 0.912862
vt 0.084763 0.931373
vt 0.008862 0.873383
vt 0.030631 0.882194
vt 0.028866 0.888654
vt 0.005609 0.885837
vt 0.093893 0.922249
vt 0.075191 0.908091
vt 0.078620 0.902232
vt 0.100353 0.911070
vt 0.005659 0.898709
vt 0.028844 0.895425
vt 0.103702 0.898597
vt 0.080416 0.895684
vt 0.051558 0.867701
vt 0.045337 0.869344
vt 0.064198 0.869426
vt 0.057992 0.867730
vt 0.051308 0.916541
vt 0.057734 0.916575
vt 0.039746 0.872553
vt 0.035135 0.877165
vt 0.063951 0.914946
vt 0.069535 0.911763
vt 0.031839 0.882695
vt 0.030217 0.888838
vt 0.074106 0.907243
vt 0.077353 0.901694
vt 0.030206 0.895254
vt 0.031849 0.901466
vt 0.079053 0.895492
vt 0.079091 0.889060
vt 0.077462 0.882838
vt 0.074277 0.877248
vt 0.035039 0.907043
vt 0.039561 0.911607
vt 0.069753 0.872673
vt 0.045110 0.914847
vt 0.054641 0.892147
vt 0.006197 0.912315
vt 0.013052 0.924151
vt 0.106752 0.885280
vt 0.103207 0.872024
vt 0.096349 0.860133
vt 0.086644 0.850421
vt 0.022736 0.933819
vt 0.034595 0.940658
vt 0.047720 0.839998
vt 0.034426 0.843577
vt 0.074750 0.843549
vt 0.061474 0.839992
vt 0.047824 0.944200
vt 0.061522 0.944200
vt 0.022509 0.850494
vt 0.012807 0.860279
vt 0.074758 0.940656
vt 0.086629 0.933806
vt 0.006022 0.872228
vt 0.002575 0.885454
vt 0.096326 0.924117
vt 0.103188 0.912245
vt 0.002628 0.899119
vt 0.106744 0.898999
vt 0.859803 0.644469
vt 0.859478 0.647644
vt 0.848292 0.647777
vt 0.847977 0.644640
vt 0.811505 0.669381
vt 0.818831 0.661064
vt 0.822198 0.664645
vt 0.815410 0.672198
vt 0.831142 0.649156
vt 0.824868 0.656377
vt 0.823142 0.653795
vt 0.802120 0.694748
vt 0.804264 0.683901
vt 0.808848 0.685311
vt 0.806922 0.695251
vt 0.808955 0.667562
vt 0.806077 0.679039
vt 0.803276 0.677787
vt 0.806642 0.721399
vt 0.803053 0.710965
vt 0.807756 0.709875
vt 0.811051 0.719429
vt 0.798997 0.694471
vt 0.802269 0.705833
vt 0.799162 0.706158
vt 0.823843 0.742207
vt 0.815535 0.734961
vt 0.819076 0.731652
vt 0.826692 0.738292
vt 0.803804 0.722721
vt 0.812294 0.730920
vt 0.809773 0.732747
vt 0.849162 0.751668
vt 0.838348 0.749532
vt 0.839774 0.744940
vt 0.849686 0.746878
vt 0.822039 0.744769
vt 0.833498 0.747673
vt 0.832214 0.750525
vt 0.875748 0.747366
vt 0.865325 0.750862
vt 0.864263 0.746143
vt 0.873835 0.742936
vt 0.848856 0.754817
vt 0.860218 0.751603
vt 0.860505 0.754694
vt 0.896819 0.730437
vt 0.891026 0.737034
vt 0.887675 0.733700
vt 0.892868 0.727560
vt 0.877032 0.750208
vt 0.885306 0.741838
vt 0.887124 0.744395
vt 0.906476 0.705122
vt 0.904793 0.713699
vt 0.900178 0.712498
vt 0.901604 0.704611
vt 0.899382 0.732305
vt 0.901513 0.722543
vt 0.904302 0.723906
vt 0.902224 0.678352
vt 0.905155 0.687264
vt 0.900525 0.688451
vt 0.897766 0.680292
vt 0.909638 0.705449
vt 0.906552 0.695787
vt 0.909657 0.695561
vt 0.885007 0.657302
vt 0.891496 0.662942
vt 0.888146 0.666371
vt 0.882113 0.661256
vt 0.905064 0.677078
vt 0.896548 0.668829
vt 0.899108 0.666976
vt 0.867786 0.649235
vt 0.866611 0.653892
vt 0.858942 0.652547
vt 0.848717 0.652631
vt 0.886864 0.654728
vt 0.875293 0.651854
vt 0.876584 0.648988
vt 0.901739 0.696080
vt 0.899021 0.704345
vt 0.899164 0.696231
vt 0.828182 0.736213
vt 0.820893 0.729821
vt 0.821916 0.728821
vt 0.829008 0.735046
vt 0.897222 0.720369
vt 0.890770 0.726043
vt 0.894925 0.719204
vt 0.813377 0.718372
vt 0.810294 0.709194
vt 0.811674 0.708837
vt 0.814673 0.717776
vt 0.809462 0.695497
vt 0.811420 0.686004
vt 0.812790 0.686381
vt 0.810883 0.695630
vt 0.882595 0.737913
vt 0.872805 0.740600
vt 0.881184 0.735790
vt 0.828887 0.662584
vt 0.835533 0.658910
vt 0.836111 0.660185
vt 0.829689 0.663798
vt 0.817489 0.673662
vt 0.824004 0.666475
vt 0.824989 0.667516
vt 0.818649 0.674488
vt 0.859784 0.746888
vt 0.849950 0.744337
vt 0.859617 0.744311
vt 0.858685 0.655158
vt 0.866004 0.656403
vt 0.865642 0.657817
vt 0.858558 0.656579
vt 0.848908 0.655219
vt 0.849042 0.656657
vt 0.835496 0.743320
vt 0.836635 0.741004
vt 0.880594 0.663373
vt 0.886362 0.668238
vt 0.885340 0.669279
vt 0.879775 0.664530
vt 0.816164 0.728156
vt 0.818312 0.726708
vt 0.895402 0.681333
vt 0.898036 0.689102
vt 0.896626 0.689455
vt 0.894119 0.681907
vt 0.807033 0.705373
vt 0.809578 0.705207
vt 0.810459 0.681033
vt 0.812813 0.682174
vt 0.897711 0.711862
vt 0.896325 0.711488
vt 0.897618 0.704205
vt 0.827500 0.660412
vt 0.885852 0.731937
vt 0.884837 0.730929
vt 0.889630 0.725222
vt 0.873254 0.656258
vt 0.872133 0.658589
vt 0.863602 0.743655
vt 0.863256 0.742269
vt 0.872221 0.739295
vt 0.892597 0.671605
vt 0.890471 0.673057
vt 0.840448 0.742436
vt 0.840829 0.741053
vt 0.850084 0.742934
vt 0.393018 0.935182
vt 0.395685 0.924243
vt 0.398528 0.925342
vt 0.396039 0.935520
vt 0.476238 0.985564
vt 0.468574 0.989990
vt 0.467271 0.987268
vt 0.474394 0.983156
vt 0.861832 0.546063
vt 0.864356 0.547759
vt 0.860310 0.554853
vt 0.857487 0.553698
vt 0.836705 0.661494
vt 0.842813 0.659412
vt 0.843181 0.660866
vt 0.837280 0.662767
vt 0.451343 0.995867
vt 0.440124 0.995867
vt 0.440523 0.992856
vt 0.450945 0.992850
vt 0.440380 0.917888
vt 0.444846 0.917765
vt 0.444774 0.919182
vt 0.440567 0.919239
vt 0.424593 0.992326
vt 0.414837 0.986705
vt 0.416697 0.984289
vt 0.425759 0.989505
vt 0.477817 0.903399
vt 0.485990 0.911578
vt 0.483520 0.913477
vt 0.475918 0.905879
vt 0.403130 0.975825
vt 0.397504 0.966125
vt 0.400307 0.964952
vt 0.405545 0.973964
vt 0.493537 0.925950
vt 0.496468 0.937090
vt 0.493391 0.937488
vt 0.490655 0.927132
vt 0.392672 0.950975
vt 0.392498 0.939807
vt 0.395507 0.940153
vt 0.395676 0.950536
vt 0.401064 0.914359
vt 0.403526 0.916158
vt 0.495288 0.954998
vt 0.492765 0.964171
vt 0.489938 0.962985
vt 0.492268 0.954456
vt 0.403837 0.910570
vt 0.411705 0.902357
vt 0.413628 0.904757
vt 0.406306 0.912387
vt 0.421425 0.896478
vt 0.422652 0.899298
vt 0.482814 0.979023
vt 0.480497 0.977066
vt 0.471551 0.899085
vt 0.469836 0.901658
vt 0.462227 0.992956
vt 0.461063 0.990143
vt 0.490398 0.919229
vt 0.487615 0.920573
vt 0.435498 0.995251
vt 0.435902 0.992232
vt 0.496332 0.946681
vt 0.493272 0.946421
vt 0.411128 0.983851
vt 0.412995 0.981430
vt 0.395694 0.961822
vt 0.398500 0.960637
vt 0.488307 0.971815
vt 0.485802 0.970093
vt 0.871536 0.659896
vt 0.889307 0.673890
vt 0.897729 0.696337
vt 0.893633 0.718575
vt 0.880378 0.734621
vt 0.859508 0.742903
vt 0.837250 0.739706
vt 0.819475 0.725901
vt 0.810997 0.705084
vt 0.814123 0.682780
vt 0.436693 0.891498
vt 0.444722 0.891375
vt 0.444590 0.894445
vt 0.437139 0.894542
vt 0.842014 0.656484
vt 0.460148 0.964745
vt 0.463206 0.961634
vt 0.420122 0.951526
vt 0.418975 0.947191
vt 0.420344 0.946958
vt 0.421421 0.951083
vt 0.419240 0.938126
vt 0.420204 0.933889
vt 0.421469 0.934358
vt 0.420542 0.938342
vt 0.448007 0.969859
vt 0.452176 0.968717
vt 0.425043 0.926251
vt 0.428063 0.923132
vt 0.428909 0.924190
vt 0.426044 0.927103
vt 0.434894 0.968028
vt 0.439071 0.969203
vt 0.829758 0.646110
vt 0.827255 0.640630
vt 0.836685 0.637394
vt 0.838211 0.643185
vt 0.424252 0.959684
vt 0.427265 0.962909
vt 0.461442 0.924694
vt 0.464541 0.927893
vt 0.463438 0.928741
vt 0.460547 0.925689
vt 0.468676 0.936175
vt 0.469777 0.940511
vt 0.468396 0.940704
vt 0.467399 0.936593
vt 0.418735 0.942751
vt 0.420145 0.942781
vt 0.422242 0.929957
vt 0.423434 0.930701
vt 0.468124 0.954073
vt 0.465974 0.957964
vt 0.464837 0.957235
vt 0.466808 0.953547
vt 0.431834 0.920777
vt 0.432484 0.922031
vt 0.456432 0.967018
vt 0.455808 0.965783
vt 0.459312 0.963700
vt 0.453757 0.919607
vt 0.457715 0.921766
vt 0.456933 0.922965
vt 0.453230 0.920884
vt 0.449504 0.918416
vt 0.449235 0.919717
vt 0.443624 0.969913
vt 0.443717 0.968523
vt 0.447822 0.968535
vt 0.466901 0.931761
vt 0.465620 0.932413
vt 0.430985 0.965857
vt 0.431778 0.964668
vt 0.435421 0.966774
vt 0.469930 0.945031
vt 0.468496 0.944966
vt 0.421939 0.955895
vt 0.423174 0.955266
vt 0.425312 0.958878
vt 0.436157 0.919006
vt 0.436580 0.920255
vt 0.451760 0.967478
vt 0.439348 0.967924
vt 0.428199 0.961891
vt 0.429231 0.896785
vt 0.469294 0.949734
vt 0.467973 0.949465
vt 0.462217 0.960777
vt 0.813291 0.737058
vt 0.800064 0.711665
vt 0.801312 0.683017
vt 0.816690 0.658766
vt 0.868578 0.646237
vt 0.839089 0.646408
vt 0.893684 0.660750
vt 0.908143 0.686520
vt 0.907773 0.714517
vt 0.893179 0.739225
vt 0.842408 0.657889
vt 0.865990 0.753810
vt 0.837460 0.752460
vt 0.892259 0.717917
vt 0.888449 0.724371
vt 0.887294 0.723540
vt 0.890935 0.717301
vt 0.816030 0.717151
vt 0.813146 0.708509
vt 0.814569 0.708224
vt 0.817330 0.716546
vt 0.812369 0.695768
vt 0.814232 0.686840
vt 0.815618 0.687326
vt 0.813793 0.695901
vt 0.879505 0.733410
vt 0.871610 0.737927
vt 0.871018 0.736614
vt 0.878638 0.732253
vt 0.428180 0.893913
vt 0.819859 0.675349
vt 0.826000 0.668634
vt 0.826957 0.669737
vt 0.821013 0.676171
vt 0.859332 0.741404
vt 0.850223 0.741450
vt 0.850360 0.740018
vt 0.859132 0.739971
vt 0.858438 0.658053
vt 0.865226 0.659336
vt 0.864808 0.660776
vt 0.858315 0.659481
vt 0.837857 0.738324
vt 0.829876 0.733834
vt 0.830703 0.732655
vt 0.838398 0.736977
vt 0.878938 0.665733
vt 0.884215 0.670382
vt 0.883124 0.671419
vt 0.878132 0.666892
vt 0.820677 0.725000
vt 0.821816 0.724100
vt 0.892802 0.682513
vt 0.895098 0.689821
vt 0.893634 0.690157
vt 0.891539 0.683096
vt 0.812497 0.704900
vt 0.813940 0.704686
vt 0.815528 0.683374
vt 0.816891 0.683914
vt 0.896168 0.704059
vt 0.894836 0.711070
vt 0.893422 0.710663
vt 0.894752 0.703915
vt 0.830583 0.665090
vt 0.831457 0.666310
vt 0.883764 0.729823
vt 0.882760 0.728760
vt 0.870937 0.661285
vt 0.870384 0.662646
vt 0.849213 0.658169
vt 0.849401 0.659629
vt 0.862938 0.740805
vt 0.862663 0.739381
vt 0.888103 0.674793
vt 0.886955 0.675697
vt 0.841288 0.739601
vt 0.841762 0.738227
vt 0.896211 0.696461
vt 0.894757 0.696597
vt 0.823029 0.727802
vt 0.824119 0.726845
vt 0.847576 0.641330
vt 0.860137 0.641170
vt 0.806241 0.665654
vt 0.801425 0.662249
vt 0.810620 0.651895
vt 0.814503 0.656351
vt 0.800239 0.676507
vt 0.794717 0.674366
vt 0.795690 0.694152
vt 0.789779 0.693615
vt 0.792628 0.680061
vt 0.798166 0.682001
vt 0.795912 0.706558
vt 0.790040 0.707465
vt 0.800789 0.724100
vt 0.795422 0.726596
vt 0.791072 0.713453
vt 0.796841 0.712357
vt 0.807170 0.734709
vt 0.802520 0.738406
vt 0.820101 0.747491
vt 0.816689 0.752306
vt 0.806409 0.743041
vt 0.810861 0.739240
vt 0.830936 0.753541
vt 0.828796 0.759034
vt 0.848526 0.758102
vt 0.847968 0.763961
vt 0.834481 0.761156
vt 0.836440 0.755585
vt 0.860888 0.757927
vt 0.861756 0.763761
vt 0.878366 0.753226
vt 0.880775 0.758594
vt 0.867706 0.762792
vt 0.866656 0.757029
vt 0.889048 0.747013
vt 0.892642 0.751693
vt 0.902046 0.734248
vt 0.906832 0.737741
vt 0.899472 0.745938
vt 0.895458 0.741606
vt 0.907266 0.725310
vt 0.912619 0.727776
vt 0.912925 0.705786
vt 0.918829 0.706390
vt 0.916662 0.717095
vt 0.910966 0.715423
vt 0.912934 0.695278
vt 0.918812 0.694696
vt 0.908093 0.675730
vt 0.913466 0.673316
vt 0.917115 0.684401
vt 0.911357 0.685743
vt 0.901731 0.665017
vt 0.906412 0.661361
vt 0.888817 0.652030
vt 0.892284 0.647230
vt 0.900356 0.654334
vt 0.896056 0.658430
vt 0.877881 0.645958
vt 0.880112 0.640416
vt 0.860742 0.635242
vt 0.871113 0.637305
vt 0.869462 0.643031
vt 0.846746 0.635402
vt 0.825691 0.637231
vt 0.824756 0.635204
vt 0.835171 0.631523
vt 0.835761 0.633764
vt 0.909312 0.659075
vt 0.911112 0.657736
vt 0.918833 0.670875
vt 0.916822 0.671789
vt 0.814565 0.755280
vt 0.813272 0.757076
vt 0.801859 0.746903
vt 0.803552 0.745424
vt 0.922485 0.694317
vt 0.924730 0.694117
vt 0.924718 0.706984
vt 0.922515 0.706762
vt 0.792104 0.728127
vt 0.790098 0.729053
vt 0.785214 0.714559
vt 0.787420 0.714102
vt 0.786126 0.693269
vt 0.783918 0.693060
vt 0.787007 0.678074
vt 0.789139 0.678783
vt 0.915983 0.729305
vt 0.918026 0.730266
vt 0.911611 0.741221
vt 0.909822 0.739920
vt 0.798431 0.660136
vt 0.796620 0.658856
vt 0.806672 0.647424
vt 0.808184 0.649076
vt 0.894885 0.754587
vt 0.896197 0.756380
vt 0.883143 0.763917
vt 0.882251 0.761912
vt 0.861100 0.631533
vt 0.861308 0.629313
vt 0.872805 0.631527
vt 0.872177 0.633738
vt 0.846213 0.631719
vt 0.845948 0.629475
vt 0.862340 0.767397
vt 0.862637 0.769619
vt 0.847388 0.769804
vt 0.847610 0.767613
vt 0.894440 0.644209
vt 0.895727 0.642397
vt 0.904721 0.650213
vt 0.903068 0.651801
vt 0.827496 0.762486
vt 0.826642 0.764564
vt 0.922901 0.683053
vt 0.920699 0.683581
vt 0.799678 0.740748
vt 0.797901 0.742120
vt 0.786374 0.708079
vt 0.784136 0.708373
vt 0.922368 0.718793
vt 0.920190 0.718159
vt 0.791256 0.673070
vt 0.789174 0.672211
vt 0.903502 0.750345
vt 0.901948 0.748677
vt 0.858427 0.561994
vt 0.855452 0.561381
vt 0.868757 0.768626
vt 0.868320 0.766435
vt 0.881479 0.636969
vt 0.882365 0.634899
vt 0.832488 0.766746
vt 0.833213 0.764610
vt 0.899105 0.521466
vt 0.899511 0.524534
vt 0.889287 0.527295
vt 0.888097 0.524450
vt 0.897649 0.758460
vt 0.899108 0.760668
vt 0.885152 0.768458
vt 0.884137 0.766178
vt 0.861315 0.333956
vt 0.842426 0.334049
vt 0.842096 0.331531
vt 0.861636 0.331375
vt 0.853985 0.569282
vt 0.857035 0.569677
vt 0.857042 0.580269
vt 0.853999 0.580669
vt 0.862899 0.772149
vt 0.863074 0.774829
vt 0.846908 0.774829
vt 0.847160 0.772279
vt 0.859104 0.587912
vt 0.856225 0.588906
vt 0.825608 0.766902
vt 0.824427 0.769327
vt 0.810305 0.761224
vt 0.811808 0.759125
vt 0.864484 0.605793
vt 0.866917 0.603922
vt 0.872643 0.609618
vt 0.870657 0.611928
vt 0.795849 0.743597
vt 0.793652 0.745037
vt 0.785558 0.731172
vt 0.787844 0.730110
vt 0.886132 0.622279
vt 0.887299 0.619442
vt 0.895874 0.621611
vt 0.895339 0.624605
vt 0.781581 0.708619
vt 0.778925 0.708773
vt 0.778880 0.692579
vt 0.781447 0.692825
vt 0.786845 0.671154
vt 0.784479 0.669971
vt 0.792495 0.655933
vt 0.794595 0.657423
vt 0.913008 0.625696
vt 0.912600 0.622672
vt 0.920516 0.620527
vt 0.921528 0.623392
vt 0.812769 0.639184
vt 0.811313 0.636999
vt 0.822565 0.630453
vt 0.823691 0.632893
vt 0.937991 0.615294
vt 0.936134 0.612874
vt 0.941989 0.607023
vt 0.944295 0.609001
vt 0.883421 0.632556
vt 0.884577 0.630135
vt 0.898701 0.638247
vt 0.897193 0.640361
vt 0.954537 0.593777
vt 0.951709 0.592596
vt 0.954446 0.582470
vt 0.957474 0.582871
vt 0.913198 0.656246
vt 0.915412 0.654742
vt 0.923466 0.668824
vt 0.921112 0.669868
vt 0.958112 0.566895
vt 0.955077 0.567282
vt 0.952414 0.557158
vt 0.955240 0.555996
vt 0.927278 0.693899
vt 0.929890 0.693703
vt 0.929872 0.707506
vt 0.927228 0.707237
vt 0.947812 0.541771
vt 0.945365 0.543627
vt 0.937962 0.536135
vt 0.939841 0.533710
vt 0.926251 0.525082
vt 0.925057 0.527925
vt 0.914862 0.525148
vt 0.915271 0.522094
vt 0.920338 0.731366
vt 0.922691 0.732514
vt 0.915798 0.744266
vt 0.913650 0.742705
vt 0.873875 0.532055
vt 0.875762 0.534491
vt 0.868349 0.541985
vt 0.865902 0.540134
vt 0.817791 0.646198
vt 0.815582 0.643192
vt 0.814245 0.641319
vt 0.905010 0.599479
vt 0.905084 0.598126
vt 0.909281 0.598005
vt 0.909467 0.599404
vt 0.916109 0.549741
vt 0.915574 0.551006
vt 0.911555 0.549838
vt 0.911844 0.548486
vt 0.902713 0.547912
vt 0.902895 0.549330
vt 0.898786 0.550306
vt 0.898358 0.549012
vt 0.918032 0.596548
vt 0.917422 0.595339
vt 0.920997 0.593144
vt 0.921854 0.594264
vt 0.880278 0.572614
vt 0.881630 0.572693
vt 0.881733 0.576894
vt 0.880329 0.577076
vt 0.890247 0.553063
vt 0.891112 0.554189
vt 0.888056 0.557093
vt 0.887038 0.556191
vt 0.927853 0.587528
vt 0.926726 0.586782
vt 0.928747 0.583106
vt 0.930050 0.583654
vt 0.882691 0.580965
vt 0.881437 0.581379
vt 0.931879 0.574821
vt 0.930538 0.574733
vt 0.930464 0.570564
vt 0.931822 0.570395
vt 0.885473 0.589499
vt 0.886598 0.588639
vt 0.889465 0.591685
vt 0.888585 0.592672
vt 0.929003 0.561786
vt 0.927790 0.562393
vt 0.925640 0.558797
vt 0.926734 0.557971
vt 0.896141 0.597683
vt 0.896685 0.596375
vt 0.900689 0.597580
vt 0.900423 0.598874
vt 0.910169 0.524536
vt 0.907195 0.547870
vt 0.884929 0.529129
vt 0.894079 0.550805
vt 0.913344 0.597050
vt 0.913757 0.598302
vt 0.884242 0.559890
vt 0.882082 0.563762
vt 0.924042 0.590294
vt 0.925022 0.591173
vt 0.861606 0.594761
vt 0.883197 0.585660
vt 0.885349 0.560610
vt 0.883383 0.564297
vt 0.929969 0.579107
vt 0.931260 0.579376
vt 0.878120 0.614176
vt 0.892251 0.595497
vt 0.929475 0.566519
vt 0.930786 0.566096
vt 0.903819 0.622709
vt 0.922746 0.555769
vt 0.923671 0.554748
vt 0.880894 0.568031
vt 0.919982 0.551907
vt 0.919233 0.553040
vt 0.907115 0.549238
vt 0.928640 0.617210
vt 0.894675 0.551987
vt 0.946407 0.601735
vt 0.906077 0.573702
vt 0.882186 0.568298
vt 0.955051 0.577840
vt 0.884408 0.585051
vt 0.950623 0.552824
vt 0.892995 0.594365
vt 0.934241 0.533272
vt 0.657579 0.881148
vt 0.654710 0.873355
vt 0.659273 0.871993
vt 0.662008 0.879076
vt 0.821257 0.651053
vt 0.903561 0.625741
vt 0.780097 0.715894
vt 0.782705 0.715164
vt 0.781983 0.676673
vt 0.784542 0.677337
vt 0.929932 0.619964
vt 0.833761 0.626455
vt 0.834481 0.629001
vt 0.803061 0.643728
vt 0.804909 0.645572
vt 0.948839 0.603605
vt 0.861562 0.626810
vt 0.861812 0.624219
vt 0.874110 0.626481
vt 0.873475 0.629023
vt 0.958085 0.578241
vt 0.908373 0.646512
vt 0.906554 0.648390
vt 0.953460 0.551658
vt 0.927864 0.681784
vt 0.925374 0.682434
vt 0.936123 0.530833
vt 0.910570 0.521468
vt 0.927314 0.720179
vt 0.924823 0.719490
vt 0.883731 0.526286
vt 0.907130 0.754037
vt 0.905286 0.752196
vt 0.845691 0.626908
vt 0.845481 0.624226
vt 0.870055 0.773599
vt 0.869336 0.771077
vt 0.858768 0.595946
vt 0.831147 0.771702
vt 0.831766 0.769190
vt 0.876258 0.616622
vt 0.798138 0.750509
vt 0.799993 0.748638
vt 0.844716 0.351458
vt 0.844300 0.348217
vt 0.859566 0.348149
vt 0.859154 0.351404
vt 0.874414 0.351935
vt 0.873194 0.354977
vt 0.887827 0.359370
vt 0.885867 0.361999
vt 0.898815 0.370059
vt 0.896221 0.372118
vt 0.906675 0.383212
vt 0.903664 0.384522
vt 0.910857 0.397969
vt 0.907602 0.398449
vt 0.911052 0.413360
vt 0.907769 0.412973
vt 0.907243 0.428367
vt 0.904160 0.427141
vt 0.899644 0.441916
vt 0.896979 0.439928
vt 0.888756 0.453025
vt 0.886701 0.450408
vt 0.875338 0.460898
vt 0.874039 0.457835
vt 0.860335 0.464982
vt 0.859883 0.461687
vt 0.844801 0.465005
vt 0.845225 0.461710
vt 0.829817 0.460983
vt 0.831082 0.457915
vt 0.816413 0.453215
vt 0.818429 0.450584
vt 0.805501 0.442251
vt 0.808125 0.440236
vt 0.797813 0.428858
vt 0.800864 0.427594
vt 0.793859 0.413962
vt 0.797127 0.413530
vt 0.793887 0.398582
vt 0.797149 0.399007
vt 0.797877 0.383764
vt 0.800913 0.385014
vt 0.805536 0.370503
vt 0.808130 0.372489
vt 0.816370 0.359746
vt 0.818339 0.362318
vt 0.830816 0.355154
vt 0.829580 0.352137
vt 0.788053 0.397791
vt 0.788007 0.414705
vt 0.784337 0.415175
vt 0.784394 0.397299
vt 0.912760 0.430583
vt 0.916933 0.414068
vt 0.920621 0.414500
vt 0.916224 0.431964
vt 0.792341 0.431093
vt 0.800784 0.445832
vt 0.797828 0.448082
vt 0.788910 0.432498
vt 0.916690 0.397127
vt 0.912073 0.380889
vt 0.915456 0.379425
vt 0.920347 0.396590
vt 0.903418 0.366421
vt 0.891306 0.354689
vt 0.893503 0.351733
vt 0.906303 0.364133
vt 0.812780 0.457904
vt 0.827523 0.466464
vt 0.826088 0.469905
vt 0.810504 0.460849
vt 0.843551 0.342420
vt 0.827364 0.346737
vt 0.825971 0.343352
vt 0.843071 0.338794
vt 0.876591 0.346463
vt 0.860300 0.342324
vt 0.860747 0.338682
vt 0.877949 0.343055
vt 0.844012 0.470903
vt 0.861113 0.470889
vt 0.861607 0.474596
vt 0.843522 0.474605
vt 0.812818 0.355088
vt 0.800911 0.366930
vt 0.798005 0.364688
vt 0.810588 0.352171
vt 0.877636 0.466400
vt 0.892415 0.457734
vt 0.894718 0.460685
vt 0.879084 0.469851
vt 0.792456 0.381498
vt 0.789055 0.380081
vt 0.904403 0.445500
vt 0.907395 0.447743
vt 0.910062 0.361133
vt 0.896365 0.347865
vt 0.897935 0.345765
vt 0.912124 0.359510
vt 0.807543 0.464705
vt 0.824227 0.474407
vt 0.823195 0.476856
vt 0.805913 0.466798
vt 0.857570 0.364728
vt 0.857383 0.366183
vt 0.846628 0.366186
vt 0.846477 0.364744
vt 0.824139 0.338937
vt 0.823126 0.336471
vt 0.842897 0.479444
vt 0.862269 0.479438
vt 0.862613 0.482083
vt 0.842538 0.482083
vt 0.807687 0.348381
vt 0.794186 0.361752
vt 0.792121 0.360142
vt 0.806110 0.346299
vt 0.880993 0.474356
vt 0.897742 0.464531
vt 0.899380 0.466642
vt 0.882019 0.476821
vt 0.784609 0.378240
vt 0.779615 0.396670
vt 0.777010 0.396309
vt 0.782190 0.377220
vt 0.911317 0.450657
vt 0.920756 0.433747
vt 0.923224 0.434734
vt 0.913448 0.452261
vt 0.779547 0.415804
vt 0.784436 0.434347
vt 0.781988 0.435339
vt 0.776932 0.416128
vt 0.925439 0.415043
vt 0.925122 0.395868
vt 0.927728 0.395490
vt 0.928065 0.415354
vt 0.919868 0.377497
vt 0.922281 0.376461
vt 0.793976 0.451032
vt 0.791864 0.452628
vt 0.879711 0.338600
vt 0.880683 0.336173
vt 0.786973 0.379219
vt 0.796222 0.363322
vt 0.909232 0.449108
vt 0.896134 0.462486
vt 0.782093 0.415470
vt 0.782155 0.397005
vt 0.922877 0.414755
vt 0.918346 0.432799
vt 0.796024 0.449464
vt 0.786815 0.433365
vt 0.917523 0.378522
vt 0.922584 0.396252
vt 0.894848 0.349921
vt 0.908064 0.362728
vt 0.825217 0.472014
vt 0.809117 0.462655
vt 0.825112 0.341284
vt 0.842767 0.336580
vt 0.861010 0.336458
vt 0.878777 0.340971
vt 0.861917 0.476863
vt 0.843229 0.476872
vt 0.809219 0.350391
vt 0.879978 0.471961
vt 0.289208 0.837890
vt 0.301654 0.841215
vt 0.292554 0.862797
vt 0.285995 0.861081
vt 0.289199 0.936002
vt 0.276225 0.936002
vt 0.279498 0.912685
vt 0.286297 0.912651
vt 0.263682 0.932624
vt 0.252447 0.926092
vt 0.266901 0.907557
vt 0.272909 0.910954
vt 0.312824 0.847647
vt 0.321955 0.856753
vt 0.303277 0.870917
vt 0.298449 0.866152
vt 0.233670 0.893136
vt 0.233736 0.880207
vt 0.256926 0.883475
vt 0.256978 0.890365
vt 0.243332 0.916868
vt 0.236950 0.905639
vt 0.258752 0.896918
vt 0.262127 0.902708
vt 0.328423 0.867916
vt 0.331785 0.880378
vt 0.308510 0.883315
vt 0.306709 0.876771
vt 0.237159 0.867770
vt 0.243648 0.856687
vt 0.262055 0.871117
vt 0.258738 0.876927
vt 0.331809 0.893291
vt 0.328488 0.905777
vt 0.306845 0.896676
vt 0.308557 0.890104
vt 0.252762 0.847631
vt 0.263905 0.841219
vt 0.272677 0.862905
vt 0.266822 0.866318
vt 0.322046 0.916984
vt 0.312915 0.926147
vt 0.298716 0.907419
vt 0.303488 0.902583
vt 0.276333 0.837893
vt 0.279215 0.861119
vt 0.301713 0.932636
vt 0.292852 0.910854
vt 0.258362 0.883661
vt 0.258351 0.890176
vt 0.260012 0.896390
vt 0.263165 0.901911
vt 0.307148 0.883508
vt 0.305443 0.877310
vt 0.263140 0.871941
vt 0.259945 0.877427
vt 0.305567 0.896162
vt 0.307191 0.889938
vt 0.273212 0.864170
vt 0.267665 0.867400
vt 0.297867 0.906335
vt 0.302388 0.901755
vt 0.285827 0.862445
vt 0.279406 0.862479
vt 0.286105 0.911286
vt 0.292313 0.909586
vt 0.273431 0.909665
vt 0.279667 0.911315
vt 0.297622 0.867250
vt 0.292040 0.864072
vt 0.267781 0.906404
vt 0.302194 0.871765
vt 0.282738 0.886863
vt 0.289606 0.834856
vt 0.302823 0.838385
vt 0.289603 0.939057
vt 0.275821 0.939061
vt 0.262494 0.935475
vt 0.250558 0.928532
vt 0.314686 0.845215
vt 0.324383 0.854884
vt 0.230622 0.893520
vt 0.230697 0.879788
vt 0.240880 0.918725
vt 0.234105 0.906796
vt 0.331254 0.866738
vt 0.334826 0.879972
vt 0.234341 0.866581
vt 0.241236 0.854817
vt 0.334852 0.893686
vt 0.331328 0.906947
vt 0.250910 0.845205
vt 0.262738 0.838395
vt 0.324487 0.918850
vt 0.314791 0.928583
vt 0.275934 0.834861
vt 0.302895 0.935478
vt 0.858785 0.354486
vt 0.845129 0.354521
vt 0.872061 0.357863
vt 0.884034 0.364494
vt 0.893823 0.374019
vt 0.900812 0.385738
vt 0.904523 0.398877
vt 0.904668 0.412578
vt 0.901256 0.425959
vt 0.894476 0.438031
vt 0.884778 0.447922
vt 0.872833 0.454932
vt 0.859478 0.458572
vt 0.845647 0.458598
vt 0.832298 0.455025
vt 0.820351 0.448112
vt 0.810619 0.438349
vt 0.803757 0.426418
vt 0.800219 0.413142
vt 0.800231 0.399430
vt 0.803776 0.386217
vt 0.810615 0.374397
vt 0.820231 0.364763
vt 0.832005 0.357998
vt 0.805009 0.399989
vt 0.807581 0.400298
vt 0.807558 0.412082
vt 0.804989 0.412447
vt 0.896730 0.424217
vt 0.894301 0.423269
vt 0.897275 0.411747
vt 0.899859 0.412057
vt 0.808194 0.424511
vt 0.810586 0.423493
vt 0.816468 0.433750
vt 0.814418 0.435354
vt 0.899781 0.399627
vt 0.897227 0.400016
vt 0.894084 0.388748
vt 0.896442 0.387701
vt 0.890105 0.377062
vt 0.888095 0.378691
vt 0.879651 0.370511
vt 0.881240 0.368368
vt 0.823249 0.444229
vt 0.824815 0.442146
vt 0.835063 0.448097
vt 0.834090 0.450518
vt 0.845809 0.359263
vt 0.846147 0.361818
vt 0.834881 0.364738
vt 0.833883 0.362375
vt 0.870345 0.362350
vt 0.869364 0.364744
vt 0.857937 0.361763
vt 0.858252 0.359284
vt 0.846204 0.453776
vt 0.846514 0.451184
vt 0.858380 0.451183
vt 0.858758 0.453768
vt 0.823189 0.368512
vt 0.824775 0.370536
vt 0.816507 0.378796
vt 0.814446 0.377251
vt 0.870882 0.450482
vt 0.869841 0.448086
vt 0.880101 0.442098
vt 0.881732 0.444138
vt 0.808238 0.387985
vt 0.810637 0.388946
vt 0.890550 0.435173
vt 0.888446 0.433630
vt 0.885776 0.380545
vt 0.884627 0.381455
vt 0.877021 0.374080
vt 0.877895 0.372903
vt 0.826636 0.439773
vt 0.827540 0.438607
vt 0.836777 0.443968
vt 0.836206 0.445330
vt 0.215993 0.906736
vt 0.213016 0.917733
vt 0.210155 0.916548
vt 0.212909 0.906322
vt 0.836554 0.368808
vt 0.836003 0.367463
vt 0.846896 0.448213
vt 0.847093 0.446748
vt 0.857781 0.446750
vt 0.857973 0.448215
vt 0.826576 0.372877
vt 0.827460 0.374038
vt 0.820019 0.381483
vt 0.818861 0.380591
vt 0.868671 0.445328
vt 0.868102 0.443965
vt 0.877346 0.438580
vt 0.878251 0.439745
vt 0.813382 0.390073
vt 0.814735 0.390636
vt 0.811984 0.400875
vt 0.810530 0.400680
vt 0.886050 0.431844
vt 0.884873 0.430956
vt 0.890165 0.421602
vt 0.891530 0.422157
vt 0.810510 0.411689
vt 0.811969 0.411503
vt 0.814704 0.421793
vt 0.813342 0.422350
vt 0.894315 0.411328
vt 0.892863 0.411108
vt 0.892837 0.400630
vt 0.894287 0.400431
vt 0.891364 0.389927
vt 0.890017 0.390502
vt 0.818839 0.431931
vt 0.820013 0.431041
vt 0.857755 0.363213
vt 0.846304 0.363229
vt 0.867733 0.368868
vt 0.868277 0.367506
vt 0.817650 0.379670
vt 0.811971 0.389496
vt 0.879203 0.440953
vt 0.887282 0.432761
vt 0.809014 0.400485
vt 0.808993 0.411893
vt 0.892955 0.422726
vt 0.895837 0.411543
vt 0.811926 0.422939
vt 0.817622 0.432867
vt 0.895797 0.400216
vt 0.892761 0.389319
vt 0.886966 0.379590
vt 0.878796 0.371672
vt 0.825701 0.440994
vt 0.835620 0.446752
vt 0.868834 0.366084
vt 0.846701 0.449740
vt 0.858184 0.449740
vt 0.825648 0.371675
vt 0.869274 0.446745
vt 0.835425 0.366064
vt 0.866872 0.937821
vt 0.885072 0.923281
vt 0.889902 0.927954
vt 0.876091 0.946745
vt 0.951822 0.888747
vt 0.930165 0.897872
vt 0.926756 0.891975
vt 0.945342 0.877506
vt 0.936154 0.868322
vt 0.921926 0.887146
vt 0.916002 0.883718
vt 0.924891 0.861830
vt 0.887283 0.952998
vt 0.895853 0.931185
vt 0.902510 0.932733
vt 0.899667 0.956199
vt 0.886755 0.861857
vt 0.895907 0.883628
vt 0.889961 0.887004
vt 0.875500 0.868371
vt 0.912325 0.858473
vt 0.909387 0.881927
vt 0.902533 0.881896
vt 0.899317 0.858482
vt 0.912401 0.956200
vt 0.909355 0.932990
vt 0.915964 0.931429
vt 0.924763 0.952992
vt 0.866327 0.877583
vt 0.885104 0.891794
vt 0.881666 0.897666
vt 0.859873 0.888864
vt 0.935929 0.946713
vt 0.921878 0.928185
vt 0.926708 0.923500
vt 0.945115 0.937735
vt 0.856597 0.901435
vt 0.879880 0.904225
vt 0.879853 0.911089
vt 0.856734 0.914404
vt 0.951660 0.926645
vt 0.930129 0.917703
vt 0.931908 0.911196
vt 0.955088 0.914202
vt 0.860267 0.926820
vt 0.881734 0.917549
vt 0.955146 0.901270
vt 0.931922 0.904430
vt 0.896420 0.884916
vt 0.890788 0.888115
vt 0.909192 0.883302
vt 0.902697 0.883275
vt 0.909232 0.931616
vt 0.915482 0.930148
vt 0.886188 0.892650
vt 0.882934 0.898209
vt 0.921076 0.927083
vt 0.925642 0.922650
vt 0.881251 0.904417
vt 0.881279 0.910898
vt 0.928875 0.917163
vt 0.930553 0.911004
vt 0.882928 0.917041
vt 0.886138 0.922451
vt 0.930559 0.904599
vt 0.928889 0.898391
vt 0.925655 0.892810
vt 0.921075 0.888240
vt 0.890716 0.926858
vt 0.896350 0.929903
vt 0.915459 0.884996
vt 0.902704 0.931346
vt 0.864485 0.939718
vt 0.874274 0.949190
vt 0.954671 0.887573
vt 0.947791 0.875628
vt 0.938034 0.865872
vt 0.926072 0.858974
vt 0.886153 0.955820
vt 0.899285 0.959203
vt 0.885570 0.859003
vt 0.873615 0.865922
vt 0.912726 0.855408
vt 0.898911 0.855417
vt 0.912786 0.959203
vt 0.925898 0.955809
vt 0.863870 0.875709
vt 0.857013 0.887697
vt 0.937756 0.949152
vt 0.947520 0.939622
vt 0.853534 0.901059
vt 0.853690 0.914845
vt 0.954481 0.927842
vt 0.958131 0.914621
vt 0.857459 0.928036
vt 0.958198 0.900879
vt 0.649718 0.854085
vt 0.652877 0.854379
vt 0.653118 0.865489
vt 0.650007 0.865833
vt 0.675103 0.901786
vt 0.666700 0.894594
vt 0.670212 0.891185
vt 0.677916 0.897814
vt 0.654693 0.882501
vt 0.661947 0.888654
vt 0.659404 0.890401
vt 0.700522 0.911143
vt 0.689665 0.908991
vt 0.691065 0.904391
vt 0.701044 0.906334
vt 0.673335 0.904336
vt 0.684797 0.907187
vt 0.683550 0.910016
vt 0.727192 0.906755
vt 0.716732 0.910284
vt 0.715664 0.905581
vt 0.725251 0.902351
vt 0.700236 0.914266
vt 0.711599 0.911042
vt 0.711910 0.914148
vt 0.747993 0.889548
vt 0.740755 0.897858
vt 0.737440 0.894309
vt 0.744121 0.886758
vt 0.728500 0.909597
vt 0.736708 0.901099
vt 0.738535 0.903624
vt 0.757245 0.864331
vt 0.755189 0.875091
vt 0.750559 0.873702
vt 0.752484 0.863849
vt 0.750572 0.891364
vt 0.753335 0.879896
vt 0.756167 0.881160
vt 0.752844 0.837709
vt 0.756258 0.848203
vt 0.751637 0.849304
vt 0.748314 0.839753
vt 0.760341 0.864597
vt 0.757074 0.853310
vt 0.760154 0.852993
vt 0.735636 0.816594
vt 0.742335 0.822393
vt 0.738983 0.825799
vt 0.732756 0.820604
vt 0.755690 0.836419
vt 0.747230 0.828126
vt 0.749792 0.826281
vt 0.710064 0.807046
vt 0.718707 0.808671
vt 0.717530 0.813324
vt 0.709588 0.811956
vt 0.737505 0.813994
vt 0.727640 0.811911
vt 0.728996 0.809090
vt 0.683215 0.811500
vt 0.692128 0.808498
vt 0.693351 0.813136
vt 0.685190 0.815954
vt 0.710369 0.803862
vt 0.700676 0.807034
vt 0.700426 0.803917
vt 0.662289 0.828871
vt 0.667873 0.822348
vt 0.671324 0.825671
vt 0.666257 0.831730
vt 0.681918 0.808664
vt 0.673722 0.817253
vt 0.671849 0.814705
vt 0.654387 0.846103
vt 0.659031 0.847235
vt 0.657756 0.854869
vt 0.657922 0.865015
vt 0.659705 0.827038
vt 0.656931 0.838604
vt 0.654065 0.837342
vt 0.701002 0.811867
vt 0.709340 0.814560
vt 0.701168 0.814453
vt 0.742067 0.885294
vt 0.735610 0.892485
vt 0.734612 0.891456
vt 0.740914 0.884478
vt 0.725474 0.816250
vt 0.731238 0.822733
vt 0.724313 0.818572
vt 0.724209 0.900031
vt 0.714997 0.903041
vt 0.714649 0.901659
vt 0.723621 0.898738
vt 0.701303 0.903787
vt 0.691729 0.901862
vt 0.692120 0.900473
vt 0.701443 0.902361
vt 0.743312 0.830882
vt 0.746045 0.840780
vt 0.741123 0.832368
vt 0.668041 0.884593
vt 0.664342 0.877980
vt 0.665608 0.877384
vt 0.669231 0.883787
vt 0.679375 0.895688
vt 0.671998 0.889352
vt 0.673013 0.888349
vt 0.680197 0.894506
vt 0.752398 0.853772
vt 0.749962 0.863609
vt 0.749826 0.853955
vt 0.660351 0.855104
vt 0.661534 0.847821
vt 0.662944 0.848170
vt 0.661763 0.855220
vt 0.660485 0.864803
vt 0.661907 0.864660
vt 0.749015 0.877958
vt 0.746687 0.876838
vt 0.668380 0.833232
vt 0.673201 0.827441
vt 0.674248 0.828455
vt 0.669539 0.834042
vt 0.733938 0.897217
vt 0.732486 0.895063
vt 0.686247 0.818317
vt 0.694019 0.815628
vt 0.694382 0.817040
vt 0.686830 0.819598
vt 0.711159 0.906276
vt 0.711005 0.903729
vt 0.686758 0.902828
vt 0.687910 0.900424
vt 0.716907 0.815809
vt 0.716540 0.817204
vt 0.709210 0.815974
vt 0.665910 0.885992
vt 0.737210 0.827659
vt 0.736196 0.828690
vt 0.730416 0.823890
vt 0.661333 0.840603
vt 0.663662 0.841703
vt 0.749147 0.849977
vt 0.747760 0.850333
vt 0.744737 0.841376
vt 0.676527 0.821186
vt 0.677994 0.823303
vt 0.748070 0.873054
vt 0.746695 0.872673
vt 0.748550 0.863482
vt 0.173316 0.845741
vt 0.184433 0.848684
vt 0.183240 0.851592
vt 0.172910 0.848856
vt 0.122934 0.930261
vt 0.118324 0.922580
vt 0.121091 0.921199
vt 0.125363 0.928338
vt 0.988187 0.775498
vt 0.985413 0.776838
vt 0.981270 0.769676
vt 0.983722 0.767794
vt 0.666915 0.876767
vt 0.664599 0.870432
vt 0.666028 0.870064
vt 0.668191 0.876163
vt 0.112062 0.905179
vt 0.111880 0.893773
vt 0.114986 0.894132
vt 0.115158 0.904716
vt 0.190140 0.894185
vt 0.190234 0.898625
vt 0.188433 0.898529
vt 0.188339 0.894417
vt 0.115256 0.877921
vt 0.120844 0.867941
vt 0.123356 0.869818
vt 0.118174 0.879080
vt 0.204497 0.931242
vt 0.196494 0.939244
vt 0.194610 0.936808
vt 0.202045 0.929359
vt 0.131765 0.855899
vt 0.141648 0.850081
vt 0.142873 0.852973
vt 0.133710 0.858379
vt 0.182476 0.946725
vt 0.171562 0.949754
vt 0.171126 0.946698
vt 0.181276 0.943881
vt 0.157139 0.845191
vt 0.168593 0.845134
vt 0.168198 0.848246
vt 0.157569 0.848308
vt 0.194361 0.854388
vt 0.192458 0.856877
vt 0.153847 0.948845
vt 0.144692 0.946491
vt 0.145839 0.943627
vt 0.154345 0.945812
vt 0.198137 0.857286
vt 0.206259 0.865416
vt 0.203771 0.867324
vt 0.196223 0.859771
vt 0.211955 0.875325
vt 0.209066 0.876512
vt 0.129641 0.936784
vt 0.131594 0.934395
vt 0.208753 0.925103
vt 0.206206 0.923392
vt 0.115212 0.916194
vt 0.118082 0.914953
vt 0.189028 0.943592
vt 0.187680 0.940849
vt 0.112433 0.889054
vt 0.115549 0.889427
vt 0.162090 0.949754
vt 0.162307 0.946694
vt 0.123701 0.864128
vt 0.126215 0.866023
vt 0.146041 0.848232
vt 0.147256 0.851133
vt 0.136976 0.942174
vt 0.138678 0.939609
vt 0.664969 0.842287
vt 0.678833 0.824462
vt 0.701282 0.815894
vt 0.723684 0.819877
vt 0.739949 0.833187
vt 0.748421 0.854074
vt 0.745405 0.876244
vt 0.731675 0.893898
vt 0.710890 0.902307
vt 0.688519 0.899137
vt 0.216635 0.890712
vt 0.216621 0.899141
vt 0.213544 0.898935
vt 0.213562 0.891106
vt 0.661715 0.871244
vt 0.143843 0.913766
vt 0.146998 0.916931
vt 0.156393 0.872953
vt 0.160715 0.871782
vt 0.160972 0.873627
vt 0.156949 0.874600
vt 0.169851 0.872296
vt 0.174176 0.873450
vt 0.173470 0.875180
vt 0.169505 0.874004
vt 0.138506 0.901388
vt 0.139685 0.905709
vt 0.181808 0.878486
vt 0.184968 0.881652
vt 0.183482 0.882800
vt 0.180644 0.879795
vt 0.140093 0.887952
vt 0.138945 0.892293
vt 0.172800 0.896523
vt 0.148221 0.877094
vt 0.145043 0.880286
vt 0.183468 0.915154
vt 0.180301 0.918225
vt 0.179194 0.916795
vt 0.182107 0.913941
vt 0.172290 0.922331
vt 0.167977 0.923485
vt 0.167710 0.921627
vt 0.171710 0.920628
vt 0.165223 0.871694
vt 0.165135 0.873484
vt 0.178116 0.875636
vt 0.177136 0.877142
vt 0.154612 0.921840
vt 0.150725 0.919691
vt 0.151664 0.918215
vt 0.155307 0.920108
vt 0.187283 0.885514
vt 0.185662 0.886337
vt 0.141543 0.909961
vt 0.143086 0.909153
vt 0.145304 0.912615
vt 0.188425 0.907526
vt 0.186293 0.911422
vt 0.184775 0.910440
vt 0.186741 0.906832
vt 0.189642 0.903266
vt 0.187855 0.902890
vt 0.138415 0.896918
vt 0.140155 0.896992
vt 0.140346 0.901116
vt 0.176537 0.920500
vt 0.175737 0.918949
vt 0.142260 0.884030
vt 0.143728 0.884966
vt 0.141821 0.888639
vt 0.163525 0.923557
vt 0.163606 0.921801
vt 0.152085 0.874754
vt 0.152905 0.876345
vt 0.149376 0.878565
vt 0.189085 0.889867
vt 0.187346 0.890430
vt 0.141370 0.905125
vt 0.140694 0.892632
vt 0.146387 0.881458
vt 0.211469 0.883167
vt 0.158920 0.923013
vt 0.159271 0.921250
vt 0.148175 0.915581
vt 0.169609 0.904454
vt 0.159047 0.890940
vt 0.165536 0.906184
vt 0.163138 0.889200
vt 0.167552 0.889746
vt 0.161138 0.905648
vt 0.171097 0.892428
vt 0.157592 0.902985
vt 0.651685 0.883914
vt 0.646271 0.886464
vt 0.642785 0.876613
vt 0.648542 0.875093
vt 0.172254 0.900912
vt 0.155848 0.898903
vt 0.156379 0.894494
vt 0.742862 0.900108
vt 0.717417 0.913275
vt 0.688785 0.911951
vt 0.664443 0.896757
vt 0.651395 0.845340
vt 0.651742 0.874208
vt 0.665666 0.820178
vt 0.691360 0.805505
vt 0.719509 0.805664
vt 0.744533 0.820206
vt 0.663099 0.870840
vt 0.759268 0.847507
vt 0.758080 0.875954
vt 0.723027 0.821264
vt 0.729565 0.825088
vt 0.728733 0.826260
vt 0.722410 0.822600
vt 0.723007 0.897386
vt 0.714332 0.900185
vt 0.714059 0.898761
vt 0.722414 0.896096
vt 0.701591 0.900867
vt 0.692580 0.899023
vt 0.693051 0.897640
vt 0.701728 0.899433
vt 0.738732 0.834073
vt 0.743367 0.842002
vt 0.742053 0.842609
vt 0.737569 0.834957
vt 0.214395 0.882159
vt 0.681058 0.893265
vt 0.674111 0.887315
vt 0.675175 0.886331
vt 0.681880 0.892069
vt 0.746923 0.854261
vt 0.747072 0.863349
vt 0.745655 0.863229
vt 0.745490 0.854473
vt 0.663228 0.855329
vt 0.664450 0.848572
vt 0.665886 0.848980
vt 0.664643 0.855434
vt 0.744008 0.875661
vt 0.739711 0.883626
vt 0.738559 0.882820
vt 0.742651 0.875132
vt 0.670746 0.834870
vt 0.675357 0.829573
vt 0.676399 0.830657
vt 0.671907 0.835667
vt 0.730766 0.892690
vt 0.729851 0.891543
vt 0.687445 0.820914
vt 0.694757 0.818571
vt 0.695102 0.820037
vt 0.688036 0.822177
vt 0.710714 0.900804
vt 0.710507 0.899355
vt 0.689115 0.897744
vt 0.689657 0.896380
vt 0.709074 0.817438
vt 0.716129 0.818703
vt 0.715728 0.820125
vt 0.708942 0.818871
vt 0.670490 0.882901
vt 0.671681 0.882038
vt 0.735083 0.829778
vt 0.734012 0.830795
vt 0.666368 0.842870
vt 0.667725 0.843413
vt 0.663400 0.864478
vt 0.664846 0.864274
vt 0.746296 0.850662
vt 0.744870 0.850948
vt 0.679744 0.825661
vt 0.680655 0.826805
vt 0.745264 0.872228
vt 0.743891 0.871760
vt 0.701412 0.817418
vt 0.701553 0.818877
vt 0.733595 0.890332
vt 0.732640 0.889229
vt 0.646723 0.866266
vt 0.646433 0.853785
vt 0.671451 0.907073
vt 0.668093 0.911925
vt 0.657675 0.902891
vt 0.662066 0.898967
vt 0.682286 0.913044
vt 0.680173 0.918545
vt 0.699909 0.917569
vt 0.699360 0.923467
vt 0.685848 0.920614
vt 0.687776 0.915093
vt 0.712295 0.917396
vt 0.713171 0.923258
vt 0.729865 0.912621
vt 0.732332 0.918011
vt 0.719149 0.922270
vt 0.718091 0.916499
vt 0.740511 0.906255
vt 0.744224 0.910883
vt 0.753289 0.893277
vt 0.758109 0.896649
vt 0.748894 0.906993
vt 0.745033 0.902524
vt 0.759171 0.882410
vt 0.764678 0.884511
vt 0.763618 0.864905
vt 0.769468 0.865420
vt 0.766742 0.878848
vt 0.761209 0.876948
vt 0.763405 0.852608
vt 0.769217 0.851739
vt 0.758714 0.835076
vt 0.764106 0.832657
vt 0.768240 0.845800
vt 0.762471 0.846850
vt 0.752420 0.824329
vt 0.757121 0.820683
vt 0.739448 0.811291
vt 0.742942 0.806435
vt 0.751274 0.813814
vt 0.746922 0.817891
vt 0.730390 0.806091
vt 0.732836 0.800673
vt 0.710682 0.800551
vt 0.711238 0.794605
vt 0.722034 0.796689
vt 0.720397 0.802441
vt 0.700116 0.800627
vt 0.699483 0.794726
vt 0.680543 0.805640
vt 0.678079 0.800276
vt 0.689161 0.796520
vt 0.690556 0.802287
vt 0.669868 0.812097
vt 0.666170 0.807444
vt 0.656996 0.825111
vt 0.652173 0.821693
vt 0.659197 0.813563
vt 0.663328 0.817826
vt 0.651033 0.836076
vt 0.645489 0.833902
vt 0.640529 0.853242
vt 0.642478 0.842899
vt 0.648195 0.844489
vt 0.640838 0.867161
vt 0.642908 0.888054
vt 0.640901 0.889004
vt 0.636953 0.878119
vt 0.639176 0.877527
vt 0.663857 0.804563
vt 0.662500 0.802774
vt 0.675584 0.794920
vt 0.676518 0.796927
vt 0.761100 0.898745
vt 0.762908 0.900021
vt 0.752786 0.911536
vt 0.751289 0.909841
vt 0.699068 0.791039
vt 0.698846 0.788785
vt 0.711781 0.788674
vt 0.711579 0.790892
vt 0.733846 0.921352
vt 0.734762 0.923374
vt 0.720216 0.928120
vt 0.719769 0.925923
vt 0.699007 0.927107
vt 0.698793 0.929307
vt 0.683872 0.926208
vt 0.684578 0.924087
vt 0.734350 0.797266
vt 0.735302 0.795196
vt 0.746421 0.801580
vt 0.745120 0.803398
vt 0.666017 0.914926
vt 0.664761 0.916739
vt 0.653272 0.906879
vt 0.654899 0.905353
vt 0.760036 0.818407
vt 0.761848 0.817077
vt 0.769476 0.830282
vt 0.767451 0.831175
vt 0.636835 0.852925
vt 0.634624 0.852741
vt 0.636706 0.841272
vt 0.638914 0.841875
vt 0.637182 0.867735
vt 0.634953 0.868024
vt 0.772838 0.851157
vt 0.775048 0.850871
vt 0.775251 0.865945
vt 0.773073 0.865748
vt 0.649137 0.819569
vt 0.647314 0.818302
vt 0.655036 0.809239
vt 0.656639 0.810875
vt 0.768134 0.885782
vt 0.770219 0.886611
vt 0.687756 0.790727
vt 0.688306 0.792932
vt 0.746586 0.913757
vt 0.747970 0.915548
vt 0.713763 0.926912
vt 0.714055 0.929147
vt 0.723694 0.790926
vt 0.723074 0.793125
vt 0.678894 0.921988
vt 0.678046 0.924058
vt 0.755706 0.809714
vt 0.754027 0.811296
vt 0.975690 0.764091
vt 0.977720 0.761780
vt 0.774055 0.844770
vt 0.771873 0.845201
vt 0.642039 0.832572
vt 0.639967 0.831710
vt 0.772339 0.880778
vt 0.770215 0.880091
vt 0.990485 0.820305
vt 0.987658 0.819108
vt 0.990462 0.808952
vt 0.993512 0.809372
vt 0.763949 0.815600
vt 0.766182 0.814114
vt 0.774095 0.828254
vt 0.771743 0.829284
vt 0.971872 0.756799
vt 0.969982 0.759262
vt 0.960735 0.753923
vt 0.961920 0.751070
vt 0.777560 0.850642
vt 0.780161 0.850508
vt 0.780161 0.866388
vt 0.777684 0.866165
vt 0.953052 0.751860
vt 0.953640 0.748860
vt 0.772559 0.887623
vt 0.774987 0.888784
vt 0.767044 0.902891
vt 0.764964 0.901442
vt 0.934849 0.747539
vt 0.935249 0.750587
vt 0.927440 0.752687
vt 0.926433 0.749806
vt 0.749460 0.917645
vt 0.750911 0.919883
vt 0.736848 0.927990
vt 0.735787 0.925637
vt 0.909702 0.758096
vt 0.911592 0.760520
vt 0.905468 0.766906
vt 0.903125 0.764966
vt 0.714293 0.931690
vt 0.714438 0.934328
vt 0.698301 0.934322
vt 0.698553 0.931768
vt 0.677001 0.926370
vt 0.675831 0.928714
vt 0.661934 0.920823
vt 0.663359 0.918764
vt 0.893551 0.779781
vt 0.896365 0.780901
vt 0.894358 0.788786
vt 0.891391 0.788259
vt 0.644979 0.900889
vt 0.642811 0.902360
vt 0.636201 0.891228
vt 0.638613 0.890086
vt 0.890251 0.806427
vt 0.893259 0.806029
vt 0.895387 0.814001
vt 0.892523 0.815004
vt 0.637619 0.830681
vt 0.635192 0.829553
vt 0.643140 0.815374
vt 0.645267 0.816857
vt 0.900542 0.831556
vt 0.902997 0.829701
vt 0.910388 0.837203
vt 0.908501 0.839628
vt 0.660989 0.800701
vt 0.659462 0.798499
vt 0.673485 0.790297
vt 0.674553 0.792646
vt 0.922079 0.848294
vt 0.923275 0.845460
vt 0.933422 0.848243
vt 0.933010 0.851278
vt 0.698603 0.786228
vt 0.698380 0.783607
vt 0.712255 0.783484
vt 0.712012 0.786146
vt 0.948989 0.851904
vt 0.948599 0.848880
vt 0.958669 0.846216
vt 0.959821 0.849024
vt 0.973913 0.841656
vt 0.972074 0.839234
vt 0.979470 0.831911
vt 0.981872 0.833773
vt 0.736391 0.792853
vt 0.737528 0.790466
vt 0.749466 0.797322
vt 0.747904 0.799507
vt 0.994220 0.793177
vt 0.991138 0.793568
vt 0.988415 0.783281
vt 0.991283 0.782095
vt 0.651912 0.895814
vt 0.648944 0.898047
vt 0.647092 0.899398
vt 0.920038 0.785788
vt 0.921194 0.786521
vt 0.919207 0.790093
vt 0.918005 0.789619
vt 0.957924 0.820784
vt 0.957135 0.819756
vt 0.960004 0.816882
vt 0.961015 0.817777
vt 0.965937 0.810295
vt 0.964676 0.809778
vt 0.965772 0.805733
vt 0.967132 0.806009
vt 0.916432 0.798361
vt 0.917779 0.798414
vt 0.917911 0.802547
vt 0.916553 0.802742
vt 0.955499 0.777964
vt 0.954726 0.779124
vt 0.951070 0.777017
vt 0.951612 0.775749
vt 0.967639 0.796822
vt 0.966214 0.797015
vt 0.965216 0.792860
vt 0.966504 0.792434
vt 0.919460 0.811447
vt 0.920690 0.810832
vt 0.922870 0.814477
vt 0.921755 0.815309
vt 0.947067 0.775807
vt 0.947354 0.774487
vt 0.928537 0.821512
vt 0.929310 0.820376
vt 0.932977 0.822495
vt 0.932415 0.823762
vt 0.938365 0.773846
vt 0.938521 0.775193
vt 0.934514 0.776184
vt 0.934092 0.774881
vt 0.941355 0.825742
vt 0.941453 0.824372
vt 0.945572 0.824434
vt 0.945719 0.825724
vt 0.925979 0.778911
vt 0.926803 0.779998
vt 0.923874 0.782926
vt 0.922807 0.781998
vt 0.982328 0.828213
vt 0.963801 0.814116
vt 0.991094 0.804260
vt 0.967708 0.801329
vt 0.918236 0.794016
vt 0.916910 0.793775
vt 0.964701 0.788021
vt 0.962324 0.784159
vt 0.918962 0.806641
vt 0.917639 0.807075
vt 0.945853 0.750580
vt 0.942772 0.773853
vt 0.963420 0.788680
vt 0.961213 0.785012
vt 0.925766 0.817564
vt 0.924819 0.818586
vt 0.920739 0.755153
vt 0.929790 0.776668
vt 0.937009 0.823711
vt 0.936695 0.825102
vt 0.900617 0.773278
vt 0.949493 0.823454
vt 0.949905 0.824744
vt 0.959225 0.780895
vt 0.954215 0.823025
vt 0.953599 0.821780
vt 0.962680 0.813381
vt 0.893233 0.797428
vt 0.966333 0.801257
vt 0.897746 0.820490
vt 0.914116 0.840100
vt 0.942684 0.775166
vt 0.938057 0.848870
vt 0.930395 0.777882
vt 0.962981 0.844447
vt 0.656700 0.892310
vt 0.898110 0.771571
vt 0.721490 0.933176
vt 0.720798 0.930625
vt 0.682476 0.931200
vt 0.683139 0.928657
vt 0.890223 0.797183
vt 0.631933 0.879566
vt 0.634453 0.878820
vt 0.649599 0.910565
vt 0.651452 0.908659
vt 0.894900 0.821653
vt 0.632131 0.852516
vt 0.629550 0.852296
vt 0.631665 0.840027
vt 0.634205 0.840632
vt 0.912228 0.842533
vt 0.651300 0.805624
vt 0.653196 0.807424
vt 0.937654 0.851904
vt 0.686435 0.785760
vt 0.687111 0.788252
vt 0.964136 0.847259
vt 0.984743 0.830084
vt 0.725041 0.785929
vt 0.724372 0.788445
vt 0.994161 0.804677
vt 0.759420 0.806019
vt 0.757569 0.807897
vt 0.958298 0.781915
vt 0.632402 0.868306
vt 0.629734 0.868541
vt 0.779070 0.843543
vt 0.776540 0.844209
vt 0.946252 0.747523
vt 0.777329 0.882071
vt 0.774776 0.881468
vt 0.919544 0.752313
vt 0.756520 0.915303
vt 0.754571 0.913408
vt 0.828739 0.085931
vt 0.827589 0.085623
vt 0.841577 0.071635
vt 0.841885 0.072786
vt 0.820486 0.078519
vt 0.820178 0.077369
vt 0.841885 0.077369
vt 0.841577 0.078520
vt 0.838443 0.066824
vt 0.839285 0.067666
vt 0.839285 0.082489
vt 0.838443 0.083331
vt 0.822777 0.067666
vt 0.823619 0.066824
vt 0.820178 0.072785
vt 0.820486 0.071636
vt 0.827589 0.064532
vt 0.828739 0.064224
vt 0.823620 0.083331
vt 0.822777 0.082489
vt 0.833323 0.064224
vt 0.834473 0.064532
vt 0.746155 0.012618
vt 0.746163 0.017609
vt 0.720722 0.012613
vt 0.744265 0.022226
vt 0.722657 0.008003
vt 0.726224 0.004476
vt 0.740748 0.025770
vt 0.736114 0.027689
vt 0.730944 0.002565
vt 0.736000 0.002566
vt 0.731061 0.027689
vt 0.790012 0.095049
vt 0.784326 0.095049
vt 0.245640 0.085317
vt 0.245640 0.079631
vt 0.976417 0.017640
vt 0.974482 0.022250
vt 0.956391 0.004482
vt 0.961024 0.002564
vt 0.950976 0.012644
vt 0.952873 0.008027
vt 0.950984 0.017635
vt 0.976369 0.012640
vt 0.974400 0.008027
vt 0.952897 0.022247
vt 0.970755 0.004473
vt 0.966078 0.002564
vt 0.956459 0.025776
vt 0.961139 0.027686
vt 0.633497 0.296017
vt 0.300570 0.291553
vt 0.294310 0.290311
vt 0.299655 0.294568
vt 0.528162 0.990641
vt 0.523876 0.990641
vt 0.501554 0.990640
vt 0.501559 0.918520
vt 0.501559 0.917062
vt 0.292981 0.387639
vt 0.284971 0.389964
vt 0.254542 0.349727
vt 0.253604 0.347054
vt 0.146897 0.370819
vt 0.139996 0.385550
vt 0.158517 0.360060
vt 0.172762 0.352092
vt 0.139261 0.402458
vt 0.145248 0.421947
vt 0.145031 0.427942
vt 0.142604 0.433242
vt 0.134077 0.440211
vt 0.186732 0.346278
vt 0.199573 0.341269
vt 0.210593 0.337326
vt 0.221167 0.333481
vt 0.233631 0.332208
vt 0.245503 0.337197
vt 0.252340 0.345032
vt 0.261000 0.369074
vt 0.259644 0.365443
vt 0.266831 0.380323
vt 0.275681 0.388199
vt 0.297315 0.385532
vt 0.295311 0.386645
vt 0.301360 0.383146
vt 0.117091 0.453147
vt 0.109394 0.465027
vt 0.112426 0.472713
vt 0.113300 0.474053
vt 0.115598 0.475290
vt 0.127809 0.482364
vt 0.460922 0.440331
vt 0.443844 0.453177
vt 0.436136 0.465083
vt 0.439705 0.472088
vt 0.440618 0.473837
vt 0.443234 0.475316
vt 0.454643 0.482447
vt 0.618585 0.388317
vt 0.610437 0.390389
vt 0.580763 0.349381
vt 0.580200 0.346597
vt 0.473423 0.370470
vt 0.466818 0.385612
vt 0.484909 0.359352
vt 0.499437 0.351774
vt 0.465836 0.401903
vt 0.472084 0.421902
vt 0.471896 0.427866
vt 0.469462 0.433235
vt 0.513348 0.345921
vt 0.526364 0.341013
vt 0.537046 0.336806
vt 0.547718 0.333102
vt 0.560478 0.331356
vt 0.572565 0.336252
vt 0.579156 0.344594
vt 0.586715 0.369253
vt 0.585616 0.364729
vt 0.592557 0.380166
vt 0.601165 0.388294
vt 0.623104 0.386275
vt 0.620387 0.387686
vt 0.626621 0.384193
vt 0.618739 0.623942
vt 0.610346 0.568083
vt 0.583160 0.592785
vt 0.582937 0.597585
vt 0.703956 0.620148
vt 0.638029 0.606361
vt 0.639553 0.600208
vt 0.706436 0.600918
vt 0.639775 0.595417
vt 0.705899 0.585054
vt 0.696062 0.640022
vt 0.635990 0.610703
vt 0.632227 0.615806
vt 0.685566 0.655765
vt 0.586727 0.582274
vt 0.584685 0.586622
vt 0.612466 0.624892
vt 0.136881 0.126949
vt 0.942992 0.029920
vt 0.899460 0.030466
vt 0.899393 0.025683
vt 0.943606 0.025074
vt 0.899541 0.036778
vt 0.942218 0.036292
vt 0.941814 0.041126
vt 0.899598 0.041550
vt 0.899745 0.058951
vt 0.941940 0.058687
vt 0.942428 0.063516
vt 0.899773 0.063718
vt 0.899799 0.070027
vt 0.943330 0.069870
vt 0.943987 0.074707
vt 0.899815 0.074809
vt 0.945297 0.085933
vt 0.899834 0.085930
vt 0.899828 0.081136
vt 0.944817 0.081082
vt 0.899832 0.092274
vt 0.945655 0.092322
vt 0.945593 0.097166
vt 0.899828 0.097071
vt 0.944746 0.108388
vt 0.899810 0.108205
vt 0.899820 0.103413
vt 0.945283 0.103553
vt 0.899790 0.114527
vt 0.943819 0.114747
vt 0.943151 0.119567
vt 0.899770 0.119302
vt 0.942021 0.130722
vt 0.899707 0.130375
vt 0.899737 0.125608
vt 0.942460 0.125908
vt 0.899658 0.136684
vt 0.941714 0.137075
vt 0.941712 0.141907
vt 0.899616 0.141464
vt 0.942315 0.153105
vt 0.899486 0.152556
vt 0.899544 0.147780
vt 0.941957 0.148266
vt 0.899399 0.158878
vt 0.942939 0.159480
vt 0.138237 0.123869
vt 0.944904 0.007417
vt 0.899112 0.008205
vt 0.322085 0.439297
vt 0.322825 0.484497
vt 0.315686 0.484684
vt 0.314994 0.439414
vt 0.311040 0.439473
vt 0.311710 0.484501
vt 0.304552 0.483950
vt 0.303954 0.439577
vt 0.293441 0.482631
vt 0.292939 0.439721
vt 0.300007 0.439630
vt 0.300586 0.483468
vt 0.289004 0.439765
vt 0.289489 0.482106
vt 0.282359 0.481563
vt 0.281949 0.439842
vt 0.271276 0.481459
vt 0.270943 0.439930
vt 0.278009 0.439877
vt 0.278407 0.481475
vt 0.267009 0.439953
vt 0.267327 0.481671
vt 0.260195 0.482425
vt 0.259953 0.439991
vt 0.256008 0.440004
vt 0.256243 0.483003
vt 0.249092 0.484011
vt 0.248923 0.440026
vt 0.237940 0.485296
vt 0.237852 0.440041
vt 0.244962 0.440032
vt 0.245120 0.484547
vt 0.233876 0.440039
vt 0.233946 0.485590
vt 0.226743 0.485538
vt 0.226740 0.440033
vt 0.215554 0.484595
vt 0.215641 0.440016
vt 0.222765 0.440027
vt 0.222747 0.485304
vt 0.211675 0.440003
vt 0.211568 0.483987
vt 0.204390 0.483090
vt 0.204570 0.439978
vt 0.193212 0.482130
vt 0.193497 0.439915
vt 0.200611 0.439957
vt 0.200413 0.482638
vt 0.189529 0.439885
vt 0.189231 0.481901
vt 0.182023 0.481932
vt 0.182400 0.439827
vt 0.170792 0.482632
vt 0.171281 0.439701
vt 0.178423 0.439785
vt 0.178015 0.482157
vt 0.167297 0.439649
vt 0.166780 0.483032
vt 0.159534 0.483877
vt 0.160145 0.439550
vt 0.156148 0.439491
vt 0.155507 0.484401
vt 0.456206 0.135054
vt 0.322469 0.485097
vt 0.316078 0.485266
vt 0.322079 0.485696
vt 0.316529 0.485830
vt 0.321762 0.486263
vt 0.316913 0.486364
vt 0.311222 0.485054
vt 0.304911 0.484549
vt 0.310662 0.485574
vt 0.305328 0.485120
vt 0.310234 0.486061
vt 0.305676 0.485661
vt 0.300077 0.483976
vt 0.293786 0.483218
vt 0.299487 0.484426
vt 0.294189 0.483758
vt 0.299037 0.484867
vt 0.294525 0.484286
vt 0.288969 0.482612
vt 0.282717 0.482117
vt 0.288344 0.483049
vt 0.283130 0.482608
vt 0.287876 0.483485
vt 0.283482 0.483097
vt 0.277893 0.482019
vt 0.271647 0.481979
vt 0.277260 0.482502
vt 0.272053 0.482422
vt 0.276803 0.482976
vt 0.272407 0.482872
vt 0.266844 0.482258
vt 0.260584 0.482900
vt 0.266241 0.482788
vt 0.261010 0.483305
vt 0.265819 0.483297
vt 0.261398 0.483725
vt 0.255782 0.483626
vt 0.249490 0.484496
vt 0.255224 0.484211
vt 0.249925 0.484922
vt 0.254838 0.484756
vt 0.250318 0.485351
vt 0.244664 0.485178
vt 0.238333 0.485822
vt 0.244128 0.485785
vt 0.238771 0.486310
vt 0.243743 0.486342
vt 0.239156 0.486781
vt 0.233486 0.486184
vt 0.227113 0.486124
vt 0.232960 0.486755
vt 0.227539 0.486688
vt 0.232566 0.487286
vt 0.227903 0.487219
vt 0.222252 0.485855
vt 0.215905 0.485211
vt 0.221689 0.486373
vt 0.216316 0.485803
vt 0.221259 0.486858
vt 0.216657 0.486361
vt 0.211044 0.484491
vt 0.204733 0.483681
vt 0.210431 0.484938
vt 0.205137 0.484228
vt 0.209960 0.485376
vt 0.205473 0.484757
vt 0.199891 0.483148
vt 0.193561 0.482683
vt 0.199268 0.483585
vt 0.193968 0.483171
vt 0.198808 0.484023
vt 0.194314 0.483665
vt 0.188708 0.482435
vt 0.182391 0.482442
vt 0.188055 0.482892
vt 0.182792 0.482860
vt 0.187596 0.483347
vt 0.183146 0.483302
vt 0.177523 0.482730
vt 0.171168 0.483126
vt 0.176918 0.483241
vt 0.171581 0.483543
vt 0.176498 0.483743
vt 0.171953 0.483979
vt 0.166296 0.483650
vt 0.159926 0.484373
vt 0.165708 0.484228
vt 0.160359 0.484813
vt 0.165294 0.484769
vt 0.160750 0.485253
vt 0.155038 0.485037
vt 0.148627 0.485618
vt 0.154492 0.485649
vt 0.149063 0.486134
vt 0.154098 0.486213
vt 0.149440 0.486625
vt 0.143765 0.485778
vt 0.143268 0.486309
vt 0.142833 0.486809
vt 0.944765 0.002583
vt 0.945207 0.002755
vt 0.945340 0.007203
vt 0.945646 0.002941
vt 0.945761 0.006957
vt 0.946065 0.003088
vt 0.946163 0.006748
vt 0.945132 0.014099
vt 0.944747 0.018496
vt 0.945529 0.014425
vt 0.945168 0.018277
vt 0.945904 0.014666
vt 0.945570 0.018096
vt 0.943998 0.025365
vt 0.943422 0.029745
vt 0.944346 0.025714
vt 0.943818 0.029535
vt 0.944690 0.025974
vt 0.944209 0.029363
vt 0.942608 0.036589
vt 0.942222 0.040941
vt 0.942944 0.036966
vt 0.942587 0.040723
vt 0.943281 0.037241
vt 0.942955 0.040539
vt 0.942084 0.047780
vt 0.942025 0.052148
vt 0.942442 0.048159
vt 0.942360 0.051934
vt 0.942802 0.048429
vt 0.942709 0.051743
vt 0.942373 0.058957
vt 0.942793 0.063307
vt 0.942763 0.059324
vt 0.943113 0.063076
vt 0.943140 0.059570
vt 0.943444 0.062861
vt 0.943788 0.070127
vt 0.944362 0.074494
vt 0.944213 0.070464
vt 0.944698 0.074259
vt 0.944614 0.070680
vt 0.945036 0.074044
vt 0.945283 0.081337
vt 0.945699 0.085727
vt 0.945728 0.081654
vt 0.946077 0.085495
vt 0.946138 0.081869
vt 0.946443 0.085289
vt 0.946098 0.092588
vt 0.946024 0.096975
vt 0.946519 0.092901
vt 0.946439 0.096753
vt 0.946913 0.093126
vt 0.946833 0.096563
vt 0.945700 0.103833
vt 0.945194 0.108213
vt 0.946091 0.104160
vt 0.945625 0.108004
vt 0.946461 0.104403
vt 0.946034 0.107833
vt 0.944205 0.115047
vt 0.943581 0.119396
vt 0.944548 0.115409
vt 0.943980 0.119190
vt 0.944886 0.115684
vt 0.944370 0.119022
vt 0.942843 0.126207
vt 0.942426 0.130547
vt 0.943169 0.126583
vt 0.942784 0.130338
vt 0.943501 0.126852
vt 0.943152 0.130162
vt 0.942115 0.137371
vt 0.942091 0.141721
vt 0.942453 0.137770
vt 0.942408 0.141512
vt 0.942795 0.138037
vt 0.942746 0.141325
vt 0.942381 0.148541
vt 0.942685 0.152906
vt 0.942755 0.148906
vt 0.943005 0.152684
vt 0.943125 0.149144
vt 0.943340 0.152480
vt 0.943392 0.159749
vt 0.943866 0.164125
vt 0.943813 0.160101
vt 0.944209 0.163894
vt 0.944209 0.160337
vt 0.944552 0.163683
vt 0.944775 0.170989
vt 0.945156 0.175391
vt 0.945221 0.171308
vt 0.945545 0.175162
vt 0.945632 0.171525
vt 0.945917 0.174963
vt 0.945367 0.182222
vt 0.945770 0.182487
vt 0.946153 0.182723
vt 0.899025 0.003410
vt 0.002567 0.549230
vt 0.076145 0.549233
vt 0.076145 0.544384
vt 0.002567 0.544381
vt 0.076146 0.633261
vt 0.002568 0.633267
vt 0.824624 0.329064
vt 0.821165 0.229548
vt 0.865775 0.239587
vt 0.817577 0.233998
vt 0.822219 0.227634
vt 0.866464 0.237448
vt 0.274983 0.125538
vt 0.030988 0.376737
vt 0.851545 0.311908
vt 0.861661 0.266867
vt 0.855690 0.315310
vt 0.622785 0.241741
vt 0.495104 0.500489
vt 0.495578 0.497426
vt 0.491431 0.590948
vt 0.494607 0.511345
vt 0.108792 0.270148
vt 0.488730 0.675679
vt 0.488267 0.667222
vt 0.274301 0.122522
vt 0.275898 0.118281
vt 0.275041 0.120731
vt 0.105420 0.271239
vt 0.103268 0.271943
vt 0.276481 0.116102
vt 0.100111 0.272946
vt 0.358499 0.376832
vt 0.604364 0.125236
vt 0.437888 0.273179
vt 0.436653 0.267498
vt 0.311651 0.673661
vt 0.311266 0.676651
vt 0.317356 0.675428
vt 0.316813 0.678554
vt 0.315251 0.583936
vt 0.312138 0.662253
vt 0.320978 0.584168
vt 0.317753 0.666516
vt 0.435558 0.272558
vt 0.434146 0.266812
vt 0.317932 0.499359
vt 0.318380 0.507805
vt 0.323613 0.499334
vt 0.324098 0.507806
vt 0.597602 0.120478
vt 0.598381 0.123832
vt 0.603734 0.122478
vt 0.599281 0.116043
vt 0.598481 0.118353
vt 0.605290 0.118203
vt 0.604540 0.120531
vt 0.430405 0.268003
vt 0.428501 0.268642
vt 0.431935 0.273756
vt 0.430009 0.274383
vt 0.599835 0.114164
vt 0.605745 0.116322
vt 0.425338 0.269777
vt 0.426770 0.275316
vt 0.430318 0.306584
vt 0.629856 0.120548
vt 0.335208 0.680249
vt 0.335444 0.683763
vt 0.628532 0.119249
vt 0.427774 0.304037
vt 0.346232 0.503250
vt 0.345870 0.512247
vt 0.342829 0.587048
vt 0.626733 0.115338
vt 0.627915 0.117665
vt 0.425292 0.301999
vt 0.423719 0.300520
vt 0.626087 0.114272
vt 0.421074 0.297731
vt 0.103932 0.306927
vt 0.303861 0.121673
vt 0.474450 0.494915
vt 0.474211 0.491157
vt 0.302177 0.120014
vt 0.101158 0.304166
vt 0.463365 0.671721
vt 0.463730 0.662721
vt 0.466796 0.588067
vt 0.300503 0.116286
vt 0.301618 0.118569
vt 0.098894 0.302302
vt 0.097164 0.300666
vt 0.299748 0.115034
vt 0.094740 0.298087
vt 0.854897 0.261187
vt 0.854464 0.262763
vt 0.781640 0.242363
vt 0.781387 0.244348
vt 0.776532 0.244918
vt 0.776848 0.243198
vt 0.031242 0.378921
vt 0.650234 0.106304
vt 0.192008 0.550966
vt 0.185308 0.553393
vt 0.183039 0.602534
vt 0.189486 0.605567
vt 0.169990 0.580882
vt 0.170583 0.584811
vt 0.103650 0.590119
vt 0.172999 0.591509
vt 0.123945 0.519363
vt 0.176648 0.560254
vt 0.174293 0.563456
vt 0.113458 0.535121
vt 0.193344 0.606525
vt 0.105575 0.555008
vt 0.171272 0.569907
vt 0.170321 0.573766
vt 0.103105 0.574247
vt 0.211108 0.603862
vt 0.226500 0.576324
vt 0.226178 0.583453
vt 0.222199 0.593778
vt 0.225225 0.587319
vt 0.181907 0.555450
vt 0.179843 0.600175
vt 0.175049 0.594912
vt 0.200464 0.606863
vt 0.213380 0.554659
vt 0.223468 0.565675
vt 0.221405 0.562272
vt 0.195939 0.550367
vt 0.203059 0.550687
vt 0.204397 0.606273
vt 0.206922 0.551638
vt 0.214530 0.601804
vt 0.216587 0.557012
vt 0.219825 0.596991
vt 0.225900 0.572388
vt 0.607671 0.624672
vt 0.594092 0.573914
vt 0.592049 0.617358
vt 0.588809 0.613816
vt 0.590520 0.577153
vt 0.585520 0.608387
vt 0.583888 0.603866
vt 0.787138 0.241426
vt 0.786994 0.243396
vt 0.759997 0.245107
vt 0.760133 0.246809
vt 0.791893 0.240635
vt 0.791851 0.242320
vt 0.615381 0.208633
vt 0.615938 0.177934
vt 0.615115 0.184053
vt 0.617947 0.209137
vt 0.620347 0.209036
vt 0.616999 0.203046
vt 0.619387 0.202974
vt 0.617094 0.184431
vt 0.619287 0.184913
vt 0.617879 0.178298
vt 0.620044 0.178758
vt 0.786721 0.244840
vt 0.770624 0.245802
vt 0.770291 0.244191
vt 0.765782 0.246431
vt 0.765535 0.244698
vt 0.289449 0.178551
vt 0.288646 0.184516
vt 0.291180 0.209702
vt 0.293369 0.209531
vt 0.290306 0.203680
vt 0.292552 0.203518
vt 0.290604 0.184892
vt 0.292914 0.185456
vt 0.291423 0.178923
vt 0.293656 0.179446
vt 0.887918 0.137847
vt 0.886117 0.137523
vt 0.289445 0.209326
vt 0.890682 0.179447
vt 0.886483 0.154428
vt 0.888974 0.169489
vt 0.884415 0.137237
vt 0.884850 0.142947
vt 0.885495 0.147890
vt 0.626428 0.293952
vt 0.589304 0.317975
vt 0.590707 0.326230
vt 0.609540 0.295376
vt 0.601845 0.297525
vt 0.594788 0.302568
vt 0.590719 0.309909
vt 0.599207 0.338074
vt 0.605822 0.340808
vt 0.620862 0.293132
vt 0.616338 0.293106
vt 0.594083 0.333439
vt 0.262293 0.318401
vt 0.263726 0.326711
vt 0.282754 0.295752
vt 0.275043 0.297826
vt 0.267902 0.302861
vt 0.263749 0.310259
vt 0.272434 0.338423
vt 0.279111 0.340995
vt 0.294107 0.293607
vt 0.289473 0.293545
vt 0.267246 0.333876
vt 0.993432 0.121360
vt 0.956326 0.121360
vt 0.797743 0.580631
vt 0.366455 0.304568
vt 0.360341 0.301329
vt 0.376977 0.277762
vt 0.405463 0.273661
vt 0.405448 0.281227
vt 0.373577 0.306208
vt 0.381307 0.306208
vt 0.403694 0.288497
vt 0.400334 0.294532
vt 0.394207 0.300973
vt 0.388374 0.304124
vt 0.387142 0.250868
vt 0.393458 0.254098
vt 0.350259 0.266665
vt 0.354577 0.259939
vt 0.359228 0.254987
vt 0.365142 0.251492
vt 0.354787 0.296047
vt 0.350697 0.289554
vt 0.372524 0.249315
vt 0.380120 0.249174
vt 0.398977 0.259347
vt 0.403048 0.265475
vt 0.348618 0.282506
vt 0.348422 0.274274
vt 0.783804 0.057963
vt 0.777690 0.054724
vt 0.794328 0.031158
vt 0.822815 0.027061
vt 0.822800 0.034627
vt 0.790926 0.059604
vt 0.798656 0.059605
vt 0.821045 0.041896
vt 0.817684 0.047931
vt 0.811557 0.054372
vt 0.805723 0.057521
vt 0.804497 0.004266
vt 0.810812 0.007496
vt 0.767612 0.020059
vt 0.771930 0.013333
vt 0.776583 0.008382
vt 0.782497 0.004888
vt 0.772137 0.049441
vt 0.768048 0.042947
vt 0.789879 0.002711
vt 0.797475 0.002571
vt 0.816331 0.012746
vt 0.820401 0.018875
vt 0.765970 0.035900
vt 0.765774 0.027668
vt 0.242546 0.008476
vt 0.242181 0.041165
vt 0.236636 0.042299
vt 0.237021 0.009541
vt 0.229336 0.010063
vt 0.228971 0.042859
vt 0.223060 0.042337
vt 0.223410 0.009582
vt 0.215732 0.007930
vt 0.215478 0.040586
vt 0.210387 0.039026
vt 0.210550 0.006434
vt 0.176357 0.037282
vt 0.178548 0.069838
vt 0.173436 0.070606
vt 0.171248 0.038920
vt 0.201718 0.100217
vt 0.202044 0.129294
vt 0.197149 0.129274
vt 0.196840 0.100326
vt 0.179599 0.100387
vt 0.179760 0.129386
vt 0.174832 0.129476
vt 0.174624 0.100323
vt 0.213895 0.099766
vt 0.214113 0.129362
vt 0.208706 0.129336
vt 0.208434 0.099963
vt 0.214318 0.071008
vt 0.208861 0.070309
vt 0.228027 0.099502
vt 0.227821 0.129395
vt 0.221620 0.129391
vt 0.221658 0.099544
vt 0.189780 0.035083
vt 0.190288 0.068906
vt 0.185175 0.069147
vt 0.183921 0.035564
vt 0.241909 0.100036
vt 0.241154 0.129381
vt 0.235505 0.129391
vt 0.236045 0.099751
vt 0.242455 0.071465
vt 0.236518 0.071877
vt 0.201882 0.069497
vt 0.196791 0.069081
vt 0.191357 0.187129
vt 0.191357 0.215594
vt 0.186455 0.215549
vt 0.186694 0.187128
vt 0.190698 0.100356
vt 0.190918 0.129276
vt 0.186030 0.129310
vt 0.185863 0.100402
vt 0.228457 0.071995
vt 0.222137 0.071749
vt 0.202868 0.004223
vt 0.202862 0.036780
vt 0.197382 0.035629
vt 0.197272 0.003079
vt 0.240933 0.186671
vt 0.240006 0.214804
vt 0.234403 0.214559
vt 0.235140 0.186298
vt 0.227368 0.185967
vt 0.227195 0.214403
vt 0.221438 0.214480
vt 0.221167 0.185986
vt 0.213712 0.186255
vt 0.214406 0.214760
vt 0.209009 0.215047
vt 0.208325 0.186533
vt 0.180458 0.158069
vt 0.175718 0.158387
vt 0.201952 0.186891
vt 0.202528 0.215380
vt 0.197554 0.215547
vt 0.197226 0.187065
vt 0.213445 0.158561
vt 0.208072 0.158232
vt 0.190967 0.157730
vt 0.186440 0.157800
vt 0.241960 0.158872
vt 0.236068 0.159058
vt 0.201427 0.157888
vt 0.196793 0.157744
vt 0.191248 0.273115
vt 0.191280 0.302255
vt 0.186087 0.302259
vt 0.186098 0.273109
vt 0.227875 0.159107
vt 0.221401 0.158948
vt 0.239632 0.272883
vt 0.239640 0.302067
vt 0.234206 0.302061
vt 0.234176 0.272868
vt 0.227349 0.272866
vt 0.227419 0.302065
vt 0.222010 0.302088
vt 0.221906 0.272896
vt 0.215139 0.272954
vt 0.215270 0.302131
vt 0.209868 0.302169
vt 0.209735 0.273008
vt 0.180168 0.215336
vt 0.179595 0.243997
vt 0.174324 0.243891
vt 0.175057 0.215056
vt 0.203087 0.273069
vt 0.203201 0.302213
vt 0.197920 0.302240
vt 0.197839 0.273102
vt 0.214933 0.243837
vt 0.209531 0.243933
vt 0.191272 0.244111
vt 0.186174 0.244086
vt 0.239673 0.243770
vt 0.234180 0.243722
vt 0.202929 0.244042
vt 0.197756 0.244097
vt 0.227270 0.243702
vt 0.221754 0.243742
vt 0.191897 0.566276
vt 0.186642 0.566296
vt 0.240267 0.566202
vt 0.234849 0.566206
vt 0.228106 0.566210
vt 0.222738 0.566213
vt 0.216034 0.566219
vt 0.210636 0.566227
vt 0.203940 0.566241
vt 0.198611 0.566255
vt 0.192127 0.624722
vt 0.192331 0.653770
vt 0.187139 0.653838
vt 0.186901 0.624756
vt 0.240282 0.624731
vt 0.240156 0.653918
vt 0.234715 0.653877
vt 0.234852 0.624715
vt 0.228111 0.624692
vt 0.227982 0.653809
vt 0.222652 0.653755
vt 0.222757 0.624676
vt 0.216083 0.624662
vt 0.216031 0.653699
vt 0.210728 0.653676
vt 0.210723 0.624660
vt 0.179830 0.566324
vt 0.179935 0.595585
vt 0.174566 0.595609
vt 0.174460 0.566347
vt 0.204080 0.624671
vt 0.204162 0.653681
vt 0.198938 0.653706
vt 0.198795 0.624688
vt 0.216083 0.595479
vt 0.210696 0.595488
vt 0.191993 0.595538
vt 0.186743 0.595557
vt 0.240303 0.595468
vt 0.234881 0.595468
vt 0.204017 0.595502
vt 0.198699 0.595517
vt 0.193012 0.711214
vt 0.193082 0.739549
vt 0.188069 0.739583
vt 0.187956 0.711270
vt 0.228141 0.595469
vt 0.222778 0.595472
vt 0.239558 0.711326
vt 0.239457 0.739538
vt 0.233979 0.739523
vt 0.234103 0.711278
vt 0.227360 0.711219
vt 0.227329 0.739504
vt 0.222150 0.739492
vt 0.222119 0.711178
vt 0.215673 0.711143
vt 0.215769 0.739483
vt 0.210706 0.739483
vt 0.210595 0.711131
vt 0.180366 0.653937
vt 0.180697 0.682754
vt 0.175336 0.682806
vt 0.175000 0.654011
vt 0.204357 0.711141
vt 0.204424 0.739494
vt 0.199429 0.739514
vt 0.199379 0.711163
vt 0.215937 0.682628
vt 0.210715 0.682639
vt 0.192586 0.682687
vt 0.187444 0.682709
vt 0.239945 0.682713
vt 0.234486 0.682668
vt 0.204253 0.682660
vt 0.199109 0.682670
vt 0.193279 0.795854
vt 0.193542 0.823986
vt 0.188554 0.823990
vt 0.188279 0.795860
vt 0.227770 0.682632
vt 0.222486 0.682623
vt 0.239530 0.795697
vt 0.239514 0.823791
vt 0.234060 0.823819
vt 0.234052 0.795713
vt 0.227419 0.795739
vt 0.227335 0.823857
vt 0.222155 0.823886
vt 0.222256 0.795762
vt 0.215895 0.795791
vt 0.215793 0.823919
vt 0.210809 0.823941
vt 0.210849 0.795811
vt 0.181427 0.739635
vt 0.181655 0.767787
vt 0.176293 0.767816
vt 0.176108 0.739678
vt 0.204585 0.795831
vt 0.204695 0.823963
vt 0.199813 0.823976
vt 0.199608 0.795843
vt 0.215654 0.767651
vt 0.210656 0.767657
vt 0.193350 0.767720
vt 0.188356 0.767747
vt 0.239393 0.767649
vt 0.233940 0.767652
vt 0.204525 0.767672
vt 0.199631 0.767690
vt 0.193453 0.880496
vt 0.193471 0.909013
vt 0.188354 0.909019
vt 0.188392 0.880480
vt 0.227217 0.767651
vt 0.222026 0.767650
vt 0.240077 0.880215
vt 0.240416 0.908782
vt 0.234921 0.908832
vt 0.234588 0.880273
vt 0.227866 0.880333
vt 0.228142 0.908883
vt 0.222864 0.908915
vt 0.222643 0.880385
vt 0.216213 0.880445
vt 0.216372 0.908948
vt 0.211246 0.908970
vt 0.211126 0.880487
vt 0.181849 0.823992
vt 0.181711 0.852187
vt 0.176385 0.852191
vt 0.176484 0.823992
vt 0.204838 0.880513
vt 0.204953 0.908978
vt 0.199917 0.908995
vt 0.199835 0.880512
vt 0.216120 0.852068
vt 0.211048 0.852080
vt 0.193386 0.852143
vt 0.188363 0.852165
vt 0.239816 0.851969
vt 0.234336 0.852012
vt 0.204753 0.852100
vt 0.199748 0.852116
vt 0.193391 0.966775
vt 0.192636 0.996847
vt 0.187233 0.996325
vt 0.188179 0.966687
vt 0.227688 0.852044
vt 0.222504 0.852057
vt 0.241122 0.966021
vt 0.242509 0.994573
vt 0.237007 0.994987
vt 0.235595 0.966199
vt 0.228761 0.966408
vt 0.230127 0.995696
vt 0.224662 0.996311
vt 0.223423 0.966563
vt 0.216836 0.966728
vt 0.217732 0.996987
vt 0.212165 0.997342
vt 0.211597 0.966828
vt 0.181553 0.909018
vt 0.181484 0.937694
vt 0.176072 0.937663
vt 0.176128 0.909006
vt 0.205131 0.966870
vt 0.205180 0.997496
vt 0.199648 0.997338
vt 0.199964 0.966851
vt 0.216636 0.937672
vt 0.211451 0.937711
vt 0.193394 0.937743
vt 0.188258 0.937727
vt 0.240671 0.937401
vt 0.235144 0.937469
vt 0.205018 0.937743
vt 0.199896 0.937750
vt 0.294856 0.939403
vt 0.294930 0.911623
vt 0.299863 0.911636
vt 0.299835 0.939389
vt 0.228409 0.937552
vt 0.223141 0.937610
vt 0.249290 0.939117
vt 0.249490 0.911491
vt 0.254858 0.911507
vt 0.254629 0.939174
vt 0.261215 0.939244
vt 0.261377 0.911525
vt 0.266445 0.911540
vt 0.266331 0.939294
vt 0.272626 0.939346
vt 0.272688 0.911558
vt 0.277647 0.911572
vt 0.277595 0.939375
vt 0.307730 0.995117
vt 0.306614 0.967156
vt 0.311908 0.967033
vt 0.313018 0.994665
vt 0.283702 0.939397
vt 0.283800 0.911591
vt 0.288698 0.911605
vt 0.288590 0.939406
vt 0.271540 0.996627
vt 0.272341 0.967360
vt 0.277389 0.967440
vt 0.276922 0.996980
vt 0.295761 0.996379
vt 0.294967 0.967390
vt 0.299981 0.967300
vt 0.300964 0.995835
vt 0.247585 0.994203
vt 0.248921 0.966702
vt 0.254292 0.966868
vt 0.252910 0.994616
vt 0.283642 0.967487
vt 0.288633 0.967465
vt 0.295143 0.856093
vt 0.295254 0.828234
vt 0.300234 0.828263
vt 0.300091 0.856115
vt 0.259561 0.995328
vt 0.260873 0.967071
vt 0.266007 0.967215
vt 0.264842 0.995947
vt 0.283672 0.997075
vt 0.289005 0.996898
vt 0.249528 0.856022
vt 0.249428 0.828216
vt 0.254797 0.828193
vt 0.254900 0.856022
vt 0.261433 0.856021
vt 0.261391 0.828186
vt 0.266524 0.828181
vt 0.266522 0.856024
vt 0.272795 0.856030
vt 0.272845 0.828179
vt 0.277850 0.828178
vt 0.277780 0.856038
vt 0.306407 0.911653
vt 0.306590 0.883934
vt 0.311867 0.883958
vt 0.311651 0.911665
vt 0.283965 0.856053
vt 0.284030 0.828179
vt 0.288970 0.828197
vt 0.288887 0.856069
vt 0.272788 0.883815
vt 0.277758 0.883825
vt 0.295010 0.883883
vt 0.299981 0.883904
vt 0.249445 0.883796
vt 0.254787 0.883799
vt 0.283870 0.883841
vt 0.288754 0.883858
vt 0.295510 0.772107
vt 0.295598 0.743899
vt 0.300615 0.743902
vt 0.300530 0.772119
vt 0.261373 0.883803
vt 0.266491 0.883807
vt 0.249263 0.771997
vt 0.249215 0.743744
vt 0.254710 0.743748
vt 0.254732 0.771994
vt 0.261367 0.772000
vt 0.261429 0.743780
vt 0.266640 0.743807
vt 0.266561 0.772020
vt 0.272955 0.772045
vt 0.273043 0.743840
vt 0.278091 0.743856
vt 0.278009 0.772059
vt 0.306837 0.828298
vt 0.307042 0.800276
vt 0.312346 0.800301
vt 0.312115 0.828331
vt 0.284250 0.772068
vt 0.284316 0.743862
vt 0.289272 0.743882
vt 0.289210 0.772085
vt 0.272881 0.800181
vt 0.277912 0.800190
vt 0.295411 0.800234
vt 0.300409 0.800254
vt 0.249268 0.800175
vt 0.254683 0.800158
vt 0.284120 0.800196
vt 0.289067 0.800208
vt 0.295769 0.687314
vt 0.296004 0.658822
vt 0.301089 0.658948
vt 0.300749 0.687357
vt 0.261357 0.800154
vt 0.266523 0.800166
vt 0.249354 0.687357
vt 0.249062 0.659242
vt 0.254591 0.659136
vt 0.254879 0.687337
vt 0.261651 0.687291
vt 0.261364 0.658970
vt 0.266661 0.658854
vt 0.266847 0.687274
vt 0.273222 0.687261
vt 0.273189 0.658739
vt 0.278326 0.658686
vt 0.278252 0.687260
vt 0.307304 0.743898
vt 0.307412 0.715595
vt 0.312806 0.715591
vt 0.312664 0.743902
vt 0.284483 0.687260
vt 0.284632 0.658683
vt 0.289640 0.658717
vt 0.289440 0.687274
vt 0.273156 0.715562
vt 0.278206 0.715592
vt 0.295648 0.715611
vt 0.300680 0.715605
vt 0.249189 0.715425
vt 0.254686 0.715444
vt 0.284383 0.715599
vt 0.289318 0.715609
vt 0.296901 0.600713
vt 0.297062 0.571219
vt 0.302367 0.571246
vt 0.302180 0.600758
vt 0.261467 0.715481
vt 0.266717 0.715517
vt 0.248226 0.600721
vt 0.248225 0.571115
vt 0.253707 0.571121
vt 0.253720 0.600700
vt 0.260535 0.600670
vt 0.260525 0.571126
vt 0.265948 0.571131
vt 0.265946 0.600650
vt 0.272693 0.600634
vt 0.272718 0.571140
vt 0.278160 0.571151
vt 0.278107 0.600631
vt 0.307855 0.659137
vt 0.308649 0.630186
vt 0.314046 0.630282
vt 0.313257 0.659287
vt 0.284822 0.600644
vt 0.284912 0.571171
vt 0.290286 0.571190
vt 0.290162 0.600669
vt 0.272782 0.629936
vt 0.278115 0.629922
vt 0.296620 0.630017
vt 0.301834 0.630081
vt 0.248445 0.630188
vt 0.253953 0.630111
vt 0.284725 0.629932
vt 0.289977 0.629958
vt 0.260741 0.630029
vt 0.266110 0.629978
vt 0.290397 0.541619
vt 0.291352 0.274086
vt 0.298286 0.274056
vt 0.297188 0.541644
vt 0.309253 0.571285
vt 0.309395 0.541697
vt 0.314823 0.541722
vt 0.314681 0.571319
vt 0.272787 0.541564
vt 0.278240 0.541579
vt 0.302503 0.541666
vt 0.248293 0.541509
vt 0.253770 0.541523
vt 0.310718 0.274078
vt 0.316196 0.274121
vt 0.260585 0.541537
vt 0.266010 0.541548
vt 0.285008 0.541600
vt 0.298122 0.244248
vt 0.297862 0.214617
vt 0.303621 0.214533
vt 0.303660 0.244208
vt 0.249796 0.243990
vt 0.250644 0.214611
vt 0.256016 0.214826
vt 0.255235 0.244165
vt 0.261897 0.244350
vt 0.262518 0.215047
vt 0.267540 0.215143
vt 0.267139 0.244449
vt 0.273703 0.244502
vt 0.273808 0.215157
vt 0.278885 0.215133
vt 0.279013 0.244499
vt 0.285715 0.244431
vt 0.285393 0.214996
vt 0.290714 0.214832
vt 0.291136 0.244347
vt 0.285865 0.274115
vt 0.297935 0.156010
vt 0.298204 0.126184
vt 0.304156 0.126197
vt 0.304062 0.156067
vt 0.251037 0.155855
vt 0.250793 0.125994
vt 0.256199 0.125992
vt 0.256374 0.155810
vt 0.262943 0.155770
vt 0.262722 0.125997
vt 0.267721 0.126008
vt 0.267790 0.155754
vt 0.273790 0.155766
vt 0.274058 0.126036
vt 0.279120 0.126069
vt 0.278666 0.155798
vt 0.311247 0.214556
vt 0.311803 0.185388
vt 0.317895 0.185563
vt 0.317119 0.214750
vt 0.285141 0.155860
vt 0.285642 0.126116
vt 0.290933 0.126150
vt 0.290350 0.155922
vt 0.273845 0.185539
vt 0.278839 0.185547
vt 0.297909 0.185345
vt 0.303854 0.185339
vt 0.250830 0.185385
vt 0.256223 0.185456
vt 0.285309 0.185499
vt 0.290606 0.185438
vt 0.298188 0.064403
vt 0.297794 0.036454
vt 0.303969 0.036978
vt 0.304167 0.063869
vt 0.262723 0.185536
vt 0.267667 0.185558
vt 0.250877 0.064353
vt 0.251121 0.036722
vt 0.256722 0.036046
vt 0.256654 0.065008
vt 0.263046 0.065735
vt 0.263157 0.035359
vt 0.268110 0.034988
vt 0.268158 0.066138
vt 0.274459 0.066352
vt 0.274044 0.034862
vt 0.278948 0.034904
vt 0.279550 0.066264
vt 0.312174 0.126198
vt 0.312300 0.095505
vt 0.318592 0.095593
vt 0.318273 0.126192
vt 0.285858 0.065832
vt 0.285208 0.035220
vt 0.290496 0.035709
vt 0.291315 0.065230
vt 0.274078 0.096950
vt 0.278983 0.096929
vt 0.298069 0.095975
vt 0.304141 0.095676
vt 0.251087 0.095820
vt 0.256555 0.096189
vt 0.285402 0.096730
vt 0.290665 0.096434
vt 0.312402 0.037366
vt 0.312845 0.008406
vt 0.318552 0.008123
vt 0.318908 0.037338
vt 0.263122 0.096598
vt 0.268034 0.096817
vt 0.273983 0.002496
vt 0.279972 0.002988
vt 0.300097 0.007196
vt 0.305691 0.008054
vt 0.247627 0.007038
vt 0.253461 0.005523
vt 0.027847 0.002582
vt 0.028229 0.033362
vt 0.022915 0.034158
vt 0.022312 0.003311
vt 0.260570 0.003833
vt 0.266455 0.002890
vt 0.287316 0.004318
vt 0.293079 0.005650
vt 0.175867 0.004600
vt 0.170646 0.006146
vt 0.180699 0.187022
vt 0.175824 0.186809
vt 0.179391 0.273073
vt 0.174072 0.273028
vt 0.179342 0.302247
vt 0.174006 0.302227
vt 0.180109 0.624807
vt 0.174744 0.624848
vt 0.181215 0.711357
vt 0.175837 0.711430
vt 0.181653 0.795868
vt 0.176343 0.795879
vt 0.181665 0.880458
vt 0.176285 0.880437
vt 0.181285 0.966551
vt 0.175796 0.966431
vt 0.180210 0.995630
vt 0.174726 0.995189
vt 0.306461 0.939361
vt 0.311747 0.939335
vt 0.306641 0.856146
vt 0.311886 0.856172
vt 0.307196 0.772131
vt 0.312529 0.772147
vt 0.307395 0.687421
vt 0.312745 0.687470
vt 0.309045 0.600827
vt 0.314465 0.600885
vt 0.249057 0.273787
vt 0.254527 0.273890
vt 0.091765 0.465123
vt 0.092039 0.731304
vt 0.085141 0.731294
vt 0.084839 0.465126
vt 0.273514 0.274132
vt 0.279001 0.274139
vt 0.261314 0.274006
vt 0.266716 0.274076
vt 0.310862 0.244227
vt 0.316476 0.244317
vt 0.303711 0.274049
vt 0.312337 0.156113
vt 0.318643 0.156123
vt 0.312034 0.063601
vt 0.318229 0.063784
vt 0.078811 0.008259
vt 0.077730 0.039404
vt 0.072209 0.039779
vt 0.073299 0.008638
vt 0.066003 0.008331
vt 0.065036 0.039394
vt 0.059667 0.038470
vt 0.060531 0.007504
vt 0.053154 0.005818
vt 0.052550 0.036653
vt 0.047826 0.035369
vt 0.048246 0.004605
vt 0.015742 0.035982
vt 0.018922 0.065088
vt 0.014508 0.066158
vt 0.011017 0.037413
vt 0.039205 0.092020
vt 0.039602 0.119203
vt 0.035169 0.119253
vt 0.035036 0.092052
vt 0.019831 0.091818
vt 0.018949 0.118737
vt 0.014330 0.118395
vt 0.015492 0.091664
vt 0.049541 0.091739
vt 0.050380 0.118764
vt 0.045677 0.118994
vt 0.045104 0.091896
vt 0.050332 0.065639
vt 0.045832 0.064691
vt 0.062978 0.091336
vt 0.063584 0.117999
vt 0.057645 0.118273
vt 0.056911 0.091490
vt 0.029404 0.063482
vt 0.024915 0.063949
vt 0.077148 0.091106
vt 0.077026 0.117752
vt 0.071347 0.117766
vt 0.071094 0.091104
vt 0.076661 0.067459
vt 0.071018 0.067815
vt 0.039788 0.063710
vt 0.035287 0.063357
vt 0.028805 0.174989
vt 0.028664 0.203888
vt 0.023721 0.203805
vt 0.024092 0.174952
vt 0.029795 0.092079
vt 0.029425 0.119218
vt 0.024974 0.119084
vt 0.025638 0.092003
vt 0.063157 0.067697
vt 0.057351 0.067013
vt 0.040796 0.003085
vt 0.040672 0.033817
vt 0.035345 0.033236
vt 0.035245 0.002500
vt 0.077542 0.174508
vt 0.077246 0.202829
vt 0.071756 0.202637
vt 0.071903 0.174439
vt 0.064433 0.174404
vt 0.064585 0.202544
vt 0.058961 0.202669
vt 0.058604 0.174505
vt 0.051302 0.174710
vt 0.051821 0.203014
vt 0.046713 0.203316
vt 0.046248 0.174843
vt 0.018255 0.146432
vt 0.013549 0.146248
vt 0.039686 0.174981
vt 0.040007 0.203682
vt 0.035020 0.203855
vt 0.034907 0.175013
vt 0.051057 0.146581
vt 0.046056 0.146677
vt 0.028986 0.146687
vt 0.024409 0.146614
vt 0.077623 0.145910
vt 0.071759 0.145979
vt 0.039537 0.146732
vt 0.034868 0.146717
vt 0.064146 0.146122
vt 0.058288 0.146301
vt 0.017233 0.203515
vt 0.016259 0.232427
vt 0.011125 0.232289
vt 0.012318 0.203187
vt 0.052578 0.232381
vt 0.047451 0.232466
vt 0.028454 0.232628
vt 0.023161 0.232570
vt 0.077087 0.232207
vt 0.071705 0.232205
vt 0.040541 0.232570
vt 0.040591 0.261992
vt 0.035241 0.261993
vt 0.035265 0.232620
vt 0.064860 0.232236
vt 0.059491 0.232286
vt 0.028687 0.529296
vt 0.028797 0.558858
vt 0.023452 0.558888
vt 0.023326 0.529317
vt 0.077461 0.529307
vt 0.077393 0.558904
vt 0.071968 0.558885
vt 0.072044 0.529296
vt 0.065183 0.529281
vt 0.065109 0.558856
vt 0.059765 0.558835
vt 0.059825 0.529270
vt 0.052913 0.529261
vt 0.052882 0.558816
vt 0.047784 0.558810
vt 0.047784 0.529260
vt 0.040859 0.529266
vt 0.040903 0.558817
vt 0.035622 0.558829
vt 0.035544 0.529276
vt 0.028342 0.261985
vt 0.022970 0.261968
vt 0.015988 0.261940
vt 0.016348 0.529347
vt 0.011146 0.529369
vt 0.010800 0.261917
vt 0.029165 0.617580
vt 0.029574 0.646579
vt 0.024362 0.646656
vt 0.023891 0.617692
vt 0.076996 0.617930
vt 0.076534 0.646786
vt 0.071055 0.646722
vt 0.071542 0.617827
vt 0.064715 0.617671
vt 0.064245 0.646616
vt 0.059057 0.646547
vt 0.059441 0.617557
vt 0.052689 0.617448
vt 0.052467 0.646491
vt 0.047641 0.646477
vt 0.047716 0.617408
vt 0.016479 0.558931
vt 0.016632 0.588434
vt 0.011430 0.588482
vt 0.011274 0.558962
vt 0.041008 0.617417
vt 0.041143 0.646481
vt 0.036134 0.646508
vt 0.035857 0.617466
vt 0.052842 0.588266
vt 0.047777 0.588253
vt 0.028908 0.588321
vt 0.023587 0.588367
vt 0.077306 0.588448
vt 0.071870 0.588406
vt 0.040940 0.588257
vt 0.035695 0.588276
vt 0.029651 0.704108
vt 0.029703 0.732907
vt 0.024480 0.732893
vt 0.024467 0.704092
vt 0.065019 0.588347
vt 0.059692 0.588306
vt 0.076573 0.703931
vt 0.076762 0.732731
vt 0.071272 0.732768
vt 0.071067 0.703964
vt 0.064289 0.704012
vt 0.064399 0.732814
vt 0.059172 0.732847
vt 0.059115 0.704049
vt 0.052537 0.704087
vt 0.052546 0.732878
vt 0.047721 0.732892
vt 0.047710 0.704107
vt 0.017403 0.646768
vt 0.017493 0.675428
vt 0.012210 0.675449
vt 0.012145 0.646836
vt 0.041181 0.704129
vt 0.041267 0.732922
vt 0.036269 0.732919
vt 0.036179 0.704124
vt 0.052397 0.675318
vt 0.047613 0.675318
vt 0.029706 0.675377
vt 0.024489 0.675398
vt 0.076514 0.675342
vt 0.071029 0.675340
vt 0.041216 0.675348
vt 0.036251 0.675357
vt 0.029664 0.790697
vt 0.029667 0.819612
vt 0.024476 0.819624
vt 0.024422 0.790696
vt 0.064171 0.675332
vt 0.058975 0.675324
vt 0.077036 0.790614
vt 0.076962 0.819582
vt 0.071471 0.819580
vt 0.071547 0.790624
vt 0.064661 0.790640
vt 0.064617 0.819590
vt 0.059401 0.819584
vt 0.059396 0.790653
vt 0.052713 0.790666
vt 0.052764 0.819579
vt 0.047892 0.819577
vt 0.047837 0.790674
vt 0.017501 0.732874
vt 0.017479 0.761776
vt 0.012246 0.761779
vt 0.012232 0.732863
vt 0.041311 0.790697
vt 0.041316 0.819593
vt 0.036263 0.819602
vt 0.036267 0.790698
vt 0.052719 0.761721
vt 0.047836 0.761730
vt 0.029600 0.761764
vt 0.024391 0.761770
vt 0.076906 0.761652
vt 0.071399 0.761673
vt 0.041235 0.761749
vt 0.036180 0.761755
vt 0.029738 0.877461
vt 0.029695 0.906453
vt 0.024487 0.906433
vt 0.024504 0.877465
vt 0.064589 0.761694
vt 0.059367 0.761707
vt 0.077115 0.877385
vt 0.077136 0.906259
vt 0.071613 0.906301
vt 0.071619 0.877398
vt 0.064720 0.877411
vt 0.064771 0.906355
vt 0.059527 0.906391
vt 0.059447 0.877418
vt 0.052754 0.877424
vt 0.052854 0.906430
vt 0.047955 0.906449
vt 0.047878 0.877429
vt 0.017583 0.819640
vt 0.017557 0.848520
vt 0.012320 0.848523
vt 0.012361 0.819653
vt 0.041361 0.877453
vt 0.041342 0.906473
vt 0.036276 0.906470
vt 0.036328 0.877456
vt 0.052755 0.848490
vt 0.047870 0.848500
vt 0.029711 0.848511
vt 0.024490 0.848513
vt 0.076990 0.848441
vt 0.071488 0.848458
vt 0.041298 0.848516
vt 0.036260 0.848516
vt 0.108313 0.003335
vt 0.109234 0.033302
vt 0.103977 0.033401
vt 0.102906 0.003905
vt 0.064682 0.848475
vt 0.059431 0.848481
vt 0.158192 0.005229
vt 0.157065 0.033750
vt 0.151543 0.033621
vt 0.152694 0.004856
vt 0.145770 0.004189
vt 0.144628 0.033452
vt 0.139327 0.033342
vt 0.140366 0.003608
vt 0.133278 0.002931
vt 0.132578 0.033246
vt 0.127629 0.033208
vt 0.128025 0.002611
vt 0.017574 0.906399
vt 0.017284 0.935411
vt 0.012000 0.935280
vt 0.012341 0.906373
vt 0.120822 0.002505
vt 0.120984 0.033208
vt 0.115875 0.033228
vt 0.115356 0.002739
vt 0.052962 0.935685
vt 0.048002 0.935737
vt 0.029598 0.935674
vt 0.024311 0.935571
vt 0.077541 0.935086
vt 0.072026 0.935246
vt 0.041386 0.935782
vt 0.041206 0.966544
vt 0.035722 0.966316
vt 0.036270 0.935757
vt 0.109515 0.091423
vt 0.109612 0.120191
vt 0.104446 0.120203
vt 0.104322 0.091441
vt 0.065072 0.935437
vt 0.059742 0.935567
vt 0.156725 0.091471
vt 0.156535 0.120223
vt 0.151087 0.120195
vt 0.151221 0.091437
vt 0.144368 0.091423
vt 0.144283 0.120187
vt 0.139079 0.120183
vt 0.139129 0.091414
vt 0.132472 0.091404
vt 0.132466 0.120179
vt 0.127633 0.120174
vt 0.127610 0.091397
vt 0.096992 0.033565
vt 0.097221 0.062558
vt 0.091960 0.062599
vt 0.091726 0.033694
vt 0.121075 0.091388
vt 0.121139 0.120165
vt 0.116129 0.120173
vt 0.116068 0.091399
vt 0.132469 0.062459
vt 0.127584 0.062456
vt 0.109432 0.062479
vt 0.104198 0.062508
vt 0.156895 0.062568
vt 0.151390 0.062535
vt 0.121063 0.062441
vt 0.116026 0.062452
vt 0.109765 0.177280
vt 0.109839 0.205713
vt 0.104686 0.205734
vt 0.104652 0.177293
vt 0.144469 0.062498
vt 0.139182 0.062476
vt 0.156248 0.177265
vt 0.156352 0.205708
vt 0.150969 0.205702
vt 0.150852 0.177258
vt 0.144157 0.177255
vt 0.144218 0.205692
vt 0.139051 0.205686
vt 0.139026 0.177256
vt 0.132493 0.177261
vt 0.132489 0.205683
vt 0.127713 0.205679
vt 0.127681 0.177262
vt 0.097573 0.120218
vt 0.097716 0.148828
vt 0.092552 0.148846
vt 0.092379 0.120238
vt 0.121204 0.177260
vt 0.121293 0.205674
vt 0.116332 0.205688
vt 0.116225 0.177265
vt 0.132452 0.148781
vt 0.127636 0.148778
vt 0.109697 0.148800
vt 0.104551 0.148813
vt 0.156375 0.148822
vt 0.150956 0.148796
vt 0.121158 0.148771
vt 0.116192 0.148782
vt 0.110044 0.262416
vt 0.110033 0.290682
vt 0.104929 0.290681
vt 0.104911 0.262448
vt 0.144204 0.148790
vt 0.139031 0.148786
vt 0.156181 0.262470
vt 0.156123 0.290631
vt 0.150727 0.290638
vt 0.150800 0.262448
vt 0.144067 0.262416
vt 0.144086 0.290648
vt 0.139010 0.290657
vt 0.138947 0.262393
vt 0.132459 0.262375
vt 0.132552 0.290668
vt 0.127806 0.290676
vt 0.127730 0.262372
vt 0.097842 0.205763
vt 0.097983 0.234125
vt 0.092847 0.234138
vt 0.092702 0.205772
vt 0.121401 0.262361
vt 0.121383 0.290674
vt 0.116460 0.290679
vt 0.116495 0.262380
vt 0.132546 0.234077
vt 0.127762 0.234077
vt 0.109882 0.234097
vt 0.104770 0.234109
vt 0.156242 0.234110
vt 0.150846 0.234098
vt 0.121293 0.234075
vt 0.116338 0.234083
vt 0.109690 0.347605
vt 0.109316 0.376647
vt 0.104013 0.376599
vt 0.104464 0.347517
vt 0.144172 0.234086
vt 0.139059 0.234080
vt 0.156955 0.347068
vt 0.157663 0.376299
vt 0.152276 0.376388
vt 0.151558 0.347211
vt 0.144813 0.347395
vt 0.145473 0.376498
vt 0.140165 0.376576
vt 0.139611 0.347519
vt 0.132948 0.347636
vt 0.133312 0.376656
vt 0.128234 0.376694
vt 0.128039 0.347686
vt 0.098132 0.290675
vt 0.098105 0.318853
vt 0.092891 0.318790
vt 0.092978 0.290671
vt 0.121411 0.347711
vt 0.121365 0.376707
vt 0.116105 0.376693
vt 0.116318 0.347684
vt 0.132520 0.319029
vt 0.127819 0.319065
vt 0.110167 0.319009
vt 0.105025 0.318945
vt 0.156180 0.318646
vt 0.150799 0.318739
vt 0.121523 0.319082
vt 0.116629 0.319065
vt 0.109239 0.435550
vt 0.109251 0.465122
vt 0.103894 0.465121
vt 0.103885 0.435549
vt 0.144062 0.318861
vt 0.138973 0.318947
vt 0.158009 0.435475
vt 0.158057 0.465065
vt 0.152672 0.465075
vt 0.152622 0.435488
vt 0.145783 0.435505
vt 0.145833 0.465088
vt 0.140477 0.465098
vt 0.140430 0.435517
vt 0.133513 0.435530
vt 0.133553 0.465108
vt 0.128405 0.465114
vt 0.128372 0.435537
vt 0.097109 0.376527
vt 0.096967 0.405995
vt 0.091801 0.405978
vt 0.091958 0.376472
vt 0.121429 0.435544
vt 0.121452 0.465119
vt 0.116119 0.465121
vt 0.116102 0.435548
vt 0.133452 0.406007
vt 0.128324 0.406023
vt 0.109242 0.406025
vt 0.103903 0.406014
vt 0.157911 0.405879
vt 0.152528 0.405910
vt 0.121396 0.406032
vt 0.116085 0.406033
vt 0.145699 0.405949
vt 0.140357 0.405976
vt 0.158172 0.731350
vt 0.152781 0.731327
vt 0.121600 0.731287
vt 0.116288 0.731297
vt 0.145939 0.731298
vt 0.140588 0.731282
vt 0.133667 0.731272
vt 0.128533 0.731275
vt 0.096939 0.465122
vt 0.097196 0.731308
vt 0.109846 0.790479
vt 0.110267 0.819504
vt 0.104217 0.819560
vt 0.104180 0.790567
vt 0.157047 0.790403
vt 0.156077 0.819450
vt 0.150971 0.819264
vt 0.151756 0.790148
vt 0.145197 0.789895
vt 0.144600 0.819106
vt 0.139902 0.819049
vt 0.140180 0.789789
vt 0.133700 0.789750
vt 0.133914 0.818993
vt 0.129389 0.819048
vt 0.128875 0.789824
vt 0.097129 0.760980
vt 0.091934 0.760896
vt 0.122180 0.790032
vt 0.122862 0.819187
vt 0.117755 0.819332
vt 0.116928 0.790236
vt 0.133621 0.760526
vt 0.128546 0.760578
vt 0.109453 0.731307
vt 0.109498 0.760954
vt 0.104114 0.761000
vt 0.104118 0.731311
vt 0.157945 0.760969
vt 0.152563 0.760805
vt 0.121658 0.760712
vt 0.116357 0.760831
vt 0.109902 0.877091
vt 0.109644 0.906347
vt 0.103656 0.906285
vt 0.103790 0.877002
vt 0.145766 0.760623
vt 0.140475 0.760537
vt 0.156353 0.877167
vt 0.156534 0.906503
vt 0.151343 0.906595
vt 0.151159 0.877267
vt 0.144753 0.877362
vt 0.144942 0.906687
vt 0.140029 0.906726
vt 0.140005 0.877403
vt 0.133918 0.877418
vt 0.133644 0.906722
vt 0.128904 0.906680
vt 0.129324 0.877395
vt 0.096124 0.819461
vt 0.095987 0.848123
vt 0.090255 0.848067
vt 0.090324 0.819305
vt 0.122697 0.877320
vt 0.122263 0.906574
vt 0.116979 0.906474
vt 0.117461 0.877227
vt 0.133688 0.848242
vt 0.129111 0.848246
vt 0.110196 0.848221
vt 0.104116 0.848186
vt 0.155924 0.848222
vt 0.150841 0.848231
vt 0.122668 0.848250
vt 0.117519 0.848243
vt 0.109317 0.935644
vt 0.108465 0.964058
vt 0.103099 0.963717
vt 0.103404 0.935513
vt 0.144622 0.848247
vt 0.139881 0.848262
vt 0.157004 0.936047
vt 0.158189 0.965973
vt 0.152790 0.966852
vt 0.151696 0.936269
vt 0.145113 0.936457
vt 0.145720 0.967759
vt 0.140189 0.968073
vt 0.140131 0.936518
vt 0.133739 0.936496
vt 0.132919 0.967773
vt 0.127681 0.967156
vt 0.128918 0.936387
vt 0.095766 0.906252
vt 0.095633 0.935547
vt 0.090026 0.935673
vt 0.090141 0.906275
vt 0.096194 0.963856
vt 0.091051 0.964399
vt 0.122100 0.936152
vt 0.120588 0.965945
vt 0.115321 0.965006
vt 0.116751 0.935923
vt 0.014859 0.004983
vt 0.009960 0.006251
vt 0.017837 0.174828
vt 0.013057 0.174684
vt 0.052728 0.261970
vt 0.047568 0.261982
vt 0.065020 0.261924
vt 0.059661 0.261947
vt 0.077249 0.261862
vt 0.071860 0.261891
vt 0.016949 0.617839
vt 0.011733 0.617928
vt 0.017559 0.704074
vt 0.012316 0.704068
vt 0.017454 0.790697
vt 0.012199 0.790702
vt 0.017533 0.877469
vt 0.012274 0.877470
vt 0.016153 0.964446
vt 0.010918 0.964032
vt 0.053742 0.966153
vt 0.048453 0.966483
vt 0.066318 0.964863
vt 0.060880 0.965459
vt 0.078811 0.963773
vt 0.073284 0.964169
vt 0.095866 0.004630
vt 0.090649 0.005045
vt 0.028651 0.965729
vt 0.023223 0.965166
vt 0.097407 0.091463
vt 0.092180 0.091488
vt 0.097863 0.177311
vt 0.092707 0.177316
vt 0.098053 0.262486
vt 0.092878 0.262506
vt 0.097579 0.347389
vt 0.092409 0.347297
vt 0.096934 0.435546
vt 0.091761 0.435542
vt 0.096740 0.790469
vt 0.091297 0.790286
vt 0.095710 0.876949
vt 0.089901 0.876951
vt 0.166121 0.071788
vt 0.163687 0.041449
vt 0.162969 0.008472
vt 0.183564 0.002955
vt 0.189541 0.002503
vt 0.167519 0.100232
vt 0.168680 0.158888
vt 0.167916 0.129622
vt 0.169021 0.186455
vt 0.167548 0.243743
vt 0.168279 0.214654
vt 0.167316 0.272969
vt 0.167822 0.595638
vt 0.167720 0.566373
vt 0.167990 0.624898
vt 0.168536 0.682896
vt 0.168226 0.654087
vt 0.169030 0.711518
vt 0.169486 0.767847
vt 0.169274 0.739734
vt 0.169510 0.795899
vt 0.169549 0.852175
vt 0.169673 0.823995
vt 0.169457 0.880404
vt 0.169162 0.937619
vt 0.169251 0.908969
vt 0.168882 0.966270
vt 0.318629 0.966879
vt 0.319655 0.994345
vt 0.318411 0.939303
vt 0.318533 0.883986
vt 0.318366 0.911680
vt 0.318599 0.856208
vt 0.319101 0.800349
vt 0.318830 0.828381
vt 0.319328 0.772184
vt 0.319678 0.715589
vt 0.319516 0.743928
vt 0.319623 0.687517
vt 0.320893 0.630417
vt 0.320107 0.659452
vt 0.321296 0.600958
vt 0.321641 0.541754
vt 0.321504 0.571359
vt 0.323016 0.274195
vt 0.323382 0.244483
vt 0.325242 0.185865
vt 0.324230 0.215109
vt 0.326383 0.156113
vt 0.326264 0.095943
vt 0.325537 0.126172
vt 0.325396 0.064422
vt 0.325568 0.007178
vt 0.326641 0.037013
vt 0.167266 0.302200
vt 0.167792 0.994861
vt 0.007535 0.067711
vt 0.003757 0.039445
vt 0.002531 0.007959
vt 0.008298 0.091495
vt 0.006425 0.146072
vt 0.007447 0.118025
vt 0.006147 0.174466
vt 0.004189 0.232087
vt 0.005454 0.202692
vt 0.003850 0.261886
vt 0.004174 0.529396
vt 0.004434 0.588538
vt 0.004290 0.558997
vt 0.004725 0.618000
vt 0.005079 0.675483
vt 0.005005 0.646884
vt 0.005199 0.704083
vt 0.005148 0.761784
vt 0.005124 0.732866
vt 0.005107 0.790724
vt 0.005227 0.848521
vt 0.005273 0.819675
vt 0.005170 0.877479
vt 0.004903 0.935118
vt 0.005233 0.906347
vt 0.003886 0.963720
vt 0.084848 0.062648
vt 0.084638 0.033855
vt 0.085087 0.091535
vt 0.085559 0.148882
vt 0.085336 0.120283
vt 0.085738 0.177330
vt 0.085886 0.234151
vt 0.085743 0.205782
vt 0.085902 0.262509
vt 0.085835 0.318725
vt 0.085991 0.290657
vt 0.085467 0.347201
vt 0.084883 0.405954
vt 0.085050 0.376401
vt 0.084837 0.435537
vt 0.085030 0.760728
vt 0.084212 0.789921
vt 0.083122 0.847994
vt 0.082784 0.819033
vt 0.082393 0.876994
vt 0.082703 0.935920
vt 0.083038 0.906349
vt 0.084170 0.965496
vt 0.083576 0.005362
s 1
usemtl tool_wrist
f 537/1/1 536/2/2 911/3/2 910/4/3
f 841/5/4 755/6/5 749/7/6 764/8/7
f 327/9/8 349/10/9 241/11/10 239/12/11
f 2243/13/12 2239/14/12 3338/15/12
f 27/16/13 30/17/14 3/18/15 1/19/16
f 12/20/17 15/21/18 18/22/19 16/23/20
f 17/24/21 20/25/22 23/26/23 21/27/24
f 22/28/25 25/29/26 28/30/27 26/31/28
f 7/32/29 10/33/30 13/34/31 11/35/32
f 4/36/33 29/37/34 36/38/35 31/39/36
f 3/40/15 4/36/33 5/41/37
f 8/42/38 9/43/39 10/44/30
f 13/45/31 14/46/40 15/47/18
f 18/48/19 19/49/41 20/50/22
f 23/51/23 24/52/42 25/53/26
f 28/54/27 29/37/34 30/55/14
f 8/42/38 5/41/37 4/36/33 9/43/39
f 1/19/16 3/18/15 5/56/37 2/57/43
f 10/33/30 7/32/29 6/58/44 8/59/38
f 13/45/31 10/44/30 9/43/39 14/46/40
f 15/21/18 12/20/17 11/35/32 13/34/31
f 18/48/19 15/47/18 14/46/40 19/49/41
f 20/60/22 17/61/21 16/23/20 18/22/19
f 23/51/23 20/50/22 19/49/41 24/52/42
f 25/29/26 22/28/25 21/27/24 23/26/23
f 28/54/27 25/53/26 24/52/42 29/37/34
f 30/17/14 27/16/13 26/31/28 28/30/27
f 3/40/15 30/55/14 29/37/34 4/36/33
f 2/57/43 5/56/37 8/59/38 6/58/44
f 32/62/45 31/39/36 36/38/35
f 29/37/34 24/52/42 35/63/46 36/38/35
f 24/52/42 19/49/41 34/64/47 35/63/46
f 19/49/41 14/46/40 33/65/48 34/64/47
f 14/46/40 9/43/39 32/62/45 33/65/48
f 9/43/39 4/36/33 31/39/36 32/62/45
f 63/66/44 66/67/49 39/68/50 37/69/43
f 48/70/24 51/71/51 54/72/52 52/73/21
f 53/74/20 56/75/53 59/76/54 57/77/17
f 58/78/32 61/79/55 64/80/56 62/81/29
f 43/82/28 46/83/57 49/84/58 47/85/25
f 40/86/59 65/87/60 72/88/61 67/89/62
f 39/90/50 40/86/59 41/91/63
f 44/92/64 45/93/65 46/94/57
f 49/95/58 50/96/66 51/97/51
f 54/98/52 55/99/67 56/100/53
f 59/101/54 60/102/68 61/103/55
f 64/104/56 65/87/60 66/105/49
f 44/92/64 41/91/63 40/86/59 45/93/65
f 37/69/43 39/68/50 41/106/63 38/107/16
f 46/83/57 43/82/28 42/108/13 44/109/64
f 49/95/58 46/94/57 45/93/65 50/96/66
f 51/71/51 48/70/24 47/85/25 49/84/58
f 54/98/52 51/97/51 50/96/66 55/99/67
f 56/110/53 53/111/20 52/73/21 54/72/52
f 59/101/54 56/100/53 55/99/67 60/102/68
f 61/79/55 58/78/32 57/77/17 59/76/54
f 64/104/56 61/103/55 60/102/68 65/87/60
f 66/67/49 63/66/44 62/81/29 64/80/56
f 39/90/50 66/105/49 65/87/60 40/86/59
f 38/107/16 41/106/63 44/109/64 42/108/13
f 68/112/69 67/89/62 72/88/61
f 65/87/60 60/102/68 71/113/70 72/88/61
f 60/102/68 55/99/67 70/114/71 71/113/70
f 55/99/67 50/96/66 69/115/72 70/114/71
f 50/96/66 45/93/65 68/112/69 69/115/72
f 45/93/65 40/86/59 67/89/62 68/112/69
f 5147/116/73 5175/117/73 5168/118/74 5148/119/74
f 5149/120/75 5169/121/75 5170/122/76 5144/123/76
f 5159/124/77 5187/125/77 5180/126/78 5160/127/78
f 5153/128/79 5173/129/79 5174/130/80 5146/131/80
f 5157/132/81 5191/133/81 5176/134/82 5150/135/82
f 5167/136/83 5179/137/83 5188/138/84 5162/139/84
f 5169/140/85 5192/141/85 5195/142/85 5170/143/85
f 5155/144/86 5183/145/86 5190/146/87 5156/147/87
f 5161/148/88 5181/149/88 5182/150/89 5154/151/89
f 5151/152/90 5177/153/90 5172/154/91 5152/155/91
f 5165/156/92 5185/157/92 5186/158/93 5158/159/93
f 5171/160/85 5194/161/85 5203/162/85 5178/163/85
f 5205/164/94 5210/165/73 5234/166/73 5229/167/94
f 5175/168/85 5198/169/85 5193/170/85 5168/171/85
f 5191/172/85 5214/173/85 5201/174/85 5176/175/85
f 5177/176/85 5200/177/85 5197/178/85 5172/179/85
f 5173/180/85 5196/181/85 5199/182/85 5174/183/85
f 5185/184/85 5208/185/85 5211/186/85 5186/187/85
f 5195/142/95 5192/141/88 5216/188/88 5219/189/96
f 5183/190/97 5206/191/97 5215/192/97 5190/193/97
f 5189/194/85 5212/195/85 5209/196/85 5184/197/85
f 5181/198/85 5204/199/85 5207/200/85 5182/201/85
f 5179/202/85 5202/203/97 5213/204/97 5188/205/97
f 5163/206/98 5189/207/98 5184/208/99 5164/209/99
f 3336/210/85 5221/211/85 5224/212/85
f 5203/162/100 5194/161/101 5218/213/101 5227/214/100
f 5193/170/102 5198/169/103 5222/215/103 5217/216/102
f 5201/174/104 5214/173/105 5238/217/105 5225/218/106
f 5197/178/107 5200/177/98 5224/212/98 5221/211/107
f 5199/182/108 5196/181/109 5220/219/109 5223/220/108
f 5211/186/110 5208/185/111 5232/221/111 5235/222/110
f 3336/210/85 5219/189/85 5216/188/85
f 5215/192/112 5206/191/113 5230/223/113 5239/224/112
f 5209/196/114 5212/195/115 5236/225/115 5233/226/114
f 5207/200/116 5204/199/117 5228/227/118 5231/228/76
f 5213/204/119 5202/203/120 5226/229/120 5237/230/119
f 5187/231/85 5210/165/85 5205/164/85 5180/232/85
f 3645/233/121 3644/234/122 3686/235/123 3687/236/124
f 3643/237/125 3652/238/126 3690/239/126 3685/240/127
f 3662/241/128 3679/242/129 3657/243/130 3656/244/131
f 3637/245/132 3636/246/133 3682/247/133 3683/248/134
f 3635/249/135 3646/250/136 3688/251/136 3681/252/135
f 3667/253/137 3676/254/138 3702/255/139 3697/256/140
f 3661/257/141 3660/258/142 3694/259/142 3695/260/143
f 3669/261/144 3668/262/145 3698/263/146 3699/264/144
f 3659/265/147 3670/266/148 3700/267/149 3693/268/147
f 3651/269/150 3680/270/151 3704/271/152 3689/272/153
f 3640/273/136 3646/250/136 3635/249/135 3641/274/154
f 3653/275/155 3638/276/156 3684/277/156 3691/278/155
f 3675/279/157 3654/280/158 3692/281/159 3701/282/160
f 3648/283/161 3652/238/126 3643/237/125 3649/284/125
f 3647/285/150 3658/286/162 3680/270/151 3651/269/150
f 3650/287/163 3644/234/122 3645/233/121 3639/288/121
f 3674/289/145 3668/262/145 3669/261/144 3663/290/144
f 3676/254/138 3667/253/137 3673/291/137 3672/292/138
f 3664/293/164 3670/266/148 3659/265/147 3665/294/165
f 3679/242/129 3662/241/128 3696/295/166 3703/296/129
f 3717/297/135 3723/298/136 3747/299/136 3742/300/135
f 3642/301/167 3636/246/133 3637/245/132 3633/302/168
f 3675/279/157 3671/303/169 3678/304/170 3654/280/158
f 3666/305/142 3660/258/142 3661/257/141 3655/306/141
f 3694/307/171 3718/308/171 3719/309/171 3695/310/171
f 3684/311/171 3707/312/171 3715/313/171 3691/314/171
f 3706/315/147 3712/316/148 3735/317/148 3730/318/147
f 3704/319/171 3727/320/171 3713/321/171 3689/322/171
f 3710/323/172 3714/324/138 3737/325/138 3734/326/172
f 3711/327/173 3709/328/174 3733/329/174 3736/330/173
f 3724/331/121 3721/332/122 3745/333/122 3748/334/124
f 3696/335/175 3720/336/175 3728/337/175 3703/338/175
f 3722/339/176 3725/340/177 3749/341/177 3746/342/176
f 3719/309/132 3718/308/133 3741/343/133 3744/344/168
f 3726/345/153 3716/346/178 3739/347/178 3750/348/153
f 3715/313/179 3707/312/166 3731/349/166 3740/350/179
f 3682/351/171 3705/352/171 3708/353/171 3683/354/171
f 3713/321/157 3727/320/158 3751/355/158 3738/356/160
f 3686/357/171 3709/328/171 3711/327/171 3687/358/171
f 3690/359/171 3714/324/171 3710/323/171 3685/360/171
f 3702/361/171 3725/340/171 3722/339/171 3697/362/171
f 3335/363/171 3732/364/171 3729/365/171
f 3728/337/155 3720/336/156 3743/366/156 3752/367/155
f 3698/368/171 3721/332/171 3724/331/171 3699/369/171
f 3700/370/171 3723/298/171 3717/297/171 3693/371/171
f 3701/372/175 3692/373/175 3716/346/175 3726/345/175
f 3708/353/180 3705/352/142 3729/374/142 3732/375/180
f 3688/376/171 3712/316/171 3706/315/171 3681/377/171
f 2614/378/181 3754/379/182 3886/380/183 2681/381/184
f 75/382/185 76/383/186 5045/384/187 5032/385/188
f 86/386/189 87/387/190 5133/388/191 5120/389/192
f 84/390/193 85/391/194 5117/392/195 5104/393/196
f 82/394/197 83/395/198 5101/396/199 5088/397/200
f 80/398/201 81/399/202 5085/400/203 5072/401/204
f 78/402/205 79/403/206 5069/404/207 5056/405/208
f 5016/406/209 5021/407/210 73/408/211
f 76/383/186 77/409/212 5053/410/213 5040/411/214
f 5128/412/215 5133/388/191 87/387/190
f 4812/413/216 5028/414/217 5025/415/218 4813/416/219
f 85/391/194 86/386/189 5125/417/220 5112/418/221
f 83/395/198 84/390/193 5109/419/222 5096/420/223
f 81/399/202 82/394/197 5093/421/224 5080/422/225
f 79/403/206 80/398/201 5077/423/226 5064/424/227
f 77/409/212 78/402/205 5061/425/228 5048/426/229
f 116/427/230 110/428/231 111/429/232 117/430/233
f 121/431/234 113/432/235 114/433/236 122/434/237
f 117/430/233 111/429/232 112/435/238 123/436/239
f 119/437/240 109/438/241 110/428/231 116/427/230
f 122/434/237 114/433/236 115/439/242 120/440/243
f 123/436/239 112/435/238 113/432/235 121/431/234
f 118/441/244 124/442/245 109/438/241 119/437/240
f 4780/443/246 1876/444/247 105/445/248 4743/446/249
f 4745/447/250 4747/448/251 137/449/252 139/450/253
f 4750/451/254 136/452/255 196/453/256 4755/454/257
f 4756/455/258 4750/456/254 195/457/259 148/458/260
f 604/459/261 175/460/262 134/461/263 95/462/264
f 95/462/264 134/461/263 133/463/265 126/464/266
f 105/445/248 126/464/266 133/463/265
f 4781/465/267 4742/466/268 125/467/269 1902/468/270
f 4746/469/271 134/461/263 175/460/262 4753/470/272
f 4752/471/273 138/472/274 4748/473/275
f 5665/474/276 154/475/277 153/476/278 5662/477/279
f 5362/478/280 141/479/281 154/480/277
f 158/481/282 160/482/283 164/483/284 165/484/285
f 160/485/283 159/486/286 163/487/287 164/488/284
f 5681/489/288 5670/490/289 170/491/290 5362/492/280
f 5691/493/291 5666/494/292 157/495/293 5593/496/294
f 159/486/286 160/485/283 161/497/295
f 157/498/293 161/499/295 160/482/283 158/481/282
f 5668/500/296 159/486/286 161/497/295
f 5592/501/297 5597/502/298 5600/503/299 5605/504/300
f 214/505/301 213/506/302 169/507/303 172/508/304
f 173/509/305 167/510/306 168/511/307 171/512/308
f 5608/513/309 5610/514/310 5615/515/311 5614/516/312
f 139/450/253 143/517/313 141/479/281
f 5601/518/314 5613/519/315 215/520/316 167/510/306
f 5253/521/317 5532/522/318 5530/523/319 5252/524/320
f 5662/477/279 153/476/278 5675/525/321
f 5687/526/322 5689/527/323 151/528/324
f 5592/529/297 5693/530/325 5696/531/326 5594/532/327
f 157/495/293 5666/494/292 5668/533/296 161/534/295
f 141/479/281 143/517/313 153/535/278 154/480/277
f 150/536/328 174/537/329 142/538/330 149/539/331
f 142/538/330 141/479/281 149/539/331
f 4747/448/251 4754/540/332 138/472/274 137/449/252
f 96/541/333 135/542/334 175/460/262 604/459/261
f 5560/543/335 5562/544/336 5240/545/337 150/536/328
f 5563/546/338 5559/547/339 178/548/340 5244/549/341
f 232/550/342 5561/551/343 204/552/344 233/553/345
f 5324/554/346 2108/555/347 174/537/329 5243/556/348
f 176/557/349 5241/558/350 5565/559/351 5561/560/343
f 205/561/352 5679/562/353 5248/563/354
f 5672/564/355 5671/565/356 200/566/357 201/567/358
f 182/568/359 955/569/360 181/570/361
f 182/568/359 181/570/361 183/571/362 184/572/363
f 184/572/363 183/571/362 185/573/364 186/574/365
f 186/574/365 185/573/364 187/575/366 188/576/367
f 188/576/367 187/575/366 189/577/368 190/578/369
f 190/578/369 189/577/368 191/579/370 192/580/371
f 192/580/371 191/579/370 193/581/372 194/582/373
f 4751/583/374 140/584/375 218/585/376 4757/586/377
f 4757/586/377 218/585/376 136/452/255 4750/451/254
f 193/581/372 195/587/259 197/588/378 194/582/373
f 172/508/304 169/507/303 198/589/379 199/590/380
f 5674/591/381 214/592/301 172/593/304 5663/594/382
f 5671/565/356 5680/595/383 5360/596/384 200/566/357
f 156/597/385 5667/598/386 5690/599/387
f 201/600/358 200/601/357 202/602/388 203/603/389
f 5361/604/390 202/602/388 200/601/357 5360/605/384
f 5677/606/391 5249/607/392 5248/563/354 5679/562/353
f 5247/608/393 5251/609/394 211/610/395 205/611/352
f 5607/612/396 5686/613/397 5683/614/398 5605/615/300
f 5246/616/399 203/603/389 206/617/400 5250/618/401
f 201/600/358 203/603/389 5246/616/399 5249/619/392
f 5247/608/393 205/611/352 5248/620/354
f 212/621/402 5509/622/403 5512/623/404
f 5251/609/394 5533/624/405 5505/625/406 211/610/395
f 210/626/407 5370/627/408 5390/628/409
f 5253/521/317 5397/629/410 5366/630/411 209/631/412
f 208/632/413 5363/633/414 5372/634/415 1134/635/416
f 5367/636/417 1132/637/418 1131/638/419 5369/639/420
f 5502/640/421 5526/641/422 1136/642/423 207/643/424
f 210/626/407 5508/644/425 5506/645/426 209/646/412
f 5532/522/318 5253/521/317 209/631/412 5506/647/426
f 209/646/412 5366/648/411 5370/627/408 210/626/407
f 5250/618/401 206/617/400 5503/649/427 5529/650/428
f 171/512/308 168/511/307 213/506/302 214/505/301
f 153/476/278 5661/651/429 5675/525/321
f 1022/652/430 169/507/303 213/506/302 1021/653/431
f 5604/654/432 5601/518/314 167/510/306 173/509/305
f 5257/655/433 1151/656/434 1132/657/418 5255/658/435
f 216/659/436 208/632/413 1134/635/416 1133/660/437
f 1200/661/438 1199/662/439 1348/663/440 1332/664/441
f 4752/471/273 4756/455/258 148/458/260 138/472/274
f 195/587/259 193/581/372 219/665/442
f 195/587/259 4750/666/254 4755/667/257 197/588/378
f 180/668/443 183/571/362 181/570/361 179/669/444
f 190/670/369 192/671/371 228/672/445 227/673/446
f 188/674/367 190/670/369 227/673/446 226/675/447
f 186/676/365 188/674/367 226/675/447 225/677/448
f 184/678/363 186/676/365 225/677/448 224/679/449
f 182/680/359 184/678/363 224/679/449 223/681/450
f 194/682/373 197/683/378 230/684/451 229/685/452
f 197/683/378 4755/454/257 196/453/256 230/684/451
f 194/682/373 229/685/452 228/672/445 192/671/371
f 162/686/453 163/487/287 159/486/286
f 166/687/454 955/688/360 974/689/455 162/686/453
f 955/688/360 182/680/359 223/681/450 974/689/455
f 953/690/456 954/691/457 164/488/284 163/487/287
f 106/692/458 118/441/244 119/437/240 101/693/458
f 119/437/240 116/427/230 101/693/458
f 101/693/458 116/427/230 117/430/233 100/694/458
f 100/694/458 117/430/233 123/436/239 107/695/458
f 123/436/239 121/431/234 107/695/458
f 107/695/458 121/431/234 122/434/237 99/696/458
f 1225/697/459 7076/698/12 7078/699/12 1227/700/460
f 218/585/376 140/584/375 605/701/461
f 196/453/256 104/702/462 230/684/451
f 230/684/451 104/702/462 229/685/452
f 104/702/462 103/703/463 228/672/445 229/685/452
f 103/703/463 102/704/464 228/672/445
f 108/705/458 120/440/243 102/704/464
f 228/672/445 102/704/464 120/440/243
f 227/673/446 228/672/445 120/440/243
f 137/449/252 138/472/274 222/706/465
f 4753/470/272 175/460/262 135/542/334 4749/707/466
f 4749/707/466 135/542/334 140/584/375 4751/583/374
f 206/617/400 203/603/389 1135/708/467
f 5558/709/468 149/539/331 141/479/281 5362/478/280
f 1704/710/469 1815/711/470 1730/712/471 1732/713/472
f 174/537/329 150/536/328 5240/545/337 5243/556/348
f 5677/606/391 5672/564/355 201/567/358 5249/607/392
f 211/714/395 5505/715/406 5509/622/403 212/621/402
f 5240/545/337 5562/544/336 5565/559/351 5241/558/350
f 212/621/402 234/716/473 205/717/352 211/714/395
f 205/717/352 234/716/473 233/553/345 204/552/344
f 1131/638/419 1130/718/474 5391/719/475 5369/639/420
f 275/720/476 347/721/477 348/722/478
f 238/723/479 248/724/480 75/382/185 74/725/481
f 5702/726/482 914/727/483 5737/728/484
f 482/729/485 483/730/486 425/731/487 426/732/488
f 283/733/489 286/734/490 480/735/491 479/736/492
f 328/737/493 319/738/493 355/739/493
f 287/740/493 285/741/493 318/742/493 319/738/493
f 281/743/494 317/744/494 316/745/494 280/746/494
f 305/747/494 304/748/494 322/749/495 323/750/496
f 298/751/478 321/752/478 320/753/478 297/754/478
f 293/755/494 264/756/494 308/757/497 309/758/494
f 331/759/494 332/760/498 284/761/499 279/762/494
f 303/763/494 262/764/500 333/765/501 334/766/502
f 306/767/494 336/768/503 335/769/504 302/770/505
f 274/771/493 338/772/493 337/773/493 273/774/493
f 307/775/493 267/776/506 341/777/507 342/778/493
f 276/779/508 345/780/509 344/781/510 266/782/494
f 306/767/494 305/747/494 323/750/496 336/768/503
f 303/763/494 334/766/502 322/749/495 304/748/494
f 298/751/478 261/783/511 327/9/8 321/752/478
f 296/784/512 295/785/493 311/786/513 349/10/9
f 290/787/494 291/788/514 315/789/515 329/790/516
f 286/791/493 330/792/493 318/742/493 285/741/493
f 265/793/494 343/794/494 317/744/494 281/743/494
f 307/775/493 342/778/493 314/795/517 278/796/493
f 260/797/518 354/798/519 351/799/520 257/800/521
f 259/801/522 258/802/523 352/803/524 353/804/525
f 274/771/493 359/805/493 358/806/493 338/772/493
f 295/785/493 294/807/526 310/808/527 311/786/513
f 355/739/493 315/789/515 291/788/514 288/809/493
f 278/796/493 314/795/517 313/810/528 277/811/529
f 301/812/530 325/813/531 358/806/493 359/805/493
f 316/745/494 331/759/494 279/762/494 280/746/494
f 271/814/532 346/815/533 312/816/493 356/817/493
f 289/818/493 328/737/493 355/739/493 288/809/493
f 265/793/494 266/782/494 344/781/510 343/794/494
f 292/819/494 293/755/494 309/758/494 326/820/494
f 269/821/478 340/822/478 339/823/534 268/824/535
f 357/825/494 350/826/536 310/808/527 294/807/526
f 270/827/537 275/720/476 340/822/478 269/821/478
f 299/828/538 300/829/478 348/722/478 347/721/477
f 368/830/539 369/831/540 385/832/541 384/833/542
f 364/834/543 365/835/544 381/836/545 380/837/546
f 375/838/547 360/839/524 376/840/524 391/841/548
f 362/842/549 363/843/550 379/844/551 378/845/552
f 360/839/524 361/846/553 377/847/554 376/840/524
f 371/848/555 372/849/556 388/850/557 387/851/558
f 367/852/559 368/830/539 384/833/542 383/853/560
f 363/843/550 364/834/543 380/837/546 379/844/551
f 361/846/553 362/842/549 378/845/552 377/847/554
f 372/849/556 373/854/557 389/855/561 388/850/557
f 289/818/493 287/740/493 319/738/493 328/737/493
f 329/790/516 308/757/497 264/756/494 290/787/494
f 286/734/490 285/856/562 489/857/563 480/735/491
f 357/825/494 292/819/494 326/820/494 350/826/536
f 249/858/564 393/859/565 351/799/520 251/860/566
f 300/829/478 297/754/478 320/753/478 348/722/478
f 276/779/508 277/811/529 313/810/528 345/780/509
f 370/861/567 371/848/555 387/851/558 386/862/568
f 519/863/569 517/864/570 461/865/571 460/866/572
f 365/835/544 366/867/573 382/868/574 381/836/545
f 352/803/524 250/869/575 360/839/524
f 465/870/576 481/871/577 446/872/578 437/873/579
f 516/874/580 518/875/581 447/876/582 462/877/583
f 382/878/584 383/879/585 521/880/586 520/881/44
f 1498/882/587 1505/883/588 1504/884/589 1499/885/590
f 373/854/557 374/886/591 390/887/592 389/855/561
f 468/888/593 467/889/594 417/890/595 418/891/596
f 347/721/477 346/815/533 271/814/532 299/828/538
f 250/869/575 362/842/549 361/846/553
f 267/776/506 268/824/535 339/823/534 341/777/507
f 470/892/597 469/893/598 419/894/599 404/895/600
f 1437/896/601 1454/897/602 1342/898/603 1436/899/604
f 445/900/494 430/901/605 428/902/494
f 296/784/512 349/10/9 327/9/8 261/783/511
f 474/903/606 473/904/607 403/905/608 427/906/609
f 241/11/10 349/10/9 311/786/513
f 517/864/570 516/874/580 462/877/583 461/865/571
f 436/907/610 435/908/611 395/909/612
f 846/910/613 1046/911/12 1233/912/614 1311/913/615
f 367/852/559 366/867/573 240/914/616
f 383/879/585 384/915/617 522/916/618 521/880/586
f 528/917/458 515/918/619 452/919/620 451/920/621
f 1529/921/622 1538/922/623 1508/923/623 1507/924/624
f 1487/925/625 1515/926/626 1525/927/627 1528/928/628
f 443/929/493 416/930/493 446/931/493
f 1497/932/629 1496/933/629 1534/934/629 1530/935/630
f 1509/936/629 1514/937/631 1493/938/632 1531/939/629
f 481/871/577 485/940/633 413/941/634 446/872/578
f 489/857/563 488/942/635 424/943/636 423/944/637
f 488/942/635 482/729/485 426/732/488 424/943/636
f 380/945/638 381/946/639 515/918/619 528/917/458
f 485/940/633 493/947/640 412/948/641 413/941/634
f 1530/935/630 1529/921/622 1507/924/624 1506/949/642
f 518/950/581 523/951/643 448/952/644 447/953/582
f 495/954/645 478/955/646 407/956/647 408/957/648
f 496/958/649 492/959/650 433/960/651 434/961/652
f 487/962/653 497/963/654 410/964/655 435/965/656
f 497/963/654 498/966/657 444/967/658 410/964/655
f 522/916/618 524/968/659 456/969/660 455/970/661
f 499/971/662 500/972/663 439/973/664 401/974/665
f 501/975/666 502/976/667 431/977/668 430/978/669
f 500/972/663 503/979/670 440/980/671 439/973/664
f 477/981/672 495/954/645 408/957/648 409/982/672
f 475/983/673 501/975/666 430/978/669 445/984/674
f 381/946/639 382/878/584 520/881/44 515/918/619
f 524/968/659 514/985/675 457/986/676 456/969/660
f 507/987/677 508/988/678 443/989/679 406/990/680
f 503/979/670 509/991/681 441/992/682 440/980/671
f 430/901/605 394/993/683 428/902/494
f 394/993/683 432/994/684 425/995/685
f 461/996/686 462/997/687 3340/998/688
f 510/999/689 470/892/597 404/895/600 405/1000/690
f 469/893/598 468/888/593 418/891/596 419/894/599
f 526/1001/691 528/917/458 451/920/621 450/1002/692
f 512/1003/693 484/1004/694 415/1005/695 416/1006/696
f 509/991/681 504/1007/697 442/1008/698 441/992/682
f 282/1009/699 283/733/489 479/736/492 471/1010/700
f 473/904/607 491/1011/618 429/1012/618 403/905/608
f 498/966/657 511/1013/701 402/1014/702 444/967/658
f 527/1015/12 519/863/569 460/866/572 459/1016/12
f 508/988/678 512/1003/693 416/1006/696 443/989/679
f 502/976/667 506/1017/703 432/1018/704 431/977/668
f 494/1019/705 510/999/689 405/1000/690 414/1020/706
f 467/889/594 472/1021/707 422/1022/708 417/890/595
f 334/766/502 333/765/501 253/1023/709
f 289/1024/710 288/1025/711 483/730/486 482/729/485
f 301/1026/712 359/1027/713 481/871/577 465/870/576
f 1419/1028/714 1441/1029/715 1333/1030/716 1331/1031/717
f 335/769/504 253/1023/709 325/813/531
f 280/1032/718 279/1033/719 467/889/594 468/888/593
f 265/1034/720 281/1035/721 469/893/598 470/892/597
f 290/1036/722 264/1037/723 473/904/607 474/903/606
f 359/1027/713 274/1038/724 485/940/633 481/871/577
f 297/1039/725 300/1040/726 486/1041/727 492/959/650
f 285/856/562 287/1042/728 488/942/635 489/857/563
f 287/1042/728 289/1024/710 482/729/485 488/942/635
f 288/1025/711 291/1043/729 490/1044/730 483/730/486
f 476/1045/731 475/983/673 445/984/674 428/1046/732
f 274/1038/724 273/1047/733 493/947/640 485/940/633
f 277/1048/734 276/1049/735 494/1019/705 484/1004/694
f 269/1050/736 268/1051/737 478/955/646 495/954/645
f 298/1052/738 297/1039/725 492/959/650 496/958/649
f 271/1053/739 356/1054/740 498/966/657 497/963/654
f 262/764/500 263/1055/741 253/1023/709 333/765/501
f 262/1056/742 303/1057/743 500/972/663 499/971/662
f 294/1058/744 295/1059/745 502/976/667 501/975/666
f 303/1057/743 304/1060/746 503/979/670 500/972/663
f 270/1061/672 269/1050/736 495/954/645 477/981/672
f 302/1062/747 301/1026/712 465/870/576 466/1063/748
f 432/1018/704 506/1017/703 505/1064/749 400/1065/750
f 357/1066/751 294/1058/744 501/975/666 475/983/673
f 291/1043/729 290/1036/722 474/903/606 490/1044/730
f 284/1067/752 282/1009/699 471/1010/700 472/1021/707
f 275/720/476 270/827/537 272/1068/753 254/1069/754
f 267/1070/755 307/1071/756 508/988/678 507/987/677
f 304/1060/746 305/1072/757 509/991/681 503/979/670
f 293/1073/758 292/1074/759 476/1045/731 491/1075/758
f 1526/1076/760 1516/1077/761 1518/1078/762 1492/1079/763
f 266/1080/764 265/1034/720 470/892/597 510/999/689
f 281/1035/721 280/1032/718 468/888/593 469/893/598
f 299/1081/765 271/1053/739 497/963/654 487/962/653
f 356/817/493 312/816/493 253/1023/709 263/1055/741
f 278/1082/766 277/1048/734 484/1004/694 512/1003/693
f 305/1072/757 306/1083/767 504/1007/697 509/991/681
f 263/1084/768 262/1056/742 499/971/662 511/1013/701
f 264/1037/723 293/1085/618 491/1011/618 473/904/607
f 356/1054/740 263/1084/768 511/1013/701 498/966/657
f 307/1071/756 278/1082/766 512/1003/693 508/988/678
f 295/1059/745 296/1086/769 506/1017/703 502/976/667
f 276/1049/735 266/1080/764 510/999/689 494/1019/705
f 279/1033/719 284/1067/752 472/1021/707 467/889/594
f 389/1087/770 390/1088/771 517/864/570 519/863/569
f 391/1089/772 376/1090/773 518/875/581 516/874/580
f 515/918/619 520/881/44 453/1091/774 452/919/620
f 390/1088/771 391/1089/772 516/874/580 517/864/570
f 520/881/44 521/880/586 454/1092/775 453/1091/774
f 376/1093/773 377/1094/776 523/951/643 518/950/581
f 384/915/617 385/1095/777 524/968/659 522/916/618
f 387/1096/778 388/1097/12 527/1015/12 513/1098/779
f 521/880/586 522/916/618 455/970/661 454/1092/775
f 385/1095/777 386/1099/780 514/985/675 524/968/659
f 523/951/643 525/1100/17 449/1101/781 448/952/644
f 378/1102/782 379/1103/783 526/1001/691 525/1100/17
f 379/1103/783 380/945/638 528/917/458 526/1001/691
f 388/1097/12 389/1087/770 519/863/569 527/1015/12
f 393/859/565 392/1104/784 257/800/521 351/799/520
f 243/1105/785 251/860/566 351/799/520
f 300/1040/726 299/1081/765 487/962/653 486/1041/727
f 400/1106/786 426/1107/787 425/995/685
f 261/1108/788 298/1052/738 496/958/649 505/1064/749
f 254/1069/754 337/773/493 312/816/493
f 273/774/493 337/773/493 254/1069/754 272/1068/753
f 534/1109/789 90/1110/790 906/1111/791
f 995/1112/792 571/1113/793 572/1114/794 996/1115/795
f 570/1116/796 571/1113/793 997/1117/797
f 5745/1118/798 905/1119/799 904/1120/800 5747/1121/801
f 903/1122/802 904/1123/803 540/1124/804
f 540/1125/805 906/1111/791 90/1110/790 89/1126/806
f 537/1/1 910/4/3 909/1127/807
f 539/1128/808 907/1129/809 902/1130/810
f 906/1131/811 540/1124/804 905/1132/812
f 561/1133/813 554/1134/814 555/1135/815 559/1136/816
f 560/1137/817 553/1138/818 554/1134/814 561/1133/813
f 3344/1139/819 3343/1140/820 91/1141/821
f 551/1142/822 558/1143/823 556/1144/824 552/1145/825
f 556/1144/824 561/1133/813 559/1136/816 557/1146/826
f 558/1143/823 560/1137/817 561/1133/813 556/1144/824
f 562/1147/827 563/1148/828 565/1149/829 566/1150/830
f 567/1151/831 94/1152/832 93/1153/833 555/1135/815
f 566/1150/830 565/1149/829 569/1154/834 568/1155/835
f 569/1154/834 567/1151/831 555/1135/815 554/1134/814
f 559/1136/816 555/1135/815 93/1153/833
f 568/1155/835 569/1154/834 554/1134/814 553/1138/818
f 585/1156/836 575/1157/837 576/1158/838 582/1159/839
f 582/1159/839 576/1158/838 577/1160/840 584/1161/841
f 583/1162/842 574/1163/843 575/1157/837 585/1156/836
f 571/1164/793 578/1165/844 579/1166/845 572/1167/794
f 572/1167/794 579/1166/845 581/1168/846 573/1169/847
f 570/1170/796 580/1171/848 578/1165/844 571/1164/793
f 578/1165/844 585/1156/836 582/1159/839 579/1166/845
f 579/1166/845 582/1159/839 584/1161/841 581/1168/846
f 580/1171/848 583/1162/842 585/1156/836 578/1165/844
f 587/1172/849 588/1173/850 591/1174/851 590/1175/852
f 588/1173/850 589/1176/853 593/1177/854 591/1174/851
f 586/1178/855 587/1172/849 590/1175/852 592/1179/856
f 590/1175/852 591/1174/851 594/1180/857 597/1181/858
f 591/1174/851 593/1177/854 596/1182/859 594/1180/857
f 592/1179/856 590/1175/852 597/1181/858 595/1183/860
f 597/1181/858 594/1180/857 576/1158/838 575/1157/837
f 594/1180/857 596/1182/859 577/1160/840 576/1158/838
f 595/1183/860 597/1181/858 575/1157/837 574/1163/843
f 934/1184/861 935/1185/862 598/1186/863 601/1187/864
f 622/1188/865 634/1189/866 630/1190/867 625/1191/868
f 636/1192/869 611/1193/870 612/1194/871 637/1195/872
f 638/1196/873 609/1197/874 610/1198/875 639/1199/876
f 640/1200/877 607/1201/878 608/1202/879 641/1203/880
f 639/1199/876 610/1198/875 611/1193/870 636/1192/869
f 641/1203/880 608/1202/879 609/1197/874 638/1196/873
f 642/1204/881 606/1205/882 607/1201/878 640/1200/877
f 324/1206/493 330/792/493 286/791/493 283/1207/493
f 635/1208/883 615/1209/884 616/1210/885 631/1211/886
f 628/1212/887 613/1213/888 614/1214/889 632/1215/890
f 619/1216/891 633/1217/892 647/1218/893
f 631/1211/886 616/1210/885 617/1219/894 634/1189/866
f 632/1215/890 614/1214/889 615/1209/884 635/1208/883
f 650/1220/895 648/1221/896 620/1222/897 645/1223/898
f 623/1224/899 635/1208/883 631/1211/886 626/1225/900
f 624/1226/901 628/1212/887 632/1215/890 627/1227/902
f 625/1191/868 630/1190/867 633/1217/892 621/1228/903
f 626/1225/900 631/1211/886 634/1189/866 622/1188/865
f 627/1227/902 632/1215/890 635/1208/883 623/1224/899
f 610/1198/875 622/1188/865 625/1191/868 611/1193/870
f 608/1202/879 623/1224/899 626/1225/900 609/1197/874
f 606/1205/882 624/1226/901 627/1227/902 607/1201/878
f 611/1193/870 625/1191/868 621/1228/903 612/1194/871
f 609/1197/874 626/1225/900 622/1188/865 610/1198/875
f 607/1201/878 627/1227/902 623/1224/899 608/1202/879
f 647/1229/893 649/1230/904 643/1231/905 619/1232/906
f 649/1230/904 650/1220/895 645/1223/898 643/1231/905
f 395/909/612 423/1233/907 433/1234/908 436/907/610
f 633/1217/892 630/1190/867 647/1218/893
f 618/1235/909 644/1236/910 649/1230/904 647/1229/893
f 81/399/202 1073/1237/911 1075/1238/912 82/394/197
f 618/1239/909 646/1240/913 644/1241/910
f 110/1242/231 652/1243/914 653/1244/915 111/1245/232
f 113/1246/235 655/1247/916 656/1248/917 114/1249/236
f 111/1245/232 653/1244/915 654/1250/918 112/1251/238
f 109/1252/241 651/1253/919 652/1243/914 110/1242/231
f 114/1249/236 656/1248/917 657/1254/920 115/1255/242
f 112/1251/238 654/1250/918 655/1247/916 113/1246/235
f 694/1256/921 661/1257/922 662/1258/923 690/1259/924
f 695/1260/925 659/1261/926 660/1262/927 691/1263/928
f 696/1264/929 664/1265/930 665/1266/931 692/1267/932
f 690/1259/924 662/1258/923 663/1268/933 693/1269/934
f 691/1263/928 660/1262/927 661/1257/922 694/1256/921
f 629/1270/935 127/1271/936 1777/1272/937 1760/1273/938
f 693/1269/934 663/1268/933 664/1265/930 696/1264/929
f 710/1274/939 671/1275/940 672/1276/941 705/1277/942
f 711/1278/943 669/1279/944 670/1280/945 706/1281/946
f 712/1282/947 667/1283/948 668/1284/949 707/1285/950
f 705/1277/942 672/1276/941 673/1286/951 709/1287/952
f 706/1281/946 670/1280/945 671/1275/940 710/1274/939
f 707/1285/950 668/1284/949 669/1279/944 711/1278/943
f 708/1288/953 666/1289/954 667/1283/948 712/1282/947
f 682/1290/955 674/1291/956 675/1292/957 685/1293/958
f 683/1294/959 676/1295/960 677/1296/961 686/1297/962
f 684/1298/963 679/1299/964 680/1300/965 688/1301/966
f 685/1293/958 675/1292/957 681/1302/967 689/1303/968
f 686/1297/962 677/1296/961 674/1291/956 682/1290/955
f 687/1304/969 678/1305/970 676/1295/960 683/1294/959
f 689/1303/968 681/1302/967 679/1299/964 684/1298/963
f 653/1244/915 682/1290/955 685/1293/958 654/1250/918
f 651/1253/919 683/1294/959 686/1297/962 652/1243/914
f 656/1248/917 684/1298/963 688/1301/966 657/1254/920
f 654/1250/918 685/1293/958 689/1303/968 655/1247/916
f 652/1243/914 686/1297/962 682/1290/955 653/1244/915
f 655/1247/916 689/1303/968 684/1298/963 656/1248/917
f 674/1291/956 694/1256/921 690/1259/924 675/1292/957
f 676/1295/960 695/1260/925 691/1263/928 677/1296/961
f 675/1292/957 690/1259/924 693/1269/934 681/1302/967
f 677/1296/961 691/1263/928 694/1256/921 674/1291/956
f 127/1271/936 1744/1306/971 1777/1272/937
f 681/1302/967 693/1269/934 696/1264/929 679/1299/964
f 663/1268/972 697/1307/973 698/1308/974 664/1265/930
f 661/1257/975 699/1309/976 700/1310/977 662/1258/978
f 659/1261/979 701/1311/980 702/1312/981 660/1262/982
f 664/1265/930 698/1308/974 704/1313/983 665/1266/931
f 662/1258/978 700/1310/977 697/1307/973 663/1268/972
f 660/1262/982 702/1312/981 699/1309/976 661/1257/975
f 658/1314/984 703/1315/985 701/1311/980 659/1261/979
f 697/1307/973 710/1274/939 705/1277/942 698/1308/974
f 699/1309/976 711/1278/943 706/1281/946 700/1310/977
f 701/1311/980 712/1282/947 707/1285/950 702/1312/981
f 698/1308/974 705/1277/942 709/1287/952 704/1313/983
f 700/1310/977 706/1281/946 710/1274/939 697/1307/973
f 702/1312/981 707/1285/950 711/1278/943 699/1309/976
f 703/1315/985 708/1288/953 712/1282/947 701/1311/980
f 715/1316/986 716/1317/987 719/1318/988 718/1319/989
f 713/1320/990 714/1321/991 721/1322/992 720/1323/993
f 716/1317/987 717/1324/994 723/1325/995 719/1318/988
f 714/1321/991 715/1316/986 718/1319/989 721/1322/992
f 1248/1326/996 1274/1327/997 1276/1328/998 1252/1329/999
f 718/1319/989 719/1318/988 724/1330/1000 728/1331/1001
f 720/1323/993 721/1322/992 725/1332/1002 729/1333/1003
f 732/1334/1004 722/1335/1005 726/1336/1006
f 719/1318/988 723/1325/995 727/1337/1007 724/1330/1000
f 721/1322/992 718/1319/989 728/1331/1001 725/1332/1002
f 722/1335/1005 720/1323/993 729/1333/1003 726/1336/1006
f 728/1331/1001 724/1330/1000 672/1276/941 671/1275/940
f 729/1333/1003 725/1332/1002 670/1280/945 669/1279/944
f 730/1338/1008 726/1336/1006 668/1284/949 667/1283/948
f 724/1330/1000 727/1337/1007 673/1286/951 672/1276/941
f 725/1332/1002 728/1331/1001 671/1275/940 670/1280/945
f 726/1336/1006 729/1333/1003 669/1279/944 668/1284/949
f 734/1339/1009 730/1338/1008 667/1283/948
f 730/1338/1008 732/1334/1004 726/1336/1006
f 730/1338/1008 734/1339/1009 733/1340/1010
f 666/1289/954 734/1339/1009 667/1283/948
f 732/1334/1004 730/1338/1008 733/1340/1010
f 733/1340/1010 734/1339/1009 620/1341/897
f 735/1342/1011 736/1343/1012 714/1344/1013 713/1345/1014
f 736/1343/1012 737/1346/1015 715/1347/1016 714/1344/1013
f 737/1346/1015 738/1348/1017 716/1349/987 715/1347/1016
f 738/1348/1017 739/1350/1018 717/1351/994 716/1349/987
f 741/1352/1019 855/1353/1020 717/1354/994
f 739/1350/1018 613/1213/888 740/1355/1021 858/1356/1022
f 614/1214/889 613/1213/888 739/1350/1018 738/1348/1017
f 732/1334/1004 733/1340/1010 620/1341/897 648/1357/896
f 628/1212/887 844/1358/1023 740/1355/1021 613/1213/888
f 584/1161/841 577/1160/840 553/1138/818 560/1137/817
f 573/1169/847 581/1168/846 558/1143/823 551/1142/822
f 581/1168/846 584/1161/841 560/1137/817 558/1143/823
f 589/1176/853 562/1147/827 566/1150/830 593/1177/854
f 593/1177/854 566/1150/830 568/1155/835 596/1182/859
f 596/1182/859 568/1155/835 553/1138/818 577/1160/840
f 709/1287/952 673/1286/951 574/1163/843 583/1162/842
f 665/1266/931 704/1313/983 580/1171/848 570/1170/796
f 704/1313/983 709/1287/952 583/1162/842 580/1171/848
f 717/1324/994 586/1178/855 592/1179/856 723/1325/995
f 723/1325/995 592/1179/856 595/1183/860 727/1337/1007
f 727/1337/1007 595/1183/860 574/1163/843 673/1286/951
f 617/1219/894 616/1210/885 736/1343/1012 735/1342/1011
f 616/1210/885 615/1209/884 737/1346/1015 736/1343/1012
f 615/1209/884 614/1214/889 738/1348/1017 737/1346/1015
f 858/1356/1022 740/1355/1021 742/1359/1024 859/1360/1025
f 4678/1361/1026 745/1362/1027 816/1363/1028 4719/1364/1029
f 861/1365/1030 757/1366/1031 745/1362/1027 860/1367/1032
f 606/1205/882 642/1204/881 747/1368/1033 746/1369/1034
f 750/1370/1035 751/1371/1036 749/1372/6 748/1373/1037
f 746/1369/1034 747/1368/1033 751/1371/1036 750/1370/1035
f 754/1374/1038 755/1375/5 753/1376/1039 752/1377/1040
f 748/1373/1037 749/1372/6 755/1375/5 754/1374/1038
f 859/1360/1025 742/1359/1024 757/1366/1031 861/1365/1030
f 759/1378/1041 761/1379/1042 750/1370/1035 748/1373/1037
f 757/1366/1031 742/1359/1024 760/1380/1043 758/1381/1044
f 758/1381/1044 760/1380/1043 761/1379/1042 759/1378/1041
f 764/8/7 765/1382/1045 762/1383/1046 763/1384/1047
f 751/1385/1036 747/1386/1033 765/1382/1045 764/8/7
f 764/8/7 763/1384/1047 766/1387/1048 767/1388/1049
f 767/1388/1049 766/1387/1048 768/1389/1050 769/1390/12
f 769/1390/12 768/1389/1050 770/1391/1051 771/1392/1052
f 771/1392/1052 770/1391/1051 772/1393/1053 773/1394/1054
f 4680/1395/1055 815/1396/1056 1010/1397/1057 4727/1398/1058
f 1003/1399/1059 1004/1400/1060 774/1401/1061 775/1402/1062
f 775/1402/1062 774/1401/1061 776/1403/1063 777/1404/1064
f 777/1404/1064 776/1403/1063 778/1405/1065 779/1406/1066
f 4684/1407/1067 787/1408/1068 790/1409/1069 4692/1410/1070
f 4690/1411/1071 4688/1412/1072 832/1413/1073 833/1414/1074
f 789/1415/1075 4691/1416/1076 4703/1417/1077 808/1418/1078
f 775/1402/1062 777/1404/1064 783/1419/1079 782/1420/1080
f 782/1420/1080 783/1419/1079 785/1421/1081 784/1422/1082
f 779/1406/1066 778/1405/1065 787/1408/1068 786/1423/1083
f 779/1406/1066 786/1423/1083 788/1424/1084 780/1425/1085
f 780/1425/1085 788/1424/1084 789/1415/1075 781/1426/1086
f 4685/1427/1087 4693/1428/1088 828/1429/1089 830/1430/1090
f 4693/1428/1088 4695/1431/1091 829/1432/1092 828/1429/1089
f 4695/1431/1091 4697/1433/1093 825/1434/1094 829/1432/1092
f 4697/1433/1093 4699/1435/1095 826/1436/1096 825/1434/1094
f 4699/1435/1095 4701/1437/1097 827/1438/1098 826/1436/1096
f 795/1439/1099 791/1440/1100 798/1441/1101 799/1442/1102
f 799/1442/1102 798/1441/1101 800/1443/1103 801/1444/1104
f 1007/1445/1105 801/1444/1104 800/1443/1103 1006/1446/1106
f 791/1440/1100 790/1409/1069 792/1447/1107
f 793/1448/1108 798/1441/1101 791/1440/1100 792/1447/1107
f 794/1449/1109 800/1443/1103 798/1441/1101 793/1448/1108
f 1006/1446/1106 800/1443/1103 794/1449/1109 1005/1450/1110
f 774/1401/1061 794/1449/1109 793/1448/1108 776/1403/1063
f 778/1405/1065 792/1447/1107 790/1409/1069 787/1408/1068
f 776/1403/1063 793/1448/1108 792/1447/1107 778/1405/1065
f 1005/1450/1110 794/1449/1109 774/1401/1061 1004/1400/1060
f 797/1451/1111 796/1452/1112 802/1453/1113 803/1454/1114
f 803/1454/1114 802/1453/1113 804/1455/1115 805/1456/1116
f 1008/1457/1117 1009/1458/1118 806/1459/1119 807/1460/1120
f 1007/1445/1105 1009/1458/1118 804/1455/1115 801/1444/1104
f 801/1444/1104 804/1455/1115 802/1453/1113 799/1442/1102
f 796/1452/1112 795/1439/1099 799/1442/1102 802/1453/1113
f 4702/1461/1121 4690/1411/1071 833/1414/1074 834/1462/1122
f 4704/1463/1123 4702/1461/1121 834/1462/1122 835/1464/1124
f 4706/1465/1125 4704/1463/1123 835/1464/1124 836/1466/1126
f 4708/1467/1127 4706/1465/1125 836/1466/1126 837/1468/1128
f 4710/1469/1129 4708/1467/1127 837/1468/1128 838/1470/1130
f 4712/1471/1131 4710/1469/1129 838/1470/1130 840/1472/1132
f 841/5/4 842/1473/1133 815/1396/1056 814/1474/1134
f 4726/1475/1135 4712/1471/1131 840/1472/1132 1013/1476/1136
f 4715/1477/1137 4721/1478/1138 818/1479/1139 752/1377/1040
f 758/1381/1044 759/1378/1041 817/1480/1140 816/1363/1028
f 757/1366/1031 758/1381/1044 816/1363/1028 745/1362/1027
f 816/1363/1028 817/1480/1140 818/1479/1139
f 752/1377/1040 818/1479/1139 817/1480/1140 754/1374/1038
f 754/1374/1038 817/1480/1140 759/1378/1041 748/1373/1037
f 4720/1481/1141 4714/1482/1142 863/1483/1143 864/1484/1144
f 4718/1485/1145 4720/1481/1141 864/1484/1144 868/1486/1146
f 4718/1485/1145 868/1486/1146 866/1487/1147 4679/1488/1148
f 4717/1489/1149 4682/1490/1150 869/1491/1151 870/1492/1152
f 764/8/7 773/1394/1054 841/5/4
f 1013/1476/1136 840/1472/1132 822/1493/1153 1011/1494/1154
f 1011/1494/1154 822/1493/1153 824/1495/1155 1012/1496/1156
f 4700/1497/1157 797/1451/1111 1230/1498/1158 4729/1499/1159
f 4698/1500/1160 796/1452/1112 797/1451/1111 4700/1497/1157
f 4694/1501/1161 791/1440/1100 795/1439/1099 4696/1502/1162
f 4696/1502/1162 795/1439/1099 796/1452/1112 4698/1500/1160
f 786/1423/1083 4687/1503/1163 4689/1504/1164 788/1424/1084
f 786/1423/1083 787/1408/1068 4684/1407/1067 4687/1503/1163
f 4688/1412/1072 4686/1505/1165 831/1506/1166 832/1413/1073
f 809/1507/1167 4705/1508/1168 4707/1509/1169 810/1510/1170
f 4692/1410/1070 790/1409/1069 791/1440/1100 4694/1501/1161
f 788/1424/1084 4689/1504/1164 4691/1416/1076 789/1415/1075
f 812/1511/1171 4711/1512/1172 4713/1513/1173 813/1514/1174
f 811/1515/1175 4709/1516/1176 4711/1512/1172 812/1511/1171
f 810/1510/1170 4707/1509/1169 4709/1516/1176 811/1515/1175
f 4717/1489/1149 870/1492/1152 863/1483/1143 4714/1482/1142
f 4727/1398/1058 1010/1397/1057 813/1514/1174 4713/1513/1173
f 785/1421/1081 812/1511/1171 813/1514/1174 784/1422/1082
f 781/1426/1086 785/1421/1081 783/1419/1079 780/1425/1085
f 777/1404/1064 779/1406/1066 780/1425/1085 783/1419/1079
f 1003/1399/1059 775/1402/1062 782/1420/1080 1014/1517/1177
f 773/1394/1054 772/1393/1053 842/1473/1133 841/5/4
f 1014/1517/1177 1015/1518/1178 842/1473/1133 772/1393/1053
f 1010/1397/1057 1015/1518/1178 784/1422/1082 813/1514/1174
f 812/1511/1171 785/1421/1081 781/1426/1086 811/1515/1175
f 810/1510/1170 811/1515/1175 781/1426/1086
f 760/1380/1043 844/1358/1023 843/1519/1179 761/1379/1042
f 746/1369/1034 750/1370/1035 761/1379/1042 843/1519/1179
f 624/1226/901 606/1205/882 746/1369/1034 843/1519/1179
f 740/1355/1021 844/1358/1023 760/1380/1043 742/1359/1024
f 844/1358/1023 628/1212/887 624/1226/901 843/1519/1179
f 807/1460/1120 806/1459/1119 845/1520/12 846/910/613
f 765/1382/1045 845/1520/12 806/1459/1119 762/1383/1046
f 1017/1521/1180 1018/1522/1181 848/1523/1182 847/1524/1183
f 865/1525/1184 867/1526/1185 871/1527/1186 872/1528/1187
f 867/1526/1185 866/1487/1147 871/1527/1186
f 865/1525/1184 872/1528/1187 852/1529/1188 853/1530/1189
f 865/1525/1184 4722/1531/1190 867/1526/1185
f 872/1528/1187 820/1532/1191 873/1533/1192 852/1529/1188
f 679/1299/964 696/1264/929 692/1267/932 680/1300/965
f 741/1534/1019 858/1356/1022 859/1360/1025 743/1535/1193
f 756/1536/1194 861/1365/1030 860/1367/1032 744/1537/1195
f 743/1535/1193 859/1360/1025 861/1365/1030 756/1536/1194
f 819/1538/1196 5698/1539/1197 5699/1540/1198 862/1541/1199
f 872/1528/1187 871/1527/1186 862/1541/1199 820/1532/1191
f 818/1479/1139 4721/1478/1138 4719/1364/1029 816/1363/1028
f 860/1367/1032 745/1362/1027 4678/1361/1026 4723/1542/1200
f 4682/1490/1150 4681/1543/1201 839/1544/1202 869/1491/1151
f 4681/1543/1201 4726/1475/1135 1013/1476/1136 839/1544/1202
f 1017/1521/1180 847/1524/1183 869/1491/1151
f 4686/1505/1165 4685/1427/1087 830/1430/1090 831/1506/1166
f 752/1377/1040 753/1376/1039 4716/1545/1203 4715/1477/1137
f 866/1487/1147 868/1486/1146 871/1527/1186
f 849/1546/1204 914/727/483 5702/726/482 5700/1547/1205
f 873/1533/1192 5703/1548/1206 5704/1549/1207 854/1550/1208
f 756/1551/1194 857/1552/1209 856/1553/1210 743/1554/1193
f 756/1551/1194 744/1555/1195 851/1556/1211 857/1552/1209
f 741/1352/1019 743/1554/1193 856/1553/1210 855/1353/1020
f 850/1557/1212 586/1558/855 855/1353/1020
f 901/1559/1213 5740/1560/1214 5753/1561/1215 1016/1562/1216
f 824/1495/1155 822/1493/1153 874/1563/1217 875/1564/1218
f 875/1564/1218 874/1563/1217 876/1565/1219 877/1566/1220
f 877/1566/1220 876/1565/1219 878/1567/1221 879/1568/1222
f 879/1568/1222 878/1567/1221 880/1569/1223 881/1570/1224
f 881/1570/1224 880/1569/1223 882/1571/1225 883/1572/1226
f 883/1572/1226 882/1571/1225 884/1573/1227 885/1574/1228
f 885/1574/1228 884/1573/1227 886/1575/1229 887/1576/1230
f 887/1576/1230 886/1575/1229 888/1577/1231 889/1578/1232
f 943/1579/1233 944/1580/1234 890/1581/1235 891/1582/1236
f 822/1493/1153 840/1472/1132 838/1470/1130 874/1563/1217
f 875/1564/1218 877/1566/1220 893/1583/1237 892/1584/1238
f 5742/1585/1239 5749/1586/1240 903/1587/1241 902/1588/1242
f 896/1589/1243 5743/1590/1244 5746/1591/1245 895/1592/1246
f 895/1592/1246 5746/1591/1245 5748/1593/1247 894/1594/1248
f 894/1594/1248 5748/1593/1247 5750/1595/1249 893/1583/1237
f 892/1584/1238 893/1583/1237 5750/1595/1249 5741/1596/1250
f 256/1597/1251 247/1598/1252 370/861/567 369/831/540
f 854/1599/1208 5704/1600/1207 911/1601/1253 915/1602/1254
f 1977/1603/1255 1632/1604/1256 1631/1605/1257 1976/1606/1258
f 1895/1607/1259 1923/1608/1260 5707/1609/1261 5705/1610/1262
f 909/1611/1263 910/1612/1264 5738/1613/1265 5752/1614/1266
f 879/1568/1222 894/1594/1248 893/1583/1237 877/1566/1220
f 881/1570/1224 895/1592/1246 894/1594/1248 879/1568/1222
f 883/1572/1226 896/1589/1243 895/1592/1246 881/1570/1224
f 885/1574/1228 897/1615/1267 896/1589/1243 883/1572/1226
f 887/1576/1230 898/1616/1268 897/1615/1267 885/1574/1228
f 889/1578/1232 899/1617/1269 898/1616/1268 887/1576/1230
f 943/1579/1233 945/1618/1270 899/1617/1269 889/1578/1232
f 5739/1619/1271 907/1620/1272 908/1621/1273 5754/1622/1274
f 534/1623/789 906/1624/791 5744/1625/1275 5755/1626/1276
f 5747/1121/801 904/1120/800 903/1587/1241 5749/1586/1240
f 5751/1627/1277 913/1628/1278 1019/1629/1279 5753/1561/1215
f 897/1615/1267 5756/1630/1280 5743/1590/1244 896/1589/1243
f 909/1611/1263 5752/1614/1266 5754/1622/1274 908/1621/1273
f 1928/1631/1281 5711/1632/1282 5736/1633/1283 1988/1634/1284
f 5709/1635/1285 1987/1636/1286 5712/1637/1287
f 1018/1522/1181 823/1638/1288 912/1639/1289 1019/1629/1279
f 849/1546/1204 848/1523/1182 913/1628/1278 914/727/483
f 820/1532/1191 5701/1640/1290 5703/1548/1206 873/1533/1192
f 856/1553/1210 857/1552/1209 918/1641/1291 917/1642/1292
f 852/1529/1188 873/1533/1192 854/1550/1208 916/1643/1293
f 5751/1627/1277 5737/728/484 914/727/483 913/1628/1278
f 744/1537/1195 860/1367/1032 4723/1542/1200
f 1012/1496/1156 824/1495/1155 901/1559/1213 1016/1562/1216
f 824/1495/1155 875/1564/1218 892/1584/1238 901/1559/1213
f 920/1644/1294 919/1645/1295 921/1646/1296 922/1647/1297
f 922/1647/1297 921/1646/1296 923/1648/1298 924/1649/1299
f 998/1650/1300 999/1651/1301 926/1652/1302 925/1653/1303
f 925/1653/1303 926/1652/1302 929/1654/1304 928/1655/1305
f 928/1655/1305 929/1654/1304 931/1656/1306 930/1657/1307
f 680/1300/965 927/1658/1308 933/1659/1309 688/1301/966
f 925/1653/1303 928/1655/1305 933/1659/1309 927/1658/1308
f 930/1657/1307 932/1660/1310 933/1659/1309 928/1655/1305
f 657/1254/920 688/1301/966 933/1659/1309 932/1660/1310
f 932/1660/1310 930/1657/1307 934/1661/861 936/1662/1311
f 930/1657/1307 931/1656/1306 935/1663/862 934/1661/861
f 984/1664/1312 983/1665/1313 939/1666/1314 946/1667/1315
f 946/1668/1315 939/1669/1314 941/1670/1316 947/1671/1317
f 889/1578/1232 888/1577/1231 944/1580/1234 943/1579/1233
f 891/1582/1236 900/1672/1318 945/1618/1270 943/1579/1233
f 982/1673/1319 984/1664/1312 946/1667/1315 940/1674/1320
f 940/1675/1320 946/1668/1315 947/1671/1317 942/1676/1321
f 941/1670/1316 939/1669/1314 948/1677/1322 949/1678/1323
f 878/1567/1221 876/1565/1219 241/11/10 242/1679/1324
f 985/1680/1325 948/1681/1322 939/1666/1314 983/1665/1313
f 949/1678/1323 948/1677/1322 950/1682/1326 951/1683/1327
f 950/1684/1326 952/1685/1328 954/1686/457
f 956/1687/1329 957/1688/1330 959/1689/1331 958/1690/1332
f 999/1651/1301 924/1649/1299 960/1691/1333 1001/1692/1334
f 959/1689/1331 926/1652/1302 961/1693/1335 958/1690/1332
f 926/1652/1302 959/1689/1331 929/1654/1304
f 929/1654/1304 959/1689/1331 957/1688/1330 931/1656/1306
f 931/1656/1306 957/1688/1330 962/1694/1336 935/1663/862
f 923/1648/1298 963/1695/1337 960/1691/1333 924/1649/1299
f 960/1696/1333 963/1697/1337 966/1698/1338 964/1699/1339
f 1001/1700/1334 960/1696/1333 964/1699/1339 1002/1701/1340
f 956/1702/1329 958/1703/1332 968/1704/1341 967/1705/1342
f 942/1706/1321 956/1702/1329 967/1705/1342 969/1707/1343
f 971/1708/1344 969/1707/1343 967/1705/1342
f 958/1703/1332 961/1709/1335 965/1710/1345 968/1704/1341
f 891/1711/1236 890/1712/1235 971/1708/1344 972/1713/1346
f 982/1714/1319 940/1715/1320 970/1716/1347 986/1717/1348
f 940/1715/1320 942/1706/1321 969/1707/1343 970/1716/1347
f 900/1718/1318 891/1711/1236 972/1713/1346 973/1719/1349
f 966/1698/1338 973/1719/1349 972/1713/1346 964/1699/1339
f 998/1650/1300 925/1653/1303 927/1658/1308 1000/1720/1350
f 941/1670/1316 949/1678/1323 223/681/450 224/679/449
f 162/686/453 953/690/456 163/487/287
f 947/1671/1317 225/677/448 600/1721/1351
f 598/1186/863 600/1721/1351 225/677/448 226/675/447
f 601/1187/864 598/1186/863 226/675/447
f 835/1464/1124 980/1722/1352 978/1723/1353 836/1466/1126
f 981/1724/1354 980/1722/1352 834/1462/1122 990/1725/1355
f 241/11/10 876/1565/1219 975/1726/1356 239/12/11
f 977/1727/1357 976/1728/1358 978/1723/1353 979/1729/1359
f 979/1729/1359 978/1723/1353 980/1722/1352 981/1724/1354
f 944/1580/1234 888/1577/1231 983/1665/1313 984/1664/1312
f 890/1581/1235 944/1580/1234 984/1664/1312 982/1673/1319
f 886/1575/1229 985/1680/1325 983/1665/1313 888/1577/1231
f 890/1712/1235 982/1714/1319 986/1717/1348 971/1708/1344
f 954/1686/457 952/1685/1328 165/484/285 164/483/284
f 834/1462/1122 980/1722/1352 835/1464/1124
f 950/1684/1326 987/1730/1360 989/1731/1361 952/1685/1328
f 987/1730/1360 950/1684/1326 948/1681/1322 985/1680/1325
f 239/12/11 977/1727/1357 1063/1732/1362 248/724/480
f 886/1575/1229 884/1573/1227 985/1680/1325
f 836/1466/1126 978/1723/1353 976/1728/1358 837/1468/1128
f 837/1468/1128 976/1728/1358 975/1726/1356 838/1470/1130
f 876/1565/1219 874/1563/1217 838/1470/1130 975/1726/1356
f 833/1414/1074 832/1413/1073 988/1733/1363 991/1734/1364
f 831/1506/1166 830/1430/1090 992/1735/85 993/1736/97
f 7059/1737/12 7069/1738/12 1046/911/12
f 637/1195/872 612/1194/871 1229/1739/1365 603/1740/1366
f 1628/1741/1367 94/1742/832 1204/1743/1368
f 833/1414/1074 991/1734/1364 990/1725/1355 834/1462/1122
f 831/1506/1166 993/1736/97 988/1733/1363 832/1413/1073
f 985/1680/1325 884/1573/1227 987/1730/1360
f 882/1571/1225 880/1569/1223 242/1679/1324 243/1105/785
f 972/1713/1346 971/1708/1344 1002/1701/1340 964/1699/1339
f 923/1648/1298 921/1646/1296 995/1744/792 996/1745/795
f 5759/1746/1369 994/1747/1370 3343/1748/820
f 5758/1749/1371 5759/1746/1369 3343/1748/820 3344/1750/819
f 919/1645/1295 997/1751/797 995/1744/792 921/1646/1296
f 5744/1625/1275 906/1624/791 905/1119/799 5745/1118/798
f 922/1647/1297 924/1649/1299 999/1651/1301 998/1650/1300
f 926/1652/1302 999/1651/1301 1001/1692/1334 961/1693/1335
f 961/1709/1335 1001/1700/1334 1002/1701/1340 965/1710/1345
f 922/1647/1297 998/1650/1300 1000/1720/1350 920/1644/1294
f 770/1391/1051 768/1389/1050 1004/1400/1060 1003/1399/1059
f 762/1383/1046 1007/1445/1105 1006/1446/1106 763/1384/1047
f 763/1384/1047 1006/1446/1106 1005/1450/1110 766/1387/1048
f 766/1387/1048 1005/1450/1110 1004/1400/1060 768/1389/1050
f 805/1456/1116 804/1455/1115 1009/1458/1118 1008/1457/1117
f 762/1383/1046 806/1459/1119 1009/1458/1118 1007/1445/1105
f 4683/1752/1372 4716/1753/1203 753/1754/1039 814/1474/1134
f 839/1544/1202 1013/1476/1136 1011/1494/1154 821/1755/1373
f 821/1755/1373 1011/1494/1154 1012/1496/1156 823/1638/1288
f 814/1474/1134 815/1396/1056 4680/1395/1055 4683/1752/1372
f 770/1391/1051 1003/1399/1059 1014/1517/1177 772/1393/1053
f 782/1420/1080 784/1422/1082 1015/1518/1178 1014/1517/1177
f 815/1396/1056 842/1473/1133 1015/1518/1178 1010/1397/1057
f 1016/1562/1216 5753/1561/1215 912/1639/1289
f 5758/1749/1371 3344/1750/819 534/1623/789 5755/1626/1276
f 823/1638/1288 1012/1496/1156 1016/1562/1216 912/1639/1289
f 821/1755/1373 823/1638/1288 1018/1522/1181 1017/1521/1180
f 848/1523/1182 1018/1522/1181 1019/1629/1279 913/1628/1278
f 821/1755/1373 1017/1521/1180 869/1491/1151 839/1544/1202
f 951/1683/1327 953/690/456 162/686/453 974/689/455
f 158/481/282 5596/1756/1374 5593/1757/294 157/498/293
f 215/520/316 155/1758/1375 168/511/307 167/510/306
f 937/1759/1376 1023/1760/1377 1025/1761/1378 1024/1762/1379
f 1024/1762/1379 1025/1761/1378 1027/1763/1380 1026/1764/1381
f 1026/1764/1381 1027/1763/1380 1029/1765/1382 1028/1766/1383
f 1028/1766/1383 1029/1765/1382 1031/1767/1384 1030/1768/1385
f 1030/1768/1385 1031/1767/1384 1033/1769/1386 1032/1770/1387
f 1035/1771/1388 5263/1772/1389 5265/1773/1390 1037/1774/1391
f 1037/1774/1391 5265/1773/1390 5267/1775/1392 1039/1776/1393
f 1032/1770/1387 5261/1777/1394 5539/1778/1395 5514/1779/1396
f 993/1736/97 1030/1768/1385 5523/1780/1397 988/1733/1363
f 5262/1781/1398 1033/1769/1386 1036/1782/1399 5264/1783/1400
f 5264/1783/1400 1036/1782/1399 1038/1784/1401 5266/1785/1402
f 1039/1776/1393 5267/1775/1392 5258/1786/1403 1272/1787/1404
f 1038/1784/1401 1036/1782/1399 1040/1788/1405 1041/1789/1406
f 1029/1765/1382 1040/1788/1405 1036/1782/1399 1031/1767/1384
f 1023/1760/1377 1038/1784/1401 1041/1789/1406 1025/1761/1378
f 5518/1790/1407 1034/1791/1408 1047/1792/1409 5520/1793/1410
f 1033/1769/1386 1031/1767/1384 1036/1782/1399
f 2095/1794/1411 2111/1795/1412 2110/1796/1413
f 5260/1797/1414 5263/1772/1389 1035/1771/1388 1034/1798/1408
f 1032/1770/1387 1033/1769/1386 5262/1781/1398 5261/1777/1394
f 1232/1799/1415 807/1460/1120 846/910/613 1237/1800/1416
f 538/1801/1417 539/1802/1418 1201/1803/1419 1202/1804/1420
f 797/1451/1111 803/1454/1114 1230/1498/1158
f 828/1429/1089 1026/1764/1381 992/1735/85 830/1430/1090
f 1026/1764/1381 1028/1766/1383 992/1735/85
f 1044/1805/1421 1101/1806/1422 5388/1807/1423 5379/1808/1424
f 1043/1809/1425 5517/1810/1426 5521/1811/1427 1051/1812/1428
f 1042/1813/1429 5269/1814/1430 5403/1815/1431 5378/1816/1432
f 990/1725/1355 5387/1817/1433 5389/1818/1434
f 1044/1805/1421 5271/1819/1435 5275/1820/1436 1072/1821/1437
f 1045/1822/1438 5381/1823/1439 5385/1824/1440 1050/1825/1441
f 5515/1826/1442 5538/1827/1443 5269/1814/1430 1042/1813/1429
f 5379/1808/1424 5402/1828/1444 5271/1819/1435 1044/1805/1421
f 7067/1829/1445 642/1830/881 640/1831/877 7068/1832/12
f 7068/1832/12 640/1831/877 641/1833/880 542/1834/12
f 106/692/458 1641/1835/458 1723/1836/1446 118/441/244
f 637/1837/872 549/1838/12 636/1839/869
f 541/1840/12 639/1841/876 636/1839/869 549/1838/12
f 639/1841/876 541/1840/12 638/1842/873
f 747/1386/1033 642/1830/881 7067/1829/1445
f 747/1386/1033 7064/1843/1447 765/1382/1045
f 7064/1843/1447 7060/1844/12 765/1382/1045
f 846/910/613 845/1520/12 765/1382/1045 7059/1737/12 1046/911/12
f 5511/1845/1448 236/1846/1449 1051/1812/1428 5521/1811/1427
f 1100/1847/1450 1042/1813/1429 5378/1816/1432 5387/1817/1433
f 5564/1848/1451 5245/1849/1452 204/1850/344 5561/560/343
f 5536/1851/1453 5517/1852/1426 1043/1853/1425 5268/1854/1454
f 177/1855/1455 176/1856/349 232/550/342 235/1857/1456
f 1047/1792/1409 1048/1858/1457 5512/623/404
f 5268/1854/1454 1043/1853/1425 5382/1859/1458 5399/1860/1459
f 5400/1861/1460 5381/1862/1439 1045/1863/1438 5270/1864/1461
f 5260/1797/1414 1034/1798/1408 5518/1865/1407 5535/1866/1462
f 1035/1867/1388 1037/1868/1391 1048/1858/1457 1047/1792/1409
f 1054/1869/1463 1064/1870/1464 1055/1871/1465
f 884/1573/1227 882/1571/1225 243/1105/785
f 245/1872/1466 989/1731/1361 244/1873/1467
f 884/1573/1227 243/1105/785 244/1873/1467 987/1730/1360
f 989/1731/1361 987/1730/1360 244/1873/1467
f 239/12/11 975/1726/1356 976/1728/1358 977/1727/1357
f 1056/1874/1468 1058/1875/1469 1057/1876/1470 1055/1871/1465
f 1103/1877/1471 1104/1878/1472 1144/1879/1473
f 1066/1880/1474 1145/1881/1475 1143/1882/1476 1065/1883/1477
f 1063/1732/1362 977/1727/1357 979/1729/1359 1064/1870/1464
f 5610/514/310 245/1872/1466 246/1884/1478 1066/1880/1474
f 215/520/316 5613/519/315 5615/515/311
f 248/724/480 238/723/479 339/823/534
f 478/955/646 507/987/677 406/990/680 407/956/647
f 486/1041/727 487/962/653 435/965/656 436/1885/1479
f 337/773/493 338/772/493 358/806/493
f 1514/937/631 1512/1886/1480 1494/1887/1481 1493/938/632
f 312/816/493 346/815/533 254/1069/754
f 253/1023/709 358/806/493 325/813/531
f 336/768/503 323/750/496 253/1023/709
f 253/1023/709 323/750/496 322/749/495
f 253/1023/709 335/769/504 336/768/503
f 511/1013/701 499/971/662 401/974/665 402/1014/702
f 253/1023/709 322/749/495 334/766/502
f 350/826/536 326/820/494 251/860/566
f 296/1086/769 261/1108/788 505/1064/749 506/1017/703
f 327/9/8 239/12/11 321/752/478
f 432/994/684 394/993/683 431/1888/493
f 1520/1889/629 1519/1890/629 1495/1891/629 1521/1892/629
f 394/993/683 430/901/605 431/1888/493
f 432/994/684 400/1106/786 425/995/685
f 491/1075/758 476/1045/731 428/1046/732 429/1893/758
f 273/1047/733 272/1894/1482 464/1895/1483 493/947/640
f 444/1896/493 421/1897/1484 410/1898/1485
f 505/1064/749 496/958/649 434/961/652 400/1065/750
f 471/1010/700 479/736/492 421/1899/1486 420/1900/1487
f 493/947/640 464/1895/1483 411/1901/1488 412/948/641
f 302/770/505 335/769/504 325/813/531 301/812/530
f 1330/1902/1489 1186/1903/1490 1185/1904/1491 1329/1905/1492
f 306/1083/767 302/1062/747 466/1063/748 504/1007/697
f 620/1222/897 132/1906/618 128/1907/1493 645/1223/898
f 405/1908/494 438/1909/1494 414/1910/1495
f 1531/939/629 1532/1911/629 1510/1912/629 1509/936/629
f 5313/1913/1496 5493/1914/1497 5491/1915/1498 5312/1916/1499
f 504/1007/697 466/1063/748 438/1917/1500 442/1008/698
f 1334/1918/1501 1402/1919/1502 1442/1920/1503 1335/1921/1504
f 466/1063/748 465/870/576 437/873/579 438/1917/1500
f 472/1021/707 471/1010/700 420/1900/1487 422/1022/708
f 268/1051/737 267/1070/755 507/987/677 478/955/646
f 362/842/549 345/780/509 363/843/550
f 342/778/493 341/777/507 238/723/479
f 492/959/650 486/1041/727 436/1885/1479 433/960/651
f 346/815/533 347/721/477 254/1069/754
f 275/720/476 254/1069/754 347/721/477
f 374/886/591 375/838/547 391/841/548 390/887/592
f 514/985/675 513/1098/779 458/1922/1505 457/986/676
f 369/831/540 370/861/567 386/862/568 385/832/541
f 1348/663/440 1339/1923/1506 1462/1924/1507 1461/1925/1508
f 1446/1926/1509 1336/1927/1510 1335/1921/1504 1443/1928/1511
f 903/1122/802 540/1124/804 539/1128/808 902/1130/810
f 292/1074/759 357/1066/751 475/983/673 476/1045/731
f 315/789/515 255/1929/1512 329/790/516
f 350/826/536 251/860/566 243/1105/785
f 251/860/566 326/820/494 309/758/494
f 255/1929/1512 308/757/497 329/790/516
f 1447/1930/623 1416/1931/623 1347/1932/1513 1407/1933/1514
f 284/761/499 332/760/498 255/1929/1512 282/1934/1515
f 283/1207/493 282/1934/1515 255/1929/1512 324/1206/493
f 316/745/494 317/744/494 249/858/564
f 531/1935/458 533/1936/458 463/1937/458 396/1938/458
f 257/1939/458 392/1940/458 533/1936/458 531/1935/458
f 343/794/494 250/869/575 317/744/494
f 484/1004/694 494/1019/705 414/1020/706 415/1005/695
f 250/869/575 343/794/494 344/781/510
f 363/843/550 237/1941/1516 364/834/543
f 368/830/539 367/852/559 240/914/616
f 1406/1942/1517 1330/1902/1489 1329/1905/1492 1405/1943/1518
f 345/780/509 237/1941/1516 363/843/550
f 366/867/573 367/852/559 383/853/560 382/868/574
f 341/777/507 339/823/534 238/723/479
f 246/1884/1478 372/849/556 247/1598/1252
f 1329/1905/1492 1185/1904/1491 1332/664/441 1458/1944/1519
f 238/723/479 314/795/517 342/778/493
f 1053/1945/1520 1063/1732/1362 1064/1870/1464 1054/1869/1463
f 246/1884/1478 252/1946/1521 374/886/591
f 246/1884/1478 374/886/591 373/854/557
f 386/1099/780 387/1096/778 513/1098/779 514/985/675
f 246/1884/1478 373/854/557 372/849/556
f 247/1598/1252 372/849/556 371/848/555
f 375/838/547 374/886/591 252/1946/1521
f 377/1094/776 378/1102/782 525/1100/17 523/951/643
f 360/839/524 375/838/547 252/1946/1521
f 250/869/575 361/846/553 360/839/524
f 947/1671/1317 941/1670/1316 224/679/449 225/677/448
f 951/1683/1327 974/689/455 223/681/450 949/1678/1323
f 935/1185/862 962/1947/1336 600/1721/1351 598/1186/863
f 657/1254/920 932/1660/1310 936/1662/1311 115/1255/242
f 936/1948/1311 934/1184/861 601/1187/864 599/1949/1522
f 120/440/243 115/439/242 936/1948/1311 599/1949/1522
f 120/440/243 599/1949/1522 227/673/446
f 226/675/447 227/673/446 599/1949/1522 601/1187/864
f 557/1146/826 559/1136/816 93/1153/833
f 564/1950/1523 94/1152/832 567/1151/831
f 563/1148/828 564/1950/1523 565/1149/829
f 565/1149/829 564/1950/1523 567/1151/831 569/1154/834
f 552/1145/825 556/1144/824 557/1146/826 535/1951/1524
f 535/1951/1524 557/1146/826 93/1153/833
f 92/1952/1525 535/1951/1524 93/1153/833
f 94/1953/832 564/1954/1523 536/1955/1526
f 563/1956/828 536/1955/1526 564/1954/1523
f 1629/1957/1527 1628/1958/1528 5736/1959/1528 1984/1960/1529
f 911/1601/1253 562/1961/827 915/1602/1254
f 916/1962/1293 854/1599/1208 915/1602/1254
f 562/1961/827 589/1963/853 915/1602/1254
f 589/1963/853 588/1964/850 916/1962/1293 915/1602/1254
f 917/1965/1292 918/1966/1291 588/1964/850
f 1819/1967/1530 1932/1968/1531 1821/1969/1532 1797/1970/1533
f 586/1971/855 850/1972/1212 587/1973/849
f 856/1553/1210 917/1642/1292 850/1557/1212 855/1353/1020
f 588/1964/850 587/1973/849 850/1972/1212 917/1965/1292
f 731/1974/1534 732/1334/1004 648/1357/896
f 731/1975/1534 648/1221/896 650/1220/895
f 735/1342/1011 713/1345/1014 731/1976/1534 644/1241/910
f 1707/1977/1535 132/1978/618 666/1289/954 1731/1979/1536
f 619/1232/906 643/1231/905 130/1980/1537 127/1981/1538
f 643/1231/905 645/1223/898 131/1982/1539 130/1980/1537
f 131/1982/1539 645/1223/898 128/1907/1493
f 644/1236/910 731/1975/1534 650/1220/895 649/1230/904
f 734/1339/1009 666/1289/954 132/1978/618 620/1341/897
f 731/1974/1534 722/1335/1005 732/1334/1004
f 196/453/256 136/452/255 602/1983/458
f 98/1984/458 104/702/462 196/453/256
f 4754/540/332 4748/473/275 138/472/274
f 4804/1985/1540 4759/1986/1541 1940/1987/1542 1941/1988/1543
f 621/1228/903 633/1217/892 629/1270/935 129/1989/1544
f 135/542/334 96/541/333 605/701/461 140/584/375
f 633/1217/892 619/1216/891 127/1271/936 629/1270/935
f 1071/1990/1545 1070/1991/1546 1069/1992/1546 1068/1993/1547
f 5278/1994/1548 5277/1995/1549 1083/1996/1550 1084/1997/1551
f 1068/1998/1547 1082/1999/1552 5287/2000/1553 5272/2001/1554
f 1045/1822/1438 1050/1825/1441 1070/1991/1546 1071/1990/1545
f 5273/2002/1555 5286/2003/1556 1088/2004/1557 1067/2005/1558
f 5270/1864/1461 1045/1863/1438 1071/2006/1545 5274/2007/1559
f 1057/1876/1470 1058/1875/1469 1072/1821/1437 1067/2005/1558
f 1193/2008/1560 2142/2009/1561 2144/2010/1562 1194/2011/1563
f 5288/2012/1564 1105/2013/1565 1163/2014/1566 5301/2015/1567
f 5286/2003/1556 5284/2016/1568 1087/2017/1569 1088/2004/1557
f 1082/1999/1552 1081/2018/1570 5285/2019/1571 5287/2000/1553
f 5284/2016/1568 5282/2020/1572 1086/2021/1573 1087/2017/1569
f 5282/2020/1572 5280/2022/1574 1085/2023/1575 1086/2021/1573
f 1111/2024/1576 5293/2025/1577 5276/2026/1578 1076/2027/1579
f 5274/2007/1559 1071/2006/1545 1068/1998/1547 5272/2001/1554
f 1081/2018/1570 1080/2028/1580 5283/2029/1581 5285/2019/1571
f 1080/2028/1580 1079/2030/1582 5281/2031/1583 5283/2029/1581
f 1079/2030/1582 1078/2032/1584 5279/2033/1585 5281/2031/1583
f 5292/2034/1586 1116/2035/1587 1083/1996/1550 5277/1995/1549
f 1072/1821/1437 5275/1820/1436 5273/2002/1555 1067/2005/1558
f 1152/2036/1588 1153/2037/1589 1090/2038/1590 1089/2039/1591
f 1089/2039/1591 1090/2038/1590 1092/2040/1592 1091/2041/1593
f 1084/1997/1551 1083/1996/1550 1091/2041/1593 1092/2040/1592
f 1154/2042/1594 1093/2043/1595 1090/2038/1590 1153/2037/1589
f 1155/2044/1596 1094/2045/1597 1093/2043/1595 1154/2042/1594
f 1156/2046/1598 1095/2047/1599 1094/2045/1597 1155/2044/1596
f 1157/2048/1600 1096/2049/1601 1095/2047/1599 1156/2046/1598
f 1067/2005/1558 1088/2004/1557 1142/2050/1602
f 1140/2051/1603 1142/2050/1602 1157/2048/1600
f 1088/2004/1557 1087/2017/1569 1096/2049/1601
f 1095/2047/1599 1096/2049/1601 1087/2017/1569 1099/2052/1604
f 1095/2047/1599 1099/2052/1604 1098/2053/1605 1094/2045/1597
f 1094/2045/1597 1098/2053/1605 1097/2054/1606 1093/2043/1595
f 1092/2040/1592 1090/2038/1590 1093/2043/1595 1097/2054/1606
f 1085/2023/1575 1084/1997/1551 1092/2040/1592 1097/2054/1606
f 1087/2017/1569 1086/2021/1573 1099/2052/1604
f 1099/2052/1604 1086/2021/1573 1098/2053/1605
f 1086/2021/1573 1085/2023/1575 1098/2053/1605
f 1097/2054/1606 1098/2053/1605 1085/2023/1575
f 1135/708/467 1022/652/430 5527/2055/1607
f 1102/2056/1608 5389/1818/1434 5388/1807/1423
f 5382/2057/1458 1043/1809/1425 1051/1812/1428 5384/2058/1609
f 1044/1805/1421 1072/1821/1437 1058/1875/1469 1101/1806/1422
f 5255/658/435 5396/2059/1610 5394/2060/1611 5254/2061/1612
f 991/1734/1364 1100/1847/1450 5387/1817/1433 990/1725/1355
f 1101/1806/1422 1058/1875/1469 1102/2056/1608
f 1058/1875/1469 1056/1874/1468 1102/2056/1608
f 5610/514/310 5608/513/309 5611/2062/1613
f 1028/1766/1383 1030/1768/1385 992/1735/85
f 5524/2063/1614 5515/1826/1442 1042/1813/1429 1100/1847/1450
f 5487/2064/1615 2092/2065/1616 2091/2066/1617 2205/2067/1618
f 1109/2068/1619 1106/2069/1620 1107/2070/1546 1108/2071/1546
f 1110/2072/1621 1105/2013/1565 5288/2012/1564 5291/2073/1622
f 1106/2074/1620 5289/2075/1623 5300/2076/1624 1115/2077/1625
f 1103/1877/1471 1105/2013/1565 1110/2072/1621 1104/1878/1472
f 144/2078/1626 139/450/253 137/449/252 145/2079/1627
f 5551/2080/1628 5557/2081/1629 5541/2082/1630 1273/2083/1631
f 1163/2014/1566 1119/2084/1632 5299/2085/1633 5301/2015/1567
f 5299/2085/1633 1119/2084/1632 1118/2086/1634 5297/2087/1635
f 5297/2087/1635 1118/2086/1634 1117/2088/1636 5295/2089/1637
f 5280/2022/1574 5278/1994/1548 1084/1997/1551 1085/2023/1575
f 5295/2089/1637 1117/2088/1636 1116/2035/1587 5292/2034/1586
f 1114/2090/1638 5298/2091/1639 5296/2092/1640 1113/2093/1641
f 1113/2093/1641 5296/2092/1640 5294/2094/1642 1112/2095/1643
f 1112/2095/1643 5294/2094/1642 5293/2025/1577 1111/2024/1576
f 1078/2032/1584 1076/2027/1579 5276/2026/1578 5279/2033/1585
f 405/1908/494 404/2096/494 442/2097/494 438/1909/1494
f 1089/2039/1591 1091/2041/1593 1122/2098/1644 1121/2099/1645
f 1109/2068/1619 1131/638/419 1151/2100/434
f 1116/2035/1587 1122/2098/1644 1091/2041/1593 1083/1996/1550
f 1161/2101/1646 1160/2102/1647 1121/2099/1645 1123/2103/1648
f 1162/2104/1649 1159/2105/1650 1124/2106/1651 1125/2107/1652
f 1158/2108/1653 1162/2104/1649 1125/2107/1652 1126/2109/1654
f 411/2110/1655 408/2111/1656 407/2112/1657 412/2113/1658
f 1125/2107/1652 1129/2114/1659 1119/2084/1632 1126/2109/1654
f 1125/2107/1652 1124/2106/1651 1128/2115/1660 1129/2114/1659
f 1124/2106/1651 1123/2103/1648 1127/2116/1661 1128/2115/1660
f 1122/2098/1644 1127/2116/1661 1123/2103/1648 1121/2099/1645
f 1117/2088/1636 1127/2116/1661 1122/2098/1644 1116/2035/1587
f 1119/2084/1632 1129/2114/1659 1118/2086/1634
f 2197/2117/1662 2186/2118/1663 2187/2119/1664 2198/2120/1665
f 1127/2116/1661 1117/2088/1636 1128/2115/1660
f 1152/2036/1588 1089/2039/1591 1121/2099/1645 1160/2102/1647
f 1159/2105/1650 1161/2101/1646 1123/2103/1648 1124/2106/1651
f 1126/2109/1654 1120/2121/1666 1158/2108/1653
f 1109/2068/1619 1108/2071/1546 1130/718/474 1131/638/419
f 1150/2122/1667 1060/2123/1668 1120/2121/1666
f 1128/2115/1660 1117/2088/1636 1118/2086/1634 1129/2114/1659
f 5254/2061/1612 208/632/413 216/659/436 5256/2124/1669
f 5255/658/435 1132/657/418 5367/2125/417 5396/2059/1610
f 5597/502/298 5608/513/309 5614/516/312 5600/503/299
f 168/511/307 155/1758/1375 1021/653/431 213/506/302
f 158/481/282 1020/2126/1670 5609/2127/1671 5596/1756/1374
f 215/520/316 217/2128/1672 1134/635/416
f 236/1846/1449 210/626/407 5390/628/409 5376/2129/1673
f 217/2128/1672 1144/1879/1473 1104/1878/1472 1133/660/437
f 5252/524/320 207/643/424 5364/2130/1674 5393/2131/1675
f 216/659/436 1133/660/437 1104/1878/1472 1110/2072/1621
f 5290/2132/1676 1109/2133/1619 1151/656/434 5257/655/433
f 217/2128/1672 1065/1883/1477 1143/1882/1476 1144/1879/1473
f 5384/2058/1609 1051/1812/1428 236/1846/1449 5376/2129/1673
f 938/2134/1677 1246/2135/1678 5302/2136/1679 5259/2137/1680
f 5361/604/390 198/589/379 1135/708/467 203/603/389
f 1135/708/467 198/589/379 169/507/303 1022/652/430
f 5373/2138/1681 1136/642/423 1021/653/431 155/1758/1375
f 5665/474/276 5681/489/288 5362/492/280 154/475/277
f 1063/1732/1362 77/409/212 248/724/480
f 1535/2139/623 1538/922/623 1505/883/588 1498/882/587
f 84/390/193 1077/2140/1682 1137/2141/1683
f 1145/1881/1475 247/1598/1252 1137/2141/1683
f 1192/2142/1684 1191/2143/1685 2121/2144/1686 2143/2145/1687
f 1145/1881/1475 1066/1880/1474 247/1598/1252
f 1066/1880/1474 246/1884/1478 247/1598/1252
f 120/440/243 108/705/458 99/696/458 122/434/237
f 1198/2146/1688 1339/1923/1506 1348/663/440 1199/662/439
f 1802/2147/1689 1811/2148/1690 1793/2149/1691 1800/2150/1692
f 1334/1918/1501 1333/1030/716 1403/2151/1693 1402/1919/1502
f 1330/1902/1489 1340/2152/1694 1187/2153/1695 1186/1903/1490
f 75/382/185 248/724/480 76/383/186
f 77/409/212 76/383/186 248/724/480
f 79/403/206 78/402/205 1052/2154/1696
f 1063/1732/1362 1053/1945/1520 77/409/212
f 78/402/205 77/409/212 1052/2154/1696
f 2122/2155/1697 2132/2156/1698 2133/2157/1699 2123/2158/1700
f 86/386/189 85/391/194 247/1598/1252
f 88/2159/1701 240/914/616 73/408/211
f 84/390/193 1137/2141/1683 85/391/194
f 1137/2141/1683 247/1598/1252 85/391/194
f 74/725/481 75/382/185 5037/2160/1702 5024/2161/1703
f 5032/385/188 5037/2160/1702 75/382/185
f 5120/389/192 5125/417/220 86/386/189
f 5137/2162/1704 5020/2163/1705 4810/2164/1706 4841/2165/1707
f 5104/393/196 5109/419/222 84/390/193
f 5088/397/200 5093/421/224 82/394/197
f 5072/401/204 5077/423/226 80/398/201
f 5056/405/208 5061/425/228 78/402/205
f 5049/2166/1708 4819/2167/1709 4818/2168/1710 5052/2169/1711
f 5129/2170/1712 5140/2171/1713 4840/2172/1714 4839/2173/1715
f 5024/2161/1703 5029/2174/1716 74/725/481
f 5112/418/221 5117/392/195 85/391/194
f 5096/420/223 5101/396/199 83/395/198
f 5080/422/225 5085/400/203 81/399/202
f 5064/424/227 5069/404/207 79/403/206
f 1052/2154/1696 77/409/212 1053/1945/1520
f 1067/2005/1558 1142/2050/1602 1057/1876/1470
f 1057/1876/1470 1142/2050/1602 1140/2051/1603 1055/1871/1465
f 1054/1869/1463 1055/1871/1465 1140/2051/1603 1141/2175/1717
f 1141/2175/1717 1138/2176/1718 1053/1945/1520 1054/1869/1463
f 1052/2154/1696 1053/1945/1520 1138/2176/1718 1139/2177/1719
f 1052/2154/1696 1139/2177/1719 1148/2178/1720 1074/2179/1721
f 1074/2179/1721 1148/2178/1720 1146/2180/1722 1073/1237/911
f 1075/1238/912 1073/1237/911 1146/2180/1722 1147/2181/1723
f 1075/1238/912 1147/2181/1723 1149/2182/1724 1077/2140/1682
f 83/395/198 1077/2140/1682 84/390/193
f 1145/1881/1475 1061/2183/1725 1059/2184/1726 1143/1882/1476
f 1060/2123/1668 1144/1879/1473 1143/1882/1476 1059/2184/1726
f 1103/1877/1471 1144/1879/1473 1060/2123/1668 1150/2122/1667
f 1105/2013/1565 1103/1877/1471 1150/2122/1667
f 97/2185/458 98/1984/458 602/1983/458
f 98/1984/458 196/453/256 602/1983/458
f 955/569/360 166/2186/454 156/597/385
f 955/569/360 156/597/385 181/570/361
f 2025/2187/1727 2024/2188/1728 2022/2189/1729 2021/2190/1730
f 571/1113/793 995/1112/792 997/1117/797
f 586/1558/855 717/1354/994 855/1353/1020
f 1050/1825/1441 5385/1824/1440 5375/2191/1731 1049/2192/1732
f 216/659/436 1110/2072/1621 5291/2073/1622 5256/2124/1669
f 1131/638/419 1132/637/418 1151/2100/434
f 5479/2193/1733 2104/2194/1734 2116/2195/1735 5481/2196/1736
f 232/550/342 233/553/345 5512/623/404
f 1034/1791/1408 1035/1867/1388 1047/1792/1409
f 5391/719/475 1130/718/474 1049/2192/1732 5375/2191/1731
f 1064/1870/1464 979/1729/1359 1056/1874/1468
f 979/1729/1359 981/1724/1354 1102/2056/1608 1056/1874/1468
f 217/2128/1672 1133/660/437 1134/635/416
f 1064/1870/1464 1056/1874/1468 1055/1871/1465
f 1107/2070/1546 1106/2069/1620 1115/2197/1625
f 1107/2070/1546 1113/2198/1641 1112/2199/1643
f 1107/2070/1546 1115/2197/1625 1114/2200/1638
f 1107/2070/1546 1114/2200/1638 1113/2198/1641
f 993/1736/97 992/1735/85 1030/1768/1385
f 749/7/6 751/1385/1036 764/8/7
f 773/1394/1054 767/1388/1049 771/1392/1052
f 753/1754/1039 755/6/5 814/1474/1134
f 1916/2201/1737 1835/2202/1738 1829/2203/1739 1844/2204/1740
f 767/1388/1049 769/1390/12 771/1392/1052
f 755/6/5 841/5/4 814/1474/1134
f 773/1394/1054 764/8/7 767/1388/1049
f 7063/2205/1741 7064/1843/1447 747/1386/1033
f 2189/2206/1742 2233/2207/1743 2174/2208/1744 2219/2209/1745
f 747/1386/1033 7067/1829/1445 7063/2205/1741
f 7060/1844/12 7059/1737/12 765/1382/1045
f 962/1947/1336 947/1671/1317 600/1721/1351
f 971/1708/1344 968/1704/1341 965/1710/1345
f 986/1717/1348 970/1716/1347 969/1707/1343
f 971/1708/1344 967/1705/1342 968/1704/1341
f 971/1708/1344 986/1717/1348 969/1707/1343
f 1002/1701/1340 971/1708/1344 965/1710/1345
f 5701/1640/1290 820/1532/1191 862/1541/1199 5699/1540/1198
f 847/1524/1183 848/1523/1182 849/1546/1204 819/1538/1196
f 868/1486/1146 864/1484/1144 871/1527/1186
f 1146/2180/1722 1148/2178/1720 1153/2037/1589 1152/2036/1588
f 1139/2177/1719 1154/2042/1594 1153/2037/1589 1148/2178/1720
f 1138/2176/1718 1155/2044/1596 1154/2042/1594 1139/2177/1719
f 1141/2175/1717 1156/2046/1598 1155/2044/1596 1138/2176/1718
f 1140/2051/1603 1157/2048/1600 1156/2046/1598 1141/2175/1717
f 1157/2048/1600 1088/2004/1557 1096/2049/1601
f 1142/2050/1602 1088/2004/1557 1157/2048/1600
f 1149/2182/1724 1147/2181/1723 1160/2102/1647 1161/2101/1646
f 1061/2183/1725 1062/2210/1746 1159/2105/1650 1162/2104/1649
f 1059/2184/1726 1061/2183/1725 1162/2104/1649 1158/2108/1653
f 1146/2180/1722 1152/2036/1588 1160/2102/1647 1147/2181/1723
f 1062/2210/1746 1149/2182/1724 1161/2101/1646 1159/2105/1650
f 100/2211/1747 107/2212/1748 1173/2213/1748 1167/2214/1747
f 543/2215/1749 547/2216/807 1181/2217/807 1177/2218/1749
f 104/2219/1750 98/2220/1751 1165/2221/1751 1171/2222/1750
f 7065/2223/1752 7066/2224/618 1184/2225/618 1183/2226/1752
f 101/2227/1752 100/2211/1747 1167/2214/1747 1168/2228/1752
f 7062/2229/1748 7061/2230/1747 1175/2231/1747 1176/2232/1748
f 103/2233/1753 104/2219/1750 1171/2222/1750 1170/2234/1753
f 547/2216/807 548/2235/1754 1182/2236/1754 1181/2217/807
f 107/2212/1748 99/2237/1754 1166/2238/1754 1173/2213/1748
f 108/2239/807 102/2240/1749 1169/2241/1749 1174/2242/807
f 546/2243/1750 544/2244/1753 1178/2245/1753 1180/2246/1750
f 98/2220/1751 97/2247/581 1164/2248/581 1165/2221/1751
f 544/2244/1753 543/2215/1749 1177/2218/1749 1178/2245/1753
f 102/2240/1749 103/2233/1753 1170/2234/1753 1169/2241/1749
f 545/2249/1751 546/2243/1750 1180/2246/1750 1179/2250/1751
f 548/2235/1754 7062/2229/1748 1176/2232/1748 1182/2236/1754
f 106/2251/618 101/2227/1752 1168/2228/1752 1172/2252/618
f 7061/2230/1747 7065/2223/1752 1183/2226/1752 1175/2231/1747
f 99/2237/1754 108/2239/807 1174/2242/807 1166/2238/1754
f 2251/2253/458 2245/2254/458 3337/2255/458
f 513/1098/779 527/1015/12 459/1016/12 458/1922/1505
f 525/1100/17 526/1001/691 450/1002/692 449/1101/781
f 247/1598/1252 371/848/555 370/861/567
f 1416/1931/623 1422/2256/1755 1378/2257/1755 1375/2258/623
f 318/742/493 324/1206/493 319/738/493
f 318/742/493 330/792/493 324/1206/493
f 319/738/493 324/1206/493 355/739/493
f 464/1895/1483 477/2259/581 409/2260/581 411/1901/1488
f 1503/2261/1756 1500/2262/1757 1499/885/590 1504/884/589
f 411/2110/1655 409/2263/1758 408/2111/1656
f 272/1894/1482 270/2264/581 477/2259/581 464/1895/1483
f 250/869/575 352/803/524 249/858/564
f 250/869/575 249/858/564 317/744/494
f 360/839/524 252/1946/1521 353/804/525
f 352/803/524 360/839/524 353/804/525
f 244/1873/1467 252/1946/1521 246/1884/1478 245/1872/1466
f 258/2265/618 259/2266/618 530/2267/618 532/2268/618
f 532/2268/618 530/2267/618 398/2269/618 397/2270/618
f 530/2267/12 529/2271/12 399/2272/12 398/2269/12
f 260/2273/581 257/2274/581 531/2275/581 529/2271/581
f 244/1873/1467 354/798/519 353/804/525 252/1946/1521
f 353/804/525 354/798/519 260/797/518 259/801/522
f 529/2271/581 531/2275/581 396/2276/581 399/2272/581
f 259/2266/12 260/2273/12 529/2271/12 530/2267/12
f 249/858/564 309/758/494 308/757/497
f 258/802/523 392/1104/784 393/859/565 352/803/524
f 249/858/564 331/759/494 316/745/494
f 533/1936/458 532/2268/458 397/2270/458 463/1937/458
f 392/1940/458 258/2265/458 532/2268/458 533/1936/458
f 399/2277/1759 396/2278/1760 463/2279/1761
f 249/858/564 251/860/566 309/758/494
f 255/1929/1512 249/858/564 308/757/497
f 249/858/564 332/760/498 331/759/494
f 332/760/498 249/858/564 255/1929/1512
f 352/803/524 393/859/565 249/858/564
f 366/867/573 365/835/544 237/1941/1516
f 237/1941/1516 365/835/544 364/834/543
f 1077/2140/1682 1149/2182/1724 1062/2210/1746 1137/2141/1683
f 1062/2210/1746 1061/2183/1725 1145/1881/1475 1137/2141/1683
f 248/724/480 275/720/476 348/722/478
f 348/722/478 320/753/478 248/724/480
f 880/1569/1223 878/1567/1221 242/1679/1324
f 239/12/11 248/724/480 320/753/478 321/752/478
f 340/822/478 275/720/476 248/724/480
f 339/823/534 340/822/478 248/724/480
f 345/780/509 313/810/528 237/1941/1516
f 165/484/285 245/1872/1466 1020/2126/1670 158/481/282
f 952/1685/1328 989/1731/1361 245/1872/1466 165/484/285
f 5610/514/310 1066/1880/1474 1065/1883/1477 5615/515/311
f 1082/2280/1552 1068/1993/1547 1069/1992/1546
f 1082/2280/1552 1069/1992/1546 1081/2281/1570
f 1630/2282/1762 1629/1957/1527 1983/2283/1546 1982/2284/1763
f 5753/1561/1215 1019/1629/1279 912/1639/1289
f 5739/1619/1271 5742/1585/1239 902/1588/1242 907/1620/1272
f 901/1559/1213 892/1584/1238 5741/1596/1250 5740/1560/1214
f 540/1124/804 904/1123/803 905/1132/812
f 534/1109/789 3344/1139/819 91/1141/821 90/1110/790
f 551/2285/822 552/2286/825 994/2287/1370
f 900/1718/1318 973/1719/1349 994/2287/1370
f 535/2288/1524 994/2287/1370 552/2286/825
f 535/2288/1524 92/2289/1525 994/2287/1370
f 945/1618/1270 900/1672/1318 994/2290/1370
f 994/2291/1370 92/2292/1525 91/1141/821 3343/1140/820
f 956/1687/1329 962/1694/1336 957/1688/1330
f 942/1676/1321 947/1671/1317 962/1947/1336 956/2293/1329
f 871/1527/1186 819/1538/1196 862/1541/1199
f 847/1524/1183 870/1492/1152 869/1491/1151
f 870/1492/1152 847/1524/1183 863/1483/1143
f 863/1483/1143 847/1524/1183 864/1484/1144
f 847/1524/1183 819/1538/1196 871/1527/1186
f 847/1524/1183 871/1527/1186 864/1484/1144
f 918/1966/1291 4724/2294/1764 588/1964/850
f 853/1530/1189 852/1529/1188 916/1643/1293 4725/2295/1765
f 4729/1499/1159 1230/1498/1158 1231/2296/1766 4730/2297/1767
f 857/1552/1209 851/1556/1211 4724/2298/1764 918/1641/1291
f 916/1962/1293 588/1964/850 4724/2294/1764 4725/2299/1765
f 966/1698/1338 963/1697/1337 996/1115/795
f 963/1695/1337 923/1648/1298 996/1745/795
f 996/1115/795 573/2300/847 551/2285/822 994/2287/1370
f 973/1719/1349 966/1698/1338 996/1115/795 994/2287/1370
f 573/2300/847 996/1115/795 572/1114/794
f 145/2079/1627 152/2301/1768 151/2302/324 144/2078/1626
f 145/2079/1627 146/2303/1769 179/2304/444 152/2301/1768
f 5659/2305/1770 173/2306/305 171/2307/308 5660/2308/1771
f 5604/2309/432 5685/2310/1772 5688/2311/1773 5606/2312/1774
f 146/2303/1769 222/706/465 180/2313/443 179/2304/444
f 220/2314/1775 147/2315/1776 219/2316/442 221/2317/1777
f 147/2315/1776 148/458/260 195/457/259 219/2316/442
f 193/581/372 191/579/370 219/665/442
f 219/665/442 191/579/370 189/577/368 221/2318/1777
f 189/577/368 187/575/366 221/2318/1777
f 220/2314/1775 221/2317/1777 180/2313/443 222/706/465
f 187/575/366 185/573/364 180/668/443 221/2318/1777
f 183/571/362 180/668/443 185/573/364
f 406/2319/1778 413/2320/1779 412/2113/1658 407/2112/1657
f 220/2314/1775 138/472/274 147/2315/1776
f 156/597/385 166/2186/454 5669/2321/1780 5667/598/386
f 144/2078/1626 151/2302/324 153/535/278 143/517/313
f 138/472/274 148/458/260 147/2315/1776
f 1240/2322/1781 1236/2323/1782 1234/2324/1783 1241/2325/1784
f 139/450/253 144/2078/1626 143/517/313
f 222/706/465 146/2303/1769 137/449/252
f 1271/2326/1785 5552/2327/1786 1324/2328/1787
f 5670/490/289 5673/2329/1788 178/2330/340 170/491/290
f 1030/1768/1385 1032/1770/1387 5514/1779/1396 5523/1780/1397
f 1037/1868/1391 1039/2331/1393 1048/1858/1457
f 235/1857/1456 232/550/342 5512/623/404 231/2332/581
f 5508/644/425 210/626/407 236/1846/1449 5511/1845/1448
f 1048/1858/1457 1327/2333/1789 231/2332/581 5512/623/404
f 5520/1793/1410 1047/1792/1409 5512/623/404
f 483/730/486 490/1044/730 394/2334/1790 425/731/487
f 490/1044/730 474/903/606 427/906/609 394/2334/1790
f 428/902/494 394/993/683 427/2335/494
f 355/739/493 324/1206/493 255/1929/1512 315/789/515
f 480/735/491 489/857/563 423/944/637 395/2336/1791
f 479/736/492 480/735/491 395/2336/1791 421/1899/1486
f 137/449/252 146/2303/1769 145/2079/1627
f 138/472/274 220/2314/1775 222/706/465
f 1187/2153/1695 1188/2337/1792 4845/2338/1793 4917/2339/1794 4904/2340/1795 4844/2341/1796
f 1198/2146/1688 1199/662/439 4854/2342/1797 5005/2343/1798 4992/2344/1799 4853/2345/1800
f 1196/2346/1801 1197/2347/1802 4852/2348/1803 4989/2349/1804 4976/2350/1805 4851/2351/1806
f 1194/2011/1563 1195/2352/1807 4850/2353/1808 4973/2354/1809 4960/2355/1810 4849/2356/1811
f 1192/2142/1684 1193/2008/1560 4848/2357/1812 4957/2358/1813 4944/2359/1814 4847/2360/1815
f 1190/2361/1816 1191/2143/1685 4846/2362/1817 4941/2363/1818 4928/2364/1819
f 1200/661/438 1185/1904/1491 4842/2365/1820 4893/2366/1821 5008/2367/1822 4855/2368/1823
f 1188/2337/1792 1189/2369/1824 4925/2370/1825 4912/2371/1826 4845/2338/1793
f 1199/662/439 1200/661/438 4855/2368/1823 5013/2372/1827 5000/2373/1828 4854/2342/1797
f 4896/2374/1829 4901/2375/1830 4843/2376/1831
f 1197/2347/1802 1198/2146/1688 4853/2345/1800 4997/2377/1832 4984/2378/1833 4852/2348/1803
f 1195/2352/1807 1196/2346/1801 4851/2351/1806 4981/2379/1834 4968/2380/1835 4850/2353/1808
f 1193/2008/1560 1194/2011/1563 4849/2356/1811 4965/2381/1836 4952/2382/1837 4848/2357/1812
f 1191/2143/1685 1192/2142/1684 4847/2360/1815 4949/2383/1838 4936/2384/1839 4846/2362/1817
f 1189/2369/1824 1190/2361/1816 4933/2385/1840 4920/2386/1841
f 1222/2387/1842 1216/2388/1843 1217/2389/1844 1223/2390/1845
f 1226/2391/1846 1219/2392/1847 1220/2393/1848 1227/2394/460
f 1223/2390/1845 1217/2389/1844 1218/2395/1849 1228/2396/1850
f 1224/2397/1851 1215/2398/1852 1216/2388/1843 1222/2387/1842
f 1227/2394/460 1220/2393/1848 1221/2399/1853 1225/2400/459
f 1228/2396/1850 1218/2395/1849 1219/2392/1847 1226/2391/1846
f 4701/1437/1097 4728/2401/1854 1236/2323/1782 827/1438/1098
f 4728/2401/1854 4731/2402/1855 1234/2324/1783 1236/2323/1782
f 4734/2403/1856 1233/912/614 1291/2404/1857 4739/2405/1858
f 4740/2406/1859 4734/2407/1856 1290/2408/1860 1244/2409/1861
f 1008/1457/1117 1270/2410/1862 1231/2296/1766 805/1456/1116
f 805/1456/1116 1231/2296/1766 1230/1498/1158 803/1454/1114
f 4730/2297/1767 1231/2296/1766 1270/2410/1862 4737/2411/1863
f 4736/2412/1864 1235/2413/1865 4732/2414/1866
f 5625/2415/1867 1250/2416/1868 1249/2417/1869 5622/2418/1870
f 5660/2308/1771 171/2307/308 214/592/301 5674/591/381
f 1254/2419/1871 1257/2420/1872 1261/2421/1873 1262/2422/1874
f 1257/2423/1872 1256/2424/1875 1260/2425/1876 1261/2426/1873
f 1255/2427/1877 1263/2428/1878 1259/2429/1879 1256/2424/1875
f 5651/2430/1880 5626/2431/1881 1253/2432/1882 5567/2433/1883
f 5444/2434/1884 2199/2435/1885 2118/2436/1886 5421/2437/1887
f 1253/2438/1882 1258/2439/1888 1257/2420/1872 1254/2419/1871
f 5639/2440/1889 5628/2441/1890 1273/2442/1631 5541/2443/1630
f 5566/2444/1891 5571/2445/1892 5574/2446/1893 5579/2447/1894
f 1307/2448/1895 1306/2449/1896 1266/2450/1897 1268/2451/1898
f 1269/2452/1899 1264/2453/1900 1265/2454/1901 1267/2455/1902
f 5584/2456/1903 5582/2457/1904 5585/2458/1905
f 1236/2323/1782 1239/2459/1906 1238/2460/1907
f 5575/2461/1908 5587/2462/1909 1308/2463/1910 1264/2453/1900
f 2204/2464/1911 2092/2065/1616 5488/2465/1912 1299/2466/1913
f 5622/2418/1870 1249/2417/1869 5631/2467/1914
f 5645/2468/1915 5618/2469/1916 1249/2417/1869
f 5650/2470/1917 5655/2471/1918 1248/1326/996
f 1253/2432/1882 5626/2431/1881 1255/2472/1877 1258/2473/1888
f 5657/2474/1919 5653/2475/1920 1247/2476/1921
f 1238/2460/1907 1239/2459/1906 1249/2477/1869 1250/2478/1868
f 4731/2402/1855 4738/2479/1922 1235/2413/1865 1234/2324/1783
f 807/1460/1120 1232/1799/1415 1270/2410/1862 1008/1457/1117
f 808/1418/1078 4703/1417/1077 4705/1508/1168 809/1507/1167
f 937/1759/1376 938/2134/1677 1023/1760/1377
f 5258/1786/1403 5303/2480/1923 1271/2481/1785 1272/1787/1404
f 1324/2328/1787 5552/2327/1786 1297/2482/1924 1325/2483/1925
f 1271/2481/1785 5303/2480/1923 5556/2484/1926 5552/2485/1786
f 1298/2486/1927 5635/2487/1928 5308/2488/1929
f 1277/2489/1930 2026/2490/1931 1276/1328/998
f 1277/2489/1930 1276/1328/998 1278/2491/1932 1279/2492/1933
f 1279/2492/1933 1278/2491/1932 1280/2493/1934 1281/2494/1935
f 1281/2494/1935 1280/2493/1934 1282/2495/1936 1283/2496/1937
f 1283/2496/1937 1282/2495/1936 1284/2497/1938 1285/2498/1939
f 1285/2498/1939 1284/2497/1938 1286/2499/1940 1287/2500/1941
f 1287/2500/1941 1286/2499/1940 1288/2501/1942 1289/2502/1943
f 4735/2503/1944 1237/1800/1416 1311/913/615 4741/2504/1945
f 4741/2504/1945 1311/913/615 1233/912/614 4734/2403/1856
f 1288/2501/1942 1290/2505/1860 1292/2506/1946 1289/2502/1943
f 1268/2451/1898 1266/2450/1897 1293/2507/1947 1294/2508/1948
f 5630/2509/1949 1307/2510/1895 1268/2511/1898 5623/2512/1950
f 5554/2513/1951 5551/2080/1628 1273/2083/1631 5304/2514/1952
f 5633/2515/1953 5309/2516/1954 5308/2488/1929 5635/2487/1928
f 1293/2507/1947 5548/2517/1955 5544/2518/1956 1294/2508/1948
f 5304/2519/1952 1273/2442/1631 5628/2441/1890 5632/2520/1957
f 5307/2521/1958 5311/2522/1959 1304/2523/1960 1298/2524/1927
f 5542/2525/1961 5636/2526/1962 5641/2527/1963 5543/2528/1964
f 5306/2529/1965 1296/2530/1966 1299/2466/1913 5310/2531/1967
f 1295/2532/1968 1296/2530/1966 5306/2529/1965 5309/2533/1954
f 5307/2521/1958 1298/2524/1927 5308/2534/1929
f 1305/2535/1969 5470/2536/1970 5473/2537/1971
f 5311/2522/1959 5494/2538/1972 5466/2539/1973 1304/2523/1960
f 5414/2540/1974 5443/2541/1975 1303/2542/1976
f 5313/1913/1496 5452/2543/1977 5409/2544/1978 1302/2545/1979
f 1301/2546/1980 5405/2547/1981 5417/2548/1982 2203/2549/1983
f 5410/2550/1984 2201/2551/1985 2200/2552/1986 5413/2553/1987
f 5463/2554/1988 5487/2064/1615 2205/2067/1618 1300/2555/1989
f 1303/2542/1976 5469/2556/1990 5467/2557/1991 1302/2558/1979
f 5493/1914/1497 5313/1913/1496 1302/2545/1979 5467/2559/1991
f 1302/2558/1979 5409/2560/1978 5414/2540/1974 1303/2542/1976
f 5310/2531/1967 1299/2466/1913 5464/2561/1992 5490/2562/1993
f 1267/2455/1902 1265/2454/1901 1306/2449/1896 1307/2448/1895
f 1249/2417/1869 5621/2563/1994 5631/2467/1914
f 2092/2065/1616 1266/2450/1897 1306/2449/1896 2091/2066/1617
f 5578/2564/1995 5575/2461/1908 1264/2453/1900 1269/2452/1899
f 5317/2565/1996 2221/2566/1997 2201/2567/1985 5315/2568/1998
f 1309/2569/1999 1301/2546/1980 2203/2549/1983 2202/2570/2000
f 5663/594/382 172/593/304 199/2571/380 5664/2572/2001
f 4736/2412/1864 4740/2406/1859 1244/2409/1861 1235/2413/1865
f 1290/2505/1860 1288/2501/1942 1312/2573/2002
f 1290/2505/1860 4734/2574/1856 4739/2575/1858 1292/2506/1946
f 1275/2576/2003 1278/2491/1932 1276/1328/998 1274/1327/997
f 1285/2577/1939 1287/2578/1941 1321/2579/2004 1320/2580/2005
f 1283/2581/1937 1285/2577/1939 1320/2580/2005 1319/2582/1036
f 1281/2583/1935 1283/2581/1937 1319/2582/1036 1318/2584/2006
f 1279/2585/1933 1281/2583/1935 1318/2584/2006 1317/2586/2007
f 1277/2587/1930 1279/2585/1933 1317/2586/2007 1316/2588/2008
f 1289/2589/1943 1292/2590/1946 1323/2591/2009 1322/2592/2010
f 1292/2590/1946 4739/2405/1858 1291/2404/1857 1323/2591/2009
f 1289/2589/1943 1322/2592/2010 1321/2579/2004 1287/2578/1941
f 1259/2429/1879 1260/2425/1876 1256/2424/1875
f 1263/2428/1878 2026/2593/1931 2045/2594/2011 1259/2429/1879
f 2026/2593/1931 1277/2587/1930 1316/2588/2008 2045/2594/2011
f 2024/2188/1728 2025/2187/1727 1261/2426/1873 1260/2425/1876
f 1224/2595/1851 1222/2596/1842 7074/2597/12
f 7074/2597/12 1222/2596/1842 1223/2598/1845 7073/2599/12
f 7073/2599/12 1223/2598/1845 1228/2600/1850 7077/2601/12
f 1228/2600/1850 1226/2602/1846 7077/2601/12
f 7077/2601/12 1226/2602/1846 1227/700/460 7078/699/12
f 439/2603/494 440/2604/494 418/2605/494 417/2606/494
f 7075/2607/12 1291/2404/1857 1046/911/12
f 1291/2404/1857 7071/2608/2012 1323/2591/2009
f 1323/2591/2009 7071/2608/2012 1322/2592/2010
f 7071/2608/2012 7070/2609/2013 1321/2579/2004 1322/2592/2010
f 7070/2609/2013 7072/2610/2014 1321/2579/2004
f 7076/698/12 1225/697/459 7072/2610/2014
f 1321/2579/2004 7072/2610/2014 1225/697/459
f 1320/2580/2005 1321/2579/2004 1225/697/459
f 1234/2324/1783 1235/2413/1865 1315/2611/2015
f 4737/2411/1863 1270/2410/1862 1232/1799/1415 4733/2612/2016
f 4733/2612/2016 1232/1799/1415 1237/1800/1416 4735/2503/1944
f 5625/2415/1867 5636/2526/1962 5542/2525/1961 1250/2416/1868
f 5550/2613/2017 5553/2614/2018 5302/2136/1679 1246/2135/1678
f 5629/2615/2019 5638/2616/2020 5545/2617/2021 1295/2618/1968
f 1304/2619/1960 5466/2620/1973 5470/2536/1970 1305/2535/1969
f 5302/2136/1679 5553/2614/2018 5556/2484/1926 5303/2480/1923
f 1305/2535/1969 1326/2621/2022 1298/2622/1927 1304/2619/1960
f 1298/2622/1927 1326/2621/2022 1325/2483/1925 1297/2482/1924
f 1367/2623/2023 1439/2624/2024 1440/2625/2025
f 358/806/493 253/1023/709 312/816/493 337/773/493
f 242/1679/1324 241/11/10 311/786/513 310/808/527
f 1574/2626/2026 1575/2627/2027 1517/2628/2028 1518/2629/2029
f 1375/2630/2030 1378/2631/2031 1572/2632/2032 1571/2633/2033
f 1420/2634/623 1411/2635/1755 1447/1930/623
f 1379/2636/1755 1377/2637/1755 1410/2638/1755 1411/2635/1755
f 1373/2639/629 1409/2640/629 1408/2641/629 1372/2642/629
f 1397/2643/629 1396/2644/629 1414/2645/2034 1415/2646/2035
f 1390/2647/2025 1413/2648/2025 1412/2649/2025 1389/2650/2025
f 1385/2651/629 1356/2652/629 1400/2653/2036 1401/2654/629
f 1423/2655/629 1424/2656/2037 1376/2657/2038 1371/2658/629
f 1395/2659/629 1354/2660/2039 1425/2661/2040 1426/2662/2041
f 1398/2663/629 1428/2664/2042 1427/2665/2043 1394/2666/2044
f 1366/2667/623 1430/2668/623 1429/2669/623 1365/2670/623
f 1399/2671/623 1359/2672/2045 1433/2673/2046 1434/2674/623
f 1368/2675/2047 1437/896/601 1436/899/604 1358/2676/629
f 1398/2663/629 1397/2643/629 1415/2646/2035 1428/2664/2042
f 1395/2659/629 1426/2662/2041 1414/2645/2034 1396/2644/629
f 1390/2647/2025 1353/2677/2048 1419/1028/714 1413/2648/2025
f 1388/2678/2049 1387/2679/623 1403/2151/1693 1441/1029/715
f 1382/2680/629 1383/2681/2050 1407/1933/1514 1421/2682/2051
f 1378/2257/1755 1422/2256/1755 1410/2638/1755 1377/2637/1755
f 1357/2683/629 1435/2684/629 1409/2640/629 1373/2639/629
f 1399/2671/623 1434/2674/623 1406/1942/1517 1370/2685/623
f 1352/2686/2052 1446/1926/1509 1443/1928/1511 1349/2687/2053
f 1351/2688/2054 1350/2689/2055 1444/2690/2055 1445/2691/2056
f 1366/2667/623 1451/2692/623 1450/2693/623 1430/2668/623
f 1387/2679/623 1386/2694/2057 1402/1919/1502 1403/2151/1693
f 1447/1930/623 1407/1933/1514 1383/2681/2050 1380/2695/623
f 1370/2685/623 1406/1942/1517 1405/1943/1518 1369/2696/2058
f 1393/2697/2059 1417/2698/2060 1450/2693/623 1451/2692/623
f 1408/2641/629 1423/2655/629 1371/2658/629 1372/2642/629
f 1363/2699/2061 1438/2700/2062 1404/2701/623 1448/2702/623
f 1381/2703/623 1420/2634/623 1447/1930/623 1380/2695/623
f 1357/2683/629 1358/2676/629 1436/899/604 1435/2684/629
f 1384/2704/629 1385/2651/629 1401/2654/629 1418/2705/629
f 1361/2706/2025 1432/2707/2025 1431/2708/2063 1360/2709/2064
f 1449/2710/629 1442/1920/1503 1402/1919/1502 1386/2694/2057
f 1362/2711/2065 1367/2623/2023 1432/2707/2025 1361/2706/2025
f 1391/2712/2066 1392/2713/2025 1440/2625/2025 1439/2624/2024
f 1460/2714/2067 1461/2715/1508 1477/2716/2068 1476/2717/2069
f 1456/2718/2070 1457/2719/2071 1473/2720/2072 1472/2721/2073
f 1467/2722/2074 1452/2723/2075 1468/2724/2075 1483/2725/2076
f 1454/2726/602 1455/2727/2077 1471/2728/2078 1470/2729/2079
f 1452/2730/2075 1453/2731/2080 1469/2732/2081 1468/2733/2075
f 1463/2734/2082 1464/2735/2083 1480/2736/2084 1479/2737/2085
f 1459/2738/2086 1460/2714/2067 1476/2717/2069 1475/2739/2087
f 1455/2727/2077 1456/2718/2070 1472/2721/2073 1471/2728/2078
f 1453/2731/2080 1454/2726/602 1470/2729/2079 1469/2732/2081
f 1464/2735/2083 1465/2740/2084 1481/2741/2088 1480/2736/2084
f 1381/2703/623 1379/2636/1755 1411/2635/1755 1420/2634/623
f 1421/2682/2051 1400/2653/2036 1356/2652/629 1382/2680/629
f 1378/2631/2031 1377/2742/2089 1581/2743/2090 1572/2632/2032
f 1449/2710/629 1384/2704/629 1418/2705/629 1442/1920/1503
f 1341/2744/2091 1485/2745/2092 1443/1928/1511 1343/2746/2093
f 1392/2713/2025 1389/2650/2025 1412/2649/2025 1440/2625/2025
f 1368/2675/2047 1369/2696/2058 1405/1943/1518 1437/896/601
f 1462/2747/1507 1463/2734/2082 1479/2737/2085 1478/2748/2094
f 1611/2749/2095 1609/2750/2096 1553/2751/2097 1552/2752/2098
f 1457/2719/2071 1458/2753/1519 1474/2754/2099 1473/2720/2072
f 1444/2690/2055 1342/898/603 1452/2755/2075
f 1557/2756/2100 1573/2757/2101 1538/2758/2102 1529/2759/2103
f 1608/2760/2104 1610/2761/581 1539/2762/773 1554/2763/2105
f 1474/2754/2106 1475/2739/2107 1613/2764/2108 1612/2765/13
f 2146/2766/2109 1195/2352/1807 1194/2011/1563 2144/2010/1562
f 1465/2740/2084 1466/2767/2110 1482/2768/2111 1481/2741/2088
f 1560/2769/2112 1559/2770/2113 1509/2771/2114 1510/2772/2115
f 1439/2624/2024 1438/2700/2062 1363/2699/2061 1391/2712/2066
f 1342/898/603 1454/897/602 1453/2773/2080
f 1359/2672/2045 1360/2709/2064 1431/2708/2063 1433/2673/2046
f 1562/2774/2116 1561/2775/2117 1511/2776/2118 1496/2777/2119
f 1496/933/629 1511/2778/629 1533/2779/629 1534/934/629
f 1537/2780/629 1522/2781/2120 1520/1889/629
f 1388/2678/2049 1441/1029/715 1419/1028/714 1353/2677/2048
f 1566/2782/2121 1565/2783/2122 1495/2784/2123 1519/2785/2124
f 1333/1030/716 1441/1029/715 1403/2151/1693
f 1609/2750/2096 1608/2760/2104 1554/2763/2105 1553/2751/2097
f 1528/928/628 1527/2786/2125 1487/925/625
f 434/2787/2126 433/1234/908 423/1233/907 424/2788/2127
f 1459/2789/2086 1458/1944/1519 1332/664/441
f 1475/2739/2107 1476/2717/2128 1614/2790/618 1613/2764/2108
f 1620/2791/12 1607/2792/2129 1544/2793/2130 1543/2794/2131
f 444/1896/493 402/2795/2132 420/2796/2133 421/1897/1484
f 739/1350/1018 858/1356/1022 741/1534/1019 717/1351/994
f 1535/2139/623 1508/923/623 1538/922/623
f 314/795/517 238/723/479 237/1941/1516 313/810/528
f 1705/2797/2134 1733/2798/2135 1716/2799/2136 1732/713/472
f 1573/2757/2101 1577/2800/2137 1505/2801/2138 1538/2758/2102
f 1581/2743/2090 1580/2802/2139 1516/2803/2140 1515/2804/2141
f 1580/2802/2139 1574/2626/2026 1518/2629/2029 1516/2803/2140
f 1472/2721/2142 1473/2720/2143 1607/2792/2129 1620/2791/12
f 1577/2800/2137 1585/2805/2144 1504/2806/2145 1505/2801/2138
f 1610/2807/581 1615/2808/2146 1540/2809/2147 1539/2810/773
f 1587/2811/2148 1570/2812/2149 1499/2813/2150 1500/2814/2151
f 1588/2815/2152 1584/2816/2153 1525/2817/2154 1526/2818/2155
f 1579/2819/2156 1589/2820/2157 1502/2821/2158 1527/2822/2159
f 1589/2820/2157 1590/2823/2160 1536/2824/2161 1502/2821/2158
f 1614/2790/618 1616/2825/2162 1548/2826/2163 1547/2827/2164
f 1591/2828/2165 1592/2829/2166 1531/2830/2167 1493/2831/2168
f 1593/2832/2169 1594/2833/2170 1523/2834/2171 1522/2835/2172
f 1592/2829/2166 1595/2836/2173 1532/2837/2174 1531/2830/2167
f 1569/2838/2175 1587/2811/2148 1500/2814/2151 1501/2839/2175
f 1567/2840/2176 1593/2832/2169 1522/2835/2172 1537/2841/2177
f 1473/2720/2143 1474/2754/2106 1612/2765/13 1607/2792/2129
f 1616/2825/2162 1606/2842/2178 1549/2843/2179 1548/2826/2163
f 1599/2844/2180 1600/2845/2181 1535/2846/2182 1498/2847/2183
f 1595/2836/2173 1601/2848/2184 1533/2849/2185 1532/2837/2174
f 1522/2781/2120 1486/2850/2186 1520/1889/629
f 1486/2850/2186 1524/2851/2187 1517/2852/2188
f 1540/2853/2189 1541/2854/2190 3339/2855/2191
f 1602/2856/2192 1562/2774/2116 1496/2777/2119 1497/2857/2193
f 1561/2775/2117 1560/2769/2112 1510/2772/2115 1511/2776/2118
f 1618/2858/2194 1620/2791/12 1543/2794/2131 1542/2859/2195
f 1604/2860/2196 1576/2861/2197 1507/2862/2198 1508/2863/2199
f 1601/2848/2184 1596/2864/2200 1534/2865/2201 1533/2849/2185
f 1374/2866/2202 1375/2630/2030 1571/2633/2033 1563/2867/2203
f 1565/2783/2122 1583/2868/618 1521/2869/618 1495/2784/2123
f 1590/2823/2160 1603/2870/2204 1494/2871/2205 1536/2824/2161
f 1619/2872/458 1611/2749/2095 1552/2752/2098 1551/2873/458
f 1600/2845/2181 1604/2860/2196 1508/2863/2199 1535/2846/2182
f 1594/2833/2170 1598/2874/2206 1524/2875/2207 1523/2834/2171
f 1586/2876/2208 1602/2856/2192 1497/2857/2193 1506/2877/2209
f 1559/2770/2113 1564/2878/2210 1514/2879/2211 1509/2771/2114
f 1426/2662/2041 1425/2661/2040 1345/2880/2212
f 1381/2881/2213 1380/2882/2214 1575/2627/2027 1574/2626/2026
f 1393/2883/2215 1451/2884/2216 1573/2757/2101 1557/2756/2100
f 954/691/457 953/690/456 951/1683/1327 950/1682/1326
f 1427/2665/2043 1345/2880/2212 1417/2698/2060
f 1372/2885/2217 1371/2886/2218 1559/2770/2113 1560/2769/2112
f 1357/2887/2219 1373/2888/2220 1561/2775/2117 1562/2774/2116
f 1382/2889/2221 1356/2890/2222 1565/2783/2122 1566/2782/2121
f 1451/2884/2216 1366/2891/2223 1577/2800/2137 1573/2757/2101
f 1389/2892/2224 1392/2893/2225 1578/2894/2226 1584/2816/2153
f 1377/2742/2089 1379/2895/2227 1580/2802/2139 1581/2743/2090
f 1379/2895/2227 1381/2881/2213 1574/2626/2026 1580/2802/2139
f 1380/2882/2214 1383/2896/2228 1582/2897/2229 1575/2627/2027
f 1568/2898/2230 1567/2840/2176 1537/2841/2177 1520/2899/2231
f 1366/2891/2223 1365/2900/2232 1585/2805/2144 1577/2800/2137
f 1369/2901/2233 1368/2902/2234 1586/2876/2208 1576/2861/2197
f 1361/2903/2235 1360/2904/2236 1570/2812/2149 1587/2811/2148
f 1390/2905/2237 1389/2892/2224 1584/2816/2153 1588/2815/2152
f 1363/2906/2238 1448/2907/2239 1590/2823/2160 1589/2820/2157
f 1354/2660/2039 1355/2908/2240 1345/2880/2212 1425/2661/2040
f 1354/2909/2241 1395/2910/2242 1592/2829/2166 1591/2828/2165
f 1386/2911/2243 1387/2912/2244 1594/2833/2170 1593/2832/2169
f 1395/2910/2242 1396/2913/2245 1595/2836/2173 1592/2829/2166
f 1362/2914/2175 1361/2903/2235 1587/2811/2148 1569/2838/2175
f 1394/2915/2246 1393/2883/2215 1557/2756/2100 1558/2916/2247
f 1524/2875/2207 1598/2874/2206 1597/2917/2248 1492/2918/2249
f 1449/2919/2250 1386/2911/2243 1593/2832/2169 1567/2840/2176
f 1383/2896/2228 1382/2889/2221 1566/2782/2121 1582/2897/2229
f 1376/2920/2251 1374/2866/2202 1563/2867/2203 1564/2878/2210
f 1367/2623/2023 1362/2711/2065 1364/2921/2252 1346/2922/2253
f 1359/2923/2254 1399/2924/2255 1600/2845/2181 1599/2844/2180
f 1396/2913/2245 1397/2925/2256 1601/2848/2184 1595/2836/2173
f 1385/2926/2257 1384/2927/2258 1568/2898/2230 1583/2928/2257
f 5348/2929/2259 5347/2930/2260 2175/2931/2261 2178/2932/2262
f 1358/2933/2263 1357/2887/2219 1562/2774/2116 1602/2856/2192
f 1373/2888/2220 1372/2885/2217 1560/2769/2112 1561/2775/2117
f 1391/2934/2264 1363/2906/2238 1589/2820/2157 1579/2819/2156
f 1448/2702/623 1404/2701/623 1345/2880/2212 1355/2908/2240
f 1370/2935/2265 1369/2901/2233 1576/2861/2197 1604/2860/2196
f 1397/2925/2256 1398/2936/2266 1596/2864/2200 1601/2848/2184
f 1355/2937/2267 1354/2909/2241 1591/2828/2165 1603/2870/2204
f 1356/2890/2222 1385/2938/618 1583/2868/618 1565/2783/2122
f 1448/2907/2239 1355/2937/2267 1603/2870/2204 1590/2823/2160
f 1399/2924/2255 1370/2935/2265 1604/2860/2196 1600/2845/2181
f 1387/2912/2244 1388/2939/2268 1598/2874/2206 1594/2833/2170
f 1368/2902/2234 1358/2933/2263 1602/2856/2192 1586/2876/2208
f 1371/2886/2218 1376/2920/2251 1564/2878/2210 1559/2770/2113
f 1481/2741/2269 1482/2768/2270 1609/2750/2096 1611/2749/2095
f 1483/2725/2271 1468/2724/582 1610/2761/581 1608/2760/2104
f 1607/2792/2129 1612/2765/13 1545/2940/2272 1544/2793/2130
f 1482/2768/2270 1483/2725/2271 1608/2760/2104 1609/2750/2096
f 1612/2765/13 1613/2764/2108 1546/2941/2273 1545/2940/2272
f 1468/2733/582 1469/2732/2274 1615/2808/2146 1610/2807/581
f 1476/2717/2128 1477/2716/2275 1616/2825/2162 1614/2790/618
f 1479/2737/2276 1480/2736/458 1619/2872/458 1605/2942/2277
f 1613/2764/2108 1614/2790/618 1547/2827/2164 1546/2941/2273
f 1477/2716/2275 1478/2748/2278 1606/2842/2178 1616/2825/2162
f 1615/2808/2146 1617/2943/24 1541/2944/2279 1540/2809/2147
f 1470/2729/2280 1471/2728/2281 1618/2858/2194 1617/2943/24
f 1471/2728/2281 1472/2721/2142 1620/2791/12 1618/2858/2194
f 1480/2736/458 1481/2741/2269 1611/2749/2095 1619/2872/458
f 1485/2745/2092 1484/2945/2282 1349/2687/2053 1443/1928/1511
f 1335/1921/1504 1343/2746/2093 1443/1928/1511
f 1392/2893/2225 1391/2934/2264 1579/2819/2156 1578/2894/2226
f 1492/1079/763 1518/1078/762 1517/2852/2188
f 1353/2946/2283 1390/2905/2237 1588/2815/2152 1597/2917/2248
f 1346/2922/2253 1429/2669/623 1404/2701/623
f 1365/2670/623 1429/2669/623 1346/2922/2253 1364/2921/2252
f 2066/2947/2284 1662/2948/2285 1663/2949/2286 2067/2950/2287
f 1661/2951/2288 1662/2948/2285 2068/2952/2289
f 5720/2953/2290 1979/2954/2291 1978/2955/2292 5722/2956/2293
f 1977/1603/1255 1978/2957/2294 1632/1604/1256
f 1632/2958/2295 1980/2959/2296 89/2960/806 90/2961/790
f 1629/1957/1527 1984/1960/1529 1983/2283/1546
f 1631/1605/1257 1981/2962/2297 1976/1606/1258
f 1980/2963/2298 1632/1604/1256 1979/2964/2299
f 1652/2965/2300 1645/2966/2301 1646/2967/2302 1650/2968/2303
f 1651/2969/2304 1644/2970/2305 1645/2966/2301 1652/2965/2300
f 3341/2971/2306 1626/2972/2307 1201/2973/1419
f 1642/2974/2308 1649/2975/2309 1647/2976/2310 1643/2977/2311
f 1647/2976/2310 1652/2965/2300 1650/2968/2303 1648/2978/2312
f 1649/2975/2309 1651/2969/2304 1652/2965/2300 1647/2976/2310
f 1653/2979/2313 1654/2980/2314 1656/2981/2315 1657/2982/2316
f 1658/2983/2317 1204/2984/1368 1203/2985/2318 1646/2967/2302
f 1657/2982/2316 1656/2981/2315 1660/2986/2319 1659/2987/2320
f 1660/2986/2319 1658/2983/2317 1646/2967/2302 1645/2966/2301
f 1650/2968/2303 1646/2967/2302 1203/2985/2318
f 1659/2987/2320 1660/2986/2319 1645/2966/2301 1644/2970/2305
f 1676/2988/2321 1666/2989/2322 1667/2990/2323 1673/2991/2324
f 1673/2991/2324 1667/2990/2323 1668/2992/2325 1675/2993/2326
f 1674/2994/2327 1665/2995/2328 1666/2989/2322 1676/2988/2321
f 1662/2996/2285 1669/2997/2329 1670/2998/2330 1663/2999/2286
f 1663/2999/2286 1670/2998/2330 1672/3000/2331 1664/3001/2332
f 1661/3002/2288 1671/3003/2333 1669/2997/2329 1662/2996/2285
f 1669/2997/2329 1676/2988/2321 1673/2991/2324 1670/2998/2330
f 1670/2998/2330 1673/2991/2324 1675/2993/2326 1672/3000/2331
f 1671/3003/2333 1674/2994/2327 1676/2988/2321 1669/2997/2329
f 1678/3004/2334 1679/3005/2335 1682/3006/2336 1681/3007/2337
f 1679/3005/2335 1680/3008/2338 1684/3009/2339 1682/3006/2336
f 1677/3010/2340 1678/3004/2334 1681/3007/2337 1683/3011/2341
f 1681/3007/2337 1682/3006/2336 1685/3012/2342 1688/3013/2343
f 1682/3006/2336 1684/3009/2339 1687/3014/2344 1685/3012/2342
f 1683/3011/2341 1681/3007/2337 1688/3013/2343 1686/3015/2345
f 1688/3013/2343 1685/3012/2342 1667/2990/2323 1666/2989/2322
f 1685/3012/2342 1687/3014/2344 1668/2992/2325 1667/2990/2323
f 1686/3015/2345 1688/3013/2343 1666/2989/2322 1665/2995/2328
f 2007/3016/2346 2008/3017/2347 1689/3018/2348 1692/3019/2349
f 1709/3020/2350 1720/3021/2351 1716/2799/2136 1712/3022/2352
f 1722/3023/2353 1698/3024/2354 1699/3025/2355 1723/1836/1446
f 1724/3026/2356 1696/3027/2357 1697/3028/2358 1725/3029/2359
f 1726/3030/2360 1694/3031/2361 1695/3032/2362 1727/3033/2363
f 1725/3029/2359 1697/3028/2358 1698/3024/2354 1722/3023/2353
f 1727/3033/2363 1695/3032/2362 1696/3027/2357 1724/3026/2356
f 1728/3034/2364 1693/3035/2365 1694/3031/2361 1726/3030/2360
f 618/1239/909 647/1218/893 630/1190/867 646/1240/913
f 1721/3036/2366 1702/3037/2367 1703/3038/2368 1717/3039/2369
f 1715/3040/2370 1700/3041/2371 1701/3042/2372 1718/3043/2373
f 1706/3044/2374 1719/3045/2375 1733/2798/2135
f 1717/3039/2369 1703/3038/2368 1704/710/469 1720/3021/2351
f 1718/3043/2373 1701/3042/2372 1702/3037/2367 1721/3036/2366
f 1736/3046/2376 1734/3047/2377 1707/1977/1535 1731/1979/1536
f 1710/3048/2378 1721/3036/2366 1717/3039/2369 1713/3049/2379
f 1711/3050/2380 1715/3040/2370 1718/3043/2373 1714/3051/2381
f 1712/3022/2352 1716/2799/2136 1719/3045/2375 1708/3052/2382
f 1713/3049/2379 1717/3039/2369 1720/3021/2351 1709/3020/2350
f 1714/3051/2381 1718/3043/2373 1721/3036/2366 1710/3048/2378
f 1697/3053/2358 1709/3020/2350 1712/3022/2352 1698/3054/2354
f 1695/3055/2362 1710/3048/2378 1713/3049/2379 1696/3056/2357
f 1693/3057/2365 1711/3050/2380 1714/3051/2381 1694/3058/2361
f 1698/3054/2354 1712/3022/2352 1708/3052/2382 1699/3059/2355
f 1696/3056/2357 1713/3049/2379 1709/3020/2350 1697/3053/2358
f 1694/3058/2361 1714/3051/2381 1710/3048/2378 1695/3055/2362
f 1733/3060/2135 1735/3061/2383 1729/3062/2384 1706/3063/2385
f 1735/3061/2383 1736/3046/2376 1731/1979/1536 1729/3062/2384
f 630/1190/867 634/1189/866 617/1219/894 646/1240/913
f 1719/3045/2375 1716/2799/2136 1733/2798/2135
f 1705/3064/2134 1730/3065/471 1735/3061/2383 1733/3060/2135
f 617/1219/894 735/1342/1011 644/1241/910 646/1240/913
f 1705/2797/2134 1732/713/472 1730/712/471
f 1216/2388/1843 1738/3066/2386 1739/3067/2387 1217/2389/1844
f 124/3068/245 687/1304/969 683/1294/959 651/1253/919
f 1219/2392/1847 1741/3069/2388 1742/3070/2389 1220/2393/1848
f 1217/2389/1844 1739/3067/2387 1740/3071/2390 1218/2395/1849
f 1215/2398/1852 1737/3072/2391 1738/3066/2386 1216/2388/1843
f 1220/2393/1848 1742/3070/2389 1743/3073/2392 1221/2399/1853
f 1218/2395/1849 1740/3071/2390 1741/3069/2388 1219/2392/1847
f 1776/3074/2393 1746/3075/2394 1747/3076/2395 1772/3077/2396
f 1777/1272/937 1744/1306/971 1745/3078/2397 1773/3079/2398
f 1778/3080/2399 1749/3081/2400 1750/3082/2401 1774/3083/2402
f 1772/3077/2396 1747/3076/2395 1748/3084/2403 1775/3085/2404
f 1773/3079/2398 1745/3078/2397 1746/3075/2394 1776/3074/2393
f 1775/3085/2404 1748/3084/2403 1749/3081/2400 1778/3080/2399
f 1790/3086/2405 1755/3087/2406 1756/3088/2407 1786/3089/2408
f 1791/3090/2409 1753/3091/2410 1754/3092/2411 1787/3093/2412
f 1792/3094/2413 1751/3095/2414 1752/3096/2415 1788/3097/2416
f 1786/3089/2408 1756/3088/2407 1757/3098/2417 1789/3099/2418
f 1787/3093/2412 1754/3092/2411 1755/3087/2406 1790/3086/2405
f 1788/3097/2416 1752/3096/2415 1753/3091/2410 1791/3090/2409
f 1765/3100/2419 1758/3101/2420 1759/3102/2421 1768/3103/2422
f 1766/3104/2423 1760/1273/938 1761/3105/2424 1769/3106/2425
f 1767/3107/2426 1762/3108/2427 1763/3109/2428 1770/3110/2429
f 1768/3103/2422 1759/3102/2421 1764/3111/2430 1771/3112/2431
f 1769/3106/2425 1761/3105/2424 1758/3101/2420 1765/3100/2419
f 1771/3112/2431 1764/3111/2430 1762/3108/2427 1767/3107/2426
f 1739/3067/2387 1765/3100/2419 1768/3103/2422 1740/3071/2390
f 1737/3072/2391 1766/3104/2423 1769/3106/2425 1738/3066/2386
f 1742/3070/2389 1767/3107/2426 1770/3110/2429 1743/3073/2392
f 1740/3071/2390 1768/3103/2422 1771/3112/2431 1741/3069/2388
f 1738/3066/2386 1769/3106/2425 1765/3100/2419 1739/3067/2387
f 1741/3069/2388 1771/3112/2431 1767/3107/2426 1742/3070/2389
f 1758/3101/2420 1776/3074/2393 1772/3077/2396 1759/3102/2421
f 1760/1273/938 1777/1272/937 1773/3079/2398 1761/3105/2424
f 1759/3102/2421 1772/3077/2396 1775/3085/2404 1764/3111/2430
f 1761/3105/2424 1773/3079/2398 1776/3074/2393 1758/3101/2420
f 1719/3045/2375 1706/3044/2374 658/1314/2432 678/1305/970
f 1764/3111/2430 1775/3085/2404 1778/3080/2399 1762/3108/2427
f 1748/3113/2433 1779/3114/2434 1780/3115/2435 1749/3116/2400
f 1746/3117/2436 1781/3118/2437 1782/3119/2438 1747/3120/2439
f 1744/3121/2440 1783/3122/2441 1784/3123/2442 1745/3124/2443
f 1749/3116/2400 1780/3115/2435 1785/3125/2444 1750/3126/2401
f 1747/3120/2439 1782/3119/2438 1779/3114/2434 1748/3113/2433
f 1745/3124/2443 1784/3123/2442 1781/3118/2437 1746/3117/2436
f 1779/3114/2434 1790/3086/2405 1786/3089/2408 1780/3115/2435
f 1781/3118/2437 1791/3090/2409 1787/3093/2412 1782/3119/2438
f 1783/3122/2441 1792/3094/2413 1788/3097/2416 1784/3123/2442
f 1780/3115/2435 1786/3089/2408 1789/3099/2418 1785/3125/2444
f 1782/3119/2438 1787/3093/2412 1790/3086/2405 1779/3114/2434
f 1784/3123/2442 1788/3097/2416 1791/3090/2409 1781/3118/2437
f 1795/3127/2445 1796/3128/2446 1799/3129/2447 1798/3130/2448
f 1793/2149/1691 1794/3131/2449 1801/3132/2450 1800/2150/1692
f 1796/3128/2446 1797/3133/1533 1803/3134/2451 1799/3129/2447
f 1794/3131/2449 1795/3127/2445 1798/3130/2448 1801/3132/2450
f 722/1335/1005 731/1974/1534 713/1320/990 720/1323/993
f 1798/3130/2448 1799/3129/2447 1804/3135/2452 1808/3136/2453
f 1800/2150/1692 1801/3132/2450 1805/3137/2454 1809/3138/2455
f 1812/3139/2456 1802/2147/1689 1806/3140/2457
f 1799/3129/2447 1803/3134/2451 1807/3141/2458 1804/3135/2452
f 1801/3132/2450 1798/3130/2448 1808/3136/2453 1805/3137/2454
f 1802/2147/1689 1800/2150/1692 1809/3138/2455 1806/3140/2457
f 1808/3136/2453 1804/3135/2452 1756/3088/2407 1755/3087/2406
f 1809/3138/2455 1805/3137/2454 1754/3092/2411 1753/3091/2410
f 1810/3142/2459 1806/3140/2457 1752/3096/2415 1751/3095/2414
f 1804/3135/2452 1807/3141/2458 1757/3098/2417 1756/3088/2407
f 1805/3137/2454 1808/3136/2453 1755/3087/2406 1754/3092/2411
f 1806/3140/2457 1809/3138/2455 1753/3091/2410 1752/3096/2415
f 1814/3143/2460 1810/3142/2459 1751/3095/2414
f 1810/3142/2459 1812/3139/2456 1806/3140/2457
f 1810/3142/2459 1814/3143/2460 1813/3144/2461
f 1812/3139/2456 1810/3142/2459 1813/3144/2461
f 1813/3144/2461 1814/3143/2460 1707/3145/1535
f 1815/711/470 1816/3146/2462 1794/3147/2463 1793/3148/2464
f 1816/3146/2462 1817/3149/2465 1795/3150/2466 1794/3147/2463
f 1817/3149/2465 1818/3151/2467 1796/3152/2446 1795/3150/2466
f 1818/3151/2467 1819/1967/1530 1797/1970/1533 1796/3152/2446
f 1821/1969/1532 1929/3153/2468 1797/1970/1533
f 1819/1967/1530 1700/3041/2371 1820/3154/2469 1932/1968/1531
f 1701/3042/2372 1700/3041/2371 1819/1967/1530 1818/3151/2467
f 1812/3139/2456 1813/3144/2461 1707/3145/1535 1734/3155/2377
f 1715/3040/2370 1919/3156/2470 1820/3154/2469 1700/3041/2371
f 1675/2993/2326 1668/2992/2325 1644/2970/2305 1651/2969/2304
f 1664/3001/2332 1672/3000/2331 1649/2975/2309 1642/2974/2308
f 1672/3000/2331 1675/2993/2326 1651/2969/2304 1649/2975/2309
f 1680/3008/2338 1653/2979/2313 1657/2982/2316 1684/3009/2339
f 1684/3009/2339 1657/2982/2316 1659/2987/2320 1687/3014/2344
f 1687/3014/2344 1659/2987/2320 1644/2970/2305 1668/2992/2325
f 1789/3099/2418 1757/3098/2417 1665/2995/2328 1674/2994/2327
f 1750/3126/2401 1785/3125/2444 1671/3003/2333 1661/3002/2288
f 1785/3125/2444 1789/3099/2418 1674/2994/2327 1671/3003/2333
f 1797/3133/1533 1677/3010/2340 1683/3011/2341 1803/3134/2451
f 1803/3134/2451 1683/3011/2341 1686/3015/2345 1807/3141/2458
f 1807/3141/2458 1686/3015/2345 1665/2995/2328 1757/3098/2417
f 1704/710/469 1703/3038/2368 1816/3146/2462 1815/711/470
f 1703/3038/2368 1702/3037/2367 1817/3149/2465 1816/3146/2462
f 1702/3037/2367 1701/3042/2372 1818/3151/2467 1817/3149/2465
f 1932/1968/1531 1820/3154/2469 1822/3157/2471 1933/3158/2472
f 4758/3159/2473 1825/3160/2474 1892/3161/2475 4799/3162/2476
f 1935/3163/2477 1837/3164/2478 1825/3160/2474 1934/3165/2479
f 1693/3035/2365 1728/3034/2364 1827/3166/2480 1826/3167/2481
f 1830/3168/2482 1831/3169/447 1829/2203/1739 1828/3170/2483
f 1826/3167/2481 1827/3166/2480 1831/3169/447 1830/3168/2482
f 1834/3171/2484 1835/2202/1738 1833/3172/2485 1832/3173/2486
f 1828/3170/2483 1829/2203/1739 1835/2202/1738 1834/3171/2484
f 1933/3158/2472 1822/3157/2471 1837/3164/2478 1935/3163/2477
f 1839/3174/2487 1841/3175/2488 1830/3176/2482 1828/3177/2483
f 1837/3164/2478 1822/3157/2471 1840/3178/2489 1838/3179/2490
f 1838/3179/2490 1840/3178/2489 1841/3175/2488 1839/3174/2487
f 1844/2204/1740 1845/3180/2491 1842/3181/2492 1843/3182/2493
f 1831/3169/447 1827/3166/2480 1845/3180/2491 1844/2204/1740
f 1844/2204/1740 1843/3182/2493 1846/3183/2494 1847/3184/2495
f 1847/3184/2495 1846/3183/2494 1848/3185/2496 1849/3186/458
f 1849/3186/458 1848/3185/2496 1850/3187/2497 1851/3188/2498
f 1851/3188/2498 1850/3187/2497 1852/3189/2499 1853/3190/2500
f 4762/3191/2501 1891/3192/2502 2080/3193/2503 4809/3194/2504
f 2074/3195/2505 2075/3196/2506 1854/3197/2507 1855/3198/2508
f 1855/3198/2508 1854/3197/2507 1856/3199/2509 1857/3200/2510
f 1857/3200/2510 1856/3199/2509 1858/3201/2511 1859/3202/2512
f 4766/3203/2513 1867/3204/2514 1870/3205/2515 4774/3206/2516
f 4772/3207/2517 4770/3208/2518 1907/3209/2519 1908/3210/2520
f 1869/3211/2521 4773/3212/2522 4783/3213/2523 1884/3214/2524
f 1855/3198/2508 1857/3200/2510 1863/3215/2525 1862/3216/2526
f 1862/3216/2526 1863/3215/2525 1865/3217/2527 1864/3218/2528
f 1859/3202/2512 1858/3201/2511 1867/3204/2514 1866/3219/2529
f 1859/3202/2512 1866/3219/2529 1868/3220/2530 1860/3221/2531
f 1860/3221/2531 1868/3220/2530 1869/3211/2521 1861/3222/2532
f 4767/3223/2533 4775/3224/2534 1903/3225/2535 1905/3226/2536
f 4775/3224/2534 4777/3227/2537 1904/3228/2538 1903/3225/2535
f 4777/3227/2537 4779/3229/2539 1901/3230/2540 1904/3228/2538
f 4779/3229/2539 4781/465/267 1902/468/270 1901/3230/2540
f 4744/3231/2541 133/463/265 134/461/263 4746/469/271
f 1875/3232/2542 1871/3233/2543 1877/3234/2544 1878/3235/2545
f 1878/3235/2545 1877/3234/2544 1879/3236/2546 1880/3237/2547
f 2078/3238/2548 1880/3237/2547 1879/3236/2546 2077/3239/2549
f 1871/3233/2543 1870/3205/2515 1872/3240/2550
f 1873/3241/2551 1877/3234/2544 1871/3233/2543 1872/3240/2550
f 1874/3242/2552 1879/3236/2546 1877/3234/2544 1873/3241/2551
f 2077/3239/2549 1879/3236/2546 1874/3242/2552 2076/3243/2553
f 1854/3197/2507 1874/3242/2552 1873/3241/2551 1856/3199/2509
f 1858/3201/2511 1872/3240/2550 1870/3205/2515 1867/3204/2514
f 1856/3199/2509 1873/3241/2551 1872/3240/2550 1858/3201/2511
f 2076/3243/2553 1874/3242/2552 1854/3197/2507 2075/3196/2506
f 105/445/248 1876/444/247 1881/3244/2554 126/464/266
f 126/464/266 1881/3244/2554 1882/3245/2555 95/462/264
f 604/459/261 2079/3246/2556 1883/3247/2557 96/541/333
f 2078/3238/2548 2079/3246/2556 1882/3245/2555 1880/3237/2547
f 1880/3237/2547 1882/3245/2555 1881/3244/2554 1878/3235/2545
f 1876/444/247 1875/3232/2542 1878/3235/2545 1881/3244/2554
f 4782/3248/2558 4772/3207/2517 1908/3210/2520 1909/3249/2559
f 4784/3250/2560 4782/3248/2558 1909/3249/2559 1910/3251/2561
f 4786/3252/2562 4784/3250/2560 1910/3251/2561 1911/3253/2563
f 4788/3254/2564 4786/3252/2562 1911/3253/2563 1912/3255/2565
f 4790/3256/2566 4788/3254/2564 1912/3255/2565 1913/3257/2567
f 4792/3258/2568 4790/3256/2566 1913/3257/2567 1915/3259/2569
f 1916/2201/1737 1917/3260/2570 1891/3192/2502 1890/3261/2571
f 4808/3262/2572 4792/3258/2568 1915/3259/2569 2083/3263/2573
f 4795/3264/2574 4801/3265/2575 1894/3266/2576 1832/3267/2486
f 1838/3179/2490 1839/3174/2487 1893/3268/2577 1892/3161/2475
f 1837/3164/2478 1838/3179/2490 1892/3161/2475 1825/3160/2474
f 1892/3161/2475 1893/3268/2577 1894/3266/2576
f 1832/3267/2486 1894/3266/2576 1893/3268/2577 1834/3269/2484
f 1834/3269/2484 1893/3268/2577 1839/3174/2487 1828/3177/2483
f 4800/3270/2578 4794/3271/2579 1937/3272/2580 1938/3273/2581
f 4798/3274/2582 4800/3270/2578 1938/3273/2581 1942/3275/2583
f 4798/3274/2582 1942/3275/2583 1940/1987/1542 4759/1986/1541
f 4797/3276/2584 4764/3277/2585 1943/3278/2586 1944/3279/2587
f 1844/2204/1740 1853/3190/2500 1916/2201/1737
f 2083/3263/2573 1915/3259/2569 1898/3280/2588 2081/3281/2589
f 2081/3281/2589 1898/3280/2588 1900/3282/2590 2082/3283/2591
f 4743/446/249 105/445/248 133/463/265 4744/3231/2541
f 1884/3214/2524 4783/3213/2523 4785/3284/2592 1885/3285/2593
f 4776/3286/2594 1871/3233/2543 1875/3232/2542 4778/3287/2595
f 4778/3287/2595 1875/3232/2542 1876/444/247 4780/443/246
f 1866/3219/2529 4769/3288/2596 4771/3289/2597 1868/3220/2530
f 1866/3219/2529 1867/3204/2514 4766/3203/2513 4769/3288/2596
f 4770/3208/2518 4768/3290/2598 1906/3291/2599 1907/3209/2519
f 1885/3285/2593 4785/3284/2592 4787/3292/2600 1886/3293/2601
f 4774/3206/2516 1870/3205/2515 1871/3233/2543 4776/3286/2594
f 1868/3220/2530 4771/3289/2597 4773/3212/2522 1869/3211/2521
f 1888/3294/2602 4791/3295/2603 4793/3296/2604 1889/3297/2605
f 1887/3298/2606 4789/3299/2607 4791/3295/2603 1888/3294/2602
f 1886/3293/2601 4787/3292/2600 4789/3299/2607 1887/3298/2606
f 4797/3276/2584 1944/3279/2587 1937/3272/2580 4794/3271/2579
f 4809/3194/2504 2080/3193/2503 1889/3297/2605 4793/3296/2604
f 1865/3217/2527 1888/3294/2602 1889/3297/2605 1864/3218/2528
f 1861/3222/2532 1865/3217/2527 1863/3215/2525 1860/3221/2531
f 1857/3200/2510 1859/3202/2512 1860/3221/2531 1863/3215/2525
f 2074/3195/2505 1855/3198/2508 1862/3216/2526 2084/3300/2608
f 1853/3190/2500 1852/3189/2499 1917/3260/2570 1916/2201/1737
f 2084/3300/2608 2085/3301/2609 1917/3260/2570 1852/3189/2499
f 2080/3193/2503 2085/3301/2609 1864/3218/2528 1889/3297/2605
f 1888/3294/2602 1865/3217/2527 1861/3222/2532 1887/3298/2606
f 1886/3293/2601 1887/3298/2606 1861/3222/2532
f 1840/3178/2489 1919/3156/2470 1918/3302/2610 1841/3175/2488
f 1826/3303/2481 1830/3176/2482 1841/3175/2488 1918/3302/2610
f 1711/3050/2380 1693/3057/2365 1826/3303/2481 1918/3302/2610
f 1820/3154/2469 1919/3156/2470 1840/3178/2489 1822/3157/2471
f 1919/3156/2470 1715/3040/2370 1711/3050/2380 1918/3302/2610
f 96/541/333 1883/3247/2557 1920/3304/458 605/701/461
f 1845/3180/2491 1920/3304/458 1883/3247/2557 1842/3181/2492
f 2087/3305/2611 2088/3306/2612 1922/3307/2613 1921/3308/2614
f 1939/3309/2615 1941/1988/1543 1945/3310/2616 1946/3311/2617
f 1941/1988/1543 1940/1987/1542 1945/3310/2616
f 1939/3309/2615 1946/3311/2617 1926/3312/2618 1927/3313/2619
f 1824/3314/2620 4760/3315/2621 4803/3316/2622 1925/3317/2623
f 4761/3318/2624 4804/1985/1540 1941/1988/1543 1939/3309/2615
f 1946/3311/2617 1896/3319/2625 1947/3320/2626 1926/3312/2618
f 1762/3108/2427 1778/3080/2399 1774/3083/2402 1763/3109/2428
f 1821/1969/1532 1932/1968/1531 1933/3158/2472 1823/3321/2627
f 4761/3318/2624 1939/3309/2615 1927/3313/2619 4802/3322/2628
f 1836/3323/2629 1935/3163/2477 1934/3165/2479 1824/3314/2620
f 1823/3321/2627 1933/3158/2472 1935/3163/2477 1836/3323/2629
f 1895/1607/1259 5705/1610/1262 5706/3324/2630 1936/3325/2631
f 1946/3311/2617 1945/3310/2616 1936/3325/2631 1896/3319/2625
f 1894/3266/2576 4801/3265/2575 4799/3162/2476 1892/3161/2475
f 1934/3165/2479 1825/3160/2474 4758/3159/2473 4805/3326/2632
f 4764/3277/2585 4763/3327/2633 1914/3328/2634 1943/3278/2586
f 4763/3327/2633 4808/3262/2572 2083/3263/2573 1914/3328/2634
f 2087/3305/2611 1921/3308/2614 1943/3278/2586
f 4768/3290/2598 4767/3223/2533 1905/3226/2536 1906/3291/2599
f 1832/3173/2486 1833/3172/2485 4796/3329/2635 4795/3330/2574
f 1940/1987/1542 1942/3275/2583 1945/3310/2616
f 1923/1608/1260 1987/1636/1286 5709/1635/1285 5707/1609/1261
f 1947/3320/2626 5710/3331/2636 5711/3332/1282 1928/3333/1281
f 1836/3323/2629 1931/3334/2637 1930/3335/2638 1823/3321/2627
f 1836/3323/2629 1824/3314/2620 1925/3317/2623 1931/3334/2637
f 1821/1969/1532 1823/3321/2627 1930/3335/2638 1929/3153/2468
f 1924/3336/2639 1677/3337/2340 1929/3153/2468
f 1975/3338/2640 5715/3339/2641 5728/3340/2642 2086/3341/2643
f 1900/3282/2590 1898/3280/2588 1948/3342/2644 1949/3343/2645
f 1949/3343/2645 1948/3342/2644 1950/3344/2646 1951/3345/2647
f 1951/3345/2647 1950/3344/2646 1952/3346/2648 1953/3347/2649
f 1953/3347/2649 1952/3346/2648 1954/3348/2650 1955/3349/2651
f 1955/3349/2651 1954/3348/2650 1956/3350/2652 1957/3351/2653
f 1957/3351/2653 1956/3350/2652 1958/3352/2654 1959/3353/2655
f 1959/3353/2655 1958/3352/2654 1960/3354/2656 1961/3355/2657
f 1961/3355/2657 1960/3354/2656 1962/3356/2658 1963/3357/2659
f 2014/3358/2660 2015/3359/2661 1964/3360/2662 1965/3361/2663
f 1898/3280/2588 1915/3259/2569 1913/3257/2567 1948/3342/2644
f 1949/3343/2645 1951/3345/2647 1967/3362/2664 1966/3363/2665
f 5717/3364/2666 5724/3365/2667 1977/3366/2668 1976/3367/2669
f 1970/3368/2670 5718/3369/2671 5721/3370/2672 1969/3371/2673
f 1969/3371/2673 5721/3370/2672 5723/3372/2674 1968/3373/2675
f 1968/3373/2675 5723/3372/2674 5725/3374/2676 1967/3362/2664
f 1966/3363/2665 1967/3362/2664 5725/3374/2676 5716/3375/2677
f 538/3376/2678 537/1/1 909/1127/807 908/3377/2679
f 5736/1633/1283 1653/3378/2313 1988/1634/1284
f 434/2787/2126 424/2788/2127 426/1107/787 400/1106/786
f 1983/3379/2680 1984/3380/2681 5713/3381/2682 5727/3382/2683
f 1953/3347/2649 1968/3373/2675 1967/3362/2664 1951/3345/2647
f 1955/3349/2651 1969/3371/2673 1968/3373/2675 1953/3347/2649
f 1957/3351/2653 1970/3368/2670 1969/3371/2673 1955/3349/2651
f 1959/3353/2655 1971/3383/2684 1970/3368/2670 1957/3351/2653
f 1961/3355/2657 1972/3384/2685 1971/3383/2684 1959/3353/2655
f 1963/3357/2659 1973/3385/2686 1972/3384/2685 1961/3355/2657
f 2014/3386/2660 2016/3387/2687 1973/3385/2686 1963/3357/2659
f 5714/3388/2688 1981/3389/2689 1982/3390/2690 5729/3391/2691
f 1980/3392/2296 5719/3393/2692 5730/3394/2693 3342/3395/2694
f 5722/2956/2293 1978/2955/2292 1977/3366/2668 5724/3365/2667
f 5726/3396/2695 1986/3397/2696 2089/3398/2697 5728/3340/2642
f 1971/3383/2684 5731/3399/2698 5718/3369/2671 1970/3368/2670
f 1983/3379/2680 5727/3382/2683 5729/3391/2691 1982/3390/2690
f 1716/2799/2136 1720/3021/2351 1704/710/469 1732/713/472
f 827/1438/1098 1236/2323/1782 1238/2460/1907 937/1759/1376
f 2088/3306/2612 1899/3400/2699 1985/3401/2700 2089/3398/2697
f 1923/1608/1260 1922/3307/2613 1986/3397/2696 1987/1636/1286
f 1896/3319/2625 5708/3402/2701 5710/3331/2636 1947/3320/2626
f 1930/3335/2638 1931/3334/2637 1991/3403/2702 1990/3404/2703
f 1926/3312/2618 1947/3320/2626 1928/3333/1281 1989/3405/2704
f 5726/3396/2695 5712/1637/1287 1987/1636/1286 1986/3397/2696
f 1925/3317/2623 4803/3316/2622 4806/3406/2705
f 1824/3314/2620 1934/3165/2479 4805/3326/2632 4760/3315/2621
f 2082/3283/2591 1900/3282/2590 1975/3338/2640 2086/3341/2643
f 1900/3282/2590 1949/3343/2645 1966/3363/2665 1975/3338/2640
f 1993/3407/2706 1992/3408/2707 1994/3409/2708 1995/3410/2709
f 1995/3410/2709 1994/3409/2708 1996/3411/2710 1997/3412/2711
f 2069/3413/2712 2070/3414/2713 1999/3415/2714 1998/3416/2715
f 1998/3416/2715 1999/3415/2714 2002/3417/2716 2001/3418/2717
f 2001/3418/2717 2002/3417/2716 2004/3419/2718 2003/3420/2719
f 1763/3109/2428 2000/3421/2720 2006/3422/2721 1770/3110/2429
f 1998/3416/2715 2001/3418/2717 2006/3422/2721 2000/3421/2720
f 2003/3420/2719 2005/3423/2722 2006/3422/2721 2001/3418/2717
f 1743/3073/2392 1770/3110/2429 2006/3422/2721 2005/3423/2722
f 2005/3423/2722 2003/3420/2719 2007/3016/2346 2009/3424/2723
f 2003/3420/2719 2004/3419/2718 2008/3017/2347 2007/3016/2346
f 2055/3425/2724 2054/3426/2725 2010/3427/2726 2017/3428/2727
f 2017/3429/2727 2010/3430/2726 2012/3431/2728 2018/3432/2729
f 1963/3357/2659 1962/3356/2658 2015/3433/2661 2014/3386/2660
f 1965/3361/2663 1974/3434/2730 2016/3435/2687 2014/3358/2660
f 2053/3436/2731 2055/3437/2724 2017/3438/2727 2011/3439/2732
f 2011/3439/2732 2017/3438/2727 2018/3440/2729 2013/3441/2733
f 2012/3431/2728 2010/3430/2726 2019/3442/2734 2020/3443/2735
f 1952/3346/2648 1950/3344/2646 1333/1030/716 1334/1918/1501
f 2056/3444/2736 2019/3445/2734 2010/3427/2726 2054/3426/2725
f 2020/3443/2735 2019/3442/2734 2021/2190/1730 2022/2189/1729
f 2021/3446/1730 2023/3447/2737 2025/3448/1727
f 2027/3449/2738 2028/3450/2739 2030/3451/2740 2029/3452/2741
f 2070/3414/2713 1997/3412/2711 2031/3453/2742 2072/3454/2743
f 2030/3451/2740 1999/3415/2714 2032/3455/2744 2029/3452/2741
f 1999/3415/2714 2030/3451/2740 2002/3417/2716
f 2002/3417/2716 2030/3451/2740 2028/3450/2739 2004/3419/2718
f 2004/3419/2718 2028/3450/2739 2033/3456/2745 2008/3017/2347
f 1996/3411/2710 2034/3457/2746 2031/3453/2742 1997/3412/2711
f 2031/3453/2742 2034/3457/2746 2037/3458/2747 2035/3459/2748
f 2072/3454/2743 2031/3453/2742 2035/3459/2748 2073/3460/2749
f 2027/3449/2738 2029/3452/2741 2039/3461/2750 2038/3462/2751
f 2013/3441/2733 2027/3449/2738 2038/3462/2751 2040/3463/2752
f 2042/3464/2753 2040/3463/2752 2038/3462/2751
f 2029/3452/2741 2032/3455/2744 2036/3465/2754 2039/3461/2750
f 1965/3361/2663 1964/3360/2662 2042/3464/2753 2043/3466/2755
f 2053/3436/2731 2011/3439/2732 2041/3467/2756 2057/3468/2757
f 2011/3439/2732 2013/3441/2733 2040/3463/2752 2041/3467/2756
f 1974/3434/2730 1965/3361/2663 2043/3466/2755 2044/3469/2758
f 2037/3458/2747 2044/3469/2758 2043/3466/2755 2035/3459/2748
f 2069/3413/2712 1998/3416/2715 2000/3421/2720 2071/3470/2759
f 2012/3431/2728 2020/3443/2735 1316/2588/2008 1317/2586/2007
f 1259/2429/1879 2024/2188/1728 1260/2425/1876
f 2018/3432/2729 1318/2584/2006 1691/3471/2760
f 1689/3472/2348 1691/3471/2760 1318/2584/2006 1319/2582/1036
f 1692/3473/2349 1689/3472/2348 1319/2582/1036
f 1910/3251/2561 2051/3474/2761 2049/3475/2762 1911/3253/2563
f 2052/3476/2763 2051/3474/2761 1909/3249/2559 2061/3477/2764
f 1333/1030/716 1950/3344/2646 2046/3478/2765 1331/1031/717
f 2048/3479/2766 2047/3480/2767 2049/3475/2762 2050/3481/2768
f 2050/3481/2768 2049/3475/2762 2051/3474/2761 2052/3476/2763
f 2015/3433/2661 1962/3356/2658 2054/3426/2725 2055/3425/2724
f 1964/3360/2662 2015/3359/2661 2055/3437/2724 2053/3436/2731
f 1960/3354/2656 2056/3444/2736 2054/3426/2725 1962/3356/2658
f 1964/3360/2662 2053/3436/2731 2057/3468/2757 2042/3464/2753
f 2025/3448/1727 2023/3447/2737 1262/2422/1874 1261/2421/1873
f 1909/3249/2559 2051/3474/2761 1910/3251/2561
f 2021/3446/1730 2058/3482/2769 2060/3483/2770 2023/3447/2737
f 2058/3482/2769 2021/3446/1730 2019/3445/2734 2056/3444/2736
f 1331/1031/717 2048/3479/2766 2132/2156/1698 1340/2152/1694
f 1960/3354/2656 1958/3352/2654 2056/3444/2736
f 1911/3253/2563 2049/3475/2762 2047/3480/2767 1912/3255/2565
f 1912/3255/2565 2047/3480/2767 2046/3478/2765 1913/3257/2567
f 1950/3344/2646 1948/3342/2644 1913/3257/2567 2046/3478/2765
f 1908/3210/2520 1907/3209/2519 2059/3484/2771 2062/3485/2772
f 1906/3291/2599 1905/3226/2536 2063/3486/171 2064/3487/175
f 1904/3228/2538 1901/3230/2540 125/467/269
f 1908/3210/2520 2062/3485/2772 2061/3477/2764 1909/3249/2559
f 1906/3291/2599 2064/3487/175 2059/3484/2771 1907/3209/2519
f 2056/3444/2736 1958/3352/2654 2058/3482/2769
f 1956/3350/2652 1954/3348/2650 1334/1918/1501 1335/1921/1504
f 2043/3466/2755 2042/3464/2753 2073/3460/2749 2035/3459/2748
f 1996/3411/2710 1994/3409/2708 2066/3488/2284 2067/3489/2287
f 5734/3490/2773 2065/3491/2774 1626/3492/2307
f 5733/3493/2775 5734/3490/2773 1626/3492/2307 3341/3494/2306
f 1992/3408/2707 2068/3495/2289 2066/3488/2284 1994/3409/2708
f 5719/3393/2692 1980/3392/2296 1979/2954/2291 5720/2953/2290
f 1995/3410/2709 1997/3412/2711 2070/3414/2713 2069/3413/2712
f 1999/3415/2714 2070/3414/2713 2072/3454/2743 2032/3455/2744
f 2032/3455/2744 2072/3454/2743 2073/3460/2749 2036/3465/2754
f 1995/3410/2709 2069/3413/2712 2071/3470/2759 1993/3407/2706
f 1850/3187/2497 1848/3185/2496 2075/3196/2506 2074/3195/2505
f 1842/3181/2492 2078/3238/2548 2077/3239/2549 1843/3182/2493
f 1843/3182/2493 2077/3239/2549 2076/3243/2553 1846/3183/2494
f 1846/3183/2494 2076/3243/2553 2075/3196/2506 1848/3185/2496
f 95/462/264 1882/3245/2555 2079/3246/2556 604/459/261
f 1842/3181/2492 1883/3247/2557 2079/3246/2556 2078/3238/2548
f 4765/3496/2776 4796/3329/2635 1833/3172/2485 1890/3261/2571
f 1914/3328/2634 2083/3263/2573 2081/3281/2589 1897/3497/2777
f 1897/3497/2777 2081/3281/2589 2082/3283/2591 1899/3400/2699
f 1890/3261/2571 1891/3192/2502 4762/3191/2501 4765/3496/2776
f 1850/3187/2497 2074/3195/2505 2084/3300/2608 1852/3189/2499
f 1862/3216/2526 1864/3218/2528 2085/3301/2609 2084/3300/2608
f 1891/3192/2502 1917/3260/2570 2085/3301/2609 2080/3193/2503
f 2086/3341/2643 5728/3340/2642 1985/3401/2700
f 3342/3395/2694 5730/3394/2693 5733/3493/2775 3341/3494/2306
f 1899/3400/2699 2082/3283/2591 2086/3341/2643 1985/3401/2700
f 1897/3497/2777 1899/3400/2699 2088/3306/2612 2087/3305/2611
f 1922/3307/2613 2088/3306/2612 2089/3398/2697 1986/3397/2696
f 1897/3497/2777 2087/3305/2611 1943/3278/2586 1914/3328/2634
f 2022/2189/1729 2024/2188/1728 1259/2429/1879 2045/2594/2011
f 1254/2419/1871 5570/3498/2778 5567/3499/1883 1253/2438/1882
f 1308/2463/1910 1251/3500/2779 1265/2454/1901 1264/2453/1900
f 2094/3501/2780 2095/1794/1411 2097/3502/2781 2096/3503/2782
f 2096/3503/2782 2097/3502/2781 2099/3504/2783 2098/3505/2784
f 2098/3505/2784 2099/3504/2783 2101/3506/2785 2100/3507/2786
f 2100/3507/2786 2101/3506/2785 2103/3508/2787 2102/3509/2788
f 2105/3510/2789 5321/3511/2790 5323/3512/2791 2107/3513/2792
f 2107/3513/2792 5323/3512/2791 5325/3514/2793 2109/3515/2794
f 2102/3509/2788 5319/3516/2795 5500/3517/2796 5475/3518/2797
f 2059/3484/2771 5485/3519/2798 2169/3520/2799 2062/3485/2772
f 5320/3521/2800 2103/3508/2787 2106/3522/2801 5322/3523/2802
f 5322/3523/2802 2106/3522/2801 2108/555/347 5324/554/346
f 2108/555/347 2106/3522/2801 2110/1796/1413 2111/1795/1412
f 2099/3504/2783 2110/1796/1413 2106/3522/2801 2101/3506/2785
f 2093/3524/2803 2108/555/347 2111/1795/1412 2095/1794/1411
f 2103/3508/2787 2101/3506/2785 2106/3522/2801
f 5318/3525/2804 5321/3511/2790 2105/3510/2789 2104/3526/1734
f 2102/3509/2788 2103/3508/2787 5320/3521/2800 5319/3516/2795
f 1903/3225/2535 2096/3503/2782 2063/3486/171 1905/3226/2536
f 2096/3503/2782 2098/3505/2784 2063/3486/171
f 2114/3527/2805 2170/3528/2806 5438/3529/2807 5426/3530/2808
f 2113/3531/2809 5478/3532/2810 5482/3533/2811 2120/3534/2812
f 2112/3535/2813 5327/3536/2814 5460/3537/2815 5425/3538/2816
f 2052/3476/2763 2061/3477/2764 5440/3539/2817 5439/3540/2818 2171/3541/2819
f 2114/3527/2805 5329/3542/2820 5333/3543/2821 2141/3544/2822
f 2115/3545/2823 5429/3546/2824 5434/3547/2825 2119/3548/2826
f 5476/3549/2827 5499/3550/2828 5327/3536/2814 2112/3535/2813
f 5426/3530/2808 5459/3551/2829 5329/3542/2820 2114/3527/2805
f 1639/3552/2830 1728/3034/2364 1726/3030/2360 1640/3553/458
f 1640/3553/458 1726/3030/2360 1727/3033/2363 1634/3554/458
f 1723/1836/1446 1641/1835/458 1722/3023/2353
f 1633/3555/458 1725/3029/2359 1722/3023/2353 1641/1835/458
f 1725/3029/2359 1633/3555/458 1724/3026/2356
f 1827/3166/2480 1728/3034/2364 1639/3552/2830
f 1827/3166/2480 1636/3556/2831 1845/3180/2491
f 1636/3556/2831 1638/3557/458 1845/3180/2491
f 5472/3558/2832 1328/3559/2833 2120/3534/2812 5482/3533/2811
f 1328/3559/2833 1303/2542/1976 5443/2541/1975 5422/3560/2834
f 5555/3561/2835 5305/3562/2836 1297/3563/1924 5552/2485/1786
f 5497/3564/2837 5478/3565/2810 2113/3566/2809 5326/3567/2838
f 1272/3568/1404 1271/2326/1785 1324/2328/1787 1327/2333/1789
f 5326/3567/2838 2113/3566/2809 5430/3569/2839 5455/3570/2840
f 5456/3571/2841 5429/3572/2824 2115/3573/2823 5328/3574/2842
f 5318/3525/2804 2104/3526/1734 5479/3575/1733 5496/3576/2843
f 2107/3577/2792 2117/3578/2844 2116/2195/1735
f 2123/2158/1700 2133/2157/1699 2124/3579/2845
f 1958/3352/2654 1956/3350/2652 1335/1921/1504
f 1337/3580/2846 2060/3483/2770 1336/1927/1510
f 1958/3352/2654 1335/1921/1504 1336/1927/1510 2058/3482/2769
f 2060/3483/2770 2058/3482/2769 1336/1927/1510
f 1331/1031/717 2046/3478/2765 2047/3480/2767 2048/3479/2766
f 2125/3581/2847 2127/3582/2848 2126/3583/2849 2124/3579/2845
f 2172/3584/2850 2173/3585/2851 2213/3586/2852
f 2135/3587/2853 2214/3588/2854 2212/3589/2855 2134/3590/2856
f 2132/2156/1698 2048/3479/2766 2050/3481/2768 2133/2157/1699
f 5584/2456/1903 1337/3580/2846 1338/3591/2857 2135/3587/2853
f 1308/2463/1910 5587/2462/1909 5589/3592/2858
f 1340/2152/1694 1330/1902/1489 1431/2708/2063
f 1570/2812/2149 1599/2844/2180 1498/2847/2183 1499/2813/2150
f 1578/2894/2226 1579/2819/2156 1527/2822/2159 1528/3593/2859
f 1429/2669/623 1430/2668/623 1450/2693/623
f 1724/3026/2356 1633/3555/458 1634/3554/458 1727/3033/2363
f 1404/2701/623 1438/2700/2062 1346/2922/2253
f 1345/2880/2212 1450/2693/623 1417/2698/2060
f 1428/2664/2042 1415/2646/2035 1345/2880/2212
f 1345/2880/2212 1415/2646/2035 1414/2645/2034
f 1345/2880/2212 1427/2665/2043 1428/2664/2042
f 1603/2870/2204 1591/2828/2165 1493/2831/2168 1494/2871/2205
f 1345/2880/2212 1414/2645/2034 1426/2662/2041
f 1442/1920/1503 1418/2705/629 1343/2746/2093
f 1388/2939/2268 1353/2946/2283 1597/2917/2248 1598/2874/2206
f 1419/1028/714 1331/1031/717 1413/2648/2025
f 1524/2851/2187 1486/2850/2186 1523/3594/623
f 422/3595/2860 420/2796/2133 402/2795/2132 401/3596/2861
f 1486/2850/2186 1522/2781/2120 1523/3594/623
f 1524/2851/2187 1492/1079/763 1517/2852/2188
f 1583/2928/2257 1568/2898/2230 1520/2899/2231 1521/3597/2257
f 1365/2900/2232 1364/3598/2862 1556/3599/2863 1585/2805/2144
f 1536/3600/623 1513/3601/2864 1502/3602/2865
f 1597/2917/2248 1588/2815/2152 1526/2818/2155 1492/2918/2249
f 1563/2867/2203 1571/2633/2033 1513/3603/2866 1512/3604/2867
f 1585/2805/2144 1556/3599/2863 1503/3605/2868 1504/2806/2145
f 1394/2666/2044 1427/2665/2043 1417/2698/2060 1393/2697/2059
f 443/929/493 446/931/493 413/2320/1779 406/2319/1778
f 1398/2936/2266 1394/2915/2246 1558/2916/2247 1596/2864/2200
f 437/3606/2869 446/931/493 416/930/493 415/3607/2870
f 1497/932/629 1530/935/630 1506/949/642
f 1630/2282/1762 1982/2284/1763 1981/2962/2297 1631/1605/1257
f 404/2096/494 419/3608/494 441/3609/494 442/2097/494
f 1596/2864/2200 1558/2916/2247 1530/3610/2871 1534/2865/2201
f 419/3608/494 418/2605/494 440/2604/494 441/3609/494
f 1558/2916/2247 1557/2756/2100 1529/2759/2103 1530/3610/2871
f 1564/2878/2210 1563/2867/2203 1512/3604/2867 1514/2879/2211
f 1360/2904/2236 1359/2923/2254 1599/2844/2180 1570/2812/2149
f 1454/897/602 1437/896/601 1455/3611/2077
f 1434/2674/623 1433/2673/2046 1330/1902/1489
f 1584/2816/2153 1578/2894/2226 1528/3593/2859 1525/2817/2154
f 1438/2700/2062 1439/2624/2024 1346/2922/2253
f 1367/2623/2023 1346/2922/2253 1439/2624/2024
f 1466/2767/2110 1467/2722/2074 1483/2725/2076 1482/2768/2111
f 1606/2842/2178 1605/2942/2277 1550/3612/2872 1549/2843/2179
f 1461/2715/1508 1462/2747/1507 1478/2748/2094 1477/2716/2068
f 5620/3613/2873 1267/3614/1902 1307/2510/1895 5630/2509/1949
f 1527/2786/2125 1502/3602/2865 1513/3601/2864 1487/925/625
f 242/1679/1324 310/808/527 350/826/536 243/1105/785
f 1384/2927/2258 1449/2919/2250 1567/2840/2176 1568/2898/2230
f 1407/1933/1514 1347/1932/1513 1421/2682/2051
f 1442/1920/1503 1343/2746/2093 1335/1921/1504
f 1343/2746/2093 1418/2705/629 1401/2654/629
f 1347/1932/1513 1400/2653/2036 1421/2682/2051
f 1193/2008/1560 1192/2142/1684 2143/2145/1687 2142/2009/1561
f 1376/2657/2038 1424/2656/2037 1347/1932/1513 1374/3615/2874
f 1375/2258/623 1374/3615/2874 1347/1932/1513 1416/1931/623
f 1408/2641/629 1409/2640/629 1341/2744/2091
f 1623/3616/12 1625/3617/12 1555/3618/12 1488/3619/12
f 1349/3620/12 1484/3621/12 1625/3617/12 1623/3616/12
f 1435/2684/629 1342/898/603 1409/2640/629
f 1576/2861/2197 1586/2876/2208 1506/2877/2209 1507/2862/2198
f 1342/898/603 1435/2684/629 1436/899/604
f 1455/3611/2077 1329/1905/1492 1456/3622/2070
f 1460/3623/2067 1459/2789/2086 1332/664/441
f 1115/2077/1625 5300/2076/1624 5298/2091/1639 1114/2090/1638
f 1437/896/601 1329/1905/1492 1455/3611/2077
f 1458/2753/1519 1459/2738/2086 1475/2739/2087 1474/2754/2099
f 1433/2673/2046 1431/2708/2063 1330/1902/1489
f 1338/3591/2857 1464/3624/2083 1339/1923/1506
f 354/798/519 244/1873/1467 243/1105/785 351/799/520
f 1330/1902/1489 1406/1942/1517 1434/2674/623
f 256/1597/1251 369/831/540 368/830/539 240/914/616
f 1338/3591/2857 1344/3625/2875 1466/3626/2110
f 1338/3591/2857 1466/3626/2110 1465/3627/2084
f 1478/2748/2278 1479/2737/2276 1605/2942/2277 1606/2842/2178
f 1338/3591/2857 1465/3627/2084 1464/3624/2083
f 1339/1923/1506 1464/3624/2083 1463/3628/2082
f 1467/3629/2074 1466/3626/2110 1344/3625/2875
f 1469/2732/2274 1470/2729/2280 1617/2943/24 1615/2808/2146
f 1452/2755/2075 1467/3629/2074 1344/3625/2875
f 1342/898/603 1453/2773/2080 1452/2755/2075
f 2018/3432/2729 2012/3431/2728 1317/2586/2007 1318/2584/2006
f 2022/2189/1729 2045/2594/2011 1316/2588/2008 2020/3443/2735
f 2008/3017/2347 2033/3456/2745 1691/3630/2760 1689/3018/2348
f 1743/3073/2392 2005/3423/2722 2009/3424/2723 1221/2399/1853
f 2009/3424/2723 2007/3016/2346 1692/3019/2349 1690/3631/2876
f 1225/2400/459 1221/2399/1853 2009/3424/2723 1690/3631/2876
f 1225/697/459 1690/3632/2876 1320/2580/2005
f 1319/2582/1036 1320/2580/2005 1690/3632/2876 1692/3473/2349
f 1648/2978/2312 1650/2968/2303 1203/2985/2318
f 1655/3633/2877 1204/2984/1368 1658/2983/2317
f 1654/2980/2314 1655/3633/2877 1656/2981/2315
f 1656/2981/2315 1655/3633/2877 1658/2983/2317 1660/2986/2319
f 1643/2977/2311 1647/2976/2310 1648/2978/2312 1627/3634/2878
f 1627/3634/2878 1648/2978/2312 1203/2985/2318
f 1202/3635/1420 1627/3634/2878 1203/2985/2318
f 1204/3636/1368 1655/3637/2877 1628/3638/2879
f 1654/3639/2314 1628/3638/2879 1655/3637/2877
f 86/386/189 247/1598/1252 256/1597/1251 87/387/190
f 5736/3640/2880 5711/3641/1282 5713/3381/2682 1984/3380/2681
f 1989/3642/2704 1928/1631/1281 1988/1634/1284
f 1653/3378/2313 1680/3643/2338 1988/1634/1284
f 1680/3643/2338 1679/3644/2335 1989/3642/2704 1988/1634/1284
f 1990/3645/2703 1991/3646/2702 1679/3644/2335
f 1348/663/440 1461/1925/1508 1460/3623/2067 1332/664/441
f 1677/3647/2340 1924/3648/2639 1678/3649/2334
f 1930/3335/2638 1990/3404/2703 1924/3336/2639 1929/3153/2468
f 1679/3644/2335 1678/3649/2334 1924/3648/2639 1990/3645/2703
f 1811/2148/1690 1812/3139/2456 1734/3155/2377
f 1811/3650/1690 1734/3047/2377 1736/3046/2376
f 1815/711/470 1793/3148/2464 1811/3651/1690 1730/712/471
f 1730/3065/471 1811/3650/1690 1736/3046/2376 1735/3061/2383
f 1811/2148/1690 1802/2147/1689 1812/3139/2456
f 1629/3652/2881 1630/3653/2882 92/3654/1525 93/3655/833
f 7075/2607/12 7071/2608/2012 1291/2404/1857
f 4738/2479/1922 4732/2414/1866 1235/2413/1865
f 7069/1738/12 7075/2607/12 1046/911/12
f 605/701/461 602/1983/458 136/452/255 218/585/376
f 2140/3656/2883 2139/3657/807 2138/3658/807 2137/3659/2884
f 5336/3660/2885 5335/3661/2886 2152/3662/2887 2153/3663/2888
f 2137/3664/2884 2151/3665/2889 5345/3666/2890 5330/3667/2891
f 2115/3545/2823 2119/3548/2826 2139/3657/807 2140/3656/2883
f 5331/3668/2892 5344/3669/2893 2157/3670/2894 2136/3671/2895
f 5328/3574/2842 2115/3573/2823 2140/3672/2883 5332/3673/2896
f 2126/3583/2849 2127/3582/2848 2141/3544/2822 2136/3671/2895
f 345/780/509 362/842/549 250/869/575 344/781/510
f 2179/3674/2897 2174/2208/1744 5346/3675/2898 5349/3676/2899
f 5344/3669/2893 5342/3677/2900 2156/3678/2901 2157/3670/2894
f 2151/3665/2889 2150/3679/2902 5343/3680/2903 5345/3666/2890
f 5342/3677/2900 5340/3681/2904 2155/3682/2905 2156/3678/2901
f 5340/3681/2904 5338/3683/2906 2154/3684/2907 2155/3682/2905
f 2180/3685/2908 5351/3686/2909 5334/3687/2910 2145/3688/2911
f 5332/3673/2896 2140/3672/2883 2137/3664/2884 5330/3667/2891
f 2150/3679/2902 2149/3689/2912 5341/3690/2913 5343/3680/2903
f 2149/3689/2912 2148/3691/2914 5339/3692/2915 5341/3690/2913
f 2148/3691/2914 2147/3693/2916 5337/3694/2917 5339/3692/2915
f 5350/3695/2918 2185/3696/2919 2152/3662/2887 5335/3661/2886
f 2141/3544/2822 5333/3543/2821 5331/3668/2892 2136/3671/2895
f 2222/3697/2920 2223/3698/2921 2159/3699/2922 2158/3700/2923
f 2158/3700/2923 2159/3699/2922 2161/3701/2924 2160/3702/2925
f 2153/3663/2888 2152/3662/2887 2160/3702/2925 2161/3701/2924
f 2224/3703/2926 2162/3704/2927 2159/3699/2922 2223/3698/2921
f 2225/3705/2928 2163/3706/2929 2162/3704/2927 2224/3703/2926
f 2226/3707/2930 2164/3708/2931 2163/3706/2929 2225/3705/2928
f 2227/3709/2932 2165/3710/2933 2164/3708/2931 2226/3707/2930
f 2136/3671/2895 2157/3670/2894 2211/3711/2934
f 2209/3712/2935 2211/3711/2934 2227/3709/2932
f 2157/3670/2894 2156/3678/2901 2165/3710/2933
f 2164/3708/2931 2165/3710/2933 2156/3678/2901 2168/3713/2936
f 2164/3708/2931 2168/3713/2936 2167/3714/2937 2163/3706/2929
f 2163/3706/2929 2167/3714/2937 2166/3715/2938 2162/3704/2927
f 2161/3701/2924 2159/3699/2922 2162/3704/2927 2166/3715/2938
f 2154/3684/2907 2153/3663/2888 2161/3701/2924 2166/3715/2938
f 2156/3678/2901 2155/3682/2905 2168/3713/2936
f 2168/3713/2936 2155/3682/2905 2167/3714/2937
f 2155/3682/2905 2154/3684/2907 2167/3714/2937
f 2166/3715/2938 2167/3714/2937 2154/3684/2907
f 2064/3487/175 2100/3507/2786 5484/3716/2939 2059/3484/2771
f 2170/3528/2806 2171/3541/2819 5439/3540/2818 5438/3529/2807
f 5430/3717/2839 2113/3531/2809 2120/3534/2812 5433/3718/2940
f 2114/3527/2805 2141/3544/2822 2127/3582/2848 2170/3528/2806
f 5315/2568/1998 5451/3719/2941 5448/3720/2942 5314/3721/2943
f 2062/3485/2772 2169/3520/2799 5437/3722/2944 5440/3539/2817 2061/3477/2764
f 2170/3528/2806 2127/3582/2848 2171/3541/2819
f 2127/3582/2848 2125/3581/2847 2171/3541/2819
f 2050/3481/2768 2171/3541/2819 2125/3581/2847
f 2171/3541/2819 2050/3481/2768 2052/3476/2763
f 2098/3505/2784 2100/3507/2786 2063/3486/171
f 5485/3519/2798 5476/3549/2827 2112/3535/2813 2169/3520/2799
f 550/3723/12 549/1838/12 637/1837/872 603/3724/1366
f 2178/3725/2262 2175/3726/2261 2176/3727/807 2177/3728/807
f 5353/3729/2945 2186/2118/1663 2185/3696/2919 5350/3695/2918
f 2175/2931/2261 5347/2930/2260 5358/3730/2946 2184/3731/2947
f 2172/3584/2850 2174/2208/1744 2179/3674/2897 2173/3585/2851
f 1120/2121/1666 1126/2109/1654 1119/2084/1632 1163/2014/1566
f 2233/2207/1743 2188/3732/2948 5357/3733/2949 5359/3734/2950
f 2184/3731/2947 5358/3730/2946 5356/3735/2951 2183/3736/2952
f 5357/3733/2949 2188/3732/2948 2187/2119/1664 5355/3737/2953
f 5355/3737/2953 2187/2119/1664 2186/2118/1663 5353/3729/2945
f 5338/3683/2906 5336/3660/2885 2153/3663/2888 2154/3684/2907
f 5346/3675/2898 2174/2208/1744 2233/2207/1743 5359/3734/2950
f 2183/3736/2952 5356/3735/2951 5354/3738/2954 2182/3739/2955
f 2182/3739/2955 5354/3738/2954 5352/3740/2956 2181/3741/2957
f 2181/3741/2957 5352/3740/2956 5351/3686/2909 2180/3685/2908
f 2147/3693/2916 2145/3688/2911 5334/3687/2910 5337/3694/2917
f 5290/2132/1676 5289/2075/1623 1106/2074/1620 1109/2133/1619
f 2158/3700/2923 2160/3702/2925 2191/3742/2958 2190/3743/2959
f 2185/3696/2919 2191/3742/2958 2160/3702/2925 2152/3662/2887
f 2231/3744/2960 2230/3745/2961 2190/3743/2959 2192/3746/2962
f 2232/3747/2963 2229/3748/2964 2193/3749/2965 2194/3750/2966
f 2228/3751/2967 2232/3747/2963 2194/3750/2966 2195/3752/2968
f 1120/2121/1666 1163/2014/1566 1105/2013/1565 1150/2122/1667
f 2194/3750/2966 2198/2120/1665 2188/3732/2948 2195/3752/2968
f 2194/3750/2966 2193/3749/2965 2197/2117/1662 2198/2120/1665
f 2193/3749/2965 2192/3746/2962 2196/3753/2969 2197/2117/1662
f 2191/3742/2958 2196/3753/2969 2192/3746/2962 2190/3743/2959
f 2186/2118/1663 2196/3753/2969 2191/3742/2958 2185/3696/2919
f 2188/3732/2948 2198/2120/1665 2187/2119/1664
f 417/2606/494 422/3595/2860 401/3596/2861 439/2603/494
f 2196/3753/2969 2186/2118/1663 2197/2117/1662
f 2222/3697/2920 2158/3700/2923 2190/3743/2959 2230/3745/2961
f 2229/3748/2964 2231/3744/2960 2192/3746/2962 2193/3749/2965
f 2195/3752/2968 2189/2206/1742 2228/3751/2967
f 2178/3725/2262 2177/3728/807 2199/2435/1885 2200/2552/1986
f 2219/2209/1745 2129/3754/2970 2189/2206/1742
f 1059/2184/1726 1158/2108/1653 1120/2121/1666 1060/2123/1668
f 5314/3721/2943 1301/2546/1980 1309/2569/1999 5316/3755/2971
f 5315/2568/1998 2201/2567/1985 5410/3756/1984 5451/3719/2941
f 5571/2445/1892 5582/2457/1904 5588/3757/2972 5574/2446/1893
f 1265/2454/1901 1251/3500/2779 2091/2066/1617 1306/2449/1896
f 1254/2419/1871 2090/3758/2973 5583/3759/2974 5570/3498/2778
f 1308/2463/1910 1310/3760/2975 2203/2549/1983
f 5433/3718/2940 2120/3534/2812 1328/3559/2833 5422/3560/2834
f 1310/3760/2975 2213/3586/2852 2173/3585/2851 2202/2570/2000
f 5312/1916/1499 1300/2555/1989 5406/3761/2976 5447/3762/2977
f 1309/2569/1999 2202/2570/2000 2173/3585/2851 2179/3674/2897
f 5348/2929/2259 2178/2932/2262 2221/2566/1997 5317/2565/1996
f 1310/3760/2975 2134/3590/2856 2212/3589/2855 2213/3586/2852
f 2169/3520/2799 2112/3535/2813 5425/3538/2816 5437/3722/2944
f 5526/641/422 1022/652/430 1021/653/431 1136/642/423
f 5491/1915/1498 5463/2554/1988 1300/2555/1989 5312/1916/1499
f 1296/2530/1966 5547/3763/2978 5549/3764/2979
f 2204/2464/1911 1293/2507/1947 1266/2450/1897 2092/2065/1616
f 5418/3765/2980 2205/2067/1618 2091/2066/1617 1251/3500/2779
f 5637/3766/2981 5624/3767/2982 1294/3768/1948 5544/3769/1956
f 2203/2549/1983 5417/2548/1982 1308/2463/1910
f 2132/2156/1698 1189/2369/1824 1340/2152/1694
f 81/399/202 80/398/201 1074/2179/1721 1073/1237/911
f 1196/2346/1801 2146/2766/2109 2206/3770/2983
f 2214/3588/2854 1339/1923/1506 2206/3770/2983
f 2214/3588/2854 2135/3587/2853 1339/1923/1506
f 2135/3587/2853 1338/3591/2857 1339/1923/1506
f 1077/2140/1682 83/395/198 82/394/197 1075/1238/912
f 88/2159/1701 87/387/190 256/1597/1251 240/914/616
f 238/723/479 74/725/481 73/408/211 237/1941/1516
f 2189/2206/1742 2195/3752/2968 2188/3732/2948 2233/2207/1743
f 1187/2153/1695 1340/2152/1694 1188/2337/1792
f 1189/2369/1824 1188/2337/1792 1340/2152/1694
f 1191/2143/1685 1190/2361/1816 2121/2144/1686
f 2132/2156/1698 2122/2155/1697 1189/2369/1824
f 1190/2361/1816 1189/2369/1824 2121/2144/1686
f 428/902/494 427/2335/494 403/3771/494 429/3772/494
f 1198/2146/1688 1197/2347/1802 1339/1923/1506
f 1200/661/438 1332/664/441 1185/1904/1491
f 1196/2346/1801 2206/3770/2983 1197/2347/1802
f 2206/3770/2983 1339/1923/1506 1197/2347/1802
f 1186/1903/1490 1187/2153/1695 4844/2341/1796 4909/3773/2984 4896/2374/1829 4843/2376/1831
f 4912/2371/1826 4917/2339/1794 4845/2338/1793
f 5000/2373/1828 5005/2343/1798 4854/2342/1797
f 5009/3774/2985 4892/3775/2986 4856/3776/2987 4887/3777/216
f 4984/2378/1833 4989/2349/1804 4852/2348/1803
f 4968/2380/1835 4973/2354/1809 4850/2353/1808
f 4952/2382/1837 4957/2358/1813 4848/2357/1812
f 4936/2384/1839 4941/2363/1818 4846/2362/1817
f 4920/2386/1841 4925/2370/1825 1189/2369/1824
f 5008/2367/1822 5013/2372/1827 4855/2368/1823
f 4904/2340/1795 4909/3773/2984 4844/2341/1796
f 4992/2344/1799 4997/2377/1832 4853/2345/1800
f 4976/2350/1805 4981/2379/1834 4851/2351/1806
f 4960/2355/1810 4965/2381/1836 4849/2356/1811
f 4944/2359/1814 4949/2383/1838 4847/2360/1815
f 2121/2144/1686 1189/2369/1824 2122/2155/1697
f 2136/3671/2895 2211/3711/2934 2126/3583/2849
f 2126/3583/2849 2211/3711/2934 2209/3712/2935 2124/3579/2845
f 2123/2158/1700 2124/3579/2845 2209/3712/2935 2210/3778/2988
f 2210/3778/2988 2207/3779/2989 2122/2155/1697 2123/2158/1700
f 2121/2144/1686 2122/2155/1697 2207/3779/2989 2208/3780/2990
f 2121/2144/1686 2208/3780/2990 2217/3781/2991 2143/2145/1687
f 2143/2145/1687 2217/3781/2991 2215/3782/2992 2142/2009/1561
f 2144/2010/1562 2142/2009/1561 2215/3782/2992 2216/3783/2993
f 2144/2010/1562 2216/3783/2993 2218/3784/2994 2146/2766/2109
f 1195/2352/1807 2146/2766/2109 1196/2346/1801
f 2214/3588/2854 2130/3785/2995 2128/3786/2996 2212/3589/2855
f 2129/3754/2970 2213/3586/2852 2212/3589/2855 2128/3786/2996
f 2172/3584/2850 2213/3586/2852 2129/3754/2970 2219/2209/1745
f 2174/2208/1744 2172/3584/2850 2219/2209/1745
f 938/2134/1677 1038/1784/1401 1023/1760/1377
f 1291/2404/1857 1233/912/614 1046/911/12
f 142/538/330 2094/3501/2780 125/467/269
f 2026/2490/1931 1263/3787/1878 1252/1329/999
f 2026/2490/1931 1252/1329/999 1276/1328/998
f 1450/2693/623 1345/2880/2212 1404/2701/623 1429/2669/623
f 1203/3788/2318 2220/3789/2997 1202/1804/1420
f 1662/2948/2285 2066/2947/2284 2068/2952/2289
f 237/1941/1516 73/408/211 240/914/616 366/867/573
f 1677/3337/2340 1797/1970/1533 1929/3153/2468
f 2119/3548/2826 5434/3547/2825 5421/2437/1887 2118/2436/1886
f 1309/2569/1999 2179/3674/2897 5349/3676/2899 5316/3755/2971
f 2178/3725/2262 2200/2552/1986 2201/2551/1985 2221/3790/1997
f 988/1733/1363 5524/2063/1614 1100/1847/1450 991/1734/1364
f 1324/2328/1787 1325/2483/1925 5473/2537/1971
f 2104/2194/1734 2105/3791/2789 2116/2195/1735
f 2200/2552/1986 2199/2435/1885 5444/2434/1884 5413/2553/1987
f 2133/2157/1699 2050/3481/2768 2125/3581/2847
f 1310/3760/2975 2202/2570/2000 2203/2549/1983
f 2133/2157/1699 2125/3581/2847 2124/3579/2845
f 2176/3727/807 2175/3726/2261 2184/3792/2947
f 2176/3727/807 2182/3793/2955 2181/3794/2957
f 2176/3727/807 2184/3792/2947 2183/3795/2952
f 2176/3727/807 2183/3795/2952 2182/3793/2955
f 2064/3487/175 2063/3486/171 2100/3507/2786
f 1829/2203/1739 1831/3169/447 1844/2204/1740
f 1853/3190/2500 1847/3184/2495 1851/3188/2498
f 1833/3172/2485 1835/2202/1738 1890/3261/2571
f 5623/2512/1950 1268/2511/1898 1294/3768/1948 5624/3767/2982
f 1847/3184/2495 1849/3186/458 1851/3188/2498
f 1835/2202/1738 1916/2201/1737 1890/3261/2571
f 1853/3190/2500 1844/2204/1740 1847/3184/2495
f 1635/3796/2998 1636/3556/2831 1827/3166/2480
f 638/1842/873 541/1840/12 542/1834/12 641/1833/880
f 1827/3166/2480 1639/3552/2830 1635/3796/2998
f 1638/3557/458 1637/3797/458 1845/3180/2491
f 2033/3456/2745 2018/3440/2729 1691/3630/2760
f 2042/3464/2753 2039/3461/2750 2036/3465/2754
f 2057/3468/2757 2041/3467/2756 2040/3463/2752
f 2042/3464/2753 2038/3462/2751 2039/3461/2750
f 2042/3464/2753 2057/3468/2757 2040/3463/2752
f 2073/3460/2749 2042/3464/2753 2036/3465/2754
f 5708/3402/2701 1896/3319/2625 1936/3325/2631 5706/3324/2630
f 1921/3308/2614 1922/3307/2613 1923/1608/1260 1895/1607/1259
f 1942/3275/2583 1938/3273/2581 1945/3310/2616
f 2215/3782/2992 2217/3781/2991 2223/3698/2921 2222/3697/2920
f 2208/3780/2990 2224/3703/2926 2223/3698/2921 2217/3781/2991
f 2207/3779/2989 2225/3705/2928 2224/3703/2926 2208/3780/2990
f 2210/3778/2988 2226/3707/2930 2225/3705/2928 2207/3779/2989
f 2209/3712/2935 2227/3709/2932 2226/3707/2930 2210/3778/2988
f 2227/3709/2932 2157/3670/2894 2165/3710/2933
f 2211/3711/2934 2157/3670/2894 2227/3709/2932
f 2218/3784/2994 2216/3783/2993 2230/3745/2961 2231/3744/2960
f 2130/3785/2995 2131/3798/2999 2229/3748/2964 2232/3747/2963
f 2128/3786/2996 2130/3785/2995 2232/3747/2963 2228/3751/2967
f 2215/3782/2992 2222/3697/2920 2230/3745/2961 2216/3783/2993
f 2131/3798/2999 2218/3784/2994 2231/3744/2960 2229/3748/2964
f 1526/1076/760 1525/927/627 1515/926/626 1516/1077/761
f 1208/3799/3000 1213/3800/3001 2242/3801/3001 2237/3802/3000
f 1635/3803/3002 1639/3804/1546 2250/3805/1546 2246/3806/3002
f 1212/3807/3003 1206/3808/3004 2235/3809/3004 2241/3810/3003
f 125/467/269 2096/3503/2782 1903/3225/2535
f 1209/3811/3005 1208/3799/3000 2237/3802/3000 2238/3812/3005
f 1634/3813/3001 1633/3814/3000 2244/3815/3000 2245/2254/3001
f 1211/3816/3006 1212/3807/3003 2241/3810/3003 2240/3817/3006
f 1639/3804/1546 1640/3818/3007 2251/2253/3007 2250/3805/1546
f 125/467/269 2094/3501/2780 2096/3503/2782
f 1213/3800/3001 1207/3819/3007 2236/3820/3007 2242/3801/3001
f 1214/3821/1546 1210/3822/3002 2239/14/3002 2243/13/1546
f 1638/3823/3003 1636/3824/3006 2247/3825/3006 2249/3826/3003
f 1206/3808/3004 1205/3827/581 2234/3828/581 2235/3809/3004
f 1636/3824/3006 1635/3803/3002 2246/3806/3002 2247/3825/3006
f 1210/3822/3002 1211/3816/3006 2240/3817/3006 2239/14/3002
f 1637/3829/3004 1638/3823/3003 2249/3826/3003 2248/3830/3004
f 1640/3818/3007 1634/3813/3001 2245/2254/3001 2251/2253/3007
f 1633/3814/3000 1641/3831/3005 2252/3832/3005 2244/3815/3000
f 1207/3819/3007 1214/3821/1546 2243/13/1546 2236/3820/3007
f 1904/3228/2538 125/467/269 1903/3225/2535
f 1901/3230/2540 1902/468/270 125/467/269
f 1605/2942/2277 1619/2872/458 1551/2873/458 1550/3612/2872
f 1617/2943/24 1618/2858/2194 1542/2859/2195 1541/2944/2279
f 1339/1923/1506 1463/3628/2082 1462/1924/1507
f 563/1956/828 562/1961/827 911/1601/1253 536/1955/1526
f 1410/2638/1755 1416/1931/623 1411/2635/1755
f 1410/2638/1755 1422/2256/1755 1416/1931/623
f 1411/2635/1755 1416/1931/623 1447/1930/623
f 1556/3599/2863 1569/3833/581 1501/3834/581 1503/3605/2868
f 80/398/201 79/403/206 1052/2154/1696 1074/2179/1721
f 1503/2261/1756 1501/3835/3008 1500/2262/1757
f 1364/3598/2862 1362/3836/581 1569/3833/581 1556/3599/2863
f 1342/898/603 1444/2690/2055 1341/2744/2091
f 1342/898/603 1341/2744/2091 1409/2640/629
f 1452/2755/2075 1344/3625/2875 1445/2691/2056
f 1444/2690/2055 1452/2755/2075 1445/2691/2056
f 1336/1927/1510 1344/3625/2875 1338/3591/2857 1337/3580/2846
f 1350/3837/618 1351/3838/618 1622/3839/618 1624/3840/618
f 1624/3840/618 1622/3839/618 1490/3841/618 1489/3842/618
f 1622/3839/458 1621/3843/458 1491/3844/458 1490/3841/458
f 1352/3845/581 1349/3846/581 1623/3847/581 1621/3843/581
f 1336/1927/1510 1446/1926/1509 1445/2691/2056 1344/3625/2875
f 605/701/461 1920/3304/458 1845/3180/2491 1637/3797/458 602/1983/458
f 1445/2691/2056 1446/1926/1509 1352/2686/2052 1351/2688/2054
f 1621/3843/581 1623/3847/581 1488/3848/581 1491/3844/581
f 1351/3838/458 1352/3845/458 1621/3843/458 1622/3839/458
f 1341/2744/2091 1401/2654/629 1400/2653/2036
f 1350/2689/2055 1484/2945/2282 1485/2745/2092 1444/2690/2055
f 1341/2744/2091 1423/2655/629 1408/2641/629
f 1625/3617/12 1624/3840/12 1489/3842/12 1555/3618/12
f 1484/3621/12 1350/3837/12 1624/3840/12 1625/3617/12
f 1491/3849/3009 1488/3850/3010 1555/3851/3011
f 1341/2744/2091 1343/2746/2093 1401/2654/629
f 1347/1932/1513 1341/2744/2091 1400/2653/2036
f 1341/2744/2091 1424/2656/2037 1423/2655/629
f 1424/2656/2037 1341/2744/2091 1347/1932/1513
f 1444/2690/2055 1485/2745/2092 1341/2744/2091
f 1458/1944/1519 1457/3852/2071 1329/1905/1492
f 1329/1905/1492 1457/3852/2071 1456/3622/2070
f 2146/2766/2109 2218/3784/2994 2131/3798/2999 2206/3770/2983
f 2131/3798/2999 2130/3785/2995 2214/3588/2854 2206/3770/2983
f 1340/2152/1694 1367/2623/2023 1440/2625/2025
f 1440/2625/2025 1412/2649/2025 1340/2152/1694
f 1954/3348/2650 1952/3346/2648 1334/1918/1501
f 1331/1031/717 1340/2152/1694 1412/2649/2025 1413/2648/2025
f 1432/2707/2025 1367/2623/2023 1340/2152/1694
f 1431/2708/2063 1432/2707/2025 1340/2152/1694
f 1437/896/601 1405/1943/1518 1329/1905/1492
f 1262/2422/1874 1337/3580/2846 2090/3758/2973 1254/2419/1871
f 2023/3447/2737 2060/3483/2770 1337/3580/2846 1262/2422/1874
f 5584/2456/1903 2135/3587/2853 2134/3590/2856 5589/3592/2858
f 2151/3853/2889 2137/3659/2884 2138/3658/807
f 2151/3853/2889 2138/3658/807 2150/3854/2902
f 538/3376/2678 908/3377/2679 907/1129/809 539/1128/808
f 5728/3340/2642 2089/3398/2697 1985/3401/2700
f 5714/3388/2688 5717/3364/2666 1976/3367/2669 1981/3389/2689
f 1975/3338/2640 1966/3363/2665 5716/3375/2677 5715/3339/2641
f 1632/1604/1256 1978/2957/2294 1979/2964/2299
f 1971/3383/2684 1972/3384/2685 5732/3855/3012 5731/3399/2698
f 1642/3856/2308 1643/3857/2311 2065/3858/2774
f 1974/3434/2730 2044/3469/2758 2065/3859/2774
f 1627/3860/2878 2065/3858/2774 1643/3857/2311
f 1627/3860/2878 1202/3861/1420 2065/3858/2774
f 1973/3385/2686 2016/3387/2687 5735/3862/3013
f 2016/3435/2687 1974/3434/2730 2065/3859/2774
f 2065/3863/2774 1202/3864/1420 1201/2973/1419 1626/2972/2307
f 2027/3449/2738 2033/3456/2745 2028/3450/2739
f 2013/3441/2733 2018/3440/2729 2033/3456/2745 2027/3449/2738
f 1945/3310/2616 1895/1607/1259 1936/3325/2631
f 1921/3308/2614 1944/3279/2587 1943/3278/2586
f 1944/3279/2587 1921/3308/2614 1937/3272/2580
f 1937/3272/2580 1921/3308/2614 1938/3273/2581
f 1921/3308/2614 1895/1607/1259 1945/3310/2616
f 1921/3308/2614 1945/3310/2616 1938/3273/2581
f 1991/3646/2702 4806/3865/2705 1679/3644/2335
f 1927/3313/2619 1926/3312/2618 1989/3405/2704 4807/3866/3014
f 4802/3322/2628 1927/3313/2619 4807/3866/3014
f 1931/3334/2637 1925/3317/2623 4806/3406/2705 1991/3403/2702
f 1989/3642/2704 1679/3644/2335 4806/3865/2705 4807/3867/3014
f 2037/3458/2747 2034/3457/2746 2067/3489/2287
f 2034/3457/2746 1996/3411/2710 2067/3489/2287
f 2067/2950/2287 1664/3868/2332 1642/3856/2308 2065/3858/2774
f 2044/3469/2758 2037/3458/2747 2067/3489/2287 2065/3859/2774
f 1664/3868/2332 2067/2950/2287 1663/2949/2286
f 1241/2325/1784 1248/3869/996 1247/3870/1921 1240/2322/1781
f 1241/2325/1784 1242/3871/3015 1274/3872/997 1248/3869/996
f 5619/3873/3016 1269/3874/1899 1267/3614/1902 5620/3613/2873
f 5642/3875/3017 5647/3876/3018 1247/2476/1921
f 1242/3871/3015 1315/2611/2015 1275/3877/2003 1274/3872/997
f 1313/3878/3019 1243/3879/3020 1312/3880/2002 1314/3881/3021
f 1243/3879/3020 1244/2409/1861 1290/2408/1860 1312/3880/2002
f 1288/2501/1942 1286/2499/1940 1312/2573/2002
f 1312/2573/2002 1286/2499/1940 1284/2497/1938 1314/3882/3021
f 1284/2497/1938 1282/2495/1936 1314/3882/3021
f 1313/3878/3019 1314/3881/3021 1275/3877/2003 1315/2611/2015
f 1282/2495/1936 1280/2493/1934 1275/2576/2003 1314/3882/3021
f 1278/2491/1932 1275/2576/2003 1280/2493/1934
f 152/3883/1768 179/669/444 181/570/361 156/597/385
f 1313/3878/3019 1235/2413/1865 1243/3879/3020
f 1252/1329/999 1263/3787/1878 1255/2472/1877 5627/3884/3022
f 1240/2322/1781 1247/3870/1921 1249/2477/1869 1239/2459/1906
f 1235/2413/1865 1244/2409/1861 1243/3879/3020
f 2128/3786/2996 2228/3751/2967 2189/2206/1742 2129/3754/2970
f 1236/2323/1782 1240/2322/1781 1239/2459/1906
f 1315/2611/2015 1242/3871/3015 1234/2324/1783
f 438/1909/1494 437/3606/2869 415/3607/2870 414/1910/1495
f 5633/2515/1953 5629/2615/2019 1295/2618/1968 5309/2516/1954
f 1295/2532/1968 5545/3885/2021 5547/3763/2978 1296/2530/1966
f 2117/3578/2844 235/1857/1456 231/2332/581 5473/2537/1971
f 2107/3577/2792 2109/3886/2794 2117/3578/2844
f 1327/2333/1789 1324/2328/1787 5473/2537/1971 231/2332/581
f 5469/2556/1990 1303/2542/1976 1328/3559/2833 5472/3558/2832
f 5481/2196/1736 2116/2195/1735 5473/2537/1971
f 2100/3507/2786 2102/3509/2788 5475/3518/2797 5484/3716/2939
f 1575/2627/2027 1582/2897/2229 1486/3887/3023 1517/2628/2028
f 1582/2897/2229 1566/2782/2121 1519/2785/2124 1486/3887/3023
f 1520/1889/629 1486/2850/2186 1519/1890/629
f 435/908/611 410/1898/1485 421/1897/1484 395/909/612
f 1572/2632/2032 1581/2743/2090 1515/2804/2141 1487/3888/3024
f 1571/2633/2033 1572/2632/2032 1487/3888/3024 1513/3603/2866
f 1107/2070/1546 4833/3889/1546 4834/3890/1546 1108/2071/1546
f 1234/2324/1783 1242/3871/3015 1241/2325/1784
f 1235/2413/1865 1313/3878/3019 1315/2611/2015
f 1246/2135/1678 938/2134/1677 937/1759/1376 1245/3891/3025
f 142/538/330 2093/3524/2803 2095/1794/1411 2094/3501/2780
f 937/1759/1376 1238/2460/1907 1245/3891/3025
f 142/538/330 125/467/269 139/450/253 141/479/281
f 1311/913/615 1237/1800/1416 846/910/613
f 829/1432/1092 825/1434/1094 827/1438/1098
f 825/1434/1094 826/1436/1096 827/1438/1098
f 829/1432/1092 827/1438/1098 828/1429/1089
f 937/1759/1376 1024/1762/1379 827/1438/1098
f 827/1438/1098 1024/1762/1379 1026/1764/1381
f 827/1438/1098 1026/1764/1381 828/1429/1089
f 1039/2331/1393 1272/3568/1404 1327/2333/1789 1048/1858/1457
f 612/1194/871 621/1228/903 129/1989/1544 1229/1739/1365
f 1205/3827/581 545/2249/1751 1179/2250/1751 2234/3828/581
f 233/553/345 234/716/473 212/621/402 5512/623/404
f 603/1740/1366 1229/1739/1365 1215/2398/1852 1224/2397/1851
f 550/3723/12 603/3724/1366 1224/2595/1851 7074/2597/12
f 1229/1739/1365 129/1989/1544 1766/3104/2423 1737/3072/2391
f 131/1982/1539 128/1907/1493 1751/3095/2414 1792/3094/2413
f 1708/3052/2382 1719/3045/2375 678/1305/970 687/1304/969
f 124/3068/245 651/1253/919 109/1252/241
f 127/1981/1538 130/1980/1537 1783/3122/2441 1744/3121/2440
f 130/1980/1537 131/1982/1539 1792/3094/2413 1783/3122/2441
f 128/1907/1493 1814/3143/2460 1751/3095/2414
f 1723/1836/1446 1699/3025/2355 124/442/245 118/441/244
f 2109/3515/2794 5325/3514/2793 5242/3892/3026 177/3893/1455
f 176/1856/349 5561/551/343 232/550/342
f 1511/2778/629 1510/1912/629 1532/1911/629 1533/2779/629
f 2109/3886/2794 177/1855/1455 235/1857/1456
f 2116/2195/1735 2117/3578/2844 5473/2537/1971
f 1763/3109/2428 1774/3083/2402 2071/3470/2759 2000/3421/2720
f 1706/3063/2385 1729/3062/2384 703/1315/985 658/1314/984
f 1729/3062/2384 1731/1979/1536 708/1288/953 703/1315/985
f 708/1288/953 1731/1979/1536 666/1289/954
f 1814/3143/2460 128/1907/1493 132/1906/618 1707/3145/1535
f 678/1305/970 658/1314/2432 695/1260/925 676/1295/960
f 658/1314/2432 659/1261/926 695/1260/925
f 1699/3059/2355 1708/3052/2382 687/1304/969 124/3068/245
f 1637/3797/458 97/2185/458 602/1983/458
f 1641/3831/3005 106/2251/618 1172/2252/618 2252/3832/3005
f 97/2247/581 1637/3829/3004 2248/3830/3004 1164/2248/581
f 7066/2224/618 1209/3811/3005 2238/3812/3005 1184/2225/618
f 2236/3820/12 2243/13/12 3338/15/12
f 1536/3600/623 1494/1887/1481 1512/1886/1480 1513/3601/2864
f 1325/2483/1925 1326/2621/2022 1305/2535/1969 5473/2537/1971
f 5266/1785/1402 1038/1784/1401 938/2134/1677 5259/2137/1680
f 174/537/329 2093/3524/2803 142/538/330
f 174/537/329 2108/555/347 2093/3524/2803
f 2105/3791/2789 2107/3577/2792 2116/2195/1735
f 2117/3578/2844 2109/3886/2794 235/1857/1456
f 1229/1739/1365 1737/3072/2391 1215/2398/1852
f 129/1989/1544 629/1270/935 1760/1273/938 1766/3104/2423
f 1201/2973/1419 3342/3894/2694 3341/2971/2306
f 537/3895/3027 538/1801/1417 1202/1804/1420 2220/3789/2997
f 1630/3653/2882 1631/3896/3028 91/3897/821 92/3654/1525
f 1628/1741/1367 1629/3652/2881 93/3655/833 94/1742/832
f 1631/3896/3028 1632/2958/2295 90/2961/790 91/3897/821
f 539/1802/1418 540/1125/805 89/1126/806 1201/1803/1419
f 1203/3788/2318 1204/3898/1368 94/3899/832 2220/3789/2997
f 536/3900/3029 537/3895/3027 2220/3789/2997 94/3899/832
f 1549/3901/3030 1550/3902/3031 3339/2855/2191
f 2246/3806/458 2250/3805/458 3337/2255/458
f 1172/2252/458 1168/2228/458 3337/2255/458
f 2249/3826/458 2247/3825/458 3337/2255/458
f 1169/2241/458 1170/2234/458 3337/2255/458
f 1173/2213/458 1166/2238/458 3337/2255/458
f 1171/2222/458 1165/2221/458 3337/2255/458
f 2247/3825/458 2246/3806/458 3337/2255/458
f 1176/2232/12 1175/2231/12 3338/15/12
f 1180/2246/12 1178/2245/12 3338/15/12
f 1179/2250/12 1180/2246/12 3338/15/12
f 1165/2221/458 1164/2248/458 3337/2255/458
f 1183/2226/12 1184/2225/12 3338/15/12
f 2242/3801/12 2236/3820/12 3338/15/12
f 2235/3809/12 2234/3828/12 3338/15/12
f 2238/3812/12 2237/3802/12 3338/15/12
f 2237/3802/12 2242/3801/12 3338/15/12
f 2234/3828/12 1179/2250/12 3338/15/12
f 1175/2231/12 1183/2226/12 3338/15/12
f 2239/14/12 2240/3817/12 3338/15/12
f 2240/3817/12 2241/3810/12 3338/15/12
f 1184/2225/12 2238/3812/12 3338/15/12
f 1177/2218/12 1181/2217/12 3338/15/12
f 2245/2254/458 2244/3815/458 3337/2255/458
f 1174/2242/458 1169/2241/458 3337/2255/458
f 1548/3903/3032 1549/3901/3030 3339/2855/2191
f 1168/2228/458 1167/2214/458 3337/2255/458
f 2250/3805/458 2251/2253/458 3337/2255/458
f 2252/3832/458 1172/2252/458 3337/2255/458
f 1166/2238/458 1174/2242/458 3337/2255/458
f 4828/3904/1546 4829/3905/1546 1112/2199/1643
f 4829/3905/1546 4830/3906/1546 1112/2199/1643
f 4837/3907/1546 1108/2071/1546 4836/3908/1546
f 1130/718/474 1108/2071/1546 4837/3907/1546
f 4831/3909/1546 1107/2070/1546 4830/3906/1546
f 4832/3910/1546 1107/2070/1546 4831/3909/1546
f 1107/2070/1546 1112/2199/1643 4830/3906/1546
f 4833/3889/1546 1107/2070/1546 4832/3910/1546
f 1164/2248/458 2248/3830/458 3337/2255/458
f 1069/1992/1546 4821/3911/1546 4822/3912/1546 1081/2281/1570
f 1070/1991/1546 4816/3913/1546 4817/3914/1546
f 2445/3915/3033 2253/3916/3034 2254/3917/3035 2446/3918/3036
f 2446/3918/3036 2254/3917/3035 2255/3919/3037 2447/3920/3038
f 2447/3920/3038 2255/3919/3037 2256/3921/3039 2448/3922/3040
f 2448/3922/3040 2256/3921/3039 2257/3923/3041 2449/3924/3042
f 2449/3924/3042 2257/3923/3041 2258/3925/3043 2450/3926/3044
f 2450/3926/3044 2258/3925/3043 2259/3927/3045 2451/3928/3046
f 2451/3928/3046 2259/3927/3045 2260/3929/3047 2452/3930/3048
f 2452/3930/3048 2260/3929/3047 2261/3931/3049 2453/3932/3050
f 2453/3932/3050 2261/3931/3049 2262/3933/3051 2454/3934/3052
f 2454/3934/3052 2262/3933/3051 2263/3935/3053 2455/3936/3054
f 2455/3936/3054 2263/3935/3053 2264/3937/3055 2456/3938/3056
f 2456/3938/3056 2264/3937/3055 2265/3939/3057 2457/3940/3058
f 2457/3940/3058 2265/3939/3057 2266/3941/3059 2458/3942/3060
f 2458/3942/3060 2266/3941/3059 2267/3943/3061 2459/3944/3062
f 2459/3944/3062 2267/3943/3061 2268/3945/3063 2460/3946/3064
f 2460/3946/3064 2268/3945/3063 2269/3947/3065 2461/3948/3066
f 2461/3948/3066 2269/3947/3065 2270/3949/3067 2462/3950/3068
f 2462/3950/3068 2270/3949/3067 2271/3951/3069 2463/3952/3070
f 2463/3952/3070 2271/3951/3069 2272/3953/3071 2464/3954/3072
f 2464/3954/3072 2272/3953/3071 2273/3955/3073 2465/3956/3074
f 2465/3956/3074 2273/3955/3073 2274/3957/3075 2466/3958/3076
f 2466/3958/3076 2274/3957/3075 2275/3959/3077 2467/3960/3078
f 2468/3961/3079 2276/3962/3080 2253/3916/3034 2445/3915/3033
f 2467/3960/3078 2275/3959/3077 2276/3962/3080 2468/3961/3079
f 2373/3963/3081 2374/3964/3082 2295/3965/3083 2296/3966/3084
f 2375/3967/3085 2376/3968/3086 2284/3969/3087 2285/3970/3088
f 2377/3971/3089 2378/3972/3090 2293/3973/3091 2294/3974/3092
f 2379/3975/3093 2380/3976/3094 2282/3977/3095 2283/3978/3096
f 2381/3979/3097 2382/3980/3098 2280/3981/3099 2281/3982/3100
f 2383/3983/3101 2384/3984/3102 2291/3985/3103 2292/3986/3104
f 2385/3987/3105 2386/3988/3106 2300/3989/3107 2277/3990/3108
f 2387/3991/3109 2388/3992/3110 2278/3993/3111 2279/3994/3112
f 2389/3995/3113 2390/3996/3114 2289/3997/3115 2290/3998/3116
f 2391/3999/3117 2392/4000/3118 2298/4001/3119 2299/4002/3120
f 2388/3992/3110 2385/3987/3105 2277/3990/3108 2278/3993/3111
f 2393/4003/3121 2394/4004/3122 2287/4005/3123 2288/4006/3124
f 2395/4007/3125 2373/3963/3081 2296/3966/3084 2297/4008/3126
f 2396/4009/3127 2375/3967/3085 2285/3970/3088 2286/4010/3128
f 2374/3964/3082 2377/3971/3089 2294/3974/3092 2295/3965/3083
f 2376/3968/3086 2379/3975/3093 2283/3978/3096 2284/3969/3087
f 2380/3976/3094 2381/3979/3097 2281/3982/3100 2282/3977/3095
f 2378/3972/3090 2383/3983/3101 2292/3986/3104 2293/3973/3091
f 2382/3980/3098 2387/3991/3109 2279/3994/3112 2280/3981/3099
f 2384/3984/3102 2389/3995/3113 2290/3998/3116 2291/3985/3103
f 2386/3988/3106 2391/3999/3117 2299/4002/3120 2300/3989/3107
f 2390/3996/3114 2393/4003/3121 2288/4006/3124 2289/3997/3115
f 2392/4000/3118 2395/4007/3125 2297/4008/3126 2298/4001/3119
f 2394/4004/3122 2396/4009/3127 2286/4010/3128 2287/4005/3123
f 3353/4011/3129 3351/4012/3130 2304/4013/3131 2305/4014/3132
f 3375/4015/3133 3373/4016/3134 2315/4017/3135 2316/4018/3136
f 3396/4019/3137 2494/4020/3138 2493/4021/3139 3393/4022/3140
f 3346/4023/3141 3391/4024/3142 2324/4025/3143 2301/4026/3144
f 3371/4027/3145 3369/4028/3146 2313/4029/3147 2314/4030/3148
f 3389/4031/3149 3387/4032/3150 2322/4033/3151 2323/4034/3152
f 3367/4035/3153 3365/4036/3154 2311/4037/3155 2312/4038/3156
f 3385/4039/3157 3383/4040/3158 2320/4041/3159 2321/4042/3160
f 3363/4043/3161 3361/4044/3162 2309/4045/3163 2310/4046/3164
f 3381/4047/3165 3379/4048/3166 2318/4049/3167 2319/4050/3168
f 3359/4051/3169 3357/4052/3170 2307/4053/3171 2308/4054/3172
f 3355/4055/3173 3353/4011/3129 2305/4014/3132 2306/4056/3174
f 3377/4057/3175 3375/4015/3133 2316/4018/3136 2317/4058/3176
f 3349/4059/3177 3347/4060/3178 2302/4061/3179 2303/4062/3180
f 3351/4012/3130 3349/4059/3177 2303/4062/3180 2304/4013/3131
f 3373/4016/3134 3371/4027/3145 2314/4030/3148 2315/4017/3135
f 3391/4024/3142 3389/4031/3149 2323/4034/3152 2324/4025/3143
f 3369/4028/3146 3367/4035/3153 2312/4038/3156 2313/4029/3147
f 3387/4032/3150 3385/4039/3157 2321/4042/3160 2322/4033/3151
f 3365/4036/3154 3363/4043/3161 2310/4046/3164 2311/4037/3155
f 3383/4040/3158 3381/4047/3165 2319/4050/3168 2320/4041/3159
f 3361/4044/3162 3359/4051/3169 2308/4054/3172 2309/4045/3163
f 3357/4052/3170 3355/4055/3173 2306/4056/3174 2307/4053/3171
f 3379/4048/3166 3377/4057/3175 2317/4058/3176 2318/4049/3167
f 2298/4001/3119 2297/4008/3126 3386/4063/3181 3388/4064/3182
f 2287/4005/3123 2286/4010/3128 3364/4065/3183 3366/4066/3184
f 2296/3966/3084 2295/3965/3083 3382/4067/3185 3384/4068/3186
f 2285/3970/3088 2284/3969/3087 3360/4069/3187 3362/4070/3188
f 2294/3974/3092 2293/3973/3091 3378/4071/3189 3380/4072/3190
f 2283/3978/3096 2282/3977/3095 3356/4073/3191 3358/4074/3192
f 2281/3982/3100 2280/3981/3099 3352/4075/3193 3354/4076/3194
f 2292/3986/3104 2291/3985/3103 3374/4077/3195 3376/4078/3196
f 2277/3990/3108 2300/3989/3107 3392/4079/3197 3345/4080/3198
f 2279/3994/3112 2278/3993/3111 3348/4081/3199 3350/4082/3200
f 2290/3998/3116 2289/3997/3115 3370/4083/3201 3372/4084/3202
f 2299/4002/3120 2298/4001/3119 3388/4064/3182 3390/4085/3203
f 2288/4006/3124 2287/4005/3123 3366/4066/3184 3368/4086/3204
f 2297/4008/3126 2296/3966/3084 3384/4068/3186 3386/4063/3181
f 2286/4010/3128 2285/3970/3088 3362/4070/3188 3364/4065/3183
f 2295/3965/3083 2294/3974/3092 3380/4072/3190 3382/4067/3185
f 2284/3969/3087 2283/3978/3096 3358/4074/3192 3360/4069/3187
f 2282/3977/3095 2281/3982/3100 3354/4076/3194 3356/4073/3191
f 2293/3973/3091 2292/3986/3104 3376/4078/3196 3378/4071/3189
f 2280/3981/3099 2279/3994/3112 3350/4082/3200 3352/4075/3193
f 2291/3985/3103 2290/3998/3116 3372/4084/3202 3374/4077/3195
f 2300/3989/3107 2299/4002/3120 3390/4085/3203 3392/4079/3197
f 2278/3993/3111 2277/3990/3108 3345/4080/3198 3348/4081/3199
f 2289/3997/3115 2288/4006/3124 3368/4086/3204 3370/4083/3201
f 2397/4087/3205 2398/4088/3206 2341/4089/3207 2342/4090/3208
f 2399/4091/3209 2400/4092/3210 2330/4093/3211 2331/4094/3212
f 2401/4095/3213 2402/4096/3214 2328/4097/3215 2329/4098/3216
f 2403/4099/3217 2404/4100/3218 2339/4101/3219 2340/4102/3220
f 2405/4103/3221 2406/4104/3222 2348/4105/3223 2325/4106/3224
f 2407/4107/3225 2408/4108/3226 2326/4109/3227 2327/4110/3228
f 2409/4111/3229 2410/4112/3230 2337/4113/3231 2338/4114/3232
f 2411/4115/3233 2412/4116/3234 2346/4117/3235 2347/4118/3236
f 2413/4119/3237 2414/4120/3238 2335/4121/3239 2336/4122/3240
f 2415/4123/3241 2416/4124/3242 2344/4125/3243 2345/4126/3244
f 2417/4127/3245 2418/4128/3246 2333/4129/3247 2334/4130/3248
f 2419/4131/3249 2397/4087/3205 2342/4090/3208 2343/4132/3250
f 2420/4133/3251 2399/4091/3209 2331/4094/3212 2332/4134/3252
f 2400/4092/3210 2401/4095/3213 2329/4098/3216 2330/4093/3211
f 2398/4088/3206 2403/4099/3217 2340/4102/3220 2341/4089/3207
f 2402/4096/3214 2407/4107/3225 2327/4110/3228 2328/4097/3215
f 2404/4100/3218 2409/4111/3229 2338/4114/3232 2339/4101/3219
f 2406/4104/3222 2411/4115/3233 2347/4118/3236 2348/4105/3223
f 2408/4108/3226 2405/4103/3221 2325/4106/3224 2326/4109/3227
f 2410/4112/3230 2413/4119/3237 2336/4122/3240 2337/4113/3231
f 2412/4116/3234 2415/4123/3241 2345/4126/3244 2346/4117/3235
f 2414/4120/3238 2417/4127/3245 2334/4130/3248 2335/4121/3239
f 2416/4124/3242 2419/4131/3249 2343/4132/3250 2344/4125/3243
f 2418/4128/3246 2420/4133/3251 2332/4134/3252 2333/4129/3247
f 2325/4106/3033 2348/4105/3079 2372/4135/3079 2349/4136/3033
f 2327/4110/3038 2326/4109/3036 2350/4137/3036 2351/4138/3038
f 2338/4114/3060 2337/4113/3058 2361/4139/3058 2362/4140/3060
f 2347/4118/3078 2346/4117/3076 2370/4141/3076 2371/4142/3078
f 2336/4122/3056 2335/4121/3054 2359/4143/3054 2360/4144/3056
f 2345/4126/3074 2344/4125/3072 2368/4145/3072 2369/4146/3074
f 2334/4130/3052 2333/4129/3050 2357/4147/3050 2358/4148/3052
f 2343/4132/3070 2342/4090/3068 2366/4149/3068 2367/4150/3070
f 2332/4134/3048 2331/4094/3046 2355/4151/3046 2356/4152/3048
f 2330/4093/3044 2329/4098/3042 2353/4153/3042 2354/4154/3044
f 2341/4089/3066 2340/4102/3064 2364/4155/3064 2365/4156/3066
f 2328/4097/3040 2327/4110/3038 2351/4138/3038 2352/4157/3040
f 2339/4101/3062 2338/4114/3060 2362/4140/3060 2363/4158/3062
f 2348/4105/3079 2347/4118/3078 2371/4142/3078 2372/4135/3079
f 2326/4109/3036 2325/4106/3033 2349/4136/3033 2350/4137/3036
f 2337/4113/3058 2336/4122/3056 2360/4144/3056 2361/4139/3058
f 2346/4117/3076 2345/4126/3074 2369/4146/3074 2370/4141/3076
f 2335/4121/3054 2334/4130/3052 2358/4148/3052 2359/4143/3054
f 2344/4125/3072 2343/4132/3070 2367/4150/3070 2368/4145/3072
f 2333/4129/3050 2332/4134/3048 2356/4152/3048 2357/4147/3050
f 2342/4090/3068 2341/4089/3066 2365/4156/3066 2366/4149/3068
f 2331/4094/3046 2330/4093/3044 2354/4154/3044 2355/4151/3046
f 2329/4098/3042 2328/4097/3040 2352/4157/3040 2353/4153/3042
f 2340/4102/3064 2339/4101/3062 2363/4158/3062 2364/4155/3064
f 2272/3953/3071 2271/3951/3069 2374/3964/3082 2373/3963/3081
f 2261/3931/3049 2260/3929/3047 2376/3968/3086 2375/3967/3085
f 2270/3949/3067 2269/3947/3065 2378/3972/3090 2377/3971/3089
f 2259/3927/3045 2258/3925/3043 2380/3976/3094 2379/3975/3093
f 2257/3923/3041 2256/3921/3039 2382/3980/3098 2381/3979/3097
f 2268/3945/3063 2267/3943/3061 2384/3984/3102 2383/3983/3101
f 2253/3916/3034 2276/3962/3080 2386/3988/3106 2385/3987/3105
f 2255/3919/3037 2254/3917/3035 2388/3992/3110 2387/3991/3109
f 2266/3941/3059 2265/3939/3057 2390/3996/3114 2389/3995/3113
f 2275/3959/3077 2274/3957/3075 2392/4000/3118 2391/3999/3117
f 2254/3917/3035 2253/3916/3034 2385/3987/3105 2388/3992/3110
f 2264/3937/3055 2263/3935/3053 2394/4004/3122 2393/4003/3121
f 2273/3955/3073 2272/3953/3071 2373/3963/3081 2395/4007/3125
f 2262/3933/3051 2261/3931/3049 2375/3967/3085 2396/4009/3127
f 2271/3951/3069 2270/3949/3067 2377/3971/3089 2374/3964/3082
f 2260/3929/3047 2259/3927/3045 2379/3975/3093 2376/3968/3086
f 2258/3925/3043 2257/3923/3041 2381/3979/3097 2380/3976/3094
f 2269/3947/3065 2268/3945/3063 2383/3983/3101 2378/3972/3090
f 2256/3921/3039 2255/3919/3037 2387/3991/3109 2382/3980/3098
f 2267/3943/3061 2266/3941/3059 2389/3995/3113 2384/3984/3102
f 2276/3962/3080 2275/3959/3077 2391/3999/3117 2386/3988/3106
f 2265/3939/3057 2264/3937/3055 2393/4003/3121 2390/3996/3114
f 2274/3957/3075 2273/3955/3073 2395/4007/3125 2392/4000/3118
f 2263/3935/3053 2262/3933/3051 2396/4009/3127 2394/4004/3122
f 2318/4159/3167 2317/4160/3176 2398/4088/3206 2397/4087/3205
f 2307/4161/3171 2306/4162/3174 2400/4092/3210 2399/4091/3209
f 2305/4163/3132 2304/4164/3131 2402/4096/3214 2401/4095/3213
f 2316/4165/3136 2315/4166/3135 2404/4100/3218 2403/4099/3217
f 2301/4167/3144 2324/4168/3143 2406/4104/3222 2405/4103/3221
f 2303/4169/3180 2302/4170/3179 2408/4108/3226 2407/4107/3225
f 2314/4171/3148 2313/4172/3147 2410/4112/3230 2409/4111/3229
f 2323/4173/3152 2322/4174/3151 2412/4116/3234 2411/4115/3233
f 2312/4175/3156 2311/4176/3155 2414/4120/3238 2413/4119/3237
f 2321/4177/3160 2320/4178/3159 2416/4124/3242 2415/4123/3241
f 2310/4179/3164 2309/4180/3163 2418/4128/3246 2417/4127/3245
f 2319/4181/3168 2318/4159/3167 2397/4087/3205 2419/4131/3249
f 2308/4182/3172 2307/4161/3171 2399/4091/3209 2420/4133/3251
f 2306/4162/3174 2305/4163/3132 2401/4095/3213 2400/4092/3210
f 2317/4160/3176 2316/4165/3136 2403/4099/3217 2398/4088/3206
f 2304/4164/3131 2303/4169/3180 2407/4107/3225 2402/4096/3214
f 2315/4166/3135 2314/4171/3148 2409/4111/3229 2404/4100/3218
f 2324/4168/3143 2323/4173/3152 2411/4115/3233 2406/4104/3222
f 2302/4170/3179 2301/4167/3144 2405/4103/3221 2408/4108/3226
f 2313/4172/3147 2312/4175/3156 2413/4119/3237 2410/4112/3230
f 2322/4174/3151 2321/4177/3160 2415/4123/3241 2412/4116/3234
f 2311/4176/3155 2310/4179/3164 2417/4127/3245 2414/4120/3238
f 2320/4178/3159 2319/4181/3168 2419/4131/3249 2416/4124/3242
f 2309/4180/3163 2308/4182/3172 2420/4133/3251 2418/4128/3246
f 2445/3915/3033 2446/3918/3036 2422/4183/3253 2421/4184/3254
f 2446/3918/3036 2447/3920/3038 2423/4185/3255 2422/4183/3253
f 2447/3920/3038 2448/3922/3040 2424/4186/3256 2423/4185/3255
f 2448/3922/3040 2449/3924/3042 2425/4187/3257 2424/4186/3256
f 2449/3924/3042 2450/3926/3044 2426/4188/3258 2425/4187/3257
f 2450/3926/3044 2451/3928/3046 2427/4189/3259 2426/4188/3258
f 2451/3928/3046 2452/3930/3048 2428/4190/3260 2427/4189/3259
f 2452/3930/3048 2453/3932/3050 2429/4191/3261 2428/4190/3260
f 2453/3932/3050 2454/3934/3052 2430/4192/3262 2429/4191/3261
f 2454/3934/3052 2455/3936/3054 2431/4193/3263 2430/4192/3262
f 2455/3936/3054 2456/3938/3056 2432/4194/3264 2431/4193/3263
f 2456/3938/3056 2457/3940/3058 2433/4195/3265 2432/4194/3264
f 2457/3940/3058 2458/3942/3060 2434/4196/3266 2433/4195/3265
f 2458/3942/3060 2459/3944/3062 2435/4197/3267 2434/4196/3266
f 2459/3944/3062 2460/3946/3064 2436/4198/3268 2435/4197/3267
f 2460/3946/3064 2461/3948/3066 2437/4199/3269 2436/4198/3268
f 2461/3948/3066 2462/3950/3068 2438/4200/3270 2437/4199/3269
f 2462/3950/3068 2463/3952/3070 2439/4201/3271 2438/4200/3270
f 2463/3952/3070 2464/3954/3072 2440/4202/3272 2439/4201/3271
f 2464/3954/3072 2465/3956/3074 2441/4203/3273 2440/4202/3272
f 2465/3956/3074 2466/3958/3076 2442/4204/3274 2441/4203/3273
f 2466/3958/3076 2467/3960/3078 2443/4205/3275 2442/4204/3274
f 2468/3961/3079 2445/3915/3033 2421/4184/3254 2444/4206/3276
f 2467/3960/3078 2468/3961/3079 2444/4206/3276 2443/4205/3275
f 2566/4207/3277 2488/4208/3278 2487/4209/3279 2567/4210/3280
f 2568/4211/3281 2477/4212/3282 2476/4213/3283 2569/4214/3284
f 2570/4215/3285 2486/4216/3286 2485/4217/3287 2571/4218/3288
f 2572/4219/3289 2475/4220/3290 2474/4221/3291 2573/4222/3292
f 2574/4223/3293 2473/4224/3294 2472/4225/3295 2575/4226/3296
f 2576/4227/3297 2484/4228/3298 2483/4229/3299 2577/4230/3300
f 2578/4231/3301 2469/4232/3302 2492/4233/3303 2579/4234/3304
f 2580/4235/3305 2471/4236/3306 2470/4237/3307 2581/4238/3308
f 2582/4239/3309 2482/4240/3310 2481/4241/3311 2583/4242/3312
f 2584/4243/3313 2491/4244/3314 2490/4245/3315 2585/4246/3316
f 2581/4238/3308 2470/4237/3307 2469/4232/3302 2578/4231/3301
f 2586/4247/3317 2480/4248/3318 2479/4249/3319 2587/4250/3320
f 2588/4251/3321 2489/4252/3322 2488/4208/3278 2566/4207/3277
f 2589/4253/3323 2478/4254/3324 2477/4212/3282 2568/4211/3281
f 2567/4210/3280 2487/4209/3279 2486/4216/3286 2570/4215/3285
f 2569/4214/3284 2476/4213/3283 2475/4220/3290 2572/4219/3289
f 2573/4222/3292 2474/4221/3291 2473/4224/3294 2574/4223/3293
f 2571/4218/3288 2485/4217/3287 2484/4228/3298 2576/4227/3297
f 2575/4226/3296 2472/4225/3295 2471/4236/3306 2580/4235/3305
f 2577/4230/3300 2483/4229/3299 2482/4240/3310 2582/4239/3309
f 2579/4234/3304 2492/4233/3303 2491/4244/3314 2584/4243/3313
f 2583/4242/3312 2481/4241/3311 2480/4248/3318 2586/4247/3317
f 2585/4246/3316 2490/4245/3315 2489/4252/3322 2588/4251/3321
f 2587/4250/3320 2479/4249/3319 2478/4254/3324 2589/4253/3323
f 3402/4255/3325 2497/4256/3326 2496/4257/3327 3400/4258/3328
f 3424/4259/3329 2508/4260/3330 2507/4261/3331 3422/4262/3332
f 3802/4263/3333 2649/4264/3334 2690/4265/3335 3905/4266/3336
f 3393/4022/3140 2493/4021/3139 2516/4267/3337 3440/4268/3338
f 3420/4269/3339 2506/4270/3340 2505/4271/3341 3418/4272/3342
f 3438/4273/3343 2515/4274/3344 2514/4275/3345 3436/4276/3346
f 3416/4277/3347 2504/4278/3348 2503/4279/3349 3414/4280/3350
f 3434/4281/3351 2513/4282/3352 2512/4283/3353 3432/4284/3354
f 3412/4285/3355 2502/4286/3356 2501/4287/3357 3410/4288/3358
f 3430/4289/3359 2511/4290/3360 2510/4291/3361 3428/4292/3362
f 3408/4293/3363 2500/4294/3364 2499/4295/3365 3406/4296/3366
f 3404/4297/3367 2498/4298/3368 2497/4256/3326 3402/4255/3325
f 3426/4299/3369 2509/4300/3370 2508/4260/3330 3424/4259/3329
f 2470/4237/3307 3395/4301/3371 3394/4302/3372 2469/4232/3302
f 3400/4258/3328 2496/4257/3327 2495/4303/3373 3398/4304/3374
f 3422/4262/3332 2507/4261/3331 2506/4270/3340 3420/4269/3339
f 3440/4268/3338 2516/4267/3337 2515/4274/3344 3438/4273/3343
f 3418/4272/3342 2505/4271/3341 2504/4278/3348 3416/4277/3347
f 3436/4276/3346 2514/4275/3345 2513/4282/3352 3434/4281/3351
f 3414/4280/3350 2503/4279/3349 2502/4286/3356 3412/4285/3355
f 3432/4284/3354 2512/4283/3353 2511/4290/3360 3430/4289/3359
f 3410/4288/3358 2501/4287/3357 2500/4294/3364 3408/4293/3363
f 3406/4296/3366 2499/4295/3365 2498/4298/3368 3404/4297/3367
f 3428/4292/3362 2510/4291/3361 2509/4300/3370 3426/4299/3369
f 2490/4245/3315 3435/4305/3375 3433/4306/3376 2489/4252/3322
f 2479/4249/3319 3413/4307/3377 3411/4308/3378 2478/4254/3324
f 2488/4208/3278 3431/4309/3379 3429/4310/3380 2487/4209/3279
f 2477/4212/3282 3409/4311/3381 3407/4312/3382 2476/4213/3283
f 2486/4216/3286 3427/4313/3383 3425/4314/3384 2485/4217/3287
f 2475/4220/3290 3405/4315/3385 3403/4316/3386 2474/4221/3291
f 2473/4224/3294 3401/4317/3387 3399/4318/3388 2472/4225/3295
f 2484/4228/3298 3423/4319/3389 3421/4320/3390 2483/4229/3299
f 3398/4304/3374 2495/4303/3373 2494/4020/3138 3396/4019/3137
f 2471/4236/3306 3397/4321/3391 3395/4301/3371 2470/4237/3307
f 2482/4240/3310 3419/4322/3392 3417/4323/3393 2481/4241/3311
f 2491/4244/3314 3437/4324/3394 3435/4305/3375 2490/4245/3315
f 2480/4248/3318 3415/4325/3395 3413/4307/3377 2479/4249/3319
f 2489/4252/3322 3433/4306/3376 3431/4309/3379 2488/4208/3278
f 2478/4254/3324 3411/4308/3378 3409/4311/3381 2477/4212/3282
f 2487/4209/3279 3429/4310/3380 3427/4313/3383 2486/4216/3286
f 2476/4213/3283 3407/4312/3382 3405/4315/3385 2475/4220/3290
f 2474/4221/3291 3403/4316/3386 3401/4317/3387 2473/4224/3294
f 2485/4217/3287 3425/4314/3384 3423/4319/3389 2484/4228/3298
f 2472/4225/3295 3399/4318/3388 3397/4321/3391 2471/4236/3306
f 2483/4229/3299 3421/4320/3390 3419/4322/3392 2482/4240/3310
f 2492/4233/3303 3439/4326/3396 3437/4324/3394 2491/4244/3314
f 2469/4232/3302 3394/4302/3372 3439/4326/3396 2492/4233/3303
f 2481/4241/3311 3417/4323/3393 3415/4325/3395 2480/4248/3318
f 2590/4327/3397 7096/4328/3398 7095/4329/3399 2591/4330/3400
f 2592/4331/3401 7085/4332/3402 7084/4333/3403 2593/4334/3404
f 2594/4335/3405 7083/4336/3406 7082/4337/3407 2595/4338/3408
f 2596/4339/3409 7094/4340/3410 7093/4341/3411 2597/4342/3412
f 2598/4343/3413 7080/4344/3414 7102/4345/3415 2599/4346/3416
f 2600/4347/3417 7081/4348/3418 7079/4349/3419 2601/4350/3420
f 2602/4351/3421 7092/4352/3422 7091/4353/3423 2603/4354/3424
f 2604/4355/3425 7101/4356/3426 7100/4357/3427 2605/4358/3428
f 2606/4359/3429 7090/4360/3430 7089/4361/3431 2607/4362/3432
f 2608/4363/3433 7099/4364/3434 7098/4365/3435 2609/4366/3436
f 2610/4367/3437 7088/4368/3438 7087/4369/3439 2611/4370/3440
f 2612/4371/3441 7097/4372/3442 7096/4328/3398 2590/4327/3397
f 2613/4373/3443 7086/4374/3444 7085/4332/3402 2592/4331/3401
f 2593/4334/3404 7084/4333/3403 7083/4336/3406 2594/4335/3405
f 2591/4330/3400 7095/4329/3399 7094/4340/3410 2596/4339/3409
f 2595/4338/3408 7082/4337/3407 7081/4348/3418 2600/4347/3417
f 2597/4342/3412 7093/4341/3411 7092/4352/3422 2602/4351/3421
f 2599/4346/3416 7102/4345/3415 7101/4356/3426 2604/4355/3425
f 2601/4350/3420 7079/4349/3419 7080/4344/3414 2598/4343/3413
f 2603/4354/3424 7091/4353/3423 7090/4360/3430 2606/4359/3429
f 2605/4358/3428 7100/4357/3427 7099/4364/3434 2608/4363/3433
f 2607/4362/3432 7089/4361/3431 7088/4368/3438 2610/4367/3437
f 2609/4366/3436 7098/4365/3435 7097/4372/3442 2612/4371/3441
f 2611/4370/3440 7087/4369/3439 7086/4374/3444 2613/4373/3443
f 2517/4344/3033 7104/4375/3033 7126/4376/3079 2540/4345/3079
f 2519/4348/3038 7105/4377/3038 7103/4378/3036 2518/4349/3036
f 2530/4352/3060 7116/4379/3060 7115/4380/3058 2529/4353/3058
f 2539/4356/3078 7125/4381/3078 7124/4382/3076 2538/4357/3076
f 2528/4360/3056 7114/4383/3056 7113/4384/3054 2527/4361/3054
f 2537/4364/3074 7123/4385/3074 7122/4386/3072 2536/4365/3072
f 2526/4368/3052 7112/4387/3052 7111/4388/3050 2525/4369/3050
f 2535/4372/3445 7121/4389/3445 7120/4390/3068 2534/4328/3068
f 2524/4374/3048 7110/4391/3048 7109/4392/3046 2523/4332/3046
f 2522/4333/3044 7108/4393/3044 7107/4394/3042 2521/4336/3042
f 2533/4329/3066 7119/4395/3066 7118/4396/3064 2532/4340/3064
f 2520/4337/3040 7106/4397/3040 7105/4377/3038 2519/4348/3038
f 2531/4341/3062 7117/4398/3062 7116/4379/3060 2530/4352/3060
f 2540/4345/3079 7126/4376/3079 7125/4381/3078 2539/4356/3078
f 2518/4349/3036 7103/4378/3036 7104/4375/3033 2517/4344/3033
f 2529/4353/3058 7115/4380/3058 7114/4383/3056 2528/4360/3056
f 2538/4357/3076 7124/4382/3076 7123/4385/3074 2537/4364/3074
f 2527/4361/3054 7113/4384/3054 7112/4387/3052 2526/4368/3052
f 2536/4365/3072 7122/4386/3072 7121/4389/3445 2535/4372/3445
f 2525/4369/3050 7111/4388/3050 7110/4391/3048 2524/4374/3048
f 2534/4328/3068 7120/4390/3068 7119/4395/3066 2533/4329/3066
f 2523/4332/3046 7109/4392/3046 7108/4393/3044 2522/4333/3044
f 2521/4336/3042 7107/4394/3042 7106/4397/3040 2520/4337/3040
f 2532/4340/3064 7118/4396/3064 7117/4398/3062 2531/4341/3062
f 2561/4385/85 2565/4399/85 2560/4386/85
f 2550/4387/85 2565/4399/85 2549/4388/85
f 2559/4389/85 2565/4399/85 2558/4390/85
f 2548/4391/85 2565/4399/85 2547/4392/85
f 2546/4393/85 2565/4399/85 2545/4394/85
f 2557/4395/85 2565/4399/85 2556/4396/85
f 2544/4397/85 2565/4399/85 2543/4377/85
f 2555/4398/85 2565/4399/85 2554/4379/85
f 2564/4376/85 2565/4399/85 2563/4381/85
f 2542/4378/85 2565/4399/85 2541/4375/85
f 2553/4380/85 2565/4399/85 2552/4383/85
f 2562/4382/85 2565/4399/85 2561/4385/85
f 2551/4384/85 2565/4399/85 2550/4387/85
f 2560/4386/85 2565/4399/85 2559/4389/85
f 2549/4388/85 2565/4399/85 2548/4391/85
f 2558/4390/85 2565/4399/85 2557/4395/85
f 2547/4392/85 2565/4399/85 2546/4393/85
f 2545/4394/85 2565/4399/85 2544/4397/85
f 2556/4396/85 2565/4399/85 2555/4398/85
f 2541/4375/85 2565/4399/85 2564/4376/85
f 2543/4377/85 2565/4399/85 2542/4378/85
f 2554/4379/85 2565/4399/85 2553/4380/85
f 2563/4381/85 2565/4399/85 2562/4382/85
f 2552/4383/85 2565/4399/85 2551/4384/85
f 2440/4202/3272 2566/4207/3277 2567/4210/3280 2439/4201/3271
f 2429/4191/3261 2568/4211/3281 2569/4214/3284 2428/4190/3260
f 2438/4200/3270 2570/4215/3285 2571/4218/3288 2437/4199/3269
f 2427/4189/3259 2572/4219/3289 2573/4222/3292 2426/4188/3258
f 2425/4187/3257 2574/4223/3293 2575/4226/3296 2424/4186/3256
f 2436/4198/3268 2576/4227/3297 2577/4230/3300 2435/4197/3267
f 2421/4184/3254 2578/4231/3301 2579/4234/3304 2444/4206/3276
f 2423/4185/3255 2580/4235/3305 2581/4238/3308 2422/4183/3253
f 2434/4196/3266 2582/4239/3309 2583/4242/3312 2433/4195/3265
f 2443/4205/3275 2584/4243/3313 2585/4246/3316 2442/4204/3274
f 2422/4183/3253 2581/4238/3308 2578/4231/3301 2421/4184/3254
f 2432/4194/3264 2586/4247/3317 2587/4250/3320 2431/4193/3263
f 2441/4203/3273 2588/4251/3321 2566/4207/3277 2440/4202/3272
f 2430/4192/3262 2589/4253/3323 2568/4211/3281 2429/4191/3261
f 2439/4201/3271 2567/4210/3280 2570/4215/3285 2438/4200/3270
f 2428/4190/3260 2569/4214/3284 2572/4219/3289 2427/4189/3259
f 2426/4188/3258 2573/4222/3292 2574/4223/3293 2425/4187/3257
f 2437/4199/3269 2571/4218/3288 2576/4227/3297 2436/4198/3268
f 2424/4186/3256 2575/4226/3296 2580/4235/3305 2423/4185/3255
f 2435/4197/3267 2577/4230/3300 2582/4239/3309 2434/4196/3266
f 2444/4206/3276 2579/4234/3304 2584/4243/3313 2443/4205/3275
f 2433/4195/3265 2583/4242/3312 2586/4247/3317 2432/4194/3264
f 2442/4204/3274 2585/4246/3316 2588/4251/3321 2441/4203/3273
f 2431/4193/3263 2587/4250/3320 2589/4253/3323 2430/4192/3262
f 2510/4400/3361 2590/4327/3397 2591/4330/3400 2509/4401/3370
f 2499/4402/3365 2592/4331/3401 2593/4334/3404 2498/4403/3368
f 2497/4404/3326 2594/4335/3405 2595/4338/3408 2496/4405/3327
f 2508/4406/3330 2596/4339/3409 2597/4342/3412 2507/4407/3331
f 2493/4408/3139 2598/4343/3413 2599/4346/3416 2516/4409/3337
f 2495/4410/3373 2600/4347/3417 2601/4350/3420 2494/4411/3138
f 2506/4412/3340 2602/4351/3421 2603/4354/3424 2505/4413/3341
f 2515/4414/3344 2604/4355/3425 2605/4358/3428 2514/4415/3345
f 2504/4416/3348 2606/4359/3429 2607/4362/3432 2503/4417/3349
f 2513/4418/3352 2608/4363/3433 2609/4366/3436 2512/4419/3353
f 2502/4420/3356 2610/4367/3437 2611/4370/3440 2501/4421/3357
f 2511/4422/3360 2612/4371/3441 2590/4327/3397 2510/4400/3361
f 2500/4423/3364 2613/4373/3443 2592/4331/3401 2499/4402/3365
f 2498/4403/3368 2593/4334/3404 2594/4335/3405 2497/4404/3326
f 2509/4401/3370 2591/4330/3400 2596/4339/3409 2508/4406/3330
f 2496/4405/3327 2595/4338/3408 2600/4347/3417 2495/4410/3373
f 2507/4407/3331 2597/4342/3412 2602/4351/3421 2506/4412/3340
f 2516/4409/3337 2599/4346/3416 2604/4355/3425 2515/4414/3344
f 2494/4411/3138 2601/4350/3420 2598/4343/3413 2493/4408/3139
f 2505/4413/3341 2603/4354/3424 2606/4359/3429 2504/4416/3348
f 2514/4415/3345 2605/4358/3428 2608/4363/3433 2513/4418/3352
f 2503/4417/3349 2607/4362/3432 2610/4367/3437 2502/4420/3356
f 2512/4419/3353 2609/4366/3436 2612/4371/3441 2511/4422/3360
f 2501/4421/3357 2611/4370/3440 2613/4373/3443 2500/4423/3364
f 2721/4424/3446 2625/4425/3447 3753/4426/3448 3946/4427/3449
f 2615/4428/3450 3756/4429/3451 3888/4430/3452 2678/4431/3453
f 2710/4432/3454 2614/378/181 3755/4433/3455 3948/4434/3456
f 2616/4435/3457 3758/4436/3458 3882/4437/3459 2677/4438/3460
f 2711/4439/3461 2615/4428/3450 3757/4440/3462 3950/4441/3463
f 2617/4442/3464 3760/4443/3465 3880/4444/3466 2675/4445/3467
f 2712/4446/3468 2616/4435/3457 3759/4447/3469 3952/4448/3470
f 2618/4449/3471 3762/4450/3472 3876/4451/3473 2685/4452/3474
f 2713/4453/3475 2617/4442/3464 3761/4454/3476 3954/4455/3477
f 2619/4456/3478 3764/4457/3479 3893/4458/3480 2684/4459/3481
f 2714/4460/3482 2618/4449/3471 3763/4461/3483 3956/4462/3484
f 2620/4463/3485 3766/4464/3486 3889/4465/3487 2682/4466/3488
f 2715/4467/3489 2619/4456/3478 3765/4468/3490 3958/4469/3491
f 2621/4470/3492 3768/4471/3493 3883/4472/3494 2679/4473/3495
f 2716/4474/3496 2620/4463/3485 3767/4475/3497 3960/4476/3498
f 2622/4477/3499 3770/4478/3500 3877/4479/3501 2676/4480/3502
f 2717/4481/3503 2621/4470/3492 3769/4482/3504 3962/4483/3505
f 2623/4484/3506 3772/4485/3507 3873/4486/3508 2674/4487/3509
f 2718/4488/3510 2622/4477/3499 3771/4489/3511 3964/4490/3512
f 2624/4491/3513 3774/4492/3514 3896/4493/3515 2683/4494/3516
f 2719/4495/3517 2623/4484/3506 3773/4496/3518 3966/4497/3519
f 2625/4425/3447 3776/4498/3520 3892/4499/3521 2680/4500/3522
f 3753/4426/3448 2625/4425/3447 2680/4500/3522 3885/4501/3523
f 2720/4502/3524 2624/4491/3513 3775/4503/3525 3968/4504/3526
f 3874/4505/3527 2676/4480/3502 2634/4506/3528 3795/4507/3529
f 2630/4508/3530 3786/4509/3531 4504/4510/3532 3450/4511/3533
f 3878/4512/3534 2679/4473/3495 2633/4513/3535 3793/4514/3536
f 2629/4515/3537 3784/4516/3538 4500/4517/3539 3448/4518/3540
f 2628/4519/3541 3782/4520/3542 4496/4521/3543 3446/4522/3544
f 3884/4523/3545 2682/4466/3488 2632/4524/3546 3791/4525/3547
f 3779/4526/3548 2626/4527/3549 3442/4528/3550 4493/4529/3551
f 2627/4530/3552 3780/4531/3553 4492/4532/3554 3444/4533/3555
f 3890/4534/3556 2684/4459/3481 2631/4535/3557 3789/4536/3558
f 2637/4537/3559 3800/4538/3560 4532/4539/3561 3464/4540/3562
f 3777/4541/3563 2637/4537/3559 3464/4540/3562 4487/4542/3564
f 3894/4543/3565 2685/4452/3474 2630/4508/3530 3787/4544/3566
f 2636/4545/3567 3798/4546/3568 4528/4547/3569 3462/4548/3570
f 3875/4549/3571 2675/4445/3467 2629/4515/3537 3785/4550/3572
f 2635/4551/3573 3796/4552/3574 4524/4553/3575 3460/4554/3576
f 3879/4555/3577 2677/4438/3460 2628/4519/3541 3783/4556/3578
f 3881/4557/3579 2678/4431/3453 2627/4530/3552 3781/4558/3580
f 2634/4506/3528 3794/4559/3581 4520/4560/3582 3458/4561/3583
f 3887/4562/3584 2681/381/184 2626/4527/3549 3779/4526/3548
f 2633/4513/3535 3792/4563/3585 4516/4564/3586 3456/4565/3587
f 3891/4566/3588 2683/4494/3516 2636/4545/3567 3799/4567/3589
f 2632/4524/3546 3790/4568/3590 4512/4569/3591 3454/4570/3592
f 3895/4571/3593 2674/4487/3509 2635/4551/3573 3797/4572/3594
f 2631/4535/3557 3788/4573/3595 4508/4574/3596 3452/4575/3597
f 3808/4576/3598 2640/4577/3599 2687/4578/3600 3899/4579/3601
f 2645/4580/3602 3815/4581/3603 3903/4582/3604 2689/4583/3605
f 3995/4584/3606 4101/4585/3607 2787/4586/3608 2734/4587/3609
f 3441/4588/3610 4489/4589/3611 3801/4590/3612 2638/4591/3613
f 2644/4592/3614 3813/4593/3615 3909/4594/3616 2692/4595/3617
f 2650/4596/3454 3825/4597/3618 3849/4598/3618 2662/4599/3454
f 2643/4600/3619 3811/4601/3620 3913/4602/3621 2694/4603/3622
f 3824/4604/3623 2648/4605/3624 2693/4606/3625 3911/4607/3626
f 2642/4608/3627 3809/4609/3628 3917/4610/3629 2696/4611/3630
f 3822/4612/3631 2647/4613/3632 2695/4614/3633 3915/4615/3634
f 2641/4616/3635 3807/4617/3636 3900/4618/3637 2697/4619/3638
f 2640/4577/3599 3805/4620/3639 3902/4621/3640 2687/4578/3600
f 3820/4622/3641 2646/4623/3642 2686/4624/3643 3919/4625/3644
f 3806/4626/3645 2639/4627/3646 2688/4628/3647 3901/4629/3648
f 2639/4627/3646 3803/4630/3649 3908/4631/3650 2688/4628/3647
f 3818/4632/3651 2645/4580/3602 2689/4583/3605 3898/4633/3652
f 2649/4264/3334 3823/4634/3653 3912/4635/3654 2690/4265/3335
f 3816/4636/3655 2644/4592/3614 2692/4595/3617 3904/4637/3656
f 2648/4605/3624 3821/4638/3657 3916/4639/3658 2693/4606/3625
f 3814/4640/3659 2643/4600/3619 2694/4603/3622 3910/4641/3660
f 2647/4613/3632 3819/4642/3661 3920/4643/3662 2695/4614/3633
f 3812/4644/3663 2642/4608/3627 2696/4611/3630 3914/4645/3664
f 3810/4646/3665 2641/4616/3635 2697/4619/3638 3918/4647/3666
f 2646/4623/3642 3817/4648/3667 3897/4649/3668 2686/4624/3643
f 3799/4567/3589 2636/4545/3567 3462/4548/3570 4533/4650/3669
f 2684/4459/3481 3893/4458/3480 3788/4573/3595 2631/4535/3557
f 3797/4572/3594 2635/4551/3573 3460/4554/3576 4529/4651/3670
f 2685/4452/3474 3876/4451/3473 3786/4509/3531 2630/4508/3530
f 3795/4507/3529 2634/4506/3528 3458/4561/3583 4525/4652/3671
f 2675/4445/3467 3880/4444/3466 3784/4516/3538 2629/4515/3537
f 2677/4438/3460 3882/4437/3459 3782/4520/3542 2628/4519/3541
f 3793/4514/3536 2633/4513/3535 3456/4565/3587 4521/4653/3672
f 3885/4501/3523 2680/4500/3522 2637/4537/3559 3777/4541/3563
f 2678/4431/3453 3888/4430/3452 3780/4531/3553 2627/4530/3552
f 3791/4525/3547 2632/4524/3546 3454/4570/3592 4517/4654/3673
f 2680/4500/3522 3892/4499/3521 3800/4538/3560 2637/4537/3559
f 3789/4536/3558 2631/4535/3557 3452/4575/3597 4513/4655/3674
f 2683/4494/3516 3896/4493/3515 3798/4546/3568 2636/4545/3567
f 3787/4544/3566 2630/4508/3530 3450/4511/3533 4509/4656/3675
f 2674/4487/3509 3873/4486/3508 3796/4552/3574 2635/4551/3573
f 3785/4550/3572 2629/4515/3537 3448/4518/3540 4505/4657/3676
f 3783/4556/3578 2628/4519/3541 3446/4522/3544 4501/4658/3677
f 2676/4480/3502 3877/4479/3501 3794/4559/3581 2634/4506/3528
f 3781/4558/3580 2627/4530/3552 3444/4533/3555 4497/4659/3678
f 2679/4473/3495 3883/4472/3494 3792/4563/3585 2633/4513/3535
f 2638/4660/3613 3801/4661/3612 3906/4662/3679 2691/4663/3680
f 2681/381/184 3886/380/183 3778/4664/3681 2626/4527/3549
f 2682/4466/3488 3889/4465/3487 3790/4568/3590 2632/4524/3546
f 3898/4633/3652 2689/4583/3605 2657/4665/3682 3841/4666/3683
f 3833/4667/3684 2653/4668/3475 2665/4669/3475 3858/4670/3684
f 3832/4671/3685 2652/4672/3468 2664/4673/3468 3856/4674/3685
f 3904/4637/3656 2692/4595/3617 2656/4675/3686 3839/4676/3687
f 2691/4663/3680 3906/4662/3679 3825/4597/3688 2650/4596/3689
f 3830/4677/3690 2651/4678/3461 2663/4679/3461 3854/4680/3690
f 3910/4641/3660 2694/4603/3622 2655/4681/3691 3837/4682/3692
f 2698/4683/3693 2777/4684/3694 4078/4685/3695 3921/4686/3696
f 3914/4645/3664 2696/4611/3630 2654/4687/3697 3835/4688/3698
f 3848/4689/3699 2660/4690/3524 2672/4691/3524 3872/4692/3699
f 3918/4647/3666 2697/4619/3638 2653/4668/3700 3833/4667/3701
f 3846/4693/3702 2659/4694/3703 2671/4695/3703 3870/4696/3702
f 2653/4668/3475 3831/4697/3704 3855/4698/3704 2665/4669/3475
f 2652/4672/3468 3829/4699/3705 3853/4700/3705 2664/4673/3468
f 2658/4701/3510 3842/4702/3706 3865/4703/3706 2670/4704/3510
f 2651/4678/3461 3827/4705/3707 3851/4706/3707 2663/4679/3461
f 2657/4665/3503 3840/4707/3708 3863/4708/3708 2669/4709/3503
f 2661/4710/3446 3847/4711/3709 3871/4712/3709 2673/4713/3446
f 3826/4714/3710 2661/4710/3446 2673/4713/3446 3850/4715/3710
f 2656/4675/3496 3838/4716/3711 3861/4717/3711 2668/4718/3496
f 2660/4690/3524 3845/4719/3712 3869/4720/3712 2672/4691/3524
f 2655/4681/3489 3836/4721/3713 3859/4722/3713 2667/4723/3489
f 2659/4694/3703 3843/4724/3714 3867/4725/3714 2671/4695/3703
f 2654/4687/3482 3834/4726/3715 3857/4727/3715 2666/4728/3482
f 3828/4729/3716 2650/4596/3454 2662/4599/3454 3852/4730/3716
f 2688/4628/3647 3908/4631/3650 3827/4705/3717 2651/4678/3718
f 3839/4676/3719 2656/4675/3496 2668/4718/3496 3864/4731/3719
f 2690/4265/3335 3912/4635/3654 3847/4711/3720 2661/4710/3721
f 3837/4682/3722 2655/4681/3489 2667/4723/3489 3862/4732/3722
f 2693/4606/3625 3916/4639/3658 3845/4719/3723 2660/4690/3724
f 3835/4688/3725 2654/4687/3482 2666/4728/3482 3860/4733/3725
f 2695/4614/3633 3920/4643/3662 3843/4724/3726 2659/4694/3727
f 3899/4579/3601 2687/4578/3600 2652/4672/3728 3832/4671/3729
f 3901/4629/3648 2688/4628/3647 2651/4678/3718 3830/4677/3730
f 2686/4624/3643 3897/4649/3668 3842/4702/3731 2658/4701/3732
f 3907/4734/3733 2691/4663/3680 2650/4596/3689 3828/4729/3734
f 2689/4583/3605 3903/4582/3604 3840/4707/3735 2657/4665/3682
f 3911/4607/3626 2693/4606/3625 2660/4690/3724 3848/4689/3736
f 3905/4266/3336 2690/4265/3335 2661/4710/3721 3826/4714/3737
f 2692/4595/3617 3909/4594/3616 3838/4716/3738 2656/4675/3686
f 3915/4615/3634 2695/4614/3633 2659/4694/3727 3846/4693/3739
f 2694/4603/3622 3913/4602/3621 3836/4721/3740 2655/4681/3691
f 3919/4625/3644 2686/4624/3643 2658/4701/3732 3844/4735/3741
f 2696/4611/3630 3917/4610/3629 3834/4726/3742 2654/4687/3697
f 3844/4735/3743 2658/4701/3510 2670/4704/3510 3868/4736/3743
f 2697/4619/3638 3900/4618/3637 3831/4697/3744 2653/4668/3700
f 2687/4578/3600 3902/4621/3640 3829/4699/3745 2652/4672/3728
f 3841/4666/3746 2657/4665/3503 2669/4709/3503 3866/4737/3746
f 3773/4496/3518 2623/4484/3506 2674/4487/3509 3895/4571/3593
f 3953/4738/3747 3762/4450/3472 2618/4449/3471 2714/4460/3482
f 3771/4489/3511 2622/4477/3499 2676/4480/3502 3874/4505/3527
f 3951/4739/3748 3760/4443/3465 2617/4442/3464 2713/4453/3475
f 3949/4740/3749 3758/4436/3458 2616/4435/3457 2712/4446/3468
f 3769/4482/3504 2621/4470/3492 2679/4473/3495 3878/4512/3534
f 3755/4433/3455 2614/378/181 2681/381/184 3887/4562/3584
f 3947/4741/3750 3756/4429/3451 2615/4428/3450 2711/4439/3461
f 3767/4475/3497 2620/4463/3485 2682/4466/3488 3884/4523/3545
f 3967/4742/3751 3776/4498/3520 2625/4425/3447 2721/4424/3446
f 3945/4743/3752 3754/379/182 2614/378/181 2710/4432/3454
f 3765/4468/3490 2619/4456/3478 2684/4459/3481 3890/4534/3556
f 3965/4744/3753 3774/4492/3514 2624/4491/3513 2720/4502/3524
f 3763/4461/3483 2618/4449/3471 2685/4452/3474 3894/4543/3565
f 3963/4745/3754 3772/4485/3507 2623/4484/3506 2719/4495/3517
f 3761/4454/3476 2617/4442/3464 2675/4445/3467 3875/4549/3571
f 3759/4447/3469 2616/4435/3457 2677/4438/3460 3879/4555/3577
f 3961/4746/3755 3770/4478/3500 2622/4477/3499 2718/4488/3510
f 3757/4440/3462 2615/4428/3450 2678/4431/3453 3881/4557/3579
f 3959/4747/3756 3768/4471/3493 2621/4470/3492 2717/4481/3503
f 2626/4527/3549 3778/4664/3681 4486/4748/3757 3442/4528/3550
f 3957/4749/3758 3766/4464/3486 2620/4463/3485 2716/4474/3496
f 3775/4503/3525 2624/4491/3513 2683/4494/3516 3891/4566/3588
f 3955/4750/3759 3764/4457/3479 2619/4456/3478 2715/4467/3489
f 4518/4751/3760 3455/4752/3761 2645/4753/3602 3818/4754/3651
f 3447/4755/3762 4499/4756/3763 3807/4757/3636 2641/4758/3635
f 3445/4759/3764 4495/4760/3765 3805/4761/3639 2640/4762/3599
f 4514/4763/3766 3453/4764/3767 2644/4765/3614 3816/4766/3655
f 3804/4767/3768 2638/4660/3613 2691/4663/3680 3907/4734/3733
f 3443/4768/3769 4491/4769/3770 3803/4770/3649 2639/4771/3646
f 4510/4772/3771 3451/4773/3772 2643/4774/3619 3814/4775/3659
f 3463/4776/3773 4531/4777/3774 3823/4778/3653 2649/4779/3334
f 4506/4780/3775 3449/4781/3776 2642/4782/3627 3812/4783/3663
f 3461/4784/3777 4527/4785/3778 3821/4786/3657 2648/4787/3624
f 4502/4788/3779 3447/4755/3762 2641/4758/3635 3810/4789/3665
f 3459/4790/3780 4523/4791/3781 3819/4792/3661 2647/4793/3632
f 4498/4794/3782 3445/4759/3764 2640/4762/3599 3808/4795/3598
f 4494/4796/3783 3443/4768/3769 2639/4771/3646 3806/4797/3645
f 3457/4798/3784 4519/4799/3785 3817/4800/3667 2646/4801/3642
f 4490/4802/3786 3441/4588/3610 2638/4591/3613 3804/4803/3768
f 3455/4752/3761 4515/4804/3787 3815/4805/3603 2645/4753/3602
f 4530/4806/3788 3461/4784/3777 2648/4787/3624 3824/4807/3623
f 4488/4808/3789 3463/4776/3773 2649/4779/3334 3802/4809/3333
f 3453/4764/3767 4511/4810/3790 3813/4811/3615 2644/4765/3614
f 4526/4812/3791 3459/4790/3780 2647/4793/3632 3822/4813/3631
f 3451/4773/3772 4507/4814/3792 3811/4815/3620 2643/4774/3619
f 4522/4816/3793 3457/4798/3784 2646/4801/3642 3820/4817/3641
f 3449/4781/3776 4503/4818/3794 3809/4819/3628 2642/4782/3627
f 2721/4424/3446 3946/4427/3449 3922/4820/3795 2709/4821/3796
f 2699/4822/3797 2774/4823/3798 4080/4824/3799 3923/4825/3800
f 3926/4826/3801 4075/4827/3802 2774/4823/3798 2699/4822/3797
f 2700/4828/3803 2773/4829/3804 4074/4830/3805 3925/4831/3806
f 3928/4832/3807 4073/4833/3808 2773/4829/3804 2700/4828/3803
f 2701/4834/3809 2771/4835/3810 4072/4836/3811 3927/4837/3812
f 3930/4838/3813 4069/4839/3814 2771/4835/3810 2701/4834/3809
f 2702/4840/3815 2781/4841/3816 4068/4842/3817 3929/4843/3818
f 3932/4844/3819 4086/4845/3820 2781/4841/3816 2702/4840/3815
f 2703/4846/3821 2780/4847/3822 4087/4848/3823 3931/4849/3824
f 3934/4850/3825 4082/4851/3826 2780/4847/3822 2703/4846/3821
f 2704/4852/3827 2778/4853/3828 4083/4854/3829 3933/4855/3830
f 3936/4856/3831 4076/4857/3832 2778/4853/3828 2704/4852/3827
f 2705/4858/3833 2775/4859/3834 4077/4860/3835 3935/4861/3836
f 3938/4862/3837 4070/4863/3838 2775/4859/3834 2705/4858/3833
f 2706/4864/3839 2772/4865/3840 4071/4866/3841 3937/4867/3842
f 3940/4868/3843 4066/4869/3844 2772/4865/3840 2706/4864/3839
f 2707/4870/3845 2770/4871/3846 4067/4872/3847 3939/4873/3848
f 3942/4874/3849 4089/4875/3850 2770/4871/3846 2707/4870/3845
f 2708/4876/3851 2779/4877/3852 4088/4878/3853 3941/4879/3854
f 3944/4880/3855 4085/4881/3856 2779/4877/3852 2708/4876/3851
f 2709/4821/3796 2776/4882/3857 4084/4883/3858 3943/4884/3859
f 3922/4820/3795 4079/4885/3860 2776/4882/3857 2709/4821/3796
f 2722/4886/3861 3465/4887/3862 4537/4888/3863 3969/4889/3864
f 3990/4890/3865 4574/4891/3866 3483/4892/3867 2731/4893/3868
f 2726/4894/3869 3473/4895/3870 4551/4896/3871 3977/4897/3872
f 3988/4898/3873 4570/4899/3874 3481/4900/3875 2730/4901/3876
f 2725/4902/3877 3471/4903/3878 4547/4904/3879 3975/4905/3880
f 2724/4906/3881 3469/4907/3882 4543/4908/3883 3973/4909/3884
f 3986/4910/3885 4566/4911/3886 3479/4912/3887 2729/4913/3888
f 2777/4684/3694 2722/4886/3861 3969/4889/3864 4078/4685/3695
f 2723/4914/3889 3467/4915/3890 4539/4916/3891 3971/4917/3892
f 3984/4918/3893 4562/4919/3894 3477/4920/3895 2728/4921/3896
f 2733/4922/3897 3487/4923/3898 4579/4924/3899 3991/4925/3900
f 3970/4926/3901 4536/4927/3902 3487/4923/3898 2733/4922/3897
f 3982/4928/3903 4558/4929/3904 3475/4930/3905 2727/4931/3906
f 2732/4932/3907 3485/4933/3908 4575/4934/3909 3989/4935/3910
f 3980/4936/3911 4554/4937/3912 3473/4895/3870 2726/4894/3869
f 2731/4893/3868 3483/4892/3867 4571/4938/3913 3987/4939/3914
f 3978/4940/3915 4550/4941/3916 3471/4903/3878 2725/4902/3877
f 3976/4942/3917 4546/4943/3918 3469/4907/3882 2724/4906/3881
f 2730/4901/3876 3481/4900/3875 4567/4944/3919 3985/4945/3920
f 3974/4946/3921 4542/4947/3922 3467/4915/3890 2723/4914/3889
f 2729/4913/3888 3479/4912/3887 4563/4948/3923 3983/4949/3924
f 2734/4587/3609 2787/4586/3608 4098/4950/3925 3994/4951/3926
f 2728/4921/3896 3477/4920/3895 4559/4952/3927 3981/4953/3928
f 3992/4954/3929 4578/4955/3930 3485/4933/3908 2732/4932/3907
f 2727/4931/3906 3475/4930/3905 4555/4956/3931 3979/4957/3932
f 2736/4958/3933 2783/4959/3934 4094/4960/3935 3998/4961/3936
f 4565/4962/3937 4007/4963/3938 2740/4964/3939 3478/4965/3940
f 3491/4966/3178 3490/4967/3141 2842/4968/3144 2843/4969/3179
f 3993/4970/3941 4099/4971/3942 2786/4972/3943 2745/4973/3944
f 4561/4974/3945 4005/4975/3946 2739/4976/3947 3476/4977/3948
f 2745/4973/3944 2786/4972/3943 4104/4978/3949 4016/4979/3950
f 4557/4980/3951 4003/4981/3952 2738/4982/3953 3474/4983/3954
f 2744/4984/3955 2789/4985/3956 4108/4986/3957 4014/4987/3958
f 4553/4988/3959 4001/4989/3960 2737/4990/3961 3472/4991/3962
f 2743/4992/3963 2791/4993/3964 4112/4994/3965 4012/4995/3966
f 4549/4996/3967 3999/4997/3968 2736/4998/3933 3470/4999/3969
f 4545/5000/3970 3997/5001/3971 2735/5002/3972 3468/5003/3973
f 2742/5004/3974 2782/5005/3975 4091/5006/3976 4010/5007/3977
f 4079/4885/3860 3970/4926/3901 2733/4922/3897 2776/4882/3857
f 4541/5008/3978 3995/5009/3606 2734/5010/3609 3466/5011/3979
f 2741/5012/3980 2785/5013/3981 4097/5014/3982 4008/5015/3983
f 4581/5016/3984 4015/5017/3985 2744/5018/3955 3486/5019/3986
f 2740/5020/3939 2788/5021/3987 4103/5022/3988 4006/5023/3989
f 4577/5024/3990 4013/5025/3991 2743/5026/3963 3484/5027/3992
f 2739/5028/3947 2790/5029/3993 4107/5030/3994 4004/5031/3995
f 4573/5032/3996 4011/5033/3997 2742/5034/3974 3482/5035/3998
f 2738/5036/3953 2792/5037/3999 4111/5038/4000 4002/5039/4001
f 2737/5040/3961 2793/5041/4002 4092/5042/4003 4000/5043/4004
f 4569/5044/4005 4009/5045/4006 2741/5046/3980 3480/5047/4007
f 2779/4877/3852 2732/4932/3907 3989/4935/3910 4088/4878/3853
f 4086/4845/3820 3980/4936/3911 2726/4894/3869 2781/4841/3816
f 2770/4871/3846 2731/4893/3868 3987/4939/3914 4067/4872/3847
f 4069/4839/3814 3978/4940/3915 2725/4902/3877 2771/4835/3810
f 2772/4865/3840 2730/4901/3876 3985/4945/3920 4071/4866/3841
f 4073/4833/3808 3976/4942/3917 2724/4906/3881 2773/4829/3804
f 4075/4827/3802 3974/4946/3921 2723/4914/3889 2774/4823/3798
f 2775/4859/3834 2729/4913/3888 3983/4949/3924 4077/4860/3835
f 2735/5048/3972 2784/5049/4008 4100/5050/4009 3996/5051/4010
f 4081/5052/4011 3972/5053/4012 2722/4886/3861 2777/4684/3694
f 2778/4853/3828 2728/4921/3896 3981/4953/3928 4083/4854/3829
f 4085/4881/3856 3992/4954/3929 2732/4932/3907 2779/4877/3852
f 2780/4847/3822 2727/4931/3906 3979/4957/3932 4087/4848/3823
f 4089/4875/3850 3990/4890/3865 2731/4893/3868 2770/4871/3846
f 2781/4841/3816 2726/4894/3869 3977/4897/3872 4068/4842/3817
f 4066/4869/3844 3988/4898/3873 2730/4901/3876 2772/4865/3840
f 2771/4835/3810 2725/4902/3877 3975/4905/3880 4072/4836/3811
f 2773/4829/3804 2724/4906/3881 3973/4909/3884 4074/4830/3805
f 4070/4863/3838 3986/4910/3885 2729/4913/3888 2775/4859/3834
f 2774/4823/3798 2723/4914/3889 3971/4917/3892 4080/4824/3799
f 4076/4857/3832 3984/4918/3893 2728/4921/3896 2778/4853/3828
f 2776/4882/3857 2733/4922/3897 3991/4925/3900 4084/4883/3858
f 3972/5053/4012 4538/5054/4013 3465/4887/3862 2722/4886/3861
f 4082/4851/3826 3982/4928/3903 2727/4931/3906 2780/4847/3822
f 4035/5055/4014 4060/5056/4015 2766/5057/3510 2754/5058/3510
f 2749/5059/3475 2761/5060/3475 4047/5061/4016 4024/5062/4016
f 2748/5063/3468 2760/5064/3468 4045/5065/4017 4022/5066/4018
f 4034/5067/4019 4058/5068/4020 2765/5069/3503 2753/5070/3503
f 4017/5071/4021 4042/5072/4022 2769/5073/3446 2757/5074/3446
f 2747/5075/3461 2759/5076/3461 4043/5077/4023 4020/5078/4024
f 4032/5079/4025 4056/5080/4026 2764/5081/4027 2752/5082/4027
f 2757/5074/3446 2769/5073/3446 4063/5083/4028 4040/5084/4029
f 4030/5085/4030 4054/5086/4031 2763/5087/3489 2751/5088/3489
f 2756/5089/3524 2768/5090/3524 4061/5091/4032 4038/5092/4033
f 4028/5093/3725 4052/5094/3725 2762/5095/3482 2750/5096/3482
f 2755/5097/3703 2767/5098/3703 4059/5099/4034 4036/5100/4035
f 4093/5101/4036 4023/5102/4037 2748/5063/4038 2783/4959/3934
f 4095/5103/4039 4021/5104/4040 2747/5075/4041 2784/5049/4008
f 2754/5058/3510 2766/5057/3510 4057/5105/4042 4033/5106/4043
f 4101/4585/3607 4019/5107/4044 2746/5108/4045 2787/4586/3608
f 2753/5070/3503 2765/5069/3503 4055/5109/4046 4031/5110/4047
f 4105/5111/4048 4039/5112/4049 2756/5089/4050 2789/4985/3956
f 4019/5107/4051 4044/5113/4052 2758/5114/3454 2746/5108/3454
f 2752/5082/4027 2764/5081/4027 4053/5115/4053 4029/5116/4054
f 4109/5117/4055 4037/5118/4056 2755/5097/4057 2791/4993/3964
f 2751/5088/3489 2763/5087/3489 4051/5119/3713 4027/5120/3713
f 4113/5121/4058 4035/5055/4059 2754/5058/4060 2782/5005/3975
f 2750/5096/3482 2762/5095/3482 4049/5122/4061 4025/5123/4061
f 2787/4586/3608 2746/5108/4045 4018/5124/4062 4098/4950/3925
f 2784/5049/4008 2747/5075/4041 4020/5078/4063 4100/5050/4009
f 2788/5021/3987 2752/5082/4064 4029/5116/4065 4103/5022/3988
f 2786/4972/3943 2757/5074/4066 4040/5084/4067 4104/4978/3949
f 2790/5029/3993 2751/5088/4068 4027/5120/4069 4107/5030/3994
f 2789/4985/3956 2756/5089/4050 4038/5092/4070 4108/4986/3957
f 2792/5037/3999 2750/5096/4071 4025/5123/4072 4111/5038/4000
f 2791/4993/3964 2755/5097/4057 4036/5100/4073 4112/4994/3965
f 4026/5125/4074 4050/5126/4074 2761/5060/3475 2749/5059/3475
f 4023/5102/4075 4048/5127/4075 2760/5064/3468 2748/5063/3468
f 4090/5128/4076 4034/5067/4077 2753/5070/4078 2785/5013/3981
f 4021/5104/4079 4046/5129/4080 2759/5076/3461 2747/5075/3461
f 4096/5130/4081 4032/5079/4082 2752/5082/4064 2788/5021/3987
f 2758/5114/4083 4065/5131/4083 4041/5132/4083
f 4099/4971/3942 4017/5071/4084 2757/5074/4066 2786/4972/3943
f 4102/5133/4085 4030/5085/4086 2751/5088/4068 2790/5029/3993
f 4039/5112/4087 4064/5134/4088 2768/5090/3524 2756/5089/3524
f 4106/5135/4089 4028/5093/4090 2750/5096/4071 2792/5037/3999
f 4037/5118/4091 4062/5136/4092 2767/5098/3703 2755/5097/3703
f 4110/5137/4093 4026/5125/4094 2749/5059/4095 2793/5041/4002
f 2782/5005/3975 2754/5058/4060 4033/5106/4096 4091/5006/3976
f 2793/5041/4002 2749/5059/4095 4024/5062/4097 4092/5042/4003
f 2783/4959/3934 2748/5063/4038 4022/5066/4098 4094/4960/3935
f 2785/5013/3981 2753/5070/4078 4031/5110/4099 4097/5014/3982
f 2768/5090/4083 4065/5131/4083 4061/5091/4083
f 4052/5094/4083 4065/5131/4083 2762/5095/4083
f 2767/5098/4083 4065/5131/4083 4059/5099/4083
f 4050/5126/4083 4065/5131/4083 2761/5060/4083
f 4048/5127/4083 4065/5131/4083 2760/5064/4083
f 2766/5057/4083 4065/5131/4083 4057/5105/4083
f 4046/5129/4083 4065/5131/4083 2759/5076/4083
f 2765/5069/4083 4065/5131/4083 4055/5109/4083
f 3155/5138/181 4115/5139/4100 4259/5140/4101 3222/5141/184
f 4042/5072/4083 4065/5131/4083 2769/5073/4083
f 2764/5081/4083 4065/5131/4083 4053/5115/4083
f 4064/5134/4083 4065/5131/4083 2768/5090/4083
f 2763/5087/4083 4065/5131/4083 4051/5119/4083
f 4062/5136/4083 4065/5131/4083 2767/5098/4083
f 2762/5095/4083 4065/5131/4083 4049/5122/4083
f 4060/5056/4083 4065/5131/4083 2766/5057/4083
f 2761/5060/4083 4065/5131/4083 4047/5061/4083
f 2760/5064/4083 4065/5131/4083 4045/5065/4083
f 4058/5068/4083 4065/5131/4083 2765/5069/4083
f 4044/5113/4083 4065/5131/4083 2758/5114/4083
f 2759/5076/4083 4065/5131/4083 4043/5077/4083
f 4056/5080/4083 4065/5131/4083 2764/5081/4083
f 2769/5073/4083 4065/5131/4083 4063/5083/4083
f 4054/5086/4083 4065/5131/4083 2763/5087/4083
f 3963/4745/3754 2719/4495/3517 2707/4870/3845 3939/4873/3848
f 2713/4453/3475 3954/4455/3477 3930/4838/3813 2701/4834/3809
f 3961/4746/3755 2718/4488/3510 2706/4864/3839 3937/4867/3842
f 2712/4446/3468 3952/4448/3470 3928/4832/3807 2700/4828/3803
f 2711/4439/3461 3950/4441/3463 3926/4826/3801 2699/4822/3797
f 3959/4747/3756 2717/4481/3503 2705/4858/3833 3935/4861/3836
f 3924/5142/4102 4081/5052/4011 2777/4684/3694 2698/4683/3693
f 2710/4432/3454 3948/4434/3456 3924/5142/4102 2698/4683/3693
f 3957/4749/3758 2716/4474/3496 2704/4852/3827 3933/4855/3830
f 2720/4502/3524 3968/4504/3526 3944/4880/3855 2708/4876/3851
f 3945/4743/3752 2710/4432/3454 2698/4683/3693 3921/4686/3696
f 3955/4750/3759 2715/4467/3489 2703/4846/3821 3931/4849/3824
f 2719/4495/3517 3966/4497/3519 3942/4874/3849 2707/4870/3845
f 3953/4738/3747 2714/4460/3482 2702/4840/3815 3929/4843/3818
f 2718/4488/3510 3964/4490/3512 3940/4868/3843 2706/4864/3839
f 3951/4739/3748 2713/4453/3475 2701/4834/3809 3927/4837/3812
f 3949/4740/3749 2712/4446/3468 2700/4828/3803 3925/4831/3806
f 2717/4481/3503 3962/4483/3505 3938/4862/3837 2705/4858/3833
f 3947/4741/3750 2711/4439/3461 2699/4822/3797 3923/4825/3800
f 2716/4474/3496 3960/4476/3498 3936/4856/3831 2704/4852/3827
f 3967/4742/3751 2721/4424/3446 2709/4821/3796 3943/4884/3859
f 2715/4467/3489 3958/4469/3491 3934/4850/3825 2703/4846/3821
f 3965/4744/3753 2720/4502/3524 2708/4876/3851 3941/4879/3854
f 2714/4460/3482 3956/4462/3484 3932/4844/3819 2702/4840/3815
f 4011/5143/3997 4113/5121/4058 2782/5005/3975 2742/5004/3974
f 3472/4991/3962 2737/4990/3961 4000/5144/4004 4548/5145/4103
f 3470/4999/3969 2736/4998/3933 3998/5146/3936 4544/5147/4104
f 4009/5148/4006 4090/5128/4076 2785/5013/3981 2741/5012/3980
f 3466/5011/3979 2734/5010/3609 3994/5149/3926 4534/5150/4105
f 3468/5003/3973 2735/5002/3972 3996/5151/4010 4540/5152/4106
f 4007/5153/3938 4096/5130/4081 2788/5021/3987 2740/5020/3939
f 3488/5154/4107 2745/5155/3944 4016/5156/3950 4580/5157/4108
f 4005/5158/3946 4102/5133/4085 2790/5029/3993 2739/5028/3947
f 3486/5019/3986 2744/5018/3955 4014/5159/3958 4576/5160/4109
f 4003/5161/3952 4106/5135/4089 2792/5037/3999 2738/5036/3953
f 3484/5027/3992 2743/5026/3963 4012/5162/3966 4572/5163/4110
f 4001/5164/3960 4110/5137/4093 2793/5041/4002 2737/5040/3961
f 3999/5165/3968 4093/5101/4036 2783/4959/3934 2736/4958/3933
f 3482/5035/3998 2742/5034/3974 4010/5166/3977 4568/5167/4111
f 3997/5168/3971 4095/5103/4039 2784/5049/4008 2735/5048/3972
f 3480/5047/4007 2741/5046/3980 4008/5169/3983 4564/5170/4112
f 2746/5108/3454 2758/5114/3454 4041/5132/4113 4018/5124/4114
f 4535/5171/4115 3993/5172/3941 2745/5155/3944 3488/5154/4107
f 3478/4965/3940 2740/4964/3939 4006/5173/3989 4560/5174/4116
f 4015/5175/3985 4105/5111/4048 2789/4985/3956 2744/4984/3955
f 3476/4977/3948 2739/4976/3947 4004/5176/3995 4556/5177/4117
f 4013/5178/3991 4109/5117/4055 2791/4993/3964 2743/4992/3963
f 3474/4983/3954 2738/4982/3953 4002/5179/4001 4552/5180/4118
f 2987/5181/3033 2794/5182/3034 2795/5183/3035 2988/5184/3036
f 2988/5184/3036 2795/5183/3035 2796/5185/3037 2989/5186/3038
f 2989/5186/3038 2796/5185/3037 2797/5187/3039 2990/5188/3040
f 2990/5188/3040 2797/5187/3039 2798/5189/3041 2991/5190/3042
f 2991/5190/3042 2798/5189/3041 2799/5191/3043 2992/5192/3044
f 2992/5192/3044 2799/5191/3043 2800/5193/4119 2993/5194/3046
f 2993/5194/3046 2800/5193/4119 2801/5195/3047 2994/5196/3048
f 2994/5196/3048 2801/5195/3047 2802/5197/3049 2995/5198/3050
f 2995/5198/3050 2802/5197/3049 2803/5199/3051 2996/5200/3052
f 2996/5200/3052 2803/5199/3051 2804/5201/3053 2997/5202/3054
f 2997/5202/3054 2804/5201/3053 2805/5203/3055 2998/5204/3056
f 2998/5204/3056 2805/5203/3055 2806/5205/3057 2999/5206/3058
f 2999/5206/3058 2806/5205/3057 2807/5207/3059 3000/5208/3060
f 3000/5208/3060 2807/5207/3059 2808/5209/3061 3001/5210/3062
f 3001/5210/3062 2808/5209/3061 2809/5211/3063 3002/5212/3064
f 3002/5212/3064 2809/5211/3063 2810/5213/3065 3003/5214/3066
f 3003/5214/3066 2810/5213/3065 2811/5215/3067 3004/5216/3068
f 3004/5216/3068 2811/5215/3067 2812/5217/3069 3005/5218/3070
f 3005/5218/3070 2812/5217/3069 2813/5219/3071 3006/5220/3072
f 3006/5220/3072 2813/5219/3071 2814/5221/3073 3007/5222/3074
f 3007/5222/3074 2814/5221/3073 2815/5223/3075 3008/5224/3076
f 3008/5224/3076 2815/5223/3075 2816/5225/3077 3009/5226/3078
f 3010/5227/3079 2817/5228/3080 2794/5182/3034 2987/5181/3033
f 3009/5226/3078 2816/5225/3077 2817/5228/3080 3010/5227/3079
f 2915/5229/3081 2916/5230/3082 2836/5231/3083 2837/5232/3084
f 2917/5233/3085 2918/5234/3086 2825/5235/3087 2826/5236/3088
f 2919/5237/3089 2920/5238/3090 2834/5239/3091 2835/5240/3092
f 2921/5241/3093 2922/5242/3094 2823/5243/3095 2824/5244/3096
f 2923/5245/3097 2924/5246/3098 2821/5247/3099 2822/5248/3100
f 2925/5249/3101 2926/5250/3102 2832/5251/4120 2833/5252/3104
f 2927/5253/3105 2928/5254/3106 2841/5255/3107 2818/5256/3108
f 2929/5257/3109 2930/5258/3110 2819/5259/3111 2820/5260/3112
f 2931/5261/3113 2932/5262/3114 2830/5263/3115 2831/5264/3116
f 2933/5265/3117 2934/5266/3118 2839/5267/3119 2840/5268/3120
f 2930/5258/3110 2927/5253/3105 2818/5256/3108 2819/5259/3111
f 2935/5269/3121 2936/5270/3122 2828/5271/3123 2829/5272/3124
f 2937/5273/3125 2915/5229/3081 2837/5232/3084 2838/5274/3126
f 2938/5275/3127 2917/5233/3085 2826/5236/3088 2827/5276/3128
f 2916/5230/3082 2919/5237/3089 2835/5240/3092 2836/5231/3083
f 2918/5234/3086 2921/5241/3093 2824/5244/3096 2825/5235/3087
f 2922/5242/3094 2923/5245/3097 2822/5248/3100 2823/5243/3095
f 2920/5238/3090 2925/5249/3101 2833/5252/3104 2834/5239/3091
f 2924/5246/3098 2929/5257/3109 2820/5260/3112 2821/5247/3099
f 2926/5250/3102 2931/5261/3113 2831/5264/3116 2832/5251/4120
f 2928/5254/3106 2933/5265/3117 2840/5268/3120 2841/5255/3107
f 2932/5262/3114 2935/5269/3121 2829/5272/3124 2830/5263/3115
f 2934/5266/3118 2937/5273/3125 2838/5274/3126 2839/5267/3119
f 2936/5270/3122 2938/5275/3127 2827/5276/3128 2828/5271/3123
f 3497/5277/3129 3495/5278/3130 2845/5279/3131 2846/5280/3132
f 3519/5281/3133 3517/5282/3134 2856/5283/3135 2857/5284/3136
f 3540/5285/3137 3036/5286/3138 3035/5287/3139 3537/5288/3140
f 3490/4967/3141 3535/5289/3142 2865/5290/3143 2842/4968/3144
f 3515/5291/3145 3513/5292/3146 2854/5293/3147 2855/5294/3148
f 3533/5295/3149 3531/5296/3150 2863/5297/3151 2864/5298/4121
f 3511/5299/3153 3509/5300/3154 2852/5301/3155 2853/5302/3156
f 3529/5303/3157 3527/5304/3158 2861/5305/3159 2862/5306/3160
f 3507/5307/3161 3505/5308/3162 2850/5309/3163 2851/5310/3164
f 3525/5311/3165 3523/5312/3166 2859/5313/3167 2860/5314/3168
f 3503/5315/3169 3501/5316/3170 2848/5317/4122 2849/5318/3172
f 3499/5319/4123 3497/5277/3129 2846/5280/3132 2847/5320/3174
f 3521/5321/3175 3519/5281/3133 2857/5284/3136 2858/5322/3176
f 3493/5323/3177 3491/4966/3178 2843/4969/3179 2844/5324/3180
f 3495/5278/3130 3493/5323/3177 2844/5324/3180 2845/5279/3131
f 3517/5282/3134 3515/5291/3145 2855/5294/3148 2856/5283/3135
f 3535/5289/3142 3533/5295/3149 2864/5298/4121 2865/5290/3143
f 3513/5292/3146 3511/5299/3153 2853/5302/3156 2854/5293/3147
f 3531/5296/3150 3529/5303/3157 2862/5306/3160 2863/5297/3151
f 3509/5300/3154 3507/5307/3161 2851/5310/3164 2852/5301/3155
f 3527/5304/3158 3525/5311/3165 2860/5314/3168 2861/5305/3159
f 3505/5308/3162 3503/5315/3169 2849/5318/3172 2850/5309/3163
f 3501/5316/3170 3499/5319/4123 2847/5320/3174 2848/5317/4122
f 3523/5312/3166 3521/5321/3175 2858/5322/3176 2859/5313/3167
f 2839/5267/3119 2838/5274/3126 3530/5325/3181 3532/5326/3182
f 2828/5271/3123 2827/5276/3128 3508/5327/3183 3510/5328/3184
f 2837/5232/3084 2836/5231/3083 3526/5329/3185 3528/5330/3186
f 2826/5236/3088 2825/5235/3087 3504/5331/4124 3506/5332/3188
f 2835/5240/3092 2834/5239/3091 3522/5333/3189 3524/5334/3190
f 2824/5244/3096 2823/5243/3095 3500/5335/3191 3502/5336/3192
f 2822/5248/3100 2821/5247/3099 3496/5337/3193 3498/5338/3194
f 2833/5252/3104 2832/5251/4120 3518/5339/4125 3520/5340/3196
f 2818/5256/3108 2841/5255/3107 3536/5341/3197 3489/5342/3198
f 2820/5260/3112 2819/5259/3111 3492/5343/3199 3494/5344/3200
f 2831/5264/3116 2830/5263/3115 3514/5345/3201 3516/5346/3202
f 2840/5268/3120 2839/5267/3119 3532/5326/3182 3534/5347/3203
f 2829/5272/3124 2828/5271/3123 3510/5328/3184 3512/5348/3204
f 2838/5274/3126 2837/5232/3084 3528/5330/3186 3530/5325/3181
f 2827/5276/3128 2826/5236/3088 3506/5332/3188 3508/5327/3183
f 2836/5231/3083 2835/5240/3092 3524/5334/3190 3526/5329/3185
f 2825/5235/3087 2824/5244/3096 3502/5336/3192 3504/5331/4124
f 2823/5243/3095 2822/5248/3100 3498/5338/3194 3500/5335/3191
f 2834/5239/3091 2833/5252/3104 3520/5340/3196 3522/5333/3189
f 2821/5247/3099 2820/5260/3112 3494/5344/3200 3496/5337/3193
f 2832/5251/4120 2831/5264/3116 3516/5346/3202 3518/5339/4125
f 2841/5255/3107 2840/5268/3120 3534/5347/3203 3536/5341/3197
f 2819/5259/3111 2818/5256/3108 3489/5342/3198 3492/5343/3199
f 2830/5263/3115 2829/5272/3124 3512/5348/3204 3514/5345/3201
f 2939/5349/3205 2940/5350/3206 2882/5351/3207 2883/5352/3208
f 2941/5353/3209 2942/5354/3210 2871/5355/3211 2872/5356/3212
f 2943/5357/3213 2944/5358/3214 2869/5359/3215 2870/5360/3216
f 2945/5361/3217 2946/5362/3218 2880/5363/3219 2881/5364/3220
f 2947/5365/3221 2948/5366/3222 2889/5367/3223 2866/5368/3224
f 2949/5369/3225 2950/5370/3226 2867/5371/3227 2868/5372/3228
f 2951/5373/3229 2952/5374/3230 2878/5375/3231 2879/5376/3232
f 2953/5377/3233 2954/5378/3234 2887/5379/3235 2888/5380/3236
f 2955/5381/3237 2956/5382/3238 2876/5383/3239 2877/5384/3240
f 2957/5385/3241 2958/5386/3242 2885/5387/3243 2886/5388/3244
f 2959/5389/3245 2960/5390/3246 2874/5391/3247 2875/5392/3248
f 2961/5393/3249 2939/5349/3205 2883/5352/3208 2884/5394/3250
f 2962/5395/3251 2941/5353/3209 2872/5356/3212 2873/5396/3252
f 2942/5354/3210 2943/5357/3213 2870/5360/3216 2871/5355/3211
f 2940/5350/3206 2945/5361/3217 2881/5364/3220 2882/5351/3207
f 2944/5358/3214 2949/5369/3225 2868/5372/3228 2869/5359/3215
f 2946/5362/3218 2951/5373/3229 2879/5376/3232 2880/5363/3219
f 2948/5366/3222 2953/5377/3233 2888/5380/3236 2889/5367/3223
f 2950/5370/3226 2947/5365/3221 2866/5368/3224 2867/5371/3227
f 2952/5374/3230 2955/5381/3237 2877/5384/3240 2878/5375/3231
f 2954/5378/3234 2957/5385/3241 2886/5388/3244 2887/5379/3235
f 2956/5382/3238 2959/5389/3245 2875/5392/3248 2876/5383/3239
f 2958/5386/3242 2961/5393/3249 2884/5394/3250 2885/5387/3243
f 2960/5390/3246 2962/5395/3251 2873/5396/3252 2874/5391/3247
f 2866/5368/3033 2889/5367/4126 2913/5397/4126 2890/5398/3033
f 2868/5372/3038 2867/5371/3036 2891/5399/3036 2892/5400/3038
f 2879/5376/3060 2878/5375/3058 2902/5401/3058 2903/5402/3060
f 2888/5380/3078 2887/5379/3076 2911/5403/3076 2912/5404/3078
f 2877/5384/3056 2876/5383/3054 2900/5405/3054 2901/5406/3056
f 2886/5388/3074 2885/5387/3072 2909/5407/3072 2910/5408/3074
f 2875/5392/3052 2874/5391/3050 2898/5409/3050 2899/5410/3052
f 2884/5394/3070 2883/5352/3068 2907/5411/3068 2908/5412/3070
f 2873/5396/3048 2872/5356/3046 2896/5413/3046 2897/5414/3048
f 2871/5355/3044 2870/5360/3042 2894/5415/3042 2895/5416/3044
f 2882/5351/3066 2881/5364/3064 2905/5417/3064 2906/5418/3066
f 2869/5359/3040 2868/5372/3038 2892/5400/3038 2893/5419/3040
f 2880/5363/3062 2879/5376/3060 2903/5402/3060 2904/5420/3062
f 2889/5367/4126 2888/5380/3078 2912/5404/3078 2913/5397/4126
f 2867/5371/3036 2866/5368/3033 2890/5398/3033 2891/5399/3036
f 2878/5375/3058 2877/5384/3056 2901/5406/3056 2902/5401/3058
f 2887/5379/3076 2886/5388/3074 2910/5408/3074 2911/5403/3076
f 2876/5383/3054 2875/5392/3052 2899/5410/3052 2900/5405/3054
f 2885/5387/3072 2884/5394/3070 2908/5412/3070 2909/5407/3072
f 2874/5391/3050 2873/5396/3048 2897/5414/3048 2898/5409/3050
f 2883/5352/3068 2882/5351/3066 2906/5418/3066 2907/5411/3068
f 2872/5356/3046 2871/5355/3044 2895/5416/3044 2896/5413/3046
f 2870/5360/3042 2869/5359/3040 2893/5419/3040 2894/5415/3042
f 2881/5364/3064 2880/5363/3062 2904/5420/3062 2905/5417/3064
f 2910/5408/4127 2909/5407/4127 2914/5421/4127
f 2899/5410/4127 2898/5409/4127 2914/5421/4127
f 2908/5412/4127 2907/5411/4127 2914/5421/4127
f 2897/5414/4127 2896/5413/4127 2914/5421/4127
f 2895/5416/4127 2894/5415/4127 2914/5421/4127
f 2906/5418/4127 2905/5417/4127 2914/5421/4127
f 2893/5419/4127 2892/5400/4127 2914/5421/4127
f 2904/5420/4127 2903/5402/4127 2914/5421/4127
f 2913/5397/4127 2912/5404/4127 2914/5421/4127
f 2891/5399/4127 2890/5398/4127 2914/5421/4127
f 2902/5401/4127 2901/5406/4127 2914/5421/4127
f 2911/5403/4127 2910/5408/4127 2914/5421/4127
f 2900/5405/4127 2899/5410/4127 2914/5421/4127
f 2909/5407/4127 2908/5412/4127 2914/5421/4127
f 2898/5409/4127 2897/5414/4127 2914/5421/4127
f 2907/5411/4127 2906/5418/4127 2914/5421/4127
f 2896/5413/4127 2895/5416/4127 2914/5421/4127
f 2894/5415/4127 2893/5419/4127 2914/5421/4127
f 2905/5417/4127 2904/5420/4127 2914/5421/4127
f 2890/5398/4127 2913/5397/4127 2914/5421/4127
f 2892/5400/4127 2891/5399/4127 2914/5421/4127
f 2903/5402/4127 2902/5401/4127 2914/5421/4127
f 2912/5404/4127 2911/5403/4127 2914/5421/4127
f 2901/5406/4127 2900/5405/4127 2914/5421/4127
f 2813/5219/3071 2812/5217/3069 2916/5230/3082 2915/5229/3081
f 2802/5197/3049 2801/5195/3047 2918/5234/3086 2917/5233/3085
f 2811/5215/3067 2810/5213/3065 2920/5238/3090 2919/5237/3089
f 2800/5193/4119 2799/5191/3043 2922/5242/3094 2921/5241/3093
f 2798/5189/3041 2797/5187/3039 2924/5246/3098 2923/5245/3097
f 2809/5211/3063 2808/5209/3061 2926/5250/3102 2925/5249/3101
f 2794/5182/3034 2817/5228/3080 2928/5254/3106 2927/5253/3105
f 2796/5185/3037 2795/5183/3035 2930/5258/3110 2929/5257/3109
f 2807/5207/3059 2806/5205/3057 2932/5262/3114 2931/5261/3113
f 2816/5225/3077 2815/5223/3075 2934/5266/3118 2933/5265/3117
f 2795/5183/3035 2794/5182/3034 2927/5253/3105 2930/5258/3110
f 2805/5203/3055 2804/5201/3053 2936/5270/3122 2935/5269/3121
f 2814/5221/3073 2813/5219/3071 2915/5229/3081 2937/5273/3125
f 2803/5199/3051 2802/5197/3049 2917/5233/3085 2938/5275/3127
f 2812/5217/3069 2811/5215/3067 2919/5237/3089 2916/5230/3082
f 2801/5195/3047 2800/5193/4119 2921/5241/3093 2918/5234/3086
f 2799/5191/3043 2798/5189/3041 2923/5245/3097 2922/5242/3094
f 2810/5213/3065 2809/5211/3063 2925/5249/3101 2920/5238/3090
f 2797/5187/3039 2796/5185/3037 2929/5257/3109 2924/5246/3098
f 2808/5209/3061 2807/5207/3059 2931/5261/3113 2926/5250/3102
f 2817/5228/3080 2816/5225/3077 2933/5265/3117 2928/5254/3106
f 2806/5205/3057 2805/5203/3055 2935/5269/3121 2932/5262/3114
f 2815/5223/3075 2814/5221/3073 2937/5273/3125 2934/5266/3118
f 2804/5201/3053 2803/5199/3051 2938/5275/3127 2936/5270/3122
f 2859/5422/3167 2858/5423/3176 2940/5350/3206 2939/5349/3205
f 2848/5424/4122 2847/5425/3174 2942/5354/3210 2941/5353/3209
f 2846/5426/3132 2845/5427/3131 2944/5358/3214 2943/5357/3213
f 2857/5428/3136 2856/5429/3135 2946/5362/3218 2945/5361/3217
f 2842/5430/3144 2865/5431/3143 2948/5366/3222 2947/5365/3221
f 2844/5432/3180 2843/5433/3179 2950/5370/3226 2949/5369/3225
f 2855/5434/3148 2854/5435/3147 2952/5374/3230 2951/5373/3229
f 2864/5436/4121 2863/5437/3151 2954/5378/3234 2953/5377/3233
f 2853/5438/3156 2852/5439/3155 2956/5382/3238 2955/5381/3237
f 2862/5440/3160 2861/5441/3159 2958/5386/3242 2957/5385/3241
f 2851/5442/3164 2850/5443/3163 2960/5390/3246 2959/5389/3245
f 2860/5444/3168 2859/5422/3167 2939/5349/3205 2961/5393/3249
f 2849/5445/3172 2848/5424/4122 2941/5353/3209 2962/5395/3251
f 2847/5425/3174 2846/5426/3132 2943/5357/3213 2942/5354/3210
f 2858/5423/3176 2857/5428/3136 2945/5361/3217 2940/5350/3206
f 2845/5427/3131 2844/5432/3180 2949/5369/3225 2944/5358/3214
f 2856/5429/3135 2855/5434/3148 2951/5373/3229 2946/5362/3218
f 2865/5431/3143 2864/5436/4121 2953/5377/3233 2948/5366/3222
f 2843/5433/3179 2842/5430/3144 2947/5365/3221 2950/5370/3226
f 2854/5435/3147 2853/5438/3156 2955/5381/3237 2952/5374/3230
f 2863/5437/3151 2862/5440/3160 2957/5385/3241 2954/5378/3234
f 2852/5439/3155 2851/5442/3164 2959/5389/3245 2956/5382/3238
f 2861/5441/3159 2860/5444/3168 2961/5393/3249 2958/5386/3242
f 2850/5443/3163 2849/5445/3172 2962/5395/3251 2960/5390/3246
f 2987/5181/3033 2988/5184/3036 2964/5446/3253 2963/5447/3254
f 2988/5184/3036 2989/5186/3038 2965/5448/3255 2964/5446/3253
f 2989/5186/3038 2990/5188/3040 2966/5449/3256 2965/5448/3255
f 2990/5188/3040 2991/5190/3042 2967/5450/3257 2966/5449/3256
f 2991/5190/3042 2992/5192/3044 2968/5451/3258 2967/5450/3257
f 2992/5192/3044 2993/5194/3046 2969/5452/3259 2968/5451/3258
f 2993/5194/3046 2994/5196/3048 2970/5453/3260 2969/5452/3259
f 2994/5196/3048 2995/5198/3050 2971/5454/3261 2970/5453/3260
f 2995/5198/3050 2996/5200/3052 2972/5455/3262 2971/5454/3261
f 2996/5200/3052 2997/5202/3054 2973/5456/3263 2972/5455/3262
f 2997/5202/3054 2998/5204/3056 2974/5457/3264 2973/5456/3263
f 2998/5204/3056 2999/5206/3058 2975/5458/3265 2974/5457/3264
f 2999/5206/3058 3000/5208/3060 2976/5459/3266 2975/5458/3265
f 3000/5208/3060 3001/5210/3062 2977/5460/3267 2976/5459/3266
f 3001/5210/3062 3002/5212/3064 2978/5461/3268 2977/5460/3267
f 3002/5212/3064 3003/5214/3066 2979/5462/3269 2978/5461/3268
f 3003/5214/3066 3004/5216/3068 2980/5463/3270 2979/5462/3269
f 3004/5216/3068 3005/5218/3070 2981/5464/3271 2980/5463/3270
f 3005/5218/3070 3006/5220/3072 2982/5465/3272 2981/5464/3271
f 3006/5220/3072 3007/5222/3074 2983/5466/3273 2982/5465/3272
f 3007/5222/3074 3008/5224/3076 2984/5467/3274 2983/5466/3273
f 3008/5224/3076 3009/5226/3078 2985/5468/3275 2984/5467/3274
f 3010/5227/3079 2987/5181/3033 2963/5447/3254 2986/5469/3276
f 3009/5226/3078 3010/5227/3079 2986/5469/3276 2985/5468/3275
f 3107/5470/3277 3030/5471/3278 3029/5472/3279 3108/5473/3280
f 3109/5474/3281 3019/5475/3282 3018/5476/3283 3110/5477/3284
f 3111/5478/3285 3028/5479/3286 3027/5480/3287 3112/5481/3288
f 3113/5482/3289 3017/5483/3290 3016/5484/3291 3114/5485/3292
f 3115/5486/3293 3015/5487/3294 3014/5488/3295 3116/5489/3296
f 3117/5490/3297 3026/5491/3298 3025/5492/3299 3118/5493/3300
f 3119/5494/3301 3011/5495/3302 3034/5496/3303 3120/5497/3304
f 3121/5498/3305 3013/5499/3306 3012/5500/3307 3122/5501/3308
f 3123/5502/3309 3024/5503/3310 3023/5504/3311 3124/5505/3312
f 3125/5506/3313 3033/5507/3314 3032/5508/3315 3126/5509/3316
f 3122/5501/3308 3012/5500/3307 3011/5495/3302 3119/5494/3301
f 3127/5510/3317 3022/5511/3318 3021/5512/3319 3128/5513/3320
f 3129/5514/3321 3031/5515/3322 3030/5471/3278 3107/5470/3277
f 3130/5516/3323 3020/5517/3324 3019/5475/3282 3109/5474/3281
f 3108/5473/3280 3029/5472/3279 3028/5479/3286 3111/5478/3285
f 3110/5477/3284 3018/5476/3283 3017/5483/3290 3113/5482/3289
f 3114/5485/3292 3016/5484/3291 3015/5487/3294 3115/5486/3293
f 3112/5481/3288 3027/5480/3287 3026/5491/3298 3117/5490/3297
f 3116/5489/3296 3014/5488/3295 3013/5499/3306 3121/5498/3305
f 3118/5493/3300 3025/5492/3299 3024/5503/3310 3123/5502/3309
f 3120/5497/3304 3034/5496/3303 3033/5507/3314 3125/5506/3313
f 3124/5505/3312 3023/5504/3311 3022/5511/3318 3127/5510/3317
f 3126/5509/3316 3032/5508/3315 3031/5515/3322 3129/5514/3321
f 3128/5513/3320 3021/5512/3319 3020/5517/3324 3130/5516/3323
f 3546/5518/3325 3039/5519/3326 3038/5520/3327 3544/5521/4128
f 3568/5522/3329 3050/5523/3330 3049/5524/3331 3566/5525/3332
f 4163/5526/4129 3190/5527/4130 3231/5528/4131 4278/5529/4132
f 3537/5288/3140 3035/5287/3139 3058/5530/3337 3584/5531/3338
f 3564/5532/3339 3048/5533/3340 3047/5534/3341 3562/5535/3342
f 3582/5536/3343 3057/5537/3344 3056/5538/3345 3580/5539/3346
f 3560/5540/3347 3046/5541/3348 3045/5542/4133 3558/5543/3350
f 3578/5544/3351 3055/5545/3352 3054/5546/3353 3576/5547/3354
f 3556/5548/3355 3044/5549/3356 3043/5550/3357 3554/5551/3358
f 3574/5552/3359 3053/5553/3360 3052/5554/3361 3572/5555/4134
f 3552/5556/3363 3042/5557/3364 3041/5558/3365 3550/5559/3366
f 3548/5560/3367 3040/5561/3368 3039/5519/3326 3546/5518/3325
f 3570/5562/3369 3051/5563/3370 3050/5523/3330 3568/5522/3329
f 3012/5500/3307 3539/5564/3371 3538/5565/3372 3011/5495/3302
f 3544/5521/4128 3038/5520/3327 3037/5566/3373 3542/5567/3374
f 3566/5525/3332 3049/5524/3331 3048/5533/3340 3564/5532/3339
f 3584/5531/3338 3058/5530/3337 3057/5537/3344 3582/5536/3343
f 3562/5535/3342 3047/5534/3341 3046/5541/3348 3560/5540/3347
f 3580/5539/3346 3056/5538/3345 3055/5545/3352 3578/5544/3351
f 3558/5543/3350 3045/5542/4133 3044/5549/3356 3556/5548/3355
f 3576/5547/3354 3054/5546/3353 3053/5553/3360 3574/5552/3359
f 3554/5551/3358 3043/5550/3357 3042/5557/3364 3552/5556/3363
f 3550/5559/3366 3041/5558/3365 3040/5561/3368 3548/5560/3367
f 3572/5555/4134 3052/5554/3361 3051/5563/3370 3570/5562/3369
f 3032/5508/3315 3579/5568/3375 3577/5569/3376 3031/5515/3322
f 3021/5512/3319 3557/5570/3377 3555/5571/3378 3020/5517/3324
f 3030/5471/3278 3575/5572/3379 3573/5573/3380 3029/5472/3279
f 3019/5475/3282 3553/5574/3381 3551/5575/3382 3018/5476/3283
f 3028/5479/3286 3571/5576/3383 3569/5577/3384 3027/5480/3287
f 3017/5483/3290 3549/5578/3385 3547/5579/3386 3016/5484/3291
f 3015/5487/3294 3545/5580/3387 3543/5581/3388 3014/5488/3295
f 3026/5491/3298 3567/5582/3389 3565/5583/3390 3025/5492/3299
f 3542/5567/3374 3037/5566/3373 3036/5286/3138 3540/5285/3137
f 3013/5499/3306 3541/5584/4135 3539/5564/3371 3012/5500/3307
f 3024/5503/3310 3563/5585/3392 3561/5586/3393 3023/5504/3311
f 3033/5507/3314 3581/5587/3394 3579/5568/3375 3032/5508/3315
f 3022/5511/3318 3559/5588/4136 3557/5570/3377 3021/5512/3319
f 3031/5515/3322 3577/5569/3376 3575/5572/3379 3030/5471/3278
f 3020/5517/3324 3555/5571/3378 3553/5574/3381 3019/5475/3282
f 3029/5472/3279 3573/5573/3380 3571/5576/3383 3028/5479/3286
f 3018/5476/3283 3551/5575/3382 3549/5578/3385 3017/5483/3290
f 3016/5484/3291 3547/5579/3386 3545/5580/3387 3015/5487/3294
f 3027/5480/3287 3569/5577/3384 3567/5582/3389 3026/5491/3298
f 3014/5488/3295 3543/5581/3388 3541/5584/4135 3013/5499/3306
f 3025/5492/3299 3565/5583/3390 3563/5585/3392 3024/5503/3310
f 3034/5496/3303 3583/5589/3396 3581/5587/3394 3033/5507/3314
f 3011/5495/3302 3538/5565/3372 3583/5589/3396 3034/5496/3303
f 3023/5504/3311 3561/5586/3393 3559/5588/4136 3022/5511/3318
f 3131/5590/3397 3076/5591/3398 3075/5592/3399 3132/5593/3400
f 3133/5594/3401 3065/5595/3402 3064/5596/3403 3134/5597/3404
f 3135/5598/3405 3063/5599/3406 3062/5600/3407 3136/5601/3408
f 3137/5602/3409 3074/5603/3410 3073/5604/3411 3138/5605/3412
f 3139/5606/3413 3059/5607/3414 3082/5608/3415 3140/5609/3416
f 3141/5610/3417 3061/5611/3418 3060/5612/3419 3142/5613/3420
f 3143/5614/3421 3072/5615/3422 3071/5616/3423 3144/5617/3424
f 3145/5618/3425 3081/5619/3426 3080/5620/3427 3146/5621/3428
f 3147/5622/3429 3070/5623/3430 3069/5624/3431 3148/5625/3432
f 3149/5626/3433 3079/5627/3434 3078/5628/3435 3150/5629/3436
f 3151/5630/3437 3068/5631/3438 3067/5632/3439 3152/5633/3440
f 3153/5634/3441 3077/5635/3442 3076/5591/3398 3131/5590/3397
f 3154/5636/3443 3066/5637/3444 3065/5595/3402 3133/5594/3401
f 3134/5597/3404 3064/5596/3403 3063/5599/3406 3135/5598/3405
f 3132/5593/3400 3075/5592/3399 3074/5603/3410 3137/5602/3409
f 3136/5601/3408 3062/5600/3407 3061/5611/3418 3141/5610/3417
f 3138/5605/3412 3073/5604/3411 3072/5615/3422 3143/5614/3421
f 3140/5609/3416 3082/5608/3415 3081/5619/3426 3145/5618/3425
f 3142/5613/3420 3060/5612/3419 3059/5607/3414 3139/5606/3413
f 3144/5617/3424 3071/5616/3423 3070/5623/3430 3147/5622/3429
f 3146/5621/3428 3080/5620/3427 3079/5627/3434 3149/5626/3433
f 3148/5625/3432 3069/5624/3431 3068/5631/3438 3151/5630/3437
f 3150/5629/3436 3078/5628/3435 3077/5635/3442 3153/5634/3441
f 3152/5633/3440 3067/5632/3439 3066/5637/3444 3154/5636/3443
f 3059/5607/3033 3083/5638/3033 3106/5639/3079 3082/5608/3079
f 3061/5611/3038 3085/5640/3038 3084/5641/3036 3060/5612/3036
f 3072/5615/3060 3096/5642/3060 3095/5643/3058 3071/5616/3058
f 3081/5619/3078 3105/5644/3078 3104/5645/3076 3080/5620/3076
f 3070/5623/3056 3094/5646/3056 3093/5647/3054 3069/5624/3054
f 3079/5627/3074 3103/5648/3074 3102/5649/3072 3078/5628/3072
f 3068/5631/3052 3092/5650/3052 3091/5651/3050 3067/5632/3050
f 3077/5635/3070 3101/5652/3070 3100/5653/3068 3076/5591/3068
f 3066/5637/3048 3090/5654/3048 3089/5655/3046 3065/5595/3046
f 3064/5596/3044 3088/5656/3044 3087/5657/3042 3063/5599/3042
f 3075/5592/3066 3099/5658/3066 3098/5659/3064 3074/5603/3064
f 3062/5600/3040 3086/5660/3040 3085/5640/3038 3061/5611/3038
f 3073/5604/3062 3097/5661/3062 3096/5642/3060 3072/5615/3060
f 3082/5608/3079 3106/5639/3079 3105/5644/3078 3081/5619/3078
f 3060/5612/3036 3084/5641/3036 3083/5638/3033 3059/5607/3033
f 3071/5616/3058 3095/5643/3058 3094/5646/3056 3070/5623/3056
f 3080/5620/3076 3104/5645/3076 3103/5648/3074 3079/5627/3074
f 3069/5624/3054 3093/5647/3054 3092/5650/3052 3068/5631/3052
f 3078/5628/3072 3102/5649/3072 3101/5652/3070 3077/5635/3070
f 3067/5632/3050 3091/5651/3050 3090/5654/3048 3066/5637/3048
f 3076/5591/3068 3100/5653/3068 3099/5658/3066 3075/5592/3066
f 3065/5595/3046 3089/5655/3046 3088/5656/3044 3064/5596/3044
f 3063/5599/3042 3087/5657/3042 3086/5660/3040 3062/5600/3040
f 3074/5603/3064 3098/5659/3064 3097/5661/3062 3073/5604/3062
f 2982/5465/3272 3107/5470/3277 3108/5473/3280 2981/5464/3271
f 2971/5454/3261 3109/5474/3281 3110/5477/3284 2970/5453/3260
f 2980/5463/3270 3111/5478/3285 3112/5481/3288 2979/5462/3269
f 2969/5452/3259 3113/5482/3289 3114/5485/3292 2968/5451/3258
f 2967/5450/3257 3115/5486/3293 3116/5489/3296 2966/5449/3256
f 2978/5461/3268 3117/5490/3297 3118/5493/3300 2977/5460/3267
f 2963/5447/3254 3119/5494/3301 3120/5497/3304 2986/5469/3276
f 2965/5448/3255 3121/5498/3305 3122/5501/3308 2964/5446/3253
f 2976/5459/3266 3123/5502/3309 3124/5505/3312 2975/5458/3265
f 2985/5468/3275 3125/5506/3313 3126/5509/3316 2984/5467/3274
f 2964/5446/3253 3122/5501/3308 3119/5494/3301 2963/5447/3254
f 2974/5457/3264 3127/5510/3317 3128/5513/3320 2973/5456/3263
f 2983/5466/3273 3129/5514/3321 3107/5470/3277 2982/5465/3272
f 2972/5455/3262 3130/5516/3323 3109/5474/3281 2971/5454/3261
f 2981/5464/3271 3108/5473/3280 3111/5478/3285 2980/5463/3270
f 2970/5453/3260 3110/5477/3284 3113/5482/3289 2969/5452/3259
f 2968/5451/3258 3114/5485/3292 3115/5486/3293 2967/5450/3257
f 2979/5462/3269 3112/5481/3288 3117/5490/3297 2978/5461/3268
f 2966/5449/3256 3116/5489/3296 3121/5498/3305 2965/5448/3255
f 2977/5460/3267 3118/5493/3300 3123/5502/3309 2976/5459/3266
f 2986/5469/3276 3120/5497/3304 3125/5506/3313 2985/5468/3275
f 2975/5458/3265 3124/5505/3312 3127/5510/3317 2974/5457/3264
f 2984/5467/3274 3126/5509/3316 3129/5514/3321 2983/5466/3273
f 2973/5456/3263 3128/5513/3320 3130/5516/3323 2972/5455/3262
f 3052/5662/3361 3131/5590/3397 3132/5593/3400 3051/5663/3370
f 3041/5664/3365 3133/5594/3401 3134/5597/3404 3040/5665/3368
f 3039/5666/3326 3135/5598/3405 3136/5601/3408 3038/5667/3327
f 3050/5668/3330 3137/5602/3409 3138/5605/3412 3049/5669/3331
f 3035/5670/3139 3139/5606/3413 3140/5609/3416 3058/5671/3337
f 3037/5672/3373 3141/5610/3417 3142/5613/3420 3036/5673/3138
f 3048/5674/3340 3143/5614/3421 3144/5617/3424 3047/5675/3341
f 3057/5676/3344 3145/5618/3425 3146/5621/3428 3056/5677/3345
f 3046/5678/3348 3147/5622/3429 3148/5625/3432 3045/5679/4133
f 3055/5680/3352 3149/5626/3433 3150/5629/3436 3054/5681/3353
f 3044/5682/3356 3151/5630/3437 3152/5633/3440 3043/5683/3357
f 3053/5684/3360 3153/5634/3441 3131/5590/3397 3052/5662/3361
f 3042/5685/3364 3154/5636/3443 3133/5594/3401 3041/5664/3365
f 3040/5665/3368 3134/5597/3404 3135/5598/3405 3039/5666/3326
f 3051/5663/3370 3132/5593/3400 3137/5602/3409 3050/5668/3330
f 3038/5667/3327 3136/5601/3408 3141/5610/3417 3037/5672/3373
f 3049/5669/3331 3138/5605/3412 3143/5614/3421 3048/5674/3340
f 3058/5671/3337 3140/5609/3416 3145/5618/3425 3057/5676/3344
f 3036/5673/3138 3142/5613/3420 3139/5606/3413 3035/5670/3139
f 3047/5675/3341 3144/5617/3424 3147/5622/3429 3046/5678/3348
f 3056/5677/3345 3146/5621/3428 3149/5626/3433 3055/5680/3352
f 3045/5679/4133 3148/5625/3432 3151/5630/3437 3044/5682/3356
f 3054/5681/3353 3150/5629/3436 3153/5634/3441 3053/5684/3360
f 3043/5683/3357 3152/5633/3440 3154/5636/3443 3042/5685/3364
f 3262/5686/3446 3166/5687/3447 4114/5688/4137 4319/5689/4138
f 3156/5690/3450 4117/5691/3451 4261/5692/3452 3219/5693/3453
f 3251/5694/3454 3155/5138/181 4116/5695/3455 4321/5696/3456
f 3157/5697/3457 4119/5698/3458 4255/5699/3459 3218/5700/3460
f 3252/5701/3461 3156/5690/3450 4118/5702/3462 4323/5703/3463
f 3158/5704/3464 4121/5705/3465 4253/5706/3466 3216/5707/3467
f 3253/5708/3468 3157/5697/3457 4120/5709/3469 4325/5710/3470
f 3159/5711/3471 4123/5712/3472 4249/5713/3473 3226/5714/3474
f 3254/5715/3475 3158/5704/3464 4122/5716/3476 4327/5717/4139
f 3160/5718/3478 4125/5719/4140 4266/5720/4141 3225/5721/3481
f 3255/5722/3482 3159/5711/3471 4124/5723/4142 4329/5724/4143
f 3161/5725/3485 4127/5726/3486 4262/5727/3487 3223/5728/3488
f 3256/5729/3489 3160/5718/3478 4126/5730/3490 4331/5731/4144
f 3162/5732/3492 4129/5733/3493 4256/5734/3494 3220/5735/3495
f 3257/5736/3496 3161/5725/3485 4128/5737/3497 4333/5738/3498
f 3163/5739/3499 4131/5740/3500 4250/5741/3501 3217/5742/3502
f 3258/5743/3503 3162/5732/3492 4130/5744/3504 4335/5745/3505
f 3164/5746/3506 4133/5747/3507 4246/5748/3508 3215/5749/3509
f 3259/5750/3510 3163/5739/3499 4132/5751/3511 4337/5752/3512
f 3165/5753/3513 4135/5754/3514 4269/5755/3515 3224/5756/3516
f 3260/5757/3517 3164/5746/3506 4134/5758/3518 4339/5759/3519
f 3166/5687/3447 4137/5760/3520 4265/5761/3521 3221/5762/3522
f 4114/5688/4137 3166/5687/3447 3221/5762/3522 4258/5763/4145
f 3261/5764/3524 3165/5753/3513 4136/5765/3525 4341/5766/3526
f 4247/5767/3527 3217/5742/3502 3175/5768/3528 4156/5769/3529
f 3171/5770/3530 4147/5771/3531 4600/5772/3532 3594/5773/3533
f 4251/5774/3534 3220/5735/3495 3174/5775/3535 4154/5776/3536
f 3170/5777/3537 4145/5778/3538 4596/5779/3539 3592/5780/3540
f 3169/5781/3541 4143/5782/3542 4592/5783/3543 3590/5784/3544
f 4257/5785/3545 3223/5728/3488 3173/5786/3546 4152/5787/3547
f 4140/5788/3548 3167/5789/3549 3586/5790/3550 4589/5791/4146
f 3168/5792/3552 4141/5793/3553 4588/5794/4147 3588/5795/3555
f 4263/5796/3556 3225/5721/3481 3172/5797/3557 4150/5798/3558
f 3178/5799/3559 4161/5800/3560 4628/5801/3561 3608/5802/4148
f 4138/5803/4149 3178/5799/3559 3608/5802/4148 4583/5804/4150
f 4267/5805/4151 3226/5714/3474 3171/5770/3530 4148/5806/4152
f 3177/5807/3567 4159/5808/3568 4624/5809/3569 3606/5810/3570
f 4248/5811/3571 3216/5707/3467 3170/5777/3537 4146/5812/3572
f 3176/5813/3573 4157/5814/3574 4620/5815/3575 3604/5816/3576
f 4252/5817/3577 3218/5700/3460 3169/5781/3541 4144/5818/3578
f 4254/5819/3579 3219/5693/3453 3168/5792/3552 4142/5820/3580
f 3175/5768/3528 4155/5821/3581 4616/5822/3582 3602/5823/4153
f 4260/5824/3584 3222/5141/184 3167/5789/3549 4140/5788/3548
f 3174/5775/3535 4153/5825/3585 4612/5826/3586 3600/5827/3587
f 4264/5828/3588 3224/5756/3516 3177/5807/3567 4160/5829/4154
f 3173/5786/3546 4151/5830/3590 4608/5831/3591 3598/5832/3592
f 4268/5833/3593 3215/5749/3509 3176/5813/3573 4158/5834/3594
f 3172/5797/3557 4149/5835/4155 4604/5836/4156 3596/5837/3597
f 4169/5838/4157 3181/5839/4158 3228/5840/4159 4272/5841/4160
f 3186/5842/4161 4176/5843/4162 4276/5844/4163 3230/5845/4164
f 4368/5846/3606 4473/5847/3607 3328/5848/3608 3275/5849/3609
f 3585/5850/3610 4585/5851/4165 4162/5852/4166 3179/5853/4167
f 3185/5854/4168 4174/5855/4169 4282/5856/4170 3233/5857/4171
f 3191/5858/3454 7139/5859/3618 7138/5860/4172 7176/5861/3454
f 3184/5862/4173 4172/5863/4174 4286/5864/4175 3235/5865/4176
f 4185/5866/4177 3189/5867/4178 3234/5868/4179 4284/5869/4180
f 3183/5870/4181 4170/5871/4182 4290/5872/4183 3237/5873/4184
f 4183/5874/4185 3188/5875/4186 3236/5876/4187 4288/5877/4188
f 3182/5878/4189 4168/5879/4190 4273/5880/4191 3238/5881/4192
f 3181/5839/4158 4166/5882/4193 4275/5883/4194 3228/5840/4159
f 4181/5884/4195 3187/5885/4196 3227/5886/4197 4292/5887/4198
f 4167/5888/4199 3180/5889/4200 3229/5890/4201 4274/5891/4202
f 3180/5889/4200 4164/5892/4203 4281/5893/4204 3229/5890/4201
f 4179/5894/4205 3186/5842/4161 3230/5845/4164 4271/5895/4206
f 3190/5527/4130 4184/5896/4207 4285/5897/4208 3231/5528/4131
f 4177/5898/4209 3185/5854/4168 3233/5857/4171 4277/5899/4210
f 3189/5867/4178 4182/5900/4211 4289/5901/4212 3234/5868/4179
f 4175/5902/4213 3184/5862/4173 3235/5865/4176 4283/5903/4214
f 3188/5875/4186 4180/5904/4215 4293/5905/4216 3236/5876/4187
f 4173/5906/4217 3183/5870/4181 3237/5873/4184 4287/5907/4218
f 4171/5908/4219 3182/5878/4189 3238/5881/4192 4291/5909/4220
f 3187/5885/4196 4178/5910/4221 4270/5911/4222 3227/5886/4197
f 4160/5829/4154 3177/5807/3567 3606/5810/3570 4629/5912/4223
f 3225/5721/3481 4266/5720/4141 4149/5835/4155 3172/5797/3557
f 4158/5834/3594 3176/5813/3573 3604/5816/3576 4625/5913/3670
f 3226/5714/3474 4249/5713/3473 4147/5771/3531 3171/5770/3530
f 4156/5769/3529 3175/5768/3528 3602/5823/4153 4621/5914/4224
f 3216/5707/3467 4253/5706/3466 4145/5778/3538 3170/5777/3537
f 3218/5700/3460 4255/5699/3459 4143/5782/3542 3169/5781/3541
f 4154/5776/3536 3174/5775/3535 3600/5827/3587 4617/5915/4225
f 4258/5763/4145 3221/5762/3522 3178/5799/3559 4138/5803/4149
f 3219/5693/3453 4261/5692/3452 4141/5793/3553 3168/5792/3552
f 4152/5787/3547 3173/5786/3546 3598/5832/3592 4613/5916/3673
f 3221/5762/3522 4265/5761/3521 4161/5800/3560 3178/5799/3559
f 4150/5798/3558 3172/5797/3557 3596/5837/3597 4609/5917/3674
f 3224/5756/3516 4269/5755/3515 4159/5808/3568 3177/5807/3567
f 4148/5806/4152 3171/5770/3530 3594/5773/3533 4605/5918/4226
f 3215/5749/3509 4246/5748/3508 4157/5814/3574 3176/5813/3573
f 4146/5812/3572 3170/5777/3537 3592/5780/3540 4601/5919/3676
f 4144/5818/3578 3169/5781/3541 3590/5784/3544 4597/5920/3677
f 3217/5742/3502 4250/5741/3501 4155/5821/3581 3175/5768/3528
f 4142/5820/3580 3168/5792/3552 3588/5795/3555 4593/5921/4227
f 3220/5735/3495 4256/5734/3494 4153/5825/3585 3174/5775/3535
f 3179/5922/4167 4162/5923/4166 4279/5924/4228 3232/5925/4229
f 3222/5141/184 4259/5140/4101 4139/5926/4230 3167/5789/3549
f 3223/5728/3488 4262/5727/3487 4151/5830/3590 3173/5786/3546
f 4271/5895/4206 3230/5845/4164 3198/5927/4231 7127/5928/4231
f 4194/5929/4232 7183/5930/4233 7184/5931/3475 7157/5932/4234
f 7164/5933/4235 3193/5934/4236 7182/5935/3468 7165/5936/4237
f 4277/5899/4210 3233/5857/4171 3197/5937/4231 7129/5938/4231
f 3232/5925/4229 4279/5924/4228 4186/5859/4231 7175/5858/4231
f 7168/5939/4238 3192/5940/4239 7180/5941/3461 7169/5942/4240
f 4283/5903/4214 3235/5865/4176 3196/5943/4231 7131/5944/4231
f 3203/5861/171 4211/5860/171 4245/5945/171
f 4287/5907/4218 3237/5873/4184 3195/5946/4231 7133/5947/4231
f 7150/5948/4241 3201/5949/3524 7198/5950/3524 7147/5951/4241
f 4291/5909/4220 3238/5881/4192 3194/5930/4231 7135/5929/4231
f 7156/5952/4242 3200/5953/3703 7196/5954/3703 7153/5955/4243
f 7183/5930/4233 7163/5956/4244 7166/5957/4245 7184/5931/3475
f 3193/5934/4236 7167/5958/4246 7170/5959/4247 7182/5935/3468
f 7193/5960/4248 4203/5961/4249 7172/5962/4250 7194/5963/3510
f 3192/5940/4239 7143/5964/4251 7142/5965/4251 7180/5941/3461
f 7191/5927/4252 4201/5966/4253 7174/5967/4254 7192/5968/3503
f 3202/5969/3446 7149/5970/4255 7148/5971/4255 7178/5972/3446
f 7140/5973/4256 3202/5969/3446 7178/5972/3446 7137/5974/3710
f 7189/5937/4257 4199/5975/4258 7146/5976/4259 7190/5977/4027
f 3201/5949/3524 7155/5978/4260 7154/5979/4261 7198/5950/3524
f 7187/5943/3489 4197/5980/4262 7152/5981/4263 7188/5982/3489
f 3200/5953/3703 7161/5983/4264 7160/5984/4265 7196/5954/3703
f 7185/5946/3482 4195/5985/4266 7158/5986/4267 7186/5987/3482
f 7144/5988/4268 3191/5858/3454 7176/5861/3454 7141/5989/4268
f 3229/5890/4201 4281/5893/4204 4188/5964/4231 7179/5940/4231
f 4200/5938/4269 7189/5937/4257 7190/5977/4027 7173/5990/4270
f 3231/5528/4131 4285/5897/4208 4208/5970/4231 7177/5969/4231
f 4198/5944/4271 7187/5943/3489 7188/5982/3489 7145/5991/4272
f 3234/5868/4179 4289/5901/4212 4206/5978/4231 7197/5949/4231
f 4196/5947/4273 7185/5946/3482 7186/5987/3482 7151/5992/4274
f 3236/5876/4187 4293/5905/4216 4204/5983/4231 7195/5953/4231
f 4272/5841/4160 3228/5840/4159 7181/5934/4231 4193/5933/4231
f 4274/5891/4202 3229/5890/4201 7179/5940/4231 4191/5939/4231
f 3227/5886/4197 4270/5911/4222 7128/5961/4231 3199/5960/4231
f 4280/5993/4275 3232/5925/4229 7175/5858/4231 4189/5988/4231
f 3230/5845/4164 4276/5844/4163 7130/5966/4231 3198/5927/4231
f 4284/5869/4180 3234/5868/4179 7197/5949/4231 4209/5948/4231
f 4278/5529/4132 3231/5528/4131 7177/5969/4231 4187/5973/4231
f 3233/5857/4171 4282/5856/4170 7132/5975/4231 3197/5937/4231
f 4288/5877/4188 3236/5876/4187 7195/5953/4231 4207/5952/4231
f 3235/5865/4176 4286/5864/4175 7134/5980/4231 3196/5943/4231
f 4292/5887/4198 3227/5886/4197 3199/5960/4231 4205/5994/4231
f 3237/5873/4184 4290/5872/4183 7136/5985/4231 3195/5946/4231
f 7162/5994/4276 7193/5960/4248 7194/5963/3510 7159/5995/4277
f 3238/5881/4192 4273/5880/4191 4192/5956/4231 3194/5930/4231
f 3228/5840/4159 4275/5883/4194 4190/5958/4231 7181/5934/4231
f 4202/5928/4278 7191/5927/4252 7192/5968/3503 7171/5996/4279
f 3213/5950/171 4231/5979/171 4235/5997/171
f 4220/5992/171 3207/5987/171 4241/5998/171
f 3212/5954/171 4229/5984/171 4236/5999/171
f 4218/5932/171 3206/5931/171 4242/6000/171
f 4216/5936/171 3205/5935/171 4243/6001/171
f 3211/5963/171 4227/5962/171 4237/6002/171
f 4214/5942/171 3204/5941/171 4244/6003/171
f 3210/5968/171 4225/5967/171 4238/6004/171
f 3239/6005/3693 3318/6006/3694 4450/6007/4280 4294/6008/4281
f 4210/5974/171 3214/5972/171 4234/6009/171
f 3209/5977/171 4223/5976/171 4239/6010/171
f 4232/5951/171 3213/5950/171 4235/5997/171
f 3208/5982/171 4221/5981/171 4240/6011/171
f 4230/5955/171 3212/5954/171 4236/5999/171
f 3207/5987/171 4219/5986/171 4241/5998/171
f 4228/5995/171 3211/5963/171 4237/6002/171
f 3206/5931/171 4217/5957/171 4242/6000/171
f 3205/5935/171 4215/5959/171 4243/6001/171
f 4226/5996/171 3210/5968/171 4238/6004/171
f 4212/5989/171 3203/5861/171 4245/5945/171
f 3204/5941/171 4213/5965/171 4244/6003/171
f 4224/5990/171 3209/5977/171 4239/6010/171
f 3214/5972/171 4233/5971/171 4234/6009/171
f 4222/5991/171 3208/5982/171 4240/6011/171
f 4134/5758/3518 3164/5746/3506 3215/5749/3509 4268/5833/3593
f 4326/6012/3747 4123/5712/3472 3159/5711/3471 3255/5722/3482
f 4132/5751/3511 3163/5739/3499 3217/5742/3502 4247/5767/3527
f 4324/6013/3748 4121/5705/3465 3158/5704/3464 3254/5715/3475
f 4322/6014/3749 4119/5698/3458 3157/5697/3457 3253/5708/3468
f 4130/5744/3504 3162/5732/3492 3220/5735/3495 4251/5774/3534
f 4116/5695/3455 3155/5138/181 3222/5141/184 4260/5824/3584
f 4320/6015/3750 4117/5691/3451 3156/5690/3450 3252/5701/3461
f 4128/5737/3497 3161/5725/3485 3223/5728/3488 4257/5785/3545
f 4340/6016/3751 4137/5760/3520 3166/5687/3447 3262/5686/3446
f 4318/6017/4282 4115/5139/4100 3155/5138/181 3251/5694/3454
f 4126/5730/3490 3160/5718/3478 3225/5721/3481 4263/5796/3556
f 4338/6018/3753 4135/5754/3514 3165/5753/3513 3261/5764/3524
f 4124/5723/4142 3159/5711/3471 3226/5714/3474 4267/5805/4151
f 4336/6019/3754 4133/5747/3507 3164/5746/3506 3260/5757/3517
f 4122/5716/3476 3158/5704/3464 3216/5707/3467 4248/5811/3571
f 4120/5709/3469 3157/5697/3457 3218/5700/3460 4252/5817/3577
f 4334/6020/3755 4131/5740/3500 3163/5739/3499 3259/5750/3510
f 4118/5702/3462 3156/5690/3450 3219/5693/3453 4254/5819/3579
f 4332/6021/3756 4129/5733/3493 3162/5732/3492 3258/5743/3503
f 3167/5789/3549 4139/5926/4230 4582/6022/4283 3586/5790/3550
f 4330/6023/3758 4127/5726/3486 3161/5725/3485 3257/5736/3496
f 4136/5765/3525 3165/5753/3513 3224/5756/3516 4264/5828/3588
f 4328/6024/4284 4125/5719/4140 3160/5718/3478 3256/5729/3489
f 4614/6025/3760 3599/6026/3761 3186/6027/4161 4179/6028/4205
f 3591/6029/3762 4595/6030/3763 4168/6031/4190 3182/6032/4189
f 3589/6033/3764 4591/6034/3765 4166/6035/4193 3181/6036/4158
f 4610/6037/3766 3597/6038/3767 3185/6039/4168 4177/6040/4209
f 4165/6041/4285 3179/5922/4167 3232/5925/4229 4280/5993/4275
f 3587/6042/3769 4587/6043/4286 4164/6044/4203 3180/6045/4200
f 4606/6046/3771 3595/6047/3772 3184/6048/4173 4175/6049/4213
f 3607/6050/3773 4627/6051/4287 4184/6052/4207 3190/6053/4130
f 4602/6054/4288 3593/6055/3776 3183/6056/4181 4173/6057/4217
f 3605/6058/3777 4623/6059/3778 4182/6060/4211 3189/6061/4178
f 4598/6062/3779 3591/6029/3762 3182/6032/4189 4171/6063/4219
f 3603/6064/3780 4619/6065/4289 4180/6066/4215 3188/6067/4186
f 4594/6068/3782 3589/6033/3764 3181/6036/4158 4169/6069/4157
f 4590/6070/3783 3587/6042/3769 3180/6045/4200 4167/6071/4199
f 3601/6072/3784 4615/6073/3785 4178/6074/4221 3187/6075/4196
f 4586/6076/3786 3585/5850/3610 3179/5853/4167 4165/6077/4285
f 3599/6026/3761 4611/6078/3787 4176/6079/4162 3186/6027/4161
f 4626/6080/3788 3605/6058/3777 3189/6061/4178 4185/6081/4177
f 4584/6082/4290 3607/6050/3773 3190/6053/4130 4163/6083/4129
f 3597/6038/3767 4607/6084/4291 4174/6085/4169 3185/6039/4168
f 4622/6086/3791 3603/6064/3780 3188/6067/4186 4183/6087/4185
f 3595/6047/3772 4603/6088/4292 4172/6089/4174 3184/6048/4173
f 4618/6090/3793 3601/6072/3784 3187/6075/4196 4181/6091/4195
f 3593/6055/3776 4599/6092/3794 4170/6093/4182 3183/6056/4181
f 3262/5686/3446 4319/5689/4138 4295/6094/4293 3250/6095/3796
f 3240/6096/3797 3315/6097/3798 4452/6098/3799 4296/6099/3800
f 4299/6100/3801 4447/6101/3802 3315/6097/3798 3240/6096/3797
f 3241/6102/3803 3314/6103/3804 4446/6104/3805 4298/6105/3806
f 4301/6106/3807 4445/6107/3808 3314/6103/3804 3241/6102/3803
f 3242/6108/3809 3312/6109/3810 4444/6110/3811 4300/6111/3812
f 4303/6112/3813 4441/6113/3814 3312/6109/3810 3242/6108/3809
f 3243/6114/3815 3322/6115/3816 4440/6116/4294 4302/6117/3818
f 4305/6118/4295 4458/6119/4296 3322/6115/3816 3243/6114/3815
f 3244/6120/3821 3321/6121/3822 4459/6122/4297 4304/6123/4298
f 4307/6124/4299 4454/6125/3826 3321/6121/3822 3244/6120/3821
f 3245/6126/3827 3319/6127/3828 4455/6128/3829 4306/6129/3830
f 4309/6130/4300 4448/6131/3832 3319/6127/3828 3245/6126/3827
f 3246/6132/3833 3316/6133/3834 4449/6134/3835 4308/6135/3836
f 4311/6136/3837 4442/6137/3838 3316/6133/3834 3246/6132/3833
f 3247/6138/4301 3313/6139/3840 4443/6140/3841 4310/6141/3842
f 4313/6142/3843 4438/6143/3844 3313/6139/3840 3247/6138/4301
f 3248/6144/3845 3311/6145/3846 4439/6146/3847 4312/6147/3848
f 4315/6148/3849 4461/6149/3850 3311/6145/3846 3248/6144/3845
f 3249/6150/3851 3320/6151/3852 4460/6152/4302 4314/6153/3854
f 4317/6154/3855 4457/6155/3856 3320/6151/3852 3249/6150/3851
f 3250/6095/3796 3317/6156/3857 4456/6157/3858 4316/6158/3859
f 4295/6094/4293 4451/6159/4303 3317/6156/3857 3250/6095/3796
f 3263/6160/3861 3609/6161/3862 4633/6162/4304 4342/6163/4305
f 4363/6164/3865 4670/6165/3866 3627/6166/3867 3272/6167/3868
f 3267/6168/3869 3617/6169/3870 4647/6170/4306 4350/6171/4307
f 4361/6172/3873 4666/6173/3874 3625/6174/3875 3271/6175/3876
f 3266/6176/3877 3615/6177/3878 4643/6178/4308 4348/6179/3880
f 3265/6180/3881 3613/6181/4309 4639/6182/3883 4346/6183/3884
f 4359/6184/3885 4662/6185/3886 3623/6186/3887 3270/6187/3888
f 3318/6006/3694 3263/6160/3861 4342/6163/4305 4450/6007/4280
f 3264/6188/3889 3611/6189/3890 4635/6190/3891 4344/6191/3892
f 4357/6192/4310 4658/6193/4311 3621/6194/3895 3269/6195/3896
f 3274/6196/3897 3631/6197/3898 4675/6198/3899 4364/6199/3900
f 4343/6200/4312 4632/6201/4313 3631/6197/3898 3274/6196/3897
f 4355/6202/3903 4654/6203/4314 3619/6204/3905 3268/6205/3906
f 3273/6206/3907 3629/6207/3908 4671/6208/3909 4362/6209/3910
f 4353/6210/4315 4650/6211/4316 3617/6169/3870 3267/6168/3869
f 3272/6167/3868 3627/6166/3867 4667/6212/3913 4360/6213/3914
f 4351/6214/4317 4646/6215/4318 3615/6177/3878 3266/6176/3877
f 4349/6216/3917 4642/6217/4319 3613/6181/4309 3265/6180/3881
f 3271/6175/3876 3625/6174/3875 4663/6218/3919 4358/6219/3920
f 4347/6220/3921 4638/6221/3922 3611/6189/3890 3264/6188/3889
f 3270/6187/3888 3623/6186/3887 4659/6222/4320 4356/6223/3924
f 3275/5849/3609 3328/5848/3608 4470/6224/4321 4367/6225/4322
f 3269/6195/3896 3621/6194/3895 4655/6226/4323 4354/6227/4324
f 4365/6228/3929 4674/6229/3930 3629/6207/3908 3273/6206/3907
f 3268/6205/3906 3619/6204/3905 4651/6230/4325 4352/6231/4326
f 3277/6232/3933 3324/6233/3934 4466/6234/3935 4371/6235/3936
f 4661/6236/3937 4380/6237/3938 3281/6238/3939 3622/6239/3940
f 4366/6240/4327 4471/6241/3942 3327/6242/3943 3286/6243/3944
f 4657/6244/4328 4378/6245/4329 3280/6246/3947 3620/6247/3948
f 3286/6243/3944 3327/6242/3943 4476/6248/3949 4389/6249/3950
f 4653/6250/4330 4376/6251/4331 3279/6252/3953 3618/6253/3954
f 3285/6254/3955 3330/6255/3956 4480/6256/3957 4387/6257/3958
f 4649/6258/4332 4374/6259/4333 3278/6260/3961 3616/6261/3962
f 3284/6262/3963 3332/6263/3964 4484/6264/3965 4385/6265/3966
f 4645/6266/4334 4372/6267/4335 3277/6268/3933 3614/6269/3969
f 4641/6270/3970 4370/6271/3971 3276/6272/3972 3612/6273/3973
f 3283/6274/3974 3323/6275/3975 4463/6276/3976 4383/6277/3977
f 4451/6159/4303 4343/6200/4312 3274/6196/3897 3317/6156/3857
f 4637/6278/3978 4368/6279/3606 3275/6280/3609 3610/6281/3979
f 3282/6282/3980 3326/6283/3981 4469/6284/3982 4381/6285/3983
f 4677/6286/3984 4388/6287/3985 3285/6288/3955 3630/6289/3986
f 3281/6290/3939 3329/6291/3987 4475/6292/3988 4379/6293/3989
f 4673/6294/3990 4386/6295/3991 3284/6296/3963 3628/6297/3992
f 3280/6298/3947 3331/6299/3993 4479/6300/3994 4377/6301/4336
f 4669/6302/3996 4384/6303/3997 3283/6304/3974 3626/6305/3998
f 3279/6306/3953 3333/6307/3999 4483/6308/4000 4375/6309/4337
f 3278/6310/3961 3334/6311/4002 4464/6312/4003 4373/6313/4338
f 4665/6314/4005 4382/6315/4006 3282/6316/3980 3624/6317/4007
f 3320/6151/3852 3273/6206/3907 4362/6209/3910 4460/6152/4302
f 4458/6119/4296 4353/6210/4315 3267/6168/3869 3322/6115/3816
f 3311/6145/3846 3272/6167/3868 4360/6213/3914 4439/6146/3847
f 4441/6113/3814 4351/6214/4317 3266/6176/3877 3312/6109/3810
f 3313/6139/3840 3271/6175/3876 4358/6219/3920 4443/6140/3841
f 4445/6107/3808 4349/6216/3917 3265/6180/3881 3314/6103/3804
f 4447/6101/3802 4347/6220/3921 3264/6188/3889 3315/6097/3798
f 3316/6133/3834 3270/6187/3888 4356/6223/3924 4449/6134/3835
f 3276/6318/3972 3325/6319/4008 4472/6320/4009 4369/6321/4010
f 4453/6322/4011 4345/6323/4012 3263/6160/3861 3318/6006/3694
f 3319/6127/3828 3269/6195/3896 4354/6227/4324 4455/6128/3829
f 4457/6155/3856 4365/6228/3929 3273/6206/3907 3320/6151/3852
f 3321/6121/3822 3268/6205/3906 4352/6231/4326 4459/6122/4297
f 4461/6149/3850 4363/6164/3865 3272/6167/3868 3311/6145/3846
f 3322/6115/3816 3267/6168/3869 4350/6171/4307 4440/6116/4294
f 4438/6143/3844 4361/6172/3873 3271/6175/3876 3313/6139/3840
f 3312/6109/3810 3266/6176/3877 4348/6179/3880 4444/6110/3811
f 3314/6103/3804 3265/6180/3881 4346/6183/3884 4446/6104/3805
f 4442/6137/3838 4359/6184/3885 3270/6187/3888 3316/6133/3834
f 3315/6097/3798 3264/6188/3889 4344/6191/3892 4452/6098/3799
f 4448/6131/3832 4357/6192/4310 3269/6195/3896 3319/6127/3828
f 3317/6156/3857 3274/6196/3897 4364/6199/3900 4456/6157/3858
f 4345/6323/4012 4634/6324/4013 3609/6161/3862 3263/6160/3861
f 4454/6125/3826 4355/6202/3903 3268/6205/3906 3321/6121/3822
f 4408/6325/3743 4432/6326/3743 3307/6327/3510 3295/6328/3510
f 3290/6329/3475 3302/6330/3475 4421/6331/3704 4397/6332/3704
f 3289/6333/3468 3301/6334/3468 4419/6335/3705 4395/6336/3705
f 4407/6337/3746 4430/6338/3746 3306/6339/3503 3294/6340/3503
f 4390/6341/3710 4414/6342/3710 3310/6343/3446 3298/6344/3446
f 3288/6345/3461 3300/6346/3461 4417/6347/3707 4393/6348/3707
f 4405/6349/3719 4428/6350/3719 3305/6351/3496 3293/6352/3496
f 3298/6344/3446 3310/6343/3446 4437/6353/3709 4413/6354/3709
f 4403/6355/3722 4426/6356/3722 3304/6357/3489 3292/6358/3489
f 3297/6359/3524 3309/6360/3524 4435/6361/3712 4411/6362/3712
f 4401/6363/4339 4424/6364/4339 3303/6365/3482 3291/6366/3482
f 3296/6367/3703 3308/6368/3703 4433/6369/3714 4409/6370/3714
f 4465/6371/4036 4396/6372/4037 3289/6333/4038 3324/6233/3934
f 4467/6373/4039 4394/6374/4040 3288/6345/4041 3325/6319/4008
f 3295/6328/3510 3307/6327/3510 4431/6375/3706 4406/6376/3706
f 4473/5847/3607 4392/6377/4044 3287/6378/4045 3328/5848/3608
f 3294/6340/3503 3306/6339/3503 4429/6379/3708 4404/6380/3708
f 4477/6381/4048 4412/6382/4049 3297/6359/4050 3330/6255/3956
f 4392/6377/3716 4416/6383/3716 3299/6384/3454 3287/6378/3454
f 3293/6352/3496 3305/6351/3496 4427/6385/4340 4402/6386/4340
f 4481/6387/4055 4410/6388/4056 3296/6367/4057 3332/6263/3964
f 3292/6358/3489 3304/6357/3489 4425/6389/4341 4400/6390/4341
f 4485/6391/4058 4408/6325/4059 3295/6328/4060 3323/6275/3975
f 3291/6366/3482 3303/6365/3482 4423/6392/3715 4398/6393/3715
f 3328/5848/3608 3287/6378/4045 4391/6394/4062 4470/6224/4321
f 3325/6319/4008 3288/6345/4041 4393/6348/4063 4472/6320/4009
f 3329/6291/3987 3293/6352/4064 4402/6386/4065 4475/6292/3988
f 3327/6242/3943 3298/6344/4066 4413/6354/4067 4476/6248/3949
f 3331/6299/3993 3292/6358/4068 4400/6390/4069 4479/6300/3994
f 3330/6255/3956 3297/6359/4050 4411/6362/4070 4480/6256/3957
f 3333/6307/3999 3291/6366/4071 4398/6393/4072 4483/6308/4000
f 3332/6263/3964 3296/6367/4057 4409/6370/4073 4484/6264/3965
f 4399/6395/3684 4422/6396/3684 3302/6330/3475 3290/6329/3475
f 4396/6372/3685 4420/6397/3685 3301/6334/3468 3289/6333/3468
f 4462/6398/4076 4407/6337/4077 3294/6340/4078 3326/6283/3981
f 4394/6374/3690 4418/6399/3690 3300/6346/3461 3288/6345/3461
f 4468/6400/4081 4405/6349/4082 3293/6352/4064 3329/6291/3987
f 3442/4528/3550 4486/4748/3757 4489/4589/3611 3441/4588/3610
f 4471/6241/3942 4390/6341/4342 3298/6344/4066 3327/6242/3943
f 4474/6401/4085 4403/6355/4086 3292/6358/4068 3331/6299/3993
f 4412/6382/3699 4436/6402/3699 3309/6360/3524 3297/6359/3524
f 4478/6403/4089 4401/6363/4090 3291/6366/4071 3333/6307/3999
f 4410/6388/3702 4434/6404/3702 3308/6368/3703 3296/6367/3703
f 4482/6405/4093 4399/6395/4094 3290/6329/4095 3334/6311/4002
f 3323/6275/3975 3295/6328/4060 4406/6376/4096 4463/6276/3976
f 3334/6311/4002 3290/6329/4095 4397/6332/4097 4464/6312/4003
f 3324/6233/3934 3289/6333/4038 4395/6336/4098 4466/6234/3935
f 3326/6283/3981 3294/6340/4078 4404/6380/4099 4469/6284/3982
f 4336/6019/3754 3260/5757/3517 3248/6144/3845 4312/6147/3848
f 3254/5715/3475 4327/5717/4139 4303/6112/3813 3242/6108/3809
f 4334/6020/3755 3259/5750/3510 3247/6138/4301 4310/6141/3842
f 3253/5708/3468 4325/5710/3470 4301/6106/3807 3241/6102/3803
f 3252/5701/3461 4323/5703/3463 4299/6100/3801 3240/6096/3797
f 4332/6021/3756 3258/5743/3503 3246/6132/3833 4308/6135/3836
f 4297/6406/4102 4453/6322/4011 3318/6006/3694 3239/6005/3693
f 3251/5694/3454 4321/5696/3456 4297/6406/4102 3239/6005/3693
f 4330/6023/3758 3257/5736/3496 3245/6126/3827 4306/6129/3830
f 3261/5764/3524 4341/5766/3526 4317/6154/3855 3249/6150/3851
f 4318/6017/4282 3251/5694/3454 3239/6005/3693 4294/6008/4281
f 4328/6024/4284 3256/5729/3489 3244/6120/3821 4304/6123/4298
f 3260/5757/3517 4339/5759/3519 4315/6148/3849 3248/6144/3845
f 4326/6012/3747 3255/5722/3482 3243/6114/3815 4302/6117/3818
f 3259/5750/3510 4337/5752/3512 4313/6142/3843 3247/6138/4301
f 4324/6013/3748 3254/5715/3475 3242/6108/3809 4300/6111/3812
f 4322/6014/3749 3253/5708/3468 3241/6102/3803 4298/6105/3806
f 3258/5743/3503 4335/5745/3505 4311/6136/3837 3246/6132/3833
f 4320/6015/3750 3252/5701/3461 3240/6096/3797 4296/6099/3800
f 3257/5736/3496 4333/5738/3498 4309/6130/4300 3245/6126/3827
f 4340/6016/3751 3262/5686/3446 3250/6095/3796 4316/6158/3859
f 3256/5729/3489 4331/5731/4144 4307/6124/4299 3244/6120/3821
f 4338/6018/3753 3261/5764/3524 3249/6150/3851 4314/6153/3854
f 3255/5722/3482 4329/5724/4143 4305/6118/4295 3243/6114/3815
f 4384/6407/3997 4485/6391/4058 3323/6275/3975 3283/6274/3974
f 3616/6261/3962 3278/6260/3961 4373/6408/4338 4644/6409/4343
f 3614/6269/3969 3277/6268/3933 4371/6410/3936 4640/6411/4104
f 4382/6412/4006 4462/6398/4076 3326/6283/3981 3282/6282/3980
f 3610/6281/3979 3275/6280/3609 4367/6413/4322 4630/6414/4344
f 3612/6273/3973 3276/6272/3972 4369/6415/4010 4636/6416/4106
f 4380/6417/3938 4468/6400/4081 3329/6291/3987 3281/6290/3939
f 3632/6418/4107 3286/6419/3944 4389/6420/3950 4676/6421/4108
f 4378/6422/4329 4474/6401/4085 3331/6299/3993 3280/6298/3947
f 3630/6289/3986 3285/6288/3955 4387/6423/3958 4672/6424/4109
f 4376/6425/4331 4478/6403/4089 3333/6307/3999 3279/6306/3953
f 3628/6297/3992 3284/6296/3963 4385/6426/3966 4668/6427/4110
f 4374/6428/4333 4482/6405/4093 3334/6311/4002 3278/6310/3961
f 4372/6429/4335 4465/6371/4036 3324/6233/3934 3277/6232/3933
f 3626/6305/3998 3283/6304/3974 4383/6430/3977 4664/6431/4111
f 4370/6432/3971 4467/6373/4039 3325/6319/4008 3276/6318/3972
f 3624/6317/4007 3282/6316/3980 4381/6433/3983 4660/6434/4112
f 3287/6378/3454 3299/6384/3454 4415/6435/4172 4391/6394/4172
f 4631/6436/4345 4366/6437/4327 3286/6419/3944 3632/6418/4107
f 3622/6239/3940 3281/6238/3939 4379/6438/3989 4656/6439/4346
f 4388/6440/3985 4477/6381/4048 3330/6255/3956 3285/6254/3955
f 3620/6247/3948 3280/6246/3947 4377/6441/4336 4652/6442/4347
f 4386/6443/3991 4481/6387/4055 3332/6263/3964 3284/6262/3963
f 3618/6253/3954 3279/6252/3953 4375/6444/4337 4648/6445/4348
f 3335/363/171 3730/6446/171 3735/6447/171
f 3335/363/171 3746/6448/171 3749/6449/171
f 3335/363/171 3734/6450/171 3737/6451/171
f 3335/363/171 3750/6452/175 3739/6453/175
f 3335/363/171 3748/6454/171 3745/6455/171
f 3335/363/171 3740/6456/171 3731/6457/171
f 3335/363/171 3752/6458/175 3743/6459/175
f 3335/363/171 3738/6460/171 3751/6461/171
f 3335/363/171 3744/6462/171 3741/6463/171
f 3335/363/171 3736/6464/171 3733/6465/171
f 3335/363/171 3742/6466/171 3747/6467/171
f 3336/210/85 5229/167/85 5234/166/85
f 3336/210/85 5223/220/85 5220/219/85
f 3336/210/85 5231/228/85 5228/227/85
f 3336/210/85 5225/218/85 5238/217/85
f 3336/210/85 5239/224/97 5230/223/97
f 3336/210/85 5227/214/85 5218/213/85
f 3336/210/85 5235/222/85 5232/221/85
f 3336/210/85 5237/230/97 5226/229/97
f 3336/210/85 5217/216/85 5222/215/85
f 3336/210/85 5233/226/85 5236/225/85
f 2248/3830/458 2249/3826/458 3337/2255/458
f 2244/3815/458 2252/3832/458 3337/2255/458
f 1170/2234/458 1171/2222/458 3337/2255/458
f 1167/2214/458 1173/2213/458 3337/2255/458
f 1541/2854/2190 1542/6468/4349 3339/2855/2191
f 1542/6468/4349 1543/6469/4350 3339/2855/2191
f 1550/3902/3031 1551/6470/4351 3339/2855/2191
f 1543/6469/4350 1544/6471/4352 3339/2855/2191
f 1552/6472/4353 1553/6473/4354 3339/2855/2191
f 1545/6474/4355 1546/6475/4356 3339/2855/2191
f 1551/6470/4351 1552/6472/4353 3339/2855/2191
f 1553/6473/4354 1554/6476/4357 3339/2855/2191
f 1544/6471/4352 1545/6474/4355 3339/2855/2191
f 1554/6476/4357 1539/6477/4358 3339/2855/2191
f 1546/6475/4356 1547/6478/4359 3339/2855/2191
f 1547/6478/4359 1548/3903/3032 3339/2855/2191
f 1539/6477/4358 1540/2853/2189 3339/2855/2191
f 1181/2217/12 1182/2236/12 3338/15/12
f 1182/2236/12 1176/2232/12 3338/15/12
f 1178/2245/12 1177/2218/12 3338/15/12
f 2241/3810/12 2235/3809/12 3338/15/12
f 1490/6479/4360 1491/3849/3009 1555/3851/3011
f 1489/6480/2075 1490/6479/4360 1555/3851/3011
f 397/6481/524 398/6482/4361 463/2279/1761
f 398/6482/4361 399/2277/1759 463/2279/1761
f 459/6483/4362 460/6484/4363 3340/998/688
f 453/6485/4364 454/6486/4365 3340/998/688
f 460/6484/4363 461/996/686 3340/998/688
f 451/6487/4366 452/6488/4367 3340/998/688
f 450/6489/4368 451/6487/4366 3340/998/688
f 458/6490/4369 459/6483/4362 3340/998/688
f 457/6491/4370 458/6490/4369 3340/998/688
f 449/6492/4371 450/6489/4368 3340/998/688
f 456/6493/4372 457/6491/4370 3340/998/688
f 455/6494/4373 456/6493/4372 3340/998/688
f 448/6495/4374 449/6492/4371 3340/998/688
f 447/6496/4375 448/6495/4374 3340/998/688
f 452/6488/4367 453/6485/4364 3340/998/688
f 454/6486/4365 455/6494/4373 3340/998/688
f 462/997/687 447/6496/4375 3340/998/688
f 2016/3387/2687 2065/6497/2774 5735/3862/3013
f 1972/3384/2685 1973/3385/2686 5735/3862/3013 5732/3855/3012
f 1201/2973/1419 89/2960/806 1980/2959/2296 3342/3894/2694
f 898/1616/1268 899/1617/1269 5760/6498/4376 5757/6499/4377
f 5760/6498/4376 945/1618/1270 994/2290/1370 5759/6500/1369
f 897/1615/1267 898/1616/1268 5757/6499/4377 5756/1630/1280
f 3348/4081/3199 3345/4080/3198 3346/4023/3141 3347/4060/3178
f 3350/4082/3200 3348/4081/3199 3347/4060/3178 3349/4059/3177
f 3352/4075/3193 3350/4082/3200 3349/4059/3177 3351/4012/3130
f 3354/4076/3194 3352/4075/3193 3351/4012/3130 3353/4011/3129
f 3356/4073/3191 3354/4076/3194 3353/4011/3129 3355/4055/3173
f 3358/4074/3192 3356/4073/3191 3355/4055/3173 3357/4052/3170
f 3360/4069/3187 3358/4074/3192 3357/4052/3170 3359/4051/3169
f 3362/4070/3188 3360/4069/3187 3359/4051/3169 3361/4044/3162
f 3364/4065/3183 3362/4070/3188 3361/4044/3162 3363/4043/3161
f 3366/4066/3184 3364/4065/3183 3363/4043/3161 3365/4036/3154
f 3368/4086/3204 3366/4066/3184 3365/4036/3154 3367/4035/3153
f 3370/4083/3201 3368/4086/3204 3367/4035/3153 3369/4028/3146
f 3372/4084/3202 3370/4083/3201 3369/4028/3146 3371/4027/3145
f 3374/4077/3195 3372/4084/3202 3371/4027/3145 3373/4016/3134
f 3376/4078/3196 3374/4077/3195 3373/4016/3134 3375/4015/3133
f 3378/4071/3189 3376/4078/3196 3375/4015/3133 3377/4057/3175
f 3380/4072/3190 3378/4071/3189 3377/4057/3175 3379/4048/3166
f 3382/4067/3185 3380/4072/3190 3379/4048/3166 3381/4047/3165
f 3384/4068/3186 3382/4067/3185 3381/4047/3165 3383/4040/3158
f 3386/4063/3181 3384/4068/3186 3383/4040/3158 3385/4039/3157
f 3388/4064/3182 3386/4063/3181 3385/4039/3157 3387/4032/3150
f 3390/4085/3203 3388/4064/3182 3387/4032/3150 3389/4031/3149
f 3392/4079/3197 3390/4085/3203 3389/4031/3149 3391/4024/3142
f 3345/4080/3198 3392/4079/3197 3391/4024/3142 3346/4023/3141
f 3396/4019/3137 3393/4022/3140 3394/4302/3372 3395/4301/3371
f 3398/4304/3374 3396/4019/3137 3395/4301/3371 3397/4321/3391
f 3400/4258/3328 3398/4304/3374 3397/4321/3391 3399/4318/3388
f 3402/4255/3325 3400/4258/3328 3399/4318/3388 3401/4317/3387
f 3404/4297/3367 3402/4255/3325 3401/4317/3387 3403/4316/3386
f 3406/4296/3366 3404/4297/3367 3403/4316/3386 3405/4315/3385
f 3408/4293/3363 3406/4296/3366 3405/4315/3385 3407/4312/3382
f 3410/4288/3358 3408/4293/3363 3407/4312/3382 3409/4311/3381
f 3412/4285/3355 3410/4288/3358 3409/4311/3381 3411/4308/3378
f 3414/4280/3350 3412/4285/3355 3411/4308/3378 3413/4307/3377
f 3416/4277/3347 3414/4280/3350 3413/4307/3377 3415/4325/3395
f 3418/4272/3342 3416/4277/3347 3415/4325/3395 3417/4323/3393
f 3420/4269/3339 3418/4272/3342 3417/4323/3393 3419/4322/3392
f 3422/4262/3332 3420/4269/3339 3419/4322/3392 3421/4320/3390
f 3424/4259/3329 3422/4262/3332 3421/4320/3390 3423/4319/3389
f 3426/4299/3369 3424/4259/3329 3423/4319/3389 3425/4314/3384
f 3428/4292/3362 3426/4299/3369 3425/4314/3384 3427/4313/3383
f 3430/4289/3359 3428/4292/3362 3427/4313/3383 3429/4310/3380
f 3432/4284/3354 3430/4289/3359 3429/4310/3380 3431/4309/3379
f 3434/4281/3351 3432/4284/3354 3431/4309/3379 3433/4306/3376
f 3436/4276/3346 3434/4281/3351 3433/4306/3376 3435/4305/3375
f 3438/4273/3343 3436/4276/3346 3435/4305/3375 3437/4324/3394
f 3440/4268/3338 3438/4273/3343 3437/4324/3394 3439/4326/3396
f 3393/4022/3140 3440/4268/3338 3439/4326/3396 3394/4302/3372
f 4487/4542/3564 3464/4540/3562 3463/4776/3773 4488/4808/3789
f 3446/4522/3544 4496/4521/3543 4495/4760/3765 3445/4759/3764
f 4493/4529/3551 3442/4528/3550 3441/4588/3610 4490/4802/3786
f 3448/4518/3540 4500/4517/3539 4499/4756/3763 3447/4755/3762
f 4497/4659/3678 3444/4533/3555 3443/4768/3769 4494/4796/3783
f 3450/4511/3533 4504/4510/3532 4503/4818/3794 3449/4781/3776
f 4501/4658/3677 3446/4522/3544 3445/4759/3764 4498/4794/3782
f 3452/4575/3597 4508/4574/3596 4507/4814/3792 3451/4773/3772
f 4505/4657/3676 3448/4518/3540 3447/4755/3762 4502/4788/3779
f 3454/4570/3592 4512/4569/3591 4511/4810/3790 3453/4764/3767
f 4509/4656/3675 3450/4511/3533 3449/4781/3776 4506/4780/3775
f 3456/4565/3587 4516/4564/3586 4515/4804/3787 3455/4752/3761
f 4513/4655/3674 3452/4575/3597 3451/4773/3772 4510/4772/3771
f 3458/4561/3583 4520/4560/3582 4519/4799/3785 3457/4798/3784
f 4517/4654/3673 3454/4570/3592 3453/4764/3767 4514/4763/3766
f 3460/4554/3576 4524/4553/3575 4523/4791/3781 3459/4790/3780
f 4521/4653/3672 3456/4565/3587 3455/4752/3761 4518/4751/3760
f 3462/4548/3570 4528/4547/3569 4527/4785/3778 3461/4784/3777
f 4525/4652/3671 3458/4561/3583 3457/4798/3784 4522/4816/3793
f 3464/4540/3562 4532/4539/3561 4531/4777/3774 3463/4776/3773
f 4529/4651/3670 3460/4554/3576 3459/4790/3780 4526/4812/3791
f 3466/5011/3979 4534/5150/4105 4537/4888/3863 3465/4887/3862
f 4533/4650/3669 3462/4548/3570 3461/4784/3777 4530/4806/3788
f 3444/4533/3555 4492/4532/3554 4491/4769/3770 3443/4768/3769
f 4535/5171/4115 3488/5154/4107 3487/4923/3898 4536/4927/3902
f 3470/4999/3969 4544/5147/4104 4543/4908/3883 3469/4907/3882
f 4541/5008/3978 3466/5011/3979 3465/4887/3862 4538/5054/4013
f 3472/4991/3962 4548/5145/4103 4547/4904/3879 3471/4903/3878
f 4545/5000/3970 3468/5003/3973 3467/4915/3890 4542/4947/3922
f 3474/4983/3954 4552/5180/4118 4551/4896/3871 3473/4895/3870
f 4549/4996/3967 3470/4999/3969 3469/4907/3882 4546/4943/3918
f 3476/4977/3948 4556/5177/4117 4555/4956/3931 3475/4930/3905
f 4553/4988/3959 3472/4991/3962 3471/4903/3878 4550/4941/3916
f 3478/4965/3940 4560/5174/4116 4559/4952/3927 3477/4920/3895
f 4557/4980/3951 3474/4983/3954 3473/4895/3870 4554/4937/3912
f 3480/5047/4007 4564/5170/4112 4563/4948/3923 3479/4912/3887
f 4561/4974/3945 3476/4977/3948 3475/4930/3905 4558/4929/3904
f 3482/5035/3998 4568/5167/4111 4567/4944/3919 3481/4900/3875
f 4565/4962/3937 3478/4965/3940 3477/4920/3895 4562/4919/3894
f 3484/5027/3992 4572/5163/4110 4571/4938/3913 3483/4892/3867
f 4569/5044/4005 3480/5047/4007 3479/4912/3887 4566/4911/3886
f 3486/5019/3986 4576/5160/4109 4575/4934/3909 3485/4933/3908
f 4573/5032/3996 3482/5035/3998 3481/4900/3875 4570/4899/3874
f 3488/5154/4107 4580/5157/4108 4579/4924/3899 3487/4923/3898
f 4577/5024/3990 3484/5027/3992 3483/4892/3867 4574/4891/3866
f 3586/5790/3550 4582/6022/4283 4585/5851/4165 3585/5850/3610
f 4581/5016/3984 3486/5019/3986 3485/4933/3908 4578/4955/3930
f 3468/5003/3973 4540/5152/4106 4539/4916/3891 3467/4915/3890
f 3492/5343/3199 3489/5342/3198 3490/4967/3141 3491/4966/3178
f 3494/5344/3200 3492/5343/3199 3491/4966/3178 3493/5323/3177
f 3496/5337/3193 3494/5344/3200 3493/5323/3177 3495/5278/3130
f 3498/5338/3194 3496/5337/3193 3495/5278/3130 3497/5277/3129
f 3500/5335/3191 3498/5338/3194 3497/5277/3129 3499/5319/4123
f 3502/5336/3192 3500/5335/3191 3499/5319/4123 3501/5316/3170
f 3504/5331/4124 3502/5336/3192 3501/5316/3170 3503/5315/3169
f 3506/5332/3188 3504/5331/4124 3503/5315/3169 3505/5308/3162
f 3508/5327/3183 3506/5332/3188 3505/5308/3162 3507/5307/3161
f 3510/5328/3184 3508/5327/3183 3507/5307/3161 3509/5300/3154
f 3512/5348/3204 3510/5328/3184 3509/5300/3154 3511/5299/3153
f 3514/5345/3201 3512/5348/3204 3511/5299/3153 3513/5292/3146
f 3516/5346/3202 3514/5345/3201 3513/5292/3146 3515/5291/3145
f 3518/5339/4125 3516/5346/3202 3515/5291/3145 3517/5282/3134
f 3520/5340/3196 3518/5339/4125 3517/5282/3134 3519/5281/3133
f 3522/5333/3189 3520/5340/3196 3519/5281/3133 3521/5321/3175
f 3524/5334/3190 3522/5333/3189 3521/5321/3175 3523/5312/3166
f 3526/5329/3185 3524/5334/3190 3523/5312/3166 3525/5311/3165
f 3528/5330/3186 3526/5329/3185 3525/5311/3165 3527/5304/3158
f 3530/5325/3181 3528/5330/3186 3527/5304/3158 3529/5303/3157
f 3532/5326/3182 3530/5325/3181 3529/5303/3157 3531/5296/3150
f 3534/5347/3203 3532/5326/3182 3531/5296/3150 3533/5295/3149
f 3536/5341/3197 3534/5347/3203 3533/5295/3149 3535/5289/3142
f 3489/5342/3198 3536/5341/3197 3535/5289/3142 3490/4967/3141
f 3540/5285/3137 3537/5288/3140 3538/5565/3372 3539/5564/3371
f 3542/5567/3374 3540/5285/3137 3539/5564/3371 3541/5584/4135
f 3544/5521/4128 3542/5567/3374 3541/5584/4135 3543/5581/3388
f 3546/5518/3325 3544/5521/4128 3543/5581/3388 3545/5580/3387
f 3548/5560/3367 3546/5518/3325 3545/5580/3387 3547/5579/3386
f 3550/5559/3366 3548/5560/3367 3547/5579/3386 3549/5578/3385
f 3552/5556/3363 3550/5559/3366 3549/5578/3385 3551/5575/3382
f 3554/5551/3358 3552/5556/3363 3551/5575/3382 3553/5574/3381
f 3556/5548/3355 3554/5551/3358 3553/5574/3381 3555/5571/3378
f 3558/5543/3350 3556/5548/3355 3555/5571/3378 3557/5570/3377
f 3560/5540/3347 3558/5543/3350 3557/5570/3377 3559/5588/4136
f 3562/5535/3342 3560/5540/3347 3559/5588/4136 3561/5586/3393
f 3564/5532/3339 3562/5535/3342 3561/5586/3393 3563/5585/3392
f 3566/5525/3332 3564/5532/3339 3563/5585/3392 3565/5583/3390
f 3568/5522/3329 3566/5525/3332 3565/5583/3390 3567/5582/3389
f 3570/5562/3369 3568/5522/3329 3567/5582/3389 3569/5577/3384
f 3572/5555/4134 3570/5562/3369 3569/5577/3384 3571/5576/3383
f 3574/5552/3359 3572/5555/4134 3571/5576/3383 3573/5573/3380
f 3576/5547/3354 3574/5552/3359 3573/5573/3380 3575/5572/3379
f 3578/5544/3351 3576/5547/3354 3575/5572/3379 3577/5569/3376
f 3580/5539/3346 3578/5544/3351 3577/5569/3376 3579/5568/3375
f 3582/5536/3343 3580/5539/3346 3579/5568/3375 3581/5587/3394
f 3584/5531/3338 3582/5536/3343 3581/5587/3394 3583/5589/3396
f 3537/5288/3140 3584/5531/3338 3583/5589/3396 3538/5565/3372
f 4583/5804/4150 3608/5802/4148 3607/6050/3773 4584/6082/4290
f 3590/5784/3544 4592/5783/3543 4591/6034/3765 3589/6033/3764
f 4589/5791/4146 3586/5790/3550 3585/5850/3610 4586/6076/3786
f 3592/5780/3540 4596/5779/3539 4595/6030/3763 3591/6029/3762
f 4593/5921/4227 3588/5795/3555 3587/6042/3769 4590/6070/3783
f 3594/5773/3533 4600/5772/3532 4599/6092/3794 3593/6055/3776
f 4597/5920/3677 3590/5784/3544 3589/6033/3764 4594/6068/3782
f 3596/5837/3597 4604/5836/4156 4603/6088/4292 3595/6047/3772
f 4601/5919/3676 3592/5780/3540 3591/6029/3762 4598/6062/3779
f 3598/5832/3592 4608/5831/3591 4607/6084/4291 3597/6038/3767
f 4605/5918/4226 3594/5773/3533 3593/6055/3776 4602/6054/4288
f 3600/5827/3587 4612/5826/3586 4611/6078/3787 3599/6026/3761
f 4609/5917/3674 3596/5837/3597 3595/6047/3772 4606/6046/3771
f 3602/5823/4153 4616/5822/3582 4615/6073/3785 3601/6072/3784
f 4613/5916/3673 3598/5832/3592 3597/6038/3767 4610/6037/3766
f 3604/5816/3576 4620/5815/3575 4619/6065/4289 3603/6064/3780
f 4617/5915/4225 3600/5827/3587 3599/6026/3761 4614/6025/3760
f 3606/5810/3570 4624/5809/3569 4623/6059/3778 3605/6058/3777
f 4621/5914/4224 3602/5823/4153 3601/6072/3784 4618/6090/3793
f 3608/5802/4148 4628/5801/3561 4627/6051/4287 3607/6050/3773
f 4625/5913/3670 3604/5816/3576 3603/6064/3780 4622/6086/3791
f 3610/6281/3979 4630/6414/4344 4633/6162/4304 3609/6161/3862
f 4629/5912/4223 3606/5810/3570 3605/6058/3777 4626/6080/3788
f 3588/5795/3555 4588/5794/4147 4587/6043/4286 3587/6042/3769
f 4631/6436/4345 3632/6418/4107 3631/6197/3898 4632/6201/4313
f 3614/6269/3969 4640/6411/4104 4639/6182/3883 3613/6181/4309
f 4637/6278/3978 3610/6281/3979 3609/6161/3862 4634/6324/4013
f 3616/6261/3962 4644/6409/4343 4643/6178/4308 3615/6177/3878
f 4641/6270/3970 3612/6273/3973 3611/6189/3890 4638/6221/3922
f 3618/6253/3954 4648/6445/4348 4647/6170/4306 3617/6169/3870
f 4645/6266/4334 3614/6269/3969 3613/6181/4309 4642/6217/4319
f 3620/6247/3948 4652/6442/4347 4651/6230/4325 3619/6204/3905
f 4649/6258/4332 3616/6261/3962 3615/6177/3878 4646/6215/4318
f 3622/6239/3940 4656/6439/4346 4655/6226/4323 3621/6194/3895
f 4653/6250/4330 3618/6253/3954 3617/6169/3870 4650/6211/4316
f 3624/6317/4007 4660/6434/4112 4659/6222/4320 3623/6186/3887
f 4657/6244/4328 3620/6247/3948 3619/6204/3905 4654/6203/4314
f 3626/6305/3998 4664/6431/4111 4663/6218/3919 3625/6174/3875
f 4661/6236/3937 3622/6239/3940 3621/6194/3895 4658/6193/4311
f 3628/6297/3992 4668/6427/4110 4667/6212/3913 3627/6166/3867
f 4665/6314/4005 3624/6317/4007 3623/6186/3887 4662/6185/3886
f 3630/6289/3986 4672/6424/4109 4671/6208/3909 3629/6207/3908
f 4669/6302/3996 3626/6305/3998 3625/6174/3875 4666/6173/3874
f 3632/6418/4107 4676/6421/4108 4675/6198/3899 3631/6197/3898
f 4673/6294/3990 3628/6297/3992 3627/6166/3867 4670/6165/3866
f 4677/6286/3984 3630/6289/3986 3629/6207/3908 4674/6229/3930
f 3612/6273/3973 4636/6416/4106 4635/6190/3891 3611/6189/3890
f 3347/4060/3178 3346/4023/3141 2301/4026/3144 2302/4061/3179
f 3729/365/171 3730/6446/171 3335/363/171
f 3731/6457/171 3732/364/171 3335/363/171
f 3733/6465/171 3734/6450/171 3335/363/171
f 3735/6447/171 3736/6464/171 3335/363/171
f 3737/6451/171 3738/6460/171 3335/363/171
f 3739/6453/175 3740/6456/171 3335/363/171
f 3741/6463/171 3742/6466/171 3335/363/171
f 3743/6459/175 3744/6462/171 3335/363/171
f 3745/6455/171 3746/6448/171 3335/363/171
f 3747/6467/171 3748/6454/171 3335/363/171
f 3749/6449/171 3750/6452/175 3335/363/171
f 3751/6461/171 3752/6458/175 3335/363/171
f 4234/6009/171 4235/5997/171 4236/5999/171 4237/6002/171 4238/6004/171 4239/6010/171 4240/6011/171 4241/5998/171 4242/6000/171 4243/6001/171 4244/6003/171 4245/5945/171
f 3654/280/158 3678/304/170 3677/6501/155 3653/275/155
f 3633/302/168 3637/245/132 3638/276/156 3634/6502/4378
f 3641/274/154 3635/249/135 3636/246/133 3642/301/167
f 3649/284/125 3643/237/125 3644/234/122 3650/287/163
f 3639/6503/121 3645/6504/121 3646/250/136 3640/273/136
f 3647/285/150 3651/269/150 3652/238/126 3648/283/161
f 3655/306/141 3661/257/141 3662/241/128 3656/244/131
f 3680/270/151 3658/286/162 3657/243/130 3679/242/129
f 3671/303/169 3675/279/157 3676/254/138 3672/292/138
f 3663/290/144 3669/261/144 3670/266/148 3664/293/164
f 3668/262/145 3674/289/145 3673/291/137 3667/253/137
f 3660/258/142 3666/305/142 3665/294/165 3659/265/147
f 3690/239/126 3652/238/126 3651/269/150 3689/272/153
f 3679/242/129 3703/296/129 3704/271/152 3680/270/151
f 3694/259/142 3660/258/142 3659/265/147 3693/268/147
f 3669/261/144 3699/264/144 3700/267/149 3670/266/148
f 3667/253/137 3697/256/140 3698/263/146 3668/262/145
f 3696/295/166 3662/241/128 3661/257/141 3695/260/143
f 3675/279/157 3701/282/160 3702/255/139 3676/254/138
f 3692/281/159 3654/280/158 3653/275/155 3691/278/155
f 3637/245/132 3683/248/134 3684/277/156 3638/276/156
f 3688/251/136 3646/250/136 3645/6504/121 3687/6505/124
f 3643/237/125 3685/240/127 3686/235/123 3644/234/122
f 3635/249/135 3681/252/135 3682/247/133 3636/246/133
f 3725/340/171 3702/361/171 3701/372/175 3726/345/175
f 3749/341/177 3725/340/177 3726/345/153 3750/348/153
f 3715/313/179 3740/350/179 3739/347/178 3716/346/178
f 3729/374/142 3705/352/142 3706/315/147 3730/318/147
f 3711/327/173 3736/330/173 3735/317/148 3712/316/148
f 3731/349/166 3707/312/166 3708/353/180 3732/375/180
f 3733/329/174 3709/328/174 3710/323/172 3734/326/172
f 3713/321/157 3738/356/160 3737/325/138 3714/324/138
f 3751/355/158 3727/320/158 3728/337/155 3752/367/155
f 3719/309/132 3744/344/168 3743/366/156 3720/336/156
f 3745/333/122 3721/332/122 3722/339/176 3746/342/176
f 3717/297/135 3742/300/135 3741/343/133 3718/308/133
f 3747/299/136 3723/298/136 3724/331/121 3748/334/124
f 3716/346/175 3692/373/175 3691/314/171 3715/313/171
f 3705/352/171 3682/351/171 3681/377/171 3706/315/171
f 3712/316/171 3688/376/171 3687/358/171 3711/327/171
f 3707/312/171 3684/311/171 3683/354/171 3708/353/171
f 3709/328/171 3686/357/171 3685/360/171 3710/323/171
f 3714/324/171 3690/359/171 3689/322/171 3713/321/171
f 3727/320/171 3704/319/171 3703/338/175 3728/337/175
f 3720/336/175 3696/335/175 3695/310/171 3719/309/171
f 3721/332/171 3698/368/171 3697/362/171 3722/339/171
f 3718/308/171 3694/307/171 3693/371/171 3717/297/171
f 3723/298/171 3700/370/171 3699/369/171 3724/331/171
f 3946/4427/3449 3753/4426/3448 3754/379/182 3945/4743/3752
f 3948/4434/3456 3755/4433/3455 3756/4429/3451 3947/4741/3750
f 3950/4441/3463 3757/4440/3462 3758/4436/3458 3949/4740/3749
f 3952/4448/3470 3759/4447/3469 3760/4443/3465 3951/4739/3748
f 3954/4455/3477 3761/4454/3476 3762/4450/3472 3953/4738/3747
f 3956/4462/3484 3763/4461/3483 3764/4457/3479 3955/4750/3759
f 3958/4469/3491 3765/4468/3490 3766/4464/3486 3957/4749/3758
f 3960/4476/3498 3767/4475/3497 3768/4471/3493 3959/4747/3756
f 3962/4483/3505 3769/4482/3504 3770/4478/3500 3961/4746/3755
f 3964/4490/3512 3771/4489/3511 3772/4485/3507 3963/4745/3754
f 3966/4497/3519 3773/4496/3518 3774/4492/3514 3965/4744/3753
f 3968/4504/3526 3775/4503/3525 3776/4498/3520 3967/4742/3751
f 3874/4505/3527 3795/4507/3529 3796/4552/3574 3873/4486/3508
f 3876/4451/3473 3762/4450/3472 3761/4454/3476 3875/4549/3571
f 3878/4512/3534 3793/4514/3536 3794/4559/3581 3877/4479/3501
f 3880/4444/3466 3760/4443/3465 3759/4447/3469 3879/4555/3577
f 3882/4437/3459 3758/4436/3458 3757/4440/3462 3881/4557/3579
f 3884/4523/3545 3791/4525/3547 3792/4563/3585 3883/4472/3494
f 3886/380/183 3754/379/182 3753/4426/3448 3885/4501/3523
f 3888/4430/3452 3756/4429/3451 3755/4433/3455 3887/4562/3584
f 3890/4534/3556 3789/4536/3558 3790/4568/3590 3889/4465/3487
f 3892/4499/3521 3776/4498/3520 3775/4503/3525 3891/4566/3588
f 3894/4543/3565 3787/4544/3566 3788/4573/3595 3893/4458/3480
f 3896/4493/3515 3774/4492/3514 3773/4496/3518 3895/4571/3593
f 3898/4633/3652 3841/4666/3683 3842/4702/3731 3897/4649/3668
f 3900/4618/3637 3807/4617/3636 3808/4576/3598 3899/4579/3601
f 3902/4621/3640 3805/4620/3639 3806/4626/3645 3901/4629/3648
f 3904/4637/3656 3839/4676/3687 3840/4707/3735 3903/4582/3604
f 3906/4662/3679 3801/4661/3612 3802/4263/3333 3905/4266/3336
f 3908/4631/3650 3803/4630/3649 3804/4767/3768 3907/4734/3733
f 3910/4641/3660 3837/4682/3692 3838/4716/3738 3909/4594/3616
f 3912/4635/3654 3823/4634/3653 3824/4604/3623 3911/4607/3626
f 3914/4645/3664 3835/4688/3698 3836/4721/3740 3913/4602/3621
f 3916/4639/3658 3821/4638/3657 3822/4612/3631 3915/4615/3634
f 3918/4647/3666 3833/4667/3701 3834/4726/3742 3917/4610/3629
f 3920/4643/3662 3819/4642/3661 3820/4622/3641 3919/4625/3644
f 3849/4598/3618 3825/4597/3618 3826/4714/3710 3850/4715/3710
f 3851/4706/3707 3827/4705/3707 3828/4729/3716 3852/4730/3716
f 3837/4682/3722 3862/4732/3722 3861/4717/3711 3838/4716/3711
f 3871/4712/3709 3847/4711/3709 3848/4689/3699 3872/4692/3699
f 3835/4688/3725 3860/4733/3725 3859/4722/3713 3836/4721/3713
f 3869/4720/3712 3845/4719/3712 3846/4693/3702 3870/4696/3702
f 3833/4667/3684 3858/4670/3684 3857/4727/3715 3834/4726/3715
f 3867/4725/3714 3843/4724/3714 3844/4735/3743 3868/4736/3743
f 3832/4671/3685 3856/4674/3685 3855/4698/3704 3831/4697/3704
f 3830/4677/3690 3854/4680/3690 3853/4700/3705 3829/4699/3705
f 3865/4703/3706 3842/4702/3706 3841/4666/3746 3866/4737/3746
f 3863/4708/3708 3840/4707/3708 3839/4676/3719 3864/4731/3719
f 3873/4486/3508 3772/4485/3507 3771/4489/3511 3874/4505/3527
f 3875/4549/3571 3785/4550/3572 3786/4509/3531 3876/4451/3473
f 3877/4479/3501 3770/4478/3500 3769/4482/3504 3878/4512/3534
f 3879/4555/3577 3783/4556/3578 3784/4516/3538 3880/4444/3466
f 3881/4557/3579 3781/4558/3580 3782/4520/3542 3882/4437/3459
f 3883/4472/3494 3768/4471/3493 3767/4475/3497 3884/4523/3545
f 3885/4501/3523 3777/4541/3563 3778/4664/3681 3886/380/183
f 3887/4562/3584 3779/4526/3548 3780/4531/3553 3888/4430/3452
f 3889/4465/3487 3766/4464/3486 3765/4468/3490 3890/4534/3556
f 3891/4566/3588 3799/4567/3589 3800/4538/3560 3892/4499/3521
f 3893/4458/3480 3764/4457/3479 3763/4461/3483 3894/4543/3565
f 3895/4571/3593 3797/4572/3594 3798/4546/3568 3896/4493/3515
f 3897/4649/3668 3817/4648/3667 3818/4632/3651 3898/4633/3652
f 3899/4579/3601 3832/4671/3729 3831/4697/3744 3900/4618/3637
f 3901/4629/3648 3830/4677/3730 3829/4699/3745 3902/4621/3640
f 3903/4582/3604 3815/4581/3603 3816/4636/3655 3904/4637/3656
f 3905/4266/3336 3826/4714/3737 3825/4597/3688 3906/4662/3679
f 3907/4734/3733 3828/4729/3734 3827/4705/3717 3908/4631/3650
f 3909/4594/3616 3813/4593/3615 3814/4640/3659 3910/4641/3660
f 3911/4607/3626 3848/4689/3736 3847/4711/3720 3912/4635/3654
f 3913/4602/3621 3811/4601/3620 3812/4644/3663 3914/4645/3664
f 3915/4615/3634 3846/4693/3739 3845/4719/3723 3916/4639/3658
f 3917/4610/3629 3809/4609/3628 3810/4646/3665 3918/4647/3666
f 3919/4625/3644 3844/4735/3741 3843/4724/3726 3920/4643/3662
f 3945/4743/3752 3921/4686/3696 3922/4820/3795 3946/4427/3449
f 3947/4741/3750 3923/4825/3800 3924/5142/4102 3948/4434/3456
f 3949/4740/3749 3925/4831/3806 3926/4826/3801 3950/4441/3463
f 3951/4739/3748 3927/4837/3812 3928/4832/3807 3952/4448/3470
f 3953/4738/3747 3929/4843/3818 3930/4838/3813 3954/4455/3477
f 3955/4750/3759 3931/4849/3824 3932/4844/3819 3956/4462/3484
f 3957/4749/3758 3933/4855/3830 3934/4850/3825 3958/4469/3491
f 3959/4747/3756 3935/4861/3836 3936/4856/3831 3960/4476/3498
f 3961/4746/3755 3937/4867/3842 3938/4862/3837 3962/4483/3505
f 3963/4745/3754 3939/4873/3848 3940/4868/3843 3964/4490/3512
f 3965/4744/3753 3941/4879/3854 3942/4874/3849 3966/4497/3519
f 3967/4742/3751 3943/4884/3859 3944/4880/3855 3968/4504/3526
f 4067/4872/3847 3987/4939/3914 3988/4898/3873 4066/4869/3844
f 4069/4839/3814 3930/4838/3813 3929/4843/3818 4068/4842/3817
f 4071/4866/3841 3985/4945/3920 3986/4910/3885 4070/4863/3838
f 4073/4833/3808 3928/4832/3807 3927/4837/3812 4072/4836/3811
f 4075/4827/3802 3926/4826/3801 3925/4831/3806 4074/4830/3805
f 4077/4860/3835 3983/4949/3924 3984/4918/3893 4076/4857/3832
f 4079/4885/3860 3922/4820/3795 3921/4686/3696 4078/4685/3695
f 4081/5052/4011 3924/5142/4102 3923/4825/3800 4080/4824/3799
f 4083/4854/3829 3981/4953/3928 3982/4928/3903 4082/4851/3826
f 4085/4881/3856 3944/4880/3855 3943/4884/3859 4084/4883/3858
f 4087/4848/3823 3979/4957/3932 3980/4936/3911 4086/4845/3820
f 4089/4875/3850 3942/4874/3849 3941/4879/3854 4088/4878/3853
f 4091/5006/3976 4033/5106/4096 4034/5067/4077 4090/5128/4076
f 4093/5101/4036 3999/5165/3968 4000/5043/4004 4092/5042/4003
f 4095/5103/4039 3997/5168/3971 3998/4961/3936 4094/4960/3935
f 4097/5014/3982 4031/5110/4099 4032/5079/4082 4096/5130/4081
f 4099/4971/3942 3993/4970/3941 3994/4951/3926 4098/4950/3925
f 4101/4585/3607 3995/4584/3606 3996/5051/4010 4100/5050/4009
f 4103/5022/3988 4029/5116/4065 4030/5085/4086 4102/5133/4085
f 4105/5111/4048 4015/5175/3985 4016/4979/3950 4104/4978/3949
f 4107/5030/3994 4027/5120/4069 4028/5093/4090 4106/5135/4089
f 4109/5117/4055 4013/5178/3991 4014/4987/3958 4108/4986/3957
f 4111/5038/4000 4025/5123/4072 4026/5125/4094 4110/5137/4093
f 4113/5121/4058 4011/5143/3997 4012/4995/3966 4112/4994/3965
f 4042/5072/4022 4017/5071/4021 4018/5124/4114 4041/5132/4113
f 4044/5113/4052 4019/5107/4051 4020/5078/4024 4043/5077/4023
f 4029/5116/4054 4053/5115/4053 4054/5086/4031 4030/5085/4030
f 4064/5134/4088 4039/5112/4087 4040/5084/4029 4063/5083/4028
f 4027/5120/3713 4051/5119/3713 4052/5094/3725 4028/5093/3725
f 4062/5136/4092 4037/5118/4091 4038/5092/4033 4061/5091/4032
f 4025/5123/4061 4049/5122/4061 4050/5126/4074 4026/5125/4074
f 4060/5056/4015 4035/5055/4014 4036/5100/4035 4059/5099/4034
f 4024/5062/4016 4047/5061/4016 4048/5127/4075 4023/5102/4075
f 4022/5066/4018 4045/5065/4017 4046/5129/4080 4021/5104/4079
f 4058/5068/4020 4034/5067/4019 4033/5106/4043 4057/5105/4042
f 4056/5080/4026 4032/5079/4025 4031/5110/4047 4055/5109/4046
f 4041/5132/4083 4065/5131/4083 4042/5072/4083
f 4065/5131/4083 4062/5136/4083 4061/5091/4083
f 4049/5122/4083 4065/5131/4083 4050/5126/4083
f 4065/5131/4083 4060/5056/4083 4059/5099/4083
f 4047/5061/4083 4065/5131/4083 4048/5127/4083
f 4045/5065/4083 4065/5131/4083 4046/5129/4083
f 4065/5131/4083 4058/5068/4083 4057/5105/4083
f 4043/5077/4083 4065/5131/4083 4044/5113/4083
f 4065/5131/4083 4056/5080/4083 4055/5109/4083
f 4063/5083/4083 4065/5131/4083 4064/5134/4083
f 4065/5131/4083 4054/5086/4083 4053/5115/4083
f 4065/5131/4083 4052/5094/4083 4051/5119/4083
f 4066/4869/3844 3940/4868/3843 3939/4873/3848 4067/4872/3847
f 4068/4842/3817 3977/4897/3872 3978/4940/3915 4069/4839/3814
f 4070/4863/3838 3938/4862/3837 3937/4867/3842 4071/4866/3841
f 4072/4836/3811 3975/4905/3880 3976/4942/3917 4073/4833/3808
f 4074/4830/3805 3973/4909/3884 3974/4946/3921 4075/4827/3802
f 4076/4857/3832 3936/4856/3831 3935/4861/3836 4077/4860/3835
f 4078/4685/3695 3969/4889/3864 3970/4926/3901 4079/4885/3860
f 4080/4824/3799 3971/4917/3892 3972/5053/4012 4081/5052/4011
f 4082/4851/3826 3934/4850/3825 3933/4855/3830 4083/4854/3829
f 4084/4883/3858 3991/4925/3900 3992/4954/3929 4085/4881/3856
f 4086/4845/3820 3932/4844/3819 3931/4849/3824 4087/4848/3823
f 4088/4878/3853 3989/4935/3910 3990/4890/3865 4089/4875/3850
f 4090/5128/4076 4009/5148/4006 4010/5007/3977 4091/5006/3976
f 4092/5042/4003 4024/5062/4097 4023/5102/4037 4093/5101/4036
f 4094/4960/3935 4022/5066/4098 4021/5104/4040 4095/5103/4039
f 4096/5130/4081 4007/5153/3938 4008/5015/3983 4097/5014/3982
f 4098/4950/3925 4018/5124/4062 4017/5071/4084 4099/4971/3942
f 4100/5050/4009 4020/5078/4063 4019/5107/4044 4101/4585/3607
f 4102/5133/4085 4005/5158/3946 4006/5023/3989 4103/5022/3988
f 4104/4978/3949 4040/5084/4067 4039/5112/4049 4105/5111/4048
f 4106/5135/4089 4003/5161/3952 4004/5031/3995 4107/5030/3994
f 4108/4986/3957 4038/5092/4070 4037/5118/4056 4109/5117/4055
f 4110/5137/4093 4001/5164/3960 4002/5039/4001 4111/5038/4000
f 4112/4994/3965 4036/5100/4073 4035/5055/4059 4113/5121/4058
f 4319/5689/4138 4114/5688/4137 4115/5139/4100 4318/6017/4282
f 4321/5696/3456 4116/5695/3455 4117/5691/3451 4320/6015/3750
f 4323/5703/3463 4118/5702/3462 4119/5698/3458 4322/6014/3749
f 4325/5710/3470 4120/5709/3469 4121/5705/3465 4324/6013/3748
f 4327/5717/4139 4122/5716/3476 4123/5712/3472 4326/6012/3747
f 4329/5724/4143 4124/5723/4142 4125/5719/4140 4328/6024/4284
f 4331/5731/4144 4126/5730/3490 4127/5726/3486 4330/6023/3758
f 4333/5738/3498 4128/5737/3497 4129/5733/3493 4332/6021/3756
f 4335/5745/3505 4130/5744/3504 4131/5740/3500 4334/6020/3755
f 4337/5752/3512 4132/5751/3511 4133/5747/3507 4336/6019/3754
f 4339/5759/3519 4134/5758/3518 4135/5754/3514 4338/6018/3753
f 4341/5766/3526 4136/5765/3525 4137/5760/3520 4340/6016/3751
f 4247/5767/3527 4156/5769/3529 4157/5814/3574 4246/5748/3508
f 4249/5713/3473 4123/5712/3472 4122/5716/3476 4248/5811/3571
f 4251/5774/3534 4154/5776/3536 4155/5821/3581 4250/5741/3501
f 4253/5706/3466 4121/5705/3465 4120/5709/3469 4252/5817/3577
f 4255/5699/3459 4119/5698/3458 4118/5702/3462 4254/5819/3579
f 4257/5785/3545 4152/5787/3547 4153/5825/3585 4256/5734/3494
f 4259/5140/4101 4115/5139/4100 4114/5688/4137 4258/5763/4145
f 4261/5692/3452 4117/5691/3451 4116/5695/3455 4260/5824/3584
f 4263/5796/3556 4150/5798/3558 4151/5830/3590 4262/5727/3487
f 4265/5761/3521 4137/5760/3520 4136/5765/3525 4264/5828/3588
f 4267/5805/4151 4148/5806/4152 4149/5835/4155 4266/5720/4141
f 4269/5755/3515 4135/5754/3514 4134/5758/3518 4268/5833/3593
f 4271/5895/4206 7127/5928/4231 7128/5961/4231 4270/5911/4222
f 4273/5880/4191 4168/5879/4190 4169/5838/4157 4272/5841/4160
f 4275/5883/4194 4166/5882/4193 4167/5888/4199 4274/5891/4202
f 4277/5899/4210 7129/5938/4231 7130/5966/4231 4276/5844/4163
f 4279/5924/4228 4162/5923/4166 4163/5526/4129 4278/5529/4132
f 4281/5893/4204 4164/5892/4203 4165/6041/4285 4280/5993/4275
f 4283/5903/4214 7131/5944/4231 7132/5975/4231 4282/5856/4170
f 4285/5897/4208 4184/5896/4207 4185/5866/4177 4284/5869/4180
f 4287/5907/4218 7133/5947/4231 7134/5980/4231 4286/5864/4175
f 4289/5901/4212 4182/5900/4211 4183/5874/4185 4288/5877/4188
f 4291/5909/4220 7135/5929/4231 7136/5985/4231 4290/5872/4183
f 4293/5905/4216 4180/5904/4215 4181/5884/4195 4292/5887/4198
f 7138/5860/4172 7139/5859/3618 7140/5973/4256 7137/5974/3710
f 7142/5965/4251 7143/5964/4251 7144/5988/4268 7141/5989/4268
f 4198/5944/4271 7145/5991/4272 7146/5976/4259 4199/5975/4258
f 7148/5971/4255 7149/5970/4255 7150/5948/4241 7147/5951/4241
f 4196/5947/4273 7151/5992/4274 7152/5981/4263 4197/5980/4262
f 7154/5979/4261 7155/5978/4260 7156/5952/4242 7153/5955/4243
f 4194/5929/4232 7157/5932/4234 7158/5986/4267 4195/5985/4266
f 7160/5984/4265 7161/5983/4264 7162/5994/4276 7159/5995/4277
f 7164/5933/4235 7165/5936/4237 7166/5957/4245 7163/5956/4244
f 7168/5939/4238 7169/5942/4240 7170/5959/4247 7167/5958/4246
f 7172/5962/4250 4203/5961/4249 4202/5928/4278 7171/5996/4279
f 7174/5967/4254 4201/5966/4253 4200/5938/4269 7173/5990/4270
f 4210/5974/171 4234/6009/171 4245/5945/171 4211/5860/171
f 4235/5997/171 4231/5979/171 4230/5955/171 4236/5999/171
f 4218/5932/171 4242/6000/171 4241/5998/171 4219/5986/171
f 4236/5999/171 4229/5984/171 4228/5995/171 4237/6002/171
f 4216/5936/171 4243/6001/171 4242/6000/171 4217/5957/171
f 4214/5942/171 4244/6003/171 4243/6001/171 4215/5959/171
f 4237/6002/171 4227/5962/171 4226/5996/171 4238/6004/171
f 4212/5989/171 4245/5945/171 4244/6003/171 4213/5965/171
f 4238/6004/171 4225/5967/171 4224/5990/171 4239/6010/171
f 4232/5951/171 4235/5997/171 4234/6009/171 4233/5971/171
f 4239/6010/171 4223/5976/171 4222/5991/171 4240/6011/171
f 4240/6011/171 4221/5981/171 4220/5992/171 4241/5998/171
f 4246/5748/3508 4133/5747/3507 4132/5751/3511 4247/5767/3527
f 4248/5811/3571 4146/5812/3572 4147/5771/3531 4249/5713/3473
f 4250/5741/3501 4131/5740/3500 4130/5744/3504 4251/5774/3534
f 4252/5817/3577 4144/5818/3578 4145/5778/3538 4253/5706/3466
f 4254/5819/3579 4142/5820/3580 4143/5782/3542 4255/5699/3459
f 4256/5734/3494 4129/5733/3493 4128/5737/3497 4257/5785/3545
f 4258/5763/4145 4138/5803/4149 4139/5926/4230 4259/5140/4101
f 4260/5824/3584 4140/5788/3548 4141/5793/3553 4261/5692/3452
f 4262/5727/3487 4127/5726/3486 4126/5730/3490 4263/5796/3556
f 4264/5828/3588 4160/5829/4154 4161/5800/3560 4265/5761/3521
f 4266/5720/4141 4125/5719/4140 4124/5723/4142 4267/5805/4151
f 4268/5833/3593 4158/5834/3594 4159/5808/3568 4269/5755/3515
f 4270/5911/4222 4178/5910/4221 4179/5894/4205 4271/5895/4206
f 4272/5841/4160 4193/5933/4231 4192/5956/4231 4273/5880/4191
f 4274/5891/4202 4191/5939/4231 4190/5958/4231 4275/5883/4194
f 4276/5844/4163 4176/5843/4162 4177/5898/4209 4277/5899/4210
f 4278/5529/4132 4187/5973/4231 4186/5859/4231 4279/5924/4228
f 4280/5993/4275 4189/5988/4231 4188/5964/4231 4281/5893/4204
f 4282/5856/4170 4174/5855/4169 4175/5902/4213 4283/5903/4214
f 4284/5869/4180 4209/5948/4231 4208/5970/4231 4285/5897/4208
f 4286/5864/4175 4172/5863/4174 4173/5906/4217 4287/5907/4218
f 4288/5877/4188 4207/5952/4231 4206/5978/4231 4289/5901/4212
f 4290/5872/4183 4170/5871/4182 4171/5908/4219 4291/5909/4220
f 4292/5887/4198 4205/5994/4231 4204/5983/4231 4293/5905/4216
f 4318/6017/4282 4294/6008/4281 4295/6094/4293 4319/5689/4138
f 4320/6015/3750 4296/6099/3800 4297/6406/4102 4321/5696/3456
f 4322/6014/3749 4298/6105/3806 4299/6100/3801 4323/5703/3463
f 4324/6013/3748 4300/6111/3812 4301/6106/3807 4325/5710/3470
f 4326/6012/3747 4302/6117/3818 4303/6112/3813 4327/5717/4139
f 4328/6024/4284 4304/6123/4298 4305/6118/4295 4329/5724/4143
f 4330/6023/3758 4306/6129/3830 4307/6124/4299 4331/5731/4144
f 4332/6021/3756 4308/6135/3836 4309/6130/4300 4333/5738/3498
f 4334/6020/3755 4310/6141/3842 4311/6136/3837 4335/5745/3505
f 4336/6019/3754 4312/6147/3848 4313/6142/3843 4337/5752/3512
f 4338/6018/3753 4314/6153/3854 4315/6148/3849 4339/5759/3519
f 4340/6016/3751 4316/6158/3859 4317/6154/3855 4341/5766/3526
f 4439/6146/3847 4360/6213/3914 4361/6172/3873 4438/6143/3844
f 4441/6113/3814 4303/6112/3813 4302/6117/3818 4440/6116/4294
f 4443/6140/3841 4358/6219/3920 4359/6184/3885 4442/6137/3838
f 4445/6107/3808 4301/6106/3807 4300/6111/3812 4444/6110/3811
f 4447/6101/3802 4299/6100/3801 4298/6105/3806 4446/6104/3805
f 4449/6134/3835 4356/6223/3924 4357/6192/4310 4448/6131/3832
f 4451/6159/4303 4295/6094/4293 4294/6008/4281 4450/6007/4280
f 4453/6322/4011 4297/6406/4102 4296/6099/3800 4452/6098/3799
f 4455/6128/3829 4354/6227/4324 4355/6202/3903 4454/6125/3826
f 4457/6155/3856 4317/6154/3855 4316/6158/3859 4456/6157/3858
f 4459/6122/4297 4352/6231/4326 4353/6210/4315 4458/6119/4296
f 4461/6149/3850 4315/6148/3849 4314/6153/3854 4460/6152/4302
f 4463/6276/3976 4406/6376/4096 4407/6337/4077 4462/6398/4076
f 4465/6371/4036 4372/6429/4335 4373/6313/4338 4464/6312/4003
f 4467/6373/4039 4370/6432/3971 4371/6235/3936 4466/6234/3935
f 4469/6284/3982 4404/6380/4099 4405/6349/4082 4468/6400/4081
f 4471/6241/3942 4366/6240/4327 4367/6225/4322 4470/6224/4321
f 4473/5847/3607 4368/5846/3606 4369/6321/4010 4472/6320/4009
f 4475/6292/3988 4402/6386/4065 4403/6355/4086 4474/6401/4085
f 4477/6381/4048 4388/6440/3985 4389/6249/3950 4476/6248/3949
f 4479/6300/3994 4400/6390/4069 4401/6363/4090 4478/6403/4089
f 4481/6387/4055 4386/6443/3991 4387/6257/3958 4480/6256/3957
f 4483/6308/4000 4398/6393/4072 4399/6395/4094 4482/6405/4093
f 4485/6391/4058 4384/6407/3997 4385/6265/3966 4484/6264/3965
f 4414/6342/3710 4390/6341/3710 4391/6394/4172 4415/6435/4172
f 4416/6383/3716 4392/6377/3716 4393/6348/3707 4417/6347/3707
f 4402/6386/4340 4427/6385/4340 4426/6356/3722 4403/6355/3722
f 4436/6402/3699 4412/6382/3699 4413/6354/3709 4437/6353/3709
f 4400/6390/4341 4425/6389/4341 4424/6364/4339 4401/6363/4339
f 4434/6404/3702 4410/6388/3702 4411/6362/3712 4435/6361/3712
f 4398/6393/3715 4423/6392/3715 4422/6396/3684 4399/6395/3684
f 4432/6326/3743 4408/6325/3743 4409/6370/3714 4433/6369/3714
f 4397/6332/3704 4421/6331/3704 4420/6397/3685 4396/6372/3685
f 4395/6336/3705 4419/6335/3705 4418/6399/3690 4394/6374/3690
f 4430/6338/3746 4407/6337/3746 4406/6376/3706 4431/6375/3706
f 4428/6350/3719 4405/6349/3719 4404/6380/3708 4429/6379/3708
f 4438/6143/3844 4313/6142/3843 4312/6147/3848 4439/6146/3847
f 4440/6116/4294 4350/6171/4307 4351/6214/4317 4441/6113/3814
f 4442/6137/3838 4311/6136/3837 4310/6141/3842 4443/6140/3841
f 4444/6110/3811 4348/6179/3880 4349/6216/3917 4445/6107/3808
f 4446/6104/3805 4346/6183/3884 4347/6220/3921 4447/6101/3802
f 4448/6131/3832 4309/6130/4300 4308/6135/3836 4449/6134/3835
f 4450/6007/4280 4342/6163/4305 4343/6200/4312 4451/6159/4303
f 4452/6098/3799 4344/6191/3892 4345/6323/4012 4453/6322/4011
f 4454/6125/3826 4307/6124/4299 4306/6129/3830 4455/6128/3829
f 4456/6157/3858 4364/6199/3900 4365/6228/3929 4457/6155/3856
f 4458/6119/4296 4305/6118/4295 4304/6123/4298 4459/6122/4297
f 4460/6152/4302 4362/6209/3910 4363/6164/3865 4461/6149/3850
f 4462/6398/4076 4382/6412/4006 4383/6277/3977 4463/6276/3976
f 4464/6312/4003 4397/6332/4097 4396/6372/4037 4465/6371/4036
f 4466/6234/3935 4395/6336/4098 4394/6374/4040 4467/6373/4039
f 4468/6400/4081 4380/6417/3938 4381/6285/3983 4469/6284/3982
f 4470/6224/4321 4391/6394/4062 4390/6341/4342 4471/6241/3942
f 4472/6320/4009 4393/6348/4063 4392/6377/4044 4473/5847/3607
f 4474/6401/4085 4378/6422/4329 4379/6293/3989 4475/6292/3988
f 4476/6248/3949 4413/6354/4067 4412/6382/4049 4477/6381/4048
f 4478/6403/4089 4376/6425/4331 4377/6301/4336 4479/6300/3994
f 4480/6256/3957 4411/6362/4070 4410/6388/4056 4481/6387/4055
f 4482/6405/4093 4374/6428/4333 4375/6309/4337 4483/6308/4000
f 4484/6264/3965 4409/6370/4073 4408/6325/4059 4485/6391/4058
f 4487/4542/3564 4488/4808/3789 4489/4589/3611 4486/4748/3757
f 4491/4769/3770 4492/4532/3554 4493/4529/3551 4490/4802/3786
f 4495/4760/3765 4496/4521/3543 4497/4659/3678 4494/4796/3783
f 4499/4756/3763 4500/4517/3539 4501/4658/3677 4498/4794/3782
f 4503/4818/3794 4504/4510/3532 4505/4657/3676 4502/4788/3779
f 4507/4814/3792 4508/4574/3596 4509/4656/3675 4506/4780/3775
f 4511/4810/3790 4512/4569/3591 4513/4655/3674 4510/4772/3771
f 4515/4804/3787 4516/4564/3586 4517/4654/3673 4514/4763/3766
f 4519/4799/3785 4520/4560/3582 4521/4653/3672 4518/4751/3760
f 4523/4791/3781 4524/4553/3575 4525/4652/3671 4522/4816/3793
f 4527/4785/3778 4528/4547/3569 4529/4651/3670 4526/4812/3791
f 4531/4777/3774 4532/4539/3561 4533/4650/3669 4530/4806/3788
f 4535/5171/4115 4536/4927/3902 4537/4888/3863 4534/5150/4105
f 4539/4916/3891 4540/5152/4106 4541/5008/3978 4538/5054/4013
f 4543/4908/3883 4544/5147/4104 4545/5000/3970 4542/4947/3922
f 4547/4904/3879 4548/5145/4103 4549/4996/3967 4546/4943/3918
f 4551/4896/3871 4552/5180/4118 4553/4988/3959 4550/4941/3916
f 4555/4956/3931 4556/5177/4117 4557/4980/3951 4554/4937/3912
f 4559/4952/3927 4560/5174/4116 4561/4974/3945 4558/4929/3904
f 4563/4948/3923 4564/5170/4112 4565/4962/3937 4562/4919/3894
f 4567/4944/3919 4568/5167/4111 4569/5044/4005 4566/4911/3886
f 4571/4938/3913 4572/5163/4110 4573/5032/3996 4570/4899/3874
f 4575/4934/3909 4576/5160/4109 4577/5024/3990 4574/4891/3866
f 4579/4924/3899 4580/5157/4108 4581/5016/3984 4578/4955/3930
f 4583/5804/4150 4584/6082/4290 4585/5851/4165 4582/6022/4283
f 4587/6043/4286 4588/5794/4147 4589/5791/4146 4586/6076/3786
f 4591/6034/3765 4592/5783/3543 4593/5921/4227 4590/6070/3783
f 4595/6030/3763 4596/5779/3539 4597/5920/3677 4594/6068/3782
f 4599/6092/3794 4600/5772/3532 4601/5919/3676 4598/6062/3779
f 4603/6088/4292 4604/5836/4156 4605/5918/4226 4602/6054/4288
f 4607/6084/4291 4608/5831/3591 4609/5917/3674 4606/6046/3771
f 4611/6078/3787 4612/5826/3586 4613/5916/3673 4610/6037/3766
f 4615/6073/3785 4616/5822/3582 4617/5915/4225 4614/6025/3760
f 4619/6065/4289 4620/5815/3575 4621/5914/4224 4618/6090/3793
f 4623/6059/3778 4624/5809/3569 4625/5913/3670 4622/6086/3791
f 4627/6051/4287 4628/5801/3561 4629/5912/4223 4626/6080/3788
f 4631/6436/4345 4632/6201/4313 4633/6162/4304 4630/6414/4344
f 4635/6190/3891 4636/6416/4106 4637/6278/3978 4634/6324/4013
f 4639/6182/3883 4640/6411/4104 4641/6270/3970 4638/6221/3922
f 4643/6178/4308 4644/6409/4343 4645/6266/4334 4642/6217/4319
f 4647/6170/4306 4648/6445/4348 4649/6258/4332 4646/6215/4318
f 4651/6230/4325 4652/6442/4347 4653/6250/4330 4650/6211/4316
f 4655/6226/4323 4656/6439/4346 4657/6244/4328 4654/6203/4314
f 4659/6222/4320 4660/6434/4112 4661/6236/3937 4658/6193/4311
f 4663/6218/3919 4664/6431/4111 4665/6314/4005 4662/6185/3886
f 4667/6212/3913 4668/6427/4110 4669/6302/3996 4666/6173/3874
f 4671/6208/3909 4672/6424/4109 4673/6294/3990 4670/6165/3866
f 4675/6198/3899 4676/6421/4108 4677/6286/3984 4674/6229/3930
f 4488/4808/3789 3802/4809/3333 3801/4590/3612 4489/4589/3611
f 3777/4541/3563 4487/4542/3564 4486/4748/3757 3778/4664/3681
f 3803/4770/3649 4491/4769/3770 4490/4802/3786 3804/4803/3768
f 4492/4532/3554 3780/4531/3553 3779/4526/3548 4493/4529/3551
f 3805/4761/3639 4495/4760/3765 4494/4796/3783 3806/4797/3645
f 4496/4521/3543 3782/4520/3542 3781/4558/3580 4497/4659/3678
f 3807/4757/3636 4499/4756/3763 4498/4794/3782 3808/4795/3598
f 4500/4517/3539 3784/4516/3538 3783/4556/3578 4501/4658/3677
f 3809/4819/3628 4503/4818/3794 4502/4788/3779 3810/4789/3665
f 4504/4510/3532 3786/4509/3531 3785/4550/3572 4505/4657/3676
f 3811/4815/3620 4507/4814/3792 4506/4780/3775 3812/4783/3663
f 4508/4574/3596 3788/4573/3595 3787/4544/3566 4509/4656/3675
f 3813/4811/3615 4511/4810/3790 4510/4772/3771 3814/4775/3659
f 4512/4569/3591 3790/4568/3590 3789/4536/3558 4513/4655/3674
f 3815/4805/3603 4515/4804/3787 4514/4763/3766 3816/4766/3655
f 4516/4564/3586 3792/4563/3585 3791/4525/3547 4517/4654/3673
f 3817/4800/3667 4519/4799/3785 4518/4751/3760 3818/4754/3651
f 4520/4560/3582 3794/4559/3581 3793/4514/3536 4521/4653/3672
f 3819/4792/3661 4523/4791/3781 4522/4816/3793 3820/4817/3641
f 4524/4553/3575 3796/4552/3574 3795/4507/3529 4525/4652/3671
f 3821/4786/3657 4527/4785/3778 4526/4812/3791 3822/4813/3631
f 4528/4547/3569 3798/4546/3568 3797/4572/3594 4529/4651/3670
f 3823/4778/3653 4531/4777/3774 4530/4806/3788 3824/4807/3623
f 4532/4539/3561 3800/4538/3560 3799/4567/3589 4533/4650/3669
f 3993/5172/3941 4535/5171/4115 4534/5150/4105 3994/5149/3926
f 3969/4889/3864 4537/4888/3863 4536/4927/3902 3970/4926/3901
f 4540/5152/4106 3996/5151/4010 3995/5009/3606 4541/5008/3978
f 3971/4917/3892 4539/4916/3891 4538/5054/4013 3972/5053/4012
f 4544/5147/4104 3998/5146/3936 3997/5001/3971 4545/5000/3970
f 3973/4909/3884 4543/4908/3883 4542/4947/3922 3974/4946/3921
f 4548/5145/4103 4000/5144/4004 3999/4997/3968 4549/4996/3967
f 3975/4905/3880 4547/4904/3879 4546/4943/3918 3976/4942/3917
f 4552/5180/4118 4002/5179/4001 4001/4989/3960 4553/4988/3959
f 3977/4897/3872 4551/4896/3871 4550/4941/3916 3978/4940/3915
f 4556/5177/4117 4004/5176/3995 4003/4981/3952 4557/4980/3951
f 3979/4957/3932 4555/4956/3931 4554/4937/3912 3980/4936/3911
f 4560/5174/4116 4006/5173/3989 4005/4975/3946 4561/4974/3945
f 3981/4953/3928 4559/4952/3927 4558/4929/3904 3982/4928/3903
f 4564/5170/4112 4008/5169/3983 4007/4963/3938 4565/4962/3937
f 3983/4949/3924 4563/4948/3923 4562/4919/3894 3984/4918/3893
f 4568/5167/4111 4010/5166/3977 4009/5045/4006 4569/5044/4005
f 3985/4945/3920 4567/4944/3919 4566/4911/3886 3986/4910/3885
f 4572/5163/4110 4012/5162/3966 4011/5033/3997 4573/5032/3996
f 3987/4939/3914 4571/4938/3913 4570/4899/3874 3988/4898/3873
f 4576/5160/4109 4014/5159/3958 4013/5025/3991 4577/5024/3990
f 3989/4935/3910 4575/4934/3909 4574/4891/3866 3990/4890/3865
f 4580/5157/4108 4016/5156/3950 4015/5017/3985 4581/5016/3984
f 3991/4925/3900 4579/4924/3899 4578/4955/3930 3992/4954/3929
f 4584/6082/4290 4163/6083/4129 4162/5852/4166 4585/5851/4165
f 4138/5803/4149 4583/5804/4150 4582/6022/4283 4139/5926/4230
f 4164/6044/4203 4587/6043/4286 4586/6076/3786 4165/6077/4285
f 4588/5794/4147 4141/5793/3553 4140/5788/3548 4589/5791/4146
f 4166/6035/4193 4591/6034/3765 4590/6070/3783 4167/6071/4199
f 4592/5783/3543 4143/5782/3542 4142/5820/3580 4593/5921/4227
f 4168/6031/4190 4595/6030/3763 4594/6068/3782 4169/6069/4157
f 4596/5779/3539 4145/5778/3538 4144/5818/3578 4597/5920/3677
f 4170/6093/4182 4599/6092/3794 4598/6062/3779 4171/6063/4219
f 4600/5772/3532 4147/5771/3531 4146/5812/3572 4601/5919/3676
f 4172/6089/4174 4603/6088/4292 4602/6054/4288 4173/6057/4217
f 4604/5836/4156 4149/5835/4155 4148/5806/4152 4605/5918/4226
f 4174/6085/4169 4607/6084/4291 4606/6046/3771 4175/6049/4213
f 4608/5831/3591 4151/5830/3590 4150/5798/3558 4609/5917/3674
f 4176/6079/4162 4611/6078/3787 4610/6037/3766 4177/6040/4209
f 4612/5826/3586 4153/5825/3585 4152/5787/3547 4613/5916/3673
f 4178/6074/4221 4615/6073/3785 4614/6025/3760 4179/6028/4205
f 4616/5822/3582 4155/5821/3581 4154/5776/3536 4617/5915/4225
f 4180/6066/4215 4619/6065/4289 4618/6090/3793 4181/6091/4195
f 4620/5815/3575 4157/5814/3574 4156/5769/3529 4621/5914/4224
f 4182/6060/4211 4623/6059/3778 4622/6086/3791 4183/6087/4185
f 4624/5809/3569 4159/5808/3568 4158/5834/3594 4625/5913/3670
f 4184/6052/4207 4627/6051/4287 4626/6080/3788 4185/6081/4177
f 4628/5801/3561 4161/5800/3560 4160/5829/4154 4629/5912/4223
f 4366/6437/4327 4631/6436/4345 4630/6414/4344 4367/6413/4322
f 4342/6163/4305 4633/6162/4304 4632/6201/4313 4343/6200/4312
f 4636/6416/4106 4369/6415/4010 4368/6279/3606 4637/6278/3978
f 4344/6191/3892 4635/6190/3891 4634/6324/4013 4345/6323/4012
f 4640/6411/4104 4371/6410/3936 4370/6271/3971 4641/6270/3970
f 4346/6183/3884 4639/6182/3883 4638/6221/3922 4347/6220/3921
f 4644/6409/4343 4373/6408/4338 4372/6267/4335 4645/6266/4334
f 4348/6179/3880 4643/6178/4308 4642/6217/4319 4349/6216/3917
f 4648/6445/4348 4375/6444/4337 4374/6259/4333 4649/6258/4332
f 4350/6171/4307 4647/6170/4306 4646/6215/4318 4351/6214/4317
f 4652/6442/4347 4377/6441/4336 4376/6251/4331 4653/6250/4330
f 4352/6231/4326 4651/6230/4325 4650/6211/4316 4353/6210/4315
f 4656/6439/4346 4379/6438/3989 4378/6245/4329 4657/6244/4328
f 4354/6227/4324 4655/6226/4323 4654/6203/4314 4355/6202/3903
f 4660/6434/4112 4381/6433/3983 4380/6237/3938 4661/6236/3937
f 4356/6223/3924 4659/6222/4320 4658/6193/4311 4357/6192/4310
f 4664/6431/4111 4383/6430/3977 4382/6315/4006 4665/6314/4005
f 4358/6219/3920 4663/6218/3919 4662/6185/3886 4359/6184/3885
f 4668/6427/4110 4385/6426/3966 4384/6303/3997 4669/6302/3996
f 4360/6213/3914 4667/6212/3913 4666/6173/3874 4361/6172/3873
f 4672/6424/4109 4387/6423/3958 4386/6295/3991 4673/6294/3990
f 4362/6209/3910 4671/6208/3909 4670/6165/3866 4363/6164/3865
f 4676/6421/4108 4389/6420/3950 4388/6287/3985 4677/6286/3984
f 4364/6199/3900 4675/6198/3899 4674/6229/3930 4365/6228/3929
f 3634/6502/4378 3638/276/156 3653/275/155 3677/6501/155
f 1025/1761/1378 1041/1789/1406 1040/1788/1405
f 1025/1761/1378 1040/1788/1405 1029/1765/1382 1027/1763/1380
f 2095/1794/1411 2110/1796/1413 2099/3504/2783 2097/3502/2781
f 4723/6506/1200 4678/6507/1026 4679/1488/1148 4722/1531/1190
f 4683/6508/1372 4680/6509/1055 4681/1543/1201 4682/1490/1150
f 4685/1427/1087 4686/1505/1165 4687/6510/1163 4684/6511/1067
f 4686/1505/1165 4688/1412/1072 4689/6512/1164 4687/6510/1163
f 4688/1412/1072 4690/1411/1071 4691/6513/1076 4689/6512/1164
f 4693/1428/1088 4685/1427/1087 4684/6511/1067 4692/6514/1070
f 4695/1431/1091 4693/1428/1088 4692/6514/1070 4694/6515/1161
f 4697/1433/1093 4695/1431/1091 4694/6515/1161 4696/6516/1162
f 4699/1435/1095 4697/1433/1093 4696/6516/1162 4698/6517/1160
f 4701/1437/1097 4699/1435/1095 4698/6517/1160 4700/6518/1157
f 4690/1411/1071 4702/1461/1121 4703/6519/1077 4691/6513/1076
f 4702/1461/1121 4704/1463/1123 4705/6520/1168 4703/6519/1077
f 4704/1463/1123 4706/1465/1125 4707/6521/1169 4705/6520/1168
f 4706/1465/1125 4708/1467/1127 4709/6522/1176 4707/6521/1169
f 4708/1467/1127 4710/1469/1129 4711/6523/1172 4709/6522/1176
f 4710/1469/1129 4712/1471/1131 4713/6524/1173 4711/6523/1172
f 4727/6525/1058 4713/6524/1173 4712/1471/1131 4726/1475/1135
f 4717/1489/1149 4714/1482/1142 4715/6526/1137 4716/6527/1203
f 4714/1482/1142 4720/1481/1141 4721/6528/1138 4715/6526/1137
f 4719/6529/1029 4721/6528/1138 4720/1481/1141 4718/1485/1145
f 4678/6507/1026 4719/6529/1029 4718/1485/1145 4679/1488/1148
f 4682/1490/1150 4717/1489/1149 4716/6527/1203 4683/6508/1372
f 851/6530/1211 744/6531/1195 865/1525/1184 853/1530/1189
f 4722/1531/1190 865/1525/1184 744/6531/1195 4723/6506/1200
f 4724/6532/1764 851/6530/1211 853/1530/1189 4725/2295/1765
f 4726/1475/1135 4681/1543/1201 4680/6509/1055 4727/6525/1058
f 4731/2402/1855 4728/2401/1854 4729/6533/1159 4730/6534/1767
f 4738/2479/1922 4731/2402/1855 4730/6534/1767 4737/6535/1863
f 4736/2412/1864 4732/2414/1866 4733/6536/2016 4735/6537/1944
f 4741/6538/1945 4734/2407/1856 4740/2406/1859
f 4737/6535/1863 4733/6536/2016 4732/2414/1866 4738/2479/1922
f 4740/2406/1859 4736/2412/1864 4735/6537/1944 4741/6538/1945
f 4700/6518/1157 4729/6533/1159 4728/2401/1854 4701/1437/1097
f 4722/1531/1190 4679/1488/1148 866/1487/1147 867/1526/1185
f 4743/6539/249 4744/6540/2541 4745/447/250 4742/466/268
f 4747/448/251 4745/447/250 4744/6540/2541 4746/6541/271
f 4754/540/332 4747/448/251 4746/6541/271 4753/6542/272
f 4752/471/273 4748/473/275 4749/6543/466 4751/6544/374
f 4757/6545/377 4750/456/254 4756/455/258
f 4753/6542/272 4749/6543/466 4748/473/275 4754/540/332
f 4756/455/258 4752/471/273 4751/6544/374 4757/6545/377
f 4805/6546/2632 4758/6547/2473 4759/1986/1541 4804/1985/1540
f 4765/6548/2776 4762/6549/2501 4763/3327/2633 4764/3277/2585
f 4767/3223/2533 4768/3290/2598 4769/6550/2596 4766/6551/2513
f 4768/3290/2598 4770/3208/2518 4771/6552/2597 4769/6550/2596
f 4770/3208/2518 4772/3207/2517 4773/6553/2522 4771/6552/2597
f 4775/3224/2534 4767/3223/2533 4766/6551/2513 4774/6554/2516
f 4777/3227/2537 4775/3224/2534 4774/6554/2516 4776/6555/2594
f 4779/3229/2539 4777/3227/2537 4776/6555/2594 4778/6556/2595
f 4781/465/267 4779/3229/2539 4778/6556/2595 4780/6557/246
f 4742/466/268 4781/465/267 4780/6557/246 4743/6539/249
f 4772/3207/2517 4782/3248/2558 4783/6558/2523 4773/6553/2522
f 4782/3248/2558 4784/3250/2560 4785/6559/2592 4783/6558/2523
f 4784/3250/2560 4786/3252/2562 4787/6560/2600 4785/6559/2592
f 4786/3252/2562 4788/3254/2564 4789/6561/2607 4787/6560/2600
f 4788/3254/2564 4790/3256/2566 4791/6562/2603 4789/6561/2607
f 4790/3256/2566 4792/3258/2568 4793/6563/2604 4791/6562/2603
f 4809/6564/2504 4793/6563/2604 4792/3258/2568 4808/3262/2572
f 4797/3276/2584 4794/3271/2579 4795/6565/2574 4796/6566/2635
f 4794/3271/2579 4800/3270/2578 4801/6567/2575 4795/6565/2574
f 4799/6568/2476 4801/6567/2575 4800/3270/2578 4798/3274/2582
f 4758/6547/2473 4799/6568/2476 4798/3274/2582 4759/1986/1541
f 4764/3277/2585 4797/3276/2584 4796/6566/2635 4765/6548/2776
f 4803/6569/2622 4760/6570/2621 4761/3318/2624 4802/3322/2628
f 4804/1985/1540 4761/3318/2624 4760/6570/2621 4805/6546/2632
f 4806/6571/2705 4803/6569/2622 4802/3322/2628 4807/3866/3014
f 4808/3262/2572 4763/3327/2633 4762/6549/2501 4809/6564/2504
f 4742/466/268 4745/447/250 139/450/253 125/467/269
f 1070/1991/1546 1050/1825/1441 4816/3913/1546
f 1069/1992/1546 4820/6572/1546 4821/3911/1546
f 1108/2071/1546 4834/3890/1546 4835/6573/1546
f 1049/2192/1732 4810/6574/1546 4811/6575/1546
f 1078/6576/1584 4825/6577/1546 4826/6578/1546 1076/6579/1579
f 1076/6579/1579 4826/6578/1546 4827/6580/1546 1111/6581/1576
f 4827/6580/1546 4828/3904/1546 1112/2199/1643 1111/6581/1576
f 1079/6582/1582 4824/6583/1546 4825/6577/1546 1078/6576/1584
f 4822/3912/1546 4823/6584/1546 1080/6585/1580 1081/2281/1570
f 4840/6586/1546 4841/6587/1546 1049/2192/1732 1130/718/474
f 1070/1991/1546 4819/6588/1546 4820/6572/1546 1069/1992/1546
f 1108/2071/1546 4835/6573/1546 4836/3908/1546
f 1080/6585/1580 4823/6584/1546 4824/6583/1546 1079/6582/1582
f 5048/426/229 5053/410/213 77/409/212
f 88/2159/1701 73/408/211 5021/407/210 5136/6589/4379
f 5033/6590/4380 4815/6591/4381 4814/6592/4382 5036/6593/4383
f 5040/411/214 5045/384/187 76/383/186
f 4816/6594/4384 5044/6595/4385 5041/6596/4386 4817/6597/4387
f 4820/6598/4388 5060/6599/4389 5057/6600/4390 4821/6601/4391
f 4822/6602/4392 5068/6603/4393 5065/6604/4394 4823/6605/4395
f 5073/6606/4396 4825/6607/4397 4824/6608/4398 5076/6609/4399
f 4826/6610/4400 5084/6611/4401 5081/6612/4402 4827/6613/4403
f 5089/6614/4404 4829/6615/4405 4828/6616/4406 5092/6617/4407
f 4830/6618/4408 5100/6619/4409 5097/6620/4410 4831/6621/4411
f 5105/6622/4412 4833/6623/4413 4832/6624/4414 5108/6625/4415
f 4834/6626/4416 5116/6627/4417 5113/6628/4418 4835/6629/4419
f 5121/6630/4420 4837/6631/4421 4836/6632/4422 5124/6633/4423
f 4838/6634/4424 5132/6635/4425 5129/2170/1712 4839/2173/1715
f 5137/2162/1704 4841/2165/1707 4840/2172/1714 5140/2171/1713
f 5049/2166/1708 5060/6599/4389 4820/6598/4388 4819/2167/1709
f 5057/6600/4390 5068/6603/4393 4822/6602/4392 4821/6601/4391
f 5136/6589/4379 5141/6636/4426 88/2159/1701
f 5017/6637/4427 5028/414/217 4812/413/216 4811/6638/2987
f 5033/6590/4380 5044/6595/4385 4816/6594/4384 4815/6591/4381
f 5041/6596/4386 5052/2169/1711 4818/2168/1710 4817/6597/4387
f 5121/6630/4420 5132/6635/4425 4838/6634/4424 4837/6631/4421
f 87/387/190 88/2159/1701 5141/6636/4426 5128/412/215
f 5025/415/218 5036/6593/4383 4814/6592/4382 4813/416/219
f 5105/6622/4412 5116/6627/4417 4834/6626/4416 4833/6623/4413
f 5113/6628/4418 5124/6633/4423 4836/6632/4422 4835/6629/4419
f 5089/6614/4404 5100/6619/4409 4830/6618/4408 4829/6615/4405
f 5097/6620/4410 5108/6625/4415 4832/6624/4414 4831/6621/4411
f 5073/6606/4396 5084/6611/4401 4826/6610/4400 4825/6607/4397
f 5081/6612/4402 5092/6617/4407 4828/6616/4406 4827/6613/4403
f 5065/6604/4394 5076/6609/4399 4824/6608/4398 4823/6605/4395
f 73/408/211 74/725/481 5029/2174/1716 5016/406/209
f 4928/2364/1819 4933/2385/1840 1190/2361/1816
f 4856/6639/2987 4892/6640/2986 4889/6641/4428 4857/6642/1706
f 4858/6643/1707 4900/6644/4429 4897/6645/4430 4859/6646/1714
f 4905/6647/4431 4861/6648/4424 4860/6649/1715 4908/6650/4432
f 4862/6651/4421 4916/6652/4433 4913/6653/4434 4863/6654/4422
f 4921/6655/4435 4865/6656/4416 4864/6657/4419 4924/6658/4436
f 4866/6659/4413 4932/6660/4437 4929/6661/4438 4867/6662/4414
f 4868/6663/4411 4940/6664/4439 4937/6665/4440 4869/6666/4408
f 4945/6667/4441 4871/6668/4406 4870/6669/4405 4948/6670/4442
f 4872/6671/4403 4956/6672/4443 4953/6673/4444 4873/6674/4400
f 4961/6675/4445 4875/6676/4398 4874/6677/4397 4964/6678/4446
f 4876/6679/4395 4972/6680/4447 4969/6681/4448 4877/6682/4392
f 4977/6683/4449 4879/6684/4388 4878/6685/4391 4980/6686/4450
f 4880/6687/1709 4988/6688/4451 4985/6689/4452 4881/6690/1710
f 4993/6691/4453 4883/6692/4384 4882/6693/4387 4996/6694/4454
f 4884/6695/4381 5004/6696/4455 5001/6697/4456 4885/6698/4382
f 5009/3774/2985 4887/3777/216 4886/6699/219 5012/6700/4457
f 4921/6655/4435 4932/6660/4437 4866/6659/4413 4865/6656/4416
f 4929/6661/4438 4940/6664/4439 4868/6663/4411 4867/6662/4414
f 4889/6641/4428 4900/6644/4429 4858/6643/1707 4857/6642/1706
f 4905/6647/4431 4916/6652/4433 4862/6651/4421 4861/6648/4424
f 4913/6653/4434 4924/6658/4436 4864/6657/4419 4863/6654/4422
f 4993/6691/4453 5004/6696/4455 4884/6695/4381 4883/6692/4384
f 5001/6697/4456 5012/6700/4457 4886/6699/219 4885/6698/4382
f 4897/6645/4430 4908/6650/4432 4860/6649/1715 4859/6646/1714
f 4977/6683/4449 4988/6688/4451 4880/6687/1709 4879/6684/4388
f 4985/6689/4452 4996/6694/4454 4882/6693/4387 4881/6690/1710
f 4961/6675/4445 4972/6680/4447 4876/6679/4395 4875/6676/4398
f 4969/6681/4448 4980/6686/4450 4878/6685/4391 4877/6682/4392
f 4945/6667/4441 4956/6672/4443 4872/6671/4403 4871/6668/4406
f 4953/6673/4444 4964/6678/4446 4874/6677/4397 4873/6674/4400
f 4937/6665/4440 4948/6670/4442 4870/6669/4405 4869/6666/4408
f 1185/1904/1491 1186/1903/1490 4843/2376/1831 4901/2375/1830 4888/6701/4458 4842/2365/1820
f 4889/6641/4428 4892/6640/2986 4894/6702/4459 4891/6703/4460
f 4891/6703/4460 4894/6702/4459 4895/6704/4461 4890/6705/4462
f 4890/6705/4462 4895/6704/4461 4893/6706/1821 4888/6707/4458
f 4897/6645/4430 4900/6644/4429 4902/6708/4463 4899/6709/4464
f 4899/6709/4464 4902/6708/4463 4903/6710/4465 4898/6711/4466
f 4898/6711/4466 4903/6710/4465 4901/6712/1830 4896/6713/1829
f 4905/6647/4431 4908/6650/4432 4910/6714/4467 4907/6715/4468
f 4907/6715/4468 4910/6714/4467 4911/6716/4469 4906/6717/4470
f 4906/6717/4470 4911/6716/4469 4909/6718/2984 4904/6719/1795
f 4913/6653/4434 4916/6652/4433 4918/6720/4471 4915/6721/4472
f 4915/6721/4472 4918/6720/4471 4919/6722/4473 4914/6723/4474
f 4914/6723/4474 4919/6722/4473 4917/6724/1794 4912/6725/1826
f 4921/6655/4435 4924/6658/4436 4926/6726/4475 4923/6727/4476
f 4923/6727/4476 4926/6726/4475 4927/6728/4477 4922/6729/4478
f 4922/6729/4478 4927/6728/4477 4925/6730/1825 4920/6731/1841
f 4929/6661/4438 4932/6660/4437 4934/6732/4479 4931/6733/4480
f 4931/6733/4480 4934/6732/4479 4935/6734/4481 4930/6735/4482
f 4930/6735/4482 4935/6734/4481 4933/6736/1840 4928/6737/1819
f 4937/6665/4440 4940/6664/4439 4942/6738/4483 4939/6739/4484
f 4939/6739/4484 4942/6738/4483 4943/6740/4485 4938/6741/4486
f 4938/6741/4486 4943/6740/4485 4941/6742/1818 4936/6743/1839
f 4945/6667/4441 4948/6670/4442 4950/6744/4487 4947/6745/4488
f 4947/6745/4488 4950/6744/4487 4951/6746/4489 4946/6747/4490
f 4946/6747/4490 4951/6746/4489 4949/6748/1838 4944/6749/1814
f 4953/6673/4444 4956/6672/4443 4958/6750/4491 4955/6751/4492
f 4955/6751/4492 4958/6750/4491 4959/6752/4493 4954/6753/4494
f 4954/6753/4494 4959/6752/4493 4957/6754/1813 4952/6755/1837
f 4961/6675/4445 4964/6678/4446 4966/6756/4495 4963/6757/4496
f 4963/6757/4496 4966/6756/4495 4967/6758/4497 4962/6759/4498
f 4962/6759/4498 4967/6758/4497 4965/6760/1836 4960/6761/1810
f 4969/6681/4448 4972/6680/4447 4974/6762/4499 4971/6763/4500
f 4971/6763/4500 4974/6762/4499 4975/6764/4501 4970/6765/4502
f 4970/6765/4502 4975/6764/4501 4973/6766/1809 4968/6767/1835
f 4977/6683/4449 4980/6686/4450 4982/6768/4503 4979/6769/4504
f 4979/6769/4504 4982/6768/4503 4983/6770/4505 4978/6771/4506
f 4978/6771/4506 4983/6770/4505 4981/6772/1834 4976/6773/1805
f 4985/6689/4452 4988/6688/4451 4990/6774/4507 4987/6775/4508
f 4987/6775/4508 4990/6774/4507 4991/6776/4509 4986/6777/4510
f 4986/6777/4510 4991/6776/4509 4989/6778/1804 4984/6779/1833
f 4993/6691/4453 4996/6694/4454 4998/6780/4511 4995/6781/4512
f 4995/6781/4512 4998/6780/4511 4999/6782/4513 4994/6783/4514
f 4994/6783/4514 4999/6782/4513 4997/6784/1832 4992/6785/1799
f 5001/6697/4456 5004/6696/4455 5006/6786/4515 5003/6787/4516
f 5003/6787/4516 5006/6786/4515 5007/6788/4517 5002/6789/4518
f 5002/6789/4518 5007/6788/4517 5005/6790/1798 5000/6791/1828
f 5009/3774/2985 5012/6700/4457 5014/6792/4519 5011/6793/4520
f 5011/6793/4520 5014/6792/4519 5015/6794/4521 5010/6795/4522
f 5010/6795/4522 5015/6794/4521 5013/6796/1827 5008/6797/1822
f 4888/6707/4458 4901/6712/1830 4903/6710/4465 4890/6705/4462
f 4890/6705/4462 4903/6710/4465 4902/6708/4463 4891/6703/4460
f 4891/6703/4460 4902/6708/4463 4900/6644/4429 4889/6641/4428
f 4892/3775/2986 5009/3774/2985 5011/6793/4520 4894/6798/4459
f 4894/6798/4459 5011/6793/4520 5010/6795/4522 4895/6799/4461
f 4895/6799/4461 5010/6795/4522 5008/6797/1822 4893/6800/1821
f 4896/6713/1829 4909/6718/2984 4911/6716/4469 4898/6711/4466
f 4898/6711/4466 4911/6716/4469 4910/6714/4467 4899/6709/4464
f 4899/6709/4464 4910/6714/4467 4908/6650/4432 4897/6645/4430
f 4904/6719/1795 4917/6724/1794 4919/6722/4473 4906/6717/4470
f 4906/6717/4470 4919/6722/4473 4918/6720/4471 4907/6715/4468
f 4907/6715/4468 4918/6720/4471 4916/6652/4433 4905/6647/4431
f 4912/6725/1826 4925/6730/1825 4927/6728/4477 4914/6723/4474
f 4914/6723/4474 4927/6728/4477 4926/6726/4475 4915/6721/4472
f 4915/6721/4472 4926/6726/4475 4924/6658/4436 4913/6653/4434
f 4920/6731/1841 4933/6736/1840 4935/6734/4481 4922/6729/4478
f 4922/6729/4478 4935/6734/4481 4934/6732/4479 4923/6727/4476
f 4923/6727/4476 4934/6732/4479 4932/6660/4437 4921/6655/4435
f 4928/6737/1819 4941/6742/1818 4943/6740/4485 4930/6735/4482
f 4930/6735/4482 4943/6740/4485 4942/6738/4483 4931/6733/4480
f 4931/6733/4480 4942/6738/4483 4940/6664/4439 4929/6661/4438
f 4936/6743/1839 4949/6748/1838 4951/6746/4489 4938/6741/4486
f 4938/6741/4486 4951/6746/4489 4950/6744/4487 4939/6739/4484
f 4939/6739/4484 4950/6744/4487 4948/6670/4442 4937/6665/4440
f 4944/6749/1814 4957/6754/1813 4959/6752/4493 4946/6747/4490
f 4946/6747/4490 4959/6752/4493 4958/6750/4491 4947/6745/4488
f 4947/6745/4488 4958/6750/4491 4956/6672/4443 4945/6667/4441
f 4952/6755/1837 4965/6760/1836 4967/6758/4497 4954/6753/4494
f 4954/6753/4494 4967/6758/4497 4966/6756/4495 4955/6751/4492
f 4955/6751/4492 4966/6756/4495 4964/6678/4446 4953/6673/4444
f 4960/6761/1810 4973/6766/1809 4975/6764/4501 4962/6759/4498
f 4962/6759/4498 4975/6764/4501 4974/6762/4499 4963/6757/4496
f 4963/6757/4496 4974/6762/4499 4972/6680/4447 4961/6675/4445
f 4968/6767/1835 4981/6772/1834 4983/6770/4505 4970/6765/4502
f 4970/6765/4502 4983/6770/4505 4982/6768/4503 4971/6763/4500
f 4971/6763/4500 4982/6768/4503 4980/6686/4450 4969/6681/4448
f 4976/6773/1805 4989/6778/1804 4991/6776/4509 4978/6771/4506
f 4978/6771/4506 4991/6776/4509 4990/6774/4507 4979/6769/4504
f 4979/6769/4504 4990/6774/4507 4988/6688/4451 4977/6683/4449
f 4984/6779/1833 4997/6784/1832 4999/6782/4513 4986/6777/4510
f 4986/6777/4510 4999/6782/4513 4998/6780/4511 4987/6775/4508
f 4987/6775/4508 4998/6780/4511 4996/6694/4454 4985/6689/4452
f 4992/6785/1799 5005/6790/1798 5007/6788/4517 4994/6783/4514
f 4994/6783/4514 5007/6788/4517 5006/6786/4515 4995/6781/4512
f 4995/6781/4512 5006/6786/4515 5004/6696/4455 4993/6691/4453
f 5000/6791/1828 5013/6796/1827 5015/6794/4521 5002/6789/4518
f 5002/6789/4518 5015/6794/4521 5014/6792/4519 5003/6787/4516
f 5003/6787/4516 5014/6792/4519 5012/6700/4457 5001/6697/4456
f 4888/6701/4458 4893/2366/1821 4842/2365/1820
f 5017/6637/4427 5020/6801/1705 5022/6802/4523 5019/6803/4524
f 5019/6803/4524 5022/6802/4523 5023/6804/4525 5018/6805/4526
f 5018/6805/4526 5023/6804/4525 5021/6806/210 5016/6807/209
f 5025/415/218 5028/414/217 5030/6808/4527 5027/6809/4528
f 5027/6809/4528 5030/6808/4527 5031/6810/4529 5026/6811/4530
f 5026/6811/4530 5031/6810/4529 5029/6812/1716 5024/6813/1703
f 5033/6590/4380 5036/6593/4383 5038/6814/4531 5035/6815/4532
f 5035/6815/4532 5038/6814/4531 5039/6816/4533 5034/6817/4534
f 5034/6817/4534 5039/6816/4533 5037/6818/1702 5032/6819/188
f 5041/6596/4386 5044/6595/4385 5046/6820/4535 5043/6821/4536
f 5043/6821/4536 5046/6820/4535 5047/6822/4537 5042/6823/4538
f 5042/6823/4538 5047/6822/4537 5045/6824/187 5040/6825/214
f 5049/2166/1708 5052/2169/1711 5054/6826/4539 5051/6827/4540
f 5051/6827/4540 5054/6826/4539 5055/6828/4541 5050/6829/4542
f 5050/6829/4542 5055/6828/4541 5053/6830/213 5048/6831/229
f 5057/6600/4390 5060/6599/4389 5062/6832/4543 5059/6833/4544
f 5059/6833/4544 5062/6832/4543 5063/6834/4545 5058/6835/4546
f 5058/6835/4546 5063/6834/4545 5061/6836/228 5056/6837/208
f 5065/6604/4394 5068/6603/4393 5070/6838/4547 5067/6839/4548
f 5067/6839/4548 5070/6838/4547 5071/6840/4549 5066/6841/4550
f 5066/6841/4550 5071/6840/4549 5069/6842/207 5064/6843/227
f 5073/6606/4396 5076/6609/4399 5078/6844/4551 5075/6845/4552
f 5075/6845/4552 5078/6844/4551 5079/6846/4553 5074/6847/4554
f 5074/6847/4554 5079/6846/4553 5077/6848/226 5072/6849/204
f 5081/6612/4402 5084/6611/4401 5086/6850/4555 5083/6851/4556
f 5083/6851/4556 5086/6850/4555 5087/6852/4557 5082/6853/4558
f 5082/6853/4558 5087/6852/4557 5085/6854/203 5080/6855/225
f 5089/6614/4404 5092/6617/4407 5094/6856/4559 5091/6857/4560
f 5091/6857/4560 5094/6856/4559 5095/6858/4561 5090/6859/4562
f 5090/6859/4562 5095/6858/4561 5093/6860/224 5088/6861/200
f 5097/6620/4410 5100/6619/4409 5102/6862/4563 5099/6863/4564
f 5099/6863/4564 5102/6862/4563 5103/6864/4565 5098/6865/4566
f 5098/6865/4566 5103/6864/4565 5101/6866/199 5096/6867/223
f 5105/6622/4412 5108/6625/4415 5110/6868/4567 5107/6869/4568
f 5107/6869/4568 5110/6868/4567 5111/6870/4569 5106/6871/4570
f 5106/6871/4570 5111/6870/4569 5109/6872/222 5104/6873/196
f 5113/6628/4418 5116/6627/4417 5118/6874/4571 5115/6875/4572
f 5115/6875/4572 5118/6874/4571 5119/6876/4573 5114/6877/4574
f 5114/6877/4574 5119/6876/4573 5117/6878/195 5112/6879/221
f 5121/6630/4420 5124/6633/4423 5126/6880/4575 5123/6881/4576
f 5123/6881/4576 5126/6880/4575 5127/6882/4577 5122/6883/4578
f 5122/6883/4578 5127/6882/4577 5125/6884/220 5120/6885/192
f 5129/2170/1712 5132/6635/4425 5134/6886/4579 5131/6887/4580
f 5131/6887/4580 5134/6886/4579 5135/6888/4581 5130/6889/4582
f 5130/6889/4582 5135/6888/4581 5133/6890/191 5128/6891/215
f 5137/2162/1704 5140/2171/1713 5142/6892/4583 5139/6893/4584
f 5139/6893/4584 5142/6892/4583 5143/6894/4585 5138/6895/4586
f 5138/6895/4586 5143/6894/4585 5141/6896/4426 5136/6897/4379
f 5016/6807/209 5029/6812/1716 5031/6810/4529 5018/6805/4526
f 5018/6805/4526 5031/6810/4529 5030/6808/4527 5019/6803/4524
f 5019/6803/4524 5030/6808/4527 5028/414/217 5017/6637/4427
f 5020/2163/1705 5137/2162/1704 5139/6893/4584 5022/6898/4523
f 5022/6898/4523 5139/6893/4584 5138/6895/4586 5023/6899/4525
f 5023/6899/4525 5138/6895/4586 5136/6897/4379 5021/6900/210
f 5024/6813/1703 5037/6818/1702 5039/6816/4533 5026/6811/4530
f 5026/6811/4530 5039/6816/4533 5038/6814/4531 5027/6809/4528
f 5027/6809/4528 5038/6814/4531 5036/6593/4383 5025/415/218
f 5032/6819/188 5045/6824/187 5047/6822/4537 5034/6817/4534
f 5034/6817/4534 5047/6822/4537 5046/6820/4535 5035/6815/4532
f 5035/6815/4532 5046/6820/4535 5044/6595/4385 5033/6590/4380
f 5040/6825/214 5053/6830/213 5055/6828/4541 5042/6823/4538
f 5042/6823/4538 5055/6828/4541 5054/6826/4539 5043/6821/4536
f 5043/6821/4536 5054/6826/4539 5052/2169/1711 5041/6596/4386
f 5048/6831/229 5061/6836/228 5063/6834/4545 5050/6829/4542
f 5050/6829/4542 5063/6834/4545 5062/6832/4543 5051/6827/4540
f 5051/6827/4540 5062/6832/4543 5060/6599/4389 5049/2166/1708
f 5056/6837/208 5069/6842/207 5071/6840/4549 5058/6835/4546
f 5058/6835/4546 5071/6840/4549 5070/6838/4547 5059/6833/4544
f 5059/6833/4544 5070/6838/4547 5068/6603/4393 5057/6600/4390
f 5064/6843/227 5077/6848/226 5079/6846/4553 5066/6841/4550
f 5066/6841/4550 5079/6846/4553 5078/6844/4551 5067/6839/4548
f 5067/6839/4548 5078/6844/4551 5076/6609/4399 5065/6604/4394
f 5072/6849/204 5085/6854/203 5087/6852/4557 5074/6847/4554
f 5074/6847/4554 5087/6852/4557 5086/6850/4555 5075/6845/4552
f 5075/6845/4552 5086/6850/4555 5084/6611/4401 5073/6606/4396
f 5080/6855/225 5093/6860/224 5095/6858/4561 5082/6853/4558
f 5082/6853/4558 5095/6858/4561 5094/6856/4559 5083/6851/4556
f 5083/6851/4556 5094/6856/4559 5092/6617/4407 5081/6612/4402
f 5088/6861/200 5101/6866/199 5103/6864/4565 5090/6859/4562
f 5090/6859/4562 5103/6864/4565 5102/6862/4563 5091/6857/4560
f 5091/6857/4560 5102/6862/4563 5100/6619/4409 5089/6614/4404
f 5096/6867/223 5109/6872/222 5111/6870/4569 5098/6865/4566
f 5098/6865/4566 5111/6870/4569 5110/6868/4567 5099/6863/4564
f 5099/6863/4564 5110/6868/4567 5108/6625/4415 5097/6620/4410
f 5104/6873/196 5117/6878/195 5119/6876/4573 5106/6871/4570
f 5106/6871/4570 5119/6876/4573 5118/6874/4571 5107/6869/4568
f 5107/6869/4568 5118/6874/4571 5116/6627/4417 5105/6622/4412
f 5112/6879/221 5125/6884/220 5127/6882/4577 5114/6877/4574
f 5114/6877/4574 5127/6882/4577 5126/6880/4575 5115/6875/4572
f 5115/6875/4572 5126/6880/4575 5124/6633/4423 5113/6628/4418
f 5120/6885/192 5133/6890/191 5135/6888/4581 5122/6883/4578
f 5122/6883/4578 5135/6888/4581 5134/6886/4579 5123/6881/4576
f 5123/6881/4576 5134/6886/4579 5132/6635/4425 5121/6630/4420
f 5128/6891/215 5141/6896/4426 5143/6894/4585 5130/6889/4582
f 5130/6889/4582 5143/6894/4585 5142/6892/4583 5131/6887/4580
f 5131/6887/4580 5142/6892/4583 5140/2171/1713 5129/2170/1712
f 4810/6901/1706 5020/6801/1705 5017/6637/4427 4811/6638/2987
f 5216/188/85 5217/216/85 3336/210/85
f 5218/213/85 5219/189/85 3336/210/85
f 5220/219/85 5221/211/85 3336/210/85
f 5222/215/85 5223/220/85 3336/210/85
f 5224/212/85 5225/218/85 3336/210/85
f 5226/229/97 5227/214/85 3336/210/85
f 5228/227/85 5229/167/85 3336/210/85
f 5230/223/97 5231/228/85 3336/210/85
f 5232/221/85 5233/226/85 3336/210/85
f 5234/166/85 5235/222/85 3336/210/85
f 5236/225/85 5237/230/97 3336/210/85
f 5238/217/85 5239/224/97 3336/210/85
f 5177/153/90 5151/152/90 5150/135/82 5176/134/82
f 5156/147/87 5190/146/87 5191/133/81 5157/132/81
f 5181/149/88 5161/148/88 5160/127/78 5180/126/78
f 5158/159/93 5186/158/93 5187/125/77 5159/124/77
f 5164/209/99 5184/208/99 5185/157/92 5165/156/92
f 5183/145/86 5155/144/86 5154/151/89 5182/150/89
f 5162/139/84 5188/138/84 5189/207/98 5163/206/98
f 5179/137/83 5167/136/83 5166/6902/112 5178/6903/112
f 5144/123/76 5170/122/76 5171/6904/4587 5145/6905/4587
f 5175/6906/73 5147/6907/73 5146/131/80 5174/130/80
f 5152/155/91 5172/154/91 5173/129/79 5153/128/79
f 5148/119/74 5168/118/74 5169/121/75 5149/120/75
f 5236/225/115 5212/195/115 5213/204/119 5237/230/119
f 5203/162/100 5227/214/100 5226/229/120 5202/203/120
f 5216/188/88 5192/141/88 5193/170/102 5217/216/102
f 5199/182/108 5223/220/108 5222/215/103 5198/169/103
f 5218/213/101 5194/161/101 5195/142/95 5219/189/96
f 5220/219/109 5196/181/109 5197/178/107 5221/211/107
f 5201/174/104 5225/218/106 5224/212/98 5200/177/98
f 5238/217/105 5214/173/105 5215/192/112 5239/224/112
f 5207/200/116 5231/228/76 5230/223/113 5206/191/113
f 5232/221/111 5208/185/111 5209/196/114 5233/226/114
f 5205/164/94 5229/167/94 5228/227/118 5204/199/117
f 5234/166/73 5210/165/73 5211/186/110 5235/222/110
f 5202/203/97 5179/202/85 5178/163/85 5203/162/85
f 5198/169/85 5175/168/85 5174/183/85 5199/182/85
f 5200/177/85 5177/176/85 5176/175/85 5201/174/85
f 5206/191/97 5183/190/97 5182/201/85 5207/200/85
f 5204/199/85 5181/198/85 5180/232/85 5205/164/85
f 5212/195/85 5189/194/85 5188/205/97 5213/204/97
f 5192/141/85 5169/140/85 5168/171/85 5193/170/85
f 5194/161/85 5171/160/85 5170/143/85 5195/142/85
f 5196/181/85 5173/180/85 5172/179/85 5197/178/85
f 5214/173/85 5191/172/85 5190/193/97 5215/192/97
f 5208/185/85 5185/184/85 5184/197/85 5209/196/85
f 5210/165/85 5187/231/85 5186/187/85 5211/186/85
f 5145/6905/4587 5171/6904/4587 5178/6903/112 5166/6902/112
f 69/115/72 68/112/69 72/88/61 71/113/70
f 70/114/71 69/115/72 71/113/70
f 33/65/48 32/62/45 36/38/35 35/63/46
f 34/64/47 33/65/48 35/63/46
f 5448/3720/2942 5405/2547/1981 1301/2546/1980 5314/3721/2943
f 159/486/286 5669/6908/1780 166/687/454 162/686/453
f 5241/558/350 5242/3892/3026 5243/556/348 5240/545/337
f 5245/1849/1452 5564/1848/1451 5563/546/338 5244/549/341
f 5245/6909/1452 5678/6910/4588 205/561/352 204/6911/344
f 5247/608/393 5248/620/354 5249/619/392 5246/616/399
f 5678/6910/4588 5245/6909/1452 5244/6912/341 5676/6913/4589
f 5251/609/394 5247/608/393 5246/616/399 5250/618/401
f 5269/1814/1430 5538/1827/1443 5536/1851/1453 5268/1854/1454
f 5533/624/405 5251/609/394 5250/618/401 5529/650/428
f 5271/1819/1435 5402/1828/1444 5400/1861/1460 5270/1864/1461
f 5397/629/410 5253/521/317 5252/524/320 5393/2131/1675
f 5257/655/433 5255/658/435 5254/2061/1612 5256/2124/1669
f 5303/2480/1923 5258/1786/1403 5259/2137/1680 5302/2136/1679
f 5263/1772/1389 5260/1797/1414 5261/1777/1394 5262/1781/1398
f 5262/1781/1398 5264/1783/1400 5265/1773/1390 5263/1772/1389
f 5264/1783/1400 5266/1785/1402 5267/1775/1392 5265/1773/1390
f 5539/1778/1395 5261/1777/1394 5260/1797/1414 5535/1866/1462
f 5372/634/415 5374/6914/4590 155/1758/1375 215/520/316
f 5403/1815/1431 5269/1814/1430 5268/1854/1454 5399/1860/1459
f 5275/1820/1436 5271/1819/1435 5270/1864/1461 5274/2007/1559
f 5274/2007/1559 5272/2001/1554 5273/2002/1555 5275/1820/1436
f 5277/1995/1549 5278/1994/1548 5279/2033/1585 5276/2026/1578
f 5278/1994/1548 5280/2022/1574 5281/2031/1583 5279/2033/1585
f 5280/2022/1574 5282/2020/1572 5283/2029/1581 5281/2031/1583
f 5282/2020/1572 5284/2016/1568 5285/2019/1571 5283/2029/1581
f 5284/2016/1568 5286/2003/1556 5287/2000/1553 5285/2019/1571
f 5272/2001/1554 5287/2000/1553 5286/2003/1556 5273/2002/1555
f 5291/2073/1622 5288/2012/1564 5289/2075/1623 5290/2132/1676
f 5293/2025/1577 5294/2094/1642 5295/2089/1637 5292/2034/1586
f 5294/2094/1642 5296/2092/1640 5297/2087/1635 5295/2089/1637
f 5296/2092/1640 5298/2091/1639 5299/2085/1633 5297/2087/1635
f 5298/2091/1639 5300/2076/1624 5301/2015/1567 5299/2085/1633
f 5288/2012/1564 5301/2015/1567 5300/2076/1624 5289/2075/1623
f 5276/2026/1578 5293/2025/1577 5292/2034/1586 5277/1995/1549
f 5256/2124/1669 5291/2073/1622 5290/2132/1676 5257/655/433
f 5266/1785/1402 5259/2137/1680 5258/1786/1403 5267/1775/1392
f 5305/3562/2836 5555/3561/2835 5554/2513/1951 5304/2514/1952
f 5541/2082/1630 5557/2081/1629 5543/6915/1964
f 5305/6916/2836 5634/6917/4591 1298/2486/1927 1297/6918/1924
f 5307/2521/1958 5308/2534/1929 5309/2533/1954 5306/2529/1965
f 5634/6917/4591 5305/6916/2836 5304/2519/1952 5632/2520/1957
f 5311/2522/1959 5307/2521/1958 5306/2529/1965 5310/2531/1967
f 5327/3536/2814 5499/3550/2828 5497/3564/2837 5326/3567/2838
f 5494/2538/1972 5311/2522/1959 5310/2531/1967 5490/2562/1993
f 5329/3542/2820 5459/3551/2829 5456/3571/2841 5328/3574/2842
f 5452/2543/1977 5313/1913/1496 5312/1916/1499 5447/3762/2977
f 5317/2565/1996 5315/2568/1998 5314/3721/2943 5316/3755/2971
f 5321/3511/2790 5318/3525/2804 5319/3516/2795 5320/3521/2800
f 5320/3521/2800 5322/3523/2802 5323/3512/2791 5321/3511/2790
f 5322/3523/2802 5324/554/346 5325/3514/2793 5323/3512/2791
f 5500/3517/2796 5319/3516/2795 5318/3525/2804 5496/3576/2843
f 5460/3537/2815 5327/3536/2814 5326/3567/2838 5455/3570/2840
f 5333/3543/2821 5329/3542/2820 5328/3574/2842 5332/3673/2896
f 5332/3673/2896 5330/3667/2891 5331/3668/2892 5333/3543/2821
f 5335/3661/2886 5336/3660/2885 5337/3694/2917 5334/3687/2910
f 5336/3660/2885 5338/3683/2906 5339/3692/2915 5337/3694/2917
f 5338/3683/2906 5340/3681/2904 5341/3690/2913 5339/3692/2915
f 5340/3681/2904 5342/3677/2900 5343/3680/2903 5341/3690/2913
f 5342/3677/2900 5344/3669/2893 5345/3666/2890 5343/3680/2903
f 5330/3667/2891 5345/3666/2890 5344/3669/2893 5331/3668/2892
f 5349/3676/2899 5346/3675/2898 5347/2930/2260 5348/2929/2259
f 5351/3686/2909 5352/3740/2956 5353/3729/2945 5350/3695/2918
f 5352/3740/2956 5354/3738/2954 5355/3737/2953 5353/3729/2945
f 5354/3738/2954 5356/3735/2951 5357/3733/2949 5355/3737/2953
f 5356/3735/2951 5358/3730/2946 5359/3734/2950 5357/3733/2949
f 5346/3675/2898 5359/3734/2950 5358/3730/2946 5347/2930/2260
f 5334/3687/2910 5351/3686/2909 5350/3695/2918 5335/3661/2886
f 5316/3755/2971 5349/3676/2899 5348/2929/2259 5317/2565/1996
f 5324/554/346 5243/556/348 5242/3892/3026 5325/3514/2793
f 5242/3892/3026 5241/558/350 176/557/349 177/3893/1455
f 781/1426/1086 789/1415/1075 808/1418/1078
f 808/1418/1078 809/1507/1167 781/1426/1086
f 809/1507/1167 810/1510/1170 781/1426/1086
f 1861/3222/2532 1869/3211/2521 1884/3214/2524
f 1884/3214/2524 1885/3285/2593 1861/3222/2532
f 1885/3285/2593 1886/3293/2601 1861/3222/2532
f 5680/595/383 5664/2572/2001 199/2571/380 5360/596/384
f 202/602/388 5361/604/390 203/603/389
f 198/589/379 5361/604/390 5360/605/384 199/590/380
f 5244/6912/341 178/2330/340 5673/2329/1788 5676/6913/4589
f 150/536/328 149/539/331 5560/543/335
f 1255/2427/1877 1256/2424/1875 1257/2423/1872 1258/6919/1888
f 5530/523/319 5502/640/421 207/643/424 5252/524/320
f 5394/2060/1611 5363/633/414 208/632/413 5254/2061/1612
f 1134/635/416 5372/634/415 215/520/316
f 981/1724/1354 990/1725/1355 5389/1818/1434 1102/2056/1608
f 5367/636/417 5369/639/420 5371/6920/4592 5368/6921/4593
f 5368/6921/4593 5371/6920/4592 5370/627/408 5366/648/411
f 5391/719/475 5375/2191/1731 5377/6922/4594 5392/6923/4595
f 5392/6923/4595 5377/6922/4594 5376/2129/1673 5390/628/409
f 5387/1817/1433 5378/1816/1432 5380/6924/4596 5389/1818/1434
f 5389/1818/1434 5380/6924/4596 5379/1808/1424 5388/1807/1423
f 5385/1824/1440 5381/1823/1439 5383/6925/4597 5386/6926/4598
f 5386/6926/4598 5383/6925/4597 5382/2057/1458 5384/2058/1609
f 5372/634/415 5363/633/414 5365/6927/4599 5374/6914/4590
f 5374/6914/4590 5365/6927/4599 5364/2130/1674 5373/2138/1681
f 5390/628/409 5370/627/408 5371/6920/4592 5392/6923/4595
f 5392/6923/4595 5371/6920/4592 5369/639/420 5391/719/475
f 5384/2058/1609 5376/2129/1673 5377/6922/4594 5386/6926/4598
f 5386/6926/4598 5377/6922/4594 5375/2191/1731 5385/1824/1440
f 5394/2060/1611 5396/2059/1610 5398/6928/4600 5395/6929/4601
f 5395/6929/4601 5398/6928/4600 5397/629/410 5393/2131/1675
f 5400/1861/1460 5402/1828/1444 5404/6930/4602 5401/6931/4603
f 5401/6931/4603 5404/6930/4602 5403/1815/1431 5399/1860/1459
f 5363/633/414 5394/2060/1611 5395/6929/4601 5365/6927/4599
f 5365/6927/4599 5395/6929/4601 5393/2131/1675 5364/2130/1674
f 5396/2059/1610 5367/2125/417 5368/6932/4593 5398/6928/4600
f 5398/6928/4600 5368/6932/4593 5366/630/411 5397/629/410
f 5402/1828/1444 5379/1808/1424 5380/6924/4596 5404/6930/4602
f 5404/6930/4602 5380/6924/4596 5378/1816/1432 5403/1815/1431
f 5381/1862/1439 5400/1861/1460 5401/6931/4603 5383/6933/4597
f 5383/6933/4597 5401/6931/4603 5399/1860/1459 5382/1859/1458
f 207/643/424 1136/642/423 5373/2138/1681 5364/2130/1674
f 1101/1806/1422 1102/2056/1608 5388/1807/1423
f 170/6934/290 5558/709/468 5362/478/280
f 5420/6935/4604 5418/3765/2980 1251/3500/2779
f 5437/3722/2944 5441/6936/4605 5442/6937/4606 5438/3529/2807 5439/3540/2818 5440/3539/2817
f 5410/2550/1984 5413/2553/1987 5415/6938/4607 5412/6939/4608
f 5412/6939/4608 5415/6938/4607 5416/6940/4609 5411/6941/4610
f 5411/6941/4610 5416/6940/4609 5414/2540/1974 5409/2560/1978
f 5444/2434/1884 5421/2437/1887 5423/6942/4611 5446/6943/4612
f 5446/6943/4612 5423/6942/4611 5424/6944/4613 5445/6945/4614
f 5445/6945/4614 5424/6944/4613 5422/3560/2834 5443/2541/1975
f 5437/3722/2944 5425/3538/2816 5427/6946/4615 5441/6936/4605
f 5441/6936/4605 5427/6946/4615 5428/6947/4616 5442/6937/4606
f 5442/6937/4606 5428/6947/4616 5426/3530/2808 5438/3529/2807
f 5434/3547/2825 5429/3546/2824 5431/6948/4617 5436/6949/4618
f 5436/6949/4618 5431/6948/4617 5432/6950/4619 5435/6951/4620
f 5435/6951/4620 5432/6950/4619 5430/3717/2839 5433/3718/2940
f 5417/2548/1982 5405/2547/1981 5407/6952/4621 5419/6953/4622
f 5419/6953/4622 5407/6952/4621 5408/6954/4623 5420/6935/4604
f 5420/6935/4604 5408/6954/4623 5406/3761/2976 5418/3765/2980
f 5443/2541/1975 5414/2540/1974 5416/6940/4609 5445/6945/4614
f 5445/6945/4614 5416/6940/4609 5415/6938/4607 5446/6943/4612
f 5446/6943/4612 5415/6938/4607 5413/2553/1987 5444/2434/1884
f 5433/3718/2940 5422/3560/2834 5424/6944/4613 5435/6951/4620
f 5435/6951/4620 5424/6944/4613 5423/6942/4611 5436/6949/4618
f 5436/6949/4618 5423/6942/4611 5421/2437/1887 5434/3547/2825
f 5448/3720/2942 5451/3719/2941 5453/6955/4624 5450/6956/4625
f 5450/6956/4625 5453/6955/4624 5454/6957/4626 5449/6958/4627
f 5449/6958/4627 5454/6957/4626 5452/2543/1977 5447/3762/2977
f 5456/3571/2841 5459/3551/2829 5461/6959/4628 5458/6960/4629
f 5458/6960/4629 5461/6959/4628 5462/6961/4630 5457/6962/4631
f 5457/6962/4631 5462/6961/4630 5460/3537/2815 5455/3570/2840
f 5405/2547/1981 5448/3720/2942 5450/6956/4625 5407/6952/4621
f 5407/6952/4621 5450/6956/4625 5449/6958/4627 5408/6954/4623
f 5408/6954/4623 5449/6958/4627 5447/3762/2977 5406/3761/2976
f 5451/3719/2941 5410/3756/1984 5412/6963/4608 5453/6955/4624
f 5453/6955/4624 5412/6963/4608 5411/6964/4610 5454/6957/4626
f 5454/6957/4626 5411/6964/4610 5409/2544/1978 5452/2543/1977
f 5459/3551/2829 5426/3530/2808 5428/6947/4616 5461/6959/4628
f 5461/6959/4628 5428/6947/4616 5427/6946/4615 5462/6961/4630
f 5462/6961/4630 5427/6946/4615 5425/3538/2816 5460/3537/2815
f 5429/3572/2824 5456/3571/2841 5458/6960/4629 5431/6965/4617
f 5431/6965/4617 5458/6960/4629 5457/6962/4631 5432/6966/4619
f 5432/6966/4619 5457/6962/4631 5455/3570/2840 5430/3569/2839
f 1300/2555/1989 2205/2067/1618 5418/3765/2980 5406/3761/2976
f 5374/6914/4590 5373/2138/1681 155/1758/1375
f 5417/2548/1982 5419/6953/4622 1308/2463/1910
f 1251/3500/2779 1308/2463/1910 5419/6953/4622 5420/6935/4604
f 5484/3716/2939 5486/6967/4632 2059/3484/2771
f 5486/6967/4632 5485/3519/2798 2059/3484/2771
f 5487/2064/1615 5489/6968/4633 2092/2065/1616
f 5489/6968/4633 5488/2465/1912 2092/2065/1616
f 5467/2557/1991 5469/2556/1990 5471/6969/4634 5468/6970/4635
f 5468/6970/4635 5471/6969/4634 5470/2536/1970 5466/2620/1973
f 5487/2064/1615 5463/2554/1988 5465/6971/4636 5489/6968/4633
f 5489/6968/4633 5465/6971/4636 5464/2561/1992 5488/2465/1912
f 5484/3716/2939 5475/3518/2797 5477/6972/4637 5486/6967/4632
f 5486/6967/4632 5477/6972/4637 5476/3549/2827 5485/3519/2798
f 5482/3533/2811 5478/3532/2810 5480/6973/4638 5483/6974/4639
f 5483/6974/4639 5480/6973/4638 5479/2193/1733 5481/2196/1736
f 5473/2537/1971 5470/2536/1970 5471/6969/4634 5474/6975/4640
f 5474/6975/4640 5471/6969/4634 5469/2556/1990 5472/3558/2832
f 5481/2196/1736 5473/2537/1971 5474/6975/4640 5483/6974/4639
f 5483/6974/4639 5474/6975/4640 5472/3558/2832 5482/3533/2811
f 5491/1915/1498 5493/1914/1497 5495/6976/4641 5492/6977/4642
f 5492/6977/4642 5495/6976/4641 5494/2538/1972 5490/2562/1993
f 5497/3564/2837 5499/3550/2828 5501/6978/4643 5498/6979/4644
f 5498/6979/4644 5501/6978/4643 5500/3517/2796 5496/3576/2843
f 5463/2554/1988 5491/1915/1498 5492/6977/4642 5465/6971/4636
f 5465/6971/4636 5492/6977/4642 5490/2562/1993 5464/2561/1992
f 5493/1914/1497 5467/2559/1991 5468/6980/4635 5495/6976/4641
f 5495/6976/4641 5468/6980/4635 5466/2539/1973 5494/2538/1972
f 5499/3550/2828 5476/3549/2827 5477/6972/4637 5501/6978/4643
f 5501/6978/4643 5477/6972/4637 5475/3518/2797 5500/3517/2796
f 5478/3565/2810 5497/3564/2837 5498/6979/4644 5480/6981/4638
f 5480/6981/4638 5498/6979/4644 5496/3576/2843 5479/3575/1733
f 5464/2561/1992 1299/2466/1913 5488/2465/1912
f 5523/1780/1397 5525/6982/4645 988/1733/1363
f 5525/6982/4645 5524/2063/1614 988/1733/1363
f 5526/641/422 5528/6983/4646 1022/652/430
f 5528/6983/4646 5527/2055/1607 1022/652/430
f 5506/645/426 5508/644/425 5510/6984/4647 5507/6985/4648
f 5507/6985/4648 5510/6984/4647 5509/622/403 5505/715/406
f 5526/641/422 5502/640/421 5504/6986/4649 5528/6983/4646
f 5528/6983/4646 5504/6986/4649 5503/649/427 5527/2055/1607
f 5523/1780/1397 5514/1779/1396 5516/6987/4650 5525/6982/4645
f 5525/6982/4645 5516/6987/4650 5515/1826/1442 5524/2063/1614
f 5521/1811/1427 5517/1810/1426 5519/6988/4651 5522/6989/4652
f 5522/6989/4652 5519/6988/4651 5518/1790/1407 5520/1793/1410
f 5512/623/404 5509/622/403 5510/6984/4647 5513/6990/4653
f 5513/6990/4653 5510/6984/4647 5508/644/425 5511/1845/1448
f 5520/1793/1410 5512/623/404 5513/6990/4653 5522/6989/4652
f 5522/6989/4652 5513/6990/4653 5511/1845/1448 5521/1811/1427
f 5530/523/319 5532/522/318 5534/6991/4654 5531/6992/4655
f 5531/6992/4655 5534/6991/4654 5533/624/405 5529/650/428
f 5536/1851/1453 5538/1827/1443 5540/6993/4656 5537/6994/4657
f 5537/6994/4657 5540/6993/4656 5539/1778/1395 5535/1866/1462
f 5502/640/421 5530/523/319 5531/6992/4655 5504/6986/4649
f 5504/6986/4649 5531/6992/4655 5529/650/428 5503/649/427
f 5532/522/318 5506/647/426 5507/6995/4648 5534/6991/4654
f 5534/6991/4654 5507/6995/4648 5505/625/406 5533/624/405
f 5538/1827/1443 5515/1826/1442 5516/6987/4650 5540/6993/4656
f 5540/6993/4656 5516/6987/4650 5514/1779/1396 5539/1778/1395
f 5517/1852/1426 5536/1851/1453 5537/6994/4657 5519/6996/4651
f 5519/6996/4651 5537/6994/4657 5535/1866/1462 5518/1865/1407
f 206/617/400 1135/708/467 5527/2055/1607 5503/649/427
f 5637/3766/2981 5544/3769/1956 5546/6997/4658 5640/6998/4659
f 5581/6999/4660 5646/7000/4661 5643/7001/4662 5579/7002/1894
f 5557/2081/1629 1238/2460/1907 1250/2478/1868 5542/7003/1961
f 5640/6998/4659 5546/6997/4658 5545/2617/2021 5638/2616/2020
f 5543/2528/1964 5641/2527/1963 5639/2440/1889 5541/2443/1630
f 5544/2518/1956 5548/2517/1955 5549/3764/2979 5546/7004/4658
f 5546/7004/4658 5549/3764/2979 5547/3763/2978 5545/3885/2021
f 1252/1329/999 5627/3884/3022 5650/2470/1917
f 5549/3764/2979 5548/2517/1955 2204/2464/1911
f 5548/2517/1955 1293/2507/1947 2204/2464/1911
f 5557/2081/1629 1245/3891/3025 1238/2460/1907
f 5554/2513/1951 5555/3561/2835 5556/2484/1926 5553/2614/2018
f 5551/2080/1628 5554/2513/1951 5553/2614/2018 5550/2613/2017
f 5555/3561/2835 5552/2485/1786 5556/2484/1926
f 5543/6915/1964 5557/2081/1629 5542/7003/1961
f 5550/2613/2017 1245/3891/3025 5557/2081/1629 5551/2080/1628
f 1246/2135/1678 1245/3891/3025 5550/2613/2017
f 5558/709/468 5559/547/339 5560/543/335 149/539/331
f 5563/546/338 5564/1848/1451 5565/559/351 5562/544/336
f 5564/1848/1451 5561/560/343 5565/559/351
f 5559/547/339 5563/546/338 5562/544/336 5560/543/335
f 5559/547/339 5558/709/468 170/6934/290 178/548/340
f 2138/3658/807 2139/3657/807 4866/7005/807 4867/7006/807
f 2177/3728/807 2176/3727/807 4878/7007/807 4879/7008/807
f 4873/7009/807 4874/7010/807 2180/7011/2908
f 4874/7010/807 4875/7012/807 2181/3794/2957 2180/7011/2908
f 2149/7013/2912 4869/7014/807 4870/7015/807 2148/7016/2914
f 2177/3728/807 4879/7008/807 4880/7017/807
f 2147/7018/2916 4871/7019/807 4872/7020/807 2145/7021/2911
f 2145/7021/2911 4872/7020/807 4873/7009/807 2180/7011/2908
f 2199/2435/1885 2177/3728/807 4883/7022/807
f 4857/7023/807 2118/2436/1886 4856/7024/807
f 4886/7025/807 4887/7026/807 2118/2436/1886 2199/2435/1885
f 2138/3658/807 4867/7006/807 4868/7027/807 2150/3854/2902
f 2148/7016/2914 4870/7015/807 4871/7019/807 2147/7018/2916
f 4878/7007/807 2176/3727/807 4877/7028/807
f 2176/3727/807 2181/3794/2957 4876/7029/807
f 4877/7028/807 2176/3727/807 4876/7029/807
f 2177/3728/807 4880/7017/807 4881/7030/807
f 2139/3657/807 2119/3548/2826 4862/7031/807
f 4875/7012/807 4876/7029/807 2181/3794/2957
f 2119/3548/2826 4859/7032/807 4860/7033/807
f 2150/3854/2902 4868/7027/807 4869/7014/807 2149/7013/2912
f 4865/7034/807 4866/7005/807 2139/3657/807
f 4864/7035/807 4865/7034/807 2139/3657/807
f 2177/3728/807 4881/7030/807 4882/7036/807
f 2177/3728/807 4882/7036/807 4883/7022/807
f 4863/7037/807 4864/7035/807 2139/3657/807
f 4862/7031/807 4863/7037/807 2139/3657/807
f 2199/2435/1885 4883/7022/807 4884/7038/807
f 4861/7039/807 4862/7031/807 2119/3548/2826
f 4860/7033/807 4861/7039/807 2119/3548/2826
f 2199/2435/1885 4884/7038/807 4885/7040/807
f 2199/2435/1885 4885/7040/807 4886/7025/807
f 4858/7041/807 2118/2436/1886 4857/7023/807
f 4887/7026/807 4856/7024/807 2118/2436/1886
f 2118/2436/1886 4858/7041/807 4859/7032/807 2119/3548/2826
f 4818/7042/1546 4819/6588/1546 1070/1991/1546
f 4817/3914/1546 4818/7042/1546 1070/1991/1546
f 1130/718/474 4837/3907/1546 4838/7043/1546
f 4816/3913/1546 1050/1825/1441 4815/7044/1546
f 4815/7044/1546 1050/1825/1441 4814/7045/1546
f 1130/718/474 4838/7043/1546 4839/7046/1546
f 1130/718/474 4839/7046/1546 4840/6586/1546
f 4814/7045/1546 1050/1825/1441 4813/7047/1546
f 1049/2192/1732 4841/6587/1546 4810/6574/1546
f 4811/6575/1546 4812/7048/1546 1049/2192/1732
f 4812/7048/1546 4813/7047/1546 1050/1825/1441 1049/2192/1732
f 5580/7049/4663 5648/7050/4664 5646/7000/4661 5581/6999/4660
f 5569/7051/4665 5654/7052/4666 5651/2430/1880 5567/2433/1883
f 5578/7053/1995 5644/7054/4667 5648/7050/4664 5580/7049/4663
f 5653/2475/1920 5642/3875/3017 1247/2476/1921
f 5584/2456/1903 5585/2458/1905 5586/7055/4668
f 5587/2462/1909 5590/7056/4669 5589/3592/2858
f 5590/7056/4669 5591/7057/4670 5589/3592/2858
f 5591/7057/4670 5588/3757/2972 5589/3592/2858
f 5567/3499/1883 5570/3498/2778 5572/7058/4671 5569/7059/4665
f 5569/7059/4665 5572/7058/4671 5573/7060/4672 5568/7061/4673
f 5568/7061/4673 5573/7060/4672 5571/2445/1892 5566/2444/1891
f 5579/2447/1894 5574/2446/1893 5576/7062/4674 5581/7063/4660
f 5581/7063/4660 5576/7062/4674 5577/7064/4675 5580/7065/4663
f 5580/7065/4663 5577/7064/4675 5575/2461/1908 5578/2564/1995
f 5574/2446/1893 5588/3757/2972 5591/7057/4670 5576/7062/4674
f 5576/7062/4674 5591/7057/4670 5590/7056/4669 5577/7064/4675
f 5577/7064/4675 5590/7056/4669 5587/2462/1909 5575/2461/1908
f 5649/7066/4676 5645/2468/1915 1249/2417/1869 1247/2476/1921
f 5647/3876/3018 5649/7066/4676 1247/2476/1921
f 5652/7067/4677 5566/7068/1891 5579/7002/1894 5643/7001/4662
f 5657/2474/1919 1247/2476/1921 1248/1326/996 5655/2471/1918
f 1252/1329/999 5650/2470/1917 1248/1326/996
f 5570/3498/2778 5583/3759/2974 5586/7055/4668 5572/7058/4671
f 5572/7058/4671 5586/7055/4668 5585/2458/1905 5573/7060/4672
f 5573/7060/4672 5585/2458/1905 5582/2457/1904 5571/2445/1892
f 5566/7068/1891 5652/7067/4677 5656/7069/4678 5568/7070/4673
f 5644/7054/4667 5578/7053/1995 1269/3874/1899 5619/3873/3016
f 1299/2466/1913 1296/2530/1966 5549/3764/2979 2204/2464/1911
f 5568/7070/4673 5656/7069/4678 5654/7052/4666 5569/7051/4665
f 5582/2457/1904 5584/2456/1903 5589/3592/2858 5588/3757/2972
f 1310/3760/2975 1308/2463/1910 5589/3592/2858 2134/3590/2856
f 5685/2310/1772 5604/2309/432 173/2306/305 5659/2305/1770
f 5613/519/315 5616/7071/4679 5615/515/311
f 5616/7071/4679 5617/7072/4680 5615/515/311
f 5617/7072/4680 5614/516/312 5615/515/311
f 5593/1757/294 5596/1756/1374 5598/7073/4681 5595/7074/4682
f 5595/7074/4682 5598/7073/4681 5599/7075/4683 5594/7076/327
f 5594/7076/327 5599/7075/4683 5597/502/298 5592/501/297
f 5605/504/300 5600/503/299 5602/7077/4684 5607/7078/396
f 5607/7078/396 5602/7077/4684 5603/7079/4685 5606/7080/1774
f 5606/7080/1774 5603/7079/4685 5601/518/314 5604/654/432
f 5600/503/299 5614/516/312 5617/7072/4680 5602/7077/4684
f 5602/7077/4684 5617/7072/4680 5616/7071/4679 5603/7079/4685
f 5603/7079/4685 5616/7071/4679 5613/519/315 5601/518/314
f 5606/2312/1774 5688/2311/1773 5686/613/397 5607/612/396
f 5595/7081/4682 5694/7082/4686 5691/493/291 5593/496/294
f 5693/530/325 5592/529/297 5605/615/300 5683/614/398
f 5594/532/327 5696/531/326 5694/7082/4686 5595/7081/4682
f 156/597/385 5690/599/387 152/3883/1768
f 5596/1756/1374 5609/2127/1671 5612/7083/4687 5598/7073/4681
f 5598/7073/4681 5612/7083/4687 5611/2062/1613 5599/7075/4683
f 5599/7075/4683 5611/2062/1613 5608/513/309 5597/502/298
f 5611/2062/1613 5612/7083/4687 5610/514/310
f 1020/2126/1670 245/1872/1466 5609/2127/1671
f 217/2128/1672 215/520/316 5615/515/311 1065/1883/1477
f 5626/2431/1881 5627/3884/3022 1255/2472/1877
f 5634/6917/4591 5635/2487/1928 1298/2486/1927
f 5621/2563/1994 5618/2469/1916 5619/3873/3016 5620/3613/2873
f 5631/2467/1914 5621/2563/1994 5620/3613/2873 5630/2509/1949
f 5623/2512/1950 5624/3767/2982 5625/2415/1867 5622/2418/1870
f 5630/2509/1949 5623/2512/1950 5622/2418/1870 5631/2467/1914
f 5633/2515/1953 5635/2487/1928 5634/6917/4591 5632/2520/1957
f 5629/2615/2019 5633/2515/1953 5632/2520/1957 5628/2441/1890
f 5637/3766/2981 5640/6998/4659 5641/2527/1963 5636/2526/1962
f 5640/6998/4659 5638/2616/2020 5639/2440/1889 5641/2527/1963
f 5624/3767/2982 5637/3766/2981 5636/2526/1962 5625/2415/1867
f 5638/2616/2020 5629/2615/2019 5628/2441/1890 5639/2440/1889
f 5643/7001/4662 5646/7000/4661 5647/3876/3018 5642/3875/3017
f 5646/7000/4661 5648/7050/4664 5649/7066/4676 5647/3876/3018
f 5648/7050/4664 5644/7054/4667 5645/2468/1915 5649/7066/4676
f 5651/2430/1880 5654/7052/4666 5655/2471/1918 5650/2470/1917
f 5654/7052/4666 5656/7069/4678 5657/2474/1919 5655/2471/1918
f 5656/7069/4678 5652/7067/4677 5653/2475/1920 5657/2474/1919
f 5644/7054/4667 5619/3873/3016 5618/2469/1916 5645/2468/1915
f 5642/3875/3017 5653/2475/1920 5652/7067/4677 5643/7001/4662
f 5626/2431/1881 5651/2430/1880 5650/2470/1917 5627/3884/3022
f 1249/2417/1869 5618/2469/1916 5621/2563/1994
f 2090/3758/2973 1337/3580/2846 5583/3759/2974
f 1337/3580/2846 5584/2456/1903 5586/7055/4668 5583/3759/2974
f 245/1872/1466 5610/514/310 5612/7083/4687 5609/2127/1671
f 5668/500/296 5669/6908/1780 159/486/286
f 5678/6910/4588 5679/562/353 205/561/352
f 5661/651/429 5658/7084/4688 5659/2305/1770 5660/2308/1771
f 5675/525/321 5661/651/429 5660/2308/1771 5674/591/381
f 5663/594/382 5664/2572/2001 5665/474/276 5662/477/279
f 5667/598/386 5669/2321/1780 5668/533/296 5666/494/292
f 5681/489/288 5665/474/276 5664/2572/2001 5680/595/383
f 5671/565/356 5672/564/355 5673/2329/1788 5670/490/289
f 5674/591/381 5663/594/382 5662/477/279 5675/525/321
f 5677/606/391 5679/562/353 5678/6910/4588 5676/6913/4589
f 5672/564/355 5677/606/391 5676/6913/4589 5673/2329/1788
f 5670/490/289 5681/489/288 5680/595/383 5671/565/356
f 5683/614/398 5686/613/397 5687/526/322 5682/7085/4689
f 5686/613/397 5688/2311/1773 5689/527/323 5687/526/322
f 5688/2311/1773 5685/2310/1772 5684/7086/4690 5689/527/323
f 5691/493/291 5694/7082/4686 5695/7087/4691 5690/599/387
f 5694/7082/4686 5696/531/326 5697/7088/4692 5695/7087/4691
f 5696/531/326 5693/530/325 5692/7089/4693 5697/7088/4692
f 5685/2310/1772 5659/2305/1770 5658/7084/4688 5684/7086/4690
f 5682/7085/4689 5692/7089/4693 5693/530/325 5683/614/398
f 5666/494/292 5691/493/291 5690/599/387 5667/598/386
f 153/476/278 5658/7084/4688 5661/651/429
f 152/3883/1768 5690/599/387 5695/7087/4691
f 5689/527/323 5684/7086/4690 153/476/278 151/528/324
f 5684/7086/4690 5658/7084/4688 153/476/278
f 151/528/324 5697/7088/4692 5692/7089/4693
f 5692/7089/4693 5682/7085/4689 151/528/324
f 5682/7085/4689 5687/526/322 151/528/324
f 151/528/324 152/3883/1768 5695/7087/4691 5697/7088/4692
f 5701/1640/1290 5699/1540/1198 5698/1539/1197 5700/1547/1205
f 5700/1547/1205 5702/726/482 5703/1548/1206 5701/1640/1290
f 5702/726/482 5704/1549/1207 5703/1548/1206
f 5708/3402/2701 5706/3324/2630 5705/1610/1262 5707/1609/1261
f 5707/1609/1261 5709/1635/1285 5710/3331/2636 5708/3402/2701
f 5709/1635/1285 5711/3332/1282 5710/3331/2636
f 819/1538/1196 849/1546/1204 5700/1547/1205 5698/1539/1197
f 5734/7090/2773 5735/3862/3013 2065/6497/2774
f 5717/7091/2666 5714/7092/2688 5715/3339/2641 5716/3375/2677
f 5719/7093/2692 5720/7094/2290 5721/3370/2672 5718/3369/2671
f 5720/7094/2290 5722/7095/2293 5723/3372/2674 5721/3370/2672
f 5722/7095/2293 5724/7096/2667 5725/3374/2676 5723/3372/2674
f 5724/7096/2667 5717/7091/2666 5716/3375/2677 5725/3374/2676
f 5727/7097/2683 5713/7098/2682 5712/1637/1287 5726/3396/2695
f 5731/3399/2698 5732/3855/3012 5733/7099/2775 5730/7100/2693
f 5732/3855/3012 5735/3862/3013 5734/7090/2773 5733/7099/2775
f 5718/3369/2671 5731/3399/2698 5730/7100/2693 5719/7093/2692
f 5729/7101/2691 5727/7097/2683 5726/3396/2695 5728/3340/2642
f 5728/3340/2642 5715/3339/2641 5714/7092/2688 5729/7101/2691
f 5711/3332/1282 5709/1635/1285 5712/1637/1287 5713/7098/2682
f 1654/3639/2314 1653/3378/2313 5736/1633/1283 1628/3638/2879
f 5742/7102/1239 5739/7103/1271 5740/1560/1214 5741/1596/1250
f 5744/7104/1275 5745/7105/798 5746/1591/1245 5743/1590/1244
f 5745/7105/798 5747/7106/801 5748/1593/1247 5746/1591/1245
f 5747/7106/801 5749/7107/1240 5750/1595/1249 5748/1593/1247
f 5749/7107/1240 5742/7102/1239 5741/1596/1250 5750/1595/1249
f 5752/7108/1266 5738/7109/1265 5737/728/484 5751/1627/1277
f 5756/1630/1280 5757/6499/4377 5758/7110/1371 5755/7111/1276
f 5757/6499/4377 5760/6498/4376 5759/6500/1369 5758/7110/1371
f 5743/1590/1244 5756/1630/1280 5755/7111/1276 5744/7104/1275
f 5754/7112/1274 5752/7108/1266 5751/1627/1277 5753/1561/1215
f 5753/1561/1215 5740/1560/1214 5739/7103/1271 5754/7112/1274
f 911/7113/4694 5704/7114/1207 5738/1613/1265 910/1612/1264
f 899/1617/1269 945/1618/1270 5760/6498/4376
f 5737/728/484 5738/7109/1265 5704/1549/1207 5702/726/482
f 920/1644/1294 692/1267/932 919/1645/1295
f 997/1751/797 919/1645/1295 570/1170/796
f 692/1267/932 665/1266/931 570/1170/796 919/1645/1295
f 920/1644/1294 1000/1720/1350 692/1267/932
f 680/1300/965 692/1267/932 1000/1720/1350 927/1658/1308
f 2068/3495/2289 1992/3408/2707 1661/7115/2288
f 1992/3408/2707 1993/3407/2706 1750/3082/2401
f 1661/7115/2288 1992/3408/2707 1750/3082/2401
f 2071/3470/2759 1774/3083/2402 1750/3082/2401 1993/3407/2706
f 5778/7116/4695 5776/7117/4696 5773/7118/1546
f 5773/7118/1546 5765/7119/4697 5768/7120/4698
f 5779/7121/4699 5773/7118/1546 5770/7122/4700
f 5773/7118/1546 5767/7123/4701 5762/7124/4702
f 5761/7125/4703 5769/7126/4704 5773/7118/1546
f 5773/7118/1546 5772/7127/4705 5763/7128/4706
f 5773/7118/1546 5780/7129/4707 5782/7130/4708
f 5783/7131/4709 5785/7132/4710 5773/7118/1546
f 5773/7118/1546 5777/7133/4711 5775/7134/4712
f 5773/7118/1546 5784/7135/4713 5771/7136/4714
f 5773/7118/1546 5764/7137/4715 5766/7138/4716
f 5774/7139/4717 5781/7140/4718 5773/7118/1546
f 5774/7139/4717 5773/7118/1546 5775/7134/4712
f 5773/7118/1546 5768/7120/4698 5767/7123/4701
f 5773/7118/1546 5769/7126/4704 5770/7122/4700
f 5773/7118/1546 5776/7117/4696 5777/7133/4711
f 5765/7119/4697 5773/7118/1546 5766/7138/4716
f 5783/7131/4709 5773/7118/1546 5782/7130/4708
f 5773/7118/1546 5763/7128/4706 5764/7137/4715
f 5773/7118/1546 5781/7140/4718 5780/7129/4707
f 5773/7118/1546 5779/7121/4699 5778/7116/4695
f 5772/7127/4705 5773/7118/1546 5771/7136/4714
f 5773/7118/1546 5785/7132/4710 5784/7135/4713
f 5761/7125/4703 5773/7118/1546 5762/7124/4702
f 5803/7141/4695 5801/7142/4696 5798/7143/1546
f 5798/7143/1546 5790/7144/4697 5793/7145/4698
f 5804/7146/4699 5798/7143/1546 5795/7147/4700
f 5798/7143/1546 5792/7148/4701 5787/7149/4702
f 5786/7150/4703 5794/7151/4704 5798/7143/1546
f 5798/7143/1546 5797/7152/4705 5788/7153/4706
f 5798/7143/1546 5805/7154/4707 5807/7155/4708
f 5808/7156/4719 5810/7157/4710 5798/7143/1546
f 5798/7143/1546 5802/7158/4711 5800/7159/4712
f 5798/7143/1546 5809/7160/4713 5796/7161/4714
f 5798/7143/1546 5789/7162/4715 5791/7163/4716
f 5799/7164/4717 5806/7165/4718 5798/7143/1546
f 5799/7164/4717 5798/7143/1546 5800/7159/4712
f 5798/7143/1546 5793/7145/4698 5792/7148/4701
f 5798/7143/1546 5794/7151/4704 5795/7147/4700
f 5798/7143/1546 5801/7142/4696 5802/7158/4711
f 5790/7144/4697 5798/7143/1546 5791/7163/4716
f 5808/7156/4719 5798/7143/1546 5807/7155/4708
f 5798/7143/1546 5788/7153/4706 5789/7162/4715
f 5798/7143/1546 5806/7165/4718 5805/7154/4707
f 5798/7143/1546 5804/7146/4699 5803/7141/4695
f 5797/7152/4705 5798/7143/1546 5796/7161/4714
f 5798/7143/1546 5810/7157/4710 5809/7160/4713
f 5786/7150/4703 5798/7143/1546 5787/7149/4702
usemtl tool_rope
f 5820/7166/4720 5837/7167/4721 5848/7168/4722 5823/7169/4723
f 5824/7170/4724 5847/7171/4725 5852/7172/4726 5827/7173/4727
f 5828/7174/4728 5851/7175/4729 5856/7176/4730 5831/7177/4731
f 5841/7178/4732 5840/7179/4733 5835/7180/4734 5838/7181/4735
f 5834/7182/4736 5891/7183/4737 5880/7184/4738 5813/7185/4739
f 5818/7186/4740 5877/7187/4741 5874/7188/4742 5821/7189/4743
f 5830/7190/4744 5887/7191/4745 5892/7192/4746 5833/7193/4747
f 5851/7175/4729 5853/7194/4748 5858/7195/4749 5856/7176/4730
f 5826/7196/4750 5883/7197/4751 5888/7198/4752 5829/7199/4753
f 5843/7200/4754 5846/7201/4755 5839/7202/4756 5842/7203/4757
f 5822/7204/4758 5873/7205/4759 5884/7206/4760 5825/7207/4761
f 5837/7167/4721 5836/7208/4762 5850/7209/4763 5848/7168/4722
f 5857/7210/4764 5834/7182/4736 5813/7185/4739 5845/7211/4765
f 5860/7212/4766 5915/7213/4767 5914/7214/4768 5861/7215/4769
f 5814/7216/4770 5879/7217/4771 5878/7218/4772 5817/7219/4773
f 5847/7171/4725 5849/7220/4774 5854/7221/4775 5852/7172/4726
f 5832/7222/4776 5855/7223/4777 5844/7224/4778 5811/7225/4779
f 5855/7223/4777 5857/7210/4764 5845/7211/4765 5844/7224/4778
f 5864/7226/4780 5909/7227/4781 5920/7228/4782 5865/7229/4783
f 5866/7230/4784 5919/7231/4785 5924/7232/4786 5867/7233/4787
f 5868/7234/4788 5923/7235/4789 5928/7236/4790 5869/7237/4791
f 5877/7187/4741 5876/7238/4792 5871/7239/4793 5874/7188/4742
f 5870/7240/4794 5927/7241/4795 5916/7242/4796 5859/7243/4797
f 5887/7191/4745 5889/7244/4798 5894/7245/4799 5892/7192/4746
f 5879/7217/4771 5882/7246/4800 5875/7247/4801 5878/7218/4772
f 5873/7205/4759 5872/7248/4802 5886/7249/4803 5884/7206/4760
f 5893/7250/4804 5870/7240/4794 5859/7243/4797 5881/7251/4805
f 5896/7252/4806 5935/7253/4807 5934/7254/4808 5897/7255/4809
f 5883/7197/4751 5885/7256/4810 5890/7257/4811 5888/7198/4752
f 5891/7183/4737 5893/7250/4804 5881/7251/4805 5880/7184/4738
f 5900/7258/4812 5931/7259/4813 5938/7260/4814 5901/7261/4815
f 5902/7262/4816 5937/7263/4817 5940/7264/4818 5903/7265/4819
f 5904/7266/4820 5939/7267/4821 5942/7268/4822 5905/7269/4823
f 5913/7270/4824 5912/7271/4825 5907/7272/4826 5910/7273/4827
f 5906/7274/4828 5941/7275/4829 5936/7276/4830 5895/7277/4831
f 5923/7235/4789 5925/7278/4832 5930/7279/4833 5928/7236/4790
f 5915/7213/4767 5918/7280/4834 5911/7281/4835 5914/7214/4768
f 5909/7227/4781 5908/7282/4836 5922/7283/4837 5920/7228/4782
f 5929/7284/4838 5906/7274/4828 5895/7277/4831 5917/7285/4839
f 5919/7231/4785 5921/7286/4840 5926/7287/4841 5924/7232/4786
f 5927/7241/4795 5929/7284/4838 5917/7285/4839 5916/7242/4796
f 5935/7253/4807 5963/7288/4842 5962/7289/4843 5934/7254/4808
f 5931/7259/4813 5957/7290/4844 5968/7291/4845 5938/7260/4814
f 5937/7263/4817 5967/7292/4846 5972/7293/4847 5940/7264/4818
f 5939/7267/4821 5971/7294/4848 5976/7295/4849 5942/7268/4822
f 5936/7276/4830 5941/7275/4829 5975/7296/4850 5964/7297/4851
f 5944/7298/4852 5999/7299/4853 5998/7300/4854 5945/7301/4855
f 5948/7302/4856 5993/7303/4857 6004/7304/4858 5949/7305/4859
f 5950/7306/4860 6003/7307/4861 6008/7308/4862 5951/7309/4863
f 5952/7310/4864 6007/7311/4865 6012/7312/4866 5953/7313/4867
f 5961/7314/4868 5960/7315/4869 5955/7316/4870 5958/7317/4871
f 5954/7318/4872 6011/7319/4873 6000/7320/4874 5943/7321/4875
f 5971/7294/4848 5973/7322/4876 5978/7323/4877 5976/7295/4849
f 5963/7288/4842 5966/7324/4878 5959/7325/4879 5962/7289/4843
f 5957/7290/4844 5956/7326/4880 5970/7327/4881 5968/7291/4845
f 5977/7328/4882 5954/7318/4872 5943/7321/4875 5965/7329/4883
f 5980/7330/4884 6035/7331/4885 6034/7332/4886 5981/7333/4887
f 5967/7292/4846 5969/7334/4888 5974/7335/4889 5972/7293/4847
f 5975/7296/4850 5977/7328/4882 5965/7329/4883 5964/7297/4851
f 5984/7336/4890 6029/7337/4891 6040/7338/4892 5985/7339/4893
f 5986/7340/4894 6039/7341/4895 6044/7342/4896 5987/7343/4897
f 5988/7344/4898 6043/7345/4899 6048/7346/4900 5989/7347/4901
f 5997/7348/4902 5996/7349/4903 5991/7350/4904 5994/7351/4905
f 5990/7352/4906 6047/7353/4907 6036/7354/4908 5979/7355/4909
f 6007/7311/4865 6009/7356/4910 6014/7357/4911 6012/7312/4866
f 5999/7299/4853 6002/7358/4912 5995/7359/4913 5998/7300/4854
f 5993/7303/4857 5992/7360/4914 6006/7361/4915 6004/7304/4858
f 6013/7362/4916 5990/7352/4906 5979/7355/4909 6001/7363/4917
f 6016/7364/4918 6071/7365/4919 6070/7366/4920 6017/7367/4921
f 6003/7307/4861 6005/7368/4922 6010/7369/4923 6008/7308/4862
f 6011/7319/4873 6013/7362/4916 6001/7363/4917 6000/7320/4874
f 6020/7370/4924 6065/7371/4925 6076/7372/4926 6021/7373/4927
f 6022/7374/4928 6075/7375/4929 6080/7376/4930 6023/7377/4931
f 6024/7378/4932 6079/7379/4933 6084/7380/4934 6025/7381/4935
f 6033/7382/4936 6032/7383/4937 6027/7384/4938 6030/7385/4939
f 6026/7386/4940 6083/7387/4941 6072/7388/4942 6015/7389/4943
f 6043/7345/4899 6045/7390/4944 6050/7391/4945 6048/7346/4900
f 6035/7331/4885 6038/7392/4946 6031/7393/4947 6034/7332/4886
f 6029/7337/4891 6028/7394/4948 6042/7395/4949 6040/7338/4892
f 6049/7396/4950 6026/7386/4940 6015/7389/4943 6037/7397/4951
f 6052/7398/4952 6107/7399/4953 6106/7400/4954 6053/7401/4955
f 6039/7341/4895 6041/7402/4956 6046/7403/4957 6044/7342/4896
f 6047/7353/4907 6049/7396/4950 6037/7397/4951 6036/7354/4908
f 6056/7404/4958 6101/7405/4959 6112/7406/4960 6057/7407/4961
f 6058/7408/4962 6111/7409/4963 6116/7410/4964 6059/7411/4965
f 6060/7412/4966 6115/7413/4967 6120/7414/4968 6061/7415/4969
f 6069/7416/4970 6068/7417/4971 6063/7418/4972 6066/7419/4973
f 6062/7420/4974 6119/7421/4975 6108/7422/4976 6051/7423/4977
f 6079/7379/4933 6081/7424/4978 6086/7425/4979 6084/7380/4934
f 6071/7365/4919 6074/7426/4980 6067/7427/4981 6070/7366/4920
f 6065/7371/4925 6064/7428/4982 6078/7429/4983 6076/7372/4926
f 6085/7430/4984 6062/7420/4974 6051/7423/4977 6073/7431/4985
f 6088/7432/4986 6143/7433/4987 6142/7434/4988 6089/7435/4989
f 6075/7375/4929 6077/7436/4990 6082/7437/4991 6080/7376/4930
f 6083/7387/4941 6085/7430/4984 6073/7431/4985 6072/7388/4942
f 6092/7438/4992 6137/7439/4993 6148/7440/4994 6093/7441/4995
f 6094/7442/4996 6147/7443/4997 6152/7444/4998 6095/7445/4999
f 6096/7446/5000 6151/7447/5001 6156/7448/5002 6097/7449/5003
f 6105/7450/5004 6104/7451/5005 6099/7452/5006 6102/7453/5007
f 6098/7454/5008 6155/7455/5009 6144/7456/5010 6087/7457/5011
f 6115/7413/4967 6117/7458/5012 6122/7459/5013 6120/7414/4968
f 6107/7399/4953 6110/7460/5014 6103/7461/5015 6106/7400/4954
f 6101/7405/4959 6100/7462/5016 6114/7463/5017 6112/7406/4960
f 6121/7464/5018 6098/7454/5008 6087/7457/5011 6109/7465/5019
f 6124/7466/5020 6179/7467/5021 6178/7468/5022 6125/7469/5023
f 6111/7409/4963 6113/7470/5024 6118/7471/5025 6116/7410/4964
f 6119/7421/4975 6121/7464/5018 6109/7465/5019 6108/7422/4976
f 6128/7472/5026 6173/7473/5027 6184/7474/5028 6129/7475/5029
f 6130/7476/5030 6183/7477/5031 6188/7478/5032 6131/7479/5033
f 6132/7480/5034 6187/7481/5035 6192/7482/5036 6133/7483/5037
f 6141/7484/5038 6140/7485/5039 6135/7486/5040 6138/7487/5041
f 6134/7488/5042 6191/7489/5043 6180/7490/5044 6123/7491/5045
f 6151/7492/5001 6153/7493/5046 6158/7494/5047 6156/7495/5002
f 6143/7496/4987 6146/7497/5048 6139/7498/5049 6142/7499/4988
f 6137/7500/4993 6136/7501/5050 6150/7502/5051 6148/7503/4994
f 6157/7504/5052 6134/7488/5042 6123/7491/5045 6145/7505/5053
f 6160/7506/5054 6215/7507/5055 6214/7508/5056 6161/7509/5057
f 6147/7510/4997 6149/7511/5058 6154/7512/5059 6152/7513/4998
f 6155/7514/5009 6157/7504/5052 6145/7505/5053 6144/7515/5010
f 6164/7516/5060 6209/7517/5061 6220/7518/5062 6165/7519/5063
f 6166/7520/5064 6219/7521/5065 6224/7522/5066 6167/7523/5067
f 6168/7524/5068 6223/7525/5069 6228/7526/5070 6169/7527/5071
f 6177/7528/5072 6176/7529/5073 6171/7530/5074 6174/7531/5075
f 6170/7532/5076 6227/7533/5077 6216/7534/5078 6159/7535/5079
f 6187/7481/5035 6189/7536/5080 6194/7537/5081 6192/7482/5036
f 6179/7467/5021 6182/7538/5082 6175/7539/5083 6178/7468/5022
f 6173/7473/5027 6172/7540/5084 6186/7541/5085 6184/7474/5028
f 6193/7542/5086 6170/7532/5076 6159/7535/5079 6181/7543/5087
f 6196/7544/5088 6251/7545/5089 6250/7546/5090 6197/7547/5091
f 6183/7477/5031 6185/7548/5092 6190/7549/5093 6188/7478/5032
f 6191/7489/5043 6193/7542/5086 6181/7543/5087 6180/7490/5044
f 6200/7550/5094 6245/7551/5095 6256/7552/5096 6201/7553/5097
f 6202/7554/5098 6255/7555/5099 6260/7556/5100 6203/7557/5101
f 6204/7558/5102 6259/7559/5103 6264/7560/5104 6205/7561/5105
f 6213/7562/5106 6212/7563/5107 6207/7564/5108 6210/7565/5109
f 6206/7566/5110 6263/7567/5111 6252/7568/5112 6195/7569/5113
f 6223/7525/5069 6225/7570/5114 6230/7571/5115 6228/7526/5070
f 6215/7507/5055 6218/7572/5116 6211/7573/5117 6214/7508/5056
f 6209/7517/5061 6208/7574/5118 6222/7575/5119 6220/7518/5062
f 6229/7576/5120 6206/7566/5110 6195/7569/5113 6217/7577/5121
f 6232/7578/5122 6287/7579/5123 6286/7580/5124 6233/7581/5125
f 6219/7521/5065 6221/7582/5126 6226/7583/5127 6224/7522/5066
f 6227/7533/5077 6229/7576/5120 6217/7577/5121 6216/7534/5078
f 6236/7584/5128 6281/7585/5129 6292/7586/5130 6237/7587/5131
f 6238/7588/5132 6291/7589/5133 6296/7590/5134 6239/7591/5135
f 6240/7592/5136 6295/7593/5137 6300/7594/5138 6241/7595/5139
f 6249/7596/5140 6248/7597/5141 6243/7598/5142 6246/7599/5143
f 6242/7600/5144 6299/7601/5145 6288/7602/5146 6231/7603/5147
f 6259/7559/5103 6261/7604/5148 6266/7605/5149 6264/7560/5104
f 6251/7545/5089 6254/7606/5150 6247/7607/5151 6250/7546/5090
f 6245/7551/5095 6244/7608/5152 6258/7609/5153 6256/7552/5096
f 6265/7610/5154 6242/7600/5144 6231/7603/5147 6253/7611/5155
f 6268/7612/5156 6311/7613/5157 6310/7614/5158 6269/7615/5159
f 6255/7555/5099 6257/7616/5160 6262/7617/5161 6260/7556/5100
f 6263/7567/5111 6265/7610/5154 6253/7611/5155 6252/7568/5112
f 6272/7618/5162 6305/7619/5163 6316/7620/5164 6273/7621/5165
f 6274/7622/5166 6315/7623/5167 6320/7624/5168 6275/7625/5169
f 6276/7626/5170 6319/7627/5171 6324/7628/5172 6277/7629/5173
f 6285/7630/5174 6284/7631/5175 6279/7632/5176 6282/7633/5177
f 6278/7634/5178 6323/7635/5179 6312/7636/5180 6267/7637/5181
f 6295/7593/5137 6297/7638/5182 6302/7639/5183 6300/7594/5138
f 6287/7579/5123 6290/7640/5184 6283/7641/5185 6286/7580/5124
f 6281/7585/5129 6280/7642/5186 6294/7643/5187 6292/7586/5130
f 6301/7644/5188 6278/7634/5178 6267/7637/5181 6289/7645/5189
f 6291/7589/5133 6293/7646/5190 6298/7647/5191 6296/7590/5134
f 6299/7601/5145 6301/7644/5188 6289/7645/5189 6288/7602/5146
f 6313/7648/5192 6343/7649/5193 6344/7650/5194 6314/7651/5195
f 6309/7652/5196 6308/7653/5197 6303/7654/5198 6306/7655/5199
f 6319/7627/5171 6321/7656/5200 6326/7657/5201 6324/7628/5172
f 6311/7613/5157 6314/7651/5195 6307/7658/5202 6310/7614/5158
f 6305/7619/5163 6304/7659/5203 6318/7660/5204 6316/7620/5164
f 6308/7653/5197 6342/7661/5205 6339/7662/5206 6303/7654/5198
f 6315/7623/5167 6317/7663/5207 6322/7664/5208 6320/7624/5168
f 6323/7635/5179 6325/7665/5209 6313/7648/5192 6312/7636/5180
f 6328/7666/5210 6371/7667/5211 6370/7668/5212 6329/7669/5213
f 6332/7670/5214 6365/7671/5215 6376/7672/5216 6333/7673/5217
f 6334/7674/5218 6375/7675/5219 6380/7676/5220 6335/7677/5221
f 6336/7678/5222 6379/7679/5223 6384/7680/5224 6337/7681/5225
f 6338/7682/5226 6383/7683/5227 6372/7684/5228 6327/7685/5229
f 6349/7686/5230 6338/7682/5226 6327/7685/5229 6343/7649/5193
f 6352/7687/5231 6407/7688/5232 6406/7689/5233 6353/7690/5234
f 6356/7691/5235 6401/7692/5236 6412/7693/5237 6357/7694/5238
f 6358/7695/5239 6411/7696/5240 6416/7697/5241 6359/7698/5242
f 6360/7699/5243 6415/7700/5244 6420/7701/5245 6361/7702/5246
f 6369/7703/5247 6368/7704/5248 6363/7705/5249 6366/7706/5250
f 6362/7707/5251 6419/7708/5252 6408/7709/5253 6351/7710/5254
f 6379/7679/5223 6381/7711/5255 6386/7712/5256 6384/7680/5224
f 6371/7667/5211 6374/7713/5257 6367/7714/5258 6370/7668/5212
f 6365/7671/5215 6364/7715/5259 6378/7716/5260 6376/7672/5216
f 6385/7717/5261 6362/7707/5251 6351/7710/5254 6373/7718/5262
f 6388/7719/5263 6431/7720/5264 6430/7721/5265 6389/7722/5266
f 6375/7675/5219 6377/7723/5267 6382/7724/5268 6380/7676/5220
f 6383/7683/5227 6385/7717/5261 6373/7718/5262 6372/7684/5228
f 6392/7725/5269 6425/7726/5270 6436/7727/5271 6393/7728/5272
f 6394/7729/5273 6435/7730/5274 6440/7731/5275 6395/7732/5276
f 6396/7733/5277 6439/7734/5278 6444/7735/5279 6397/7736/5280
f 6405/7737/5281 6404/7738/5282 6399/7739/5283 6402/7740/5284
f 6398/7741/5285 6443/7742/5286 6432/7743/5287 6387/7744/5288
f 6415/7700/5244 6417/7745/5289 6422/7746/5290 6420/7701/5245
f 6407/7688/5232 6410/7747/5291 6403/7748/5292 6406/7689/5233
f 6401/7692/5236 6400/7749/5293 6414/7750/5294 6412/7693/5237
f 6421/7751/5295 6398/7741/5285 6387/7744/5288 6409/7752/5296
f 6429/7753/5297 6427/7754/5298 6424/7755/5299 6426/7756/5300
f 6411/7696/5240 6413/7757/5301 6418/7758/5302 6416/7697/5241
f 6419/7708/5252 6421/7751/5295 6409/7752/5296 6408/7709/5253
f 6439/7734/5278 6441/7759/5303 6446/7760/5304 6444/7735/5279
f 6431/7720/5264 6433/7761/5305 6428/7762/5306 6430/7721/5265
f 6425/7726/5270 6423/7763/5307 6438/7764/5308 6436/7727/5271
f 6448/7765/5309 6479/7766/5310 6478/7767/5311 6451/7768/5312
f 6435/7730/5274 6437/7769/5313 6442/7770/5314 6440/7731/5275
f 6443/7742/5286 6445/7771/5315 6434/7772/5316 6432/7743/5287
f 5840/7179/4733 5818/7186/4740 5821/7189/4743 5835/7180/4734
f 5853/7194/4748 5830/7190/4744 5833/7193/4747 5858/7195/4749
f 5849/7220/4774 5826/7196/4750 5829/7199/4753 5854/7221/4775
f 5836/7208/4762 5822/7204/4758 5825/7207/4761 5850/7209/4763
f 5816/7773/5317 5841/7178/4732 5838/7181/4735 5819/7774/5318
f 5846/7201/4755 5814/7216/4770 5817/7219/4773 5839/7202/4756
f 5876/7238/4792 5862/7775/5319 5863/7776/5320 5871/7239/4793
f 5889/7244/4798 5868/7234/4788 5869/7237/4791 5894/7245/4799
f 5885/7256/4810 5866/7230/4784 5867/7233/4787 5890/7257/4811
f 5872/7248/4802 5864/7226/4780 5865/7229/4783 5886/7249/4803
f 5862/7775/5319 5913/7270/4824 5910/7273/4827 5863/7776/5320
f 5882/7246/4800 5860/7212/4766 5861/7215/4769 5875/7247/4801
f 5912/7271/4825 5898/7777/5321 5899/7778/5322 5907/7272/4826
f 5925/7278/4832 5904/7266/4820 5905/7269/4823 5930/7279/4833
f 5921/7286/4840 5902/7262/4816 5903/7265/4819 5926/7287/4841
f 5908/7282/4836 5900/7258/4812 5901/7261/4815 5922/7283/4837
f 5898/7777/5321 5933/7779/5323 5932/7780/5324 5899/7778/5322
f 5918/7280/4834 5896/7252/4806 5897/7255/4809 5911/7281/4835
f 5933/7779/5323 5961/7314/4868 5958/7317/4871 5932/7780/5324
f 5960/7315/4869 5946/7781/4868 5947/7782/5325 5955/7316/4870
f 5973/7322/4876 5952/7310/4864 5953/7313/4867 5978/7323/4877
f 5969/7334/4888 5950/7306/4860 5951/7309/4863 5974/7335/4889
f 5956/7326/4880 5948/7302/4856 5949/7305/4859 5970/7327/4881
f 5946/7781/4868 5997/7348/4902 5994/7351/4905 5947/7782/5325
f 5966/7324/4878 5944/7298/4852 5945/7301/4855 5959/7325/4879
f 5996/7349/4903 5982/7783/5326 5983/7784/5327 5991/7350/4904
f 6009/7356/4910 5988/7344/4898 5989/7347/4901 6014/7357/4911
f 6005/7368/4922 5986/7340/4894 5987/7343/4897 6010/7369/4923
f 5992/7360/4914 5984/7336/4890 5985/7339/4893 6006/7361/4915
f 5982/7783/5326 6033/7382/4936 6030/7385/4939 5983/7784/5327
f 6002/7358/4912 5980/7330/4884 5981/7333/4887 5995/7359/4913
f 6032/7383/4937 6018/7785/5328 6019/7786/5329 6027/7384/4938
f 6045/7390/4944 6024/7378/4932 6025/7381/4935 6050/7391/4945
f 6041/7402/4956 6022/7374/4928 6023/7377/4931 6046/7403/4957
f 6028/7394/4948 6020/7370/4924 6021/7373/4927 6042/7395/4949
f 6018/7785/5328 6069/7416/4970 6066/7419/4973 6019/7786/5329
f 6038/7392/4946 6016/7364/4918 6017/7367/4921 6031/7393/4947
f 6068/7417/4971 6054/7787/5330 6055/7788/5331 6063/7418/4972
f 6081/7424/4978 6060/7412/4966 6061/7415/4969 6086/7425/4979
f 6077/7436/4990 6058/7408/4962 6059/7411/4965 6082/7437/4991
f 6064/7428/4982 6056/7404/4958 6057/7407/4961 6078/7429/4983
f 6054/7787/5330 6105/7450/5004 6102/7453/5007 6055/7788/5331
f 6074/7426/4980 6052/7398/4952 6053/7401/4955 6067/7427/4981
f 6104/7451/5005 6090/7789/5332 6091/7790/5333 6099/7452/5006
f 6117/7458/5012 6096/7446/5000 6097/7449/5003 6122/7459/5013
f 6113/7470/5024 6094/7442/4996 6095/7445/4999 6118/7471/5025
f 6100/7462/5016 6092/7438/4992 6093/7441/4995 6114/7463/5017
f 6090/7789/5332 6141/7791/5038 6138/7792/5041 6091/7790/5333
f 6110/7460/5014 6088/7432/4986 6089/7435/4989 6103/7461/5015
f 6140/7485/5039 6126/7793/5334 6127/7794/5335 6135/7486/5040
f 6153/7493/5046 6132/7480/5034 6133/7483/5037 6158/7494/5047
f 6149/7511/5058 6130/7476/5030 6131/7479/5033 6154/7512/5059
f 6136/7501/5050 6128/7472/5026 6129/7475/5029 6150/7502/5051
f 6126/7793/5334 6177/7528/5072 6174/7531/5075 6127/7794/5335
f 6146/7497/5048 6124/7466/5020 6125/7469/5023 6139/7498/5049
f 6176/7529/5073 6162/7795/5336 6163/7796/5337 6171/7530/5074
f 6189/7536/5080 6168/7524/5068 6169/7527/5071 6194/7537/5081
f 6185/7548/5092 6166/7520/5064 6167/7523/5067 6190/7549/5093
f 6172/7540/5084 6164/7516/5060 6165/7519/5063 6186/7541/5085
f 6162/7795/5336 6213/7562/5106 6210/7565/5109 6163/7796/5337
f 6182/7538/5082 6160/7506/5054 6161/7509/5057 6175/7539/5083
f 6212/7563/5107 6198/7797/5338 6199/7798/5339 6207/7564/5108
f 6225/7570/5114 6204/7558/5102 6205/7561/5105 6230/7571/5115
f 6221/7582/5126 6202/7554/5098 6203/7557/5101 6226/7583/5127
f 6208/7574/5118 6200/7550/5094 6201/7553/5097 6222/7575/5119
f 6198/7797/5338 6249/7596/5140 6246/7599/5143 6199/7798/5339
f 6218/7572/5116 6196/7544/5088 6197/7547/5091 6211/7573/5117
f 6248/7597/5141 6234/7799/5340 6235/7800/5341 6243/7598/5142
f 6261/7604/5148 6240/7592/5136 6241/7595/5139 6266/7605/5149
f 6257/7616/5160 6238/7588/5132 6239/7591/5135 6262/7617/5161
f 6244/7608/5152 6236/7584/5128 6237/7587/5131 6258/7609/5153
f 6234/7799/5340 6285/7630/5174 6282/7633/5177 6235/7800/5341
f 6254/7606/5150 6232/7578/5122 6233/7581/5125 6247/7607/5151
f 6284/7631/5175 6270/7801/5342 6271/7802/5343 6279/7632/5176
f 6297/7638/5182 6276/7626/5170 6277/7629/5173 6302/7639/5183
f 6293/7646/5190 6274/7622/5166 6275/7625/5169 6298/7647/5191
f 6280/7642/5186 6272/7618/5162 6273/7621/5165 6294/7643/5187
f 6270/7801/5342 6309/7652/5196 6306/7655/5199 6271/7802/5343
f 6290/7640/5184 6268/7612/5156 6269/7615/5159 6283/7641/5185
f 6304/7659/5203 6340/7803/5344 6346/7804/5345 6318/7660/5204
f 6940/7805/5346 6966/7806/5347 6965/7807/5348 6939/7808/5349
f 6321/7656/5200 6347/7809/5350 6350/7810/5351 6326/7657/5201
f 6317/7663/5207 6345/7811/5352 6348/7812/5353 6322/7664/5208
f 6325/7665/5209 6349/7686/5230 6343/7649/5193 6313/7648/5192
f 6342/7661/5205 6330/7813/5354 6331/7814/5355 6339/7662/5206
f 6347/7809/5350 6336/7678/5222 6337/7681/5225 6350/7810/5351
f 6345/7811/5352 6334/7674/5218 6335/7677/5221 6348/7812/5353
f 6340/7803/5344 6332/7670/5214 6333/7673/5217 6346/7804/5345
f 6330/7813/5354 6369/7703/5247 6366/7706/5250 6331/7814/5355
f 6344/7650/5194 6328/7666/5210 6329/7669/5213 6341/7815/5356
f 6368/7704/5248 6354/7816/5357 6355/7817/5358 6363/7705/5249
f 6381/7711/5255 6360/7699/5243 6361/7702/5246 6386/7712/5256
f 6377/7723/5267 6358/7695/5239 6359/7698/5242 6382/7724/5268
f 6364/7715/5259 6356/7691/5235 6357/7694/5238 6378/7716/5260
f 6354/7816/5357 6405/7737/5281 6402/7740/5284 6355/7817/5358
f 6374/7713/5257 6352/7687/5231 6353/7690/5234 6367/7714/5258
f 6404/7738/5282 6390/7818/5359 6391/7819/5360 6399/7739/5283
f 6417/7745/5289 6396/7733/5277 6397/7736/5280 6422/7746/5290
f 6413/7757/5301 6394/7729/5273 6395/7732/5276 6418/7758/5302
f 6400/7749/5293 6392/7725/5269 6393/7728/5272 6414/7750/5294
f 6390/7818/5359 6429/7753/5297 6426/7756/5300 6391/7819/5360
f 6410/7747/5291 6388/7719/5263 6389/7722/5266 6403/7748/5292
f 6456/7820/5361 6473/7821/5362 6484/7822/5363 6459/7823/5364
f 6460/7824/5365 6483/7825/5366 6488/7826/5367 6463/7827/5368
f 6464/7828/5369 6487/7829/5370 6492/7830/5371 6467/7831/5372
f 6477/7832/5373 6476/7833/5374 6471/7834/5375 6474/7835/5376
f 6470/7836/5377 6527/7837/5378 6516/7838/5379 6449/7839/5380
f 6454/7840/5381 6513/7841/5382 6510/7842/5383 6457/7843/5384
f 6466/7844/5385 6523/7845/5386 6528/7846/5387 6469/7847/5388
f 6487/7829/5370 6489/7848/5389 6494/7849/5390 6492/7830/5371
f 6462/7850/5391 6519/7851/5392 6524/7852/5393 6465/7853/5394
f 6479/7766/5310 6482/7854/5395 6475/7855/5396 6478/7767/5311
f 6458/7856/5397 6509/7857/5398 6520/7858/5399 6461/7859/5400
f 6473/7821/5362 6472/7860/5401 6486/7861/5402 6484/7822/5363
f 6493/7862/5403 6470/7836/5377 6449/7839/5380 6481/7863/5404
f 6496/7864/5405 6551/7865/5406 6550/7866/5407 6497/7867/5408
f 6450/7868/5409 6515/7869/5410 6514/7870/5411 6453/7871/5412
f 6483/7825/5366 6485/7872/5413 6490/7873/5414 6488/7826/5367
f 6468/7874/5415 6491/7875/5416 6480/7876/5417 6447/7877/5418
f 6491/7875/5416 6493/7862/5403 6481/7863/5404 6480/7876/5417
f 6500/7878/5419 6545/7879/5420 6556/7880/5421 6501/7881/5422
f 6502/7882/5423 6555/7883/5424 6560/7884/5425 6503/7885/5426
f 6504/7886/5427 6559/7887/5428 6564/7888/5429 6505/7889/5430
f 6513/7841/5382 6512/7890/5431 6507/7891/5432 6510/7842/5383
f 6506/7892/5433 6563/7893/5434 6552/7894/5435 6495/7895/5436
f 6523/7845/5386 6525/7896/5437 6530/7897/5438 6528/7846/5387
f 6515/7869/5410 6518/7898/5439 6511/7899/5440 6514/7870/5411
f 6509/7857/5398 6508/7900/5441 6522/7901/5442 6520/7858/5399
f 6529/7902/5443 6506/7892/5433 6495/7895/5436 6517/7903/5444
f 6519/7851/5392 6521/7904/5445 6526/7905/5446 6524/7852/5393
f 6527/7837/5378 6529/7902/5443 6517/7903/5444 6516/7838/5379
f 6549/7906/5447 6548/7907/5448 6543/7908/5449 6546/7909/5450
f 6559/7887/5428 6561/7910/5451 6566/7911/5452 6564/7888/5429
f 6551/7865/5406 6554/7912/5453 6547/7913/5454 6550/7866/5407
f 6545/7879/5420 6544/7914/5455 6558/7915/5456 6556/7880/5421
f 6565/7916/5457 6542/7917/5458 6531/7918/5459 6553/7919/5460
f 6555/7883/5424 6557/7920/5461 6562/7921/5462 6560/7884/5425
f 6563/7893/5434 6565/7916/5457 6553/7919/5460 6552/7894/5435
f 6568/7922/5463 6599/7923/5464 6598/7924/5465 6569/7925/5466
f 6572/7926/5467 6593/7927/5468 6604/7928/5469 6573/7929/5470
f 6574/7930/5471 6603/7931/5472 6608/7932/5473 6575/7933/5474
f 6576/7934/5475 6607/7935/5476 6612/7936/5477 6577/7937/5478
f 6578/7938/5479 6611/7939/5480 6600/7940/5481 6567/7941/5482
f 6532/7942/5483 6568/7922/5463 6569/7925/5466 6533/7943/5484
f 6534/7944/5485 6570/7945/5486 6571/7946/5487 6535/7947/5488
f 6580/7948/5489 6635/7949/5490 6634/7950/5491 6581/7951/5492
f 6584/7952/5493 6629/7953/5494 6640/7954/5495 6585/7955/5496
f 6586/7956/5497 6639/7957/5498 6644/7958/5499 6587/7959/5500
f 6588/7960/5501 6643/7961/5502 6648/7962/5503 6589/7963/5504
f 6597/7964/5505 6596/7965/5506 6591/7966/5507 6594/7967/5508
f 6590/7968/5509 6647/7969/5510 6636/7970/5511 6579/7971/5512
f 6607/7935/5476 6609/7972/5513 6614/7973/5514 6612/7936/5477
f 6599/7923/5464 6602/7974/5515 6595/7975/5516 6598/7924/5465
f 6593/7927/5468 6592/7976/5517 6606/7977/5518 6604/7928/5469
f 6613/7978/5519 6590/7968/5509 6579/7971/5512 6601/7979/5520
f 6616/7980/5521 6671/7981/5522 6670/7982/5523 6617/7983/5524
f 6603/7931/5472 6605/7984/5525 6610/7985/5526 6608/7932/5473
f 6611/7939/5480 6613/7978/5519 6601/7979/5520 6600/7940/5481
f 6620/7986/5527 6665/7987/5528 6676/7988/5529 6621/7989/5530
f 6622/7990/5531 6675/7991/5532 6680/7992/5533 6623/7993/5534
f 6624/7994/5535 6679/7995/5536 6684/7996/5537 6625/7997/5538
f 6633/7998/5539 6632/7999/5540 6627/8000/5541 6630/8001/5542
f 6626/8002/5543 6683/8003/5544 6672/8004/5545 6615/8005/5546
f 6643/7961/5502 6645/8006/5547 6650/8007/5548 6648/7962/5503
f 6635/7949/5490 6638/8008/5549 6631/8009/5550 6634/7950/5491
f 6629/7953/5494 6628/8010/5551 6642/8011/5552 6640/7954/5495
f 6649/8012/5553 6626/8002/5543 6615/8005/5546 6637/8013/5554
f 6652/8014/5555 6707/8015/5556 6706/8016/5557 6653/8017/5558
f 6639/7957/5498 6641/8018/5559 6646/8019/5560 6644/7958/5499
f 6647/7969/5510 6649/8012/5553 6637/8013/5554 6636/7970/5511
f 6656/8020/5561 6701/8021/5562 6712/8022/5563 6657/8023/5564
f 6658/8024/5565 6711/8025/5566 6716/8026/5567 6659/8027/5568
f 6660/8028/5569 6715/8029/5570 6720/8030/5571 6661/8031/5572
f 6669/8032/5573 6668/8033/5574 6663/8034/5575 6666/8035/5576
f 6662/8036/5577 6719/8037/5578 6708/8038/5579 6651/8039/5580
f 6679/7995/5536 6681/8040/5581 6686/8041/5582 6684/7996/5537
f 6671/7981/5522 6674/8042/5583 6667/8043/5584 6670/7982/5523
f 6665/7987/5528 6664/8044/5585 6678/8045/5586 6676/7988/5529
f 6685/8046/5587 6662/8036/5577 6651/8039/5580 6673/8047/5588
f 6688/8048/5589 6743/8049/5590 6742/8050/5591 6689/8051/5592
f 6675/7991/5532 6677/8052/5593 6682/8053/5594 6680/7992/5533
f 6683/8003/5544 6685/8046/5587 6673/8047/5588 6672/8004/5545
f 6692/8054/5595 6737/8055/5596 6748/8056/5597 6693/8057/5598
f 6694/8058/5599 6747/8059/5600 6752/8060/5601 6695/8061/5602
f 6696/8062/5603 6751/8063/5604 6756/8064/5605 6697/8065/5606
f 6705/8066/5607 6704/8067/5608 6699/8068/5609 6702/8069/5610
f 6698/8070/5611 6755/8071/5612 6744/8072/5613 6687/8073/5614
f 6715/8029/5570 6717/8074/5615 6722/8075/5616 6720/8030/5571
f 6707/8015/5556 6710/8076/5617 6703/8077/5618 6706/8016/5557
f 6701/8021/5562 6700/8078/5619 6714/8079/5620 6712/8022/5563
f 6721/8080/5621 6698/8070/5611 6687/8073/5614 6709/8081/5622
f 6724/8082/5623 6779/8083/5624 6778/8084/5625 6725/8085/5626
f 6711/8025/5566 6713/8086/5627 6718/8087/5628 6716/8026/5567
f 6719/8037/5578 6721/8080/5621 6709/8081/5622 6708/8038/5579
f 6728/8088/5629 6773/8089/5630 6784/8090/5631 6729/8091/5632
f 6730/8092/5633 6783/8093/5634 6788/8094/5635 6731/8095/5636
f 6732/8096/5637 6787/8097/5638 6792/8098/5639 6733/8099/5640
f 6741/8100/5641 6740/8101/5642 6735/8102/5643 6738/8103/5644
f 6734/8104/5645 6791/8105/5646 6780/8106/5647 6723/8107/5648
f 6751/8063/5604 6753/8108/5649 6758/8109/5650 6756/8064/5605
f 6743/8049/5590 6746/8110/5651 6739/8111/5652 6742/8050/5591
f 6737/8055/5596 6736/8112/5653 6750/8113/5654 6748/8056/5597
f 6757/8114/5655 6734/8115/5645 6723/8116/5648 6745/8117/5656
f 6760/8118/5657 6815/8119/5658 6814/8120/5659 6761/8121/5660
f 6747/8059/5600 6749/8122/5661 6754/8123/5662 6752/8060/5601
f 6755/8071/5612 6757/8114/5655 6745/8117/5656 6744/8072/5613
f 6764/8124/5663 6809/8125/5664 6820/8126/5665 6765/8127/5666
f 6766/8128/5667 6819/8129/5668 6824/8130/5669 6767/8131/5670
f 6768/8132/5671 6823/8133/5672 6828/8134/5673 6769/8135/5674
f 6777/8136/5675 6776/8137/5676 6771/8138/5677 6774/8139/5678
f 6770/8140/5679 6827/8141/5680 6816/8142/5681 6759/8143/5682
f 6787/8097/5638 6789/8144/5683 6794/8145/5684 6792/8098/5639
f 6779/8083/5624 6782/8146/5685 6775/8147/5686 6778/8084/5625
f 6773/8089/5630 6772/8148/5687 6786/8149/5688 6784/8090/5631
f 6793/8150/5689 6770/8140/5679 6759/8143/5682 6781/8151/5690
f 6796/8152/5691 6851/8153/5692 6850/8154/5693 6797/8155/5694
f 6783/8093/5634 6785/8156/5695 6790/8157/5696 6788/8094/5635
f 6791/8105/5646 6793/8150/5689 6781/8151/5690 6780/8106/5647
f 6800/8158/5697 6845/8159/5698 6856/8160/5699 6801/8161/5700
f 6802/8162/5701 6855/8163/5702 6860/8164/5703 6803/8165/5704
f 6804/8166/5705 6859/8167/5706 6864/8168/5707 6805/8169/5708
f 6813/8170/5709 6812/8171/5710 6807/8172/5711 6810/8173/5712
f 6806/8174/5713 6863/8175/5714 6852/8176/5715 6795/8177/5716
f 6823/8133/5672 6825/8178/5717 6830/8179/5718 6828/8134/5673
f 6815/8119/5658 6818/8180/5719 6811/8181/5720 6814/8120/5659
f 6809/8125/5664 6808/8182/5721 6822/8183/5722 6820/8126/5665
f 6829/8184/5723 6806/8174/5713 6795/8177/5716 6817/8185/5724
f 6832/8186/5725 6887/8187/5726 6886/8188/5727 6833/8189/5728
f 6819/8129/5668 6821/8190/5729 6826/8191/5730 6824/8130/5669
f 6827/8141/5680 6829/8184/5723 6817/8185/5724 6816/8142/5681
f 6836/8192/5731 6881/8193/5732 6892/8194/5733 6837/8195/5734
f 6838/8196/5735 6891/8197/5736 6896/8198/5737 6839/8199/5738
f 6840/8200/5739 6895/8201/5740 6900/8202/5741 6841/8203/5742
f 6849/8204/5743 6848/8205/5744 6843/8206/5745 6846/8207/5746
f 6842/8208/5747 6899/8209/5748 6888/8210/5749 6831/8211/5750
f 6859/8167/5706 6861/8212/5751 6866/8213/5752 6864/8168/5707
f 6851/8153/5692 6854/8214/5753 6847/8215/5754 6850/8154/5693
f 6845/8159/5698 6844/8216/5755 6858/8217/5756 6856/8160/5699
f 6865/8218/5757 6842/8208/5747 6831/8211/5750 6853/8219/5758
f 6868/8220/5759 6923/8221/5760 6922/8222/5761 6869/8223/5762
f 6855/8163/5702 6857/8224/5763 6862/8225/5764 6860/8164/5703
f 6863/8175/5714 6865/8218/5757 6853/8219/5758 6852/8176/5715
f 6872/8226/5765 6917/8227/5766 6928/8228/5767 6873/8229/5768
f 6874/8230/5769 6927/8231/5770 6932/8232/5771 6875/8233/5772
f 6876/8234/5773 6931/8235/5774 6936/8236/5775 6877/8237/5776
f 6885/8238/5777 6884/8239/5778 6879/8240/5779 6882/8241/5780
f 6878/8242/5781 6935/8243/5782 6924/8244/5783 6867/8245/5784
f 6895/8201/5740 6897/8246/5785 6902/8247/5786 6900/8202/5741
f 6887/8187/5726 6890/8248/5787 6883/8249/5788 6886/8188/5727
f 6881/8193/5732 6880/8250/5789 6894/8251/5790 6892/8194/5733
f 6901/8252/5791 6878/8242/5781 6867/8245/5784 6889/8253/5792
f 6904/8254/5793 6943/8255/5794 6942/8256/5795 6905/8257/5796
f 6891/8197/5736 6893/8258/5797 6898/8259/5798 6896/8198/5737
f 6899/8209/5748 6901/8252/5791 6889/8253/5792 6888/8210/5749
f 6908/8260/5799 6939/8261/5349 6946/8262/5800 6909/8263/5801
f 6910/8264/5802 6945/8265/5803 6948/8266/5804 6911/8267/5805
f 6912/8268/5806 6947/8269/5807 6950/8270/5808 6913/8271/5809
f 6921/8272/5810 6920/8273/5811 6915/8274/5812 6918/8275/5813
f 6914/8276/5814 6949/8277/5815 6944/8278/5816 6903/8279/5817
f 6931/8235/5774 6933/8280/5818 6938/8281/5819 6936/8236/5775
f 6923/8221/5760 6926/8282/5820 6919/8283/5821 6922/8222/5761
f 6917/8227/5766 6916/8284/5822 6930/8285/5823 6928/8228/5767
f 6937/8286/5824 6914/8276/5814 6903/8279/5817 6925/8287/5825
f 6927/8231/5770 6929/8288/5826 6934/8289/5827 6932/8232/5771
f 6935/8243/5782 6937/8286/5824 6925/8287/5825 6924/8244/5783
f 6939/8261/5349 6965/8290/5348 6976/8291/5828 6946/8262/5800
f 6949/8277/5815 6983/8292/5829 6972/8293/5830 6944/8278/5816
f 6975/8294/5831 6980/8295/5832 6948/8266/5804 6945/8265/5803
f 6979/8296/5833 6984/8297/5834 6950/8270/5808 6947/8269/5807
f 6941/8298/5835 6969/8299/5836 6966/7806/5347 6940/7805/5346
f 6952/8300/5837 7007/8301/5838 7006/8302/5839 6953/8303/5840
f 6956/8304/5841 7001/8305/5842 7012/8306/5843 6957/8307/5844
f 6958/8308/5845 7011/8309/5846 7016/8310/5847 6959/8311/5848
f 6960/8312/5849 7015/8313/5850 7020/8314/5851 6961/8315/5852
f 6969/8299/5836 6968/8316/5853 6963/8317/5854 6966/7806/5347
f 6962/8318/5855 7019/8319/5856 7008/8320/5857 6951/8321/5858
f 6979/8296/5833 6981/8322/5859 6986/8323/5860 6984/8297/5834
f 6971/8324/5861 6974/8325/5862 6967/8326/5863 6970/8327/5864
f 6965/8290/5348 6964/8328/5865 6978/8329/5866 6976/8291/5828
f 6985/8330/5867 6962/8318/5855 6951/8321/5858 6973/8331/5868
f 6988/8332/5869 7043/8333/5870 7042/8334/5871 6989/8335/5872
f 6975/8294/5831 6977/8336/5873 6982/8337/5874 6980/8295/5832
f 6983/8292/5829 6985/8330/5867 6973/8331/5868 6972/8293/5830
f 6992/8338/5875 7037/8339/5876 7048/8340/5877 6993/8341/5878
f 6994/8342/5879 7047/8343/5880 7052/8344/5881 6995/8345/5882
f 6996/8346/5883 7051/8347/5884 7056/8348/5885 6997/8349/5886
f 7005/8350/5887 7004/8351/5888 6999/8352/5889 7002/8353/5890
f 6998/8354/5891 7055/8355/5892 7044/8356/5893 6987/8357/5894
f 7015/8313/5850 7017/8358/5895 7022/8359/5896 7020/8314/5851
f 7007/8301/5838 7010/8360/5897 7003/8361/5898 7006/8302/5839
f 7001/8305/5842 7000/8362/5899 7014/8363/5900 7012/8306/5843
f 7021/8364/5901 6998/8354/5891 6987/8357/5894 7009/8365/5902
f 7046/8366/5903 7023/8367/5904 7026/8368/5905 7039/8369/5906
f 7011/8309/5846 7013/8370/5907 7018/8371/5908 7016/8310/5847
f 7019/8319/5856 7021/8364/5901 7009/8365/5902 7008/8320/5857
f 7036/8372/5909 7027/8373/5910 7030/8374/5911 7050/8375/5912
f 7049/8376/5913 7029/8377/5914 7032/8378/5915 7054/8379/5916
f 7053/8380/5917 7031/8381/5918 7034/8382/5919 7058/8383/5920
f 7041/8384/5921 7040/8385/5922 7035/8386/5923 7038/8387/5924
f 7040/8385/5922 7025/8388/5925 7028/8389/5926 7035/8386/5923
f 7051/8347/5884 7053/8380/5917 7058/8383/5920 7056/8348/5885
f 7043/8333/5870 7046/8366/5903 7039/8369/5906 7042/8334/5871
f 7037/8339/5876 7036/8372/5909 7050/8375/5912 7048/8340/5877
f 7057/8390/5927 7033/8391/5928 7024/8392/5929 7045/8393/5930
f 7047/8343/5880 7049/8376/5913 7054/8379/5916 7052/8344/5881
f 7055/8355/5892 7057/8390/5927 7045/8393/5930 7044/8356/5893
f 6476/7833/5374 6454/7840/5381 6457/7843/5384 6471/7834/5375
f 6489/7848/5389 6466/7844/5385 6469/7847/5388 6494/7849/5390
f 6485/7872/5413 6462/7850/5391 6465/7853/5394 6490/7873/5414
f 6472/7860/5401 6458/7856/5397 6461/7859/5400 6486/7861/5402
f 6452/8394/5931 6477/7832/5373 6474/7835/5376 6455/8395/5932
f 6482/7854/5395 6450/7868/5409 6453/7871/5412 6475/7855/5396
f 6512/7890/5431 6498/8396/5933 6499/8397/5934 6507/7891/5432
f 6525/7896/5437 6504/7886/5427 6505/7889/5430 6530/7897/5438
f 6521/7904/5445 6502/7882/5423 6503/7885/5426 6526/7905/5446
f 6508/7900/5441 6500/7878/5419 6501/7881/5422 6522/7901/5442
f 6498/8396/5933 6549/7906/5447 6546/7909/5450 6499/8397/5934
f 6518/7898/5439 6496/7864/5405 6497/7867/5408 6511/7899/5440
f 6548/7907/5448 6534/7944/5485 6535/7947/5488 6543/7908/5449
f 6561/7910/5451 6540/8398/5935 6541/8399/5936 6566/7911/5452
f 6557/7920/5461 6538/8400/5937 6539/8401/5938 6562/7921/5462
f 6544/7914/5455 6536/8402/5939 6537/8403/5940 6558/7915/5456
f 6554/7912/5453 6532/7942/5483 6533/7943/5484 6547/7913/5454
f 6536/8402/5939 6572/7926/5467 6573/7929/5470 6537/8403/5940
f 6577/7937/5478 6541/8399/5936 6540/8398/5935 6576/7934/5475
f 6575/7933/5474 6539/8401/5938 6538/8400/5937 6574/7930/5471
f 6570/7945/5486 6597/7964/5505 6594/7967/5508 6571/7946/5487
f 6531/7918/5459 6542/7917/5458 6578/7938/5479 6567/7941/5482
f 6596/7965/5506 6582/8404/5941 6583/8405/5942 6591/7966/5507
f 6609/7972/5513 6588/7960/5501 6589/7963/5504 6614/7973/5514
f 6605/7984/5525 6586/7956/5497 6587/7959/5500 6610/7985/5526
f 6592/7976/5517 6584/7952/5493 6585/7955/5496 6606/7977/5518
f 6582/8404/5941 6633/7998/5539 6630/8001/5542 6583/8405/5942
f 6602/7974/5515 6580/7948/5489 6581/7951/5492 6595/7975/5516
f 6632/7999/5540 6618/8406/5943 6619/8407/5944 6627/8000/5541
f 6645/8006/5547 6624/7994/5535 6625/7997/5538 6650/8007/5548
f 6641/8018/5559 6622/7990/5531 6623/7993/5534 6646/8019/5560
f 6628/8010/5551 6620/7986/5527 6621/7989/5530 6642/8011/5552
f 6618/8406/5943 6669/8032/5573 6666/8035/5576 6619/8407/5944
f 6638/8008/5549 6616/7980/5521 6617/7983/5524 6631/8009/5550
f 6668/8033/5574 6654/8408/5945 6655/8409/5946 6663/8034/5575
f 6681/8040/5581 6660/8028/5569 6661/8031/5572 6686/8041/5582
f 6677/8052/5593 6658/8024/5565 6659/8027/5568 6682/8053/5594
f 6664/8044/5585 6656/8020/5561 6657/8023/5564 6678/8045/5586
f 6654/8408/5945 6705/8066/5607 6702/8069/5610 6655/8409/5946
f 6674/8042/5583 6652/8014/5555 6653/8017/5558 6667/8043/5584
f 6704/8067/5608 6690/8410/5947 6691/8411/5948 6699/8068/5609
f 6717/8074/5615 6696/8062/5603 6697/8065/5606 6722/8075/5616
f 6713/8086/5627 6694/8058/5599 6695/8061/5602 6718/8087/5628
f 6700/8078/5619 6692/8054/5595 6693/8057/5598 6714/8079/5620
f 6690/8410/5947 6741/8100/5641 6738/8103/5644 6691/8411/5948
f 6710/8076/5617 6688/8048/5589 6689/8051/5592 6703/8077/5618
f 6740/8101/5642 6726/8412/5949 6727/8413/5950 6735/8102/5643
f 6753/8108/5649 6732/8414/5637 6733/8415/5640 6758/8109/5650
f 6749/8122/5661 6730/8416/5633 6731/8417/5636 6754/8123/5662
f 6736/8112/5653 6728/8418/5629 6729/8419/5632 6750/8113/5654
f 6726/8420/5949 6777/8136/5675 6774/8139/5678 6727/8421/5950
f 6746/8110/5651 6724/8422/5623 6725/8423/5626 6739/8111/5652
f 6776/8137/5676 6762/8424/5951 6763/8425/5952 6771/8138/5677
f 6789/8144/5683 6768/8132/5671 6769/8135/5674 6794/8145/5684
f 6785/8156/5695 6766/8128/5667 6767/8131/5670 6790/8157/5696
f 6772/8148/5687 6764/8124/5663 6765/8127/5666 6786/8149/5688
f 6762/8424/5951 6813/8170/5709 6810/8173/5712 6763/8425/5952
f 6782/8146/5685 6760/8118/5657 6761/8121/5660 6775/8147/5686
f 6812/8171/5710 6798/8426/5953 6799/8427/5954 6807/8172/5711
f 6825/8178/5717 6804/8166/5705 6805/8169/5708 6830/8179/5718
f 6821/8190/5729 6802/8162/5701 6803/8165/5704 6826/8191/5730
f 6808/8182/5721 6800/8158/5697 6801/8161/5700 6822/8183/5722
f 6798/8426/5953 6849/8204/5743 6846/8207/5746 6799/8427/5954
f 6818/8180/5719 6796/8152/5691 6797/8155/5694 6811/8181/5720
f 6848/8205/5744 6834/8428/5955 6835/8429/5956 6843/8206/5745
f 6861/8212/5751 6840/8200/5739 6841/8203/5742 6866/8213/5752
f 6857/8224/5763 6838/8196/5735 6839/8199/5738 6862/8225/5764
f 6844/8216/5755 6836/8192/5731 6837/8195/5734 6858/8217/5756
f 6834/8428/5955 6885/8238/5777 6882/8241/5780 6835/8429/5956
f 6854/8214/5753 6832/8186/5725 6833/8189/5728 6847/8215/5754
f 6884/8239/5778 6870/8430/5957 6871/8431/5958 6879/8240/5779
f 6897/8246/5785 6876/8234/5773 6877/8237/5776 6902/8247/5786
f 6893/8258/5797 6874/8230/5769 6875/8233/5772 6898/8259/5798
f 6880/8250/5789 6872/8226/5765 6873/8229/5768 6894/8251/5790
f 6870/8430/5957 6921/8272/5810 6918/8275/5813 6871/8431/5958
f 6890/8248/5787 6868/8220/5759 6869/8223/5762 6883/8249/5788
f 6920/8273/5811 6906/8432/5959 6907/8433/5960 6915/8274/5812
f 6933/8280/5818 6912/8268/5806 6913/8271/5809 6938/8281/5819
f 6929/8288/5826 6910/8264/5802 6911/8267/5805 6934/8289/5827
f 6916/8284/5822 6908/8260/5799 6909/8263/5801 6930/8285/5823
f 6906/8432/5959 6941/8298/5835 6940/7805/5346 6907/8433/5960
f 6926/8282/5820 6904/8254/5793 6905/8257/5796 6919/8283/5821
f 6968/8316/5853 6954/8434/5961 6955/8435/5962 6963/8317/5854
f 6981/8322/5859 6960/8312/5849 6961/8315/5852 6986/8323/5860
f 6977/8336/5873 6958/8308/5845 6959/8311/5848 6982/8337/5874
f 6964/8328/5865 6956/8304/5841 6957/8307/5844 6978/8329/5866
f 6954/8434/5961 7005/8350/5887 7002/8353/5890 6955/8435/5962
f 6974/8325/5862 6952/8300/5837 6953/8303/5840 6967/8326/5863
f 7004/8351/5888 6990/8436/5963 6991/8437/5964 6999/8352/5889
f 7017/8358/5895 6996/8346/5883 6997/8349/5886 7022/8359/5896
f 7013/8370/5907 6994/8342/5879 6995/8345/5882 7018/8371/5908
f 7000/8362/5899 6992/8338/5875 6993/8341/5878 7014/8363/5900
f 6990/8436/5963 7041/8384/5921 7038/8387/5924 6991/8437/5964
f 7010/8360/5897 6988/8332/5869 6989/8335/5872 7003/8361/5898
f 5836/8438/4762 5837/8439/4721 5838/7181/4735 5835/7180/4734
f 5837/8439/4721 5820/8440/4720 5819/7774/5318 5838/7181/4735
f 5840/7179/4733 5841/7178/4732 5842/7203/4757 5839/7202/4756
f 5841/7178/4732 5816/7773/5317 5815/8441/5965 5842/7203/4757
f 5844/7224/4778 5845/7211/4765 5846/7201/4755 5843/7200/4754
f 5845/7211/4765 5813/7185/4739 5814/7216/4770 5846/7201/4755
f 5843/7200/4754 5812/8442/5966 5811/7225/4779 5844/7224/4778
f 5839/7202/4756 5817/7219/4773 5818/7186/4740 5840/7179/4733
f 5835/7180/4734 5821/7189/4743 5822/8443/4758 5836/8438/4762
f 5850/7209/4763 5825/7207/4761 5826/7196/4750 5849/7220/4774
f 5854/7221/4775 5829/7199/4753 5830/7190/4744 5853/7194/4748
f 5858/7195/4749 5833/7193/4747 5834/7182/4736 5857/7210/4764
f 5857/7210/4764 5855/7223/4777 5856/7176/4730 5858/7195/4749
f 5855/7223/4777 5832/7222/4776 5831/7177/4731 5856/7176/4730
f 5853/7194/4748 5851/7175/4729 5852/7172/4726 5854/7221/4775
f 5851/7175/4729 5828/7174/4728 5827/7173/4727 5852/7172/4726
f 5849/7220/4774 5847/7171/4725 5848/7168/4722 5850/7209/4763
f 5847/7171/4725 5824/7170/4724 5823/7169/4723 5848/7168/4722
f 5872/8444/4802 5873/8445/4759 5874/7188/4742 5871/7239/4793
f 5876/7238/4792 5877/7187/4741 5878/7218/4772 5875/7247/4801
f 5880/7184/4738 5881/7251/4805 5882/7246/4800 5879/7217/4771
f 5881/7251/4805 5859/7243/4797 5860/7212/4766 5882/7246/4800
f 5875/7247/4801 5861/7215/4769 5862/7775/5319 5876/7238/4792
f 5871/7239/4793 5863/7776/5320 5864/8446/4780 5872/8444/4802
f 5886/7249/4803 5865/7229/4783 5866/7230/4784 5885/7256/4810
f 5890/7257/4811 5867/7233/4787 5868/7234/4788 5889/7244/4798
f 5894/7245/4799 5869/7237/4791 5870/7240/4794 5893/7250/4804
f 5893/7250/4804 5891/7183/4737 5892/7192/4746 5894/7245/4799
f 5889/7244/4798 5887/7191/4745 5888/7198/4752 5890/7257/4811
f 5885/7256/4810 5883/7197/4751 5884/7206/4760 5886/7249/4803
f 5908/8447/4836 5909/8448/4781 5910/7273/4827 5907/7272/4826
f 5912/7271/4825 5913/7270/4824 5914/7214/4768 5911/7281/4835
f 5916/7242/4796 5917/7285/4839 5918/7280/4834 5915/7213/4767
f 5917/7285/4839 5895/7277/4831 5896/7252/4806 5918/7280/4834
f 5911/7281/4835 5897/7255/4809 5898/7777/5321 5912/7271/4825
f 5907/7272/4826 5899/7778/5322 5900/8449/4812 5908/8447/4836
f 5922/7283/4837 5901/7261/4815 5902/7262/4816 5921/7286/4840
f 5926/7287/4841 5903/7265/4819 5904/7266/4820 5925/7278/4832
f 5930/7279/4833 5905/7269/4823 5906/7274/4828 5929/7284/4838
f 5929/7284/4838 5927/7241/4795 5928/7236/4790 5930/7279/4833
f 5925/7278/4832 5923/7235/4789 5924/7232/4786 5926/7287/4841
f 5921/7286/4840 5919/7231/4785 5920/7228/4782 5922/7283/4837
f 5935/7253/4807 5936/7276/4830 5964/7297/4851 5963/7288/4842
f 5937/7263/4817 5938/7260/4814 5968/7291/4845 5967/7292/4846
f 5939/7267/4821 5940/7264/4818 5972/7293/4847 5971/7294/4848
f 5941/7275/4829 5942/7268/4822 5976/7295/4849 5975/7296/4850
f 5956/8450/4880 5957/8451/4844 5958/7317/4871 5955/7316/4870
f 5960/7315/4869 5961/7314/4868 5962/7289/4843 5959/7325/4879
f 5964/7297/4851 5965/7329/4883 5966/7324/4878 5963/7288/4842
f 5965/7329/4883 5943/7321/4875 5944/7298/4852 5966/7324/4878
f 5959/7325/4879 5945/7301/4855 5946/7781/4868 5960/7315/4869
f 5955/7316/4870 5947/7782/5325 5948/8452/4856 5956/8450/4880
f 5970/7327/4881 5949/7305/4859 5950/7306/4860 5969/7334/4888
f 5974/7335/4889 5951/7309/4863 5952/7310/4864 5973/7322/4876
f 5978/7323/4877 5953/7313/4867 5954/7318/4872 5977/7328/4882
f 5977/7328/4882 5975/7296/4850 5976/7295/4849 5978/7323/4877
f 5973/7322/4876 5971/7294/4848 5972/7293/4847 5974/7335/4889
f 5969/7334/4888 5967/7292/4846 5968/7291/4845 5970/7327/4881
f 5992/8453/4914 5993/8454/4857 5994/7351/4905 5991/7350/4904
f 5996/7349/4903 5997/7348/4902 5998/7300/4854 5995/7359/4913
f 6000/7320/4874 6001/7363/4917 6002/7358/4912 5999/7299/4853
f 6001/7363/4917 5979/7355/4909 5980/7330/4884 6002/7358/4912
f 5995/7359/4913 5981/7333/4887 5982/7783/5326 5996/7349/4903
f 5991/7350/4904 5983/7784/5327 5984/8455/4890 5992/8453/4914
f 6006/7361/4915 5985/7339/4893 5986/7340/4894 6005/7368/4922
f 6010/7369/4923 5987/7343/4897 5988/7344/4898 6009/7356/4910
f 6014/7357/4911 5989/7347/4901 5990/7352/4906 6013/7362/4916
f 6013/7362/4916 6011/7319/4873 6012/7312/4866 6014/7357/4911
f 6009/7356/4910 6007/7311/4865 6008/7308/4862 6010/7369/4923
f 6005/7368/4922 6003/7307/4861 6004/7304/4858 6006/7361/4915
f 6028/8456/4948 6029/8457/4891 6030/7385/4939 6027/7384/4938
f 6032/7383/4937 6033/7382/4936 6034/7332/4886 6031/7393/4947
f 6036/7354/4908 6037/7397/4951 6038/7392/4946 6035/7331/4885
f 6037/7397/4951 6015/7389/4943 6016/7364/4918 6038/7392/4946
f 6031/7393/4947 6017/7367/4921 6018/7785/5328 6032/7383/4937
f 6027/7384/4938 6019/7786/5329 6020/8458/4924 6028/8456/4948
f 6042/7395/4949 6021/7373/4927 6022/7374/4928 6041/7402/4956
f 6046/7403/4957 6023/7377/4931 6024/7378/4932 6045/7390/4944
f 6050/7391/4945 6025/7381/4935 6026/7386/4940 6049/7396/4950
f 6049/7396/4950 6047/7353/4907 6048/7346/4900 6050/7391/4945
f 6045/7390/4944 6043/7345/4899 6044/7342/4896 6046/7403/4957
f 6041/7402/4956 6039/7341/4895 6040/7338/4892 6042/7395/4949
f 6064/8459/4982 6065/8460/4925 6066/7419/4973 6063/7418/4972
f 6068/7417/4971 6069/7416/4970 6070/7366/4920 6067/7427/4981
f 6072/7388/4942 6073/7431/4985 6074/7426/4980 6071/7365/4919
f 6073/7431/4985 6051/7423/4977 6052/7398/4952 6074/7426/4980
f 6067/7427/4981 6053/7401/4955 6054/7787/5330 6068/7417/4971
f 6063/7418/4972 6055/7788/5331 6056/8461/4958 6064/8459/4982
f 6078/7429/4983 6057/7407/4961 6058/7408/4962 6077/7436/4990
f 6082/7437/4991 6059/7411/4965 6060/7412/4966 6081/7424/4978
f 6086/7425/4979 6061/7415/4969 6062/7420/4974 6085/7430/4984
f 6085/7430/4984 6083/7387/4941 6084/7380/4934 6086/7425/4979
f 6081/7424/4978 6079/7379/4933 6080/7376/4930 6082/7437/4991
f 6077/7436/4990 6075/7375/4929 6076/7372/4926 6078/7429/4983
f 6100/8462/5016 6101/8463/4959 6102/7453/5007 6099/7452/5006
f 6104/7451/5005 6105/7450/5004 6106/7400/4954 6103/7461/5015
f 6108/7422/4976 6109/7465/5019 6110/7460/5014 6107/7399/4953
f 6109/7465/5019 6087/7457/5011 6088/7432/4986 6110/7460/5014
f 6103/7461/5015 6089/7435/4989 6090/7789/5332 6104/7451/5005
f 6099/7452/5006 6091/7790/5333 6092/8464/4992 6100/8462/5016
f 6114/7463/5017 6093/7441/4995 6094/7442/4996 6113/7470/5024
f 6118/7471/5025 6095/7445/4999 6096/7446/5000 6117/7458/5012
f 6122/7459/5013 6097/7449/5003 6098/7454/5008 6121/7464/5018
f 6121/7464/5018 6119/7421/4975 6120/7414/4968 6122/7459/5013
f 6117/7458/5012 6115/7413/4967 6116/7410/4964 6118/7471/5025
f 6113/7470/5024 6111/7409/4963 6112/7406/4960 6114/7463/5017
f 6136/8465/5050 6137/8466/4993 6138/7487/5041 6135/7486/5040
f 6140/7485/5039 6141/7484/5038 6142/7499/4988 6139/7498/5049
f 6144/7515/5010 6145/7505/5053 6146/7497/5048 6143/7496/4987
f 6145/7505/5053 6123/7491/5045 6124/7466/5020 6146/7497/5048
f 6139/7498/5049 6125/7469/5023 6126/7793/5334 6140/7485/5039
f 6135/7486/5040 6127/7794/5335 6128/8467/5026 6136/8465/5050
f 6150/7502/5051 6129/7475/5029 6130/7476/5030 6149/7511/5058
f 6154/7512/5059 6131/7479/5033 6132/7480/5034 6153/7493/5046
f 6158/7494/5047 6133/7483/5037 6134/7488/5042 6157/7504/5052
f 6157/7504/5052 6155/7514/5009 6156/7495/5002 6158/7494/5047
f 6153/7493/5046 6151/7492/5001 6152/7513/4998 6154/7512/5059
f 6149/7511/5058 6147/7510/4997 6148/7503/4994 6150/7502/5051
f 6172/8468/5084 6173/8469/5027 6174/7531/5075 6171/7530/5074
f 6176/7529/5073 6177/7528/5072 6178/7468/5022 6175/7539/5083
f 6180/7490/5044 6181/7543/5087 6182/7538/5082 6179/7467/5021
f 6181/7543/5087 6159/7535/5079 6160/7506/5054 6182/7538/5082
f 6175/7539/5083 6161/7509/5057 6162/7795/5336 6176/7529/5073
f 6171/7530/5074 6163/7796/5337 6164/8470/5060 6172/8468/5084
f 6186/7541/5085 6165/7519/5063 6166/7520/5064 6185/7548/5092
f 6190/7549/5093 6167/7523/5067 6168/7524/5068 6189/7536/5080
f 6194/7537/5081 6169/7527/5071 6170/7532/5076 6193/7542/5086
f 6193/7542/5086 6191/7489/5043 6192/7482/5036 6194/7537/5081
f 6189/7536/5080 6187/7481/5035 6188/7478/5032 6190/7549/5093
f 6185/7548/5092 6183/7477/5031 6184/7474/5028 6186/7541/5085
f 6208/8471/5118 6209/8472/5061 6210/7565/5109 6207/7564/5108
f 6212/7563/5107 6213/7562/5106 6214/7508/5056 6211/7573/5117
f 6216/7534/5078 6217/7577/5121 6218/7572/5116 6215/7507/5055
f 6217/7577/5121 6195/7569/5113 6196/7544/5088 6218/7572/5116
f 6211/7573/5117 6197/7547/5091 6198/7797/5338 6212/7563/5107
f 6207/7564/5108 6199/7798/5339 6200/8473/5094 6208/8471/5118
f 6222/7575/5119 6201/7553/5097 6202/7554/5098 6221/7582/5126
f 6226/7583/5127 6203/7557/5101 6204/7558/5102 6225/7570/5114
f 6230/7571/5115 6205/7561/5105 6206/7566/5110 6229/7576/5120
f 6229/7576/5120 6227/7533/5077 6228/7526/5070 6230/7571/5115
f 6225/7570/5114 6223/7525/5069 6224/7522/5066 6226/7583/5127
f 6221/7582/5126 6219/7521/5065 6220/7518/5062 6222/7575/5119
f 6244/8474/5152 6245/8475/5095 6246/7599/5143 6243/7598/5142
f 6248/7597/5141 6249/7596/5140 6250/7546/5090 6247/7607/5151
f 6252/7568/5112 6253/7611/5155 6254/7606/5150 6251/7545/5089
f 6253/7611/5155 6231/7603/5147 6232/7578/5122 6254/7606/5150
f 6247/7607/5151 6233/7581/5125 6234/7799/5340 6248/7597/5141
f 6243/7598/5142 6235/7800/5341 6236/8476/5128 6244/8474/5152
f 6258/7609/5153 6237/7587/5131 6238/7588/5132 6257/7616/5160
f 6262/7617/5161 6239/7591/5135 6240/7592/5136 6261/7604/5148
f 6266/7605/5149 6241/7595/5139 6242/7600/5144 6265/7610/5154
f 6265/7610/5154 6263/7567/5111 6264/7560/5104 6266/7605/5149
f 6261/7604/5148 6259/7559/5103 6260/7556/5100 6262/7617/5161
f 6257/7616/5160 6255/7555/5099 6256/7552/5096 6258/7609/5153
f 6280/8477/5186 6281/8478/5129 6282/7633/5177 6279/7632/5176
f 6284/7631/5175 6285/7630/5174 6286/7580/5124 6283/7641/5185
f 6288/7602/5146 6289/7645/5189 6290/7640/5184 6287/7579/5123
f 6289/7645/5189 6267/7637/5181 6268/7612/5156 6290/7640/5184
f 6283/7641/5185 6269/7615/5159 6270/7801/5342 6284/7631/5175
f 6279/7632/5176 6271/7802/5343 6272/8479/5162 6280/8477/5186
f 6294/7643/5187 6273/7621/5165 6274/7622/5166 6293/7646/5190
f 6298/7647/5191 6275/7625/5169 6276/7626/5170 6297/7638/5182
f 6302/7639/5183 6277/7629/5173 6278/7634/5178 6301/7644/5188
f 6301/7644/5188 6299/7601/5145 6300/7594/5138 6302/7639/5183
f 6297/7638/5182 6295/7593/5137 6296/7590/5134 6298/7647/5191
f 6293/7646/5190 6291/7589/5133 6292/7586/5130 6294/7643/5187
f 6304/8480/5203 6305/8481/5163 6306/7655/5199 6303/7654/5198
f 6308/7653/5197 6309/7652/5196 6310/7614/5158 6307/7658/5202
f 6312/7636/5180 6313/7648/5192 6314/7651/5195 6311/7613/5157
f 6307/7658/5202 6341/7815/5356 6342/7661/5205 6308/7653/5197
f 6303/7654/5198 6339/7662/5206 6340/8482/5344 6304/8480/5203
f 6318/7660/5204 6346/7804/5345 6345/7811/5352 6317/7663/5207
f 6322/7664/5208 6348/7812/5353 6347/7809/5350 6321/7656/5200
f 6326/7657/5201 6350/7810/5351 6349/7686/5230 6325/7665/5209
f 6344/7650/5194 6341/7815/5356 6307/7658/5202 6314/7651/5195
f 6325/7665/5209 6323/7635/5179 6324/7628/5172 6326/7657/5201
f 6321/7656/5200 6319/7627/5171 6320/7624/5168 6322/7664/5208
f 6317/7663/5207 6315/7623/5167 6316/7620/5164 6318/7660/5204
f 6343/7649/5193 6327/7685/5229 6328/7666/5210 6344/7650/5194
f 6341/7815/5356 6329/7669/5213 6330/7813/5354 6342/7661/5205
f 6339/7662/5206 6331/7814/5355 6332/8483/5214 6340/8482/5344
f 6346/7804/5345 6333/7673/5217 6334/7674/5218 6345/7811/5352
f 6348/7812/5353 6335/7677/5221 6336/7678/5222 6347/7809/5350
f 6350/7810/5351 6337/7681/5225 6338/7682/5226 6349/7686/5230
f 6364/8484/5259 6365/8485/5215 6366/7706/5250 6363/7705/5249
f 6368/7704/5248 6369/7703/5247 6370/7668/5212 6367/7714/5258
f 6372/7684/5228 6373/7718/5262 6374/7713/5257 6371/7667/5211
f 6373/7718/5262 6351/7710/5254 6352/7687/5231 6374/7713/5257
f 6367/7714/5258 6353/7690/5234 6354/7816/5357 6368/7704/5248
f 6363/7705/5249 6355/7817/5358 6356/8486/5235 6364/8484/5259
f 6378/7716/5260 6357/7694/5238 6358/7695/5239 6377/7723/5267
f 6382/7724/5268 6359/7698/5242 6360/7699/5243 6381/7711/5255
f 6386/7712/5256 6361/7702/5246 6362/7707/5251 6385/7717/5261
f 6385/7717/5261 6383/7683/5227 6384/7680/5224 6386/7712/5256
f 6381/7711/5255 6379/7679/5223 6380/7676/5220 6382/7724/5268
f 6377/7723/5267 6375/7675/5219 6376/7672/5216 6378/7716/5260
f 6400/8487/5293 6401/8488/5236 6402/7740/5284 6399/7739/5283
f 6404/7738/5282 6405/7737/5281 6406/7689/5233 6403/7748/5292
f 6408/7709/5253 6409/7752/5296 6410/7747/5291 6407/7688/5232
f 6409/7752/5296 6387/7744/5288 6388/7719/5263 6410/7747/5291
f 6403/7748/5292 6389/7722/5266 6390/7818/5359 6404/7738/5282
f 6399/7739/5283 6391/7819/5360 6392/8489/5269 6400/8487/5293
f 6414/7750/5294 6393/7728/5272 6394/7729/5273 6413/7757/5301
f 6418/7758/5302 6395/7732/5276 6396/7733/5277 6417/7745/5289
f 6422/7746/5290 6397/7736/5280 6398/7741/5285 6421/7751/5295
f 6421/7751/5295 6419/7708/5252 6420/7701/5245 6422/7746/5290
f 6417/7745/5289 6415/7700/5244 6416/7697/5241 6418/7758/5302
f 6413/7757/5301 6411/7696/5240 6412/7693/5237 6414/7750/5294
f 6423/8490/5307 6425/8491/5270 6426/7756/5300 6424/7755/5299
f 6427/7754/5298 6429/7753/5297 6430/7721/5265 6428/7762/5306
f 6432/7743/5287 6434/7772/5316 6433/7761/5305 6431/7720/5264
f 6445/7771/5315 6443/7742/5286 6444/7735/5279 6446/7760/5304
f 6441/7759/5303 6439/7734/5278 6440/7731/5275 6442/7770/5314
f 6437/7769/5313 6435/7730/5274 6436/7727/5271 6438/7764/5308
f 5873/8445/4759 5822/8443/4758 5821/7189/4743 5874/7188/4742
f 5877/7187/4741 5818/7186/4740 5817/7219/4773 5878/7218/4772
f 5879/7217/4771 5814/7216/4770 5813/7185/4739 5880/7184/4738
f 5891/7183/4737 5834/7182/4736 5833/7193/4747 5892/7192/4746
f 5887/7191/4745 5830/7190/4744 5829/7199/4753 5888/7198/4752
f 5883/7197/4751 5826/7196/4750 5825/7207/4761 5884/7206/4760
f 5909/8448/4781 5864/8446/4780 5863/7776/5320 5910/7273/4827
f 5913/7270/4824 5862/7775/5319 5861/7215/4769 5914/7214/4768
f 5915/7213/4767 5860/7212/4766 5859/7243/4797 5916/7242/4796
f 5927/7241/4795 5870/7240/4794 5869/7237/4791 5928/7236/4790
f 5923/7235/4789 5868/7234/4788 5867/7233/4787 5924/7232/4786
f 5919/7231/4785 5866/7230/4784 5865/7229/4783 5920/7228/4782
f 5931/8492/4813 5900/8449/4812 5899/7778/5322 5932/7780/5324
f 5933/7779/5323 5898/7777/5321 5897/7255/4809 5934/7254/4808
f 5935/7253/4807 5896/7252/4806 5895/7277/4831 5936/7276/4830
f 5941/7275/4829 5906/7274/4828 5905/7269/4823 5942/7268/4822
f 5939/7267/4821 5904/7266/4820 5903/7265/4819 5940/7264/4818
f 5937/7263/4817 5902/7262/4816 5901/7261/4815 5938/7260/4814
f 5932/7780/5324 5958/7317/4871 5957/8451/4844 5931/8492/4813
f 5934/7254/4808 5962/7289/4843 5961/7314/4868 5933/7779/5323
f 5993/8454/4857 5948/8452/4856 5947/7782/5325 5994/7351/4905
f 5997/7348/4902 5946/7781/4868 5945/7301/4855 5998/7300/4854
f 5999/7299/4853 5944/7298/4852 5943/7321/4875 6000/7320/4874
f 6011/7319/4873 5954/7318/4872 5953/7313/4867 6012/7312/4866
f 6007/7311/4865 5952/7310/4864 5951/7309/4863 6008/7308/4862
f 6003/7307/4861 5950/7306/4860 5949/7305/4859 6004/7304/4858
f 6029/8457/4891 5984/8455/4890 5983/7784/5327 6030/7385/4939
f 6033/7382/4936 5982/7783/5326 5981/7333/4887 6034/7332/4886
f 6035/7331/4885 5980/7330/4884 5979/7355/4909 6036/7354/4908
f 6047/7353/4907 5990/7352/4906 5989/7347/4901 6048/7346/4900
f 6043/7345/4899 5988/7344/4898 5987/7343/4897 6044/7342/4896
f 6039/7341/4895 5986/7340/4894 5985/7339/4893 6040/7338/4892
f 6065/8460/4925 6020/8458/4924 6019/7786/5329 6066/7419/4973
f 6069/7416/4970 6018/7785/5328 6017/7367/4921 6070/7366/4920
f 6071/7365/4919 6016/7364/4918 6015/7389/4943 6072/7388/4942
f 6083/7387/4941 6026/7386/4940 6025/7381/4935 6084/7380/4934
f 6079/7379/4933 6024/7378/4932 6023/7377/4931 6080/7376/4930
f 6075/7375/4929 6022/7374/4928 6021/7373/4927 6076/7372/4926
f 6101/8463/4959 6056/8461/4958 6055/7788/5331 6102/7453/5007
f 6105/7450/5004 6054/7787/5330 6053/7401/4955 6106/7400/4954
f 6107/7399/4953 6052/7398/4952 6051/7423/4977 6108/7422/4976
f 6119/7421/4975 6062/7420/4974 6061/7415/4969 6120/7414/4968
f 6115/7413/4967 6060/7412/4966 6059/7411/4965 6116/7410/4964
f 6111/7409/4963 6058/7408/4962 6057/7407/4961 6112/7406/4960
f 6137/8493/4993 6092/8464/4992 6091/7790/5333 6138/7792/5041
f 6141/7791/5038 6090/7789/5332 6089/7435/4989 6142/7434/4988
f 6143/7433/4987 6088/7432/4986 6087/7457/5011 6144/7456/5010
f 6155/7455/5009 6098/7454/5008 6097/7449/5003 6156/7448/5002
f 6151/7447/5001 6096/7446/5000 6095/7445/4999 6152/7444/4998
f 6147/7443/4997 6094/7442/4996 6093/7441/4995 6148/7440/4994
f 6173/8469/5027 6128/8467/5026 6127/7794/5335 6174/7531/5075
f 6177/7528/5072 6126/7793/5334 6125/7469/5023 6178/7468/5022
f 6179/7467/5021 6124/7466/5020 6123/7491/5045 6180/7490/5044
f 6191/7489/5043 6134/7488/5042 6133/7483/5037 6192/7482/5036
f 6187/7481/5035 6132/7480/5034 6131/7479/5033 6188/7478/5032
f 6183/7477/5031 6130/7476/5030 6129/7475/5029 6184/7474/5028
f 6209/8472/5061 6164/8470/5060 6163/7796/5337 6210/7565/5109
f 6213/7562/5106 6162/7795/5336 6161/7509/5057 6214/7508/5056
f 6215/7507/5055 6160/7506/5054 6159/7535/5079 6216/7534/5078
f 6227/7533/5077 6170/7532/5076 6169/7527/5071 6228/7526/5070
f 6223/7525/5069 6168/7524/5068 6167/7523/5067 6224/7522/5066
f 6219/7521/5065 6166/7520/5064 6165/7519/5063 6220/7518/5062
f 6245/8475/5095 6200/8473/5094 6199/7798/5339 6246/7599/5143
f 6249/7596/5140 6198/7797/5338 6197/7547/5091 6250/7546/5090
f 6251/7545/5089 6196/7544/5088 6195/7569/5113 6252/7568/5112
f 6263/7567/5111 6206/7566/5110 6205/7561/5105 6264/7560/5104
f 6259/7559/5103 6204/7558/5102 6203/7557/5101 6260/7556/5100
f 6255/7555/5099 6202/7554/5098 6201/7553/5097 6256/7552/5096
f 6281/8478/5129 6236/8476/5128 6235/7800/5341 6282/7633/5177
f 6285/7630/5174 6234/7799/5340 6233/7581/5125 6286/7580/5124
f 6287/7579/5123 6232/7578/5122 6231/7603/5147 6288/7602/5146
f 6299/7601/5145 6242/7600/5144 6241/7595/5139 6300/7594/5138
f 6295/7593/5137 6240/7592/5136 6239/7591/5135 6296/7590/5134
f 6291/7589/5133 6238/7588/5132 6237/7587/5131 6292/7586/5130
f 6305/8481/5163 6272/8479/5162 6271/7802/5343 6306/7655/5199
f 6309/7652/5196 6270/7801/5342 6269/7615/5159 6310/7614/5158
f 6311/7613/5157 6268/7612/5156 6267/7637/5181 6312/7636/5180
f 6323/7635/5179 6278/7634/5178 6277/7629/5173 6324/7628/5172
f 6319/7627/5171 6276/7626/5170 6275/7625/5169 6320/7624/5168
f 6315/7623/5167 6274/7622/5166 6273/7621/5165 6316/7620/5164
f 6365/8485/5215 6332/8483/5214 6331/7814/5355 6366/7706/5250
f 6369/7703/5247 6330/7813/5354 6329/7669/5213 6370/7668/5212
f 6371/7667/5211 6328/7666/5210 6327/7685/5229 6372/7684/5228
f 6383/7683/5227 6338/7682/5226 6337/7681/5225 6384/7680/5224
f 6379/7679/5223 6336/7678/5222 6335/7677/5221 6380/7676/5220
f 6375/7675/5219 6334/7674/5218 6333/7673/5217 6376/7672/5216
f 6401/8488/5236 6356/8486/5235 6355/7817/5358 6402/7740/5284
f 6405/7737/5281 6354/7816/5357 6353/7690/5234 6406/7689/5233
f 6407/7688/5232 6352/7687/5231 6351/7710/5254 6408/7709/5253
f 6419/7708/5252 6362/7707/5251 6361/7702/5246 6420/7701/5245
f 6415/7700/5244 6360/7699/5243 6359/7698/5242 6416/7697/5241
f 6411/7696/5240 6358/7695/5239 6357/7694/5238 6412/7693/5237
f 6425/8491/5270 6392/8489/5269 6391/7819/5360 6426/7756/5300
f 6429/7753/5297 6390/7818/5359 6389/7722/5266 6430/7721/5265
f 6431/7720/5264 6388/7719/5263 6387/7744/5288 6432/7743/5287
f 6443/7742/5286 6398/7741/5285 6397/7736/5280 6444/7735/5279
f 6439/7734/5278 6396/7733/5277 6395/7732/5276 6440/7731/5275
f 6435/7730/5274 6394/7729/5273 6393/7728/5272 6436/7727/5271
f 6472/8494/5401 6473/8495/5362 6474/7835/5376 6471/7834/5375
f 6473/8495/5362 6456/8496/5361 6455/8395/5932 6474/7835/5376
f 6476/7833/5374 6477/7832/5373 6478/7767/5311 6475/7855/5396
f 6477/7832/5373 6452/8394/5931 6451/7768/5312 6478/7767/5311
f 6480/7876/5417 6481/7863/5404 6482/7854/5395 6479/7766/5310
f 6481/7863/5404 6449/7839/5380 6450/7868/5409 6482/7854/5395
f 6479/7766/5310 6448/7765/5309 6447/7877/5418 6480/7876/5417
f 6475/7855/5396 6453/7871/5412 6454/7840/5381 6476/7833/5374
f 6471/7834/5375 6457/7843/5384 6458/8497/5397 6472/8494/5401
f 6486/7861/5402 6461/7859/5400 6462/7850/5391 6485/7872/5413
f 6490/7873/5414 6465/7853/5394 6466/7844/5385 6489/7848/5389
f 6494/7849/5390 6469/7847/5388 6470/7836/5377 6493/7862/5403
f 6493/7862/5403 6491/7875/5416 6492/7830/5371 6494/7849/5390
f 6491/7875/5416 6468/7874/5415 6467/7831/5372 6492/7830/5371
f 6489/7848/5389 6487/7829/5370 6488/7826/5367 6490/7873/5414
f 6487/7829/5370 6464/7828/5369 6463/7827/5368 6488/7826/5367
f 6485/7872/5413 6483/7825/5366 6484/7822/5363 6486/7861/5402
f 6483/7825/5366 6460/7824/5365 6459/7823/5364 6484/7822/5363
f 6508/8498/5441 6509/8499/5398 6510/7842/5383 6507/7891/5432
f 6512/7890/5431 6513/7841/5382 6514/7870/5411 6511/7899/5440
f 6516/7838/5379 6517/7903/5444 6518/7898/5439 6515/7869/5410
f 6517/7903/5444 6495/7895/5436 6496/7864/5405 6518/7898/5439
f 6511/7899/5440 6497/7867/5408 6498/8396/5933 6512/7890/5431
f 6507/7891/5432 6499/8397/5934 6500/8500/5419 6508/8498/5441
f 6522/7901/5442 6501/7881/5422 6502/7882/5423 6521/7904/5445
f 6526/7905/5446 6503/7885/5426 6504/7886/5427 6525/7896/5437
f 6530/7897/5438 6505/7889/5430 6506/7892/5433 6529/7902/5443
f 6529/7902/5443 6527/7837/5378 6528/7846/5387 6530/7897/5438
f 6525/7896/5437 6523/7845/5386 6524/7852/5393 6526/7905/5446
f 6521/7904/5445 6519/7851/5392 6520/7858/5399 6522/7901/5442
f 6544/8501/5455 6545/8502/5420 6546/7909/5450 6543/7908/5449
f 6548/7907/5448 6549/7906/5447 6550/7866/5407 6547/7913/5454
f 6552/7894/5435 6553/7919/5460 6554/7912/5453 6551/7865/5406
f 6553/7919/5460 6531/7918/5459 6532/7942/5483 6554/7912/5453
f 6547/7913/5454 6533/7943/5484 6534/7944/5485 6548/7907/5448
f 6543/7908/5449 6535/7947/5488 6536/8503/5939 6544/8501/5455
f 6558/7915/5456 6537/8403/5940 6538/8400/5937 6557/7920/5461
f 6562/7921/5462 6539/8401/5938 6540/8398/5935 6561/7910/5451
f 6566/7911/5452 6541/8399/5936 6542/7917/5458 6565/7916/5457
f 6565/7916/5457 6563/7893/5434 6564/7888/5429 6566/7911/5452
f 6561/7910/5451 6559/7887/5428 6560/7884/5425 6562/7921/5462
f 6557/7920/5461 6555/7883/5424 6556/7880/5421 6558/7915/5456
f 6535/7947/5488 6571/7946/5487 6572/8504/5467 6536/8503/5939
f 6533/7943/5484 6569/7925/5466 6570/7945/5486 6534/7944/5485
f 6531/7918/5459 6567/7941/5482 6568/7922/5463 6532/7942/5483
f 6578/7938/5479 6542/7917/5458 6541/8399/5936 6577/7937/5478
f 6592/8505/5517 6593/8506/5468 6594/7967/5508 6591/7966/5507
f 6596/7965/5506 6597/7964/5505 6598/7924/5465 6595/7975/5516
f 6600/7940/5481 6601/7979/5520 6602/7974/5515 6599/7923/5464
f 6601/7979/5520 6579/7971/5512 6580/7948/5489 6602/7974/5515
f 6595/7975/5516 6581/7951/5492 6582/8404/5941 6596/7965/5506
f 6591/7966/5507 6583/8405/5942 6584/8507/5493 6592/8505/5517
f 6606/7977/5518 6585/7955/5496 6586/7956/5497 6605/7984/5525
f 6610/7985/5526 6587/7959/5500 6588/7960/5501 6609/7972/5513
f 6614/7973/5514 6589/7963/5504 6590/7968/5509 6613/7978/5519
f 6613/7978/5519 6611/7939/5480 6612/7936/5477 6614/7973/5514
f 6609/7972/5513 6607/7935/5476 6608/7932/5473 6610/7985/5526
f 6605/7984/5525 6603/7931/5472 6604/7928/5469 6606/7977/5518
f 6628/8508/5551 6629/8509/5494 6630/8001/5542 6627/8000/5541
f 6632/7999/5540 6633/7998/5539 6634/7950/5491 6631/8009/5550
f 6636/7970/5511 6637/8013/5554 6638/8008/5549 6635/7949/5490
f 6637/8013/5554 6615/8005/5546 6616/7980/5521 6638/8008/5549
f 6631/8009/5550 6617/7983/5524 6618/8406/5943 6632/7999/5540
f 6627/8000/5541 6619/8407/5944 6620/8510/5527 6628/8508/5551
f 6642/8011/5552 6621/7989/5530 6622/7990/5531 6641/8018/5559
f 6646/8019/5560 6623/7993/5534 6624/7994/5535 6645/8006/5547
f 6650/8007/5548 6625/7997/5538 6626/8002/5543 6649/8012/5553
f 6649/8012/5553 6647/7969/5510 6648/7962/5503 6650/8007/5548
f 6645/8006/5547 6643/7961/5502 6644/7958/5499 6646/8019/5560
f 6641/8018/5559 6639/7957/5498 6640/7954/5495 6642/8011/5552
f 6664/8511/5585 6665/8512/5528 6666/8035/5576 6663/8034/5575
f 6668/8033/5574 6669/8032/5573 6670/7982/5523 6667/8043/5584
f 6672/8004/5545 6673/8047/5588 6674/8042/5583 6671/7981/5522
f 6673/8047/5588 6651/8039/5580 6652/8014/5555 6674/8042/5583
f 6667/8043/5584 6653/8017/5558 6654/8408/5945 6668/8033/5574
f 6663/8034/5575 6655/8409/5946 6656/8513/5561 6664/8511/5585
f 6678/8045/5586 6657/8023/5564 6658/8024/5565 6677/8052/5593
f 6682/8053/5594 6659/8027/5568 6660/8028/5569 6681/8040/5581
f 6686/8041/5582 6661/8031/5572 6662/8036/5577 6685/8046/5587
f 6685/8046/5587 6683/8003/5544 6684/7996/5537 6686/8041/5582
f 6681/8040/5581 6679/7995/5536 6680/7992/5533 6682/8053/5594
f 6677/8052/5593 6675/7991/5532 6676/7988/5529 6678/8045/5586
f 6700/8514/5619 6701/8515/5562 6702/8069/5610 6699/8068/5609
f 6704/8067/5608 6705/8066/5607 6706/8016/5557 6703/8077/5618
f 6708/8038/5579 6709/8081/5622 6710/8076/5617 6707/8015/5556
f 6709/8081/5622 6687/8073/5614 6688/8048/5589 6710/8076/5617
f 6703/8077/5618 6689/8051/5592 6690/8410/5947 6704/8067/5608
f 6699/8068/5609 6691/8411/5948 6692/8516/5595 6700/8514/5619
f 6714/8079/5620 6693/8057/5598 6694/8058/5599 6713/8086/5627
f 6718/8087/5628 6695/8061/5602 6696/8062/5603 6717/8074/5615
f 6722/8075/5616 6697/8065/5606 6698/8070/5611 6721/8080/5621
f 6721/8080/5621 6719/8037/5578 6720/8030/5571 6722/8075/5616
f 6717/8074/5615 6715/8029/5570 6716/8026/5567 6718/8087/5628
f 6713/8086/5627 6711/8025/5566 6712/8022/5563 6714/8079/5620
f 6736/8517/5653 6737/8518/5596 6738/8103/5644 6735/8102/5643
f 6740/8101/5642 6741/8100/5641 6742/8050/5591 6739/8111/5652
f 6744/8072/5613 6745/8117/5656 6746/8110/5651 6743/8049/5590
f 6745/8117/5656 6723/8116/5648 6724/8422/5623 6746/8110/5651
f 6739/8111/5652 6725/8423/5626 6726/8412/5949 6740/8101/5642
f 6735/8102/5643 6727/8413/5950 6728/8519/5629 6736/8517/5653
f 6750/8113/5654 6729/8419/5632 6730/8416/5633 6749/8122/5661
f 6754/8123/5662 6731/8417/5636 6732/8414/5637 6753/8108/5649
f 6758/8109/5650 6733/8415/5640 6734/8115/5645 6757/8114/5655
f 6757/8114/5655 6755/8071/5612 6756/8064/5605 6758/8109/5650
f 6753/8108/5649 6751/8063/5604 6752/8060/5601 6754/8123/5662
f 6749/8122/5661 6747/8059/5600 6748/8056/5597 6750/8113/5654
f 6772/8520/5687 6773/8521/5630 6774/8139/5678 6771/8138/5677
f 6776/8137/5676 6777/8136/5675 6778/8084/5625 6775/8147/5686
f 6780/8106/5647 6781/8151/5690 6782/8146/5685 6779/8083/5624
f 6781/8151/5690 6759/8143/5682 6760/8118/5657 6782/8146/5685
f 6775/8147/5686 6761/8121/5660 6762/8424/5951 6776/8137/5676
f 6771/8138/5677 6763/8425/5952 6764/8522/5663 6772/8520/5687
f 6786/8149/5688 6765/8127/5666 6766/8128/5667 6785/8156/5695
f 6790/8157/5696 6767/8131/5670 6768/8132/5671 6789/8144/5683
f 6794/8145/5684 6769/8135/5674 6770/8140/5679 6793/8150/5689
f 6793/8150/5689 6791/8105/5646 6792/8098/5639 6794/8145/5684
f 6789/8144/5683 6787/8097/5638 6788/8094/5635 6790/8157/5696
f 6785/8156/5695 6783/8093/5634 6784/8090/5631 6786/8149/5688
f 6808/8523/5721 6809/8524/5664 6810/8173/5712 6807/8172/5711
f 6812/8171/5710 6813/8170/5709 6814/8120/5659 6811/8181/5720
f 6816/8142/5681 6817/8185/5724 6818/8180/5719 6815/8119/5658
f 6817/8185/5724 6795/8177/5716 6796/8152/5691 6818/8180/5719
f 6811/8181/5720 6797/8155/5694 6798/8426/5953 6812/8171/5710
f 6807/8172/5711 6799/8427/5954 6800/8525/5697 6808/8523/5721
f 6822/8183/5722 6801/8161/5700 6802/8162/5701 6821/8190/5729
f 6826/8191/5730 6803/8165/5704 6804/8166/5705 6825/8178/5717
f 6830/8179/5718 6805/8169/5708 6806/8174/5713 6829/8184/5723
f 6829/8184/5723 6827/8141/5680 6828/8134/5673 6830/8179/5718
f 6825/8178/5717 6823/8133/5672 6824/8130/5669 6826/8191/5730
f 6821/8190/5729 6819/8129/5668 6820/8126/5665 6822/8183/5722
f 6844/8526/5755 6845/8527/5698 6846/8207/5746 6843/8206/5745
f 6848/8205/5744 6849/8204/5743 6850/8154/5693 6847/8215/5754
f 6852/8176/5715 6853/8219/5758 6854/8214/5753 6851/8153/5692
f 6853/8219/5758 6831/8211/5750 6832/8186/5725 6854/8214/5753
f 6847/8215/5754 6833/8189/5728 6834/8428/5955 6848/8205/5744
f 6843/8206/5745 6835/8429/5956 6836/8528/5731 6844/8526/5755
f 6858/8217/5756 6837/8195/5734 6838/8196/5735 6857/8224/5763
f 6862/8225/5764 6839/8199/5738 6840/8200/5739 6861/8212/5751
f 6866/8213/5752 6841/8203/5742 6842/8208/5747 6865/8218/5757
f 6865/8218/5757 6863/8175/5714 6864/8168/5707 6866/8213/5752
f 6861/8212/5751 6859/8167/5706 6860/8164/5703 6862/8225/5764
f 6857/8224/5763 6855/8163/5702 6856/8160/5699 6858/8217/5756
f 6880/8529/5789 6881/8530/5732 6882/8241/5780 6879/8240/5779
f 6884/8239/5778 6885/8238/5777 6886/8188/5727 6883/8249/5788
f 6888/8210/5749 6889/8253/5792 6890/8248/5787 6887/8187/5726
f 6889/8253/5792 6867/8245/5784 6868/8220/5759 6890/8248/5787
f 6883/8249/5788 6869/8223/5762 6870/8430/5957 6884/8239/5778
f 6879/8240/5779 6871/8431/5958 6872/8531/5765 6880/8529/5789
f 6894/8251/5790 6873/8229/5768 6874/8230/5769 6893/8258/5797
f 6898/8259/5798 6875/8233/5772 6876/8234/5773 6897/8246/5785
f 6902/8247/5786 6877/8237/5776 6878/8242/5781 6901/8252/5791
f 6901/8252/5791 6899/8209/5748 6900/8202/5741 6902/8247/5786
f 6897/8246/5785 6895/8201/5740 6896/8198/5737 6898/8259/5798
f 6893/8258/5797 6891/8197/5736 6892/8194/5733 6894/8251/5790
f 6916/8532/5822 6917/8533/5766 6918/8275/5813 6915/8274/5812
f 6920/8273/5811 6921/8272/5810 6922/8222/5761 6919/8283/5821
f 6924/8244/5783 6925/8287/5825 6926/8282/5820 6923/8221/5760
f 6925/8287/5825 6903/8279/5817 6904/8254/5793 6926/8282/5820
f 6919/8283/5821 6905/8257/5796 6906/8432/5959 6920/8273/5811
f 6915/8274/5812 6907/8433/5960 6908/8534/5799 6916/8532/5822
f 6930/8285/5823 6909/8263/5801 6910/8264/5802 6929/8288/5826
f 6934/8289/5827 6911/8267/5805 6912/8268/5806 6933/8280/5818
f 6938/8281/5819 6913/8271/5809 6914/8276/5814 6937/8286/5824
f 6937/8286/5824 6935/8243/5782 6936/8236/5775 6938/8281/5819
f 6933/8280/5818 6931/8235/5774 6932/8232/5771 6934/8289/5827
f 6929/8288/5826 6927/8231/5770 6928/8228/5767 6930/8285/5823
f 6942/8256/5795 6970/8327/5864 6969/8299/5836 6941/8298/5835
f 6971/8324/5861 6943/8255/5794 6944/8278/5816 6972/8293/5830
f 6945/8265/5803 6946/8262/5800 6976/8291/5828 6975/8294/5831
f 6979/8296/5833 6947/8269/5807 6948/8266/5804 6980/8295/5832
f 6971/8324/5861 6970/8327/5864 6942/8256/5795 6943/8255/5794
f 6983/8292/5829 6949/8277/5815 6950/8270/5808 6984/8297/5834
f 6964/8535/5865 6965/7807/5348 6966/7806/5347 6963/8317/5854
f 6968/8316/5853 6969/8299/5836 6970/8327/5864 6967/8326/5863
f 6972/8293/5830 6973/8331/5868 6974/8325/5862 6971/8324/5861
f 6973/8331/5868 6951/8321/5858 6952/8300/5837 6974/8325/5862
f 6967/8326/5863 6953/8303/5840 6954/8434/5961 6968/8316/5853
f 6963/8317/5854 6955/8435/5962 6956/8536/5841 6964/8535/5865
f 6978/8329/5866 6957/8307/5844 6958/8308/5845 6977/8336/5873
f 6982/8337/5874 6959/8311/5848 6960/8312/5849 6981/8322/5859
f 6986/8323/5860 6961/8315/5852 6962/8318/5855 6985/8330/5867
f 6985/8330/5867 6983/8292/5829 6984/8297/5834 6986/8323/5860
f 6981/8322/5859 6979/8296/5833 6980/8295/5832 6982/8337/5874
f 6977/8336/5873 6975/8294/5831 6976/8291/5828 6978/8329/5866
f 7000/8537/5899 7001/8538/5842 7002/8353/5890 6999/8352/5889
f 7004/8351/5888 7005/8350/5887 7006/8302/5839 7003/8361/5898
f 7008/8320/5857 7009/8365/5902 7010/8360/5897 7007/8301/5838
f 7009/8365/5902 6987/8357/5894 6988/8332/5869 7010/8360/5897
f 7003/8361/5898 6989/8335/5872 6990/8436/5963 7004/8351/5888
f 6999/8352/5889 6991/8437/5964 6992/8539/5875 7000/8537/5899
f 7014/8363/5900 6993/8341/5878 6994/8342/5879 7013/8370/5907
f 7018/8371/5908 6995/8345/5882 6996/8346/5883 7017/8358/5895
f 7022/8359/5896 6997/8349/5886 6998/8354/5891 7021/8364/5901
f 7021/8364/5901 7019/8319/5856 7020/8314/5851 7022/8359/5896
f 7017/8358/5895 7015/8313/5850 7016/8310/5847 7018/8371/5908
f 7013/8370/5907 7011/8309/5846 7012/8306/5843 7014/8363/5900
f 7036/8540/5909 7037/8541/5876 7038/8387/5924 7035/8386/5923
f 7040/8385/5922 7041/8384/5921 7042/8334/5871 7039/8369/5906
f 7044/8356/5893 7045/8393/5930 7046/8366/5903 7043/8333/5870
f 7045/8393/5930 7024/8392/5929 7023/8367/5904 7046/8366/5903
f 7039/8369/5906 7026/8368/5905 7025/8388/5925 7040/8385/5922
f 7035/8386/5923 7028/8389/5926 7027/8542/5910 7036/8540/5909
f 7050/8375/5912 7030/8374/5911 7029/8377/5914 7049/8376/5913
f 7054/8379/5916 7032/8378/5915 7031/8381/5918 7053/8380/5917
f 7058/8383/5920 7034/8382/5919 7033/8391/5928 7057/8390/5927
f 7057/8390/5927 7055/8355/5892 7056/8348/5885 7058/8383/5920
f 7053/8380/5917 7051/8347/5884 7052/8344/5881 7054/8379/5916
f 7049/8376/5913 7047/8343/5880 7048/8340/5877 7050/8375/5912
f 6509/8499/5398 6458/8497/5397 6457/7843/5384 6510/7842/5383
f 6513/7841/5382 6454/7840/5381 6453/7871/5412 6514/7870/5411
f 6515/7869/5410 6450/7868/5409 6449/7839/5380 6516/7838/5379
f 6527/7837/5378 6470/7836/5377 6469/7847/5388 6528/7846/5387
f 6523/7845/5386 6466/7844/5385 6465/7853/5394 6524/7852/5393
f 6519/7851/5392 6462/7850/5391 6461/7859/5400 6520/7858/5399
f 6545/8502/5420 6500/8500/5419 6499/8397/5934 6546/7909/5450
f 6549/7906/5447 6498/8396/5933 6497/7867/5408 6550/7866/5407
f 6551/7865/5406 6496/7864/5405 6495/7895/5436 6552/7894/5435
f 6563/7893/5434 6506/7892/5433 6505/7889/5430 6564/7888/5429
f 6559/7887/5428 6504/7886/5427 6503/7885/5426 6560/7884/5425
f 6555/7883/5424 6502/7882/5423 6501/7881/5422 6556/7880/5421
f 6576/7934/5475 6540/8398/5935 6539/8401/5938 6575/7933/5474
f 6574/7930/5471 6538/8400/5937 6537/8403/5940 6573/7929/5470
f 6593/8506/5468 6572/8504/5467 6571/7946/5487 6594/7967/5508
f 6597/7964/5505 6570/7945/5486 6569/7925/5466 6598/7924/5465
f 6599/7923/5464 6568/7922/5463 6567/7941/5482 6600/7940/5481
f 6611/7939/5480 6578/7938/5479 6577/7937/5478 6612/7936/5477
f 6607/7935/5476 6576/7934/5475 6575/7933/5474 6608/7932/5473
f 6603/7931/5472 6574/7930/5471 6573/7929/5470 6604/7928/5469
f 6629/8509/5494 6584/8507/5493 6583/8405/5942 6630/8001/5542
f 6633/7998/5539 6582/8404/5941 6581/7951/5492 6634/7950/5491
f 6635/7949/5490 6580/7948/5489 6579/7971/5512 6636/7970/5511
f 6647/7969/5510 6590/7968/5509 6589/7963/5504 6648/7962/5503
f 6643/7961/5502 6588/7960/5501 6587/7959/5500 6644/7958/5499
f 6639/7957/5498 6586/7956/5497 6585/7955/5496 6640/7954/5495
f 6665/8512/5528 6620/8510/5527 6619/8407/5944 6666/8035/5576
f 6669/8032/5573 6618/8406/5943 6617/7983/5524 6670/7982/5523
f 6671/7981/5522 6616/7980/5521 6615/8005/5546 6672/8004/5545
f 6683/8003/5544 6626/8002/5543 6625/7997/5538 6684/7996/5537
f 6679/7995/5536 6624/7994/5535 6623/7993/5534 6680/7992/5533
f 6675/7991/5532 6622/7990/5531 6621/7989/5530 6676/7988/5529
f 6701/8515/5562 6656/8513/5561 6655/8409/5946 6702/8069/5610
f 6705/8066/5607 6654/8408/5945 6653/8017/5558 6706/8016/5557
f 6707/8015/5556 6652/8014/5555 6651/8039/5580 6708/8038/5579
f 6719/8037/5578 6662/8036/5577 6661/8031/5572 6720/8030/5571
f 6715/8029/5570 6660/8028/5569 6659/8027/5568 6716/8026/5567
f 6711/8025/5566 6658/8024/5565 6657/8023/5564 6712/8022/5563
f 6737/8518/5596 6692/8516/5595 6691/8411/5948 6738/8103/5644
f 6741/8100/5641 6690/8410/5947 6689/8051/5592 6742/8050/5591
f 6743/8049/5590 6688/8048/5589 6687/8073/5614 6744/8072/5613
f 6755/8071/5612 6698/8070/5611 6697/8065/5606 6756/8064/5605
f 6751/8063/5604 6696/8062/5603 6695/8061/5602 6752/8060/5601
f 6747/8059/5600 6694/8058/5599 6693/8057/5598 6748/8056/5597
f 6773/8521/5630 6728/8543/5629 6727/8421/5950 6774/8139/5678
f 6777/8136/5675 6726/8420/5949 6725/8085/5626 6778/8084/5625
f 6779/8083/5624 6724/8082/5623 6723/8107/5648 6780/8106/5647
f 6791/8105/5646 6734/8104/5645 6733/8099/5640 6792/8098/5639
f 6787/8097/5638 6732/8096/5637 6731/8095/5636 6788/8094/5635
f 6783/8093/5634 6730/8092/5633 6729/8091/5632 6784/8090/5631
f 6809/8524/5664 6764/8522/5663 6763/8425/5952 6810/8173/5712
f 6813/8170/5709 6762/8424/5951 6761/8121/5660 6814/8120/5659
f 6815/8119/5658 6760/8118/5657 6759/8143/5682 6816/8142/5681
f 6827/8141/5680 6770/8140/5679 6769/8135/5674 6828/8134/5673
f 6823/8133/5672 6768/8132/5671 6767/8131/5670 6824/8130/5669
f 6819/8129/5668 6766/8128/5667 6765/8127/5666 6820/8126/5665
f 6845/8527/5698 6800/8525/5697 6799/8427/5954 6846/8207/5746
f 6849/8204/5743 6798/8426/5953 6797/8155/5694 6850/8154/5693
f 6851/8153/5692 6796/8152/5691 6795/8177/5716 6852/8176/5715
f 6863/8175/5714 6806/8174/5713 6805/8169/5708 6864/8168/5707
f 6859/8167/5706 6804/8166/5705 6803/8165/5704 6860/8164/5703
f 6855/8163/5702 6802/8162/5701 6801/8161/5700 6856/8160/5699
f 6881/8530/5732 6836/8528/5731 6835/8429/5956 6882/8241/5780
f 6885/8238/5777 6834/8428/5955 6833/8189/5728 6886/8188/5727
f 6887/8187/5726 6832/8186/5725 6831/8211/5750 6888/8210/5749
f 6899/8209/5748 6842/8208/5747 6841/8203/5742 6900/8202/5741
f 6895/8201/5740 6840/8200/5739 6839/8199/5738 6896/8198/5737
f 6891/8197/5736 6838/8196/5735 6837/8195/5734 6892/8194/5733
f 6917/8533/5766 6872/8531/5765 6871/8431/5958 6918/8275/5813
f 6921/8272/5810 6870/8430/5957 6869/8223/5762 6922/8222/5761
f 6923/8221/5760 6868/8220/5759 6867/8245/5784 6924/8244/5783
f 6935/8243/5782 6878/8242/5781 6877/8237/5776 6936/8236/5775
f 6931/8235/5774 6876/8234/5773 6875/8233/5772 6932/8232/5771
f 6927/8231/5770 6874/8230/5769 6873/8229/5768 6928/8228/5767
f 6939/7808/5349 6908/8534/5799 6907/8433/5960 6940/7805/5346
f 6941/8298/5835 6906/8432/5959 6905/8257/5796 6942/8256/5795
f 6943/8255/5794 6904/8254/5793 6903/8279/5817 6944/8278/5816
f 6949/8277/5815 6914/8276/5814 6913/8271/5809 6950/8270/5808
f 6947/8269/5807 6912/8268/5806 6911/8267/5805 6948/8266/5804
f 6945/8265/5803 6910/8264/5802 6909/8263/5801 6946/8262/5800
f 7001/8538/5842 6956/8536/5841 6955/8435/5962 7002/8353/5890
f 7005/8350/5887 6954/8434/5961 6953/8303/5840 7006/8302/5839
f 7007/8301/5838 6952/8300/5837 6951/8321/5858 7008/8320/5857
f 7019/8319/5856 6962/8318/5855 6961/8315/5852 7020/8314/5851
f 7015/8313/5850 6960/8312/5849 6959/8311/5848 7016/8310/5847
f 7011/8309/5846 6958/8308/5845 6957/8307/5844 7012/8306/5843
f 7037/8541/5876 6992/8539/5875 6991/8437/5964 7038/8387/5924
f 7041/8384/5921 6990/8436/5963 6989/8335/5872 7042/8334/5871
f 7043/8333/5870 6988/8332/5869 6987/8357/5894 7044/8356/5893
f 7055/8355/5892 6998/8354/5891 6997/8349/5886 7056/8348/5885
f 7051/8347/5884 6996/8346/5883 6995/8345/5882 7052/8344/5881
f 7047/8343/5880 6994/8342/5879 6993/8341/5878 7048/8340/5877
f 5812/8442/5966 5843/7200/4754 5842/7203/4757 5815/8441/5965
