# Blender 5.2.0 LTS
# www.blender.org
mtllib roll_4670_collision.mtl
o tool_base
v 0.037033 0.302329 0.002153
v 0.037033 0.297005 0.005759
v 0.037033 0.301103 0.004027
v 0.037033 0.294769 0.005316
v 0.037033 0.299235 0.005301
v 0.037033 0.291645 0.002167
v 0.028956 0.284720 0.011621
v 0.028956 0.288347 0.014717
v 0.028136 0.327465 0.020556
v 0.026405 0.327465 0.013884
v 0.024665 0.327465 0.010186
v 0.026595 0.327220 0.013744
v 0.022668 0.327465 0.007536
v 0.020211 0.327465 0.005105
v 0.028644 0.327142 0.022817
v 0.018283 0.327465 0.003446
v 0.027684 0.327180 0.016915
v 0.028425 0.327167 0.020518
v 0.024933 0.327291 0.010073
v 0.025109 0.326462 0.009939
v 0.026758 0.325131 0.013513
v 0.028836 0.321215 0.022475
v 0.028956 0.320102 0.024762
v 0.027864 0.323794 0.016921
v 0.028514 0.322444 0.019900
v 0.029282 0.327162 0.027325
v 0.030250 0.327162 0.027643
v 0.031460 0.327281 0.027513
v 0.028823 0.327141 0.026394
v 0.041129 0.286709 0.003675
v 0.041540 0.288305 0.003546
v 0.038795 0.292819 0.016069
v 0.037723 0.287796 0.015357
v 0.039897 0.283671 0.003804
v 0.039549 0.284444 0.008048
v 0.039135 0.286062 0.011239
v 0.038859 0.288938 0.014167
v 0.037294 0.292440 0.018265
v 0.041184 0.291642 0.008192
v 0.041496 0.289734 0.006009
v 0.040628 0.287426 0.008085
v 0.037889 0.280337 0.004142
v 0.037884 0.281722 0.008291
v 0.037882 0.284062 0.012183
v 0.035706 0.279125 0.004479
v 0.035853 0.280660 0.008717
v 0.036048 0.283258 0.012740
v 0.029091 0.320102 0.026005
v 0.028956 0.292860 0.004073
v 0.028956 0.291590 0.002190
v 0.028956 0.281211 0.008569
v 0.028956 0.279776 0.004529
v 0.028956 0.283955 0.012322
v 0.028956 0.299248 0.005331
v 0.028956 0.287706 0.015579
v 0.028956 0.294762 0.005332
v 0.028956 0.301150 0.004073
v 0.028956 0.297005 0.005773
v 0.028956 0.296484 0.020496
v 0.034835 0.296041 0.021245
v 0.035890 0.291788 0.019059
v 0.036179 0.287008 0.016050
v 0.036301 0.296398 0.020421
v 0.032706 0.313247 0.026020
v 0.041795 0.289816 0.002907
v 0.031460 0.326670 0.027494
v 0.034914 0.313247 0.023329
v 0.031680 0.326717 0.027271
v 0.028956 0.292095 0.018037
v 0.028956 0.302421 0.002190
v 0.037033 0.292886 0.004048
v 0.034487 0.291465 0.019426
v 0.034716 0.286666 0.016396
v 0.034251 0.280163 0.008920
v 0.034067 0.278555 0.004639
v 0.039822 0.289804 0.012077
v 0.028995 0.326653 0.024760
v 0.028984 0.326647 0.026382
v 0.030264 0.326674 0.027436
v 0.028956 0.296530 0.019361
v 0.028956 0.303742 0.021960
v 0.028956 0.312298 0.023531
v 0.028519 0.327465 0.026426
v 0.029077 0.327465 0.027637
v 0.030247 0.327465 0.028036
v 0.018572 0.327161 0.002576
v 0.028839 0.327147 0.024754
v 0.031680 0.327351 0.027271
v 0.025434 0.325174 0.009364
v 0.020757 0.326848 0.004356
v 0.023146 0.326163 0.006462
v 0.028018 0.323081 0.016387
v 0.026999 0.324141 0.012976
v 0.021269 0.326484 0.003312
v 0.018572 0.327161 0.002120
v 0.026068 0.324521 0.008311
v 0.028139 0.322701 0.015101
v 0.027314 0.323661 0.011746
v 0.028956 0.280809 0.004362
v 0.028956 0.312298 0.011765
v 0.028956 0.320102 0.012381
v 0.028956 0.303371 0.002574
v 0.028956 0.297005 0.006786
v 0.028956 0.301877 0.004787
v 0.028956 0.294369 0.006267
v 0.028956 0.299642 0.006267
v 0.028956 0.290640 0.002574
v 0.028956 0.292133 0.004787
v 0.041258 0.297006 0.007312
v 0.041313 0.299831 0.006717
v 0.041785 0.290376 0.002680
v 0.041547 0.291856 0.005060
v 0.040615 0.297005 0.007303
v 0.040669 0.299829 0.006710
v 0.040824 0.302160 0.005065
v 0.041056 0.303633 0.002680
v 0.041141 0.290373 0.002681
v 0.040903 0.291850 0.005065
v 0.040669 0.294176 0.006724
v 0.039172 0.297005 0.007223
v 0.039172 0.299812 0.006670
v 0.039172 0.302191 0.005095
v 0.039172 0.303780 0.002739
v 0.039172 0.290230 0.002739
v 0.039172 0.291820 0.005095
v 0.039172 0.294199 0.006670
v 0.036578 0.297005 0.005759
v 0.036578 0.291643 0.002168
v 0.036578 0.299236 0.005302
v 0.036578 0.292885 0.004049
v 0.036578 0.302421 0.002190
v 0.036578 0.301105 0.004029
v 0.036578 0.294768 0.005316
v 0.029543 0.299244 0.005322
v 0.029543 0.292868 0.004065
v 0.029543 0.297005 0.005769
v 0.029543 0.291607 0.002182
v 0.029543 0.302391 0.002178
v 0.029543 0.301135 0.004058
v 0.029543 0.294764 0.005327
v 0.028574 0.326672 0.020467
v 0.025079 0.327036 0.010003
v 0.027860 0.326696 0.016975
v 0.026705 0.326763 0.013647
v 0.028792 0.326635 0.022804
v 0.033705 0.307303 0.024765
v 0.028956 0.306396 0.022447
v 0.028956 0.301577 0.022468
v 0.033613 0.301569 0.023484
v 0.034845 0.301981 0.022984
v 0.028956 0.301422 0.021124
v -0.037056 0.302329 0.002153
v -0.037037 0.297005 0.005759
v -0.037048 0.301103 0.004027
v -0.037037 0.294769 0.005316
v -0.037041 0.299235 0.005301
v -0.037047 0.291645 0.002167
v -0.028956 0.284720 0.011621
v -0.028956 0.288347 0.014717
v -0.026595 0.327220 0.013744
v -0.027684 0.327180 0.016915
v -0.028425 0.327167 0.020518
v -0.024933 0.327291 0.010073
v -0.025109 0.326462 0.009939
v -0.026758 0.325131 0.013513
v -0.029282 0.327162 0.027325
v -0.030250 0.327162 0.027643
v -0.028823 0.327141 0.026394
v -0.041129 0.286709 0.003675
v -0.041540 0.288305 0.003546
v -0.038795 0.292819 0.016069
v -0.037723 0.287796 0.015357
v -0.039897 0.283671 0.003804
v -0.039549 0.284444 0.008048
v -0.039135 0.286062 0.011239
v -0.038859 0.288938 0.014167
v -0.037294 0.292440 0.018265
v -0.041184 0.291642 0.008192
v -0.041496 0.289734 0.006009
v -0.040628 0.287426 0.008085
v -0.037889 0.280337 0.004142
v -0.037884 0.281722 0.008291
v -0.037882 0.284062 0.012183
v -0.035706 0.279125 0.004479
v -0.035853 0.280660 0.008717
v -0.036048 0.283258 0.012740
v -0.028956 0.292860 0.004073
v -0.028956 0.291590 0.002190
v -0.028956 0.281211 0.008569
v -0.028956 0.279776 0.004529
v -0.028956 0.283955 0.012322
v -0.028956 0.299248 0.005331
v -0.028956 0.287706 0.015579
v -0.028956 0.294762 0.005332
v -0.028956 0.301150 0.004073
v -0.028956 0.297005 0.005773
v -0.034835 0.296041 0.021245
v -0.035890 0.291788 0.019059
v -0.036179 0.287008 0.016050
v -0.036301 0.296398 0.020421
v -0.032706 0.313247 0.026020
v -0.041795 0.289816 0.002907
v -0.034914 0.313247 0.023329
v -0.028956 0.292095 0.018037
v -0.028956 0.302421 0.002190
v -0.037041 0.292886 0.004048
v -0.034487 0.291465 0.019426
v -0.033462 0.295881 0.021635
v -0.034716 0.286666 0.016396
v -0.034492 0.282893 0.013018
v -0.034251 0.280163 0.008920
v -0.034067 0.278555 0.004639
v -0.039822 0.289804 0.012077
v -0.028956 0.296530 0.019361
v -0.028956 0.303742 0.021960
v -0.028956 0.312298 0.023531
v -0.029077 0.327465 0.027637
v -0.028839 0.327147 0.024754
v -0.028956 0.280809 0.004362
v -0.028956 0.312298 0.011765
v -0.028956 0.320102 0.012381
v -0.028956 0.303371 0.002574
v -0.028956 0.297005 0.006786
v -0.028956 0.301877 0.004787
v -0.028956 0.294369 0.006267
v -0.028956 0.299642 0.006267
v -0.028956 0.290640 0.002574
v -0.028956 0.292133 0.004787
v -0.041710 0.290376 0.002680
v -0.041528 0.291849 0.005066
v -0.039170 0.297005 0.007203
v -0.039167 0.299796 0.006632
v -0.039163 0.302132 0.005038
v -0.039158 0.303666 0.002693
v -0.039162 0.290307 0.002708
v -0.039166 0.291856 0.005060
v -0.039169 0.294208 0.006647
v -0.036582 0.297005 0.005759
v -0.036595 0.291643 0.002168
v -0.036587 0.299236 0.005302
v -0.036588 0.292885 0.004049
v -0.036606 0.302332 0.002154
v -0.036597 0.301105 0.004029
v -0.036583 0.294768 0.005316
v -0.029559 0.299244 0.005322
v -0.029560 0.292868 0.004065
v -0.029550 0.297005 0.005769
v -0.029572 0.291607 0.002182
v -0.029591 0.302391 0.002178
v -0.029574 0.301135 0.004058
v -0.029551 0.294764 0.005327
v -0.025079 0.327036 0.010003
v -0.026705 0.326763 0.013647
v -0.033705 0.307303 0.024765
v -0.028956 0.306396 0.022447
v -0.033613 0.301569 0.023484
v -0.034845 0.301981 0.022984
v -0.028956 0.301422 0.021124
v 0.037033 0.302747 -0.000000
v 0.037033 0.302329 -0.002153
v 0.037033 0.297005 -0.005758
v 0.037033 0.301103 -0.004027
v 0.037033 0.294769 -0.005316
v 0.037033 0.299235 -0.005301
v 0.037033 0.291645 -0.002167
v 0.028956 0.284720 -0.011621
v 0.028956 0.288347 -0.014717
v 0.028367 0.327465 -0.022808
v 0.028136 0.327465 -0.020556
v 0.024665 0.327465 -0.010186
v 0.026595 0.327220 -0.013744
v 0.028644 0.327142 -0.022817
v 0.027684 0.327180 -0.016915
v 0.028425 0.327167 -0.020518
v 0.024933 0.327291 -0.010073
v 0.029282 0.327162 -0.027325
v 0.030250 0.327162 -0.027643
v 0.031460 0.327281 -0.027513
v 0.028823 0.327141 -0.026394
v 0.037875 0.279848 -0.000000
v 0.035629 0.278551 -0.000000
v 0.041129 0.286709 -0.003675
v 0.041540 0.288305 -0.003546
v 0.038795 0.292819 -0.016069
v 0.037723 0.287796 -0.015357
v 0.039897 0.283671 -0.003804
v 0.039549 0.284444 -0.008048
v 0.039135 0.286062 -0.011239
v 0.038859 0.288938 -0.014167
v 0.037294 0.292440 -0.018265
v 0.041184 0.291642 -0.008192
v 0.041496 0.289734 -0.006009
v 0.040628 0.287426 -0.008085
v 0.041338 0.286455 -0.000000
v 0.041806 0.287674 -0.000000
v 0.040008 0.283464 -0.000000
v 0.037889 0.280337 -0.004142
v 0.037884 0.281722 -0.008291
v 0.037882 0.284062 -0.012183
v 0.035706 0.279125 -0.004479
v 0.035853 0.280660 -0.008717
v 0.036048 0.283258 -0.012740
v 0.028956 0.279212 -0.000000
v 0.028956 0.291143 -0.000000
v 0.028956 0.292860 -0.004073
v 0.028956 0.291590 -0.002190
v 0.028956 0.281211 -0.008569
v 0.028956 0.279776 -0.004529
v 0.028956 0.283955 -0.012322
v 0.028956 0.299248 -0.005331
v 0.028956 0.287706 -0.015579
v 0.028956 0.294762 -0.005331
v 0.028956 0.301150 -0.004073
v 0.028956 0.297005 -0.005773
v 0.034835 0.296041 -0.021245
v 0.035890 0.291788 -0.019059
v 0.036179 0.287008 -0.016050
v 0.036301 0.296398 -0.020421
v 0.032706 0.313247 -0.026020
v 0.041991 0.304787 -0.000000
v 0.041795 0.289816 -0.002907
v 0.031460 0.326670 -0.027494
v 0.034914 0.313247 -0.023329
v 0.031680 0.326717 -0.027271
v 0.028956 0.292095 -0.018037
v 0.028956 0.302421 -0.002190
v 0.028956 0.302867 -0.000000
v 0.037033 0.292886 -0.004048
v 0.034487 0.291465 -0.019426
v 0.033462 0.295881 -0.021635
v 0.034716 0.286666 -0.016396
v 0.033978 0.277942 -0.000000
v 0.034251 0.280163 -0.008920
v 0.034067 0.278555 -0.004639
v 0.039822 0.289804 -0.012077
v 0.028995 0.326653 -0.024760
v 0.028984 0.326647 -0.026382
v 0.029409 0.326672 -0.027168
v 0.030264 0.326674 -0.027436
v 0.028956 0.296530 -0.019361
v 0.028956 0.303742 -0.021960
v 0.028956 0.312298 -0.023531
v 0.028529 0.327465 -0.024742
v 0.028839 0.327147 -0.024754
v 0.031680 0.327351 -0.027271
v 0.026068 0.324521 -0.000000
v 0.028139 0.322701 -0.000000
v 0.027314 0.323661 -0.000000
v 0.028956 0.320102 -0.000000
v 0.015875 0.327465 -0.001597
v 0.028956 0.280243 -0.000000
v 0.028956 0.280809 -0.004362
v 0.028956 0.312298 -0.000000
v 0.028956 0.312298 -0.011765
v 0.028956 0.320102 -0.012381
v 0.028956 0.303895 -0.000000
v 0.028956 0.303371 -0.002574
v 0.028956 0.297005 -0.006786
v 0.028956 0.301877 -0.004787
v 0.028956 0.294369 -0.006267
v 0.028956 0.299642 -0.006267
v 0.028956 0.290640 -0.002574
v 0.028956 0.292133 -0.004787
v 0.028956 0.290115 -0.000000
v 0.041785 0.290376 -0.002680
v 0.040615 0.297005 -0.007303
v 0.040669 0.299829 -0.006710
v 0.040824 0.302160 -0.005065
v 0.041056 0.303633 -0.002680
v 0.041326 0.304061 -0.000000
v 0.041141 0.290373 -0.002681
v 0.040903 0.291850 -0.005065
v 0.040669 0.294176 -0.006724
v 0.039172 0.297005 -0.007203
v 0.039172 0.299812 -0.006670
v 0.039172 0.302191 -0.005095
v 0.039172 0.303780 -0.002739
v 0.039172 0.304338 -0.000000
v 0.039172 0.290230 -0.002739
v 0.039172 0.291820 -0.005095
v 0.039172 0.294208 -0.006647
v 0.036578 0.297005 -0.005759
v 0.036578 0.291643 -0.002168
v 0.036578 0.299236 -0.005302
v 0.036578 0.292885 -0.004049
v 0.036578 0.302752 -0.000000
v 0.036578 0.302332 -0.002154
v 0.036578 0.301105 -0.004029
v 0.036578 0.294768 -0.005316
v 0.029543 0.299244 -0.005322
v 0.029543 0.292868 -0.004065
v 0.029543 0.302828 -0.000000
v 0.029543 0.297005 -0.005769
v 0.029543 0.291607 -0.002182
v 0.029543 0.302391 -0.002178
v 0.029543 0.301135 -0.004058
v 0.029543 0.294764 -0.005327
v 0.028574 0.326672 -0.020467
v 0.028792 0.326635 -0.022804
v 0.033705 0.307303 -0.024765
v 0.028956 0.306396 -0.022447
v 0.033613 0.301569 -0.023483
v 0.034845 0.301981 -0.022984
v 0.028956 0.301422 -0.021124
v -0.037060 0.302747 -0.000000
v -0.037056 0.302329 -0.002153
v -0.037037 0.297005 -0.005758
v -0.037048 0.301103 -0.004027
v -0.037037 0.294769 -0.005316
v -0.037041 0.299235 -0.005301
v -0.037047 0.291645 -0.002167
v -0.028956 0.284720 -0.011621
v -0.028956 0.288347 -0.014717
v -0.028367 0.327465 -0.022808
v -0.027351 0.327465 -0.016791
v -0.026405 0.327465 -0.013884
v -0.024665 0.327465 -0.010186
v -0.015875 0.327465 -0.001940
v -0.026595 0.327220 -0.013744
v -0.022668 0.327465 -0.007536
v -0.028644 0.327142 -0.022817
v -0.027684 0.327180 -0.016915
v -0.028425 0.327167 -0.020518
v -0.024933 0.327291 -0.010073
v -0.029282 0.327162 -0.027325
v -0.028823 0.327141 -0.026394
v -0.037875 0.279848 -0.000000
v -0.035629 0.278551 -0.000000
v -0.041129 0.286709 -0.003675
v -0.041540 0.288305 -0.003546
v -0.038795 0.292819 -0.016069
v -0.037723 0.287796 -0.015357
v -0.039897 0.283671 -0.003804
v -0.039549 0.284444 -0.008048
v -0.039135 0.286062 -0.011239
v -0.038859 0.288938 -0.014167
v -0.037294 0.292440 -0.018265
v -0.041184 0.291642 -0.008192
v -0.041496 0.289734 -0.006009
v -0.040628 0.287426 -0.008085
v -0.041338 0.286455 -0.000000
v -0.041806 0.287674 -0.000000
v -0.040008 0.283464 -0.000000
v -0.037889 0.280337 -0.004142
v -0.037884 0.281722 -0.008291
v -0.037882 0.284062 -0.012183
v -0.035706 0.279125 -0.004479
v -0.035853 0.280660 -0.008717
v -0.036048 0.283258 -0.012740
v -0.028956 0.291143 -0.000000
v -0.028956 0.292860 -0.004073
v -0.028956 0.291590 -0.002190
v -0.028956 0.299248 -0.005331
v -0.028956 0.294762 -0.005331
v -0.028956 0.301150 -0.004073
v -0.028956 0.297005 -0.005773
v -0.034835 0.296041 -0.021245
v -0.035890 0.291788 -0.019059
v -0.036179 0.287008 -0.016050
v -0.036301 0.296398 -0.020421
v -0.032706 0.313247 -0.026020
v -0.041991 0.289224 -0.000000
v -0.041795 0.289816 -0.002907
v -0.034914 0.313247 -0.023329
v -0.028956 0.302421 -0.002190
v -0.028956 0.302867 -0.000000
v -0.037041 0.292886 -0.004048
v -0.037051 0.291221 -0.000000
v -0.034487 0.291465 -0.019426
v -0.033462 0.295881 -0.021635
v -0.033978 0.277942 -0.000000
v -0.034067 0.278555 -0.004639
v -0.039822 0.289804 -0.012077
v -0.028995 0.326653 -0.024760
v -0.028984 0.326647 -0.026382
v -0.029409 0.326672 -0.027168
v -0.028956 0.296530 -0.019361
v -0.028956 0.303742 -0.021960
v -0.028956 0.312298 -0.023531
v -0.028519 0.327465 -0.026426
v -0.028839 0.327147 -0.024754
v -0.015875 0.327465 -0.000000
v -0.028956 0.320102 -0.000000
v -0.028956 0.280243 -0.000000
v -0.028956 0.280809 -0.004362
v -0.028956 0.312298 -0.000000
v -0.028956 0.312298 -0.011765
v -0.028956 0.320102 -0.012381
v -0.028956 0.303895 -0.000000
v -0.028956 0.303371 -0.002574
v -0.028956 0.297005 -0.006786
v -0.028956 0.301877 -0.004787
v -0.028956 0.294369 -0.006267
v -0.028956 0.299642 -0.006267
v -0.028956 0.290640 -0.002574
v -0.028956 0.292133 -0.004787
v -0.028956 0.290115 -0.000000
v -0.041294 0.297006 -0.007312
v -0.041333 0.299831 -0.006717
v -0.041451 0.302163 -0.005068
v -0.041627 0.303632 -0.002679
v -0.041847 0.289920 -0.000000
v -0.041710 0.290376 -0.002680
v -0.041528 0.291849 -0.005066
v -0.041339 0.294174 -0.006730
v -0.039170 0.297005 -0.007203
v -0.039167 0.299796 -0.006632
v -0.039163 0.302132 -0.005038
v -0.039158 0.303666 -0.002693
v -0.039155 0.304188 -0.000000
v -0.039160 0.289779 -0.000000
v -0.039162 0.290307 -0.002708
v -0.039166 0.291856 -0.005060
v -0.039169 0.294208 -0.006647
v -0.036582 0.297005 -0.005759
v -0.036595 0.291643 -0.002168
v -0.036587 0.299236 -0.005302
v -0.036588 0.292885 -0.004049
v -0.036612 0.302752 -0.000000
v -0.036600 0.291218 -0.000000
v -0.036606 0.302332 -0.002154
v -0.036597 0.301105 -0.004029
v -0.036583 0.294768 -0.005316
v -0.029559 0.299244 -0.005322
v -0.029560 0.292868 -0.004065
v -0.029601 0.302828 -0.000000
v -0.029550 0.297005 -0.005769
v -0.029572 0.291607 -0.002182
v -0.029580 0.291168 -0.000000
v -0.029591 0.302391 -0.002178
v -0.029574 0.301135 -0.004058
v -0.029551 0.294764 -0.005327
v -0.028574 0.326672 -0.020467
v -0.025079 0.327036 -0.010003
v -0.027860 0.326696 -0.016975
v -0.026705 0.326763 -0.013647
v -0.028792 0.326635 -0.022804
v -0.033705 0.307303 -0.024765
v -0.028956 0.306396 -0.022447
v -0.033613 0.301569 -0.023483
v -0.034845 0.301981 -0.022984
v -0.028956 0.301422 -0.021124
v 0.011431 0.327468 0.014902
v 0.008529 0.327468 0.016104
v 0.007327 0.327468 0.019006
v 0.008529 0.327468 0.021908
v 0.011431 0.327468 0.023110
v 0.014333 0.327468 0.021908
v 0.015535 0.327468 0.019006
v 0.014333 0.327468 0.016104
v 0.021602 0.327468 0.011890
v 0.018700 0.327468 0.013092
v 0.017498 0.327468 0.015994
v 0.018700 0.327468 0.018896
v 0.021602 0.327468 0.020098
v 0.024504 0.327468 0.018896
v 0.025706 0.327468 0.015994
v 0.024504 0.327468 0.013092
v 0.002553 0.327468 0.022575
v -0.000349 0.327468 0.023777
v -0.001551 0.327468 0.026679
v -0.000349 0.327468 0.029580
v 0.002553 0.327468 0.030782
v 0.005455 0.327468 0.029580
v 0.006657 0.327468 0.026679
v 0.005455 0.327468 0.023777
v -0.015266 0.327468 0.013546
v -0.019332 0.327468 0.015230
v -0.021016 0.327468 0.019296
v -0.019332 0.327468 0.023362
v -0.015266 0.327468 0.025047
v -0.011200 0.327468 0.023362
v -0.009515 0.327468 0.019296
v -0.011200 0.327468 0.015230
v -0.015266 0.328890 0.015314
v -0.018082 0.328890 0.016480
v -0.019248 0.328890 0.019296
v -0.018082 0.328890 0.022112
v -0.015266 0.328890 0.023279
v -0.012450 0.328890 0.022112
v -0.011283 0.328890 0.019296
v -0.012450 0.328890 0.016480
v 0.002553 0.328890 0.024216
v 0.000812 0.328890 0.024937
v 0.000091 0.328890 0.026679
v 0.000812 0.328890 0.028420
v 0.002553 0.328890 0.029141
v 0.004294 0.328890 0.028420
v 0.005015 0.328890 0.026679
v 0.004294 0.328890 0.024937
v 0.011431 0.328890 0.016543
v 0.009690 0.328890 0.017265
v 0.008969 0.328890 0.019006
v 0.009690 0.328890 0.020747
v 0.011431 0.328890 0.021468
v 0.013172 0.328890 0.020747
v 0.013894 0.328890 0.019006
v 0.013172 0.328890 0.017265
v 0.021602 0.328890 0.013531
v 0.019860 0.328890 0.014252
v 0.019139 0.328890 0.015994
v 0.019860 0.328890 0.017735
v 0.021602 0.328890 0.018456
v 0.023343 0.328890 0.017735
v 0.024064 0.328890 0.015994
v 0.023343 0.328890 0.014252
v -0.015266 0.341622 0.015314
v -0.018082 0.341622 0.016480
v -0.019248 0.341622 0.019296
v -0.018082 0.341622 0.022112
v -0.015266 0.341622 0.023279
v -0.012450 0.341622 0.022112
v -0.011283 0.341622 0.019296
v -0.012450 0.341622 0.016480
v 0.002553 0.341622 0.024216
v 0.000812 0.341622 0.024937
v 0.000091 0.341622 0.026679
v 0.000812 0.341622 0.028420
v 0.002553 0.341622 0.029141
v 0.004294 0.341622 0.028420
v 0.005015 0.341622 0.026679
v 0.004294 0.341622 0.024937
v 0.011431 0.341622 0.016543
v 0.009690 0.341622 0.017265
v 0.008969 0.341622 0.019006
v 0.009690 0.341622 0.020747
v 0.011431 0.341622 0.021468
v 0.013172 0.341622 0.020747
v 0.013894 0.341622 0.019006
v 0.013172 0.341622 0.017265
v 0.021602 0.341622 0.013531
v 0.019860 0.341622 0.014252
v 0.019139 0.341622 0.015994
v 0.019860 0.341622 0.017735
v 0.021602 0.341622 0.018456
v 0.023343 0.341622 0.017735
v 0.024064 0.341622 0.015994
v 0.023343 0.341622 0.014252
v -0.028136 0.327465 0.020556
v -0.027351 0.327465 0.016791
v -0.026405 0.327465 0.013884
v -0.024665 0.327465 0.010186
v -0.022668 0.327465 0.007536
v -0.028529 0.327465 0.024742
v -0.028519 0.327465 0.026426
v -0.027374 0.327465 0.020555
v -0.026710 0.327465 0.017125
v -0.025765 0.327465 0.014219
v -0.024025 0.327465 0.010520
v -0.022394 0.327465 0.008352
v -0.020123 0.327465 0.005921
v -0.027756 0.327465 0.026426
v -0.027379 0.327465 0.028025
v -0.015266 0.327468 0.012856
v -0.019820 0.327468 0.014742
v -0.021706 0.327468 0.019296
v -0.015266 0.327468 0.025737
v -0.010712 0.327468 0.023850
v -0.008825 0.327468 0.019296
v -0.010712 0.327468 0.014742
v 0.002553 0.327468 0.022082
v -0.000697 0.327468 0.023428
v -0.002043 0.327468 0.026679
v -0.000697 0.327468 0.029929
v 0.002553 0.327468 0.031275
v 0.005803 0.327468 0.029929
v 0.007149 0.327468 0.026679
v 0.005803 0.327468 0.023428
v 0.011431 0.327468 0.014409
v 0.008181 0.327468 0.015756
v 0.006835 0.327468 0.019006
v 0.008181 0.327468 0.022256
v 0.011431 0.327468 0.023602
v 0.014681 0.327468 0.022256
v 0.016028 0.327468 0.019006
v 0.014681 0.327468 0.015756
v 0.021602 0.327468 0.011397
v 0.018351 0.327468 0.012743
v 0.017005 0.327468 0.015994
v 0.018351 0.327468 0.019244
v 0.021602 0.327468 0.020590
v 0.024852 0.327468 0.019244
v 0.026198 0.327468 0.015994
v 0.024852 0.327468 0.012743
v -0.000137 0.327727 0.023989
v -0.001251 0.327727 0.026679
v -0.000137 0.327727 0.029368
v 0.002553 0.327727 0.030483
v 0.005243 0.327727 0.029368
v 0.006357 0.327727 0.026679
v 0.002553 0.327727 0.022874
v 0.005243 0.327727 0.023989
v 0.018899 0.327712 0.013291
v 0.017780 0.327712 0.015994
v 0.018899 0.327712 0.018696
v 0.021602 0.327712 0.019816
v 0.024304 0.327712 0.018696
v 0.025424 0.327712 0.015994
v 0.021602 0.327712 0.012172
v 0.024304 0.327712 0.013291
v 0.011431 0.327653 0.015115
v 0.008680 0.327653 0.016255
v 0.007541 0.327653 0.019006
v 0.011431 0.327653 0.022896
v 0.014182 0.327653 0.021757
v 0.015322 0.327653 0.019006
v 0.014182 0.327653 0.016255
v -0.019076 0.327759 0.015486
v -0.020654 0.327759 0.019296
v -0.019076 0.327759 0.023106
v -0.015266 0.327759 0.024685
v -0.011456 0.327759 0.023106
v -0.009877 0.327759 0.019296
v -0.015266 0.327759 0.013908
v -0.011456 0.327759 0.015486
v -0.011431 0.327468 -0.014902
v -0.008529 0.327468 -0.016104
v -0.007327 0.327468 -0.019006
v -0.008529 0.327468 -0.021908
v -0.011431 0.327468 -0.023110
v -0.014333 0.327468 -0.021908
v -0.015535 0.327468 -0.019006
v -0.014333 0.327468 -0.016104
v -0.018700 0.327468 -0.013092
v -0.017498 0.327468 -0.015994
v -0.018700 0.327468 -0.018896
v -0.021602 0.327468 -0.020098
v 0.015266 0.328890 -0.015313
v 0.018082 0.328890 -0.016480
v 0.019248 0.328890 -0.019296
v 0.018082 0.328890 -0.022112
v 0.015266 0.328890 -0.023279
v 0.012450 0.328890 -0.022112
v 0.011283 0.328890 -0.019296
v 0.012450 0.328890 -0.016480
v -0.002553 0.328890 -0.024216
v -0.000812 0.328890 -0.024937
v -0.000091 0.328890 -0.026678
v -0.000812 0.328890 -0.028420
v -0.002553 0.328890 -0.029141
v -0.004294 0.328890 -0.028420
v -0.005015 0.328890 -0.026678
v -0.004294 0.328890 -0.024937
v -0.011431 0.328890 -0.016543
v -0.009690 0.328890 -0.017265
v -0.008969 0.328890 -0.019006
v -0.009690 0.328890 -0.020747
v -0.011431 0.328890 -0.021468
v -0.013172 0.328890 -0.020747
v -0.013894 0.328890 -0.019006
v -0.013172 0.328890 -0.017265
v -0.021602 0.328890 -0.013531
v -0.019860 0.328890 -0.014252
v -0.019139 0.328890 -0.015994
v -0.019860 0.328890 -0.017735
v -0.021602 0.328890 -0.018456
v -0.023343 0.328890 -0.017735
v -0.024064 0.328890 -0.015994
v -0.023343 0.328890 -0.014252
v 0.015266 0.341622 -0.015313
v 0.018082 0.341622 -0.016480
v 0.019248 0.341622 -0.019296
v 0.018082 0.341622 -0.022112
v 0.015266 0.341622 -0.023279
v 0.012450 0.341622 -0.022112
v 0.011283 0.341622 -0.019296
v 0.012450 0.341622 -0.016480
v -0.002553 0.341622 -0.024216
v -0.000812 0.341622 -0.024937
v -0.000091 0.341622 -0.026678
v -0.000812 0.341622 -0.028420
v -0.002553 0.341622 -0.029141
v -0.004294 0.341622 -0.028420
v -0.005015 0.341622 -0.026678
v -0.004294 0.341622 -0.024937
v -0.011431 0.341622 -0.016543
v -0.009690 0.341622 -0.017265
v -0.008969 0.341622 -0.019006
v -0.009690 0.341622 -0.020747
v -0.011431 0.341622 -0.021468
v -0.013172 0.341622 -0.020747
v -0.013894 0.341622 -0.019006
v -0.013172 0.341622 -0.017265
v -0.021602 0.341622 -0.013531
v -0.019860 0.341622 -0.014252
v -0.019139 0.341622 -0.015994
v -0.019860 0.341622 -0.017735
v -0.021602 0.341622 -0.018456
v -0.023343 0.341622 -0.017735
v -0.024064 0.341622 -0.015994
v -0.023343 0.341622 -0.014252
v 0.028367 0.327465 0.022808
v 0.027351 0.327465 0.016791
v 0.015875 0.327465 0.001940
v 0.041184 0.384746 0.008192
v 0.038795 0.384746 0.016069
v 0.034914 0.384746 0.023329
v 0.029692 0.384746 0.029692
v 0.023329 0.384746 0.034915
v 0.016069 0.384746 0.038795
v 0.008192 0.384746 0.041184
v 0.029692 0.327728 0.029692
v 0.023329 0.327728 0.033901
v 0.016069 0.327728 0.036583
v 0.008192 0.327728 0.038289
v 0.028932 0.327465 0.029093
v 0.028101 0.327728 0.030998
v 0.019699 0.336601 0.036855
v 0.023329 0.333421 0.034915
v 0.016069 0.339150 0.038795
v 0.019699 0.338666 0.036855
v 0.008192 0.342658 0.041184
v 0.031214 0.327711 0.027838
v 0.028529 0.327465 0.024742
v 0.015875 0.327465 0.001597
v 0.027592 0.328442 0.031416
v 0.015875 0.327465 0.034712
v 0.022077 0.327465 0.032515
v 0.027747 0.327465 0.028788
v 0.007839 0.327465 0.036770
v 0.026204 0.327465 0.030054
v 0.031214 0.328412 0.027838
v 0.008192 0.342278 0.041108
v 0.025604 0.327465 0.030412
v 0.027374 0.327465 0.020555
v 0.026710 0.327465 0.017125
v 0.025765 0.327465 0.014219
v 0.024025 0.327465 0.010520
v 0.022394 0.327465 0.008352
v 0.020123 0.327465 0.005921
v 0.017881 0.327465 0.004110
v 0.027605 0.327465 0.022808
v 0.027767 0.327465 0.024742
v 0.027756 0.327465 0.026426
v 0.021709 0.327465 0.031752
v 0.027379 0.327465 0.028025
v 0.025836 0.327465 0.029291
v 0.025237 0.327465 0.029649
v 0.000000 0.384746 0.041991
v -0.041184 0.384746 0.008192
v -0.038795 0.384746 0.016069
v -0.034914 0.384746 0.023329
v -0.029692 0.384746 0.029692
v -0.023329 0.384746 0.034915
v -0.016069 0.384746 0.038795
v -0.008192 0.384746 0.041184
v 0.000000 0.327728 0.038882
v -0.029692 0.327728 0.029692
v -0.023329 0.327728 0.033901
v -0.016069 0.327728 0.036583
v -0.008192 0.327728 0.038289
v -0.015719 0.327465 0.035775
v -0.028932 0.327465 0.029093
v -0.028101 0.327728 0.030998
v -0.023329 0.333421 0.034915
v -0.016069 0.339150 0.038795
v -0.019699 0.338666 0.036855
v -0.008192 0.342658 0.041184
v 0.000000 0.343850 0.041991
v -0.027389 0.327465 0.030359
v -0.031214 0.327711 0.027838
v -0.030247 0.327465 0.028036
v -0.027592 0.328442 0.031416
v -0.015875 0.327465 0.034712
v -0.027747 0.327465 0.028788
v 0.000000 0.327465 0.037345
v -0.026204 0.327465 0.030054
v -0.031214 0.328412 0.027838
v -0.026716 0.327465 0.030768
v -0.027408 0.327728 0.031420
v -0.025604 0.327465 0.030412
v 0.000000 0.327465 0.001940
v 0.000000 0.327465 0.033860
v -0.027767 0.327465 0.024742
v 0.027351 0.327465 -0.016791
v 0.026405 0.327465 -0.013884
v 0.015875 0.327465 -0.001940
v 0.022668 0.327465 -0.007536
v 0.041991 0.384746 -0.000000
v 0.041184 0.384746 -0.008192
v 0.038795 0.384746 -0.016069
v 0.034914 0.384746 -0.023329
v 0.029692 0.384746 -0.029692
v 0.023329 0.384746 -0.034914
v 0.016069 0.384746 -0.038795
v 0.008192 0.384746 -0.041184
v 0.034914 0.327714 -0.023329
v 0.029692 0.327728 -0.029692
v 0.023329 0.327728 -0.033901
v 0.016069 0.327728 -0.036583
v 0.008192 0.327728 -0.038289
v 0.028101 0.327728 -0.030998
v 0.012131 0.341284 -0.039990
v 0.019699 0.336601 -0.036855
v 0.023329 0.333421 -0.034914
v 0.016069 0.339150 -0.038795
v 0.019699 0.338666 -0.036855
v 0.008192 0.342658 -0.041184
v 0.004096 0.343549 -0.041588
v 0.008192 0.340042 -0.040657
v 0.031214 0.327711 -0.027838
v 0.028519 0.327465 -0.026426
v 0.029077 0.327465 -0.027637
v 0.030247 0.327465 -0.028036
v 0.015875 0.327465 -0.000000
v 0.027592 0.328442 -0.031416
v 0.031214 0.328412 -0.027838
v 0.008192 0.342278 -0.041108
v 0.027374 0.327465 -0.020555
v 0.026710 0.327465 -0.017125
v 0.025765 0.327465 -0.014219
v 0.024025 0.327465 -0.010520
v 0.022394 0.327465 -0.008352
v 0.027605 0.327465 -0.022808
v 0.031680 0.327714 -0.027271
v -0.028136 0.327465 -0.020556
v 0.000000 0.384746 -0.041991
v -0.041991 0.384746 -0.000000
v -0.041184 0.384746 -0.008192
v -0.038795 0.384746 -0.016069
v -0.034914 0.384746 -0.023329
v -0.029692 0.384746 -0.029692
v -0.023329 0.384746 -0.034914
v -0.016069 0.384746 -0.038795
v -0.008192 0.384746 -0.041184
v 0.000000 0.327728 -0.038882
v -0.029692 0.327728 -0.029692
v -0.023329 0.327728 -0.033901
v -0.016069 0.327728 -0.036583
v -0.008192 0.327728 -0.038289
v -0.028932 0.327465 -0.029093
v -0.028101 0.327728 -0.030998
v -0.023329 0.333421 -0.034914
v -0.016069 0.339150 -0.038795
v -0.019699 0.338666 -0.036855
v -0.008192 0.342658 -0.041184
v -0.004096 0.343549 -0.041588
v 0.000000 0.343850 -0.041991
v 0.000000 0.341572 -0.041546
v -0.028529 0.327465 -0.024742
v -0.029077 0.327465 -0.027637
v -0.015875 0.327465 -0.001597
v -0.027592 0.328442 -0.031416
v -0.027747 0.327465 -0.028788
v -0.031214 0.328412 -0.027838
v 0.000000 0.343519 -0.041926
v -0.008192 0.342278 -0.041108
v 0.000000 0.327465 -0.001940
v 0.000000 0.327465 -0.000000
v 0.000000 0.327465 -0.001597
v -0.027374 0.327465 -0.020555
v -0.026710 0.327465 -0.017125
v -0.025765 0.327465 -0.014219
v -0.024025 0.327465 -0.010520
v -0.022394 0.327465 -0.008352
v -0.020123 0.327465 -0.005921
v -0.017881 0.327465 -0.004110
v -0.027605 0.327465 -0.022808
v -0.027767 0.327465 -0.024742
v -0.027756 0.327465 -0.026426
v -0.027379 0.327465 -0.028025
v 0.008825 0.327468 -0.019296
v 0.010712 0.327468 -0.014742
v -0.011431 0.327468 -0.014409
v -0.008181 0.327468 -0.015756
v -0.006835 0.327468 -0.019006
v -0.014681 0.327468 -0.015756
v -0.018351 0.327468 -0.012743
v -0.017005 0.327468 -0.015994
v 0.000137 0.327727 -0.029368
v -0.002553 0.327727 -0.030483
v -0.005243 0.327727 -0.029368
v -0.006357 0.327727 -0.026678
v -0.018899 0.327712 -0.013291
v -0.017780 0.327712 -0.015994
v -0.018899 0.327712 -0.018696
v -0.021602 0.327712 -0.019816
v -0.024304 0.327712 -0.018696
v -0.025424 0.327712 -0.015994
v -0.021602 0.327712 -0.012172
v -0.024304 0.327712 -0.013291
v -0.011431 0.327653 -0.015115
v -0.008680 0.327653 -0.016255
v -0.008680 0.327653 -0.021757
v -0.011431 0.327653 -0.022896
v -0.014182 0.327653 -0.021757
v -0.015322 0.327653 -0.019006
v -0.014182 0.327653 -0.016255
v 0.040820 0.385736 0.008120
v 0.038451 0.385736 0.015927
v 0.034605 0.385736 0.023123
v 0.029429 0.385736 0.029429
v 0.023122 0.385736 0.034605
v 0.015927 0.385736 0.038451
v 0.008119 0.385736 0.040820
v 0.000000 0.385736 0.041619
v -0.040820 0.385736 0.008120
v -0.038451 0.385736 0.015927
v -0.034605 0.385736 0.023123
v -0.029429 0.385736 0.029429
v -0.023122 0.385736 0.034605
v -0.015927 0.385736 0.038451
v -0.008119 0.385736 0.040820
v 0.041619 0.385736 -0.000000
v 0.040820 0.385736 -0.008120
v 0.038451 0.385736 -0.015927
v 0.034605 0.385736 -0.023122
v 0.029429 0.385736 -0.029429
v 0.023122 0.385736 -0.034605
v 0.015927 0.385736 -0.038451
v 0.008119 0.385736 -0.040820
v 0.000000 0.385736 -0.041619
v -0.041619 0.385736 -0.000000
v -0.040820 0.385736 -0.008120
v -0.038451 0.385736 -0.015927
v -0.034605 0.385736 -0.023122
v -0.029429 0.385736 -0.029429
v -0.023122 0.385736 -0.034605
v -0.015927 0.385736 -0.038451
v -0.008119 0.385736 -0.040820
v 0.038218 0.385736 0.007602
v 0.036001 0.385736 0.014912
v 0.032400 0.385736 0.021649
v 0.027554 0.385736 0.027554
v 0.021649 0.385736 0.032400
v 0.014912 0.385736 0.036001
v 0.007602 0.385736 0.038218
v 0.000000 0.385736 0.038967
v -0.038218 0.385736 0.007602
v -0.036001 0.385736 0.014912
v -0.032400 0.385736 0.021649
v -0.027554 0.385736 0.027554
v -0.021649 0.385736 0.032400
v -0.014912 0.385736 0.036001
v -0.007602 0.385736 0.038218
v 0.038967 0.385736 -0.000000
v 0.038218 0.385736 -0.007602
v 0.036001 0.385736 -0.014912
v 0.032400 0.385736 -0.021649
v 0.027554 0.385736 -0.027554
v 0.021649 0.385736 -0.032400
v 0.014912 0.385736 -0.036001
v 0.007602 0.385736 -0.038218
v 0.000000 0.385736 -0.038967
v -0.038967 0.385736 -0.000000
v -0.038218 0.385736 -0.007602
v -0.036001 0.385736 -0.014912
v -0.032400 0.385736 -0.021649
v -0.027554 0.385736 -0.027554
v -0.021649 0.385736 -0.032400
v -0.014912 0.385736 -0.036001
v -0.007602 0.385736 -0.038218
v -0.041184 0.385166 -0.008192
v -0.041991 0.385166 -0.000000
v 0.034914 0.385166 0.023329
v 0.029692 0.385166 0.029692
v -0.038795 0.385166 -0.016069
v -0.034914 0.385166 -0.023329
v -0.041184 0.385166 0.008192
v 0.023329 0.385166 0.034915
v 0.041184 0.385166 -0.008192
v -0.029692 0.385166 -0.029692
v -0.023329 0.385166 -0.034914
v -0.038795 0.385166 0.016069
v 0.016069 0.385166 0.038795
v 0.008192 0.385166 0.041184
v 0.038795 0.385166 0.016069
v -0.016069 0.385166 -0.038795
v -0.023329 0.385166 0.034915
v -0.016069 0.385166 0.038795
v 0.034914 0.385166 -0.023329
v 0.038795 0.385166 -0.016069
v 0.008192 0.385166 -0.041184
v 0.000000 0.385166 0.041991
v -0.008192 0.385166 0.041184
v -0.008192 0.385166 -0.041184
v 0.000000 0.385166 -0.041991
v -0.029692 0.385166 0.029692
v -0.034914 0.385166 0.023329
v 0.041991 0.385166 -0.000000
v 0.041184 0.385166 0.008192
v 0.023329 0.385166 -0.034914
v 0.029692 0.385166 -0.029692
v 0.016069 0.385166 -0.038795
v 0.000000 0.363026 0.041991
v 0.000000 0.363026 -0.041991
v -0.041991 0.363026 -0.000000
v -0.038795 0.363026 0.016069
v -0.034914 0.363026 0.023329
v -0.029692 0.363026 0.029692
v -0.023329 0.363026 0.034915
v -0.016069 0.363026 0.038795
v -0.008192 0.363026 0.041184
v -0.041184 0.363026 -0.008192
v -0.038795 0.363026 -0.016069
v -0.034914 0.363026 -0.023329
v -0.029692 0.363026 -0.029692
v -0.023329 0.363026 -0.034914
v -0.016069 0.363026 -0.038795
v -0.008192 0.363026 -0.041184
v 0.041991 0.363026 -0.000000
v 0.041184 0.363026 0.008192
v 0.038795 0.363026 0.016069
v 0.034914 0.363026 0.023329
v 0.029692 0.363026 0.029692
v 0.023329 0.363026 0.034915
v 0.016069 0.363026 0.038795
v 0.008192 0.363026 0.041184
v 0.041184 0.363026 -0.008192
v 0.038795 0.363026 -0.016069
v 0.034914 0.363026 -0.023329
v 0.029692 0.363026 -0.029692
v 0.023329 0.363026 -0.034914
v 0.016069 0.363026 -0.038795
v 0.008192 0.363026 -0.041184
v -0.023383 0.296912 -0.016645
v -0.023383 0.292604 -0.016078
v -0.023383 0.288589 -0.014415
v -0.023383 0.285142 -0.011770
v -0.023383 0.288589 0.014415
v -0.023383 0.292604 0.016078
v -0.023383 0.296912 0.016645
v -0.023383 0.301220 0.016078
v -0.023383 0.305234 0.014415
v -0.023383 0.308681 0.011770
v -0.023383 0.311327 0.008323
v -0.023383 0.312990 0.004308
v -0.023383 0.313557 -0.000000
v -0.023383 0.312990 -0.004308
v -0.023383 0.311327 -0.008322
v -0.023383 0.308681 -0.011770
v -0.023383 0.305234 -0.014415
v -0.023383 0.301220 -0.016078
v -0.021889 0.296912 -0.018570
v -0.021889 0.292105 -0.017938
v -0.021889 0.306197 0.016082
v -0.021889 0.310043 0.013131
v -0.021889 0.312994 0.009285
v -0.021889 0.314849 0.004806
v -0.021889 0.315482 -0.000000
v -0.021889 0.314849 -0.004806
v -0.021889 0.312994 -0.009285
v -0.021889 0.310043 -0.013131
v -0.021889 0.306197 -0.016082
v -0.021889 0.301718 -0.017938
v -0.021130 0.287346 0.016568
v -0.021130 0.291960 0.018479
v -0.021130 0.296912 0.019131
v -0.021130 0.306477 0.016568
v -0.021130 0.310439 0.013528
v -0.021130 0.313480 0.009566
v -0.021130 0.315391 0.004951
v -0.021130 0.316043 -0.000000
v -0.021130 0.315391 -0.004951
v -0.021130 0.313480 -0.009565
v -0.021130 0.310439 -0.013528
v -0.021130 0.306477 -0.016568
v -0.021130 0.301863 -0.018479
v -0.020396 0.296912 -0.018447
v -0.020396 0.283868 -0.013044
v -0.020396 0.280936 -0.009223
v -0.020396 0.279093 -0.004774
v -0.020396 0.278465 -0.000000
v -0.020396 0.279093 0.004774
v -0.020396 0.280936 0.009223
v -0.020396 0.283868 0.013044
v -0.020396 0.287688 0.015975
v -0.020396 0.292137 0.017818
v -0.020396 0.296912 0.018447
v -0.020396 0.301686 0.017818
v -0.020396 0.306135 0.015975
v -0.020396 0.309956 0.013044
v -0.020396 0.312887 0.009223
v -0.020396 0.314730 0.004774
v -0.020396 0.315359 -0.000000
v -0.020396 0.314730 -0.004774
v -0.020396 0.312887 -0.009223
v -0.020396 0.309956 -0.013044
v -0.020396 0.306135 -0.015975
v -0.020396 0.301686 -0.017818
v -0.020102 0.296912 -0.009169
v -0.020102 0.294539 -0.008856
v -0.020102 0.292327 -0.007940
v -0.020102 0.290429 -0.006483
v -0.020102 0.288972 -0.004584
v -0.020102 0.288056 -0.002373
v -0.020102 0.287743 -0.000000
v -0.020102 0.288056 0.002373
v -0.020102 0.288972 0.004584
v -0.020102 0.290429 0.006483
v -0.020102 0.292327 0.007940
v -0.020102 0.294539 0.008856
v -0.020102 0.296912 0.009169
v -0.020102 0.299285 0.008856
v -0.020102 0.301496 0.007940
v -0.020102 0.303395 0.006483
v -0.020102 0.304852 0.004584
v -0.020102 0.305768 0.002373
v -0.020102 0.306080 -0.000000
v -0.020102 0.305768 -0.002373
v -0.020102 0.304852 -0.004584
v -0.020102 0.303395 -0.006483
v -0.020102 0.301496 -0.007940
v -0.020102 0.299285 -0.008856
v -0.019651 0.296912 -0.009169
v -0.019651 0.294539 -0.008856
v -0.019651 0.292327 -0.007940
v -0.019651 0.290429 -0.006483
v -0.019651 0.288972 -0.004584
v -0.019651 0.288056 -0.002373
v -0.019651 0.287743 -0.000000
v -0.019651 0.288056 0.002373
v -0.019651 0.288972 0.004584
v -0.019651 0.290429 0.006483
v -0.019651 0.292327 0.007940
v -0.019651 0.294539 0.008856
v -0.019651 0.296912 0.009169
v -0.019651 0.299285 0.008856
v -0.019651 0.301496 0.007940
v -0.019651 0.303395 0.006483
v -0.019651 0.304852 0.004584
v -0.019651 0.305768 0.002373
v -0.019651 0.306080 -0.000000
v -0.019651 0.305768 -0.002373
v -0.019651 0.304852 -0.004584
v -0.019651 0.303395 -0.006483
v -0.019651 0.301496 -0.007940
v -0.019651 0.299285 -0.008856
v -0.019651 0.296912 -0.000000
v -0.022176 0.313930 -0.004560
v -0.022176 0.314531 -0.000000
v -0.022176 0.313930 0.004560
v -0.022176 0.312170 0.008809
v -0.022176 0.284453 -0.012458
v -0.022176 0.309370 0.012458
v -0.022176 0.305721 0.015258
v -0.022176 0.296912 -0.017619
v -0.022176 0.301472 -0.017019
v -0.022176 0.288102 -0.015258
v -0.022176 0.292352 -0.017019
v -0.022176 0.301472 0.017019
v -0.022176 0.296912 0.017619
v -0.022176 0.305721 -0.015258
v -0.022176 0.309370 -0.012458
v -0.022176 0.292352 0.017019
v -0.022176 0.288102 0.015258
v -0.022176 0.312170 -0.008809
v -0.020396 0.313689 0.004496
v -0.020396 0.311954 0.008685
v -0.020396 0.279542 -0.000000
v -0.020396 0.280134 -0.004496
v -0.020396 0.281869 -0.008685
v -0.020396 0.284630 -0.012282
v -0.020396 0.309194 0.012282
v -0.020396 0.305596 0.015042
v -0.020396 0.296912 -0.017369
v -0.020396 0.301407 -0.016778
v -0.020396 0.288227 -0.015042
v -0.020396 0.292416 -0.016778
v -0.020396 0.301407 0.016778
v -0.020396 0.296912 0.017369
v -0.020396 0.305596 -0.015042
v -0.020396 0.309194 -0.012282
v -0.020396 0.292416 0.016778
v -0.020396 0.288227 0.015042
v -0.020396 0.311954 -0.008685
v -0.020396 0.313689 -0.004495
v -0.020396 0.284630 0.012282
v -0.020396 0.281869 0.008685
v -0.020396 0.314281 -0.000000
v -0.020396 0.280134 0.004496
v -0.025097 0.296912 -0.016645
v -0.025097 0.292604 -0.016078
v -0.025097 0.288589 -0.014415
v -0.025097 0.285142 -0.011770
v -0.025097 0.288589 0.014415
v -0.025097 0.292604 0.016078
v -0.025097 0.296912 0.016645
v -0.025097 0.301220 0.016078
v -0.025097 0.305234 0.014415
v -0.025097 0.308681 0.011770
v -0.025097 0.311327 0.008323
v -0.025097 0.312990 0.004308
v -0.025097 0.313557 -0.000000
v -0.025097 0.312990 -0.004308
v -0.025097 0.311327 -0.008322
v -0.025097 0.308681 -0.011770
v -0.025097 0.305234 -0.014415
v -0.025097 0.301220 -0.016078
v -0.024240 0.296912 -0.016457
v -0.024240 0.292652 -0.015896
v -0.024240 0.288683 -0.014252
v -0.024240 0.285275 -0.011637
v -0.024240 0.288683 0.014252
v -0.024240 0.292652 0.015896
v -0.024240 0.296912 0.016457
v -0.024240 0.301171 0.015896
v -0.024240 0.305140 0.014252
v -0.024240 0.308549 0.011637
v -0.024240 0.311164 0.008229
v -0.024240 0.312808 0.004259
v -0.024240 0.313369 -0.000000
v -0.024240 0.312808 -0.004259
v -0.024240 0.311164 -0.008229
v -0.024240 0.308549 -0.011637
v -0.024240 0.305140 -0.014252
v -0.024240 0.301171 -0.015896
v -0.026591 0.312994 0.009285
v -0.026591 0.314849 0.004806
v -0.026591 0.315482 -0.000000
v -0.026591 0.314849 -0.004806
v -0.026591 0.312994 -0.009285
v -0.026591 0.310043 -0.013131
v -0.026591 0.306197 -0.016082
v -0.027350 0.291960 0.018479
v -0.027350 0.296912 0.019131
v -0.027350 0.301863 0.018479
v -0.027350 0.306477 0.016568
v -0.027350 0.310439 0.013528
v -0.027350 0.313480 0.009566
v -0.027350 0.315391 0.004951
v -0.027350 0.316043 -0.000000
v -0.027350 0.315391 -0.004951
v -0.027350 0.313480 -0.009565
v -0.027350 0.310439 -0.013528
v -0.027350 0.306477 -0.016568
v -0.028084 0.279093 0.004774
v -0.028084 0.280936 0.009223
v -0.028084 0.283868 0.013044
v -0.028084 0.287688 0.015975
v -0.028084 0.292137 0.017818
v -0.028084 0.296912 0.018447
v -0.028084 0.301686 0.017818
v -0.028084 0.306135 0.015975
v -0.028084 0.309956 0.013044
v -0.028084 0.312887 0.009223
v -0.028084 0.314730 0.004774
v -0.028084 0.315359 -0.000000
v -0.028084 0.314730 -0.004774
v -0.028084 0.312887 -0.009223
v -0.028084 0.309956 -0.013044
v -0.028084 0.306135 -0.015975
v -0.028084 0.301686 -0.017818
v -0.028378 0.296912 -0.009169
v -0.028378 0.294539 -0.008856
v -0.028378 0.292327 -0.007940
v -0.028378 0.290429 -0.006483
v -0.028378 0.288972 -0.004584
v -0.028378 0.288056 -0.002373
v -0.028378 0.287743 -0.000000
v -0.028378 0.288056 0.002373
v -0.028378 0.288972 0.004584
v -0.028378 0.290429 0.006483
v -0.028378 0.292327 0.007940
v -0.028378 0.294539 0.008856
v -0.028378 0.296912 0.009169
v -0.028378 0.299285 0.008856
v -0.028378 0.301496 0.007940
v -0.028378 0.303395 0.006483
v -0.028378 0.304852 0.004584
v -0.028378 0.305768 0.002373
v -0.028378 0.306080 -0.000000
v -0.028378 0.305768 -0.002373
v -0.028378 0.304852 -0.004584
v -0.028378 0.303395 -0.006483
v -0.028378 0.301496 -0.007940
v -0.028378 0.299285 -0.008856
v -0.028829 0.296912 -0.009169
v -0.028829 0.294539 -0.008856
v -0.028829 0.292327 -0.007940
v -0.028829 0.290429 -0.006483
v -0.028829 0.288972 -0.004584
v -0.028829 0.288056 -0.002373
v -0.028829 0.287743 -0.000000
v -0.028829 0.288056 0.002373
v -0.028829 0.288972 0.004584
v -0.028829 0.290429 0.006483
v -0.028829 0.292327 0.007940
v -0.028829 0.294539 0.008856
v -0.028829 0.296912 0.009169
v -0.028829 0.299285 0.008856
v -0.028829 0.301496 0.007940
v -0.028829 0.303395 0.006483
v -0.028829 0.304852 0.004584
v -0.028829 0.305768 0.002373
v -0.028829 0.306080 -0.000000
v -0.028829 0.305768 -0.002373
v -0.028829 0.304852 -0.004584
v -0.028829 0.303395 -0.006483
v -0.028829 0.301496 -0.007940
v -0.028829 0.299285 -0.008856
v -0.028829 0.296912 -0.000000
v -0.026304 0.313930 -0.004560
v -0.026304 0.314531 -0.000000
v -0.026304 0.313930 0.004560
v -0.026304 0.312170 0.008809
v -0.026304 0.284453 -0.012458
v -0.026304 0.309370 0.012458
v -0.026304 0.296912 -0.017619
v -0.026304 0.301472 -0.017019
v -0.026304 0.288102 -0.015258
v -0.026304 0.292352 -0.017019
v -0.026304 0.296912 0.017619
v -0.026304 0.305721 -0.015258
v -0.026304 0.309370 -0.012458
v -0.026304 0.292352 0.017019
v -0.026304 0.288102 0.015258
v -0.026304 0.312170 -0.008809
v -0.028084 0.313689 0.004496
v -0.028084 0.311954 0.008685
v -0.028084 0.279542 -0.000000
v -0.028084 0.280134 -0.004496
v -0.028084 0.281869 -0.008685
v -0.028084 0.284630 -0.012282
v -0.028084 0.309194 0.012282
v -0.028084 0.305596 0.015042
v -0.028084 0.296912 -0.017369
v -0.028084 0.301407 -0.016778
v -0.028084 0.288227 -0.015042
v -0.028084 0.292416 -0.016778
v -0.028084 0.301407 0.016778
v -0.028084 0.296912 0.017369
v -0.028084 0.305596 -0.015042
v -0.028084 0.309194 -0.012282
v -0.028084 0.292416 0.016778
v -0.028084 0.288227 0.015042
v -0.028084 0.311954 -0.008685
v -0.028084 0.313689 -0.004495
v -0.028084 0.284630 0.012282
v -0.028084 0.281869 0.008685
v -0.028084 0.314281 -0.000000
v -0.028084 0.280134 0.004496
v -0.014943 0.296912 -0.016645
v -0.014943 0.292604 -0.016078
v -0.014943 0.288589 -0.014415
v -0.014943 0.285142 -0.011770
v -0.014943 0.292604 0.016078
v -0.014943 0.296912 0.016645
v -0.014943 0.301220 0.016078
v -0.014943 0.308681 0.011770
v -0.014943 0.311327 0.008323
v -0.014943 0.312990 0.004308
v -0.014943 0.313557 -0.000000
v -0.014943 0.312990 -0.004308
v -0.014943 0.311327 -0.008322
v -0.014943 0.308681 -0.011770
v -0.014943 0.305234 -0.014415
v -0.014943 0.301220 -0.016078
v -0.013449 0.296912 -0.018570
v -0.013449 0.314849 0.004806
v -0.013449 0.315482 -0.000000
v -0.013449 0.314849 -0.004806
v -0.013449 0.312994 -0.009285
v -0.013449 0.310043 -0.013131
v -0.013449 0.306197 -0.016082
v -0.013449 0.301718 -0.017938
v -0.012690 0.313480 -0.009565
v -0.012690 0.310439 -0.013528
v -0.012690 0.306477 -0.016568
v -0.012690 0.301863 -0.018479
v -0.011662 0.296912 -0.009169
v -0.011662 0.294539 -0.008856
v -0.011662 0.292327 -0.007940
v -0.011662 0.290429 -0.006483
v -0.011662 0.304852 -0.004584
v -0.011662 0.303395 -0.006483
v -0.011662 0.301496 -0.007940
v -0.011662 0.299285 -0.008856
v -0.011211 0.296912 -0.009169
v -0.011211 0.294539 -0.008856
v -0.011211 0.292327 -0.007940
v -0.011211 0.290429 -0.006483
v -0.011211 0.288972 -0.004584
v -0.011211 0.288056 -0.002373
v -0.011211 0.287743 -0.000000
v -0.011211 0.288056 0.002373
v -0.011211 0.288972 0.004584
v -0.011211 0.290429 0.006483
v -0.011211 0.292327 0.007940
v -0.011211 0.294539 0.008856
v -0.011211 0.296912 0.009169
v -0.011211 0.299285 0.008856
v -0.011211 0.301496 0.007940
v -0.011211 0.303395 0.006483
v -0.011211 0.304852 0.004584
v -0.011211 0.305768 0.002373
v -0.011211 0.306080 -0.000000
v -0.011211 0.305768 -0.002373
v -0.011211 0.304852 -0.004584
v -0.011211 0.303395 -0.006483
v -0.011211 0.301496 -0.007940
v -0.011211 0.299285 -0.008856
v -0.011211 0.296912 -0.000000
v -0.013736 0.313930 -0.004560
v -0.013736 0.314531 -0.000000
v -0.013736 0.313930 0.004560
v -0.013736 0.312170 0.008809
v -0.013736 0.284453 -0.012458
v -0.013736 0.309370 0.012458
v -0.013736 0.296912 -0.017619
v -0.013736 0.301472 -0.017019
v -0.013736 0.288102 -0.015258
v -0.013736 0.292352 -0.017019
v -0.013736 0.301472 0.017019
v -0.013736 0.296912 0.017619
v -0.013736 0.305721 -0.015258
v -0.013736 0.309370 -0.012458
v -0.013736 0.292352 0.017019
v -0.013736 0.312170 -0.008809
v -0.011956 0.284630 -0.012282
v -0.011956 0.296912 -0.017369
v -0.011956 0.301407 -0.016778
v -0.011956 0.288227 -0.015042
v -0.011956 0.292416 -0.016778
v -0.011956 0.305596 -0.015042
v -0.011956 0.309194 -0.012282
v -0.011956 0.311954 -0.008685
v -0.016657 0.296912 -0.016645
v -0.016657 0.292604 -0.016078
v -0.016657 0.288589 -0.014415
v -0.016657 0.285142 -0.011770
v -0.016657 0.292604 0.016078
v -0.016657 0.296912 0.016645
v -0.016657 0.301220 0.016078
v -0.016657 0.308681 0.011770
v -0.016657 0.311327 0.008323
v -0.016657 0.312990 0.004308
v -0.016657 0.313557 -0.000000
v -0.016657 0.312990 -0.004308
v -0.016657 0.311327 -0.008322
v -0.016657 0.308681 -0.011770
v -0.016657 0.305234 -0.014415
v -0.016657 0.301220 -0.016078
v -0.015800 0.296912 -0.016457
v -0.015800 0.292652 -0.015896
v -0.015800 0.288683 -0.014252
v -0.015800 0.285275 -0.011637
v -0.015800 0.292652 0.015896
v -0.015800 0.296912 0.016457
v -0.015800 0.301171 0.015896
v -0.015800 0.308549 0.011637
v -0.015800 0.311164 0.008229
v -0.015800 0.312808 0.004259
v -0.015800 0.313369 -0.000000
v -0.015800 0.312808 -0.004259
v -0.015800 0.311164 -0.008229
v -0.015800 0.308549 -0.011637
v -0.015800 0.305140 -0.014252
v -0.015800 0.301171 -0.015896
v -0.018151 0.296912 -0.018570
v -0.018151 0.292105 -0.017938
v -0.018151 0.287627 -0.016082
v -0.018151 0.292105 0.017938
v -0.018151 0.296912 0.018570
v -0.018151 0.301718 0.017938
v -0.018151 0.312994 0.009285
v -0.018151 0.314849 0.004806
v -0.018151 0.315482 -0.000000
v -0.018151 0.314849 -0.004806
v -0.018151 0.312994 -0.009285
v -0.018151 0.310043 -0.013131
v -0.018151 0.306197 -0.016082
v -0.018910 0.291960 0.018479
v -0.018910 0.296912 0.019131
v -0.018910 0.301863 0.018479
v -0.018910 0.306477 0.016568
v -0.018910 0.310439 0.013528
v -0.018910 0.313480 0.009566
v -0.018910 0.316043 -0.000000
v -0.018910 0.315391 -0.004951
v -0.018910 0.313480 -0.009565
v -0.018910 0.310439 -0.013528
v -0.019644 0.287688 -0.015975
v -0.019644 0.283868 -0.013044
v -0.019644 0.280936 -0.009223
v -0.019644 0.279093 0.004774
v -0.019644 0.280936 0.009223
v -0.019644 0.283868 0.013044
v -0.019644 0.287688 0.015975
v -0.019644 0.292137 0.017818
v -0.019644 0.296912 0.018447
v -0.019644 0.301686 0.017818
v -0.019644 0.306135 0.015975
v -0.019644 0.309956 0.013044
v -0.019644 0.312887 0.009223
v -0.019644 0.314730 0.004774
v -0.019644 0.315359 -0.000000
v -0.019644 0.314730 -0.004774
v -0.019644 0.312887 -0.009223
v -0.019644 0.309956 -0.013044
v -0.019644 0.306135 -0.015975
v -0.019644 0.301686 -0.017818
v -0.019938 0.296912 -0.009169
v -0.019938 0.294539 -0.008856
v -0.019938 0.292327 -0.007940
v -0.019938 0.290429 -0.006483
v -0.019938 0.288972 -0.004584
v -0.019938 0.288056 -0.002373
v -0.019938 0.287743 -0.000000
v -0.019938 0.288056 0.002373
v -0.019938 0.288972 0.004584
v -0.019938 0.290429 0.006483
v -0.019938 0.292327 0.007940
v -0.019938 0.294539 0.008856
v -0.019938 0.296912 0.009169
v -0.019938 0.299285 0.008856
v -0.019938 0.301496 0.007940
v -0.019938 0.303395 0.006483
v -0.019938 0.304852 0.004584
v -0.019938 0.305768 0.002373
v -0.019938 0.306080 -0.000000
v -0.019938 0.305768 -0.002373
v -0.019938 0.304852 -0.004584
v -0.019938 0.303395 -0.006483
v -0.019938 0.301496 -0.007940
v -0.019938 0.299285 -0.008856
v -0.020389 0.296912 -0.009169
v -0.020389 0.294539 -0.008856
v -0.020389 0.292327 -0.007940
v -0.020389 0.290429 -0.006483
v -0.020389 0.288972 -0.004584
v -0.020389 0.288056 -0.002373
v -0.020389 0.287743 -0.000000
v -0.020389 0.288056 0.002373
v -0.020389 0.288972 0.004584
v -0.020389 0.290429 0.006483
v -0.020389 0.292327 0.007940
v -0.020389 0.294539 0.008856
v -0.020389 0.296912 0.009169
v -0.020389 0.299285 0.008856
v -0.020389 0.301496 0.007940
v -0.020389 0.303395 0.006483
v -0.020389 0.304852 0.004584
v -0.020389 0.305768 0.002373
v -0.020389 0.306080 -0.000000
v -0.020389 0.305768 -0.002373
v -0.020389 0.304852 -0.004584
v -0.020389 0.303395 -0.006483
v -0.020389 0.301496 -0.007940
v -0.020389 0.299285 -0.008856
v -0.020389 0.296912 -0.000000
v -0.017864 0.313930 -0.004560
v -0.017864 0.314531 -0.000000
v -0.017864 0.313930 0.004560
v -0.017864 0.312170 0.008809
v -0.017864 0.309370 0.012458
v -0.017864 0.296912 -0.017619
v -0.017864 0.301472 -0.017019
v -0.017864 0.288102 -0.015258
v -0.017864 0.292352 -0.017019
v -0.017864 0.301472 0.017019
v -0.017864 0.296912 0.017619
v -0.017864 0.305721 -0.015258
v -0.017864 0.309370 -0.012458
v -0.017864 0.292352 0.017019
v -0.017864 0.312170 -0.008809
v -0.019644 0.313689 0.004496
v -0.019644 0.311954 0.008685
v -0.019644 0.279542 -0.000000
v -0.019644 0.280134 -0.004496
v -0.019644 0.281869 -0.008685
v -0.019644 0.284630 -0.012282
v -0.019644 0.309194 0.012282
v -0.019644 0.305596 0.015042
v -0.019644 0.296912 -0.017369
v -0.019644 0.301407 -0.016778
v -0.019644 0.288227 -0.015042
v -0.019644 0.292416 -0.016778
v -0.019644 0.301407 0.016778
v -0.019644 0.296912 0.017369
v -0.019644 0.305596 -0.015042
v -0.019644 0.309194 -0.012282
v -0.019644 0.292416 0.016778
v -0.019644 0.288227 0.015042
v -0.019644 0.311954 -0.008685
v -0.019644 0.313689 -0.004495
v -0.019644 0.284630 0.012282
v -0.019644 0.281869 0.008685
v -0.019644 0.314281 -0.000000
v -0.019644 0.280134 0.004496
v 0.016657 0.280834 -0.004308
v 0.016657 0.280267 -0.000000
v 0.016657 0.280834 0.004308
v 0.016657 0.282497 0.008322
v 0.016657 0.285142 0.011770
v 0.016657 0.288589 0.014415
v 0.016657 0.292604 0.016078
v 0.016657 0.296912 0.016645
v 0.016657 0.301220 0.016078
v 0.016657 0.305234 0.014415
v 0.016657 0.308681 0.011770
v 0.016657 0.311327 0.008323
v 0.016657 0.312990 0.004308
v 0.016657 0.313557 -0.000000
v 0.016657 0.312990 -0.004308
v 0.016657 0.311327 -0.008322
v 0.016657 0.308681 -0.011770
v 0.016657 0.305234 -0.014415
v 0.018151 0.283780 0.013131
v 0.018151 0.287627 0.016082
v 0.018151 0.292105 0.017938
v 0.018151 0.296912 0.018570
v 0.018151 0.301718 0.017938
v 0.018151 0.306197 0.016082
v 0.018151 0.310043 0.013131
v 0.018151 0.312994 0.009285
v 0.018151 0.315482 -0.000000
v 0.018151 0.314849 -0.004806
v 0.018151 0.312994 -0.009285
v 0.018910 0.306477 0.016568
v 0.018910 0.310439 0.013528
v 0.018910 0.313480 0.009566
v 0.018910 0.315391 0.004951
v 0.018910 0.316043 -0.000000
v 0.018910 0.315391 -0.004951
v 0.018910 0.313480 -0.009565
v 0.018910 0.310439 -0.013528
v 0.019644 0.296912 -0.018447
v 0.019644 0.292137 -0.017818
v 0.019644 0.283868 -0.013044
v 0.019644 0.280936 -0.009223
v 0.019644 0.279093 -0.004774
v 0.019644 0.278465 -0.000000
v 0.019644 0.279093 0.004774
v 0.019644 0.280936 0.009223
v 0.019644 0.283868 0.013044
v 0.019644 0.287688 0.015975
v 0.019644 0.292137 0.017818
v 0.019644 0.296912 0.018447
v 0.019644 0.301686 0.017818
v 0.019644 0.306135 0.015975
v 0.019644 0.309956 0.013044
v 0.019644 0.312887 0.009223
v 0.019644 0.314730 0.004774
v 0.019644 0.315359 -0.000000
v 0.019644 0.314730 -0.004774
v 0.019644 0.312887 -0.009223
v 0.019644 0.309956 -0.013044
v 0.019644 0.306135 -0.015975
v 0.019644 0.301686 -0.017818
v 0.019938 0.296912 -0.009169
v 0.019938 0.294539 -0.008856
v 0.019938 0.292327 -0.007940
v 0.019938 0.290429 -0.006483
v 0.019938 0.288972 -0.004584
v 0.019938 0.288056 -0.002373
v 0.019938 0.287743 -0.000000
v 0.019938 0.288056 0.002373
v 0.019938 0.288972 0.004584
v 0.019938 0.290429 0.006483
v 0.019938 0.292327 0.007940
v 0.019938 0.294539 0.008856
v 0.019938 0.296912 0.009169
v 0.019938 0.299285 0.008856
v 0.019938 0.301496 0.007940
v 0.019938 0.303395 0.006483
v 0.019938 0.304852 0.004584
v 0.019938 0.305768 0.002373
v 0.019938 0.306080 -0.000000
v 0.019938 0.305768 -0.002373
v 0.019938 0.304852 -0.004584
v 0.019938 0.303395 -0.006483
v 0.019938 0.301496 -0.007940
v 0.019938 0.299285 -0.008856
v 0.020389 0.296912 -0.009169
v 0.020389 0.294539 -0.008856
v 0.020389 0.292327 -0.007940
v 0.020389 0.290429 -0.006483
v 0.020389 0.288972 -0.004584
v 0.020389 0.288056 -0.002373
v 0.020389 0.287743 -0.000000
v 0.020389 0.288056 0.002373
v 0.020389 0.288972 0.004584
v 0.020389 0.290429 0.006483
v 0.020389 0.292327 0.007940
v 0.020389 0.294539 0.008856
v 0.020389 0.296912 0.009169
v 0.020389 0.299285 0.008856
v 0.020389 0.301496 0.007940
v 0.020389 0.303395 0.006483
v 0.020389 0.304852 0.004584
v 0.020389 0.305768 0.002373
v 0.020389 0.306080 -0.000000
v 0.020389 0.305768 -0.002373
v 0.020389 0.304852 -0.004584
v 0.020389 0.303395 -0.006483
v 0.020389 0.301496 -0.007940
v 0.020389 0.299285 -0.008856
v 0.020389 0.296912 -0.000000
v 0.017864 0.313930 -0.004560
v 0.017864 0.314531 -0.000000
v 0.017864 0.281653 0.008809
v 0.017864 0.313930 0.004560
v 0.017864 0.312170 0.008809
v 0.017864 0.309370 0.012458
v 0.017864 0.305721 0.015258
v 0.017864 0.301472 0.017019
v 0.017864 0.296912 0.017619
v 0.017864 0.309370 -0.012458
v 0.017864 0.292352 0.017019
v 0.017864 0.288102 0.015258
v 0.017864 0.312170 -0.008809
v 0.017864 0.284453 0.012458
v 0.019644 0.313689 0.004496
v 0.019644 0.311954 0.008685
v 0.019644 0.279542 -0.000000
v 0.019644 0.280134 -0.004496
v 0.019644 0.281869 -0.008685
v 0.019644 0.284630 -0.012282
v 0.019644 0.309194 0.012282
v 0.019644 0.305596 0.015042
v 0.019644 0.296912 -0.017369
v 0.019644 0.301407 -0.016778
v 0.019644 0.288227 -0.015042
v 0.019644 0.292416 -0.016778
v 0.019644 0.301407 0.016778
v 0.019644 0.296912 0.017369
v 0.019644 0.305596 -0.015042
v 0.019644 0.309194 -0.012282
v 0.019644 0.292416 0.016778
v 0.019644 0.288227 0.015042
v 0.019644 0.311954 -0.008685
v 0.019644 0.313689 -0.004495
v 0.019644 0.284630 0.012282
v 0.019644 0.281869 0.008685
v 0.019644 0.314281 -0.000000
v 0.019644 0.280134 0.004496
v 0.014943 0.280834 -0.004308
v 0.014943 0.280267 -0.000000
v 0.014943 0.280834 0.004308
v 0.014943 0.285142 0.011770
v 0.014943 0.288589 0.014415
v 0.014943 0.292604 0.016078
v 0.014943 0.296912 0.016645
v 0.014943 0.301220 0.016078
v 0.014943 0.305234 0.014415
v 0.014943 0.308681 0.011770
v 0.014943 0.311327 0.008323
v 0.014943 0.312990 0.004308
v 0.014943 0.313557 -0.000000
v 0.014943 0.312990 -0.004308
v 0.014943 0.311327 -0.008322
v 0.014943 0.308681 -0.011770
v 0.014943 0.305234 -0.014415
v 0.015800 0.281015 -0.004259
v 0.015800 0.280455 -0.000000
v 0.015800 0.281015 0.004259
v 0.015800 0.282659 0.008229
v 0.015800 0.285275 0.011637
v 0.015800 0.288683 0.014252
v 0.015800 0.292652 0.015896
v 0.015800 0.296912 0.016457
v 0.015800 0.301171 0.015896
v 0.015800 0.305140 0.014252
v 0.015800 0.308549 0.011637
v 0.015800 0.311164 0.008229
v 0.015800 0.312808 0.004259
v 0.015800 0.313369 -0.000000
v 0.015800 0.312808 -0.004259
v 0.015800 0.311164 -0.008229
v 0.015800 0.308549 -0.011637
v 0.015800 0.305140 -0.014252
v 0.013449 0.296912 0.018570
v 0.013449 0.301718 0.017938
v 0.013449 0.306197 0.016082
v 0.013449 0.310043 0.013131
v 0.013449 0.312994 0.009285
v 0.013449 0.314849 0.004806
v 0.013449 0.315482 -0.000000
v 0.013449 0.314849 -0.004806
v 0.013449 0.312994 -0.009285
v 0.013449 0.310043 -0.013131
v 0.013449 0.306197 -0.016082
v 0.011662 0.294539 0.008856
v 0.011662 0.296912 0.009169
v 0.011662 0.299285 0.008856
v 0.011662 0.301496 0.007940
v 0.011662 0.303395 0.006483
v 0.011662 0.304852 0.004584
v 0.011662 0.305768 0.002373
v 0.011662 0.306080 -0.000000
v 0.011211 0.296912 -0.009169
v 0.011211 0.294539 -0.008856
v 0.011211 0.292327 -0.007940
v 0.011211 0.290429 -0.006483
v 0.011211 0.288972 -0.004584
v 0.011211 0.288056 -0.002373
v 0.011211 0.287743 -0.000000
v 0.011211 0.288056 0.002373
v 0.011211 0.288972 0.004584
v 0.011211 0.290429 0.006483
v 0.011211 0.292327 0.007940
v 0.011211 0.294539 0.008856
v 0.011211 0.296912 0.009169
v 0.011211 0.299285 0.008856
v 0.011211 0.301496 0.007940
v 0.011211 0.303395 0.006483
v 0.011211 0.304852 0.004584
v 0.011211 0.305768 0.002373
v 0.011211 0.306080 -0.000000
v 0.011211 0.305768 -0.002373
v 0.011211 0.304852 -0.004584
v 0.011211 0.303395 -0.006483
v 0.011211 0.301496 -0.007940
v 0.011211 0.299285 -0.008856
v 0.011211 0.296912 -0.000000
v 0.013736 0.313930 -0.004560
v 0.013736 0.314531 -0.000000
v 0.013736 0.313930 0.004560
v 0.013736 0.312170 0.008809
v 0.013736 0.309370 0.012458
v 0.013736 0.305721 0.015258
v 0.013736 0.301472 0.017019
v 0.013736 0.296912 0.017619
v 0.013736 0.305721 -0.015258
v 0.013736 0.309370 -0.012458
v 0.013736 0.292352 0.017019
v 0.013736 0.288102 0.015258
v 0.013736 0.312170 -0.008809
v 0.011956 0.313689 0.004496
v 0.011956 0.311954 0.008685
v 0.011956 0.309194 0.012282
v 0.011956 0.305596 0.015042
v 0.011956 0.301407 0.016778
v 0.011956 0.296912 0.017369
v 0.011956 0.292416 0.016778
v 0.011956 0.314281 -0.000000
v 0.025097 0.292604 -0.016078
v 0.025097 0.288589 -0.014415
v 0.025097 0.285142 -0.011770
v 0.025097 0.282497 -0.008322
v 0.025097 0.280834 -0.004308
v 0.025097 0.280267 -0.000000
v 0.025097 0.280834 0.004308
v 0.025097 0.282497 0.008322
v 0.025097 0.285142 0.011770
v 0.025097 0.288589 0.014415
v 0.025097 0.292604 0.016078
v 0.025097 0.296912 0.016645
v 0.025097 0.301220 0.016078
v 0.025097 0.305234 0.014415
v 0.025097 0.308681 0.011770
v 0.025097 0.311327 0.008323
v 0.025097 0.312990 0.004308
v 0.025097 0.313557 -0.000000
v 0.025097 0.312990 -0.004308
v 0.025097 0.311327 -0.008322
v 0.025097 0.308681 -0.011770
v 0.025097 0.305234 -0.014415
v 0.026591 0.301718 0.017938
v 0.026591 0.306197 0.016082
v 0.026591 0.310043 0.013131
v 0.026591 0.312994 0.009285
v 0.026591 0.314849 0.004806
v 0.026591 0.315482 -0.000000
v 0.026591 0.314849 -0.004806
v 0.026591 0.312994 -0.009285
v 0.027350 0.291960 0.018479
v 0.027350 0.296912 0.019131
v 0.027350 0.301863 0.018479
v 0.027350 0.306477 0.016568
v 0.027350 0.310439 0.013528
v 0.027350 0.313480 0.009566
v 0.027350 0.315391 0.004951
v 0.027350 0.316043 -0.000000
v 0.027350 0.315391 -0.004951
v 0.027350 0.313480 -0.009565
v 0.027350 0.310439 -0.013528
v 0.028084 0.292137 -0.017818
v 0.028084 0.287688 -0.015975
v 0.028084 0.283868 -0.013044
v 0.028084 0.280936 -0.009223
v 0.028084 0.279093 -0.004774
v 0.028084 0.278465 -0.000000
v 0.028084 0.279093 0.004774
v 0.028084 0.280936 0.009223
v 0.028084 0.283868 0.013044
v 0.028084 0.287688 0.015975
v 0.028084 0.292137 0.017818
v 0.028084 0.296912 0.018447
v 0.028084 0.301686 0.017818
v 0.028084 0.306135 0.015975
v 0.028084 0.309956 0.013044
v 0.028084 0.312887 0.009223
v 0.028084 0.314730 0.004774
v 0.028084 0.315359 -0.000000
v 0.028084 0.314730 -0.004774
v 0.028084 0.312887 -0.009223
v 0.028084 0.309956 -0.013044
v 0.028084 0.306135 -0.015975
v 0.028084 0.301686 -0.017818
v 0.028379 0.296912 -0.009169
v 0.028379 0.294539 -0.008856
v 0.028379 0.292327 -0.007940
v 0.028379 0.290429 -0.006483
v 0.028379 0.288972 -0.004584
v 0.028379 0.288056 -0.002373
v 0.028379 0.287743 -0.000000
v 0.028379 0.288056 0.002373
v 0.028379 0.288972 0.004584
v 0.028379 0.290429 0.006483
v 0.028379 0.292327 0.007940
v 0.028379 0.294539 0.008856
v 0.028379 0.296912 0.009169
v 0.028379 0.299285 0.008856
v 0.028379 0.301496 0.007940
v 0.028379 0.303395 0.006483
v 0.028379 0.304852 0.004584
v 0.028379 0.305768 0.002373
v 0.028379 0.306080 -0.000000
v 0.028379 0.305768 -0.002373
v 0.028379 0.304852 -0.004584
v 0.028379 0.303395 -0.006483
v 0.028379 0.301496 -0.007940
v 0.028379 0.299285 -0.008856
v 0.028829 0.296912 -0.009169
v 0.028829 0.294539 -0.008856
v 0.028829 0.292327 -0.007940
v 0.028829 0.290429 -0.006483
v 0.028829 0.288972 -0.004584
v 0.028829 0.288056 -0.002373
v 0.028829 0.287743 -0.000000
v 0.028829 0.288056 0.002373
v 0.028829 0.288972 0.004584
v 0.028829 0.290429 0.006483
v 0.028829 0.292327 0.007940
v 0.028829 0.294539 0.008856
v 0.028829 0.296912 0.009169
v 0.028829 0.299285 0.008856
v 0.028829 0.301496 0.007940
v 0.028829 0.303395 0.006483
v 0.028829 0.304852 0.004584
v 0.028829 0.305768 0.002373
v 0.028829 0.306080 -0.000000
v 0.028829 0.305768 -0.002373
v 0.028829 0.304852 -0.004584
v 0.028829 0.303395 -0.006483
v 0.028829 0.301496 -0.007940
v 0.028829 0.299285 -0.008856
v 0.028829 0.296912 -0.000000
v 0.026304 0.313930 -0.004560
v 0.026304 0.314531 -0.000000
v 0.026304 0.281653 0.008809
v 0.026304 0.313930 0.004560
v 0.026304 0.312170 0.008809
v 0.026304 0.309370 0.012458
v 0.026304 0.305721 0.015258
v 0.026304 0.301472 0.017019
v 0.026304 0.296912 0.017619
v 0.026304 0.309370 -0.012458
v 0.026304 0.292352 0.017019
v 0.026304 0.288102 0.015258
v 0.026304 0.312170 -0.008809
v 0.026304 0.284453 0.012458
v 0.028084 0.313689 0.004496
v 0.028084 0.311954 0.008685
v 0.028084 0.279542 -0.000000
v 0.028084 0.280134 -0.004496
v 0.028084 0.281869 -0.008685
v 0.028084 0.284630 -0.012282
v 0.028084 0.309194 0.012282
v 0.028084 0.305596 0.015042
v 0.028084 0.296912 -0.017369
v 0.028084 0.301407 -0.016778
v 0.028084 0.288227 -0.015042
v 0.028084 0.292416 -0.016778
v 0.028084 0.301407 0.016778
v 0.028084 0.296912 0.017369
v 0.028084 0.305596 -0.015042
v 0.028084 0.309194 -0.012282
v 0.028084 0.292416 0.016778
v 0.028084 0.288227 0.015042
v 0.028084 0.311954 -0.008685
v 0.028084 0.313689 -0.004495
v 0.028084 0.284630 0.012282
v 0.028084 0.281869 0.008685
v 0.028084 0.314281 -0.000000
v 0.028084 0.280134 0.004496
v 0.023384 0.292604 -0.016078
v 0.023384 0.288589 -0.014415
v 0.023384 0.285142 -0.011770
v 0.023384 0.282497 -0.008322
v 0.023384 0.280834 -0.004308
v 0.023384 0.280267 -0.000000
v 0.023384 0.280834 0.004308
v 0.023384 0.285142 0.011770
v 0.023384 0.288589 0.014415
v 0.023384 0.292604 0.016078
v 0.023384 0.296912 0.016645
v 0.023384 0.301220 0.016078
v 0.023384 0.305234 0.014415
v 0.023384 0.308681 0.011770
v 0.023384 0.311327 0.008323
v 0.023384 0.312990 0.004308
v 0.023384 0.313557 -0.000000
v 0.023384 0.312990 -0.004308
v 0.023384 0.311327 -0.008322
v 0.023384 0.308681 -0.011770
v 0.023384 0.305234 -0.014415
v 0.024240 0.292652 -0.015896
v 0.024240 0.288683 -0.014252
v 0.024240 0.285275 -0.011637
v 0.024240 0.282659 -0.008229
v 0.024240 0.281015 -0.004259
v 0.024240 0.280455 -0.000000
v 0.024240 0.281015 0.004259
v 0.024240 0.282659 0.008229
v 0.024240 0.285275 0.011637
v 0.024240 0.288683 0.014252
v 0.024240 0.292652 0.015896
v 0.024240 0.296912 0.016457
v 0.024240 0.301171 0.015896
v 0.024240 0.305140 0.014252
v 0.024240 0.308549 0.011637
v 0.024240 0.311164 0.008229
v 0.024240 0.312808 0.004259
v 0.024240 0.313369 -0.000000
v 0.024240 0.312808 -0.004259
v 0.024240 0.311164 -0.008229
v 0.024240 0.308549 -0.011637
v 0.024240 0.305140 -0.014252
v 0.021889 0.296912 0.018570
v 0.021889 0.301718 0.017938
v 0.021889 0.306197 0.016082
v 0.021889 0.310043 0.013131
v 0.021889 0.312994 0.009285
v 0.021889 0.314849 0.004806
v 0.021889 0.315482 -0.000000
v 0.021889 0.314849 -0.004806
v 0.021889 0.312994 -0.009285
v 0.021889 0.310043 -0.013131
v 0.021889 0.306197 -0.016082
v 0.021130 0.291960 0.018479
v 0.021130 0.296912 0.019131
v 0.021130 0.301863 0.018479
v 0.021130 0.306477 0.016568
v 0.021130 0.310439 0.013528
v 0.021130 0.313480 0.009566
v 0.021130 0.315391 0.004951
v 0.021130 0.316043 -0.000000
v 0.021130 0.315391 -0.004951
v 0.021130 0.313480 -0.009565
v 0.021130 0.310439 -0.013528
v 0.020396 0.287688 -0.015975
v 0.020396 0.283868 -0.013044
v 0.020396 0.280936 -0.009223
v 0.020396 0.278465 -0.000000
v 0.020396 0.279093 0.004774
v 0.020396 0.280936 0.009223
v 0.020396 0.283868 0.013044
v 0.020396 0.287688 0.015975
v 0.020396 0.292137 0.017818
v 0.020396 0.296912 0.018447
v 0.020396 0.301686 0.017818
v 0.020396 0.306135 0.015975
v 0.020396 0.309956 0.013044
v 0.020396 0.312887 0.009223
v 0.020396 0.314730 0.004774
v 0.020396 0.315359 -0.000000
v 0.020396 0.314730 -0.004774
v 0.020396 0.312887 -0.009223
v 0.020396 0.309956 -0.013044
v 0.020396 0.306135 -0.015975
v 0.020396 0.301686 -0.017818
v 0.020102 0.296912 -0.009169
v 0.020102 0.294539 -0.008856
v 0.020102 0.292327 -0.007940
v 0.020102 0.290429 -0.006483
v 0.020102 0.288972 -0.004584
v 0.020102 0.288056 -0.002373
v 0.020102 0.287743 -0.000000
v 0.020102 0.288056 0.002373
v 0.020102 0.288972 0.004584
v 0.020102 0.290429 0.006483
v 0.020102 0.292327 0.007940
v 0.020102 0.294539 0.008856
v 0.020102 0.296912 0.009169
v 0.020102 0.299285 0.008856
v 0.020102 0.301496 0.007940
v 0.020102 0.303395 0.006483
v 0.020102 0.304852 0.004584
v 0.020102 0.305768 0.002373
v 0.020102 0.306080 -0.000000
v 0.020102 0.305768 -0.002373
v 0.020102 0.304852 -0.004584
v 0.020102 0.303395 -0.006483
v 0.020102 0.301496 -0.007940
v 0.020102 0.299285 -0.008856
v 0.019651 0.296912 -0.009169
v 0.019651 0.294539 -0.008856
v 0.019651 0.292327 -0.007940
v 0.019651 0.290429 -0.006483
v 0.019651 0.288972 -0.004584
v 0.019651 0.288056 -0.002373
v 0.019651 0.287743 -0.000000
v 0.019651 0.288056 0.002373
v 0.019651 0.288972 0.004584
v 0.019651 0.290429 0.006483
v 0.019651 0.292327 0.007940
v 0.019651 0.294539 0.008856
v 0.019651 0.296912 0.009169
v 0.019651 0.299285 0.008856
v 0.019651 0.301496 0.007940
v 0.019651 0.303395 0.006483
v 0.019651 0.304852 0.004584
v 0.019651 0.305768 0.002373
v 0.019651 0.306080 -0.000000
v 0.019651 0.305768 -0.002373
v 0.019651 0.304852 -0.004584
v 0.019651 0.303395 -0.006483
v 0.019651 0.301496 -0.007940
v 0.019651 0.299285 -0.008856
v 0.019651 0.296912 -0.000000
v 0.022176 0.313930 -0.004560
v 0.022176 0.314531 -0.000000
v 0.022176 0.313930 0.004560
v 0.022176 0.312170 0.008809
v 0.022176 0.309370 0.012458
v 0.022176 0.305721 0.015258
v 0.022176 0.301472 0.017019
v 0.022176 0.296912 0.017619
v 0.022176 0.305721 -0.015258
v 0.022176 0.309370 -0.012458
v 0.022176 0.292352 0.017019
v 0.022176 0.288102 0.015258
v 0.022176 0.312170 -0.008809
v 0.020396 0.313689 0.004496
v 0.020396 0.311954 0.008685
v 0.020396 0.279542 -0.000000
v 0.020396 0.280134 -0.004496
v 0.020396 0.281869 -0.008685
v 0.020396 0.284630 -0.012282
v 0.020396 0.309194 0.012282
v 0.020396 0.305596 0.015042
v 0.020396 0.296912 -0.017369
v 0.020396 0.301407 -0.016778
v 0.020396 0.288227 -0.015042
v 0.020396 0.292416 -0.016778
v 0.020396 0.301407 0.016778
v 0.020396 0.296912 0.017369
v 0.020396 0.305596 -0.015042
v 0.020396 0.309194 -0.012282
v 0.020396 0.292416 0.016778
v 0.020396 0.288227 0.015042
v 0.020396 0.311954 -0.008685
v 0.020396 0.313689 -0.004495
v 0.020396 0.284630 0.012282
v 0.020396 0.281869 0.008685
v 0.020396 0.314281 -0.000000
v 0.020396 0.280134 0.004496
v -0.013056 0.337819 -0.020174
v -0.014072 0.327599 -0.019725
v -0.014063 0.327636 -0.017853
v -0.013056 0.337819 -0.018299
v -0.009809 0.337819 -0.018299
v -0.010817 0.327636 -0.017853
v -0.010826 0.327599 -0.019725
v -0.009809 0.337819 -0.020174
v -0.012435 0.327655 -0.016917
v -0.011432 0.337819 -0.017361
v -0.012455 0.327581 -0.020660
v -0.011432 0.337819 -0.021111
v -0.016522 0.302004 -0.018339
v -0.017246 0.291911 -0.016778
v -0.017158 0.292599 -0.015061
v -0.016468 0.302268 -0.016502
v -0.015492 0.292943 -0.014202
v -0.014821 0.302401 -0.015583
v -0.013916 0.292591 -0.015059
v -0.013228 0.302267 -0.016501
v -0.014002 0.291901 -0.016775
v -0.013280 0.302002 -0.018339
v -0.017317 0.284830 -0.010399
v -0.017303 0.283593 -0.005798
v -0.017275 0.285508 -0.005537
v -0.017272 0.286463 -0.009417
v -0.015639 0.286446 -0.005409
v -0.015631 0.287320 -0.008960
v -0.014028 0.285496 -0.005521
v -0.014028 0.286446 -0.009407
v -0.014056 0.283586 -0.005783
v -0.014070 0.284815 -0.010389
v -0.015694 0.282633 -0.005937
v -0.015572 0.289507 -0.011919
v -0.013994 0.288909 -0.012652
v -0.017239 0.288924 -0.012656
v -0.017327 0.287771 -0.014145
v -0.014082 0.287755 -0.014140
v -0.015701 0.287473 -0.001326
v -0.015794 0.289543 0.002532
v -0.014189 0.288428 0.002880
v -0.014088 0.286506 -0.001233
v -0.017336 0.286510 -0.001250
v -0.017437 0.288424 0.002865
v -0.017361 0.284308 -0.000988
v -0.017471 0.286416 0.003560
v -0.014223 0.286420 0.003575
v -0.014114 0.284305 -0.000972
v -0.015863 0.285411 0.003936
v -0.015753 0.283218 -0.000863
v 0.023394 0.337473 0.016812
v 0.023912 0.327407 0.017093
v 0.023905 0.327446 0.015219
v 0.023394 0.337473 0.014937
v 0.020146 0.337473 0.014937
v 0.020658 0.327445 0.015219
v 0.020665 0.327407 0.017093
v 0.020146 0.337473 0.016812
v 0.022278 0.327465 0.014282
v 0.021770 0.337473 0.014000
v 0.022295 0.327388 0.018029
v 0.021770 0.337473 0.017750
v 0.025182 0.302244 0.017553
v 0.025678 0.292067 0.016605
v 0.025598 0.292747 0.014864
v 0.025138 0.302512 0.015702
v 0.023938 0.293081 0.013991
v 0.023496 0.302643 0.014776
v 0.022356 0.292736 0.014861
v 0.021896 0.302507 0.015702
v 0.022433 0.292056 0.016602
v 0.021939 0.302240 0.017553
v 0.025869 0.284801 0.010317
v 0.025798 0.283428 0.005685
v 0.025797 0.285239 0.005400
v 0.025850 0.286378 0.009406
v 0.024168 0.286150 0.005245
v 0.024192 0.287161 0.008938
v 0.022550 0.285229 0.005381
v 0.022603 0.286363 0.009393
v 0.022550 0.283417 0.005666
v 0.022622 0.284786 0.010303
v 0.024175 0.282571 0.005811
v 0.024261 0.284025 0.010761
v 0.024083 0.289478 0.011875
v 0.022508 0.288904 0.012604
v 0.025752 0.288919 0.012614
v 0.025827 0.287786 0.014076
v 0.022581 0.287771 0.014069
v 0.024136 0.286943 0.001103
v 0.024260 0.289397 -0.002927
v 0.022638 0.288535 -0.003302
v 0.022517 0.285997 0.000985
v 0.025764 0.286002 0.001004
v 0.025885 0.288534 -0.003285
v 0.025774 0.284143 0.000786
v 0.025888 0.286808 -0.004018
v 0.022641 0.286809 -0.004034
v 0.022527 0.284138 0.000766
v 0.024266 0.285946 -0.004393
v 0.024155 0.283280 0.000660
v -0.002778 0.267174 0.000236
v -0.001409 0.269877 0.000193
v -0.002706 0.268318 -0.010051
v -0.002703 0.270165 -0.014952
v -0.001384 0.270096 -0.004575
v -0.001272 0.268363 -0.004861
v -0.002755 0.267396 -0.004936
v -0.002502 0.277062 -0.023165
v -0.002412 0.281740 -0.026127
v -0.002555 0.283478 -0.022786
v -0.002667 0.279414 -0.020265
v -0.002619 0.273113 -0.019392
v -0.002388 0.291551 -0.029698
v -0.002365 0.296387 -0.026331
v -0.002433 0.292264 -0.025787
v -0.003933 0.296298 -0.027322
v -0.003969 0.292097 -0.026744
v -0.002514 0.287901 -0.024619
v -0.002403 0.286744 -0.028283
v -0.003432 0.333451 -0.029304
v -0.003781 0.338537 -0.029106
v -0.002147 0.338537 -0.028120
v -0.001797 0.333451 -0.028318
v -0.002126 0.338537 -0.026107
v -0.001775 0.333451 -0.026304
v -0.003739 0.338537 -0.025082
v -0.003388 0.333451 -0.025279
v -0.005373 0.338537 -0.026070
v -0.005022 0.333451 -0.026268
v -0.005394 0.338537 -0.028083
v -0.005044 0.333451 -0.028281
v -0.001255 0.324542 -0.026690
v -0.002863 0.324554 -0.025662
v -0.001277 0.324523 -0.028709
v -0.002907 0.324514 -0.029703
v -0.004491 0.324548 -0.026654
v -0.004514 0.324529 -0.028672
v -0.023388 0.337473 -0.016948
v -0.023907 0.327407 -0.017228
v -0.023900 0.327446 -0.015354
v -0.023388 0.337473 -0.015073
v -0.020141 0.337473 -0.015073
v -0.020653 0.327445 -0.015354
v -0.020661 0.327407 -0.017228
v -0.020141 0.337473 -0.016948
v -0.022273 0.327465 -0.014418
v -0.021765 0.337473 -0.014135
v -0.022290 0.327388 -0.018165
v -0.021765 0.337473 -0.017885
v -0.025177 0.302244 -0.017689
v -0.025673 0.292067 -0.016741
v -0.025593 0.292747 -0.015000
v -0.025133 0.302512 -0.015838
v -0.023934 0.293081 -0.014127
v -0.023492 0.302643 -0.014912
v -0.022351 0.292736 -0.014997
v -0.021891 0.302507 -0.015837
v -0.022428 0.292056 -0.016738
v -0.021934 0.302240 -0.017688
v -0.025864 0.284801 -0.010453
v -0.025793 0.283428 -0.005821
v -0.025792 0.285239 -0.005536
v -0.025845 0.286378 -0.009543
v -0.024163 0.286150 -0.005381
v -0.024188 0.287161 -0.009074
v -0.022544 0.285229 -0.005517
v -0.022599 0.286363 -0.009529
v -0.022545 0.283417 -0.005803
v -0.022618 0.284786 -0.010440
v -0.024169 0.282571 -0.005947
v -0.024079 0.289478 -0.012012
v -0.022504 0.288904 -0.012741
v -0.025747 0.288919 -0.012750
v -0.025822 0.287786 -0.014212
v -0.022577 0.287771 -0.014205
v -0.024131 0.286943 -0.001238
v -0.024256 0.289397 0.002791
v -0.022633 0.288535 0.003166
v -0.022512 0.285997 -0.001121
v -0.025759 0.286002 -0.001140
v -0.025881 0.288534 0.003149
v -0.025769 0.284143 -0.000922
v -0.025884 0.286808 0.003882
v -0.022636 0.286809 0.003899
v -0.022521 0.284138 -0.000903
v -0.024262 0.285946 0.004256
v -0.024150 0.283280 -0.000797
v 0.013518 0.337819 0.020037
v 0.014627 0.329092 0.019661
v 0.014624 0.329120 0.017788
v 0.013523 0.337819 0.018162
v 0.010274 0.337819 0.018162
v 0.011376 0.329120 0.017788
v 0.011379 0.329092 0.019661
v 0.010269 0.337819 0.020037
v 0.013000 0.329134 0.016852
v 0.011902 0.337819 0.017225
v 0.013006 0.329079 0.020597
v 0.011892 0.337819 0.020975
v 0.017657 0.297524 0.017988
v 0.017708 0.291911 0.016642
v 0.017644 0.292599 0.014925
v 0.017604 0.297816 0.016153
v 0.015992 0.292943 0.014066
v 0.015960 0.297963 0.015236
v 0.014404 0.292591 0.014923
v 0.014366 0.297815 0.016153
v 0.014465 0.291901 0.016640
v 0.014417 0.297522 0.017987
v 0.017457 0.284830 0.010263
v 0.017364 0.283593 0.005662
v 0.017357 0.285508 0.005401
v 0.017443 0.286463 0.009281
v 0.015733 0.286446 0.005274
v 0.015822 0.287320 0.008824
v 0.014110 0.285496 0.005385
v 0.014201 0.286446 0.009271
v 0.014117 0.283586 0.005646
v 0.014213 0.284815 0.010253
v 0.015741 0.282633 0.005801
v 0.015843 0.284012 0.010758
v 0.015894 0.289507 0.011783
v 0.014301 0.288909 0.012516
v 0.017544 0.288924 0.012520
v 0.017603 0.287771 0.014009
v 0.014358 0.287755 0.014004
v 0.015738 0.287473 0.001190
v 0.015819 0.289543 -0.002668
v 0.014214 0.288428 -0.003016
v 0.014122 0.286506 0.001098
v 0.017370 0.286510 0.001114
v 0.017461 0.288424 -0.003001
v 0.017390 0.284308 0.000852
v 0.017495 0.286416 -0.003696
v 0.014247 0.286420 -0.003711
v 0.014143 0.284305 0.000837
v 0.015887 0.285411 -0.004072
v 0.015779 0.283218 0.000727
v 0.016777 0.308833 0.018696
v 0.016742 0.308981 0.016834
v 0.013501 0.308981 0.016834
v 0.013535 0.308832 0.018696
v 0.015105 0.309056 0.015903
v 0.003244 0.323903 0.029071
v 0.004692 0.323907 0.027789
v 0.004395 0.323915 0.025795
v 0.002651 0.323920 0.025074
v 0.001203 0.323914 0.026353
v 0.001500 0.323905 0.028349
v 0.003202 0.338330 0.028277
v 0.003201 0.333190 0.028443
v 0.004652 0.333187 0.027172
v 0.004655 0.338329 0.027003
v 0.002600 0.338328 0.024305
v 0.002598 0.333184 0.024475
v 0.001146 0.333185 0.025745
v 0.001148 0.338328 0.025577
v 0.004350 0.333184 0.025190
v 0.004353 0.338328 0.025018
v 0.001447 0.333188 0.027730
v 0.001449 0.338330 0.027563
v 0.002992 0.284402 0.027359
v 0.002991 0.279766 0.024486
v 0.003027 0.289062 0.029392
v 0.003062 0.272196 0.016075
v 0.003010 0.269708 0.010822
v 0.003036 0.275601 0.020701
v 0.002382 0.267551 -0.000426
v 0.001770 0.267633 -0.005906
v 0.002824 0.268196 0.005211
v -0.013300 0.337819 -0.019236
v -0.013378 0.334630 -0.020044
v -0.014311 0.327617 -0.018789
v -0.013377 0.334634 -0.018170
v -0.009565 0.337819 -0.019236
v -0.010130 0.334634 -0.018170
v -0.010578 0.327617 -0.018789
v -0.010131 0.334630 -0.020044
v -0.011503 0.327650 -0.017174
v -0.013652 0.314986 -0.016303
v -0.012045 0.314925 -0.017234
v -0.010498 0.337819 -0.017619
v -0.011752 0.334637 -0.017233
v -0.013369 0.327650 -0.017174
v -0.015288 0.314925 -0.017234
v -0.012366 0.337819 -0.017619
v -0.015318 0.314804 -0.019097
v -0.010498 0.337819 -0.020853
v -0.011520 0.327586 -0.020403
v -0.011755 0.334628 -0.020982
v -0.012366 0.337819 -0.020853
v -0.013387 0.327586 -0.020403
v -0.016737 0.302135 -0.017421
v -0.017097 0.294978 -0.017620
v -0.017443 0.292255 -0.015920
v -0.017023 0.295441 -0.015833
v -0.015760 0.302364 -0.015836
v -0.016437 0.292849 -0.014438
v -0.015366 0.295673 -0.014938
v -0.013897 0.302364 -0.015835
v -0.014574 0.292845 -0.014437
v -0.013783 0.295436 -0.015831
v -0.013010 0.302133 -0.017420
v -0.013714 0.292244 -0.015917
v -0.013855 0.294972 -0.017618
v -0.017536 0.285641 -0.009903
v -0.017304 0.283971 -0.008170
v -0.017533 0.284553 -0.005665
v -0.017272 0.285751 -0.007551
v -0.016569 0.287081 -0.009082
v -0.016576 0.286192 -0.005446
v -0.015636 0.286671 -0.007269
v -0.014704 0.287070 -0.009076
v -0.014709 0.286184 -0.005437
v -0.014026 0.285735 -0.007538
v -0.013804 0.285622 -0.009891
v -0.013799 0.284542 -0.005647
v -0.014058 0.283960 -0.008157
v -0.014781 0.284231 -0.010754
v -0.014757 0.282894 -0.005891
v -0.015699 0.283078 -0.008487
v -0.014652 0.289339 -0.012119
v -0.015607 0.288262 -0.010507
v -0.014017 0.287514 -0.011116
v -0.016518 0.289347 -0.012121
v -0.017262 0.287532 -0.011123
v -0.017524 0.288348 -0.013400
v -0.017329 0.286121 -0.012399
v -0.016648 0.284239 -0.010759
v -0.016624 0.282897 -0.005899
v -0.013792 0.288329 -0.013395
v -0.014083 0.286104 -0.012392
v -0.014770 0.287224 -0.001304
v -0.015746 0.288447 0.000637
v -0.014866 0.289223 0.002629
v -0.014136 0.287419 0.000848
v -0.016638 0.287227 -0.001313
v -0.017384 0.287419 0.000832
v -0.016734 0.289221 0.002621
v -0.017591 0.285425 -0.001124
v -0.017412 0.285264 0.001313
v -0.017698 0.287406 0.003208
v -0.013857 0.285420 -0.001106
v -0.013963 0.287411 0.003225
v -0.014165 0.285264 0.001329
v -0.014815 0.283512 -0.000888
v -0.014925 0.285692 0.003837
v -0.015805 0.284195 0.001562
v -0.016682 0.283513 -0.000897
v -0.016793 0.285690 0.003828
v -0.017300 0.289710 -0.015619
v -0.017206 0.290625 -0.013993
v -0.013963 0.290612 -0.013990
v -0.014055 0.289696 -0.015616
v -0.015536 0.291081 -0.013180
v -0.017323 0.283722 -0.003377
v -0.017298 0.285811 -0.003403
v -0.014050 0.285802 -0.003386
v -0.014076 0.283717 -0.003361
v -0.015662 0.286752 -0.003383
v -0.015713 0.282681 -0.003374
v 0.023637 0.337473 0.015875
v 0.023559 0.334320 0.016906
v 0.024152 0.327427 0.016156
v 0.023558 0.334325 0.015031
v 0.019903 0.337473 0.015875
v 0.020310 0.334325 0.015031
v 0.020418 0.327426 0.016156
v 0.020311 0.334320 0.016906
v 0.021345 0.327459 0.014540
v 0.020836 0.337473 0.014258
v 0.021934 0.334327 0.014094
v 0.023212 0.327460 0.014540
v 0.022703 0.337473 0.014258
v 0.020836 0.337473 0.017492
v 0.021359 0.327393 0.017772
v 0.021936 0.334318 0.017843
v 0.022703 0.337473 0.017492
v 0.023226 0.327393 0.017772
v 0.025401 0.302378 0.016628
v 0.025531 0.295229 0.017297
v 0.025879 0.292408 0.015734
v 0.025467 0.295690 0.015487
v 0.024434 0.302608 0.015031
v 0.024881 0.292991 0.014232
v 0.023816 0.295916 0.014580
v 0.022570 0.302605 0.015031
v 0.023017 0.292985 0.014230
v 0.022225 0.295682 0.015485
v 0.021672 0.302373 0.016627
v 0.022149 0.292395 0.015731
v 0.022288 0.295222 0.017296
v 0.024547 0.314848 0.017395
v 0.024516 0.302146 0.018224
v 0.025026 0.291818 0.017236
v 0.026105 0.285587 0.009864
v 0.025840 0.283883 0.008073
v 0.026042 0.284326 0.005545
v 0.025836 0.285604 0.007485
v 0.025138 0.286948 0.009069
v 0.025104 0.285901 0.005290
v 0.024194 0.286465 0.007177
v 0.023272 0.286940 0.009061
v 0.023236 0.285896 0.005280
v 0.022589 0.285591 0.007469
v 0.022372 0.285570 0.009848
v 0.022307 0.284314 0.005524
v 0.022592 0.283870 0.008057
v 0.023322 0.284230 0.010633
v 0.023241 0.282796 0.005769
v 0.024219 0.283051 0.008353
v 0.023165 0.289318 0.012075
v 0.024149 0.288163 0.010501
v 0.022571 0.287470 0.011107
v 0.025030 0.289327 0.012080
v 0.025816 0.287485 0.011118
v 0.026031 0.288353 0.013345
v 0.025864 0.286116 0.012331
v 0.025189 0.284238 0.010641
v 0.025108 0.282802 0.005780
v 0.022300 0.288336 0.013336
v 0.022618 0.286100 0.012321
v 0.023312 0.287365 0.014602
v 0.024280 0.285432 0.012933
v 0.025178 0.287374 0.014606
v 0.023203 0.286682 0.001068
v 0.024183 0.288044 -0.000931
v 0.023327 0.289160 -0.003032
v 0.022563 0.287131 -0.001175
v 0.025071 0.286685 0.001078
v 0.025811 0.287133 -0.001157
v 0.025194 0.289160 -0.003023
v 0.026013 0.285062 0.000897
v 0.025819 0.285326 -0.001628
v 0.026130 0.287671 -0.003650
v 0.022278 0.285057 0.000875
v 0.022396 0.287672 -0.003669
v 0.022572 0.285324 -0.001646
v 0.023220 0.283507 0.000687
v 0.023332 0.286183 -0.004297
v 0.024200 0.284464 -0.001877
v 0.025087 0.283509 0.000698
v 0.025199 0.286183 -0.004287
v 0.024524 0.314973 0.015526
v 0.021280 0.314971 0.015526
v 0.021302 0.314846 0.017395
v 0.022891 0.315034 0.014592
v 0.022944 0.314784 0.018329
v 0.025766 0.289778 0.015515
v 0.025681 0.290681 0.013883
v 0.022438 0.290668 0.013877
v 0.022520 0.289765 0.015511
v 0.024014 0.291126 0.013062
v 0.025770 0.283502 0.003236
v 0.025765 0.285361 0.003212
v 0.022517 0.285354 0.003193
v 0.022523 0.283494 0.003217
v 0.024138 0.286301 0.003189
v 0.024149 0.282638 0.003231
v -0.001120 0.269022 0.000162
v -0.002104 0.270463 0.000245
v -0.003678 0.267350 0.000295
v -0.002706 0.269112 -0.012543
v -0.002079 0.270680 -0.004442
v -0.001352 0.270431 -0.006936
v -0.001097 0.269244 -0.004728
v -0.001243 0.268711 -0.007355
v -0.002727 0.267750 -0.007507
v -0.003605 0.268498 -0.009946
v -0.003604 0.270343 -0.014814
v -0.003655 0.267575 -0.004856
v -0.001638 0.277245 -0.022978
v -0.002448 0.279331 -0.024751
v -0.001776 0.279272 -0.020479
v -0.001666 0.283366 -0.023031
v -0.002602 0.281380 -0.021613
v -0.003535 0.279232 -0.020452
v -0.003426 0.283351 -0.023003
v -0.002561 0.274977 -0.021373
v -0.003399 0.277207 -0.022948
v -0.003310 0.281853 -0.025881
v -0.003518 0.273280 -0.019214
v -0.002392 0.294351 -0.026126
v -0.003319 0.292222 -0.026045
v -0.003266 0.296368 -0.026598
v -0.003944 0.294228 -0.027104
v -0.001625 0.287822 -0.024884
v -0.002478 0.290109 -0.025286
v -0.002398 0.289195 -0.029084
v -0.003389 0.287822 -0.024858
v -0.004000 0.289886 -0.026215
v -0.003298 0.286823 -0.028016
v -0.002495 0.333451 -0.029039
v -0.003624 0.335994 -0.029198
v -0.002844 0.338537 -0.028841
v -0.001990 0.335994 -0.028212
v -0.001542 0.333451 -0.027314
v -0.001893 0.338537 -0.027116
v -0.001968 0.335994 -0.026198
v -0.002457 0.333451 -0.025566
v -0.002808 0.338537 -0.025369
v -0.003581 0.335993 -0.025174
v -0.004324 0.333451 -0.025546
v -0.004676 0.338537 -0.025348
v -0.005216 0.335994 -0.026162
v -0.005276 0.333451 -0.027272
v -0.005627 0.338537 -0.027074
v -0.005237 0.335994 -0.028175
v -0.001935 0.324550 -0.025950
v -0.001524 0.330432 -0.026448
v -0.003137 0.330434 -0.025422
v -0.001023 0.324532 -0.027702
v -0.001547 0.330430 -0.028463
v -0.001973 0.324516 -0.029435
v -0.003182 0.330428 -0.029450
v -0.004362 0.333451 -0.029017
v -0.004712 0.338537 -0.028819
v -0.003796 0.324554 -0.025929
v -0.004770 0.330433 -0.026412
v -0.004745 0.324539 -0.027660
v -0.004793 0.330430 -0.028426
v -0.003835 0.324520 -0.029413
v -0.002771 0.267234 -0.002352
v -0.001287 0.268200 -0.002354
v -0.001402 0.269938 -0.002195
v -0.002671 0.271502 -0.017243
v -0.002402 0.284235 -0.027300
v -0.002533 0.285671 -0.023787
v -0.002367 0.298895 -0.026418
v -0.003950 0.298834 -0.027418
v -0.023632 0.337473 -0.016010
v -0.023554 0.334320 -0.017041
v -0.024147 0.327427 -0.016291
v -0.023553 0.334325 -0.015166
v -0.019897 0.337473 -0.016010
v -0.020305 0.334325 -0.015166
v -0.020413 0.327426 -0.016291
v -0.020306 0.334320 -0.017041
v -0.021341 0.327459 -0.014675
v -0.022887 0.315034 -0.014727
v -0.021275 0.314971 -0.015662
v -0.020831 0.337473 -0.014393
v -0.021929 0.334327 -0.014229
v -0.023208 0.327460 -0.014675
v -0.024519 0.314973 -0.015662
v -0.022699 0.337473 -0.014393
v -0.024542 0.314848 -0.017531
v -0.020831 0.337473 -0.017627
v -0.021355 0.327393 -0.017907
v -0.021931 0.334318 -0.017979
v -0.022699 0.337473 -0.017627
v -0.023221 0.327393 -0.017907
v -0.025397 0.302378 -0.016764
v -0.025527 0.295229 -0.017434
v -0.025874 0.292408 -0.015870
v -0.025462 0.295690 -0.015622
v -0.024430 0.302608 -0.015167
v -0.024877 0.292991 -0.014368
v -0.023811 0.295916 -0.014716
v -0.022565 0.302605 -0.015166
v -0.023013 0.292985 -0.014366
v -0.022220 0.295682 -0.015621
v -0.021667 0.302373 -0.016763
v -0.022144 0.292395 -0.015867
v -0.022283 0.295222 -0.017432
v -0.026100 0.285587 -0.010000
v -0.025835 0.283883 -0.008210
v -0.026037 0.284326 -0.005681
v -0.025831 0.285604 -0.007621
v -0.025133 0.286948 -0.009206
v -0.025099 0.285901 -0.005427
v -0.024189 0.286465 -0.007313
v -0.023267 0.286940 -0.009198
v -0.023231 0.285896 -0.005416
v -0.022584 0.285591 -0.007605
v -0.022367 0.285570 -0.009985
v -0.022302 0.284314 -0.005660
v -0.022587 0.283870 -0.008194
v -0.023317 0.284230 -0.010770
v -0.023235 0.282796 -0.005906
v -0.024213 0.283051 -0.008490
v -0.023161 0.289318 -0.012211
v -0.024145 0.288163 -0.010637
v -0.022566 0.287470 -0.011243
v -0.025026 0.289327 -0.012217
v -0.025811 0.287485 -0.011255
v -0.026026 0.288353 -0.013481
v -0.025859 0.286116 -0.012467
v -0.025184 0.284238 -0.010777
v -0.025103 0.282802 -0.005916
v -0.022295 0.288336 -0.013472
v -0.022613 0.286100 -0.012458
v -0.023307 0.287365 -0.014739
v -0.023198 0.286682 -0.001203
v -0.024178 0.288044 0.000795
v -0.023322 0.289160 0.002897
v -0.022559 0.287131 0.001039
v -0.025066 0.286685 -0.001214
v -0.025806 0.287133 0.001021
v -0.025190 0.289160 0.002887
v -0.026008 0.285062 -0.001034
v -0.025814 0.285326 0.001492
v -0.026126 0.287671 0.003514
v -0.022273 0.285057 -0.001011
v -0.022391 0.287672 0.003533
v -0.022567 0.285324 0.001510
v -0.023215 0.283507 -0.000824
v -0.023328 0.286183 0.004161
v -0.024195 0.284464 0.001741
v -0.025082 0.283509 -0.000835
v -0.025195 0.286183 0.004151
v -0.025761 0.289778 -0.015651
v -0.025676 0.290681 -0.014019
v -0.022433 0.290668 -0.014013
v -0.022516 0.289765 -0.015647
v -0.024010 0.291126 -0.013199
v -0.025765 0.283502 -0.003372
v -0.025760 0.285361 -0.003348
v -0.022512 0.285354 -0.003329
v -0.022517 0.283494 -0.003353
v -0.024133 0.286301 -0.003325
v -0.024144 0.282638 -0.003367
v 0.013764 0.337819 0.019100
v 0.013939 0.334816 0.019917
v 0.014869 0.329106 0.018724
v 0.013944 0.334820 0.018043
v 0.010027 0.337819 0.019100
v 0.010694 0.334820 0.018043
v 0.011134 0.329106 0.018724
v 0.010690 0.334816 0.019917
v 0.012066 0.329130 0.017109
v 0.010966 0.337819 0.017483
v 0.012321 0.334822 0.017105
v 0.013934 0.329130 0.017109
v 0.012835 0.337819 0.017483
v 0.010958 0.337819 0.020717
v 0.012071 0.329082 0.020339
v 0.012314 0.334815 0.020855
v 0.012827 0.337819 0.020717
v 0.013939 0.329082 0.020339
v 0.017872 0.297670 0.017070
v 0.017727 0.294418 0.017457
v 0.017918 0.292255 0.015784
v 0.017669 0.294884 0.015670
v 0.016898 0.297923 0.015488
v 0.016933 0.292849 0.014302
v 0.016021 0.295118 0.014776
v 0.015036 0.297922 0.015488
v 0.015070 0.292845 0.014301
v 0.014429 0.294880 0.015669
v 0.014147 0.297668 0.017070
v 0.014189 0.292244 0.015781
v 0.014486 0.294412 0.017455
v 0.015185 0.291655 0.017262
v 0.017050 0.291661 0.017263
v 0.017692 0.285641 0.009767
v 0.017398 0.283971 0.008034
v 0.017604 0.284553 0.005529
v 0.017393 0.285751 0.007416
v 0.016753 0.287081 0.008947
v 0.016666 0.286192 0.005310
v 0.015774 0.286671 0.007133
v 0.014889 0.287070 0.008941
v 0.014799 0.286184 0.005301
v 0.014148 0.285735 0.007402
v 0.013962 0.285622 0.009755
v 0.013870 0.284542 0.005511
v 0.014152 0.283960 0.008021
v 0.014908 0.284231 0.010618
v 0.014808 0.282894 0.005755
v 0.015775 0.283078 0.008351
v 0.014970 0.289339 0.011983
v 0.015858 0.288262 0.010371
v 0.014251 0.287514 0.010980
v 0.016835 0.289347 0.011985
v 0.017494 0.287532 0.010987
v 0.017815 0.288348 0.013264
v 0.017530 0.286121 0.012263
v 0.016774 0.284239 0.010624
v 0.016675 0.282897 0.005763
v 0.014084 0.288329 0.013259
v 0.014286 0.286104 0.012256
v 0.015078 0.287338 0.014545
v 0.015936 0.285409 0.012902
v 0.016944 0.287348 0.014548
v 0.014806 0.287224 0.001168
v 0.015773 0.288447 -0.000773
v 0.014890 0.289223 -0.002766
v 0.014163 0.287419 -0.000984
v 0.016673 0.287227 0.001177
v 0.017410 0.287419 -0.000968
v 0.016758 0.289221 -0.002757
v 0.017623 0.285425 0.000989
v 0.017437 0.285264 -0.001449
v 0.017722 0.287406 -0.003344
v 0.013888 0.285420 0.000970
v 0.013987 0.287411 -0.003361
v 0.014190 0.285264 -0.001464
v 0.014842 0.283512 0.000752
v 0.014949 0.285692 -0.003973
v 0.015829 0.284195 -0.001699
v 0.016709 0.283513 0.000761
v 0.016817 0.285690 -0.003964
v 0.017400 0.301820 0.018339
v 0.017354 0.302021 0.016483
v 0.014115 0.302022 0.016483
v 0.014160 0.301819 0.018338
v 0.015713 0.302123 0.015555
v 0.017663 0.289710 0.015483
v 0.017596 0.290625 0.013857
v 0.014354 0.290612 0.013854
v 0.014418 0.289696 0.015480
v 0.015942 0.291081 0.013044
v 0.017363 0.283722 0.003241
v 0.017350 0.285811 0.003267
v 0.014102 0.285802 0.003250
v 0.014116 0.283717 0.003225
v 0.015722 0.286752 0.003248
v 0.015746 0.282681 0.003238
v 0.015711 0.319204 0.019193
v 0.015693 0.319288 0.017325
v 0.012448 0.319288 0.017325
v 0.012466 0.319203 0.019193
v 0.014062 0.319331 0.016392
v 0.014102 0.319163 0.020127
v 0.014178 0.309036 0.016159
v 0.013274 0.308906 0.017765
v 0.017002 0.308906 0.017765
v 0.016041 0.309035 0.016159
v 0.004122 0.323904 0.028633
v 0.004783 0.323911 0.026749
v 0.003609 0.323919 0.025189
v 0.001774 0.323918 0.025510
v 0.001112 0.323909 0.027393
v 0.004083 0.338330 0.027842
v 0.003193 0.335757 0.028349
v 0.004081 0.333189 0.028009
v 0.004644 0.335755 0.027077
v 0.001720 0.338328 0.024738
v 0.002590 0.335753 0.024379
v 0.001718 0.333185 0.024908
v 0.001138 0.335754 0.025650
v 0.003560 0.333184 0.024589
v 0.004382 0.330105 0.025362
v 0.002630 0.330106 0.024646
v 0.003563 0.338328 0.024417
v 0.004343 0.335753 0.025093
v 0.004741 0.333185 0.026139
v 0.004683 0.330107 0.027344
v 0.004744 0.338328 0.025969
v 0.003233 0.330111 0.028615
v 0.002286 0.323904 0.028956
v 0.001180 0.330107 0.025917
v 0.001058 0.338329 0.026612
v 0.001056 0.333187 0.026780
v 0.001439 0.335756 0.027636
v 0.001480 0.330108 0.027902
v 0.002239 0.338330 0.028164
v 0.002238 0.333189 0.028331
v 0.002985 0.282053 0.026031
v 0.003010 0.286751 0.028482
v 0.002089 0.284445 0.027243
v 0.002089 0.279834 0.024381
v 0.002117 0.289085 0.029268
v 0.003048 0.270830 0.013511
v 0.003056 0.273792 0.018481
v 0.002153 0.272323 0.016029
v 0.002095 0.269858 0.010827
v 0.002131 0.275700 0.020620
v 0.002087 0.267536 -0.003181
v 0.002633 0.267939 -0.006006
v 0.002633 0.267767 0.002378
v 0.002624 0.313084 0.025843
v 0.003035 0.291314 0.030081
v 0.003011 0.277602 0.022707
v 0.002943 0.268836 0.008040
v -0.013621 0.334632 -0.019107
v -0.009887 0.334632 -0.019107
v -0.010819 0.334636 -0.017490
v -0.012686 0.334636 -0.017490
v -0.010821 0.334628 -0.020724
v -0.012688 0.334628 -0.020724
v -0.017302 0.295209 -0.016726
v -0.016308 0.295609 -0.015184
v -0.014445 0.295607 -0.015184
v -0.013575 0.295203 -0.016725
v -0.014588 0.314969 -0.016559
v -0.015546 0.314864 -0.018166
v -0.021957 0.315016 -0.014984
v -0.017531 0.284857 -0.007856
v -0.016572 0.286416 -0.007345
v -0.014706 0.286406 -0.007337
v -0.013798 0.284841 -0.007840
v -0.014760 0.283320 -0.008394
v -0.014684 0.288050 -0.010670
v -0.016549 0.288060 -0.010674
v -0.017536 0.286823 -0.011758
v -0.016627 0.283326 -0.008401
v -0.013804 0.286804 -0.011750
v -0.014808 0.285599 -0.012859
v -0.016675 0.285608 -0.012863
v -0.014816 0.288171 0.000693
v -0.016684 0.288171 0.000684
v -0.017642 0.286347 0.001067
v -0.013907 0.286347 0.001085
v -0.014867 0.284487 0.001501
v -0.016734 0.284486 0.001492
v -0.017494 0.290168 -0.014806
v -0.013763 0.290153 -0.014803
v -0.014617 0.290950 -0.013402
v -0.016482 0.290957 -0.013403
v -0.017553 0.284778 -0.003392
v -0.013819 0.284770 -0.003373
v -0.014732 0.286501 -0.003385
v -0.016599 0.286507 -0.003395
v -0.014776 0.282962 -0.003365
v -0.016643 0.282965 -0.003374
v 0.023802 0.334322 0.015968
v 0.020067 0.334322 0.015968
v 0.021000 0.334326 0.014351
v 0.022868 0.334326 0.014351
v 0.021047 0.314908 0.016461
v 0.021002 0.334318 0.017585
v 0.022869 0.334318 0.017585
v 0.025741 0.295460 0.016392
v 0.024756 0.295855 0.014830
v 0.022893 0.295851 0.014829
v 0.022012 0.295451 0.016391
v 0.023827 0.315018 0.014849
v 0.024778 0.314911 0.016461
v 0.024873 0.295061 0.017954
v 0.022005 0.314801 0.018073
v 0.023870 0.314802 0.018073
v 0.026083 0.284739 0.007782
v 0.025135 0.286230 0.007265
v 0.023268 0.286223 0.007255
v 0.022349 0.284724 0.007763
v 0.023284 0.283270 0.008270
v 0.023231 0.287970 0.010666
v 0.025097 0.287979 0.010673
v 0.026084 0.286800 0.011726
v 0.025151 0.283278 0.008279
v 0.022351 0.286782 0.011714
v 0.023334 0.285613 0.012763
v 0.025200 0.285622 0.012769
v 0.023250 0.287793 -0.001001
v 0.025118 0.287794 -0.000991
v 0.026059 0.286223 -0.001391
v 0.022324 0.286221 -0.001412
v 0.023265 0.284695 -0.001816
v 0.025132 0.284696 -0.001805
v 0.025964 0.290231 0.014699
v 0.022233 0.290215 0.014693
v 0.023095 0.290998 0.013285
v 0.024960 0.291006 0.013289
v 0.023253 0.289441 0.016106
v 0.025119 0.289448 0.016108
v 0.026011 0.284422 0.003227
v 0.022276 0.284413 0.003204
v 0.023205 0.286039 0.003187
v 0.025073 0.286044 0.003198
v 0.023215 0.282864 0.003225
v 0.025082 0.282868 0.003236
v -0.002047 0.271013 -0.006761
v -0.001067 0.269587 -0.007154
v -0.003606 0.269292 -0.012423
v -0.003626 0.267929 -0.007416
v -0.001585 0.279485 -0.024548
v -0.001712 0.281252 -0.021844
v -0.003471 0.281225 -0.021816
v -0.001696 0.275189 -0.021206
v -0.003346 0.279461 -0.024517
v -0.003458 0.275135 -0.021175
v -0.003285 0.294322 -0.026389
v -0.003358 0.290050 -0.025536
v -0.002688 0.335994 -0.028933
v -0.001735 0.335994 -0.027208
v -0.002651 0.335993 -0.025461
v -0.004518 0.335993 -0.025440
v -0.005470 0.335994 -0.027166
v -0.002206 0.330433 -0.025709
v -0.001292 0.330431 -0.027458
v -0.002245 0.330428 -0.029184
v -0.004555 0.335994 -0.028911
v -0.004073 0.330434 -0.025689
v -0.005025 0.330432 -0.027416
v -0.004112 0.330429 -0.029163
v -0.002097 0.270524 -0.002103
v -0.001114 0.269084 -0.002286
v -0.003671 0.267411 -0.002283
v -0.003571 0.271676 -0.017086
v -0.001537 0.284332 -0.027071
v -0.003405 0.285569 -0.024015
v -0.001644 0.285577 -0.024042
v -0.003299 0.284331 -0.027043
v -0.003275 0.298884 -0.026688
v -0.023797 0.334322 -0.016104
v -0.020062 0.334322 -0.016104
v -0.020995 0.334326 -0.014487
v -0.022863 0.334326 -0.014487
v -0.020997 0.334318 -0.017721
v -0.022864 0.334318 -0.017721
v -0.025736 0.295460 -0.016528
v -0.024752 0.295855 -0.014966
v -0.022888 0.295851 -0.014965
v -0.022007 0.295451 -0.016526
v -0.023822 0.315018 -0.014984
v -0.024773 0.314911 -0.016596
v -0.021042 0.314908 -0.016596
v -0.026078 0.284739 -0.007918
v -0.025130 0.286230 -0.007401
v -0.023263 0.286223 -0.007391
v -0.022344 0.284724 -0.007900
v -0.023279 0.283270 -0.008407
v -0.023227 0.287970 -0.010802
v -0.025092 0.287979 -0.010809
v -0.026079 0.286800 -0.011862
v -0.025146 0.283278 -0.008416
v -0.022347 0.286782 -0.011850
v -0.023329 0.285613 -0.012900
v -0.025196 0.285622 -0.012905
v -0.023246 0.287793 0.000865
v -0.025113 0.287794 0.000855
v -0.026054 0.286223 0.001255
v -0.022319 0.286221 0.001276
v -0.023260 0.284695 0.001680
v -0.025127 0.284696 0.001669
v -0.012724 0.314969 -0.016559
v -0.025959 0.290231 -0.014835
v -0.022229 0.290215 -0.014829
v -0.023091 0.290998 -0.013422
v -0.024955 0.291006 -0.013425
v -0.026006 0.284422 -0.003363
v -0.022271 0.284413 -0.003341
v -0.023200 0.286039 -0.003323
v -0.025068 0.286044 -0.003334
v -0.023209 0.282864 -0.003361
v -0.025077 0.282868 -0.003373
v 0.014185 0.334818 0.018980
v 0.010448 0.334818 0.018980
v 0.011386 0.334821 0.017363
v 0.013255 0.334821 0.017363
v 0.011380 0.334815 0.020597
v 0.013248 0.334815 0.020597
v 0.016650 0.302095 0.015810
v 0.014997 0.319319 0.016648
v 0.013164 0.319174 0.019870
v 0.021961 0.315016 0.014849
v 0.017940 0.294650 0.016563
v 0.016960 0.295054 0.015022
v 0.015097 0.295052 0.015021
v 0.014213 0.294645 0.016562
v 0.015203 0.294247 0.018103
v 0.017619 0.301920 0.017411
v 0.015945 0.319246 0.018259
v 0.017638 0.284857 0.007720
v 0.016705 0.286416 0.007209
v 0.014839 0.286406 0.007201
v 0.013907 0.284841 0.007704
v 0.014842 0.283320 0.008258
v 0.014930 0.288050 0.010535
v 0.016794 0.288060 0.010538
v 0.017753 0.286823 0.011622
v 0.016708 0.283326 0.008265
v 0.014023 0.286804 0.011614
v 0.014994 0.285599 0.012723
v 0.016860 0.285608 0.012727
v 0.014843 0.288171 -0.000829
v 0.016711 0.288171 -0.000820
v 0.017667 0.286347 -0.001203
v 0.013932 0.286347 -0.001220
v 0.014891 0.284487 -0.001637
v 0.016759 0.284486 -0.001628
v 0.017871 0.290168 0.014670
v 0.014141 0.290153 0.014667
v 0.015019 0.290950 0.013266
v 0.016883 0.290957 0.013268
v 0.015141 0.289367 0.016069
v 0.017007 0.289375 0.016071
v 0.017599 0.284778 0.003256
v 0.013865 0.284770 0.003237
v 0.014789 0.286501 0.003249
v 0.016656 0.286507 0.003259
v 0.014811 0.282962 0.003229
v 0.016678 0.282965 0.003238
v 0.015030 0.319174 0.019870
v 0.013132 0.319319 0.016648
v 0.014788 0.302095 0.015810
v 0.013894 0.301920 0.017411
v 0.012213 0.319246 0.018259
v 0.004073 0.335756 0.027915
v 0.001710 0.335753 0.024812
v 0.003592 0.330105 0.024760
v 0.003553 0.335753 0.024492
v 0.004772 0.330105 0.026311
v 0.004734 0.335754 0.026043
v 0.004112 0.330109 0.028181
v 0.001751 0.330106 0.025079
v 0.001048 0.335755 0.026685
v 0.001090 0.330107 0.026952
v 0.002229 0.335757 0.028237
v 0.002270 0.330110 0.028503
v 0.001753 0.313077 0.026285
v 0.002083 0.282108 0.025920
v 0.002104 0.286783 0.028362
v 0.002135 0.270969 0.013489
v 0.002149 0.273906 0.018417
v 0.003574 0.313081 0.025961
v 0.002120 0.291330 0.029954
v 0.002108 0.277686 0.022613
v -0.037020 0.300232 0.004750
v -0.036560 0.300231 0.004748
v -0.037015 0.293766 0.004770
v -0.036553 0.293767 0.004767
v -0.037028 0.301805 0.003144
v -0.036571 0.301805 0.003144
v -0.037020 0.292176 0.003164
v -0.036560 0.292178 0.003162
v -0.037035 0.302637 0.001093
v -0.036580 0.302637 0.001093
v -0.037014 0.298144 0.005635
v -0.036552 0.298143 0.005632
v -0.037012 0.295866 0.005643
v -0.036550 0.295866 0.005640
v -0.037026 0.291334 0.001101
v -0.036568 0.291335 0.001101
v -0.041831 0.290042 0.001352
v -0.041673 0.291011 0.003926
v -0.041368 0.295563 0.007142
v -0.041012 0.294176 0.006724
v -0.041208 0.291850 0.005065
v -0.041397 0.290373 0.002681
v -0.041539 0.289912 -0.000000
v -0.041312 0.303633 0.002680
v -0.041129 0.302160 0.005065
v -0.041007 0.299829 0.006710
v -0.040965 0.297005 0.007303
v -0.041523 0.304061 -0.000000
v -0.039176 0.289913 0.001377
v -0.039176 0.303015 0.003937
v -0.039186 0.295579 0.007063
v -0.039180 0.290965 0.003957
v -0.039171 0.304055 0.001369
v -0.039181 0.301045 0.005947
v -0.039185 0.298431 0.007055
v -0.039184 0.292952 0.005968
v -0.029515 0.300210 0.004717
v -0.029504 0.293797 0.004723
v -0.029531 0.301792 0.003135
v -0.029515 0.292210 0.003141
v -0.029546 0.302642 0.001094
v -0.029502 0.298132 0.005578
v -0.029498 0.295878 0.005581
v -0.029527 0.291356 0.001097
v -0.036560 0.300231 -0.004748
v -0.037020 0.300232 -0.004750
v -0.036553 0.293767 -0.004767
v -0.037015 0.293766 -0.004770
v -0.036571 0.301805 -0.003144
v -0.037028 0.301805 -0.003144
v -0.036560 0.292178 -0.003162
v -0.037020 0.292176 -0.003163
v -0.036580 0.302637 -0.001093
v -0.037035 0.302637 -0.001093
v -0.036552 0.298143 -0.005632
v -0.037014 0.298144 -0.005635
v -0.036550 0.295866 -0.005640
v -0.037012 0.295866 -0.005643
v -0.041591 0.303000 -0.003927
v -0.041781 0.303950 -0.001348
v -0.036568 0.291335 -0.001101
v -0.037026 0.291334 -0.001101
v -0.041831 0.290042 -0.001352
v -0.041673 0.291011 -0.003926
v -0.041487 0.292936 -0.005992
v -0.041368 0.295563 -0.007142
v -0.041365 0.298447 -0.007134
v -0.041444 0.301072 -0.005986
v -0.041208 0.291850 -0.005065
v -0.041012 0.294176 -0.006724
v -0.041397 0.290373 -0.002681
v -0.041129 0.302160 -0.005065
v -0.041312 0.303633 -0.002680
v -0.040965 0.297005 -0.007303
v -0.041007 0.299829 -0.006710
v -0.039176 0.289913 -0.001377
v -0.039176 0.303015 -0.003937
v -0.039186 0.295579 -0.007063
v -0.039180 0.290965 -0.003957
v -0.039171 0.304055 -0.001369
v -0.039181 0.301045 -0.005947
v -0.039185 0.298431 -0.007055
v -0.039184 0.292952 -0.005968
v -0.029515 0.300210 -0.004717
v -0.029504 0.293797 -0.004723
v -0.029531 0.301792 -0.003135
v -0.029515 0.292210 -0.003141
v -0.029546 0.302642 -0.001094
v -0.029502 0.298132 -0.005578
v -0.029498 0.295878 -0.005581
v -0.029527 0.291356 -0.001097
v -0.041116 0.301071 -0.005985
v -0.041467 0.303957 -0.001350
v -0.041353 0.291007 -0.003929
v -0.041036 0.295564 -0.007138
v -0.041033 0.298446 -0.007130
v -0.041270 0.303002 -0.003928
v -0.041518 0.290033 -0.001354
v -0.041159 0.292936 -0.005992
v -0.041116 0.301071 0.005985
v -0.041467 0.303957 0.001350
v -0.041353 0.291007 0.003929
v -0.041036 0.295564 0.007138
v -0.041033 0.298446 0.007130
v -0.041270 0.303002 0.003928
v -0.041518 0.290033 0.001354
v -0.041159 0.292936 0.005992
v -0.041833 0.305500 -0.004096
v -0.041833 0.385166 -0.004096
v -0.041465 0.385736 -0.004060
v -0.038838 0.385736 -0.003801
v -0.041833 0.384746 -0.004096
v -0.041833 0.363026 -0.004096
v -0.041833 0.305500 0.004096
v -0.041833 0.385166 0.004096
v -0.041465 0.385736 0.004060
v -0.038838 0.385736 0.003801
v -0.041833 0.384746 0.004096
v -0.041833 0.363026 0.004096
v 0.041588 0.385166 0.004096
v 0.041219 0.385736 0.004060
v 0.038593 0.385736 0.003801
v 0.041588 0.384746 0.004096
v 0.041588 0.363026 0.004096
v 0.041588 0.363026 -0.004096
v 0.041588 0.384746 -0.004096
v 0.041588 0.385166 -0.004096
v 0.041219 0.385736 -0.004060
v 0.038593 0.385736 -0.003801
v 0.041894 0.289520 -0.001453
v 0.041894 0.289518 0.001444
v 0.041934 0.289224 -0.000000
v 0.037000 0.291333 0.001101
v 0.037000 0.291333 -0.001101
v 0.037005 0.291221 -0.000000
v 0.041872 0.290042 -0.001352
v 0.041872 0.290042 0.001352
v 0.041889 0.289906 -0.000000
v 0.041229 0.290033 -0.001354
v 0.041229 0.290033 0.001354
v 0.041229 0.289912 -0.000000
v 0.039172 0.289966 -0.001441
v 0.039172 0.289966 0.001441
v 0.039143 0.289864 -0.000000
v 0.036578 0.291335 -0.001101
v 0.036578 0.291335 0.001101
v 0.036578 0.291219 -0.000000
v 0.029543 0.291356 0.001097
v 0.029543 0.291356 -0.001097
v 0.029006 0.291143 -0.000000
v 0.029543 0.291168 -0.000000
v 0.036578 0.300231 0.004748
v 0.037000 0.300232 0.004750
v 0.040747 0.301071 0.005985
v 0.039172 0.301001 0.005883
v 0.029543 0.300210 0.004717
v 0.036578 0.298143 0.005632
v 0.037000 0.298144 0.005635
v 0.041285 0.298447 0.007134
v 0.040642 0.298446 0.007130
v 0.039172 0.298408 0.006946
v 0.029543 0.298132 0.005578
v 0.036578 0.295866 0.005640
v 0.037000 0.295866 0.005643
v 0.040642 0.295564 0.007138
v 0.039172 0.295602 0.006946
v 0.029543 0.295878 0.005581
v 0.036578 0.293767 0.004767
v 0.037000 0.293766 0.004770
v 0.040786 0.292936 0.005992
v 0.039172 0.293009 0.005883
v 0.029543 0.293797 0.004723
v 0.036578 0.292178 0.003162
v 0.037000 0.292176 0.003164
v 0.041666 0.291025 0.003917
v 0.041022 0.291007 0.003929
v 0.039172 0.291025 0.003917
v 0.029543 0.292210 0.003141
v 0.029543 0.295878 -0.005581
v 0.039172 0.295579 -0.007063
v 0.040642 0.295564 -0.007138
v 0.036578 0.295866 -0.005640
v 0.037000 0.292176 -0.003163
v 0.036578 0.292178 -0.003162
v 0.041022 0.291007 -0.003929
v 0.039172 0.291025 -0.003917
v 0.029543 0.292210 -0.003141
v 0.037000 0.293766 -0.004770
v 0.036578 0.293767 -0.004767
v 0.037000 0.295866 -0.005643
v 0.040786 0.292936 -0.005992
v 0.039172 0.292952 -0.005968
v 0.029543 0.293797 -0.004723
v 0.035573 0.299189 -0.021703
v 0.034224 0.298805 -0.022364
v 0.037000 0.298144 -0.005635
v 0.036578 0.298143 -0.005632
v 0.040642 0.298446 -0.007130
v 0.039172 0.298431 -0.007055
v 0.029543 0.298132 -0.005578
v 0.037000 0.300232 -0.004750
v 0.036578 0.300231 -0.004748
v 0.040747 0.301071 -0.005985
v 0.039172 0.301045 -0.005947
v 0.029543 0.300210 -0.004717
v 0.037000 0.301805 -0.003144
v 0.036578 0.301805 -0.003144
v 0.040940 0.303002 -0.003928
v 0.039172 0.302985 -0.003917
v 0.029543 0.301792 -0.003135
v 0.037000 0.302637 -0.001093
v 0.036578 0.302637 -0.001093
v 0.041191 0.303957 -0.001350
v 0.039172 0.304059 -0.001370
v 0.029543 0.302644 -0.001095
v 0.036578 0.302644 0.001095
v 0.037000 0.302637 0.001093
v 0.041191 0.303957 0.001350
v 0.039172 0.304059 0.001370
v 0.029543 0.302642 0.001094
v 0.036578 0.301805 0.003144
v 0.037000 0.301805 0.003144
v 0.040940 0.303002 0.003928
v 0.039172 0.302985 0.003917
v 0.029543 0.301792 0.003135
v -0.040216 0.296983 0.006564
v -0.040216 0.294471 0.006064
v -0.040216 0.292342 0.004641
v -0.040216 0.290919 0.002512
v -0.040216 0.290419 -0.000000
v -0.040216 0.290919 -0.002512
v -0.040216 0.292342 -0.004641
v -0.040216 0.294471 -0.006064
v -0.040216 0.296983 -0.006564
v -0.040216 0.299495 -0.006064
v -0.040216 0.301625 -0.004641
v -0.040216 0.303048 -0.002512
v -0.040216 0.303547 -0.000000
v -0.040216 0.303048 0.002512
v -0.040216 0.301625 0.004641
v -0.040216 0.299495 0.006064
v -0.039745 0.296983 0.006562
v -0.039745 0.294472 0.006063
v -0.039745 0.292343 0.004640
v -0.039745 0.290921 0.002511
v -0.039745 0.290421 -0.000000
v -0.039745 0.290921 -0.002511
v -0.039745 0.292343 -0.004640
v -0.039745 0.294472 -0.006062
v -0.039745 0.296983 -0.006562
v -0.039745 0.299494 -0.006062
v -0.039745 0.301623 -0.004640
v -0.039745 0.303046 -0.002511
v -0.039745 0.303545 -0.000000
v -0.039745 0.303046 0.002511
v -0.039745 0.301623 0.004640
v -0.039745 0.299494 0.006063
v -0.040217 0.296983 0.005094
v -0.040217 0.295034 0.004706
v -0.040217 0.293381 0.003602
v -0.040217 0.292277 0.001949
v -0.040217 0.291889 -0.000000
v -0.040217 0.292277 -0.001949
v -0.040217 0.293381 -0.003602
v -0.040217 0.295034 -0.004706
v -0.040217 0.296983 -0.005094
v -0.040217 0.298933 -0.004706
v -0.040217 0.300585 -0.003602
v -0.040217 0.301689 -0.001949
v -0.040217 0.302077 -0.000000
v -0.040217 0.301689 0.001949
v -0.040217 0.300585 0.003602
v -0.040217 0.298933 0.004706
v -0.036472 0.296983 0.005094
v -0.036472 0.295034 0.004706
v -0.036472 0.293381 0.003602
v -0.036472 0.292277 0.001949
v -0.036472 0.291889 -0.000000
v -0.036472 0.292277 -0.001949
v -0.036472 0.295034 -0.004706
v -0.036472 0.296983 -0.005094
v -0.036472 0.300585 -0.003602
v -0.036472 0.301689 -0.001949
v -0.036472 0.302077 -0.000000
v -0.036472 0.301689 0.001949
v -0.036472 0.300585 0.003602
v -0.036472 0.298933 0.004706
v 0.040233 0.296983 -0.006564
v 0.040233 0.294471 -0.006064
v 0.040233 0.292342 -0.004641
v 0.040233 0.290919 -0.002512
v 0.040233 0.290420 -0.000000
v 0.040233 0.290919 0.002512
v 0.040233 0.292342 0.004641
v 0.040233 0.294471 0.006064
v 0.040233 0.296983 0.006564
v 0.040233 0.299495 0.006064
v 0.040233 0.301624 0.004641
v 0.040233 0.303047 0.002512
v 0.040233 0.303547 -0.000000
v 0.040233 0.303047 -0.002512
v 0.040233 0.301624 -0.004641
v 0.040233 0.299495 -0.006064
v 0.039758 0.296983 -0.006564
v 0.039758 0.294471 -0.006064
v 0.039758 0.292342 -0.004641
v 0.039758 0.290919 -0.002512
v 0.039758 0.290420 -0.000000
v 0.039758 0.290919 0.002512
v 0.039758 0.292342 0.004641
v 0.039758 0.294471 0.006064
v 0.039758 0.296983 0.006564
v 0.039758 0.299495 0.006064
v 0.039758 0.301624 0.004641
v 0.039758 0.303047 0.002512
v 0.039758 0.303547 -0.000000
v 0.039758 0.303047 -0.002512
v 0.039758 0.301624 -0.004641
v 0.039758 0.299495 -0.006064
v 0.040233 0.294729 0.005441
v 0.040233 0.296983 0.005890
v -0.039980 0.296983 0.006563
v -0.040250 0.295705 0.006428
v -0.039980 0.294472 0.006063
v -0.039771 0.295704 0.006430
v -0.040250 0.293342 0.005450
v -0.039980 0.292343 0.004641
v -0.039771 0.293341 0.005451
v -0.040250 0.291534 0.003641
v -0.039980 0.290920 0.002512
v -0.039771 0.291532 0.003643
v -0.040250 0.290555 0.001279
v -0.039980 0.290420 -0.000000
v -0.039771 0.290553 0.001279
v -0.040250 0.290555 -0.001279
v -0.039980 0.290920 -0.002511
v -0.039771 0.290553 -0.001279
v -0.040250 0.291534 -0.003641
v -0.039980 0.292343 -0.004641
v -0.039771 0.291532 -0.003642
v -0.040250 0.293342 -0.005450
v -0.039980 0.294472 -0.006063
v -0.039771 0.293341 -0.005451
v -0.040250 0.295705 -0.006428
v -0.039980 0.296983 -0.006563
v -0.039771 0.295704 -0.006430
v -0.040250 0.298262 -0.006428
v -0.039980 0.299495 -0.006063
v -0.039771 0.298262 -0.006430
v -0.040250 0.300625 -0.005450
v -0.039980 0.301624 -0.004641
v -0.039771 0.300626 -0.005451
v -0.040250 0.302433 -0.003641
v -0.039980 0.303047 -0.002511
v -0.039771 0.302435 -0.003642
v -0.040250 0.303412 -0.001279
v -0.039980 0.303546 -0.000000
v -0.039771 0.303414 -0.001279
v -0.040250 0.303412 0.001279
v -0.039980 0.303047 0.002512
v -0.039771 0.303414 0.001279
v -0.040250 0.302433 0.003641
v -0.039980 0.301624 0.004641
v -0.039771 0.302435 0.003643
v -0.039980 0.299495 0.006063
v -0.040250 0.298262 0.006428
v -0.039771 0.298262 0.006430
v -0.040250 0.300625 0.005450
v -0.039771 0.300626 0.005451
v -0.040249 0.295992 -0.004984
v -0.036440 0.297975 -0.004984
v -0.040233 0.291551 -0.002250
v -0.040249 0.292758 -0.002823
v -0.040233 0.292825 -0.004158
v -0.040249 0.291999 0.000991
v -0.040233 0.291103 -0.000000
v -0.040233 0.301141 0.004158
v -0.040249 0.299807 0.004226
v -0.040233 0.299233 0.005433
v -0.040249 0.294160 0.004226
v -0.040233 0.292825 0.004158
v -0.040233 0.302863 -0.000000
v -0.040249 0.301968 0.000991
v -0.040233 0.301141 -0.004158
v -0.040249 0.301209 -0.002823
v -0.040233 0.302416 -0.002250
v -0.040249 0.297975 -0.004984
v -0.040233 0.299233 -0.005432
v -0.040249 0.294160 -0.004226
v -0.040249 0.291999 -0.000991
v -0.040249 0.297975 0.004984
v -0.040233 0.296983 0.005880
v -0.040249 0.292758 0.002823
v -0.040249 0.301209 0.002823
v -0.040249 0.295992 0.004984
v -0.040249 0.301968 -0.000991
v -0.040249 0.299807 -0.004226
v -0.036440 0.299807 -0.004226
v -0.036440 0.291999 -0.000991
v -0.036440 0.297975 0.004984
v -0.036440 0.292758 0.002823
v -0.036440 0.301209 0.002823
v -0.036440 0.295992 0.004984
v -0.036440 0.301968 -0.000991
v -0.036440 0.295992 -0.004984
v -0.036440 0.291999 0.000991
v -0.036440 0.299807 0.004226
v -0.036440 0.294160 0.004226
v -0.036440 0.301968 0.000991
v -0.036440 0.301209 -0.002823
v -0.040233 0.296983 -0.005880
v -0.040233 0.294733 -0.005432
v -0.040233 0.295858 -0.005656
v -0.040233 0.298108 0.005656
v -0.040233 0.291327 -0.001125
v -0.040233 0.293779 0.004795
v -0.040233 0.300187 -0.004795
v -0.040233 0.293779 -0.004795
v -0.040233 0.300187 0.004795
v -0.040233 0.291327 0.001125
v -0.040233 0.302640 -0.001125
v -0.040233 0.298108 -0.005656
v -0.040233 0.292188 -0.003204
v -0.040233 0.301778 0.003204
v -0.040233 0.292188 0.003204
v -0.040010 0.300625 0.005451
v -0.040010 0.298262 0.006429
v -0.040233 0.301778 -0.003204
v -0.040010 0.302434 0.003642
v -0.040010 0.303413 0.001279
v -0.040010 0.303413 -0.001279
v -0.040010 0.302434 -0.003642
v -0.040010 0.300625 -0.005451
v -0.040010 0.298262 -0.006429
v -0.040010 0.295704 -0.006429
v -0.040010 0.293341 -0.005451
v -0.040010 0.291533 -0.003642
v -0.040010 0.290554 -0.001279
v -0.040010 0.290554 0.001279
v -0.040010 0.291533 0.003642
v -0.040010 0.293341 0.005451
v -0.040010 0.295704 0.006429
v 0.040233 0.300624 0.005449
v 0.039758 0.300624 0.005449
v 0.040233 0.302432 0.003641
v 0.039758 0.302432 0.003641
v 0.040233 0.303411 0.001279
v 0.039758 0.303411 0.001279
v 0.040233 0.303411 -0.001279
v 0.039758 0.303411 -0.001279
v 0.040233 0.302432 -0.003641
v 0.039758 0.302432 -0.003641
v 0.040233 0.300624 -0.005449
v 0.039758 0.300624 -0.005449
v 0.040233 0.298262 -0.006428
v 0.039758 0.298262 -0.006428
v 0.040233 0.295705 -0.006428
v 0.039758 0.295705 -0.006428
v 0.039758 0.293342 -0.005449
v 0.040233 0.293342 -0.005449
v 0.040233 0.291534 -0.003641
v 0.039758 0.291534 -0.003641
v 0.040233 0.290556 -0.001279
v 0.039758 0.290556 -0.001279
v 0.040233 0.290556 0.001279
v 0.039758 0.290556 0.001279
v 0.040233 0.291534 0.003641
v 0.039758 0.291534 0.003641
v 0.040233 0.293342 0.005449
v 0.039758 0.293342 0.005449
v 0.040233 0.293774 0.004803
v 0.040233 0.295705 0.006428
v 0.039758 0.295705 0.006428
v 0.040233 0.295856 0.005665
v 0.040233 0.298262 0.006428
v 0.039758 0.298262 0.006428
v 0.040233 0.298110 0.005665
v -0.036369 0.296983 0.005374
v -0.036369 0.294927 0.004965
v -0.036369 0.293183 0.003800
v -0.036369 0.292018 0.002057
v -0.036369 0.291609 -0.000000
v -0.036369 0.292018 -0.002057
v -0.036369 0.293183 -0.003800
v -0.036369 0.294927 -0.004965
v -0.036369 0.296983 -0.005374
v -0.036369 0.299040 -0.004965
v -0.036369 0.300783 -0.003800
v -0.036369 0.301948 -0.002057
v -0.036369 0.302357 -0.000000
v -0.036369 0.301948 0.002057
v -0.036369 0.300783 0.003800
v -0.036369 0.299040 0.004965
v -0.036369 0.296983 0.004923
v -0.036369 0.295099 0.004549
v -0.036369 0.293502 0.003481
v -0.036369 0.292435 0.001884
v -0.036369 0.292060 -0.000000
v -0.036369 0.292435 -0.001884
v -0.036369 0.293502 -0.003481
v -0.036369 0.295099 -0.004549
v -0.036369 0.296983 -0.004923
v -0.036369 0.298867 -0.004549
v -0.036369 0.300465 -0.003481
v -0.036369 0.301532 -0.001884
v -0.036369 0.301907 -0.000000
v -0.036369 0.301532 0.001884
v -0.036369 0.300465 0.003481
v -0.036369 0.298867 0.004549
v -0.036369 0.296983 -0.000000
v 0.012131 0.338046 -0.039420
v 0.012131 0.340605 -0.039916
v 0.007086 0.327465 0.034240
v 0.004096 0.341055 -0.041149
v 0.004096 0.343043 -0.041533
v -0.004096 0.343103 -0.041539
v -0.004096 0.341199 -0.041176
v -0.011899 0.327465 0.036603
v -0.012131 0.327728 0.037436
v -0.011857 0.327465 0.035741
v -0.019394 0.327728 0.035355
v -0.019055 0.327465 0.034543
v -0.018697 0.327465 0.033712
v -0.018270 0.327466 0.032719
v -0.015750 0.327466 0.032877
v -0.003920 0.327465 0.037058
v 0.003920 0.327465 0.037058
v 0.003543 0.327465 0.034050
v -0.002406 0.327465 0.033710
v -0.012770 0.327466 0.033063
v 0.011857 0.327465 0.035741
v 0.019699 0.327728 0.035242
v 0.018976 0.327465 0.033613
v 0.018480 0.327465 0.032302
v 0.015089 0.327468 0.023334
v 0.015138 0.327465 0.032870
v 0.011867 0.327468 0.024691
v 0.010753 0.327465 0.033616
vn -0.7533 -0.2513 -0.6078
vn -0.7495 -0.0006 -0.6620
vn -1.0000 -0.0000 -0.0000
vn 0.0003 -0.5615 -0.8275
vn -0.0012 -0.7124 -0.7017
vn 0.3035 -0.6779 -0.6696
vn 0.2890 -0.5366 -0.7928
vn 0.0025 0.5574 -0.8302
vn 0.0031 0.3835 -0.9235
vn 0.2967 0.3657 -0.8822
vn 0.2864 0.5335 -0.7958
vn -0.0278 -0.8233 -0.5670
vn -0.0558 -0.9243 -0.3777
vn 0.2554 -0.8947 -0.3664
vn 0.2683 -0.7979 -0.5398
vn -0.7502 0.2517 -0.6114
vn -0.7689 -0.6394 -0.0004
vn -0.7647 -0.5949 -0.2476
vn 0.6929 -0.7210 -0.0000
vn 0.8919 -0.4523 -0.0000
vn 0.8907 -0.4416 0.1080
vn 0.6913 -0.7059 0.1543
vn 0.9391 -0.3437 -0.0000
vn 0.9409 -0.3182 0.1159
vn 0.9393 -0.2508 0.2340
vn 0.8825 -0.4139 0.2235
vn 0.6825 -0.6629 0.3079
vn 0.4064 -0.8246 0.3935
vn 0.4157 -0.8861 0.2050
vn 0.4187 -0.9081 -0.0000
vn 0.3266 -0.9185 0.2230
vn 0.3203 -0.8647 0.3868
vn 0.4082 -0.7008 0.5851
vn 0.6794 -0.5561 0.4787
vn 0.8758 -0.3373 0.3453
vn 0.8718 -0.2499 0.4214
vn 0.6941 -0.4015 0.5974
vn 0.7070 -0.2530 0.6604
vn 0.4454 -0.3918 0.8051
vn 0.4596 -0.5451 0.7012
vn 0.9718 -0.2061 0.1146
vn 0.9596 -0.2814 -0.0000
vn -0.8718 -0.2499 -0.4214
vn -0.8758 -0.3373 -0.3453
vn -0.9393 -0.2508 -0.2340
vn -0.9366 -0.1558 -0.3138
vn 0.5868 -0.2333 0.7754
vn 0.4075 -0.3005 0.8623
vn 0.9710 -0.1488 0.1870
vn 0.6698 -0.1318 0.7308
vn 0.4019 -0.2519 0.8804
vn -0.7539 0.4635 -0.4655
vn -0.7579 0.6021 -0.2512
vn 0.0008 0.8338 -0.5521
vn 0.0017 0.7096 -0.7046
vn 0.2999 0.6762 -0.6729
vn 0.2903 0.7973 -0.5291
vn -0.0341 -0.9847 -0.1707
vn -0.0077 -1.0000 0.0014
vn 0.3092 -0.9510 0.0008
vn 0.2684 -0.9474 -0.1743
vn 0.0028 -0.1997 -0.9799
vn 0.0017 -0.3883 -0.9215
vn 0.2986 -0.3696 -0.8799
vn 0.2854 -0.1909 -0.9392
vn 0.0036 0.1939 -0.9810
vn 0.0035 -0.0030 -1.0000
vn 0.2961 -0.0025 -0.9552
vn 0.2846 0.1858 -0.9405
vn 0.2884 0.9418 0.1727
vn 0.2611 0.9526 0.1562
vn 0.2619 0.8940 0.3636
vn 0.3043 0.8809 0.3626
vn 0.3308 -0.9437 0.0017
vn 0.9720 -0.0489 0.2298
vn 0.8987 -0.1222 0.4213
vn 0.9366 -0.1558 0.3138
vn -0.9366 -0.1558 0.3138
vn -0.9734 -0.0700 0.2182
vn -0.9694 -0.1557 0.1896
vn -0.9393 -0.2508 0.2340
vn -0.4532 -0.7592 0.4671
vn 0.0095 -0.5835 0.8120
vn 0.0489 -0.8618 0.5049
vn -0.1510 -0.9636 0.2204
vn -0.7957 -0.5953 0.1118
vn -0.3311 -0.9410 0.0700
vn 0.0389 -0.2005 0.9789
vn 0.3997 -0.1187 0.9090
vn 0.5323 -0.2040 0.8216
vn -0.9868 -0.1532 0.0522
vn -0.9868 -0.1612 0.0166
vn -0.8654 -0.4996 0.0388
vn -0.9072 -0.3956 0.1431
vn -0.9675 -0.1097 0.2279
vn -0.9364 -0.1951 0.2919
vn -0.8597 -0.4890 0.1476
vn -0.8445 -0.2760 0.4590
vn -0.7820 -0.5661 0.2608
vn 0.7276 -0.0105 0.6859
vn 0.7348 -0.0303 0.6776
vn -0.5286 -0.7157 0.4565
vn -0.6292 -0.6264 0.4602
vn -0.3736 -0.8862 0.2739
vn -0.2019 -0.9638 0.1743
vn -0.9162 -0.1935 0.3508
vn -0.8147 -0.2698 0.5132
vn -0.6561 -0.6451 0.3917
vn -0.2728 -0.9486 0.1606
vn -0.9544 -0.1588 0.2528
vn -0.9768 -0.1552 0.1474
vn -0.9891 -0.0090 0.1468
vn -0.9962 -0.0047 0.0873
vn -0.9846 -0.1481 0.0925
vn -0.3546 -0.9255 0.1334
vn -0.7786 -0.5517 0.2988
vn -0.8533 -0.5065 0.1242
vn -0.8307 -0.5109 0.2212
vn -0.6032 -0.7973 0.0225
vn -0.7289 -0.6837 0.0350
vn -0.8124 -0.5813 0.0463
vn -0.6687 -0.7435 -0.0000
vn -0.7584 -0.6518 -0.0000
vn -0.5680 -0.8230 -0.0000
vn -0.2160 -0.9692 0.1181
vn -0.1647 -0.9863 -0.0000
vn -0.2928 -0.9388 0.1815
vn -0.7591 -0.4597 -0.4609
vn -0.7499 0.6615 -0.0000
vn -0.9990 -0.0064 0.0432
vn -0.9984 -0.0043 0.0564
vn -0.0098 0.9689 0.2471
vn -0.0351 0.9444 0.3270
vn -0.0245 0.9866 0.1614
vn -0.0060 0.9856 0.1692
vn 0.0092 -0.2071 -0.9783
vn 0.0101 -0.1206 -0.9926
vn 0.0661 -0.0412 -0.9970
vn 0.0469 -0.2027 -0.9781
vn -0.0209 0.8510 -0.5247
vn -0.0145 0.9364 -0.3506
vn -0.0311 0.9314 -0.3627
vn -0.0209 0.8433 -0.5370
vn -0.0228 -0.8406 -0.5412
vn 0.0087 -0.7217 -0.6921
vn 0.2887 -0.6832 -0.6707
vn 0.2844 -0.8019 -0.5254
vn 0.0892 0.1975 -0.9762
vn 0.0734 0.3950 -0.9157
vn 0.3119 0.3679 -0.8760
vn 0.3253 0.1854 -0.9273
vn 0.2619 0.8940 -0.3636
vn 0.2800 0.8023 -0.5271
vn -0.0795 -0.9805 -0.1799
vn -0.0534 -0.9313 -0.3602
vn 0.2647 -0.8942 -0.3611
vn 0.2626 -0.9476 -0.1819
vn 0.0392 -0.5661 -0.8234
vn 0.0471 -0.3592 -0.9321
vn 0.3108 -0.3690 -0.8759
vn 0.3076 -0.5344 -0.7872
vn 0.3208 -0.0013 -0.9472
vn 0.3241 -0.1880 -0.9271
vn 0.0428 0.5693 -0.8210
vn -0.0008 0.7512 -0.6601
vn 0.2850 0.6838 -0.6717
vn 0.3060 0.5352 -0.7874
vn 0.2492 -0.9684 -0.0000
vn -0.0016 0.9811 -0.1934
vn -0.0007 0.9253 -0.3792
vn 0.3043 0.8809 -0.3625
vn 0.2884 0.9418 -0.1727
vn 0.0073 -0.5562 -0.8310
vn -0.0182 -0.7088 -0.7052
vn 0.0139 0.5544 -0.8322
vn -0.0030 0.3820 -0.9241
vn -0.0021 -0.8261 -0.5636
vn -0.0255 -0.9239 -0.3817
vn 0.0069 0.8312 -0.5560
vn -0.0088 0.7073 -0.7068
vn -0.0112 -0.9825 -0.1858
vn -0.0356 -0.9994 -0.0000
vn 0.0151 -0.1961 -0.9805
vn -0.0081 -0.3847 -0.9230
vn 0.0178 0.1935 -0.9809
vn -0.0022 -0.0017 -1.0000
vn -0.0004 0.9804 0.1969
vn -0.0016 0.9811 0.1934
vn -0.0006 0.9253 0.3792
vn -0.0168 0.9238 0.3824
vn -0.7580 0.6020 0.2509
vn -0.8663 -0.4927 0.0828
vn -0.9694 -0.1557 -0.1896
vn -0.9734 -0.0700 -0.2182
vn -1.0000 -0.0001 -0.0003
vn 0.7588 -0.4599 -0.4611
vn 0.7531 -0.2514 -0.6080
vn -0.0080 -0.5560 -0.8312
vn -0.3020 -0.3722 -0.8777
vn -0.2939 -0.5388 -0.7895
vn -0.0003 -0.5614 -0.8276
vn -0.0017 -0.3884 -0.9215
vn -0.3021 0.6778 -0.6704
vn -0.2943 0.5343 -0.7924
vn -0.0024 0.5574 -0.8302
vn -0.0016 0.7097 -0.7045
vn 0.0012 -0.7125 -0.7017
vn -0.3019 -0.6812 -0.6670
vn -0.2939 -0.8001 -0.5228
vn 0.0029 -0.8355 -0.5495
vn 0.7495 -0.0007 -0.6620
vn 1.0000 -0.0000 -0.0000
vn 0.7501 0.2516 -0.6115
vn 0.7680 -0.6405 -0.0000
vn 0.7642 -0.5955 -0.2480
vn -0.6929 -0.7210 -0.0000
vn -0.6913 -0.7059 0.1543
vn -0.8907 -0.4416 0.1080
vn -0.8919 -0.4523 -0.0000
vn -0.9409 -0.3182 0.1159
vn -0.9391 -0.3437 -0.0000
vn -0.8825 -0.4139 0.2235
vn -0.6825 -0.6629 0.3079
vn -0.4975 -0.8464 0.1902
vn -0.4892 -0.7922 0.3649
vn -0.4987 -0.8668 -0.0000
vn -0.3284 -0.8902 0.3157
vn -0.3016 -0.8404 0.4503
vn -0.3145 -0.8513 0.4200
vn -0.2848 -0.7315 0.6195
vn -0.2972 -0.7960 0.5273
vn -0.4965 -0.6679 0.5545
vn -0.6794 -0.5561 0.4787
vn -0.8758 -0.3373 0.3453
vn -0.6506 -0.4455 0.6151
vn -0.8916 -0.2497 0.3778
vn -0.5348 -0.4931 0.6862
vn -0.4810 -0.3569 0.8008
vn -0.6772 -0.2531 0.6910
vn -0.9718 -0.2058 0.1148
vn -0.9596 -0.2814 -0.0000
vn -0.4060 -0.3050 0.8615
vn -0.5868 -0.2333 0.7754
vn -0.6698 -0.1318 0.7308
vn -0.4445 -0.2329 0.8649
vn 0.0002 -1.0000 0.0001
vn 0.0002 -1.0000 0.0002
vn 0.0003 -1.0000 0.0001
vn 0.7539 0.4636 -0.4656
vn 0.7576 0.6023 -0.2514
vn -0.3022 0.8829 -0.3595
vn -0.2946 0.7978 -0.5260
vn -0.0008 0.8337 -0.5522
vn 0.0005 0.9253 -0.3792
vn 0.0038 -0.9262 -0.3771
vn -0.3016 -0.8839 -0.3574
vn -0.2938 -0.9384 -0.1821
vn 0.0049 -0.9813 -0.1925
vn -0.3022 -0.0033 -0.9532
vn -0.2944 -0.1922 -0.9362
vn -0.0028 -0.1996 -0.9799
vn -0.0034 -0.0030 -1.0000
vn -0.0030 0.3835 -0.9235
vn -0.3020 0.3663 -0.8801
vn -0.2942 0.1857 -0.9375
vn -0.0033 0.1941 -0.9810
vn -0.3020 0.9533 -0.0000
vn -0.2943 0.9380 -0.1834
vn 0.0017 0.9811 -0.1935
vn 0.0021 1.0000 -0.0000
vn -0.3442 -0.9389 0.0009
vn -0.3383 -0.9410 -0.0046
vn -0.3353 -0.9375 0.0928
vn -0.3401 -0.9333 0.1153
vn -0.2861 -0.3817 0.8789
vn -0.2865 -0.3564 0.8893
vn -0.3161 -0.4937 0.8102
vn -0.3169 -0.5647 0.7620
vn -0.2947 -0.5683 0.7682
vn -0.2948 -0.4942 0.8179
vn -0.9370 -0.1168 0.3293
vn 0.8924 -0.2340 0.3859
vn 0.9142 -0.0702 0.3992
vn 0.8448 -0.0900 0.5274
vn 0.8147 -0.2698 0.5132
vn 0.7134 -0.6386 0.2887
vn 0.6561 -0.6451 0.3917
vn 0.7616 0.6481 -0.0000
vn 0.0267 0.9328 -0.3595
vn -0.2736 0.8933 -0.3566
vn -0.2635 0.9479 -0.1792
vn 0.0357 0.9839 -0.1750
vn 0.0220 -0.9339 -0.3568
vn -0.2812 -0.8926 -0.3525
vn -0.2853 -0.8061 -0.5184
vn 0.0036 -0.8462 -0.5328
vn -0.0484 -0.0020 -0.9988
vn -0.3113 -0.0028 -0.9503
vn -0.3065 0.1872 -0.9333
vn -0.0457 0.1989 -0.9789
vn 0.0024 0.7506 -0.6607
vn -0.2890 0.6861 -0.6676
vn -0.2767 0.8066 -0.5223
vn 0.0146 0.8466 -0.5320
vn 0.0486 -0.9988 -0.0003
vn -0.2687 -0.9632 -0.0000
vn -0.2689 -0.9471 -0.1751
vn 0.0399 -0.9845 -0.1705
vn -0.0135 -0.7244 -0.6892
vn -0.2965 -0.6864 -0.6640
vn -0.2990 -0.5417 -0.7856
vn -0.0277 -0.5730 -0.8191
vn -0.0391 -0.3971 -0.9169
vn -0.3077 -0.3743 -0.8748
vn -0.3069 -0.1926 -0.9320
vn -0.0460 -0.2041 -0.9779
vn -0.0362 0.3954 -0.9178
vn -0.3056 0.3709 -0.8770
vn -0.2942 0.5408 -0.7880
vn -0.0188 0.5742 -0.8185
vn -0.2650 0.9643 -0.0000
vn 0.0074 -0.3848 -0.9230
vn -0.0153 0.5542 -0.8322
vn 0.0082 0.7074 -0.7068
vn 0.0167 -0.7088 -0.7052
vn 0.0034 -0.8319 -0.5550
vn -0.0076 0.8311 -0.5561
vn 0.0157 0.9239 -0.3823
vn 0.0265 -0.9241 -0.3811
vn 0.0131 -0.9804 -0.1965
vn -0.0170 -0.1960 -0.9805
vn 0.0021 -0.0017 -1.0000
vn 0.0027 0.3821 -0.9241
vn -0.0197 0.1934 -0.9809
vn -0.0001 0.9804 -0.1971
vn 0.0205 0.9998 -0.0000
vn 0.0319 -0.9995 -0.0000
vn -0.7532 -0.2513 0.6079
vn -0.7496 -0.0006 0.6619
vn 0.0003 -0.5615 0.8275
vn 0.2961 -0.5355 0.7909
vn 0.3063 -0.6823 0.6638
vn -0.0015 -0.7124 0.7018
vn 0.0025 0.5574 0.8302
vn 0.2943 0.5304 0.7950
vn 0.3030 0.3661 0.8799
vn 0.0031 0.3835 0.9235
vn -0.0030 -0.8356 0.5494
vn 0.2939 -0.7981 0.5260
vn 0.3086 -0.8804 0.3600
vn -0.0039 -0.9260 0.3774
vn -0.7503 0.2517 0.6113
vn -0.7646 -0.5949 0.2481
vn 0.6913 -0.7059 -0.1543
vn 0.8907 -0.4416 -0.1080
vn 0.9409 -0.3182 -0.1159
vn 0.8825 -0.4139 -0.2235
vn 0.9393 -0.2508 -0.2340
vn 0.6825 -0.6629 -0.3079
vn 0.4157 -0.8861 -0.2050
vn 0.4049 -0.8257 -0.3927
vn 0.4669 -0.6803 -0.5650
vn 0.6794 -0.5561 -0.4787
vn 0.8758 -0.3373 -0.3453
vn 0.8718 -0.2499 -0.4214
vn 0.9366 -0.1558 -0.3138
vn 0.6941 -0.4016 -0.5974
vn 0.4290 -0.5328 -0.7295
vn 0.4412 -0.3932 -0.8067
vn 0.7070 -0.2530 -0.6604
vn 0.9718 -0.2058 -0.1148
vn 0.4135 -0.3041 -0.8582
vn 0.5990 -0.2309 -0.7668
vn 0.3257 -0.9159 -0.2346
vn 0.3166 -0.8650 -0.3893
vn -0.7539 0.4635 0.4656
vn 0.0005 0.8337 0.5522
vn 0.2900 0.7975 0.5291
vn 0.3037 0.6821 0.6653
vn 0.0015 0.7097 0.7045
vn -0.0050 -0.9813 0.1924
vn 0.2981 -0.9366 0.1842
vn 0.0026 -0.1996 0.9799
vn 0.2941 -0.1886 0.9370
vn 0.3057 -0.3716 0.8766
vn 0.0017 -0.3883 0.9215
vn 0.0035 0.1940 0.9810
vn 0.2932 0.1858 0.9378
vn 0.3032 -0.0033 0.9529
vn 0.0035 -0.0029 1.0000
vn -0.0061 0.9856 -0.1690
vn -0.0248 0.9866 -0.1614
vn 0.2924 -0.4337 -0.8523
vn 0.2850 -0.3486 -0.8929
vn 0.3041 -0.5379 -0.7862
vn 0.9720 -0.0489 -0.2298
vn 0.8985 -0.1195 -0.4225
vn -0.8386 -0.3207 -0.4404
vn -0.7507 -0.5403 -0.3801
vn -0.5285 -0.6129 -0.5874
vn -0.6039 -0.3694 -0.7063
vn -0.2465 -0.6105 -0.7527
vn -0.2842 -0.3700 -0.8845
vn 0.7276 -0.0105 -0.6859
vn 0.7391 -0.0430 -0.6722
vn 0.7610 -0.0098 -0.6487
vn 0.7483 -0.0058 -0.6633
vn -0.3975 -0.9157 -0.0589
vn -0.5422 -0.8387 -0.0508
vn -0.8664 -0.4924 -0.0828
vn -0.8172 -0.5675 -0.1009
vn -0.7366 -0.6729 -0.0684
vn -0.8705 -0.4845 -0.0863
vn 0.0002 -1.0000 0.0003
vn 0.0001 -1.0000 0.0002
vn -0.7588 -0.4601 0.4610
vn 0.2611 0.9526 -0.1562
vn -0.0004 0.9804 -0.1969
vn -0.0168 0.9238 -0.3824
vn -0.0228 -0.8406 0.5412
vn 0.2844 -0.8019 0.5254
vn 0.2866 -0.6928 0.6617
vn -0.0030 -0.7305 0.6829
vn 0.0567 0.1988 0.9784
vn 0.3137 0.1868 0.9310
vn 0.3077 0.3706 0.8763
vn 0.0447 0.3962 0.9171
vn -0.0207 0.8402 0.5419
vn 0.2801 0.8023 0.5271
vn -0.0792 -0.9805 0.1797
vn 0.2626 -0.9476 0.1819
vn 0.2647 -0.8942 0.3611
vn -0.0534 -0.9313 0.3602
vn 0.0145 -0.5668 0.8237
vn 0.2996 -0.5357 0.7894
vn 0.3047 -0.3747 0.8756
vn 0.0347 -0.3982 0.9166
vn 0.0503 -0.1974 0.9790
vn 0.3125 -0.1853 0.9317
vn 0.3151 -0.0027 0.9491
vn 0.0605 -0.0027 0.9982
vn 0.0149 0.5671 0.8235
vn 0.2965 0.5331 0.7924
vn 0.2826 0.6963 0.6598
vn -0.0049 0.7348 0.6783
vn 0.0073 -0.5562 0.8310
vn -0.0186 -0.7088 0.7052
vn 0.0143 0.5543 0.8322
vn -0.0029 0.3819 0.9242
vn -0.0038 -0.8319 0.5549
vn -0.0290 -0.9238 0.3818
vn 0.0069 0.8312 0.5560
vn -0.0088 0.7073 0.7068
vn -0.0120 -0.9805 0.1963
vn 0.0150 -0.1961 0.9805
vn -0.0081 -0.3847 0.9230
vn 0.0178 0.1936 0.9809
vn -0.0022 -0.0017 1.0000
vn -0.9529 -0.2890 -0.0920
vn -0.9537 -0.2882 -0.0860
vn -0.9521 -0.2894 -0.0987
vn 0.7532 -0.2514 0.6079
vn 0.7497 -0.0005 0.6617
vn -0.0017 -0.3884 0.9215
vn -0.0003 -0.5614 0.8276
vn -0.2939 -0.5388 0.7895
vn -0.3020 -0.3722 0.8777
vn -0.0015 0.7097 0.7045
vn -0.0024 0.5574 0.8303
vn -0.2944 0.5340 0.7926
vn -0.3020 0.6779 0.6703
vn 0.7503 0.2517 0.6113
vn 0.7642 -0.5955 0.2480
vn -0.8907 -0.4416 -0.1080
vn -0.6913 -0.7059 -0.1543
vn -0.9409 -0.3182 -0.1159
vn -0.8825 -0.4139 -0.2235
vn -0.6825 -0.6629 -0.3079
vn -0.4185 -0.8231 -0.3840
vn -0.4478 -0.8643 -0.2288
vn -0.4202 -0.6935 -0.5852
vn -0.6794 -0.5561 -0.4787
vn -0.6941 -0.4015 -0.5974
vn -0.4665 -0.5356 -0.7039
vn -0.7070 -0.2530 -0.6604
vn -0.4454 -0.3918 -0.8051
vn -0.9718 -0.2058 -0.1148
vn -0.5867 -0.2333 -0.7755
vn -0.4936 -0.2728 -0.8258
vn -0.6696 -0.1319 -0.7309
vn -0.4561 -0.2270 -0.8605
vn 0.7539 0.4636 0.4656
vn 0.7579 0.6022 0.2509
vn 0.0015 -0.7125 0.7017
vn 0.0029 -0.8355 0.5495
vn -0.2939 -0.8001 0.5228
vn -0.3018 -0.6812 0.6670
vn 0.0007 0.9253 0.3792
vn -0.0005 0.8337 0.5522
vn -0.2943 0.7980 0.5260
vn -0.3021 0.8829 0.3595
vn 0.0038 -0.9262 0.3771
vn 0.0049 -0.9813 0.1925
vn -0.2938 -0.9384 0.1821
vn -0.3019 -0.8838 0.3574
vn -0.0033 -0.0029 1.0000
vn -0.0025 -0.1995 0.9799
vn -0.2942 -0.1921 0.9363
vn -0.3020 -0.0034 0.9533
vn -0.0030 0.3835 0.9235
vn -0.0033 0.1940 0.9810
vn -0.2943 0.1857 0.9375
vn -0.3020 0.3663 0.8801
vn -0.8590 -0.1797 -0.4793
vn 0.9189 -0.3221 -0.2276
vn 0.8386 -0.3207 -0.4403
vn 0.7428 -0.5550 -0.3746
vn 0.8195 -0.5400 -0.1921
vn 0.9536 -0.2978 -0.0440
vn 0.8654 -0.4996 -0.0388
vn 0.6561 -0.6451 -0.3917
vn 0.2728 -0.9486 -0.1606
vn 0.0875 -0.9937 -0.0702
vn 0.3546 -0.9255 -0.1334
vn 0.7134 -0.6386 -0.2887
vn 0.3858 -0.9160 -0.1098
vn 0.7835 -0.5945 -0.1808
vn 0.9441 -0.2987 -0.1395
vn 0.8533 -0.5065 -0.1242
vn 0.9324 -0.3078 -0.1896
vn 0.7691 -0.4543 -0.4495
vn 0.8468 -0.3894 -0.3623
vn 0.7588 -0.4599 0.4611
vn -0.0249 0.3966 0.9176
vn -0.0122 0.5767 0.8168
vn -0.2942 0.5408 0.7880
vn -0.3056 0.3709 0.8770
vn 0.0266 0.9328 0.3595
vn 0.0357 0.9839 0.1750
vn -0.2635 0.9479 0.1792
vn -0.2736 0.8933 0.3566
vn 0.0154 -0.9350 0.3543
vn 0.0023 -0.8481 0.5298
vn -0.2853 -0.8061 0.5184
vn -0.2812 -0.8926 0.3525
vn -0.0340 -0.0027 0.9994
vn -0.0311 0.1997 0.9794
vn -0.3066 0.1871 0.9333
vn -0.3114 -0.0028 0.9503
vn 0.0012 0.7259 0.6878
vn 0.0146 0.8466 0.5320
vn -0.2767 0.8066 0.5223
vn -0.2890 0.6861 0.6676
vn 0.0306 -0.9806 0.1939
vn -0.2689 -0.9471 0.1751
vn -0.0099 -0.7257 0.6879
vn -0.0196 -0.5744 0.8184
vn -0.2990 -0.5417 0.7856
vn -0.2965 -0.6864 0.6640
vn -0.0275 -0.3980 0.9170
vn -0.0320 -0.2048 0.9783
vn -0.3070 -0.1926 0.9320
vn -0.3076 -0.3743 0.8748
vn -0.2940 0.9381 0.1832
vn 0.0074 -0.3848 0.9230
vn -0.0080 -0.5560 0.8312
vn 0.0082 0.7074 0.7068
vn -0.0157 0.5541 0.8323
vn 0.0172 -0.7088 0.7052
vn 0.0033 -0.8319 0.5549
vn 0.0156 0.9239 0.3824
vn -0.0076 0.8311 0.5561
vn 0.0265 -0.9241 0.3812
vn 0.0131 -0.9804 0.1965
vn 0.0021 -0.0017 1.0000
vn -0.0170 -0.1960 0.9805
vn 0.0027 0.3819 0.9242
vn -0.0194 0.1936 0.9809
vn -0.0001 0.9804 0.1971
vn 0.9529 -0.2887 -0.0930
vn 0.8663 -0.4927 -0.0828
vn -0.6266 -0.7793 -0.0000
vn -0.8777 -0.4793 -0.0000
vn -0.6205 -0.4792 0.6207
vn -0.5179 -0.7746 0.3630
vn -0.4431 -0.7793 -0.4431
vn -0.6206 -0.4792 -0.6206
vn -0.0000 -0.7793 -0.6266
vn -0.0000 -0.4793 -0.8777
vn 0.3630 -0.7746 -0.5179
vn 0.6207 -0.4792 -0.6205
vn 0.6229 -0.7746 0.1096
vn 0.8777 -0.4792 -0.0000
vn 0.4431 -0.7793 0.4431
vn 0.6206 -0.4792 0.6206
vn 0.1096 -0.7746 0.6229
vn -0.0000 -0.4792 0.8777
vn -0.4632 -0.7556 0.4632
vn -0.6281 -0.4594 0.6281
vn -0.0000 -0.4595 0.8882
vn -0.0000 -0.7559 0.6547
vn -0.4630 -0.7559 -0.4630
vn -0.6281 -0.4592 -0.6281
vn -0.9427 -0.3140 -0.1128
vn -0.6321 -0.7295 -0.2615
vn -0.0000 -0.7557 -0.6549
vn -0.0000 -0.4592 -0.8883
vn 0.4630 -0.7558 -0.4630
vn 0.6281 -0.4592 -0.6281
vn 0.6548 -0.7558 -0.0000
vn 0.8883 -0.4592 -0.0001
vn 0.4629 -0.7559 0.4629
vn 0.6279 -0.4597 0.6281
vn -0.0000 -0.7557 0.6549
vn -0.0000 -0.4592 0.8883
vn 0.1049 -0.9617 0.2532
vn 0.1800 -0.9670 0.1800
vn 0.2532 -0.9617 0.1049
vn 0.2513 -0.7544 -0.6064
vn -0.0000 -0.9296 -0.3687
vn -0.1801 -0.9670 -0.1801
vn -0.2546 -0.9671 -0.0000
vn -0.4629 -0.7559 0.4630
vn -0.6281 -0.4593 0.6281
vn -0.0001 -0.4592 0.8883
vn -0.6548 -0.7558 -0.0000
vn -0.8883 -0.4593 -0.0001
vn -0.4630 -0.7558 -0.4630
vn -0.6281 -0.4593 -0.6281
vn -0.0000 -0.7558 -0.6548
vn -0.0001 -0.4593 -0.8883
vn 0.6281 -0.4593 -0.6281
vn 0.6547 -0.7559 -0.0000
vn 0.4630 -0.7558 0.4630
vn 0.6281 -0.4593 0.6281
vn -0.7072 -0.0000 0.7070
vn -0.0001 -0.0000 1.0000
vn 0.6282 -0.4594 0.6279
vn 0.7073 -0.0000 0.7069
vn 0.9427 -0.3142 0.1127
vn -0.0000 -0.0000 1.0000
vn 0.7071 -0.0000 0.7071
vn -1.0000 -0.0000 -0.0001
vn -0.5869 -0.3141 0.7463
vn -0.7071 -0.0000 -0.7071
vn -0.0000 -0.0000 -1.0000
vn 0.7070 -0.0000 -0.7072
vn -0.0001 -0.0000 -1.0000
vn -0.7070 -0.0000 0.7072
vn 1.0000 -0.0000 -0.0001
vn 0.7071 -0.0000 -0.7071
vn -0.8882 -0.4595 -0.0000
vn -0.7071 -0.0000 0.7071
vn 0.7072 -0.0000 0.7070
vn -0.1127 -0.3142 -0.9427
vn -0.7069 -0.0000 -0.7073
vn -0.6279 -0.4594 -0.6282
vn 0.7072 -0.0000 -0.7070
vn 0.3913 -0.9202 -0.0037
vn -0.0000 -1.0000 -0.0000
vn 0.3308 -0.9411 0.0699
vn 0.1853 -0.9690 0.1636
vn 0.2728 -0.9486 0.1606
vn 0.3853 -0.9162 0.1097
vn 0.4034 -0.9113 0.0828
vn 0.3546 -0.9255 0.1334
vn -0.2532 -0.9617 0.1049
vn -0.0000 -1.0000 0.0001
vn -0.0000 -1.0000 -0.0002
vn -0.1896 -0.9634 -0.1896
vn -0.2668 -0.9574 -0.1103
vn -0.0001 -1.0000 -0.0002
vn -0.0002 -1.0000 -0.0003
vn -0.0000 -0.9633 -0.2683
vn -0.0000 -1.0000 -0.0006
vn 0.1898 -0.9633 -0.1898
vn -0.0000 -1.0000 -0.0003
vn 0.2684 -0.9633 -0.0000
vn 0.1898 -0.9633 0.1898
vn -0.0000 -0.9216 0.3883
vn -0.1900 -0.9632 0.1900
vn -0.0000 -0.9632 0.2688
vn -0.2688 -0.9632 -0.0000
vn -0.1899 -0.9633 -0.1899
vn -0.0677 -0.9842 -0.1634
vn 0.2748 -0.9214 0.2749
vn -0.1898 -0.9633 0.1896
vn -0.0000 -0.9633 0.2684
vn -0.0003 -1.0000 0.0005
vn -0.0051 -1.0000 0.0025
vn -0.2686 -0.9633 -0.0000
vn -0.0051 -1.0000 0.0018
vn -0.1898 -0.9633 -0.1898
vn -0.0006 -1.0000 -0.0002
vn -0.0000 -0.9634 -0.2681
vn 0.1896 -0.9633 -0.1898
vn 0.1899 -0.9633 0.1899
vn -0.0000 -1.0000 0.0002
vn -0.0000 -1.0000 -0.0001
vn -0.2619 -0.7298 0.6315
vn -0.2622 -0.7295 0.6318
vn 0.6318 -0.7298 0.2611
vn 0.6316 -0.7299 0.2615
vn -0.2611 -0.7298 -0.6318
vn -0.6550 -0.7556 -0.0000
vn 0.4632 -0.7556 -0.4632
vn 0.6281 -0.4594 -0.6281
vn -0.0000 -0.4595 -0.8882
vn -0.0000 -0.7559 -0.6547
vn 0.4638 -0.7555 0.4627
vn 0.6282 -0.4593 0.6281
vn 0.9427 -0.3140 0.1126
vn 0.6325 -0.7293 0.2608
vn 0.0004 -0.7555 0.6551
vn -0.2626 -0.7292 0.6319
vn -0.5870 -0.3138 0.7463
vn 0.4630 -0.7556 -0.4634
vn 0.1128 -0.3140 -0.9427
vn 0.2618 -0.7293 -0.6322
vn 0.6550 -0.7556 -0.0006
vn 0.8883 -0.4593 0.0001
vn 0.4636 -0.7556 0.4627
vn -0.1136 -0.7517 0.6497
vn 0.0001 -0.4593 0.8883
vn -0.4630 -0.7558 0.4630
vn -0.6547 -0.7559 -0.0000
vn -0.8883 -0.4592 0.0001
vn -0.6320 -0.7294 -0.2617
vn -0.7463 -0.3141 -0.5868
vn 0.0001 -0.0000 -1.0000
vn -0.5871 -0.3141 -0.7461
vn -0.7073 -0.0000 -0.7069
vn -0.7072 -0.0000 -0.7070
vn 1.0000 -0.0000 0.0001
vn 0.0001 -0.0000 1.0000
vn -1.0000 -0.0000 0.0001
vn 0.8882 -0.4595 -0.0000
vn -0.7072 0.0002 -0.7070
vn -0.0000 -0.4594 0.8882
vn 0.7069 -0.0000 0.7073
vn 0.6279 -0.4594 0.6282
vn -0.5868 -0.3142 0.7463
vn 0.9808 -0.0000 0.1951
vn 0.9239 -0.0000 0.3827
vn 0.8315 -0.0000 0.5556
vn 0.5556 -0.0000 0.8315
vn 0.3826 -0.0000 0.9239
vn 0.1951 -0.0000 0.9808
vn -0.4047 -0.9136 0.0379
vn -0.4084 -0.9126 0.0180
vn -0.0002 -1.0000 -0.0000
vn -0.0003 -1.0000 -0.0000
vn -0.0001 -1.0000 -0.0001
vn -0.0001 -1.0000 -0.0003
vn -0.1292 -0.9789 0.1584
vn -0.0764 -0.9927 0.0937
vn -0.0815 -0.9897 0.1174
vn -0.1586 -0.9626 0.2195
vn -0.0857 -0.9605 0.2648
vn -0.0464 -0.9894 0.1377
vn -0.0417 -0.9884 0.1463
vn -0.0811 -0.9578 0.2757
vn 0.0001 -1.0000 -0.0003
vn -0.0528 -0.9948 0.0868
vn -0.1431 -0.9613 0.2354
vn -0.0324 -0.9883 0.1493
vn -0.8819 -0.0000 0.4714
vn -0.8315 -0.0000 0.5556
vn -0.9108 -0.0000 0.4128
vn 0.9952 -0.0000 -0.0980
vn 0.9808 -0.0000 -0.1951
vn 0.9239 -0.0000 -0.3827
vn 0.8315 -0.0000 -0.5556
vn 0.5556 -0.0000 -0.8315
vn 0.1951 -0.0000 -0.9808
vn 0.0728 -0.1669 -0.9833
vn 0.0692 -0.1920 -0.9789
vn 0.0001 -0.1882 -0.9821
vn -0.0002 -0.1650 -0.9863
vn 0.2190 -0.1701 -0.9608
vn 0.2076 -0.1895 -0.9597
vn 0.1537 -0.1915 -0.9694
vn 0.1486 -0.1647 -0.9751
vn 0.0782 -0.1453 -0.9863
vn 0.0020 -0.1438 -0.9896
vn 0.2382 -0.1373 -0.9614
vn 0.1400 -0.1435 -0.9797
vn -0.3546 -0.9255 -0.1334
vn -0.3856 -0.9161 -0.1098
vn 0.3827 -0.0000 -0.9239
vn -0.0770 -0.1684 -0.9827
vn -0.0710 -0.1874 -0.9797
vn -0.0823 -0.1485 -0.9855
vn 0.2750 -0.9212 -0.2750
vn -0.0000 -0.9632 -0.2688
vn -0.0678 -0.9842 -0.1636
vn 0.0002 -1.0000 -0.0002
vn -0.2976 -0.9333 0.2012
vn -0.2391 -0.9419 0.2358
vn -0.6319 -0.7296 -0.2617
vn -0.6546 -0.7560 -0.0000
vn -0.4624 -0.7563 0.4628
vn -0.2615 -0.7302 0.6312
vn -0.2619 -0.7293 -0.6321
vn -0.2616 -0.7299 0.6316
vn -0.0000 -0.7562 0.6543
vn 0.4631 -0.7558 0.4629
vn 0.6550 -0.7556 -0.0000
vn 0.6552 -0.7554 -0.0000
vn 0.0001 -1.0000 -0.0004
vn -0.0000 -1.0000 -0.0004
vn -0.0011 -1.0000 -0.0000
vn -0.0047 -1.0000 0.0018
vn -0.0005 -1.0000 0.0006
vn -0.0002 -1.0000 0.0003
vn -0.0007 -1.0000 -0.0000
vn 0.0001 -1.0000 -0.0005
vn -0.0001 -1.0000 0.0002
vn -0.0001 -1.0000 0.0001
vn 0.6788 0.2803 -0.6787
vn 0.5333 0.2803 -0.7981
vn 0.2770 0.8669 -0.4145
vn 0.3525 0.8669 -0.3525
vn 0.9542 0.2841 0.0940
vn 0.9598 0.2805 -0.0000
vn 0.4984 0.8670 -0.0000
vn 0.4748 0.8789 0.0467
vn -0.7980 0.2807 0.5333
vn -0.6788 0.2804 0.6787
vn -0.3525 0.8669 0.3525
vn -0.4146 0.8668 0.2771
vn -0.0000 0.2804 -0.9599
vn -0.1873 0.2802 -0.9415
vn -0.0973 0.8668 -0.4891
vn -0.0000 0.8669 -0.4984
vn -0.1873 0.2802 0.9415
vn -0.0000 0.2801 0.9600
vn -0.0000 0.8668 0.4987
vn -0.0973 0.8668 0.4891
vn 0.1873 0.2802 -0.9415
vn 0.0973 0.8668 -0.4891
vn 0.8869 0.2802 -0.3673
vn 0.7981 0.2803 -0.5333
vn 0.4145 0.8669 -0.2770
vn 0.4607 0.8668 -0.1908
vn -0.3673 0.2804 0.8868
vn -0.1908 0.8669 0.4605
vn -0.5334 0.2801 0.7982
vn -0.2771 0.8668 0.4147
vn -0.3673 0.2803 -0.8869
vn -0.1908 0.8668 -0.4606
vn 0.8868 0.2805 0.3673
vn 0.9415 0.2802 0.1873
vn 0.4891 0.8668 0.0973
vn 0.4607 0.8668 0.1909
vn 0.1873 0.2802 0.9415
vn 0.3673 0.2804 0.8868
vn 0.1908 0.8669 0.4605
vn 0.0973 0.8668 0.4891
vn -0.8868 0.2805 0.3673
vn -0.4607 0.8668 0.1909
vn -0.5333 0.2803 -0.7981
vn -0.6788 0.2803 -0.6787
vn -0.3525 0.8669 -0.3525
vn -0.2770 0.8669 -0.4145
vn 0.9542 0.2841 -0.0940
vn 0.9415 0.2802 -0.1873
vn 0.4891 0.8668 -0.0973
vn 0.4748 0.8789 -0.0467
vn 0.5333 0.2803 0.7981
vn 0.2771 0.8668 0.4147
vn -0.8981 0.3744 0.2308
vn -0.4800 0.8703 0.1107
vn -0.7981 0.2803 -0.5333
vn -0.8869 0.2802 -0.3673
vn -0.4607 0.8668 -0.1908
vn -0.4145 0.8669 -0.2770
vn 0.6788 0.2804 0.6787
vn 0.3525 0.8669 0.3525
vn 0.7980 0.2807 0.5333
vn 0.4146 0.8668 0.2771
vn -0.8285 0.5444 0.1314
vn -0.4882 0.8714 0.0479
vn -0.9354 0.2810 -0.2146
vn -0.4800 0.8703 -0.1107
vn -0.9550 0.2815 -0.0937
vn -0.9593 0.2824 -0.0000
vn -0.4857 0.8741 -0.0000
vn -0.4879 0.8716 -0.0479
vn 0.3673 0.2803 -0.8869
vn 0.1908 0.8668 -0.4606
vn -0.0000 1.0000 -0.0000
vn -0.3827 -0.0000 -0.9239
vn -0.5556 -0.0000 -0.8315
vn -0.5556 -0.0000 0.8315
vn -0.3826 -0.0000 0.9239
vn -0.9952 -0.0000 -0.0977
vn -0.8315 -0.0000 -0.5556
vn -0.9239 -0.0000 -0.3827
vn -0.9746 -0.0000 -0.2239
vn -0.9570 -0.0000 0.2902
vn -0.1951 -0.0000 -0.9808
vn -0.1951 -0.0000 0.9808
vn 0.9952 -0.0000 0.0980
vn 0.3154 -0.5775 0.7530
vn -0.1222 -0.9915 0.0442
vn -0.3979 -0.9155 0.0590
vn -0.3858 -0.9160 0.1098
vn -0.1120 -0.9937 -0.0000
vn 0.4532 -0.7592 0.4671
vn 0.1510 -0.9636 0.2204
vn 0.0498 -0.9364 0.3473
vn 0.2023 -0.7714 0.6034
vn 0.6922 -0.7031 0.1627
vn 0.7228 -0.6910 -0.0069
vn 0.6873 -0.7125 0.1411
vn 0.6888 -0.7046 0.1705
vn 0.7628 -0.0310 -0.6459
vn -0.4192 -0.7648 -0.4892
vn -0.2023 -0.7714 -0.6034
vn -0.6458 -0.6962 -0.3135
vn -0.5064 -0.8143 -0.2837
vn -0.0388 -0.9988 -0.0292
vn -0.2728 -0.9486 -0.1606
vn -0.6888 -0.7046 -0.1705
vn -0.6261 -0.7407 -0.2437
vn 0.7731 -0.0000 -0.6343
vn 0.7728 -0.0000 -0.6346
vn 0.2112 -0.9720 -0.1025
vn 0.3311 -0.9410 -0.0700
vn 0.4084 -0.9126 -0.0180
vn 0.3979 -0.9155 -0.0590
vn 0.4047 -0.9136 -0.0379
vn 0.0496 -0.9969 0.0609
vn 0.0822 -0.9914 0.1023
vn 0.0003 -1.0000 0.0004
vn 0.0001 -1.0000 -0.0001
vn -0.0015 -1.0000 -0.0007
vn -0.4399 -0.0000 -0.8980
vn -0.4404 -0.2323 -0.8672
vn -0.0000 -0.2589 -0.9659
vn -0.4403 -0.4489 -0.7776
vn -0.0000 -0.5000 -0.8660
vn -0.4372 -0.5475 -0.7135
vn -0.0000 -0.6088 -0.7934
vn -0.0000 -0.3827 0.9239
vn -0.4373 -0.3442 0.8309
vn -0.4399 -0.2325 0.8674
vn -0.0000 -0.2589 0.9659
vn -0.4399 -0.0000 0.8980
vn -0.0729 -0.0437 0.9964
vn -0.4400 0.2324 0.8674
vn -0.0730 0.3001 0.9511
vn -0.4403 0.4490 0.7776
vn -0.0000 0.5000 0.8660
vn -0.4400 0.6349 0.6350
vn -0.0000 0.7071 0.7071
vn -0.4401 0.7776 0.4490
vn -0.0000 0.8660 0.5000
vn -0.4403 0.8673 0.2324
vn -0.0000 0.9659 0.2588
vn -0.4400 0.8980 -0.0000
vn -0.4403 0.8673 -0.2324
vn -0.0000 0.9659 -0.2588
vn -0.4401 0.7777 -0.4490
vn -0.0000 0.8660 -0.5001
vn -0.4403 0.6350 -0.6348
vn -0.0000 0.7071 -0.7071
vn -0.4403 0.4490 -0.7776
vn -0.0000 0.5000 -0.8660
vn -0.0000 0.2588 -0.9659
vn -0.4400 0.2324 -0.8674
vn -0.8409 0.5227 -0.1401
vn -0.8410 0.5411 -0.0000
vn -0.9574 0.2889 -0.0000
vn -0.8661 0.4708 -0.1680
vn -0.8409 0.5227 0.1401
vn -0.8409 0.4686 0.2706
vn -0.8660 0.4113 0.2844
vn -0.9574 0.2790 0.0748
vn -0.8410 0.3826 0.3826
vn -0.7798 0.3255 0.5348
vn -0.8028 0.3629 0.4730
vn -0.8053 0.4192 0.4192
vn -0.8410 -0.0000 -0.5410
vn -0.8410 0.1400 -0.5226
vn -0.8659 0.1679 -0.4712
vn -0.9574 -0.0000 -0.2889
vn -0.8410 0.2706 -0.4685
vn -0.8410 0.3826 -0.3826
vn -0.8053 0.4193 -0.4192
vn -0.8052 0.2965 -0.5135
vn -0.7799 -0.1480 -0.6082
vn -0.9567 -0.0380 -0.2886
vn -0.8410 0.4686 -0.2705
vn -0.8053 0.5135 -0.2965
vn -0.2137 0.5226 -0.8254
vn -0.5908 0.3088 -0.7454
vn 0.0544 0.8647 -0.4994
vn 0.0541 0.7060 -0.7061
vn -0.5910 0.4911 0.6400
vn -0.5943 0.5686 0.5687
vn 0.3192 0.9028 -0.2881
vn -0.5912 0.6396 0.4913
vn 0.9047 0.3689 -0.2130
vn 0.9047 0.3013 -0.3013
vn 0.6818 0.7315 -0.0000
vn 0.9047 0.4261 -0.0000
vn 0.9047 0.4115 -0.1103
vn 0.9567 0.1772 -0.2310
vn 0.6819 -0.1893 0.7065
vn 0.6791 -0.2807 0.6783
vn 0.9567 -0.1114 0.2688
vn 0.9047 -0.1103 0.4115
vn 0.6788 0.7280 0.0957
vn 0.9567 0.2886 0.0380
vn 0.6787 -0.0959 0.7281
vn 0.9567 -0.0380 0.2886
vn 0.9999 0.0159 0.0043
vn 0.9999 0.0142 0.0082
vn 0.7244 0.5970 0.3447
vn 0.7244 0.6659 0.1784
vn 0.9999 -0.0164 -0.0000
vn 0.9999 -0.0159 -0.0043
vn 0.7244 -0.6659 -0.1785
vn 0.7244 -0.6893 -0.0000
vn 0.9999 -0.0142 -0.0082
vn 0.9997 -0.0159 -0.0159
vn 0.7244 -0.4875 -0.4874
vn 0.7244 -0.5970 -0.3447
vn 0.9999 0.0116 0.0116
vn 0.9999 0.0082 0.0142
vn 0.7244 0.3447 0.5970
vn 0.7244 0.4875 0.4875
vn 0.9997 -0.0000 -0.0225
vn 0.9999 0.0043 -0.0159
vn 0.7244 0.1785 -0.6659
vn 0.7244 -0.0000 -0.6893
vn 0.9994 -0.0179 -0.0310
vn 0.9994 -0.0093 -0.0346
vn 0.7243 -0.1785 -0.6659
vn 0.7244 -0.3447 -0.5970
vn 0.9999 0.0043 0.0159
vn 0.9999 -0.0000 0.0164
vn 0.7244 -0.0000 0.6893
vn 0.7244 0.1785 0.6659
vn 0.9999 0.0082 -0.0142
vn 0.9999 0.0116 -0.0116
vn 0.7244 0.4875 -0.4875
vn 0.7244 0.3447 -0.5970
vn 0.9999 -0.0043 0.0159
vn 0.9999 -0.0082 0.0142
vn 0.7244 -0.3447 0.5970
vn 0.7243 -0.1785 0.6659
vn 0.9999 0.0142 -0.0082
vn 0.9999 0.0159 -0.0043
vn 0.7244 0.6659 -0.1784
vn 0.7244 0.5970 -0.3447
vn 0.9999 -0.0116 0.0116
vn 0.9999 -0.0142 0.0082
vn 0.7244 -0.5970 0.3447
vn 0.7244 -0.4875 0.4874
vn 0.9999 0.0164 -0.0000
vn 0.7243 0.6894 -0.0000
vn 0.9999 -0.0159 0.0043
vn 0.7244 -0.6659 0.1785
vn 0.6789 0.1901 -0.7092
vn 0.6788 -0.0000 -0.7343
vn 0.6789 -0.1901 -0.7092
vn 0.6789 -0.3672 -0.6359
vn 0.6788 -0.0000 0.7343
vn 0.6789 0.1901 0.7092
vn 0.6789 0.5192 -0.5192
vn 0.6789 0.3671 -0.6359
vn 0.6789 -0.3672 0.6359
vn 0.6789 -0.1901 0.7092
vn 0.6789 0.7093 -0.1900
vn 0.6789 0.6359 -0.3671
vn 0.6789 -0.6359 0.3671
vn 0.6789 -0.5192 0.5191
vn 0.6789 0.7093 0.1900
vn 0.6789 0.7342 -0.0000
vn 0.6788 -0.7343 -0.0000
vn 0.6789 -0.7093 0.1898
vn 0.6789 -0.6359 -0.3671
vn 0.6789 -0.7093 -0.1898
vn 0.6789 0.5192 0.5192
vn 0.6789 0.6359 0.3671
vn 0.6789 -0.5192 -0.5191
vn 0.6789 0.3671 0.6359
vn -0.6279 -0.3892 -0.6740
vn -0.6280 -0.0000 0.7782
vn -0.6280 0.2014 0.7517
vn -0.6247 -0.2989 0.7214
vn -0.6280 -0.2014 0.7517
vn -0.6246 -0.4754 -0.6196
vn 1.0000 0.0002 0.0002
vn 0.4399 -0.2325 -0.8674
vn 0.4399 -0.0000 -0.8980
vn 0.4403 -0.4489 -0.7776
vn 0.4372 -0.5475 -0.7135
vn 0.4401 -0.2324 0.8674
vn 0.4373 -0.3442 0.8309
vn 0.4376 -0.1177 0.8914
vn 0.2144 0.4884 0.8459
vn 0.2131 0.3744 0.9025
vn 0.3672 0.6830 0.6313
vn 0.4401 0.7776 0.4490
vn 0.4398 0.8675 0.2324
vn 0.4400 0.8980 -0.0000
vn 0.4403 0.8673 -0.2324
vn 0.4401 0.7777 -0.4490
vn 0.4404 0.6350 -0.6347
vn 0.3675 0.4964 -0.7865
vn 0.3680 0.2049 -0.9070
vn 0.8409 0.5227 0.1401
vn 0.9574 0.2788 0.0745
vn 0.9568 0.2688 0.1111
vn 0.7797 0.5493 0.3005
vn 0.8389 0.3314 -0.4319
vn 0.9567 0.1772 -0.2309
vn 0.8660 0.3809 -0.3241
vn 0.8410 0.3826 -0.3826
vn 0.8410 0.4686 -0.2705
vn 0.8053 0.5135 -0.2965
vn 0.8027 0.5509 -0.2284
vn 0.7798 0.6008 -0.1760
vn 0.7798 0.6259 0.0144
vn 0.9567 0.2884 0.0382
vn -0.3190 0.7008 -0.6381
vn -0.0545 0.8646 -0.4994
vn -0.3189 0.9030 -0.2879
vn -0.9047 0.3013 -0.3013
vn -0.9047 0.3689 -0.2130
vn -0.9047 0.4115 -0.1103
vn -0.9047 0.4261 -0.0000
vn -0.6821 0.7313 -0.0000
vn -0.6820 0.7065 0.1893
vn -0.9047 0.4114 0.1102
vn -0.9048 0.3689 0.2129
vn -0.6823 0.6331 0.3656
vn -0.6819 0.5172 0.5173
vn -0.9047 0.3013 0.3012
vn -0.9567 0.1772 0.2310
vn -0.6787 0.4470 0.5827
vn -0.6787 0.0959 0.7281
vn -0.9567 0.0380 0.2886
vn -0.9047 -0.0000 0.4261
vn -0.6818 -0.0000 0.7315
vn -0.6787 0.4470 -0.5827
vn -0.9567 0.1772 -0.2310
vn -0.9567 -0.0380 0.2886
vn -0.6787 -0.0959 0.7281
vn -0.9999 0.0159 0.0043
vn -0.7244 0.6659 0.1784
vn -0.7244 0.5970 0.3447
vn -0.9999 0.0142 0.0082
vn -0.9994 -0.0358 -0.0000
vn -0.7244 -0.6893 -0.0000
vn -0.7244 -0.6659 -0.1785
vn -0.9994 -0.0346 -0.0093
vn -0.9994 -0.0310 -0.0179
vn -0.7244 -0.5970 -0.3447
vn -0.7244 -0.4875 -0.4874
vn -0.9994 -0.0253 -0.0253
vn -0.9999 0.0116 0.0116
vn -0.7244 0.4875 0.4875
vn -0.7244 0.3447 0.5970
vn -0.9999 0.0082 0.0142
vn -0.9994 -0.0000 -0.0358
vn -0.7244 -0.0000 -0.6893
vn -0.7244 0.1785 -0.6659
vn -0.9997 0.0058 -0.0218
vn -0.9994 -0.0179 -0.0310
vn -0.7244 -0.3447 -0.5970
vn -0.7243 -0.1785 -0.6659
vn -0.9994 -0.0093 -0.0346
vn -0.9999 0.0043 0.0159
vn -0.7244 0.1785 0.6659
vn -0.7244 -0.0000 0.6893
vn -0.9999 -0.0000 0.0164
vn -0.9999 0.0082 -0.0142
vn -0.7244 0.3447 -0.5970
vn -0.7244 0.4875 -0.4875
vn -0.9999 0.0116 -0.0116
vn -0.9999 -0.0043 0.0159
vn -0.7243 -0.1785 0.6659
vn -0.7244 -0.3447 0.5970
vn -0.9999 -0.0082 0.0142
vn -0.9999 0.0142 -0.0082
vn -0.7244 0.5970 -0.3447
vn -0.7244 0.6659 -0.1784
vn -0.9999 0.0159 -0.0043
vn -0.9999 -0.0116 0.0116
vn -0.7244 -0.4875 0.4874
vn -0.7244 -0.5970 0.3447
vn -0.9999 -0.0142 0.0082
vn -0.9999 0.0164 -0.0000
vn -0.7243 0.6894 -0.0000
vn -0.9997 -0.0218 0.0058
vn -0.7244 -0.6659 0.1785
vn -0.6788 -0.0000 -0.7343
vn -0.6789 0.1901 -0.7092
vn -0.6789 -0.3672 -0.6359
vn -0.6789 -0.1901 -0.7092
vn -0.6789 0.1901 0.7092
vn -0.6788 -0.0000 0.7343
vn -0.6789 0.3671 -0.6359
vn -0.6789 0.5192 -0.5192
vn -0.6789 -0.1901 0.7092
vn -0.6789 -0.3672 0.6359
vn -0.6789 0.6359 -0.3671
vn -0.6789 0.7093 -0.1900
vn -0.6789 -0.5192 0.5191
vn -0.6789 -0.6359 0.3671
vn -0.6789 0.7342 -0.0000
vn -0.6789 0.7093 0.1900
vn -0.6789 -0.7093 0.1897
vn -0.6788 -0.7343 -0.0000
vn -0.6789 -0.7093 -0.1897
vn -0.6789 -0.6359 -0.3671
vn -0.6789 0.6359 0.3671
vn -0.6789 0.5192 0.5192
vn -0.6789 -0.5192 -0.5191
vn -0.6789 0.3671 0.6359
vn 0.6280 -0.0000 -0.7782
vn 0.6248 0.1019 -0.7741
vn 0.6279 -0.3892 -0.6740
vn 0.6280 -0.2014 -0.7517
vn 0.6280 -0.2014 0.7517
vn 0.6247 -0.2989 0.7214
vn 0.6245 0.6196 0.4755
vn 0.6246 -0.4754 -0.6196
vn 0.6248 -0.1019 0.7741
vn -1.0000 0.0002 -0.0004
vn -1.0000 0.0004 0.0002
vn -0.4401 -0.0000 -0.8979
vn -0.2127 -0.1275 0.9688
vn -0.4373 -0.1174 0.8916
vn -0.2145 -0.0000 0.9767
vn -0.4374 0.1169 0.8916
vn -0.2128 0.1276 0.9687
vn -0.0000 0.7933 0.6088
vn -0.4370 0.7135 0.5476
vn -0.4398 0.8981 -0.0000
vn -0.4400 0.6349 -0.6350
vn -0.4401 0.2324 -0.8673
vn -0.9574 0.2790 -0.0748
vn -0.7799 0.0144 -0.6258
vn -0.9567 0.0380 -0.2887
vn -0.8660 0.4116 -0.2841
vn -0.7797 0.6084 0.1481
vn -0.9567 0.2887 0.0380
vn -0.5942 0.4021 -0.6966
vn -0.5909 0.6400 -0.4911
vn -0.5942 0.5687 -0.5688
vn 0.9994 -0.0000 -0.0358
vn 0.9993 0.0047 -0.0358
vn 0.7214 0.0906 -0.6866
vn 0.9993 0.0220 -0.0287
vn 0.9994 0.0253 -0.0253
vn 0.7214 0.4215 -0.5494
vn 0.9993 -0.0220 -0.0287
vn 0.7214 -0.4217 -0.5493
vn 0.9993 0.0287 -0.0220
vn 0.7214 0.5494 -0.4216
vn 0.8779 0.0626 -0.4747
vn 0.8779 0.2915 -0.3799
vn 0.8779 -0.2916 -0.3798
vn 0.8779 0.3799 -0.2915
vn 1.0000 0.0002 -0.0003
vn 1.0000 0.0002 0.0003
vn -0.6277 0.6742 0.3892
vn -0.6280 -0.2014 -0.7517
vn -0.6248 0.1019 0.7741
vn -0.6245 0.6196 0.4755
vn -0.6248 -0.1019 0.7741
vn 0.4401 -0.2324 -0.8674
vn 0.3676 -0.4329 -0.8231
vn 0.2127 -0.5948 -0.7752
vn 0.4370 0.7135 0.5476
vn 0.4403 0.8673 0.2324
vn 0.4398 0.8981 -0.0000
vn 0.4400 0.6349 -0.6350
vn 0.9568 0.2688 0.1110
vn 0.8388 -0.2084 -0.5029
vn 0.9567 -0.1114 -0.2689
vn 0.9574 -0.0748 -0.2790
vn 0.8410 -0.1400 -0.5226
vn 0.8389 0.0710 0.5397
vn 0.9567 0.0380 0.2887
vn 0.9574 -0.0000 0.2889
vn 0.8410 -0.0000 0.5410
vn 0.9574 0.2042 -0.2042
vn 0.9567 -0.0380 -0.2886
vn 0.7799 -0.0144 -0.6258
vn 0.9574 0.2501 -0.1444
vn 0.9567 0.2689 -0.1114
vn 0.8389 -0.0710 0.5396
vn -0.6787 0.5827 -0.4471
vn -0.9567 0.2311 -0.1773
vn -0.6822 0.6332 -0.3657
vn -0.6819 0.7065 -0.1893
vn -0.9567 0.2886 -0.0380
vn -0.6788 0.7280 -0.0961
vn -0.6790 0.5823 0.4471
vn -0.9567 0.2308 0.1771
vn -0.9997 -0.0195 -0.0113
vn -0.9999 -0.0116 -0.0116
vn -0.9997 -0.0113 -0.0195
vn -0.6789 -0.7092 0.1901
vn -0.6789 -0.7092 -0.1901
vn 0.6247 0.1016 0.7743
vn 0.6277 -0.0004 0.7784
vn 0.6245 -0.1018 0.7744
vn -0.0000 -0.9915 -0.1304
vn -0.2122 -0.9689 -0.1275
vn -0.2140 -0.9768 -0.0000
vn -0.2122 -0.9689 0.1275
vn -0.0000 -0.9915 0.1304
vn -0.2119 -0.7753 0.5950
vn -0.4370 -0.7136 0.5475
vn -0.4401 -0.6349 0.6349
vn -0.0726 -0.6736 0.7355
vn -0.4403 -0.4489 0.7776
vn -0.0000 -0.5000 0.8660
vn -0.4401 -0.0000 0.8979
vn -0.4404 0.2324 0.8672
vn -0.0000 0.2588 0.9659
vn -0.4401 0.6349 0.6350
vn -0.3672 0.6831 -0.6313
vn -0.2123 0.5948 -0.7753
vn -0.0000 0.6087 -0.7934
vn -0.7798 0.6259 -0.0144
vn -0.9567 0.2887 -0.0380
vn -0.9575 0.2787 -0.0747
vn -0.8410 0.2706 0.4685
vn -0.9574 0.1444 0.2501
vn -0.9574 0.2042 0.2042
vn -0.8410 0.1400 0.5226
vn -0.8410 -0.0000 0.5410
vn -0.9574 -0.0000 0.2889
vn -0.9574 0.0748 0.2790
vn -0.8410 -0.1400 0.5226
vn -0.8410 -0.2706 0.4686
vn -0.9574 -0.1444 0.2501
vn -0.9574 -0.0748 0.2790
vn -0.7798 0.5492 -0.3005
vn -0.9567 0.2689 -0.1114
vn -0.7797 0.5349 0.3255
vn -0.9568 0.2306 0.1773
vn -0.7798 -0.4323 0.4527
vn -0.9567 -0.1772 0.2310
vn 0.6787 0.5827 -0.4471
vn 0.6820 0.6332 -0.3659
vn 0.9567 0.2311 -0.1773
vn 0.6821 0.7063 -0.1892
vn 0.6788 0.7280 -0.0962
vn 0.9567 0.2886 -0.0380
vn 0.6789 0.6783 0.2809
vn 0.6822 0.6333 0.3654
vn 0.9048 0.3689 0.2129
vn 0.9567 0.2688 0.1113
vn 0.6819 0.5172 0.5173
vn 0.6787 0.4470 0.5827
vn 0.9567 0.1772 0.2310
vn 0.9047 0.3013 0.3012
vn 0.9999 -0.0000 -0.0164
vn 0.9997 0.0058 -0.0218
vn 0.9997 -0.0058 -0.0218
vn 0.9997 0.0113 -0.0195
vn 0.6789 -0.7092 0.1901
vn 0.6789 -0.7092 -0.1901
vn -0.6277 0.7519 0.2015
vn -0.6248 -0.6195 0.4753
vn -0.6246 0.6196 -0.4754
vn 1.0000 0.0003 -0.0000
vn 1.0000 0.0003 0.0004
vn 1.0000 0.0004 0.0002
vn 0.2140 -0.9768 -0.0000
vn 0.2122 -0.9689 -0.1275
vn 0.2122 -0.9689 0.1275
vn 0.3676 -0.4329 0.8231
vn 0.2127 -0.5948 0.7752
vn 0.4404 -0.2323 0.8672
vn 0.4399 -0.0000 0.8980
vn 0.4400 0.2324 0.8674
vn 0.4403 0.4490 0.7776
vn 0.4401 0.6349 0.6350
vn 0.4400 0.8674 0.2324
vn 0.4400 0.8674 -0.2324
vn 0.4403 0.6350 -0.6348
vn 0.4371 0.5475 -0.7136
vn 0.8409 0.5227 -0.1401
vn 0.9574 0.2790 -0.0748
vn 0.9574 0.2889 -0.0000
vn 0.8410 0.5411 -0.0000
vn 0.9575 0.2788 0.0744
vn 0.9575 0.2497 0.1441
vn 0.8409 0.4686 0.2706
vn 0.8410 0.3826 0.3826
vn 0.9574 0.2042 0.2042
vn 0.9574 0.1444 0.2501
vn 0.8410 0.2706 0.4685
vn 0.8410 0.1400 0.5226
vn 0.9574 0.0748 0.2790
vn 0.7799 0.0144 0.6258
vn -0.9994 0.0346 0.0093
vn -0.9994 0.0310 0.0179
vn -0.9994 0.0253 0.0253
vn -0.9994 0.0179 0.0310
vn -0.9994 0.0093 0.0346
vn -0.9994 -0.0000 0.0358
vn -0.9993 0.0358 0.0047
vn -0.7214 0.6866 0.0903
vn -0.7214 -0.0906 0.6866
vn -0.9993 -0.0047 0.0358
vn -0.8779 0.4747 0.0624
vn -0.8779 -0.0626 0.4747
vn -1.0000 0.0004 0.0001
vn 0.0001 -0.3827 -0.9239
vn -0.2131 -0.3742 -0.9025
vn -0.2144 -0.4884 -0.8459
vn 0.0001 -0.5000 -0.8660
vn -0.2127 -0.5948 -0.7752
vn 0.0001 -0.6088 -0.7934
vn 0.0001 -0.9239 -0.3827
vn -0.2117 -0.9029 -0.3740
vn -0.2137 -0.9436 -0.2528
vn 0.0001 -0.9659 -0.2587
vn 0.0001 -1.0000 -0.0000
vn 0.0001 -0.9915 0.1304
vn 0.0001 -0.5000 0.8660
vn -0.4401 -0.2324 0.8674
vn 0.0001 -0.2589 0.9659
vn 0.0001 0.2588 0.9659
vn 0.0001 0.5000 0.8660
vn 0.0001 0.7071 0.7071
vn 0.0001 0.8660 0.5000
vn -0.4398 0.8675 0.2324
vn 0.0001 0.9659 0.2588
vn 0.0001 1.0000 -0.0000
vn 0.0001 0.9659 -0.2588
vn 0.0001 0.8660 -0.5001
vn 0.0001 0.7071 -0.7071
vn 0.0001 0.6087 -0.7934
vn -0.8660 0.4984 0.0402
vn -0.8663 0.4512 0.2141
vn -0.8053 0.5726 0.1534
vn -0.7799 0.1759 0.6007
vn -0.9567 0.1114 0.2689
vn 0.3189 0.8424 0.4344
vn 0.0541 0.9645 0.2584
vn 0.3188 0.9468 0.0444
vn 0.6820 0.6333 -0.3659
vn 0.6819 0.7065 -0.1893
vn 0.9047 0.4114 0.1102
vn 0.6819 0.1893 0.7065
vn 0.6818 -0.0000 0.7315
vn 0.9047 -0.0000 0.4261
vn 0.9047 0.1103 0.4115
vn 0.6788 0.5826 0.4470
vn 0.9567 0.2310 0.1772
vn 0.6788 0.2810 0.6784
vn 0.9567 0.1114 0.2688
vn 0.9999 0.0143 0.0082
vn 0.7243 0.5971 0.3447
vn 0.9999 -0.0165 -0.0000
vn 0.9997 -0.0218 -0.0059
vn 0.7243 -0.6659 -0.1785
vn 0.7244 -0.6894 -0.0000
vn 0.9997 -0.0196 -0.0113
vn 0.9999 -0.0117 -0.0117
vn 0.7243 -0.4876 -0.4875
vn 0.7243 -0.5971 -0.3447
vn 0.9999 0.0117 0.0117
vn 0.9999 0.0082 0.0143
vn 0.7243 0.3447 0.5971
vn 0.9994 -0.0000 -0.0359
vn 0.9997 0.0059 -0.0218
vn 0.7243 0.1785 -0.6659
vn 0.7244 -0.0000 -0.6894
vn 0.9999 -0.0082 -0.0143
vn 0.7243 -0.1785 -0.6660
vn 0.9999 -0.0000 0.0165
vn 0.7244 -0.0000 0.6894
vn 0.7243 0.1785 0.6659
vn 0.9999 0.0082 -0.0143
vn 0.9999 0.0117 -0.0117
vn 0.7243 0.3447 -0.5971
vn 0.9999 -0.0082 0.0143
vn 0.7243 -0.1785 0.6660
vn 0.9999 0.0143 -0.0082
vn 0.7243 0.5971 -0.3447
vn 0.9997 -0.0160 0.0160
vn 0.9997 -0.0196 0.0113
vn 0.7243 -0.5971 0.3447
vn 0.7243 -0.4876 0.4875
vn 0.9999 0.0165 -0.0000
vn 0.7243 0.6895 -0.0000
vn 0.7243 -0.6659 0.1785
vn -0.6279 -0.3892 0.6740
vn -0.6279 -0.5504 0.5503
vn 1.0000 0.0004 -0.0000
vn 1.0000 0.0001 0.0003
vn 1.0000 0.0003 -0.0001
vn 1.0000 0.0002 -0.0004
vn 0.2147 -0.4883 -0.8458
vn 0.2132 -0.3743 -0.9025
vn 0.2129 -0.5948 -0.7752
vn 0.2139 -0.9436 -0.2528
vn 0.2119 -0.9029 -0.3740
vn 0.2142 -0.9768 -0.0000
vn 0.2125 -0.9688 0.1275
vn 0.2129 -0.5948 0.7752
vn 0.4403 -0.2324 0.8673
vn 0.4403 -0.0000 0.8978
vn 0.4403 0.2324 0.8672
vn 0.4402 0.4490 0.7776
vn 0.4402 0.6349 0.6349
vn 0.4402 0.8673 0.2324
vn 0.4402 0.8979 -0.0000
vn 0.4402 0.8673 -0.2324
vn 0.4400 0.7777 -0.4490
vn 0.4399 0.6350 -0.6351
vn 0.4370 0.5475 -0.7136
vn 0.8411 0.5225 -0.1399
vn 0.8661 0.4981 0.0406
vn 0.8409 0.5412 -0.0000
vn 0.8411 0.5225 0.1399
vn 0.8053 0.5726 0.1534
vn 0.8051 0.5137 0.2967
vn 0.8408 0.4688 0.2706
vn 0.8409 0.3827 0.3827
vn 0.8053 0.4192 0.4192
vn 0.8052 0.2965 0.5135
vn 0.8409 0.2706 0.4687
vn 0.8411 0.1399 0.5225
vn 0.8659 0.1679 0.4712
vn 0.7797 0.0144 0.6260
vn 0.8387 0.3319 -0.4317
vn 0.8409 0.3827 -0.3827
vn 0.8409 0.4687 -0.2706
vn 0.2137 0.5226 0.8254
vn 0.5908 0.3088 0.7454
vn -0.0541 0.9645 0.2584
vn -0.0546 0.8647 0.4993
vn -0.0541 0.7060 0.7061
vn -0.0536 0.9900 0.1304
vn -0.6819 0.6335 -0.3657
vn -0.6790 0.6782 -0.2810
vn -0.9567 0.2886 0.0380
vn -0.9997 -0.0225 -0.0000
vn -0.9999 -0.0159 0.0043
vn -0.6789 -0.7093 0.1898
vn -0.6789 -0.7093 -0.1898
vn 0.6243 -0.2990 0.7217
vn -1.0000 0.0005 -0.0001
vn -1.0000 0.0003 0.0001
vn 0.0017 0.9811 0.1935
vn 0.0056 -1.0000 -0.0000
vn -0.3020 -0.9533 -0.0000
vn 0.0404 0.9992 -0.0000
vn -0.0059 -0.7325 0.6807
vn -0.0108 -0.5796 0.8148
vn -0.0152 -0.4024 0.9153
vn 0.0135 -0.9717 0.2360
vn 0.0100 -0.9400 0.3410
vn 0.0019 0.7344 0.6787
vn 0.0093 0.8523 0.5229
vn 0.0165 0.9367 0.3498
vn -0.0187 -0.0028 0.9998
vn -0.0174 0.2025 0.9791
vn -0.0126 0.4042 0.9146
vn -0.0183 -0.2066 0.9782
vn 0.0015 -0.8531 0.5217
vn 0.0239 0.9857 0.1667
vn 0.0277 0.9996 -0.0000
vn -0.0057 0.5850 0.8110
vn 0.0093 0.8523 -0.5229
vn 0.0168 0.9370 -0.3488
vn 0.0056 0.8040 -0.5946
vn 0.0240 0.9857 -0.1669
vn -0.9993 -0.0000 0.0385
vn -0.9589 0.2812 0.0369
vn 0.9957 -0.0931 -0.0000
vn 0.9988 -0.0480 0.0001
vn 0.9964 -0.0562 0.0637
vn -0.0243 0.9997 -0.0000
vn -0.0051 1.0000 -0.0000
vn -0.0020 1.0000 -0.0000
vn 0.2855 0.9584 -0.0000
vn -0.0160 0.9999 -0.0000
vn -0.0025 1.0000 -0.0003
vn 0.2665 0.9638 -0.0000
vn 0.0084 -0.2897 -0.9571
vn -0.0228 0.8046 -0.5934
vn 0.9710 -0.1488 -0.1870
vn -0.0911 -0.9958 -0.0000
vn 0.9964 -0.0565 -0.0636
vn -0.0001 -0.1951 0.9808
vn -0.0000 -0.3826 0.9239
vn -0.0001 -0.3827 0.9239
vn -0.0000 -0.5556 0.8315
vn -0.4339 -0.5055 0.7458
vn -0.6776 -0.5201 0.5200
vn -0.0000 -0.7071 0.7071
vn -0.0000 -0.8315 0.5556
vn -0.4339 -0.7459 0.5054
vn -0.0006 -0.9239 0.3827
vn -0.0001 -0.9238 0.3829
vn -0.0001 -0.9808 0.1950
vn -0.4336 -0.8849 0.1700
vn -0.6774 -0.7356 -0.0000
vn -0.0002 -0.9808 -0.1949
vn -0.6936 -0.7065 -0.1407
vn -0.6773 -0.6796 -0.2817
vn -0.0002 -0.9239 -0.3827
vn -0.0001 -0.8315 -0.5556
vn -0.6936 -0.5990 -0.4003
vn -0.6776 -0.5200 -0.5200
vn -0.0004 -0.7071 -0.7071
vn 0.0001 -0.5556 -0.8315
vn -0.6938 -0.4000 -0.5988
vn -0.6775 -0.2814 -0.6796
vn 0.0001 -0.3826 -0.9239
vn -0.0001 -0.1954 -0.9807
vn -0.6937 -0.1405 -0.7064
vn -0.6774 -0.0000 -0.7356
vn 0.0002 0.1952 -0.9808
vn -0.4335 0.1700 -0.8850
vn -0.4187 0.3418 -0.8413
vn -0.0000 0.3827 -0.9239
vn 0.0002 0.5555 -0.8315
vn -0.6936 0.4002 -0.5990
vn -0.6778 0.5201 -0.5197
vn 0.0004 0.7071 -0.7071
vn -0.0000 0.8314 -0.5557
vn -0.6935 0.5990 -0.4003
vn -0.6773 0.6796 -0.2817
vn 0.0002 0.9239 -0.3826
vn -0.0001 0.9808 -0.1952
vn -0.6937 0.7064 -0.1405
vn -0.4186 0.9081 0.0058
vn 0.0002 0.9808 0.1948
vn 0.0001 0.9809 0.1946
vn -0.0005 0.9239 0.3827
vn -0.0001 0.9238 0.3829
vn -0.0000 0.8315 0.5556
vn -0.4344 0.7451 0.5060
vn -0.6778 0.5201 0.5197
vn -0.0000 0.7070 0.7072
vn -1.0000 -0.0012 0.0008
vn -1.0000 0.0010 -0.0010
vn -0.7260 -0.4864 0.4861
vn -0.7333 -0.5654 0.3776
vn -0.0003 0.1952 0.9808
vn -0.6937 0.1407 0.7064
vn -0.4185 -0.0058 0.9082
vn 0.0003 0.5554 0.8316
vn -0.4337 0.5056 0.7458
vn -0.4183 0.3527 0.8371
vn -0.0000 0.3827 0.9239
vn -1.0000 0.0012 0.0008
vn -1.0000 -0.0013 -0.0005
vn -0.9031 0.4125 0.1196
vn -1.0000 0.0013 0.0009
vn -0.9999 -0.0144 -0.0014
vn -1.0000 -0.0000 -0.0014
vn -0.7262 -0.0000 0.6875
vn -0.7318 -0.0861 0.6761
vn -1.0000 -0.0014 0.0003
vn -1.0000 0.0013 -0.0005
vn -0.7259 -0.6354 0.2633
vn -0.7333 -0.6670 0.1323
vn -1.0000 0.0008 0.0012
vn -1.0000 -0.0010 -0.0010
vn -1.0000 -0.0012 -0.0011
vn -1.0000 0.0009 0.0013
vn -1.0000 -0.0008 0.0012
vn -0.9999 -0.0127 -0.0068
vn -0.9999 -0.0133 -0.0070
vn -0.9064 -0.2642 0.3296
vn -1.0000 0.0014 0.0003
vn -1.0000 -0.0014 0.0042
vn -0.4668 0.8844 0.0070
vn -0.7335 0.6667 0.1325
vn -1.0000 0.0051 0.0004
vn -0.0000 0.0001 1.0000
vn -0.0000 -0.1102 0.9939
vn -0.0000 0.9808 0.1949
vn -0.0000 -0.3827 -0.9239
vn -0.0000 -0.1952 -0.9808
vn 0.0001 -0.1948 -0.9808
vn -0.0000 -0.3823 -0.9240
vn -0.0000 0.7074 -0.7068
vn -0.0000 0.8316 -0.5554
vn -0.0000 0.7072 -0.7070
vn -0.0000 -0.9238 -0.3828
vn -0.0000 -0.8316 -0.5554
vn -0.0000 -0.9238 0.3828
vn -0.0000 -0.9808 0.1952
vn -0.0000 0.2791 0.9603
vn -0.0000 0.1952 0.9808
vn -0.4749 0.1787 0.8617
vn -0.0000 0.2787 0.9604
vn -0.0000 0.9239 -0.3827
vn -0.0000 0.9808 -0.1949
vn -0.0000 0.9808 -0.1952
vn -0.0000 0.5554 -0.8316
vn -0.0000 0.3823 -0.9240
vn -0.0000 -0.9808 -0.1952
vn 0.0003 -0.9808 -0.1950
vn -0.4665 -0.8845 0.0070
vn -0.0000 -0.3828 -0.9238
vn -0.0000 -0.5556 -0.8314
vn -0.0000 -0.5557 -0.8314
vn -0.0000 -0.7071 -0.7071
vn -0.0000 -0.8314 -0.5556
vn -0.0000 -0.8314 -0.5557
vn -0.0000 -0.9239 -0.3825
vn -0.0000 -0.9239 -0.3826
vn -0.0000 -0.9808 -0.1950
vn -0.0000 -0.9808 -0.1949
vn -0.0000 -0.9808 0.1950
vn -0.0000 -0.9808 0.1949
vn -0.0000 -0.9239 0.3825
vn -0.0000 -0.9239 0.3826
vn -0.0000 -0.8314 0.5556
vn -0.0000 -0.8314 0.5557
vn -0.0000 -0.7071 0.7072
vn -0.0000 -0.5557 0.8314
vn 0.4276 -0.5023 0.7515
vn 0.6841 -0.2792 0.6739
vn -0.0000 -0.3828 0.9238
vn -0.0000 -0.1951 0.9808
vn 0.6873 -0.1418 0.7124
vn 0.6841 -0.0000 0.7294
vn 0.4276 0.1765 0.8866
vn -0.0000 0.3829 0.9238
vn -0.0000 0.3828 0.9238
vn -0.0000 0.5557 0.8314
vn -0.0000 0.7071 0.7072
vn -0.0000 0.8314 0.5557
vn -0.0000 0.9238 0.3829
vn -0.0000 0.9238 0.3828
vn -0.0000 0.9808 0.1952
vn -0.0000 0.9238 -0.3829
vn -0.0000 0.1952 -0.9808
vn -0.0000 0.5556 -0.8314
vn -0.0000 0.5557 -0.8314
vn -0.0000 0.3829 -0.9238
vn -0.0000 0.3828 -0.9238
vn -0.0000 -0.8316 0.5554
vn -0.0000 -0.4814 -0.8765
vn -0.0000 -0.6257 0.7801
vn -0.0000 -0.7073 0.7069
vn -0.0000 0.2787 -0.9604
vn 0.0001 0.2783 -0.9605
vn -0.0000 -0.7805 -0.6252
vn -0.0000 -0.1102 -0.9939
vn -0.0000 0.9604 0.2787
vn -1.0000 0.0033 -0.0029
vn -1.0000 -0.0003 -0.0013
vn -0.9999 -0.0139 0.0015
vn -0.9999 0.0134 -0.0040
vn -0.9999 -0.0109 -0.0088
vn -1.0000 -0.0010 0.0010
vn -0.9999 0.0132 -0.0070
vn -1.0000 0.0010 0.0010
vn -0.9999 0.0109 -0.0088
vn -0.9999 -0.0015 -0.0139
vn -0.9999 0.0014 0.0144
vn -0.9999 -0.0088 0.0109
vn -0.9999 0.0088 0.0109
vn 0.0004 0.5557 0.8314
vn 0.0004 0.7070 0.7072
vn -0.0000 0.1951 0.9808
vn 0.0002 0.9239 0.3826
vn -0.0001 0.9808 0.1952
vn -0.0000 0.9808 -0.1950
vn -0.0000 0.9238 -0.3828
vn 0.0003 0.8315 -0.5556
vn 0.0001 0.5556 -0.8315
vn 0.0001 0.3827 -0.9239
vn -0.0001 0.1950 -0.9808
vn 0.0003 -0.7072 -0.7070
vn -0.0001 -0.8316 -0.5554
vn -0.0000 -0.9239 -0.3827
vn 0.0002 -0.9808 0.1951
vn 0.0002 -0.9239 0.3826
vn -0.0004 -0.8314 0.5556
vn 0.0004 -0.5556 0.8314
vn -0.0616 -0.9567 0.2843
vn -0.8567 0.0657 -0.5116
vn -0.8642 0.0647 -0.4990
vn -0.9951 0.0991 0.0002
vn -0.9950 0.1000 -0.0063
vn -0.9098 0.0704 -0.4091
vn -0.9953 0.0973 0.0031
vn -0.9035 0.1072 0.4149
vn -0.8609 0.1069 0.4975
vn -0.8597 0.1068 0.4996
vn 0.8712 -0.0682 0.4862
vn 0.8646 -0.0647 0.4983
vn 0.9951 -0.0992 -0.0012
vn 0.9949 -0.1007 -0.0063
vn 0.8591 -0.0609 0.5082
vn 0.9952 -0.0979 0.0027
vn 0.8580 -0.1076 -0.5022
vn 0.8604 -0.1074 -0.4981
vn 0.8623 -0.1072 -0.4949
vn 0.0171 0.0386 0.9991
vn 0.0001 0.0428 0.9991
vn 0.5003 -0.0126 0.8658
vn 0.5147 -0.0172 0.8572
vn -0.0161 0.0468 0.9988
vn 0.4869 -0.0082 0.8734
vn -0.4981 0.0864 0.8628
vn -0.4887 0.0843 0.8684
vn -0.5067 0.0888 0.8575
vn 0.4973 -0.0869 -0.8632
vn 0.5071 -0.0861 -0.8576
vn 0.4872 -0.0879 -0.8689
vn -0.0172 -0.0439 -0.9989
vn -0.0006 -0.0429 -0.9991
vn 0.0168 -0.0421 -0.9990
vn -0.5001 0.0127 -0.8659
vn -0.4850 0.0136 -0.8744
vn -0.5141 0.0118 -0.8577
vn -0.9702 0.0554 -0.2359
vn -0.9736 0.0199 -0.2276
vn -0.9977 0.0670 0.0078
vn -0.9907 0.0909 0.1013
vn -0.9776 -0.0453 -0.2057
vn -0.9991 0.0416 0.0114
vn -0.8568 0.2186 0.4670
vn -0.8569 0.1473 0.4940
vn -0.8552 0.1144 0.5055
vn -0.4951 0.1868 0.8485
vn -0.4924 0.1096 0.8634
vn -0.4958 0.3394 0.7994
vn 0.0021 0.3731 0.9278
vn -0.0005 0.1780 0.9840
vn 0.0003 0.0763 0.9971
vn 0.5079 0.1216 0.8528
vn 0.5013 0.0226 0.8650
vn 0.5174 0.3026 0.8005
vn 0.8883 0.1425 0.4366
vn 0.8795 0.0300 0.4749
vn 0.8189 -0.0234 0.5735
vn 0.9970 -0.0700 -0.0330
vn 0.9966 -0.0824 -0.0084
vn 0.9976 -0.0532 -0.0446
vn 0.9547 -0.1388 -0.2631
vn 0.9562 -0.1129 -0.2701
vn 0.9572 -0.1055 -0.2695
vn -0.8968 0.1087 0.4289
vn -0.4811 0.0948 0.8715
vn 0.0166 0.0553 0.9983
vn -0.9661 0.0818 -0.2451
vn -0.9905 0.1002 0.0939
vn 0.0868 -0.0308 0.9957
vn 0.0970 -0.0229 0.9950
vn 0.5000 -0.0418 0.8650
vn 0.4995 -0.0476 0.8650
vn 0.0005 0.0068 1.0000
vn 0.5008 -0.0180 0.8654
vn 0.8697 -0.0383 0.4920
vn 0.8146 -0.0511 0.5777
vn 0.8172 -0.0562 0.5735
vn -0.8710 -0.4402 -0.2179
vn -0.8676 -0.4808 -0.1269
vn -1.0000 -0.0019 0.0009
vn -1.0000 0.0051 0.0054
vn -0.8717 -0.4891 -0.0309
vn -1.0000 -0.0027 -0.0068
vn -0.8737 0.4863 -0.0075
vn -0.8728 0.4738 0.1175
vn -0.8689 0.4438 0.2191
vn -0.5135 0.8334 0.2042
vn -0.5110 0.7720 0.3781
vn -0.5062 0.8622 -0.0183
vn 0.0060 0.9998 -0.0198
vn 0.0049 0.9710 0.2391
vn 0.0042 0.8971 0.4418
vn 0.5258 0.8260 0.2030
vn 0.5254 0.7622 0.3781
vn 0.5193 0.8545 -0.0123
vn 0.8850 0.4656 0.0019
vn 0.8850 0.4521 0.1117
vn 0.8856 0.4156 0.2073
vn 0.9994 -0.0337 -0.0100
vn 0.9992 -0.0348 -0.0188
vn 0.9995 -0.0311 0.0019
vn 0.8606 -0.5088 -0.0247
vn 0.8534 -0.5029 -0.1371
vn 0.8499 -0.4682 -0.2419
vn 0.5630 -0.8046 -0.1887
vn 0.6933 -0.6384 -0.3345
vn 0.5017 -0.8631 -0.0589
vn -0.0019 -0.9971 -0.0756
vn -0.0039 -0.9854 -0.1702
vn 0.0057 0.6896 0.7242
vn 0.0051 0.8041 0.5944
vn 0.5237 0.6799 0.5132
vn 0.5211 0.5808 0.6254
vn 0.8873 0.3642 0.2829
vn 0.8885 0.3049 0.3430
vn -0.8568 0.3592 0.3699
vn -0.8633 0.4062 0.2996
vn -0.5034 0.6967 0.5110
vn -0.4954 0.6027 0.6255
vn -0.9785 -0.1321 -0.1581
vn -0.9159 -0.3309 -0.2271
vn -0.9998 0.0164 0.0102
vn -0.9995 0.0269 0.0163
vn -0.5106 -0.8576 -0.0624
vn -0.5771 -0.7960 -0.1825
vn -0.7182 -0.6214 -0.3132
vn 0.9989 -0.0390 -0.0275
vn 0.9984 -0.0440 -0.0356
vn 0.8890 -0.3736 -0.2648
vn 0.9558 -0.2016 -0.2142
vn 0.6895 -0.6051 -0.3981
vn -0.7203 -0.5852 -0.3724
vn 0.0047 0.9225 -0.3859
vn 0.0042 0.8859 -0.4639
vn 0.5359 0.7581 -0.3716
vn 0.5110 0.7997 -0.3153
vn -0.0000 0.8724 -0.4888
vn 0.5320 0.7491 -0.3947
vn 0.8860 0.4213 -0.1937
vn 0.8920 0.4158 -0.1773
vn 0.8851 0.4403 -0.1508
vn -0.8725 0.4502 -0.1902
vn -0.8784 0.4225 -0.2233
vn -0.5226 0.7553 -0.3955
vn -0.4972 0.7999 -0.3360
vn -0.8731 0.4243 -0.2401
vn -0.5239 0.7426 -0.4173
vn -0.8902 -0.4376 0.1269
vn -0.8929 -0.4162 0.1718
vn -0.9997 0.0036 -0.0252
vn -0.9998 0.0034 -0.0217
vn -0.9030 -0.3917 0.1767
vn -0.9991 0.0212 -0.0360
vn 0.9995 -0.0095 0.0297
vn 0.9996 -0.0139 0.0238
vn 0.9997 0.0100 0.0220
vn 0.8882 -0.3991 0.2275
vn 0.8795 -0.4232 0.2178
vn 0.8781 -0.4493 0.1645
vn 0.5322 -0.7646 0.3636
vn 0.5280 -0.8079 0.2620
vn 0.5424 -0.7414 0.3953
vn -0.0062 -0.8895 0.4569
vn -0.0030 -0.9098 0.4150
vn -0.0029 -0.9564 0.2920
vn -0.5447 -0.7670 0.3393
vn -0.5392 -0.8067 0.2417
vn -0.5591 -0.7431 0.3676
vn -0.9789 -0.0954 -0.1807
vn -0.9993 0.0328 0.0189
vn -0.8539 0.2985 0.4263
vn 0.8884 0.2386 0.3922
vn 0.9981 -0.0463 -0.0412
vn 0.9542 -0.1737 -0.2434
vn 0.0049 0.5551 0.8318
vn 0.5186 0.4649 0.7176
vn -0.4918 0.4896 0.7200
vn -0.8821 -0.4676 0.0568
vn -0.9999 0.0017 -0.0157
vn -0.8714 0.4756 -0.1200
vn 0.8832 0.4598 -0.0926
vn 0.9997 -0.0216 0.0142
vn 0.8713 -0.4841 0.0806
vn 0.0053 0.9695 -0.2449
vn 0.5074 0.8383 -0.1998
vn -0.4937 0.8426 -0.2149
vn 0.5172 -0.8486 0.1114
vn -0.0022 -0.9933 0.1158
vn -0.5266 -0.8444 0.0986
vn 0.8644 0.0601 0.4991
vn 0.8647 0.0589 0.4988
vn 0.9987 0.0514 -0.0008
vn 0.9986 0.0521 -0.0049
vn 0.8661 0.0567 0.4967
vn 0.9987 0.0502 -0.0033
vn 0.8641 0.0302 -0.5023
vn 0.8653 0.0302 -0.5003
vn 0.8611 0.0299 -0.5075
vn -0.8646 -0.0599 -0.4989
vn -0.8649 -0.0587 -0.4985
vn -0.9987 -0.0514 0.0010
vn -0.9986 -0.0522 -0.0045
vn -0.8657 -0.0565 -0.4974
vn -0.9987 -0.0504 0.0036
vn -0.8634 -0.0311 0.5035
vn -0.8650 -0.0305 0.5009
vn -0.8699 -0.0309 0.4923
vn -0.0087 -0.0301 -0.9995
vn 0.0003 -0.0286 -0.9996
vn -0.4992 -0.0503 -0.8650
vn -0.5032 -0.0519 -0.8626
vn -0.0000 -0.0262 -0.9997
vn -0.4998 -0.0476 -0.8649
vn 0.4997 0.0009 -0.8662
vn 0.4914 -0.0002 -0.8710
vn 0.4987 0.0022 -0.8667
vn -0.8534 -0.0308 0.5203
vn -0.9961 -0.0507 -0.0724
vn -0.8671 -0.0527 -0.4953
vn -0.9956 -0.0504 -0.0788
vn -0.8697 -0.0383 -0.4920
vn -0.4992 -0.0015 0.8665
vn -0.5082 -0.0012 0.8612
vn -0.4973 -0.0034 0.8676
vn 0.0007 0.0254 0.9997
vn 0.0002 0.0282 0.9996
vn -0.0091 0.0292 0.9995
vn 0.4994 0.0504 0.8649
vn 0.4950 0.0516 0.8674
vn 0.5005 0.0476 0.8644
vn 0.8688 0.0376 0.4937
vn 0.8692 -0.0205 0.4941
vn 0.9988 0.0496 -0.0059
vn 0.9987 0.0498 -0.0113
vn 0.8738 -0.1240 0.4702
vn 0.9990 0.0445 -0.0045
vn 0.8606 0.1961 -0.4701
vn 0.8609 0.1014 -0.4985
vn 0.8593 0.0468 -0.5094
vn 0.4972 0.1242 -0.8587
vn 0.4940 0.0305 -0.8689
vn 0.4992 0.2952 -0.8146
vn -0.0023 0.3180 -0.9481
vn -0.0013 0.1152 -0.9933
vn -0.0009 0.0068 -1.0000
vn -0.5092 0.0769 -0.8572
vn -0.5010 -0.0180 -0.8652
vn -0.5178 0.2530 -0.8173
vn -0.8870 0.1141 -0.4475
vn -0.8790 0.0169 -0.4765
vn -0.9982 -0.0499 0.0340
vn -0.9978 -0.0545 0.0390
vn -0.9570 -0.1301 0.2592
vn -0.9590 -0.0816 0.2713
vn -0.9602 -0.0571 0.2735
vn -0.0004 -0.0199 -0.9998
vn 0.4966 0.0074 -0.8680
vn 0.8619 0.0329 -0.5061
vn 0.8677 0.0528 0.4942
vn 0.9987 0.0497 -0.0078
vn 0.7128 -0.0570 0.6991
vn 0.7207 -0.1973 0.6646
vn 0.7066 0.0261 0.7072
vn 0.0097 0.0243 0.9997
vn -0.4837 -0.0038 0.8752
vn 0.5762 0.0459 0.8160
vn 0.8561 -0.4600 0.2355
vn 0.8495 -0.5094 0.1372
vn 0.9998 -0.0183 -0.0093
vn 1.0000 -0.0044 0.0009
vn 0.8463 -0.5319 0.0294
vn 0.9997 -0.0214 -0.0142
vn 0.8708 0.4897 -0.0433
vn 0.8663 0.4771 -0.1479
vn 0.8613 0.4525 -0.2312
vn 0.4956 0.8352 -0.2385
vn 0.4904 0.7768 -0.3950
vn 0.5006 0.8642 -0.0503
vn -0.0032 0.9990 -0.0440
vn -0.0029 0.9640 -0.2658
vn -0.0033 0.8902 -0.4556
vn -0.5063 0.8323 -0.2258
vn -0.5074 0.7648 -0.3970
vn -0.5074 0.8611 -0.0330
vn -0.8732 0.4871 -0.0138
vn -0.8734 0.4715 -0.1221
vn -0.8760 0.4270 -0.2244
vn -0.9997 -0.0165 0.0195
vn -0.9996 -0.0252 0.0141
vn -0.9997 -0.0190 0.0165
vn -0.8460 -0.5306 0.0525
vn -0.8467 -0.5069 0.1614
vn -0.8448 -0.4724 0.2512
vn -0.4676 -0.8458 0.2567
vn -0.4702 -0.7806 0.4118
vn -0.4641 -0.8824 0.0773
vn 0.0021 -0.9967 0.0816
vn 0.0028 -0.9591 0.2830
vn 0.0042 -0.8865 0.4627
vn -0.0051 0.6567 -0.7541
vn -0.0045 0.7862 -0.6179
vn -0.5118 0.6668 -0.5417
vn -0.5154 0.5497 -0.6574
vn -0.8807 0.3595 -0.3085
vn -0.8847 0.2851 -0.3688
vn 0.8551 0.3592 -0.3739
vn 0.8572 0.4152 -0.3047
vn 0.4886 0.6934 -0.5295
vn 0.4899 0.5847 -0.6467
vn 0.8734 -0.3071 0.3778
vn 0.8652 -0.3888 0.3167
vn 0.9998 0.0167 0.0053
vn 0.9995 0.0331 -0.0010
vn 0.4734 -0.8467 0.2427
vn 0.4830 -0.7779 0.4020
vn 0.4672 -0.8817 0.0655
vn -0.9990 -0.0419 0.0133
vn -0.9984 -0.0531 0.0216
vn -0.8413 -0.4286 0.3294
vn -0.8390 -0.3707 0.3984
vn -0.5412 -0.6796 0.4952
vn -0.6757 -0.4928 0.5483
vn 0.0061 -0.8389 0.5443
vn 0.5675 -0.6634 0.4877
vn 0.7171 -0.4469 0.5348
vn -0.0056 0.9211 0.3894
vn -0.0047 0.8544 0.5196
vn -0.4966 0.7498 0.4373
vn -0.5031 0.7996 0.3279
vn 0.0011 0.8288 0.5596
vn -0.4761 0.7380 0.4782
vn -0.8483 0.4546 0.2717
vn -0.8673 0.4392 0.2344
vn -0.8719 0.4577 0.1739
vn 0.8654 0.4621 0.1940
vn 0.8583 0.4314 0.2777
vn 0.4858 0.7421 0.4617
vn 0.4928 0.8013 0.3393
vn 0.8417 0.4365 0.3178
vn 0.4736 0.7232 0.5027
vn 0.8475 -0.5001 -0.1782
vn 0.8549 -0.4627 -0.2346
vn 0.9998 -0.0104 0.0193
vn 0.9999 -0.0145 0.0020
vn 0.8737 -0.4253 -0.2362
vn 0.9989 0.0156 0.0438
vn -0.9996 -0.0048 -0.0288
vn -0.9996 -0.0188 -0.0199
vn -0.9995 0.0289 -0.0114
vn -0.8651 -0.4152 -0.2815
vn -0.8477 -0.4558 -0.2713
vn -0.8425 -0.5020 -0.1954
vn -0.4699 -0.7739 -0.4246
vn -0.4602 -0.8344 -0.3033
vn -0.4877 -0.7421 -0.4598
vn 0.0063 -0.8597 -0.5107
vn 0.0029 -0.8841 -0.4673
vn 0.0026 -0.9428 -0.3334
vn 0.4771 -0.7794 -0.4060
vn 0.4657 -0.8346 -0.2941
vn 0.4996 -0.7485 -0.4361
vn 0.8772 -0.2224 0.4255
vn 0.9991 0.0410 -0.0077
vn 0.8559 0.2879 -0.4297
vn -0.8867 0.2091 -0.4124
vn -0.9980 -0.0558 0.0312
vn -0.8842 -0.2797 0.3741
vn -0.0040 0.5092 -0.8606
vn -0.5176 0.4201 -0.7454
vn 0.4935 0.4577 -0.7396
vn -0.6752 -0.4455 0.5880
vn 0.7225 -0.3327 0.6060
vn 0.8458 -0.5274 -0.0810
vn 0.9998 -0.0181 -0.0103
vn 0.8709 0.4856 0.0761
vn -0.8735 0.4789 0.0877
vn -0.9997 -0.0229 0.0009
vn -0.8443 -0.5307 -0.0737
vn -0.0046 0.9825 0.1862
vn -0.5073 0.8468 0.1600
vn 0.5004 0.8522 0.1528
vn -0.4607 -0.8795 -0.1189
vn 0.0019 -0.9910 -0.1335
vn 0.4643 -0.8772 -0.1220
vn 0.8332 0.5490 0.0662
vn 0.8421 0.5322 0.0872
vn 0.6533 0.7482 0.1157
vn 0.6509 0.7545 0.0840
vn 0.9812 -0.1929 -0.0109
vn 0.9811 -0.1931 -0.0154
vn 0.9989 0.0435 0.0187
vn 0.9983 0.0554 0.0158
vn -0.2278 -0.9116 -0.3423
vn -0.2384 -0.8656 -0.4403
vn 0.0296 -0.8911 -0.4529
vn 0.0113 -0.9296 -0.3683
vn -0.2229 -0.9286 -0.2967
vn -0.0531 -0.9607 -0.2724
vn -0.2097 -0.9622 -0.1740
vn -0.2137 -0.9529 -0.2153
vn -0.0851 -0.9794 -0.1830
vn -0.2058 -0.9691 -0.1360
vn -0.0834 -0.9920 -0.0953
vn 0.0052 -0.6132 -0.7899
vn -0.0001 -0.5350 -0.8449
vn 0.2833 -0.5221 -0.8045
vn 0.2874 -0.5797 -0.7625
vn 0.2839 0.5001 0.8181
vn 0.2891 0.4291 0.8558
vn 0.0071 0.4520 0.8920
vn 0.0022 0.5274 0.8496
vn 0.2799 0.5379 0.7952
vn -0.0112 0.5660 0.8243
vn -0.2811 0.5124 0.8115
vn -0.2831 0.5483 0.7869
vn -0.2773 0.4382 0.8550
vn 0.0124 -0.6910 -0.7227
vn 0.2940 -0.6596 -0.6917
vn -0.2845 -0.5092 -0.8123
vn -0.2867 -0.4716 -0.8339
vn 0.0138 -0.5031 -0.8641
vn -0.2819 -0.5444 -0.7900
vn -0.2704 -0.6613 -0.6997
vn -0.2747 -0.6214 -0.7337
vn -0.2604 -0.7359 -0.6250
vn -0.2121 -0.7402 -0.6381
vn -0.2825 0.1909 0.9401
vn -0.2840 0.1295 0.9500
vn -0.5322 0.1180 0.8384
vn -0.5318 0.1739 0.8288
vn -0.2848 0.0664 0.9563
vn -0.5317 0.0592 0.8448
vn -0.7368 0.0484 0.6743
vn -0.7378 0.0976 0.6679
vn -0.7373 0.1438 0.6601
vn -0.2812 0.2233 0.9333
vn -0.5308 0.2023 0.8230
vn -0.7365 0.1670 0.6555
vn -0.0121 0.0439 -0.9990
vn -0.0131 0.0379 -0.9992
vn 0.5110 0.0685 -0.8568
vn 0.5111 0.0790 -0.8559
vn -0.0226 0.0347 -0.9991
vn 0.5073 0.0623 -0.8595
vn 0.8714 0.0714 -0.4854
vn 0.8705 0.0789 -0.4857
vn 0.8697 0.0908 -0.4851
vn 0.9975 0.0693 -0.0103
vn 0.9968 0.0798 -0.0101
vn 0.9981 0.0621 -0.0053
vn 0.8785 0.0374 0.4762
vn 0.8825 0.0427 0.4683
vn 0.8825 0.0493 0.4676
vn 0.5315 0.0038 0.8470
vn 0.5321 0.0047 0.8467
vn 0.5226 0.0016 0.8526
vn -0.0002 -0.0361 0.9993
vn 0.0101 -0.0381 0.9992
vn 0.0104 -0.0436 0.9990
vn -0.5132 -0.0687 0.8555
vn -0.5126 -0.0789 0.8550
vn -0.5180 -0.0628 0.8530
vn -0.8714 -0.0714 0.4854
vn -0.8711 -0.0789 0.4848
vn -0.8700 -0.0910 0.4846
vn -0.9975 -0.0692 0.0108
vn -0.9967 -0.0799 0.0112
vn -0.9979 -0.0622 0.0156
vn -0.8876 -0.0382 -0.4590
vn -0.8833 -0.0427 -0.4669
vn -0.8831 -0.0493 -0.4666
vn 0.8894 0.0223 0.4566
vn 0.8845 0.0364 0.4651
vn 0.5359 -0.0025 0.8443
vn 0.5433 -0.0094 0.8395
vn 0.0142 -0.0430 0.9990
vn 0.0198 -0.0400 0.9990
vn 0.8706 0.0603 -0.4883
vn 0.8715 0.0775 -0.4843
vn 0.9979 0.0646 -0.0111
vn 0.9987 0.0464 -0.0187
vn -0.0027 0.0424 -0.9991
vn -0.0086 0.0450 -0.9990
vn 0.5146 0.0717 -0.8545
vn 0.5155 0.0602 -0.8548
vn -0.5333 -0.0038 -0.8459
vn -0.5331 -0.0043 -0.8460
vn -0.5422 -0.0031 -0.8403
vn -0.5113 -0.0711 0.8564
vn -0.5123 -0.0592 0.8568
vn -0.8708 -0.0786 0.4854
vn -0.8741 -0.0612 0.4818
vn -0.9978 -0.0658 0.0109
vn -0.9989 -0.0475 0.0042
vn -0.8830 -0.0364 -0.4679
vn -0.8795 -0.0216 -0.4754
vn -0.5312 0.0037 -0.8472
vn -0.5247 0.0114 -0.8512
vn 0.8244 0.5658 0.0168
vn 0.8295 0.5578 0.0301
vn 0.6470 0.7615 0.0377
vn 0.6458 0.7632 0.0216
vn 0.9812 -0.1928 -0.0062
vn 0.9884 0.1512 0.0112
vn 0.9477 0.3191 0.0104
vn -0.1963 -0.9796 -0.0424
vn -0.1986 -0.9780 -0.0631
vn -0.0700 -0.9969 -0.0371
vn -0.1804 -0.9755 0.1257
vn -0.0806 -0.9897 0.1181
vn -0.2496 -0.8051 -0.5380
vn -0.0726 -0.8392 -0.5389
vn 0.0090 0.3829 0.9237
vn -0.2758 0.3703 0.8870
vn 0.0121 0.3500 0.9367
vn -0.2756 0.3383 0.8998
vn 0.2928 0.3637 0.8843
vn 0.2944 0.3326 0.8959
vn -0.2923 -0.3774 -0.8787
vn -0.2952 -0.3574 -0.8861
vn -0.0191 -0.3756 -0.9266
vn -0.0116 -0.4021 -0.9155
vn -0.2901 -0.4057 -0.8667
vn -0.2001 -0.4158 -0.8872
vn -0.2849 0.0331 0.9580
vn -0.5278 0.0282 0.8489
vn -0.7355 0.0211 0.6771
vn -0.8645 0.0602 -0.4991
vn -0.8648 0.0589 -0.4987
vn -0.9987 0.0515 0.0007
vn -0.9986 0.0519 0.0050
vn -0.8640 0.0577 -0.5002
vn -0.9987 0.0508 -0.0063
vn -0.8706 0.0305 0.4911
vn -0.8654 0.0302 0.5002
vn -0.8612 0.0300 0.5074
vn 0.8645 -0.0599 0.4991
vn 0.8649 -0.0587 0.4985
vn 0.9987 -0.0515 -0.0008
vn 0.9986 -0.0524 0.0045
vn 0.9987 -0.0506 -0.0094
vn 0.8589 -0.0303 -0.5112
vn 0.8649 -0.0306 -0.5010
vn 0.8697 -0.0310 -0.4926
vn 0.0087 -0.0303 0.9995
vn -0.0002 -0.0286 0.9996
vn 0.4992 -0.0503 0.8650
vn 0.5034 -0.0519 0.8625
vn -0.4999 0.0009 0.8661
vn -0.4918 -0.0003 0.8707
vn -0.5083 0.0022 0.8612
vn 0.4994 -0.0015 -0.8664
vn 0.5082 -0.0011 -0.8612
vn 0.4897 -0.0018 -0.8719
vn -0.0094 0.0275 -0.9996
vn -0.0002 0.0283 -0.9996
vn 0.0089 0.0293 -0.9995
vn -0.4996 0.0504 -0.8648
vn -0.4953 0.0518 -0.8672
vn -0.5029 0.0491 -0.8630
vn -0.9703 0.0452 -0.2378
vn -0.9733 0.0162 -0.2291
vn -0.9988 0.0495 0.0056
vn -0.9987 0.0497 0.0111
vn -0.9764 -0.0321 -0.2134
vn -0.9990 0.0446 0.0050
vn -0.8607 0.1960 0.4699
vn -0.8609 0.1014 0.4985
vn -0.8593 0.0468 0.5094
vn -0.4973 0.1241 0.8586
vn -0.4942 0.0305 0.8688
vn -0.4993 0.2951 0.8146
vn 0.0024 0.3178 0.9482
vn 0.0012 0.1152 0.9933
vn 0.5090 0.0769 0.8573
vn 0.5178 0.2527 0.8173
vn 0.8869 0.1140 0.4478
vn 0.8790 0.0168 0.4766
vn 0.9982 -0.0499 -0.0339
vn 0.9956 -0.0503 0.0791
vn 0.9977 -0.0547 -0.0390
vn 0.9570 -0.1300 -0.2594
vn 0.9591 -0.0815 -0.2712
vn 0.9602 -0.0571 -0.2735
vn -0.8517 0.0346 0.5229
vn -0.4834 0.0109 0.8753
vn -0.9693 0.0517 -0.2405
vn -0.9985 0.0493 0.0248
vn 0.9686 -0.0514 0.2434
vn -0.8560 -0.4602 -0.2356
vn -0.8495 -0.5094 -0.1373
vn -0.9998 -0.0183 0.0093
vn -1.0000 -0.0043 -0.0009
vn -0.8463 -0.5319 -0.0294
vn -0.9997 -0.0214 0.0142
vn -0.8708 0.4897 0.0433
vn -0.8665 0.4768 0.1477
vn -0.8613 0.4525 0.2312
vn -0.4953 0.8353 0.2384
vn -0.4906 0.7767 0.3950
vn -0.5005 0.8643 0.0502
vn 0.0032 0.9990 0.0439
vn 0.0028 0.9640 0.2658
vn 0.0031 0.8902 0.4556
vn 0.5063 0.8323 0.2256
vn 0.5076 0.7649 0.3966
vn 0.5072 0.8612 0.0330
vn 0.8731 0.4874 0.0139
vn 0.8734 0.4715 0.1219
vn 0.8759 0.4271 0.2244
vn 0.9997 -0.0166 -0.0197
vn 0.9996 -0.0252 -0.0142
vn 0.9997 -0.0191 -0.0166
vn 0.8461 -0.5304 -0.0526
vn 0.8468 -0.5069 -0.1615
vn 0.8450 -0.4721 -0.2510
vn 0.5384 -0.8150 -0.2142
vn 0.6771 -0.6489 -0.3471
vn 0.4642 -0.8823 -0.0774
vn -0.0020 -0.9967 -0.0816
vn -0.0061 -0.9825 -0.1860
vn 0.0049 0.6568 0.7540
vn 0.0043 0.7863 0.6179
vn 0.5116 0.6669 0.5417
vn 0.5158 0.5493 0.6574
vn 0.8806 0.3596 0.3085
vn 0.8846 0.2852 0.3689
vn -0.8551 0.3591 0.3739
vn -0.8572 0.4151 0.3047
vn -0.4888 0.6933 0.5295
vn -0.4900 0.5846 0.6466
vn -0.9760 -0.1249 -0.1783
vn -0.9062 -0.3417 -0.2491
vn -0.9998 0.0167 -0.0052
vn -0.9995 0.0331 0.0010
vn -0.4672 -0.8817 -0.0655
vn -0.5461 -0.8144 -0.1964
vn -0.6915 -0.6421 -0.3310
vn 0.9990 -0.0419 -0.0132
vn 0.9984 -0.0531 -0.0217
vn 0.8415 -0.4284 -0.3292
vn 0.8839 -0.3375 -0.3239
vn 0.6759 -0.5789 -0.4561
vn 0.6739 -0.5399 -0.5044
vn -0.6959 -0.6022 -0.3912
vn 0.0057 0.9211 -0.3894
vn 0.0049 0.8544 -0.5196
vn 0.4965 0.7498 -0.4373
vn 0.5031 0.7996 -0.3278
vn -0.0009 0.8288 -0.5596
vn 0.4762 0.7380 -0.4782
vn 0.8480 0.4548 -0.2721
vn 0.8671 0.4395 -0.2346
vn 0.8718 0.4579 -0.1739
vn -0.8653 0.4621 -0.1941
vn -0.8583 0.4314 -0.2779
vn -0.4858 0.7421 -0.4619
vn -0.4927 0.8013 -0.3393
vn -0.8417 0.4363 -0.3180
vn -0.4736 0.7231 -0.5028
vn -0.8474 -0.5001 0.1782
vn -0.8551 -0.4625 0.2344
vn -0.9998 -0.0107 -0.0192
vn -0.9999 -0.0145 -0.0020
vn -0.8739 -0.4251 0.2358
vn -0.9989 0.0155 -0.0442
vn 0.9996 -0.0045 0.0287
vn 0.9996 -0.0187 0.0201
vn 0.9995 0.0291 0.0111
vn 0.8649 -0.4154 0.2817
vn 0.8477 -0.4559 0.2714
vn 0.8426 -0.5018 0.1955
vn 0.4697 -0.7740 0.4247
vn 0.4600 -0.8345 0.3034
vn 0.4874 -0.7422 0.4600
vn -0.0063 -0.8597 0.5108
vn -0.0029 -0.8841 0.4673
vn -0.0023 -0.9428 0.3335
vn -0.4770 -0.7796 0.4060
vn -0.4655 -0.8347 0.2944
vn -0.4996 -0.7486 0.4360
vn 0.5119 0.0014 0.8590
vn 0.7035 -0.0250 0.7102
vn -0.9775 -0.0801 -0.1952
vn -0.9991 0.0410 0.0077
vn -0.8559 0.2878 0.4297
vn 0.8865 0.2091 0.4127
vn 0.9980 -0.0557 -0.0311
vn 0.9556 -0.1744 -0.2373
vn 0.0041 0.5091 0.8607
vn 0.5172 0.4201 0.7456
vn -0.4934 0.4576 0.7397
vn -0.8458 -0.5274 0.0810
vn -0.9998 -0.0181 0.0103
vn -0.8709 0.4856 -0.0761
vn 0.8735 0.4789 -0.0877
vn 0.9997 -0.0226 -0.0009
vn 0.8443 -0.5308 0.0737
vn 0.0047 0.9825 -0.1862
vn 0.5072 0.8468 -0.1599
vn -0.5003 0.8522 -0.1528
vn 0.4609 -0.8795 0.1188
vn -0.0020 -0.9910 0.1336
vn -0.4642 -0.8773 0.1220
vn 0.8516 0.0989 0.5147
vn 0.8617 0.0909 0.4992
vn 0.9917 0.1286 0.0027
vn 0.9903 0.1385 0.0092
vn 0.8636 0.0762 0.4983
vn 0.9935 0.1136 -0.0000
vn 0.8598 0.1208 -0.4961
vn 0.8596 0.1324 -0.4934
vn 0.8555 0.1394 -0.4987
vn -0.8687 -0.1024 -0.4846
vn -0.8610 -0.0908 -0.5004
vn -0.9916 -0.1292 -0.0018
vn -0.9903 -0.1390 0.0038
vn -0.8630 -0.0759 -0.4994
vn -0.9935 -0.1141 0.0002
vn -0.8586 -0.1218 0.4980
vn -0.8580 -0.1330 0.4962
vn -0.8609 -0.1403 0.4891
vn -0.0234 0.0367 -0.9991
vn 0.0015 0.0427 -0.9991
vn -0.4978 -0.0278 -0.8668
vn -0.5179 -0.0384 -0.8546
vn 0.0006 0.0459 -0.9989
vn -0.4988 -0.0172 -0.8665
vn 0.4988 0.1012 -0.8608
vn 0.4837 0.1025 -0.8692
vn 0.4978 0.0962 -0.8620
vn -0.4957 -0.1012 0.8626
vn -0.5111 -0.1058 0.8530
vn -0.4957 -0.0970 0.8631
vn 0.0016 -0.0459 0.9989
vn 0.0020 -0.0419 0.9991
vn -0.0234 -0.0432 0.9988
vn 0.5004 0.0286 0.8653
vn 0.4798 0.0323 0.8768
vn 0.5008 0.0178 0.8654
vn 0.8509 0.1009 -0.5155
vn 0.8580 0.0960 -0.5046
vn 0.4961 0.0919 -0.8634
vn 0.4140 0.0823 -0.9065
vn 0.8587 0.0966 -0.5033
vn 0.4963 0.1235 -0.8593
vn 0.0015 0.1184 -0.9930
vn 0.0010 0.0636 -0.9980
vn 0.0002 0.0490 -0.9988
vn 0.8637 0.1170 -0.4902
vn 0.4257 0.0880 -0.9006
vn -0.0001 0.0472 -0.9989
vn -0.4832 -0.0945 0.8704
vn 0.0196 -0.0452 0.9988
vn -0.8541 -0.1178 0.5065
vn -0.5003 -0.0418 -0.8649
vn 0.9731 0.0109 0.2301
vn 0.9747 -0.0467 0.2184
vn 0.9998 0.0109 -0.0161
vn 0.9990 0.0426 -0.0134
vn 0.9146 -0.1882 0.3580
vn 0.9997 -0.0059 -0.0219
vn 0.8597 0.1890 -0.4746
vn 0.8593 0.1263 -0.4956
vn 0.4966 0.2075 -0.8428
vn 0.4963 0.3364 -0.8004
vn -0.0019 0.3973 -0.9177
vn 0.0007 0.2356 -0.9718
vn -0.5081 0.2008 -0.8376
vn -0.5041 0.0823 -0.8597
vn -0.5122 0.3487 -0.7849
vn -0.8822 0.1987 -0.4268
vn -0.8799 0.1079 -0.4628
vn -0.8753 0.0227 -0.4831
vn -0.9991 -0.0159 0.0387
vn -0.9987 -0.0442 0.0264
vn -0.9989 -0.0040 0.0472
vn -0.8435 -0.1985 0.4990
vn -0.8900 -0.1299 0.4371
vn -0.9598 -0.0731 0.2712
vn -0.6817 -0.2749 0.6780
vn -0.6806 -0.2214 0.6984
vn 0.9685 0.0734 0.2380
vn 0.9702 0.0561 0.2359
vn 0.9972 0.0744 -0.0124
vn 0.9959 0.0888 -0.0170
vn 0.8693 0.0721 0.4891
vn 0.9941 0.1088 -0.0024
vn 0.8637 -0.4598 0.2065
vn 0.8611 -0.4951 0.1159
vn 0.9997 -0.0212 -0.0158
vn 0.9996 -0.0210 -0.0199
vn 0.8671 -0.4977 0.0219
vn 0.9999 -0.0146 -0.0063
vn 0.8783 0.4780 -0.0068
vn 0.8785 0.4587 -0.1337
vn 0.8752 0.4226 -0.2354
vn 0.5180 0.8277 -0.2159
vn 0.5159 0.7624 -0.3906
vn 0.5097 0.8603 0.0088
vn -0.0050 0.9998 0.0200
vn -0.0039 0.9710 -0.2390
vn -0.0029 0.8972 -0.4416
vn -0.5217 0.8315 -0.1906
vn -0.5209 0.7715 -0.3652
vn -0.5158 0.8564 0.0221
vn -0.8804 0.4741 0.0126
vn -0.8792 0.4668 -0.0950
vn -0.8791 0.4367 -0.1908
vn -0.9996 -0.0143 0.0250
vn -0.9994 -0.0087 0.0335
vn -0.9998 -0.0190 0.0113
vn -0.8653 -0.5001 0.0338
vn -0.8598 -0.4887 0.1483
vn -0.8571 -0.4485 0.2534
vn -0.4967 -0.8341 0.2397
vn -0.4938 -0.7676 0.4086
vn -0.5056 -0.8604 0.0635
vn 0.0003 -0.9971 0.0756
vn 0.0007 -0.9633 0.2683
vn 0.0020 -0.8895 0.4570
vn -0.0045 0.6897 -0.7240
vn -0.0039 0.8042 -0.5944
vn -0.5191 0.6929 -0.5005
vn -0.5164 0.5974 -0.6136
vn -0.8807 0.3911 -0.2672
vn -0.8819 0.3372 -0.3295
vn 0.8634 0.3279 -0.3835
vn 0.8697 0.3797 -0.3152
vn 0.5084 0.6838 -0.5234
vn 0.5003 0.5867 -0.6368
vn 0.8729 -0.3431 0.3468
vn 0.8692 -0.4049 0.2840
vn 0.9996 -0.0159 -0.0235
vn 0.9996 -0.0105 -0.0270
vn 0.4980 -0.8383 0.2219
vn 0.5002 -0.7770 0.3821
vn 0.5067 -0.8602 0.0578
vn -0.9992 -0.0069 0.0404
vn -0.9989 -0.0065 0.0460
vn -0.8532 -0.3943 0.3414
vn -0.8483 -0.3363 0.4090
vn -0.5600 -0.6577 0.5038
vn -0.6884 -0.4664 0.5554
vn 0.0107 -0.8382 0.5452
vn 0.5811 -0.6686 0.4640
vn 0.7183 -0.4777 0.5058
vn -0.0047 0.9225 0.3859
vn -0.0043 0.8859 0.4639
vn -0.5357 0.7577 0.3727
vn -0.5098 0.7992 0.3185
vn -0.0003 0.8724 0.4888
vn -0.5323 0.7487 0.3951
vn -0.8857 0.4215 0.1946
vn -0.8914 0.4162 0.1794
vn -0.8837 0.4410 0.1565
vn 0.8741 0.4494 0.1846
vn 0.8789 0.4226 0.2214
vn 0.5226 0.7560 0.3942
vn 0.4986 0.8005 0.3326
vn 0.8731 0.4248 0.2394
vn 0.5240 0.7428 0.4167
vn 0.8889 -0.4391 -0.1303
vn 0.8925 -0.4165 -0.1730
vn 0.9997 0.0032 0.0232
vn 0.9999 0.0015 0.0165
vn 0.9029 -0.3916 -0.1771
vn 0.9991 0.0216 0.0354
vn -0.9996 -0.0088 -0.0278
vn -0.9998 -0.0115 -0.0185
vn -0.9997 0.0102 -0.0213
vn -0.8885 -0.3987 -0.2272
vn -0.8799 -0.4229 -0.2166
vn -0.8795 -0.4479 -0.1612
vn -0.5328 -0.7644 -0.3631
vn -0.5292 -0.8075 -0.2606
vn -0.5425 -0.7414 -0.3950
vn 0.0061 -0.8894 -0.4570
vn 0.0031 -0.9098 -0.4150
vn 0.0023 -0.9564 -0.2920
vn 0.5444 -0.7670 -0.3397
vn 0.5381 -0.8071 -0.2431
vn 0.5591 -0.7430 -0.3679
vn 0.8733 -0.2769 0.4009
vn 0.9996 -0.0087 -0.0271
vn 0.8600 0.2633 -0.4372
vn -0.8825 0.2751 -0.3815
vn -0.9988 -0.0046 0.0487
vn -0.8447 -0.2719 0.4610
vn -0.0038 0.5553 -0.8317
vn -0.5142 0.4847 -0.7076
vn 0.4964 0.4705 -0.7295
vn -0.6833 -0.3766 0.6255
vn 0.7171 -0.3850 0.5809
vn 0.7144 -0.3357 0.6140
vn 0.8794 -0.4719 -0.0630
vn 1.0000 -0.0041 0.0062
vn 0.8745 0.4723 0.1100
vn -0.8802 0.4634 0.1029
vn -0.9999 -0.0159 -0.0046
vn -0.8741 -0.4800 -0.0743
vn -0.0052 0.9695 0.2449
vn -0.5051 0.8381 0.2061
vn 0.4961 0.8428 0.2087
vn -0.5196 -0.8475 -0.1086
vn 0.0012 -0.9933 -0.1158
vn 0.5243 -0.8455 -0.1014
vn 0.5142 0.0160 0.8575
vn -0.4272 0.0056 -0.9041
vn -0.4177 -0.0019 -0.9086
vn -0.8595 -0.0699 -0.5064
vn -0.5020 0.0179 -0.8647
vn -0.8706 -0.0331 -0.4909
vn -0.8701 -0.0521 -0.4902
vn -0.9970 -0.0752 0.0164
vn -0.9600 -0.0885 0.2658
vn -0.9598 -0.0987 0.2629
vn -0.9960 -0.0887 0.0067
vn -0.9941 -0.1089 0.0016
vn 0.1717 0.0271 0.9848
vn 0.1698 0.0319 0.9850
vn 0.6558 0.0243 0.7546
vn 0.6584 0.0187 0.7524
vn 0.1699 0.0467 0.9844
vn 0.6559 0.0393 0.7539
vn 0.9422 0.0216 0.3344
vn 0.9421 0.0105 0.3352
vn 0.9435 0.0056 0.3315
vn -0.1681 -0.0278 -0.9854
vn -0.1698 -0.0326 -0.9849
vn -0.6551 -0.0246 -0.7551
vn -0.6526 -0.0192 -0.7574
vn -0.1692 -0.0469 -0.9845
vn -0.6545 -0.0396 -0.7550
vn -0.9412 -0.0223 -0.3372
vn -0.9416 -0.0107 -0.3366
vn -0.9403 -0.0061 -0.3402
vn 0.7917 -0.0234 -0.6105
vn 0.7931 -0.0333 -0.6082
vn 0.3755 -0.0553 -0.9252
vn 0.3734 -0.0407 -0.9268
vn 0.8001 -0.0401 -0.5986
vn 0.2951 -0.0659 -0.9532
vn -0.1694 -0.0692 -0.9831
vn -0.1682 -0.0626 -0.9838
vn 0.7906 -0.0209 -0.6120
vn 0.7921 -0.0208 -0.6101
vn 0.3734 -0.0311 -0.9272
vn 0.3727 -0.0284 -0.9275
vn 0.9423 0.0268 0.3337
vn 0.9884 -0.0037 -0.1519
vn 0.9882 -0.0008 -0.1530
vn 0.9381 0.0264 0.3454
vn 0.9902 -0.0080 -0.1392
vn 0.9883 -0.0057 -0.1522
vn 0.9878 -0.0084 -0.1554
vn 0.1713 0.0645 0.9831
vn 0.6570 0.0522 0.7521
vn 0.1684 0.0722 0.9831
vn 0.6507 0.0562 0.7573
vn -0.6545 -0.0520 -0.7543
vn -0.5926 -0.0577 -0.8035
vn -0.9455 -0.0262 -0.3246
vn -0.9412 -0.0281 -0.3367
vn -0.9886 0.0053 0.1504
vn -0.9891 0.0080 0.1471
vn -0.9887 -0.0001 0.1496
vn -0.7936 0.0225 0.6080
vn -0.7932 0.0200 0.6086
vn -0.7947 0.0203 0.6066
vn -0.9888 0.0023 0.1494
vn -0.9870 0.0081 0.1608
vn -0.7878 0.0419 0.6144
vn -0.7939 0.0333 0.6072
vn -0.3744 0.0302 0.9268
vn -0.3749 0.0276 0.9266
vn -0.3745 0.0403 0.9264
vn -0.3744 0.0572 0.9255
vn -0.3707 0.0665 0.9264
vn -0.4474 -0.0624 -0.8921
vn -0.1737 -0.0696 -0.9823
vn -0.1354 -0.5223 0.8419
vn -0.1361 -0.5552 0.8205
vn 0.0045 -0.5163 0.8564
vn -0.1347 -0.4579 0.8787
vn 0.0897 -0.4612 0.8828
vn -0.1347 -0.3953 0.9086
vn 0.0882 -0.4016 0.9115
vn -0.1358 -0.3266 0.9354
vn 0.0849 -0.3375 0.9375
vn -0.1464 -0.8929 0.4257
vn -0.1532 -0.9268 0.3428
vn 0.0858 -0.9381 0.3356
vn 0.0877 -0.9036 0.4192
vn -0.1439 -0.8495 0.5076
vn 0.0894 -0.8575 0.5067
vn -0.1416 -0.7972 0.5869
vn 0.0902 -0.8046 0.5869
vn -0.1396 -0.7358 0.6626
vn 0.0912 -0.7332 0.6739
vn 0.1208 -0.0707 -0.9902
vn -0.1048 -0.2642 0.9588
vn 0.0443 -0.2826 0.9582
vn -0.6345 0.0001 0.7729
vn -0.6345 -0.0000 0.7729
vn -0.6345 -0.0002 0.7729
vn -0.6356 -0.0009 0.7720
vn -0.7211 0.1964 0.6644
vn -0.7222 0.1956 0.6634
vn -0.9878 0.0015 -0.1556
vn -0.9474 0.0715 -0.3120
vn -0.9466 0.0679 -0.3150
vn -0.9576 0.0192 -0.2875
vn -0.9840 0.0015 -0.1781
vn -1.0000 0.0097 -0.0000
vn -0.9481 0.1476 0.2816
vn -0.7730 -0.0000 0.6344
vn -0.1382 -0.6667 0.7324
vn 0.0921 -0.6636 0.7424
vn -0.1373 -0.6300 0.7644
vn 0.0933 -0.6319 0.7694
vn -0.4702 0.0011 0.8826
vn -0.4729 -0.0005 0.8811
vn -0.4713 -0.0000 0.8819
vn -0.7334 0.2782 0.6203
vn -0.7335 0.2797 0.6194
vn -0.9073 0.4205 -0.0000
vn -0.9481 0.1476 -0.2816
vn -0.9482 0.1471 -0.2815
vn -0.3351 -0.9421 -0.0068
vn -0.3346 -0.9422 -0.0186
vn -0.3307 -0.9416 0.0638
vn -0.3330 -0.9392 0.0841
vn -0.9578 0.0316 0.2858
vn -0.9563 0.0439 0.2891
vn -0.9472 0.0687 0.3131
vn -0.2080 -0.1860 0.9603
vn -0.2084 -0.1860 0.9602
vn -0.1426 0.9893 -0.0293
vn -0.1431 0.9893 -0.0293
vn -0.4535 0.5305 0.7162
vn -0.4527 0.5321 0.7155
vn -0.4539 0.5304 0.7160
vn -0.3278 0.9448 -0.0000
vn -0.7330 0.2782 -0.6207
vn -0.7333 0.2779 -0.6205
vn -0.7211 0.1965 -0.6644
vn -0.7208 0.1967 -0.6647
vn -0.7226 0.1954 -0.6631
vn -0.6348 0.0002 -0.7727
vn -0.6345 0.0002 -0.7729
vn -0.6359 -0.0012 -0.7718
vn -0.2958 -0.5071 0.8095
vn -0.3244 -0.4898 0.8092
vn -0.2813 -0.5746 0.7686
vn -0.2737 -0.8268 0.4914
vn -0.2744 -0.7777 0.5656
vn -0.9889 -0.1180 -0.0907
vn -0.9930 -0.1185 -0.0000
vn -0.9889 -0.1180 0.0907
vn -0.9976 -0.0076 0.0688
vn -0.9993 -0.0000 -0.0385
vn -0.9976 -0.0076 -0.0688
vn -0.9885 -0.1199 -0.0921
vn -0.9954 -0.0097 -0.0957
vn -0.9885 -0.1199 0.0921
vn -0.9954 -0.0097 0.0957
vn -0.9907 -0.0047 0.1360
vn -0.9885 -0.0000 0.1509
vn -0.8082 0.3599 -0.4662
vn -0.9930 0.0410 -0.1108
vn -0.9992 0.0143 -0.0385
vn -0.9885 -0.0000 -0.1509
vn -0.9907 -0.0047 -0.1360
vn -0.9890 -0.0069 -0.1474
vn -0.9890 -0.0069 0.1474
vn -0.8290 0.5435 0.1314
vn -0.4469 0.7275 -0.5206
vn -0.7217 0.4375 -0.5364
vn -0.8769 0.2524 -0.4092
vn -0.9640 0.1069 -0.2435
vn -0.9877 0.0002 0.1565
vn -0.9850 -0.0000 0.1726
vn -0.9877 0.0003 -0.1565
vn -0.9850 -0.0000 -0.1726
vn 0.9578 -0.0000 0.2875
vn 0.9570 -0.0000 0.2902
vn -0.2757 -0.8925 0.3570
vn 0.1871 -0.9814 -0.0422
vn 0.1946 -0.9807 0.0170
vn 0.4474 -0.3884 0.8056
vn 0.4303 -0.3952 0.8116
vn -0.0885 -0.5469 0.8325
vn -0.3346 0.9302 0.1511
vn 0.2536 0.9643 -0.0769
vn 0.2476 0.9637 -0.1002
vn 0.2318 0.9611 -0.1504
vn 0.2096 0.9567 -0.2018
vn 0.1795 0.9501 -0.2551
vn 0.1396 0.9402 -0.3108
vn 0.0868 0.9253 -0.3692
vn 0.0169 0.9027 -0.4299
vn -0.0755 0.8678 -0.4911
vn -0.1968 0.8133 -0.5476
vn -0.3514 0.7285 -0.5880
vn -0.5343 0.6032 -0.5922
vn -0.7732 -0.0004 -0.6342
vn -0.7730 -0.0000 -0.6343
vn -0.8819 -0.0000 -0.4714
vn -0.8152 -0.2482 0.5234
vn -0.8615 -0.0167 -0.5074
vn 0.6081 -0.7045 0.3659
vn 0.0841 -0.9270 0.3655
vn -0.0920 -0.9519 0.2924
vn -0.2832 -0.3014 -0.9105
vn 0.6278 -0.6887 0.3627
vn -0.8294 -0.0921 0.5510
vn -0.8615 -0.0167 0.5074
vn -0.7709 0.0737 0.6327
vn -0.6689 0.1731 0.7229
vn -0.2487 0.7007 0.6687
vn -0.4816 0.3531 0.8021
vn -0.2817 0.5372 0.7951
vn -0.1045 0.6857 0.7204
vn 0.0308 0.7883 0.6145
vn 0.1250 0.8541 0.5048
vn 0.1874 0.8956 0.4035
vn 0.2271 0.9219 0.3139
vn 0.2510 0.9390 0.2353
vn 0.2636 0.9502 0.1661
vn 0.2681 0.9577 0.1043
vn 0.2687 0.9598 0.0815
vn 0.2644 0.9641 0.0261
vn 0.9977 -0.0000 -0.0673
vn 0.9952 0.0013 0.0975
vn -0.2036 -0.2730 0.9402
vn -0.0701 -0.2415 0.9679
vn 0.9977 -0.0000 0.0673
vn 0.9578 -0.0000 -0.2875
vn 0.2106 -0.0000 -0.9776
vn -0.0009 -0.0026 -1.0000
vn -0.0719 -0.0936 -0.9930
vn 0.8819 -0.0000 -0.4714
vn 0.7728 0.0003 0.6347
vn 0.7730 -0.0000 0.6344
vn 0.6809 -0.0231 0.7320
vn 0.7817 -0.0054 -0.6236
vn 0.7733 0.0002 -0.6341
vn 0.7728 -0.0001 -0.6347
vn 0.7730 -0.0000 -0.6343
vn 0.7731 -0.0003 -0.6342
vn 0.6800 -0.0233 -0.7329
vn -0.2159 -0.9522 -0.2160
vn 0.6343 -0.0205 -0.7728
vn 0.6344 -0.0000 -0.7730
vn 0.6338 -0.0011 -0.7735
vn 0.6352 0.0007 -0.7724
vn 0.4705 0.0007 -0.8824
vn 0.4708 0.0001 -0.8822
vn 0.4714 -0.0000 -0.8819
vn 0.4711 0.0012 -0.8821
vn 0.4715 -0.0000 -0.8818
vn 0.0699 -0.1894 -0.9794
vn 0.4741 -0.0010 -0.8805
vn -0.2743 -0.7154 0.6426
vn -0.2749 -0.6826 0.6771
vn -0.2763 -0.8017 0.5300
vn -0.3298 -0.9416 0.0676
vn -0.3341 -0.9424 -0.0181
vn 0.7543 -0.5516 -0.3560
vn -0.2101 0.0001 0.9777
vn 0.0009 -0.0026 1.0000
vn -0.0699 -0.1894 0.9794
vn -0.0699 -0.1898 0.9793
vn 0.1709 -0.0885 0.9813
vn -0.1157 -0.3660 -0.9234
vn 0.4088 0.0008 0.9126
vn 0.5538 -0.6680 -0.4971
vn 0.0040 -0.7193 -0.6947
vn -0.2095 -0.6471 -0.7330
vn 0.4728 0.0030 -0.8812
vn -0.3361 -0.9370 -0.0951
vn -0.4715 -0.0000 -0.8818
vn -0.6351 0.0021 -0.7724
vn -0.6346 -0.0000 -0.7729
vn -0.6344 -0.0000 -0.7730
vn -0.6349 -0.0000 -0.7726
vn -0.6345 -0.0000 -0.7729
vn -0.2049 -0.9692 -0.1363
vn -0.3479 -0.1737 0.9213
vn -0.7410 -0.0172 -0.6712
vn -0.7781 -0.0338 -0.6273
vn -0.7876 -0.0092 -0.6161
vn -0.7818 -0.0055 0.6235
vn -0.7781 -0.0338 0.6273
vn -0.7509 -0.0120 0.6603
vn 0.7509 -0.0120 -0.6604
vn -0.7731 -0.0000 0.6343
vn -0.7730 -0.0000 0.6343
vn 0.3168 -0.5058 0.8024
vn -0.3464 -0.7745 -0.5293
vn -0.3487 -0.8297 -0.4359
vn -0.2771 -0.5781 0.7674
vn -0.2731 -0.4992 0.8223
vn -0.3198 -0.4299 -0.8444
vn 0.0718 0.1085 -0.9915
vn -0.3374 -0.6503 -0.6806
vn -0.3407 -0.7139 -0.6118
vn -0.9570 -0.0000 -0.2902
vn -0.3470 -0.8744 -0.3393
vn 0.3138 -0.9365 0.1564
vn 0.1892 -0.9767 0.1012
vn -0.3392 -0.9172 -0.2091
vn -0.3385 -0.9247 -0.1743
vn -0.3385 -0.9252 -0.1714
vn -0.3374 -0.9320 -0.1327
vn 0.2478 -0.3041 -0.9198
vn -0.3378 -0.9358 -0.1012
vn -0.2844 -0.6365 0.7169
vn -0.2747 -0.6826 0.6772
vn -0.2973 -0.3634 -0.8829
vn 0.7730 0.0003 -0.6344
vn 0.7730 -0.0000 -0.6344
vn -0.7729 -0.0000 0.6345
vn -0.7000 -0.0340 0.7133
vn -0.2207 -0.9288 -0.2976
vn 0.0381 -0.9194 -0.3916
vn -0.1529 -0.9347 -0.3209
vn -0.6346 -0.0000 0.7729
vn -0.6345 -0.0000 0.7730
vn -0.6355 0.0011 0.7721
vn -0.4707 0.0016 0.8823
vn 0.4713 -0.0000 0.8819
vn -0.3386 -0.9251 -0.1719
vn -0.3386 -0.9253 -0.1710
vn -0.1724 -0.0894 -0.9810
vn -0.3967 -0.0026 -0.9179
vn -0.2777 -0.6200 -0.7338
vn -0.1454 -0.3598 -0.9216
vn -0.2886 -0.4055 -0.8674
vn 0.2902 -0.0000 -0.9570
vn 0.5773 -0.6589 -0.4823
vn 0.4719 0.0028 0.8817
vn -0.4714 -0.0000 -0.8819
vn 0.4688 0.0023 0.8833
vn 0.4696 0.0031 0.8829
vn 0.6355 0.0034 0.7721
vn 0.6341 -0.0007 0.7732
vn 0.6345 -0.0000 0.7730
vn 0.6345 -0.0209 0.7726
vn -0.7730 -0.0000 -0.6344
vn -0.0941 -0.9796 -0.1775
vn 0.7733 -0.0002 0.6340
vn 0.7730 -0.0000 0.6343
vn 0.8819 -0.0000 0.4714
vn -0.2080 -0.1860 -0.9603
vn 1.0000 -0.0018 -0.0000
vn 0.9970 -0.0258 -0.0731
vn 0.9970 -0.0257 0.0727
vn 0.9885 -0.1199 -0.0921
vn 0.9885 -0.1199 0.0921
vn 0.8615 -0.0167 -0.5074
vn 0.6620 -0.1336 -0.7375
vn 0.7781 -0.0338 -0.6273
vn 0.7055 -0.1353 -0.6956
vn 0.2915 -0.9419 -0.1670
vn 0.5589 -0.0979 -0.8234
vn 0.5595 -0.0990 -0.8229
vn -0.2848 -0.2697 -0.9199
vn 0.4628 -0.1553 -0.8728
vn -0.2082 -0.1861 0.9602
vn -0.2086 -0.1863 0.9601
vn -0.2567 -0.3190 0.9123
vn -0.2778 -0.6308 0.7245
vn 0.2627 0.9649 0.0021
vn -0.2750 -0.7797 0.5626
vn -0.1509 -0.1901 -0.9701
vn 0.3148 -0.4065 0.8577
vn -0.4713 -0.0002 -0.8820
vn -0.3359 -0.9369 -0.0974
vn 0.3479 -0.1736 -0.9213
vn -0.4628 -0.1553 -0.8728
vn -0.5589 -0.0979 -0.8234
vn -0.5586 -0.0977 -0.8236
vn -0.5601 -0.0996 -0.8224
vn -0.6341 -0.0614 -0.7708
vn -0.6334 -0.0621 -0.7713
vn 0.0650 -0.9979 0.0027
vn -0.3841 -0.2073 -0.8997
vn -0.2934 -0.3343 -0.8957
vn -0.2930 -0.3081 -0.9051
vn -0.2902 -0.0000 0.9570
vn -0.2793 -0.5441 -0.7911
vn -0.2929 -0.3025 -0.9070
vn -0.3844 -0.2072 0.8996
vn -0.4625 -0.1555 0.8729
vn -0.5591 -0.0979 0.8233
vn -0.6333 -0.0617 0.7715
vn 0.7616 -0.5446 -0.3513
vn -0.3092 -0.4351 -0.8456
vn -0.3099 -0.4386 -0.8436
vn -0.3150 -0.4666 -0.8265
vn -0.3031 -0.4035 -0.8633
vn -0.3362 -0.9348 0.1140
vn 0.3022 -0.7919 -0.5307
vn 0.5443 -0.7304 -0.4127
vn 0.5677 -0.7136 -0.4104
vn 0.3086 -0.9175 -0.2509
vn 0.9930 -0.1138 -0.0332
vn 0.9945 -0.1032 -0.0185
vn 0.9935 -0.1105 -0.0289
vn -0.2711 -0.8868 0.3742
vn -0.2715 -0.8683 0.4150
vn 0.9952 0.0013 -0.0975
vn -0.1568 -0.5262 -0.8358
vn -0.2754 -0.5902 0.7588
vn -0.2733 -0.5166 0.8115
vn -0.3364 -0.6217 -0.7073
vn -0.2035 -0.2734 0.9401
vn -0.2038 -0.2736 0.9400
vn -0.2285 -0.2838 0.9313
vn -0.2739 -0.7154 0.6427
vn 0.6624 -0.1419 0.7356
vn 0.1351 -0.6941 0.7071
vn 0.6021 -0.6133 0.5111
vn -0.0386 -0.6526 0.7567
vn -0.6324 -0.0013 0.7747
vn -0.6337 -0.0014 0.7736
vn -0.3479 -0.1736 -0.9213
vn -0.0975 -0.9948 -0.0280
vn -0.1864 -0.9807 -0.0588
vn -0.0852 -0.9961 -0.0238
vn 0.2080 -0.1860 0.9603
vn 0.2092 -0.1876 0.9597
vn 0.1502 -0.1919 0.9699
vn -0.0701 -0.1893 -0.9794
vn -0.0671 -0.1918 -0.9791
vn -0.2102 -0.1891 -0.9592
vn 0.3399 -0.1977 0.9194
vn 0.3389 -0.2050 0.9182
vn 0.3410 -0.1787 0.9229
vn 0.3383 -0.2143 0.9163
vn 0.3615 -0.1632 0.9180
vn 0.3602 -0.1669 0.9178
vn 0.3652 -0.1666 0.9159
vn 0.4627 -0.1557 0.8728
vn 0.4625 -0.1555 0.8729
vn 0.4636 -0.1588 0.8717
vn 0.5591 -0.0979 0.8233
vn 0.5588 -0.0976 0.8235
vn 0.5610 -0.1005 0.8217
vn 0.7781 -0.0338 0.6273
vn 0.7410 -0.0172 0.6712
vn 0.9168 -0.2788 -0.2858
vn 0.7876 -0.0092 0.6161
vn 0.8615 -0.0167 0.5074
vn -0.2735 -0.8678 0.4148
vn -0.2762 -0.8144 0.5104
vn -0.2731 -0.8863 0.3740
vn 0.4204 -0.2362 -0.8761
vn 0.3650 -0.2789 -0.8883
vn 0.3841 -0.2073 -0.8997
vn 0.3372 -0.2309 -0.9127
vn 0.0163 -0.9888 0.1486
vn -0.0258 -0.9790 0.2020
vn -0.0446 -0.9759 0.2135
vn -0.0008 -0.2522 -0.9677
vn -0.0309 -0.2519 -0.9672
vn 0.0774 -0.2517 -0.9647
vn 0.0699 -0.2498 -0.9658
vn 0.8652 -0.4153 0.2810
vn 0.8734 -0.4052 0.2701
vn -0.0701 -0.2411 -0.9680
vn -0.2840 -0.3042 -0.9093
vn 0.2699 -0.2621 0.9265
vn -0.2046 -0.2564 -0.9447
vn -0.2754 -0.8944 0.3524
vn 0.8820 -0.3936 0.2590
vn 0.2082 -0.1861 -0.9602
vn -0.3392 -0.8882 0.3099
vn -0.2750 -0.8284 0.4879
vn -0.3372 -0.2309 0.9127
vn -0.2517 -0.2931 0.9224
vn 0.2746 -0.4748 -0.8362
vn 0.2662 -0.4083 -0.8732
vn 0.2661 -0.4079 -0.8734
vn 0.1906 -0.9626 -0.1924
vn 0.2955 -0.6997 -0.6505
vn 0.2950 -0.6379 -0.7114
vn 0.2370 -0.2938 -0.9260
vn -0.4722 0.0016 0.8815
vn -0.2877 -0.4711 -0.8338
vn 0.3154 -0.6374 0.7030
vn -0.0769 -0.2417 0.9673
vn -0.2001 -0.9777 -0.0636
vn 0.9898 0.0074 0.1420
vn -0.2294 -0.2842 0.9309
vn 0.9017 -0.1275 0.4132
vn -0.2768 -0.6370 0.7195
vn 0.0703 -0.2288 0.9709
vn 0.3372 -0.2309 0.9127
vn -0.6650 0.7468 -0.0000
vn 0.3844 -0.2072 0.8996
vn 0.3845 -0.2074 0.8995
vn 0.9975 -0.0599 0.0369
vn -0.1347 -0.2493 -0.9590
vn -0.1365 -0.6303 0.7643
vn 0.0784 -0.4986 0.8633
vn -0.3226 -0.5057 -0.8001
vn 0.4243 0.8952 -0.1365
vn 0.9911 -0.1244 -0.0480
vn 0.9950 0.0198 0.0976
vn 0.0701 -0.1893 0.9794
vn 0.0686 -0.1907 0.9793
vn 0.7449 -0.2480 0.6194
vn -0.0019 -0.9792 0.2028
vn 0.1033 -0.9580 0.2674
vn -0.2730 -0.4944 0.8252
vn -0.2701 -0.4738 0.8382
vn -0.3466 -0.8886 -0.3006
vn 0.4731 -0.3256 -0.8186
vn -0.2653 -0.3930 0.8804
vn -0.1373 -0.5554 0.8202
vn 0.8235 -0.3147 -0.4720
vn -0.7727 -0.0001 -0.6348
vt 0.657680 0.606351
vt 0.659863 0.598766
vt 0.663341 0.599052
vt 0.660795 0.607994
vt 0.906161 0.109256
vt 0.906484 0.113600
vt 0.904773 0.113745
vt 0.904447 0.109382
vt 0.905403 0.083002
vt 0.905331 0.087396
vt 0.903599 0.087380
vt 0.903667 0.082966
vt 0.906911 0.117907
vt 0.907339 0.122214
vt 0.905641 0.122405
vt 0.905207 0.118075
vt 0.659001 0.590956
vt 0.662299 0.589887
vt 0.637910 0.616960
vt 0.645709 0.616241
vt 0.646695 0.619705
vt 0.637516 0.620549
vt 0.314175 0.177158
vt 0.327642 0.177161
vt 0.328227 0.189224
vt 0.315779 0.190578
vt 0.337883 0.177166
vt 0.338553 0.188684
vt 0.340433 0.202717
vt 0.330383 0.202769
vt 0.320160 0.204102
vt 0.312904 0.207082
vt 0.307545 0.192511
vt 0.305556 0.177157
vt 0.301520 0.193886
vt 0.307386 0.209449
vt 0.321911 0.220769
vt 0.327589 0.216749
vt 0.334965 0.213278
vt 0.343616 0.223335
vt 0.338957 0.228002
vt 0.353654 0.238983
vt 0.350192 0.243865
vt 0.334410 0.232459
vt 0.343739 0.188240
vt 0.341921 0.177169
vt 0.044709 0.466839
vt 0.036058 0.456781
vt 0.041528 0.446220
vt 0.048231 0.459684
vt 0.366187 0.248434
vt 0.363905 0.253998
vt 0.348166 0.196068
vt 0.384661 0.260254
vt 0.382496 0.264660
vt 0.660188 0.544588
vt 0.646221 0.541303
vt 0.646590 0.537944
vt 0.661051 0.541275
vt 0.695246 0.569485
vt 0.692280 0.571520
vt 0.682575 0.559042
vt 0.685030 0.556649
vt 0.655312 0.584108
vt 0.649419 0.579191
vt 0.651029 0.576165
vt 0.657950 0.581883
vt 0.905656 0.074217
vt 0.905474 0.078609
vt 0.903735 0.078552
vt 0.903915 0.074136
vt 0.907876 0.126402
vt 0.908412 0.130589
vt 0.906765 0.130810
vt 0.906203 0.126608
vt 0.905603 0.100544
vt 0.905839 0.104913
vt 0.904121 0.105020
vt 0.903875 0.100621
vt 0.905349 0.091786
vt 0.905367 0.096175
vt 0.903630 0.096222
vt 0.903614 0.091801
vt 0.905187 0.055313
vt 0.895663 0.055546
vt 0.896134 0.051288
vt 0.905439 0.052346
vt 0.299393 0.177157
vt 0.354038 0.203345
vt 0.355981 0.230293
vt 0.347137 0.216180
vt 0.048254 0.381617
vt 0.055162 0.394454
vt 0.049299 0.401747
vt 0.041551 0.395094
vt 0.311131 0.340886
vt 0.307888 0.339417
vt 0.308173 0.337739
vt 0.312225 0.339523
vt 0.312604 0.344259
vt 0.314213 0.344018
vt 0.470811 0.291785
vt 0.471849 0.287409
vt 0.474260 0.287751
vt 0.472668 0.292262
vt 0.720024 0.709110
vt 0.725873 0.709816
vt 0.725566 0.711658
vt 0.719795 0.710924
vt 0.690192 0.694785
vt 0.692006 0.697566
vt 0.678992 0.702922
vt 0.677061 0.699129
vt 0.665236 0.709759
vt 0.662813 0.704940
vt 0.472143 0.286263
vt 0.474573 0.286456
vt 0.642055 0.720318
vt 0.650817 0.712657
vt 0.654871 0.717362
vt 0.644557 0.723264
vt 0.679881 0.708791
vt 0.665879 0.711774
vt 0.327279 0.401923
vt 0.328370 0.401432
vt 0.335398 0.410811
vt 0.692237 0.707977
vt 0.704716 0.708172
vt 0.703295 0.692976
vt 0.712936 0.689095
vt 0.713030 0.708548
vt 0.322167 0.388434
vt 0.321142 0.389075
vt 0.704740 0.710005
vt 0.691895 0.709760
vt 0.680223 0.710460
vt 0.666075 0.712837
vt 0.659180 0.701138
vt 0.672641 0.696636
vt 0.685545 0.692967
vt 0.629571 0.692856
vt 0.630071 0.688304
vt 0.628981 0.698221
vt 0.634814 0.727072
vt 0.633244 0.726875
vt 0.638620 0.717728
vt 0.652716 0.612527
vt 0.654953 0.615303
vt 0.642298 0.576897
vt 0.642676 0.573494
vt 0.725946 0.685936
vt 0.721446 0.685704
vt 0.631169 0.678304
vt 0.634274 0.650054
vt 0.676389 0.653975
vt 0.676356 0.682031
vt 0.887614 0.050337
vt 0.889732 0.050588
vt 0.889013 0.054919
vt 0.886890 0.054705
vt 0.888171 0.101292
vt 0.888067 0.096720
vt 0.890124 0.096649
vt 0.890226 0.101203
vt 0.886480 0.073604
vt 0.886179 0.068909
vt 0.888303 0.068991
vt 0.888592 0.073652
vt 0.890449 0.119470
vt 0.890407 0.114885
vt 0.895680 0.114432
vt 0.896083 0.118899
vt 0.889911 0.092085
vt 0.889699 0.087521
vt 0.894520 0.087487
vt 0.894670 0.091989
vt 0.894722 0.069305
vt 0.894611 0.073862
vt 0.890619 0.128586
vt 0.890490 0.124056
vt 0.896485 0.123366
vt 0.896979 0.127751
vt 0.890368 0.110321
vt 0.890329 0.105757
vt 0.895111 0.105468
vt 0.895396 0.109950
vt 0.894819 0.096492
vt 0.894965 0.100980
vt 0.889290 0.082917
vt 0.888881 0.078313
vt 0.894500 0.078420
vt 0.894510 0.082953
vt 0.897474 0.132137
vt 0.906053 0.066858
vt 0.905839 0.069826
vt 0.904095 0.069720
vt 0.904303 0.066745
vt 0.932033 0.107683
vt 0.932265 0.111713
vt 0.931599 0.083319
vt 0.931515 0.087398
vt 0.932595 0.115714
vt 0.932926 0.119715
vt 0.931859 0.075157
vt 0.931683 0.079239
vt 0.933342 0.123634
vt 0.933758 0.127553
vt 0.931676 0.099597
vt 0.931802 0.103652
vt 0.931533 0.091470
vt 0.931550 0.095542
vt 0.932951 0.057742
vt 0.906929 0.055470
vt 0.907170 0.052511
vt 0.933165 0.054992
vt 0.934329 0.111569
vt 0.933604 0.087417
vt 0.934982 0.119521
vt 0.933781 0.079307
vt 0.935805 0.127312
vt 0.933873 0.103561
vt 0.933630 0.095506
vt 0.935262 0.055173
vt 0.673583 0.547026
vt 0.707140 0.600454
vt 0.712395 0.617951
vt 0.714854 0.626362
vt 0.718594 0.657354
vt 0.716013 0.635919
vt 0.703165 0.584769
vt 0.711107 0.600486
vt 0.712903 0.710417
vt 0.049262 0.439571
vt 0.055133 0.446849
vt 0.717129 0.618771
vt 0.941492 0.347971
vt 0.941035 0.355979
vt 0.939196 0.351858
vt 0.911283 0.354521
vt 0.911609 0.350158
vt 0.913323 0.350284
vt 0.913001 0.354628
vt 0.910897 0.380988
vt 0.910829 0.376575
vt 0.912565 0.376538
vt 0.912636 0.380932
vt 0.913646 0.345941
vt 0.911936 0.345796
vt 0.912369 0.341465
vt 0.914073 0.341634
vt 0.620436 0.375593
vt 0.616978 0.375117
vt 0.619988 0.366406
vt 0.622977 0.368164
vt 0.637910 0.398129
vt 0.637516 0.401718
vt 0.628740 0.398902
vt 0.630456 0.395737
vt 0.015270 0.420657
vt 0.016880 0.407235
vt 0.029333 0.408595
vt 0.028738 0.420661
vt 0.039671 0.409144
vt 0.038980 0.420666
vt 0.031494 0.395042
vt 0.021265 0.393707
vt 0.008644 0.405300
vt 0.014006 0.390726
vt 0.006650 0.420655
vt 0.002618 0.403924
vt 0.008486 0.388358
vt 0.018437 0.373571
vt 0.023015 0.377032
vt 0.028696 0.381053
vt 0.036076 0.384525
vt 0.040067 0.369791
vt 0.044729 0.374460
vt 0.035515 0.365333
vt 0.051304 0.353915
vt 0.054769 0.358799
vt 0.044867 0.409592
vt 0.043018 0.420670
vt 0.065024 0.343773
vt 0.067308 0.349340
vt 0.085794 0.337513
vt 0.083628 0.333104
vt 0.507154 0.386868
vt 0.486170 0.385105
vt 0.492756 0.368919
vt 0.510486 0.376616
vt 0.592244 0.339335
vt 0.605004 0.329022
vt 0.606880 0.331891
vt 0.594697 0.341966
vt 0.628055 0.362260
vt 0.625959 0.359521
vt 0.633946 0.355437
vt 0.634855 0.358735
vt 0.911257 0.389820
vt 0.911077 0.385404
vt 0.912818 0.385323
vt 0.913001 0.389715
vt 0.914501 0.337327
vt 0.912804 0.337135
vt 0.913365 0.332933
vt 0.915038 0.333139
vt 0.910792 0.363318
vt 0.911037 0.358919
vt 0.912765 0.358996
vt 0.912529 0.363365
vt 0.912494 0.372145
vt 0.910761 0.372161
vt 0.910776 0.367740
vt 0.912511 0.367755
vt 0.911866 0.398520
vt 0.911562 0.394170
vt 0.913314 0.394050
vt 0.913627 0.398385
vt 0.000487 0.420655
vt 0.048455 0.349473
vt 0.063198 0.339008
vt 0.031911 0.361254
vt 0.057099 0.367494
vt 0.577001 0.478655
vt 0.579143 0.473120
vt 0.591086 0.482780
vt 0.590021 0.484608
vt 0.576305 0.480210
vt 0.589598 0.485603
vt 0.621642 0.392800
vt 0.624431 0.390574
vt 0.642676 0.354663
vt 0.642298 0.358066
vt 0.617516 0.384406
vt 0.620912 0.383479
vt 0.631169 0.459473
vt 0.586251 0.453299
vt 0.592309 0.425904
vt 0.634274 0.431223
vt 0.894403 0.390591
vt 0.901885 0.390236
vt 0.902094 0.394751
vt 0.894356 0.395240
vt 0.896618 0.335373
vt 0.903647 0.336175
vt 0.903245 0.340642
vt 0.896578 0.339975
vt 0.896257 0.362856
vt 0.901981 0.363049
vt 0.901832 0.367551
vt 0.896042 0.367428
vt 0.894994 0.381234
vt 0.901662 0.381121
vt 0.901773 0.385678
vt 0.894698 0.385912
vt 0.896879 0.326273
vt 0.904636 0.327404
vt 0.904142 0.331789
vt 0.896748 0.330823
vt 0.896538 0.344577
vt 0.902842 0.345109
vt 0.902558 0.349590
vt 0.896501 0.349153
vt 0.896464 0.353730
vt 0.902273 0.354072
vt 0.902127 0.358560
vt 0.896361 0.358293
vt 0.895826 0.372001
vt 0.901682 0.372054
vt 0.901672 0.376587
vt 0.895410 0.376617
vt 0.902303 0.399267
vt 0.938964 0.355888
vt 0.938761 0.376222
vt 0.938845 0.380302
vt 0.939427 0.347827
vt 0.939758 0.343827
vt 0.939021 0.384384
vt 0.939198 0.388466
vt 0.940088 0.339826
vt 0.940504 0.335907
vt 0.938838 0.359943
vt 0.938712 0.363998
vt 0.938677 0.372142
vt 0.938695 0.368070
vt 0.939450 0.392491
vt 0.939703 0.396516
vt 0.940766 0.372124
vt 0.942144 0.340019
vt 0.940944 0.380233
vt 0.940920 0.331988
vt 0.942967 0.332228
vt 0.940792 0.364034
vt 0.941304 0.388353
vt 0.646221 0.322472
vt 0.631874 0.322644
vt 0.618269 0.322114
vt 0.631751 0.319222
vt 0.573912 0.366983
vt 0.560760 0.390600
vt 0.564985 0.382923
vt 0.550381 0.420042
vt 0.557554 0.399678
vt 0.581197 0.352536
vt 0.620912 0.602310
vt 0.617516 0.603237
vt 0.616978 0.593948
vt 0.620436 0.594424
vt 0.911889 0.151022
vt 0.910303 0.151362
vt 0.909401 0.147425
vt 0.911022 0.147090
vt 0.908808 0.039572
vt 0.907120 0.039324
vt 0.907774 0.035024
vt 0.909444 0.035299
vt 0.910293 0.142975
vt 0.908656 0.143275
vt 0.907910 0.139126
vt 0.909563 0.138861
vt 0.619988 0.585238
vt 0.622977 0.586995
vt 0.628740 0.617733
vt 0.630456 0.614568
vt 0.315783 0.163737
vt 0.328236 0.165096
vt 0.338573 0.165644
vt 0.330395 0.151543
vt 0.340452 0.151594
vt 0.320167 0.150209
vt 0.307548 0.161803
vt 0.312908 0.147229
vt 0.321915 0.133536
vt 0.327596 0.137556
vt 0.334976 0.141027
vt 0.343627 0.130962
vt 0.347153 0.138118
vt 0.338965 0.126293
vt 0.334414 0.121836
vt 0.350200 0.110418
vt 0.353665 0.115301
vt 0.343768 0.166091
vt 0.363918 0.100276
vt 0.366202 0.105842
vt 0.301522 0.160427
vt 0.307389 0.144862
vt 0.592244 0.558166
vt 0.605004 0.547853
vt 0.606880 0.550722
vt 0.594697 0.560797
vt 0.628055 0.581091
vt 0.625959 0.578353
vt 0.633946 0.574269
vt 0.634855 0.577567
vt 0.907671 0.048178
vt 0.905952 0.047985
vt 0.906465 0.043625
vt 0.908172 0.043846
vt 0.908988 0.134725
vt 0.907338 0.134968
vt 0.911931 0.023031
vt 0.910378 0.022671
vt 0.911389 0.018727
vt 0.912885 0.019097
vt 0.910210 0.031132
vt 0.908571 0.030819
vt 0.909368 0.026615
vt 0.910976 0.026966
vt 0.886134 0.064489
vt 0.888260 0.064606
vt 0.347351 0.105976
vt 0.362092 0.095511
vt 0.330809 0.117759
vt 0.354061 0.150953
vt 0.355996 0.123995
vt 0.531886 0.688501
vt 0.531785 0.690365
vt 0.528101 0.689972
vt 0.528542 0.688055
vt 0.524646 0.688886
vt 0.525345 0.687171
vt 0.471894 0.066890
vt 0.474305 0.066550
vt 0.474617 0.067844
vt 0.472187 0.068036
vt 0.316059 0.509990
vt 0.315110 0.517938
vt 0.313596 0.517893
vt 0.314600 0.509768
vt 0.314417 0.524797
vt 0.312828 0.524774
vt 0.495362 0.407691
vt 0.487317 0.416359
vt 0.470038 0.391763
vt 0.621642 0.611631
vt 0.624431 0.609405
vt 0.586251 0.672131
vt 0.592309 0.644735
vt 0.894921 0.065025
vt 0.932209 0.068319
vt 0.932036 0.071075
vt 0.894411 0.146284
vt 0.899975 0.145148
vt 0.900925 0.149508
vt 0.895727 0.150700
vt 0.895233 0.027898
vt 0.899919 0.028900
vt 0.898930 0.033312
vt 0.894159 0.032415
vt 0.890760 0.046010
vt 0.896752 0.046770
vt 0.891922 0.137493
vt 0.898249 0.136463
vt 0.899024 0.140789
vt 0.893095 0.141869
vt 0.897112 0.155167
vt 0.902138 0.153931
vt 0.903352 0.158354
vt 0.898496 0.159635
vt 0.897370 0.018785
vt 0.902085 0.019946
vt 0.900908 0.024487
vt 0.896307 0.023380
vt 0.892973 0.036924
vt 0.898150 0.037783
vt 0.897371 0.042253
vt 0.891788 0.041433
vt 0.903262 0.015404
vt 0.936508 0.147233
vt 0.935909 0.143275
vt 0.934412 0.042861
vt 0.934879 0.038834
vt 0.935338 0.139319
vt 0.934767 0.135362
vt 0.933555 0.050940
vt 0.933945 0.046888
vt 0.934262 0.131457
vt 0.936533 0.026890
vt 0.937114 0.022934
vt 0.935415 0.034840
vt 0.935951 0.030846
vt 0.934142 0.071187
vt 0.937948 0.142974
vt 0.936937 0.039090
vt 0.936810 0.135082
vt 0.936024 0.047107
vt 0.939143 0.023230
vt 0.937990 0.031131
vt 0.631874 0.541475
vt 0.618269 0.540945
vt 0.631751 0.538054
vt 0.573912 0.585814
vt 0.560760 0.609431
vt 0.564985 0.601754
vt 0.550381 0.638873
vt 0.557554 0.618509
vt 0.581197 0.571367
vt 0.552472 0.693274
vt 0.544415 0.691903
vt 0.544696 0.690051
vt 0.552893 0.691490
vt 0.537577 0.690902
vt 0.537748 0.689082
vt 0.657680 0.387520
vt 0.659864 0.379935
vt 0.663341 0.380221
vt 0.660795 0.389163
vt 0.919918 0.304586
vt 0.919051 0.308518
vt 0.917465 0.308178
vt 0.918366 0.304240
vt 0.915334 0.415695
vt 0.915970 0.419968
vt 0.914282 0.420216
vt 0.913628 0.415916
vt 0.659001 0.372124
vt 0.662299 0.371056
vt 0.645709 0.397410
vt 0.646695 0.400874
vt 0.029322 0.432725
vt 0.016873 0.434078
vt 0.039649 0.432185
vt 0.031478 0.446271
vt 0.021254 0.447603
vt 0.013997 0.450583
vt 0.008638 0.436010
vt 0.023003 0.464272
vt 0.028682 0.460252
vt 0.040050 0.471507
vt 0.035502 0.475963
vt 0.054747 0.482490
vt 0.051284 0.487371
vt 0.044836 0.431742
vt 0.067280 0.491942
vt 0.064997 0.497506
vt 0.085754 0.503764
vt 0.083588 0.508170
vt 0.655312 0.365276
vt 0.649419 0.360359
vt 0.651029 0.357334
vt 0.657950 0.363052
vt 0.918184 0.312450
vt 0.917455 0.316565
vt 0.915818 0.316265
vt 0.916563 0.312116
vt 0.914333 0.407030
vt 0.914833 0.411362
vt 0.913114 0.411555
vt 0.912601 0.407195
vt 0.916726 0.320680
vt 0.916150 0.324815
vt 0.914500 0.324572
vt 0.915073 0.320414
vt 0.918138 0.432575
vt 0.919093 0.436509
vt 0.917540 0.436869
vt 0.916530 0.432926
vt 0.916606 0.424242
vt 0.917372 0.428408
vt 0.915733 0.428721
vt 0.914936 0.424517
vt 0.057074 0.473799
vt 0.725873 0.490985
vt 0.729233 0.491276
vt 0.729248 0.493243
vt 0.725566 0.492827
vt 0.720024 0.490279
vt 0.719796 0.492093
vt 0.504492 0.473040
vt 0.503397 0.473528
vt 0.496370 0.464143
vt 0.509508 0.486595
vt 0.510541 0.485961
vt 0.512840 0.496862
vt 0.514425 0.497192
vt 0.704716 0.489341
vt 0.704740 0.491174
vt 0.691895 0.490929
vt 0.692237 0.489146
vt 0.680223 0.491629
vt 0.666075 0.494006
vt 0.665879 0.492943
vt 0.679881 0.489959
vt 0.654871 0.498531
vt 0.652717 0.393695
vt 0.654953 0.396471
vt 0.676389 0.435144
vt 0.676356 0.463200
vt 0.900290 0.427328
vt 0.899098 0.422800
vt 0.905313 0.421758
vt 0.906092 0.426228
vt 0.895835 0.409078
vt 0.895073 0.404484
vt 0.902799 0.403760
vt 0.903296 0.408253
vt 0.899232 0.317479
vt 0.900550 0.313042
vt 0.907137 0.314392
vt 0.906186 0.318752
vt 0.902441 0.436402
vt 0.901366 0.431865
vt 0.907081 0.430641
vt 0.908070 0.435053
vt 0.897905 0.418272
vt 0.896870 0.413675
vt 0.903915 0.412770
vt 0.904533 0.417288
vt 0.898055 0.321876
vt 0.905411 0.323078
vt 0.901867 0.308605
vt 0.903250 0.304127
vt 0.909301 0.305609
vt 0.908087 0.310032
vt 0.904563 0.445608
vt 0.903502 0.441005
vt 0.909247 0.439595
vt 0.910425 0.444136
vt 0.910514 0.301187
vt 0.912234 0.402857
vt 0.944269 0.308350
vt 0.943670 0.312307
vt 0.941107 0.412652
vt 0.941574 0.416679
vt 0.943071 0.316265
vt 0.942500 0.320222
vt 0.940327 0.404548
vt 0.940717 0.408600
vt 0.941929 0.324179
vt 0.941424 0.328083
vt 0.943114 0.428695
vt 0.943695 0.432651
vt 0.942041 0.420706
vt 0.942577 0.424700
vt 0.945110 0.316566
vt 0.944099 0.420451
vt 0.943972 0.324458
vt 0.943186 0.412434
vt 0.946305 0.436311
vt 0.944276 0.436607
vt 0.945152 0.428410
vt 0.942424 0.404367
vt 0.940015 0.400532
vt 0.660188 0.325757
vt 0.682575 0.340211
vt 0.692280 0.352689
vt 0.707140 0.381623
vt 0.712396 0.399120
vt 0.714854 0.407531
vt 0.718594 0.438523
vt 0.716013 0.417088
vt 0.713031 0.489716
vt 0.712903 0.491585
vt 0.894776 0.473027
vt 0.901197 0.473732
vt 0.899772 0.486000
vt 0.893460 0.486019
vt 0.897885 0.459670
vt 0.904239 0.461765
vt 0.904902 0.446840
vt 0.909344 0.451444
vt 0.898904 0.535669
vt 0.904056 0.533356
vt 0.908213 0.542811
vt 0.904642 0.546254
vt 0.895720 0.523766
vt 0.901490 0.522232
vt 0.893970 0.511396
vt 0.900014 0.510402
vt 0.893246 0.498794
vt 0.899441 0.498266
vt 0.336508 0.735085
vt 0.343172 0.734758
vt 0.343053 0.742343
vt 0.336618 0.743149
vt 0.398732 0.877554
vt 0.405131 0.879413
vt 0.403473 0.886882
vt 0.397040 0.886473
vt 0.403485 0.868469
vt 0.407949 0.872845
vt 0.400372 0.925749
vt 0.405221 0.923465
vt 0.407508 0.929388
vt 0.404184 0.932534
vt 0.398306 0.918259
vt 0.403807 0.916681
vt 0.397177 0.910575
vt 0.402992 0.909473
vt 0.396620 0.902768
vt 0.402643 0.902046
vt 0.470025 0.389345
vt 0.470044 0.387659
vt 0.483280 0.382207
vt 0.484453 0.383409
vt 0.488648 0.368913
vt 0.490335 0.368935
vt 0.484285 0.354446
vt 0.483070 0.355633
vt 0.469753 0.350140
vt 0.469767 0.348444
vt 0.456496 0.355634
vt 0.455310 0.354432
vt 0.451067 0.368889
vt 0.449384 0.368877
vt 0.280806 0.734762
vt 0.287121 0.734461
vt 0.287006 0.742022
vt 0.280899 0.742761
vt 0.281316 0.726427
vt 0.287843 0.726845
vt 0.283025 0.717478
vt 0.289511 0.719373
vt 0.287824 0.708361
vt 0.292336 0.712808
vt 0.284698 0.765773
vt 0.289601 0.763447
vt 0.291893 0.769367
vt 0.288540 0.772559
vt 0.282610 0.758276
vt 0.288180 0.756663
vt 0.281465 0.750581
vt 0.287358 0.749453
vt 0.334290 0.735326
vt 0.334212 0.741349
vt 0.343417 0.749794
vt 0.390422 0.747669
vt 0.390695 0.753657
vt 0.344261 0.757011
vt 0.946495 0.497535
vt 0.946791 0.507052
vt 0.450166 0.889332
vt 0.449910 0.895354
vt 0.402756 0.894492
vt 0.334969 0.723308
vt 0.334546 0.729305
vt 0.451151 0.877395
vt 0.450588 0.883335
vt 0.335002 0.759313
vt 0.335534 0.765773
vt 0.946733 0.488001
vt 0.450201 0.913376
vt 0.450620 0.919341
vt 0.334312 0.747359
vt 0.334582 0.753348
vt 0.343916 0.727119
vt 0.390658 0.729615
vt 0.390400 0.735636
vt 0.948784 0.469069
vt 0.947505 0.478492
vt 0.449832 0.901377
vt 0.449932 0.907387
vt 0.348475 0.713081
vt 0.391656 0.717682
vt 0.391086 0.723619
vt 0.345620 0.719639
vt 0.948870 0.525926
vt 0.950489 0.536047
vt 0.391119 0.759621
vt 0.345710 0.763791
vt 0.947602 0.516520
vt 0.390321 0.741659
vt 0.335534 0.717369
vt 0.451151 0.925802
vt 0.950489 0.459821
vt 0.391656 0.766080
vt 0.348022 0.769705
vt 0.517152 0.349619
vt 0.514432 0.349566
vt 0.514511 0.343462
vt 0.517329 0.343472
vt 0.496352 0.410590
vt 0.501079 0.399975
vt 0.503354 0.401146
vt 0.512748 0.377804
vt 0.512884 0.364486
vt 0.515582 0.364500
vt 0.509421 0.388042
vt 0.455557 0.383290
vt 0.453864 0.385017
vt 0.446967 0.368904
vt 0.453582 0.352738
vt 0.469745 0.346014
vt 0.396073 0.332524
vt 0.391901 0.342830
vt 0.390180 0.342830
vt 0.394860 0.331304
vt 0.406378 0.328265
vt 0.406377 0.326536
vt 0.416725 0.332539
vt 0.417954 0.331318
vt 0.421067 0.342842
vt 0.422797 0.342843
vt 0.416871 0.353169
vt 0.418081 0.354390
vt 0.406603 0.357469
vt 0.406588 0.359194
vt 0.364975 0.380431
vt 0.375273 0.384759
vt 0.375260 0.386481
vt 0.363762 0.381652
vt 0.360588 0.370158
vt 0.358870 0.370164
vt 0.364724 0.359875
vt 0.363511 0.358664
vt 0.375005 0.355572
vt 0.375000 0.353837
vt 0.385374 0.359820
vt 0.386604 0.358592
vt 0.385530 0.380457
vt 0.386737 0.381676
vt 0.328885 0.391209
vt 0.339198 0.395405
vt 0.339191 0.397127
vt 0.327671 0.392422
vt 0.324559 0.381002
vt 0.322847 0.381004
vt 0.328731 0.370716
vt 0.327519 0.369495
vt 0.339056 0.366450
vt 0.339050 0.364725
vt 0.349447 0.370586
vt 0.350662 0.369369
vt 0.353763 0.380836
vt 0.355488 0.380839
vt 0.349508 0.391121
vt 0.350726 0.392347
vt 0.395067 0.354355
vt 0.391445 0.370139
vt 0.362091 0.354858
vt 0.365698 0.379702
vt 0.375290 0.383734
vt 0.396287 0.353134
vt 0.397312 0.352118
vt 0.406630 0.356033
vt 0.415872 0.352144
vt 0.419623 0.342833
vt 0.415693 0.333552
vt 0.406371 0.329712
vt 0.397072 0.333548
vt 0.393332 0.342841
vt 0.339212 0.394053
vt 0.348557 0.390152
vt 0.352408 0.380823
vt 0.348487 0.371532
vt 0.339054 0.367804
vt 0.329673 0.371681
vt 0.325901 0.381011
vt 0.329844 0.390263
vt 0.384820 0.379725
vt 0.388689 0.370124
vt 0.389719 0.370135
vt 0.375005 0.356611
vt 0.365440 0.360603
vt 0.361610 0.370162
vt 0.337028 0.726664
vt 0.338798 0.717599
vt 0.343777 0.708361
vt 0.337223 0.751020
vt 0.338427 0.758757
vt 0.456760 0.382108
vt 0.396532 0.894786
vt 0.392630 0.735085
vt 0.399293 0.734758
vt 0.399175 0.742343
vt 0.392740 0.743149
vt 0.453899 0.918259
vt 0.459400 0.916681
vt 0.460814 0.923465
vt 0.455965 0.925749
vt 0.452770 0.910575
vt 0.458585 0.909473
vt 0.452213 0.902768
vt 0.458236 0.902046
vt 0.449262 0.726427
vt 0.455789 0.726845
vt 0.455066 0.734461
vt 0.448751 0.734762
vt 0.450970 0.717478
vt 0.457456 0.719373
vt 0.455769 0.708361
vt 0.460282 0.712808
vt 0.452644 0.765773
vt 0.457547 0.763447
vt 0.459839 0.769367
vt 0.456485 0.772559
vt 0.450555 0.758276
vt 0.456125 0.756663
vt 0.449411 0.750581
vt 0.455304 0.749453
vt 0.448844 0.742761
vt 0.454952 0.742022
vt 0.502491 0.729305
vt 0.502236 0.735326
vt 0.399538 0.749794
vt 0.446544 0.747669
vt 0.446817 0.753657
vt 0.400382 0.757011
vt 0.892277 0.228747
vt 0.939331 0.228016
vt 0.939627 0.237533
vt 0.892850 0.240883
vt 0.506213 0.919341
vt 0.506744 0.925802
vt 0.463101 0.929388
vt 0.503479 0.717369
vt 0.502915 0.723308
vt 0.505525 0.907387
vt 0.505794 0.913376
vt 0.502527 0.753348
vt 0.502947 0.759313
vt 0.892609 0.216480
vt 0.939570 0.218482
vt 0.458349 0.894492
vt 0.505503 0.895354
vt 0.505425 0.901377
vt 0.502157 0.741349
vt 0.502257 0.747359
vt 0.400038 0.727119
vt 0.446780 0.729615
vt 0.446522 0.735636
vt 0.897075 0.192246
vt 0.941620 0.199550
vt 0.940341 0.208973
vt 0.894033 0.204213
vt 0.460724 0.879413
vt 0.506181 0.883335
vt 0.505759 0.889332
vt 0.459066 0.886882
vt 0.404597 0.713081
vt 0.447777 0.717682
vt 0.447207 0.723619
vt 0.401741 0.719639
vt 0.896892 0.263837
vt 0.941706 0.256407
vt 0.943325 0.266528
vt 0.901049 0.273292
vt 0.447241 0.759621
vt 0.401831 0.763791
vt 0.940438 0.247001
vt 0.894326 0.252713
vt 0.463542 0.872845
vt 0.506744 0.877395
vt 0.446443 0.741659
vt 0.503479 0.765773
vt 0.902180 0.181925
vt 0.943325 0.190302
vt 0.447777 0.766080
vt 0.404144 0.769705
vt 0.892271 0.503303
vt 0.815410 0.503303
vt 0.815410 0.474174
vt 0.892271 0.474173
vt 0.815409 0.445044
vt 0.892271 0.445043
vt 0.892271 0.415913
vt 0.815409 0.415913
vt 0.815409 0.386783
vt 0.892271 0.386783
vt 0.892271 0.357653
vt 0.815409 0.357653
vt 0.815409 0.328522
vt 0.892271 0.328523
vt 0.314965 0.356973
vt 0.314336 0.350119
vt 0.317029 0.350081
vt 0.317673 0.356947
vt 0.322662 0.330992
vt 0.324788 0.329736
vt 0.326080 0.332436
vt 0.323947 0.333701
vt 0.317140 0.335442
vt 0.318426 0.338193
vt 0.337276 0.322329
vt 0.338575 0.325027
vt 0.373414 0.310835
vt 0.387628 0.307138
vt 0.390334 0.316091
vt 0.377354 0.318332
vt 0.521177 0.331313
vt 0.518502 0.333655
vt 0.512904 0.329299
vt 0.515449 0.326884
vt 0.484391 0.311633
vt 0.483154 0.314653
vt 0.471270 0.310330
vt 0.472543 0.307320
vt 0.481897 0.317617
vt 0.471841 0.314110
vt 0.514318 0.334875
vt 0.508707 0.330447
vt 0.510496 0.327884
vt 0.512982 0.325431
vt 0.506556 0.329196
vt 0.457543 0.310508
vt 0.457679 0.307443
vt 0.812949 0.590692
vt 0.812949 0.619821
vt 0.736089 0.619822
vt 0.736089 0.590692
vt 0.892271 0.546998
vt 0.892271 0.561563
vt 0.815411 0.561563
vt 0.815410 0.546998
vt 0.892271 0.590692
vt 0.815411 0.590692
vt 0.892271 0.619821
vt 0.815411 0.619822
vt 0.892271 0.648950
vt 0.892271 0.678080
vt 0.815411 0.678080
vt 0.815411 0.648951
vt 0.892271 0.736338
vt 0.892271 0.765467
vt 0.815411 0.765467
vt 0.815411 0.736338
vt 0.199945 0.646161
vt 0.206994 0.646108
vt 0.205052 0.660459
vt 0.198145 0.660456
vt 0.208971 0.617696
vt 0.218085 0.617488
vt 0.210698 0.631743
vt 0.202755 0.631865
vt 0.198173 0.646163
vt 0.196974 0.660456
vt 0.206591 0.617704
vt 0.201408 0.631884
vt 0.322338 0.486599
vt 0.324587 0.487781
vt 0.321205 0.497962
vt 0.318962 0.496766
vt 0.892271 0.707209
vt 0.815411 0.707209
vt 0.199722 0.674756
vt 0.206475 0.674810
vt 0.198162 0.674752
vt 0.466817 0.494554
vt 0.456493 0.490299
vt 0.456510 0.488570
vt 0.468045 0.493341
vt 0.446136 0.494556
vt 0.441817 0.504853
vt 0.440090 0.504847
vt 0.444920 0.493324
vt 0.377871 0.489676
vt 0.384538 0.505795
vt 0.481090 0.482638
vt 0.476303 0.494180
vt 0.487339 0.458417
vt 0.479369 0.451985
vt 0.415866 0.444346
vt 0.637741 0.728654
vt 0.466080 0.495269
vt 0.456475 0.491332
vt 0.482302 0.483865
vt 0.483247 0.484834
vt 0.479376 0.494207
vt 0.478023 0.494190
vt 0.483190 0.503563
vt 0.482222 0.504498
vt 0.492504 0.507362
vt 0.492486 0.508712
vt 0.446859 0.495294
vt 0.446085 0.515151
vt 0.446821 0.514434
vt 0.456489 0.518316
vt 0.456475 0.519344
vt 0.466104 0.514340
vt 0.466825 0.515073
vt 0.470095 0.504802
vt 0.471116 0.504816
vt 0.393150 0.726664
vt 0.394920 0.717599
vt 0.399899 0.708361
vt 0.396724 0.766283
vt 0.400677 0.773074
vt 0.393344 0.751020
vt 0.513050 0.337655
vt 0.401510 0.306059
vt 0.415392 0.304980
vt 0.415438 0.317349
vt 0.402886 0.316720
vt 0.350006 0.323053
vt 0.361834 0.321011
vt 0.373491 0.349977
vt 0.321013 0.377028
vt 0.324418 0.387240
vt 0.330632 0.400245
vt 0.336375 0.407916
vt 0.344417 0.416550
vt 0.318563 0.364921
vt 0.480390 0.321154
vt 0.471412 0.320634
vt 0.415843 0.430571
vt 0.359481 0.430662
vt 0.352371 0.422974
vt 0.192905 0.292694
vt 0.164125 0.298419
vt 0.163882 0.295989
vt 0.192192 0.290358
vt 0.287079 0.206459
vt 0.281465 0.220015
vt 0.279310 0.218867
vt 0.284833 0.205533
vt 0.078891 0.017441
vt 0.106001 0.006212
vt 0.106714 0.008547
vt 0.080045 0.019593
vt 0.078891 0.281465
vt 0.054493 0.265162
vt 0.056039 0.263273
vt 0.080039 0.279310
vt 0.192905 0.006212
vt 0.220015 0.017441
vt 0.218867 0.019596
vt 0.192199 0.008549
vt 0.106001 0.292694
vt 0.106707 0.290356
vt 0.244413 0.265162
vt 0.220015 0.281465
vt 0.218860 0.279313
vt 0.242861 0.263277
vt 0.164125 0.000487
vt 0.163889 0.002918
vt 0.134781 0.000487
vt 0.135024 0.002917
vt 0.033744 0.244413
vt 0.035629 0.242862
vt 0.298419 0.164125
vt 0.292694 0.192904
vt 0.290356 0.192199
vt 0.295988 0.163889
vt 0.244413 0.033743
vt 0.265162 0.054492
vt 0.263277 0.056044
vt 0.242867 0.035633
vt 0.054493 0.033744
vt 0.056045 0.035629
vt 0.017441 0.220015
vt 0.006212 0.192905
vt 0.008547 0.192193
vt 0.019593 0.218861
vt 0.273314 0.232214
vt 0.265162 0.244413
vt 0.263272 0.242867
vt 0.271291 0.230867
vt 0.281465 0.078891
vt 0.279313 0.080045
vt 0.033744 0.054493
vt 0.035634 0.056039
vt 0.000487 0.164125
vt 0.000487 0.134781
vt 0.002918 0.135017
vt 0.002917 0.163882
vt 0.292694 0.106001
vt 0.290358 0.106713
vt 0.298419 0.134781
vt 0.295989 0.135024
vt 0.025592 0.066692
vt 0.027615 0.068039
vt 0.006212 0.106001
vt 0.008549 0.106707
vt 0.011826 0.092446
vt 0.017441 0.078891
vt 0.019596 0.080039
vt 0.014073 0.093373
vt 0.134781 0.298419
vt 0.135017 0.295988
vt 0.017565 0.189440
vt 0.027900 0.214402
vt 0.255974 0.236898
vt 0.263480 0.225667
vt 0.255999 0.062038
vt 0.236898 0.042932
vt 0.017577 0.109428
vt 0.012302 0.135925
vt 0.281341 0.109466
vt 0.271005 0.084504
vt 0.214437 0.027919
vt 0.189478 0.017577
vt 0.189440 0.281341
vt 0.214402 0.271005
vt 0.281329 0.189478
vt 0.286604 0.162981
vt 0.162981 0.012302
vt 0.135964 0.012298
vt 0.109428 0.281329
vt 0.135925 0.286604
vt 0.084504 0.027900
vt 0.062039 0.042907
vt 0.062008 0.255974
vt 0.084469 0.270987
vt 0.162942 0.286608
vt 0.042932 0.062008
vt 0.035426 0.073239
vt 0.042907 0.236868
vt 0.236867 0.255999
vt 0.012298 0.162942
vt 0.109466 0.017565
vt 0.027919 0.084469
vt 0.022748 0.096949
vt 0.286608 0.135964
vt 0.270987 0.214436
vt 0.276158 0.201957
vt 0.813926 0.707209
vt 0.813926 0.678080
vt 0.736087 0.357653
vt 0.736087 0.386783
vt 0.734602 0.386783
vt 0.734602 0.357653
vt 0.813926 0.590692
vt 0.813925 0.561563
vt 0.813926 0.736338
vt 0.736089 0.678080
vt 0.736089 0.707209
vt 0.734604 0.707209
vt 0.734604 0.678080
vt 0.815409 0.299393
vt 0.813924 0.328522
vt 0.813924 0.299393
vt 0.813924 0.474174
vt 0.813924 0.445044
vt 0.736088 0.517868
vt 0.736088 0.532433
vt 0.734603 0.532433
vt 0.734603 0.517868
vt 0.736087 0.415914
vt 0.736087 0.445044
vt 0.734602 0.445044
vt 0.734602 0.415914
vt 0.736088 0.474174
vt 0.736088 0.503303
vt 0.734603 0.503303
vt 0.734603 0.474174
vt 0.813924 0.415913
vt 0.813924 0.386783
vt 0.813926 0.648951
vt 0.813926 0.619822
vt 0.736089 0.561563
vt 0.734604 0.590692
vt 0.734603 0.561563
vt 0.813924 0.357653
vt 0.813925 0.546998
vt 0.734604 0.619822
vt 0.813925 0.503303
vt 0.736087 0.328522
vt 0.734602 0.328522
vt 0.736089 0.648951
vt 0.734604 0.648951
vt 0.736089 0.736338
vt 0.734604 0.736338
vt 0.813926 0.765467
vt 0.736089 0.765467
vt 0.734604 0.765467
vt 0.736087 0.299393
vt 0.734602 0.299393
vt 0.815410 0.517868
vt 0.815410 0.532433
vt 0.813925 0.532433
vt 0.813925 0.517868
vt 0.892271 0.517868
vt 0.892271 0.299393
vt 0.812949 0.648951
vt 0.812949 0.678080
vt 0.812949 0.707209
vt 0.812950 0.736338
vt 0.812950 0.765467
vt 0.812949 0.517868
vt 0.812949 0.503303
vt 0.812949 0.474173
vt 0.812950 0.445043
vt 0.812950 0.415913
vt 0.812950 0.386783
vt 0.812950 0.357653
vt 0.812950 0.328523
vt 0.812950 0.299393
vt 0.476033 0.289469
vt 0.474220 0.293031
vt 0.312753 0.350125
vt 0.631478 0.736081
vt 0.314404 0.365159
vt 0.315869 0.364942
vt 0.318761 0.378229
vt 0.317176 0.377911
vt 0.313450 0.357007
vt 0.630309 0.735936
vt 0.520414 0.340308
vt 0.519303 0.338942
vt 0.523371 0.337111
vt 0.523672 0.338801
vt 0.518947 0.343716
vt 0.518748 0.349635
vt 0.504453 0.401630
vt 0.517049 0.364715
vt 0.514331 0.377476
vt 0.510454 0.388674
vt 0.599553 0.492452
vt 0.476078 0.064833
vt 0.311127 0.534056
vt 0.312228 0.535421
vt 0.308168 0.537227
vt 0.307876 0.535543
vt 0.312604 0.530669
vt 0.314214 0.530918
vt 0.327358 0.473107
vt 0.335456 0.464229
vt 0.328449 0.473594
vt 0.317384 0.497082
vt 0.321314 0.485964
vt 0.476699 0.087330
vt 0.476029 0.067816
vt 0.518945 0.530923
vt 0.520418 0.534310
vt 0.519319 0.535677
vt 0.517330 0.531162
vt 0.518802 0.525034
vt 0.517213 0.525040
vt 0.517139 0.509964
vt 0.515672 0.510178
vt 0.518097 0.518133
vt 0.516579 0.518167
vt 0.312974 0.334267
vt 0.310297 0.331967
vt 0.344104 0.419447
vt 0.350947 0.425329
vt 0.317027 0.344011
vt 0.359490 0.437550
vt 0.415855 0.437459
vt 0.415863 0.443128
vt 0.359499 0.443220
vt 0.359500 0.444438
vt 0.336431 0.467118
vt 0.330707 0.474771
vt 0.318745 0.510019
vt 0.317819 0.517982
vt 0.518558 0.540952
vt 0.514378 0.539765
vt 0.472223 0.437394
vt 0.472229 0.443064
vt 0.472229 0.444282
vt 0.501132 0.474708
vt 0.495395 0.467038
vt 0.512972 0.510193
vt 0.510572 0.498053
vt 0.507242 0.487770
vt 0.514514 0.525078
vt 0.513863 0.518194
vt 0.514507 0.531165
vt 0.513092 0.537001
vt 0.499706 0.800970
vt 0.499715 0.804046
vt 0.484348 0.804029
vt 0.484352 0.800968
vt 0.469134 0.803989
vt 0.469148 0.800964
vt 0.454102 0.803948
vt 0.454117 0.800961
vt 0.731772 0.800978
vt 0.731780 0.804704
vt 0.713229 0.804641
vt 0.713224 0.800978
vt 0.695155 0.804560
vt 0.695147 0.800978
vt 0.677444 0.804510
vt 0.677433 0.800978
vt 0.659924 0.804439
vt 0.659918 0.800979
vt 0.642716 0.804372
vt 0.642712 0.800978
vt 0.625976 0.804293
vt 0.625970 0.800978
vt 0.609606 0.804230
vt 0.609598 0.800978
vt 0.593466 0.804186
vt 0.593458 0.800978
vt 0.577517 0.804150
vt 0.577509 0.800978
vt 0.561737 0.804121
vt 0.561740 0.800977
vt 0.546105 0.804100
vt 0.546119 0.800976
vt 0.530573 0.804065
vt 0.530585 0.800975
vt 0.515131 0.800973
vt 0.515130 0.804056
vt 0.577449 0.809589
vt 0.593397 0.809687
vt 0.593351 0.813047
vt 0.577406 0.812912
vt 0.609532 0.809802
vt 0.625881 0.809979
vt 0.625811 0.813447
vt 0.609480 0.813203
vt 0.642605 0.810195
vt 0.659843 0.810357
vt 0.659800 0.814066
vt 0.642527 0.813755
vt 0.499663 0.809320
vt 0.515078 0.809362
vt 0.515053 0.812602
vt 0.499635 0.812543
vt 0.530519 0.809352
vt 0.546044 0.809467
vt 0.546031 0.812661
vt 0.530507 0.812660
vt 0.484283 0.809273
vt 0.484243 0.812480
vt 0.561672 0.809502
vt 0.561634 0.812788
vt 0.530505 0.815706
vt 0.515044 0.815578
vt 0.561620 0.815876
vt 0.546025 0.815732
vt 0.659764 0.817491
vt 0.642469 0.817107
vt 0.577389 0.816035
vt 0.625763 0.816709
vt 0.561591 0.819147
vt 0.546011 0.818980
vt 0.593331 0.816205
vt 0.593295 0.819550
vt 0.577355 0.819344
vt 0.530494 0.818936
vt 0.712973 0.818384
vt 0.731635 0.818773
vt 0.731578 0.822826
vt 0.712851 0.822215
vt 0.609451 0.816396
vt 0.609406 0.819775
vt 0.694939 0.817971
vt 0.694852 0.821579
vt 0.028129 0.884620
vt 0.042198 0.876499
vt 0.053311 0.903837
vt 0.045939 0.908151
vt 0.115375 0.971875
vt 0.103887 0.983361
vt 0.086077 0.959830
vt 0.092081 0.953755
vt 0.089818 0.991481
vt 0.074126 0.995684
vt 0.070469 0.966402
vt 0.078706 0.964143
vt 0.057890 0.872296
vt 0.074134 0.872298
vt 0.070088 0.901529
vt 0.061547 0.901578
vt 0.028126 0.983354
vt 0.016641 0.971868
vt 0.040169 0.954059
vt 0.046244 0.960063
vt 0.057882 0.995683
vt 0.042193 0.991477
vt 0.053665 0.964290
vt 0.061928 0.966452
vt 0.089823 0.876503
vt 0.103890 0.884626
vt 0.085772 0.907918
vt 0.078351 0.903691
vt 0.008518 0.957801
vt 0.004314 0.942111
vt 0.033596 0.938451
vt 0.035855 0.946688
vt 0.115376 0.896112
vt 0.123498 0.910180
vt 0.096161 0.921293
vt 0.091847 0.913921
vt 0.004314 0.925866
vt 0.008518 0.910175
vt 0.035708 0.921647
vt 0.033546 0.929910
vt 0.127702 0.925870
vt 0.127702 0.942115
vt 0.098470 0.938071
vt 0.098420 0.929530
vt 0.016641 0.896106
vt 0.039935 0.914226
vt 0.123498 0.957806
vt 0.096308 0.946333
vt 0.041417 0.953083
vt 0.047197 0.958797
vt 0.054259 0.962821
vt 0.062121 0.964879
vt 0.084819 0.909183
vt 0.077758 0.905160
vt 0.035165 0.938230
vt 0.037314 0.946068
vt 0.094703 0.921912
vt 0.090599 0.914897
vt 0.037177 0.922240
vt 0.035119 0.930103
vt 0.096898 0.937878
vt 0.096851 0.929751
vt 0.046915 0.909399
vt 0.041201 0.915179
vt 0.090816 0.952802
vt 0.094839 0.945740
vt 0.078086 0.962685
vt 0.085102 0.958581
vt 0.061768 0.903147
vt 0.053930 0.905295
vt 0.070248 0.964833
vt 0.069895 0.903101
vt 0.066008 0.933990
vt 0.469067 0.809178
vt 0.695055 0.810705
vt 0.677371 0.810576
vt 0.731701 0.811083
vt 0.713112 0.810925
vt 0.454033 0.809073
vt 0.025780 0.881557
vt 0.040722 0.872932
vt 0.118438 0.974225
vt 0.106236 0.986424
vt 0.091294 0.995048
vt 0.074630 0.999511
vt 0.057386 0.868469
vt 0.074638 0.868471
vt 0.025776 0.986416
vt 0.013578 0.974218
vt 0.091301 0.872938
vt 0.106240 0.881564
vt 0.004952 0.959278
vt 0.000487 0.942614
vt 0.118439 0.893762
vt 0.127064 0.908703
vt 0.000487 0.925362
vt 0.004952 0.908697
vt 0.131529 0.925367
vt 0.131529 0.942619
vt 0.013578 0.893755
vt 0.127064 0.959283
vt 0.484349 0.797906
vt 0.499716 0.797895
vt 0.469135 0.797940
vt 0.454103 0.797974
vt 0.713229 0.797316
vt 0.731780 0.797253
vt 0.695155 0.797397
vt 0.659924 0.797518
vt 0.677444 0.797447
vt 0.642716 0.797585
vt 0.625976 0.797664
vt 0.609606 0.797727
vt 0.593466 0.797770
vt 0.577517 0.797806
vt 0.561737 0.797834
vt 0.546105 0.797853
vt 0.530574 0.797885
vt 0.515131 0.797890
vt 0.609532 0.792155
vt 0.609480 0.788754
vt 0.625811 0.788510
vt 0.625881 0.791978
vt 0.530521 0.792598
vt 0.530509 0.789289
vt 0.546032 0.789292
vt 0.546046 0.792486
vt 0.561673 0.792453
vt 0.561635 0.789167
vt 0.577407 0.789044
vt 0.577449 0.792367
vt 0.593397 0.792270
vt 0.593351 0.788910
vt 0.546028 0.786221
vt 0.561621 0.786079
vt 0.577389 0.785921
vt 0.546014 0.782973
vt 0.561593 0.782808
vt 0.577356 0.782613
vt 0.593295 0.782407
vt 0.593331 0.785752
vt 0.609451 0.785561
vt 0.609406 0.782182
vt 0.625676 0.781906
vt 0.625763 0.785248
vt 0.642469 0.784850
vt 0.642352 0.781301
vt 0.659699 0.780711
vt 0.659764 0.784466
vt 0.677317 0.784300
vt 0.677287 0.780629
vt 0.694852 0.780378
vt 0.694939 0.783987
vt 0.530508 0.786244
vt 0.530498 0.783014
vt 0.712851 0.779742
vt 0.712973 0.783573
vt 0.420272 0.691236
vt 0.438082 0.667705
vt 0.445453 0.672019
vt 0.434341 0.699357
vt 0.507518 0.603981
vt 0.484224 0.622101
vt 0.478220 0.616027
vt 0.496029 0.592495
vt 0.481960 0.584375
vt 0.470848 0.611713
vt 0.462611 0.609454
vt 0.466269 0.580172
vt 0.450032 0.703560
vt 0.453690 0.674278
vt 0.462231 0.674328
vt 0.466276 0.703559
vt 0.420269 0.592502
vt 0.438387 0.615793
vt 0.432312 0.621797
vt 0.408783 0.603988
vt 0.450025 0.580174
vt 0.454071 0.609404
vt 0.445808 0.611566
vt 0.434336 0.584379
vt 0.481966 0.699353
vt 0.470494 0.672165
vt 0.477915 0.667938
vt 0.496033 0.691230
vt 0.400661 0.618055
vt 0.427998 0.629169
vt 0.425739 0.637405
vt 0.396457 0.633746
vt 0.507519 0.679744
vt 0.483990 0.661935
vt 0.488304 0.654563
vt 0.515641 0.665676
vt 0.396457 0.649990
vt 0.425689 0.645946
vt 0.427851 0.654209
vt 0.400661 0.665681
vt 0.519845 0.649986
vt 0.490563 0.646326
vt 0.490613 0.637786
vt 0.519845 0.633741
vt 0.408784 0.679750
vt 0.432078 0.661631
vt 0.515640 0.618050
vt 0.488451 0.629523
vt 0.439340 0.617059
vt 0.433560 0.622773
vt 0.454263 0.610977
vt 0.446401 0.613036
vt 0.469900 0.670696
vt 0.476962 0.666673
vt 0.429456 0.629788
vt 0.427308 0.637626
vt 0.482742 0.660959
vt 0.486845 0.653944
vt 0.427261 0.645753
vt 0.429320 0.653616
vt 0.488994 0.646106
vt 0.489040 0.637978
vt 0.433343 0.660677
vt 0.439057 0.666457
vt 0.486982 0.630116
vt 0.482958 0.623054
vt 0.477244 0.617275
vt 0.470229 0.613171
vt 0.446073 0.670561
vt 0.453911 0.672709
vt 0.462391 0.611023
vt 0.462038 0.672755
vt 0.458151 0.641866
vt 0.499666 0.792621
vt 0.515081 0.792584
vt 0.469070 0.792751
vt 0.484286 0.792663
vt 0.713112 0.791032
vt 0.731701 0.790874
vt 0.642605 0.791762
vt 0.454037 0.792849
vt 0.695055 0.791252
vt 0.417923 0.694299
vt 0.432865 0.702924
vt 0.449529 0.707387
vt 0.466781 0.707385
vt 0.483444 0.702919
vt 0.498383 0.694292
vt 0.397095 0.616578
vt 0.392630 0.633242
vt 0.510581 0.682094
vt 0.519207 0.667153
vt 0.392630 0.650494
vt 0.397095 0.667159
vt 0.523672 0.650489
vt 0.523672 0.633237
vt 0.405721 0.682101
vt 0.405721 0.601638
vt 0.519207 0.616573
vt 0.104923 0.845640
vt 0.104932 0.848715
vt 0.089565 0.848698
vt 0.089569 0.845637
vt 0.074351 0.848658
vt 0.074365 0.845633
vt 0.059318 0.848617
vt 0.059334 0.845630
vt 0.318441 0.845648
vt 0.318446 0.849310
vt 0.300371 0.849230
vt 0.300364 0.845648
vt 0.282661 0.849179
vt 0.282650 0.845648
vt 0.247929 0.845648
vt 0.247933 0.849042
vt 0.231193 0.848962
vt 0.231187 0.845648
vt 0.214823 0.848899
vt 0.214815 0.845648
vt 0.198683 0.848856
vt 0.198675 0.845648
vt 0.182734 0.848819
vt 0.182726 0.845647
vt 0.166954 0.848790
vt 0.166957 0.845647
vt 0.151322 0.848769
vt 0.151336 0.845645
vt 0.135790 0.848734
vt 0.135802 0.845644
vt 0.120348 0.845642
vt 0.120347 0.848725
vt 0.182666 0.854258
vt 0.198613 0.854356
vt 0.198568 0.857716
vt 0.182623 0.857581
vt 0.104880 0.853989
vt 0.120295 0.854031
vt 0.120270 0.857271
vt 0.104852 0.857212
vt 0.135736 0.854021
vt 0.151261 0.854136
vt 0.151247 0.857330
vt 0.135724 0.857329
vt 0.166889 0.854171
vt 0.166851 0.857457
vt 0.214749 0.854471
vt 0.214697 0.857872
vt 0.135722 0.860375
vt 0.120260 0.860247
vt 0.166837 0.860545
vt 0.151242 0.860401
vt 0.781707 0.128560
vt 0.770221 0.117074
vt 0.793749 0.099264
vt 0.799824 0.105268
vt 0.811463 0.140888
vt 0.795773 0.136682
vt 0.807246 0.109495
vt 0.815508 0.111657
vt 0.762099 0.103006
vt 0.757894 0.087316
vt 0.787177 0.083656
vt 0.789436 0.091893
vt 0.827707 0.140889
vt 0.824049 0.111607
vt 0.757894 0.071071
vt 0.787126 0.075115
vt 0.794998 0.098289
vt 0.800777 0.104002
vt 0.807839 0.108026
vt 0.815701 0.110085
vt 0.788745 0.083435
vt 0.790894 0.091273
vt 0.823828 0.110038
vt 0.788699 0.075308
vt 0.790757 0.067446
vt 0.819588 0.079195
vt 0.850431 0.074956
vt 0.850478 0.083083
vt 0.794781 0.060384
vt 0.800495 0.054604
vt 0.848419 0.090945
vt 0.844396 0.098007
vt 0.838682 0.103787
vt 0.831667 0.107890
vt 0.807510 0.050501
vt 0.815349 0.048352
vt 0.823476 0.048306
vt 0.831338 0.050365
vt 0.838400 0.054388
vt 0.844179 0.060102
vt 0.848283 0.067118
vt 0.231098 0.854648
vt 0.089500 0.853942
vt 0.074284 0.853847
vt 0.300272 0.855374
vt 0.282588 0.855245
vt 0.247822 0.854864
vt 0.059250 0.853742
vt 0.318329 0.855594
vt 0.089566 0.842575
vt 0.104933 0.842564
vt 0.074352 0.842609
vt 0.059320 0.842642
vt 0.231193 0.842333
vt 0.247933 0.842254
vt 0.214823 0.842397
vt 0.198683 0.842439
vt 0.182734 0.842475
vt 0.166954 0.842503
vt 0.151322 0.842522
vt 0.135791 0.842554
vt 0.120348 0.842559
vt 0.214749 0.836824
vt 0.214697 0.833423
vt 0.231028 0.833179
vt 0.231098 0.836647
vt 0.074287 0.837420
vt 0.074246 0.834250
vt 0.089465 0.834125
vt 0.089503 0.837332
vt 0.282588 0.836050
vt 0.282560 0.832439
vt 0.300203 0.832178
vt 0.300272 0.835921
vt 0.135738 0.837267
vt 0.135726 0.833959
vt 0.151249 0.833961
vt 0.151263 0.837155
vt 0.104855 0.834067
vt 0.104883 0.837290
vt 0.166890 0.837122
vt 0.166852 0.833836
vt 0.182624 0.833713
vt 0.182666 0.837036
vt 0.198614 0.836939
vt 0.198568 0.833579
vt 0.318248 0.831860
vt 0.318329 0.835701
vt 0.151245 0.830890
vt 0.151231 0.827642
vt 0.166810 0.827477
vt 0.166838 0.830748
vt 0.182606 0.830590
vt 0.182573 0.827282
vt 0.198512 0.827076
vt 0.198548 0.830421
vt 0.247686 0.829519
vt 0.247569 0.825970
vt 0.264916 0.825380
vt 0.264981 0.829135
vt 0.282534 0.828969
vt 0.282504 0.825298
vt 0.300069 0.825047
vt 0.300156 0.828656
vt 0.230980 0.829917
vt 0.230893 0.826575
vt 0.318068 0.824411
vt 0.318190 0.828242
vt 0.375502 0.679751
vt 0.351973 0.661939
vt 0.356287 0.654567
vt 0.383624 0.665682
vt 0.288256 0.592496
vt 0.306373 0.615792
vt 0.300298 0.621795
vt 0.276769 0.603983
vt 0.268647 0.618052
vt 0.295984 0.629166
vt 0.293724 0.637403
vt 0.264442 0.633742
vt 0.387829 0.649992
vt 0.358547 0.646331
vt 0.358598 0.637790
vt 0.387829 0.633748
vt 0.276767 0.679743
vt 0.300061 0.661628
vt 0.306064 0.667704
vt 0.288252 0.691231
vt 0.264442 0.649986
vt 0.293673 0.645944
vt 0.295835 0.654206
vt 0.268646 0.665676
vt 0.383625 0.618057
vt 0.356436 0.629527
vt 0.352210 0.622105
vt 0.375504 0.603990
vt 0.302319 0.699354
vt 0.313435 0.672018
vt 0.321672 0.674278
vt 0.318009 0.703560
vt 0.364019 0.592503
vt 0.346207 0.616030
vt 0.338836 0.611715
vt 0.349952 0.584379
vt 0.334253 0.703562
vt 0.330212 0.674329
vt 0.338475 0.672168
vt 0.349945 0.699359
vt 0.334262 0.580174
vt 0.330599 0.609455
vt 0.322058 0.609404
vt 0.318017 0.580172
vt 0.364015 0.691238
vt 0.345897 0.667942
vt 0.302326 0.584375
vt 0.313795 0.611566
vt 0.301326 0.660675
vt 0.307040 0.666456
vt 0.295246 0.645751
vt 0.297304 0.653613
vt 0.354967 0.630120
vt 0.350944 0.623058
vt 0.314054 0.670560
vt 0.321892 0.672709
vt 0.345231 0.617278
vt 0.338216 0.613173
vt 0.330020 0.672757
vt 0.337882 0.670699
vt 0.330378 0.611024
vt 0.322251 0.610977
vt 0.344944 0.666676
vt 0.350725 0.660963
vt 0.314388 0.613035
vt 0.307326 0.617057
vt 0.301546 0.622771
vt 0.297442 0.629786
vt 0.354829 0.653948
vt 0.356978 0.646110
vt 0.295293 0.637624
vt 0.357025 0.637983
vt 0.326135 0.641867
vt 0.120298 0.837253
vt 0.282661 0.842116
vt 0.300371 0.842066
vt 0.247822 0.836431
vt 0.318446 0.841985
vt 0.378565 0.682100
vt 0.387191 0.667159
vt 0.265080 0.616575
vt 0.260615 0.633239
vt 0.391656 0.650495
vt 0.391656 0.633243
vt 0.387191 0.616580
vt 0.378566 0.601640
vt 0.300842 0.702920
vt 0.317505 0.707387
vt 0.366369 0.589440
vt 0.351429 0.580813
vt 0.334757 0.707389
vt 0.351422 0.702925
vt 0.334766 0.576347
vt 0.317514 0.576345
vt 0.366365 0.694301
vt 0.260615 0.650490
vt 0.285902 0.694293
vt 0.300848 0.580808
vt 0.424643 0.845673
vt 0.424640 0.848570
vt 0.410304 0.848524
vt 0.410303 0.845678
vt 0.396658 0.848313
vt 0.396758 0.845682
vt 0.769301 0.845648
vt 0.769332 0.849378
vt 0.750591 0.849422
vt 0.750574 0.845648
vt 0.731780 0.849374
vt 0.731772 0.845648
vt 0.713229 0.849310
vt 0.713224 0.845648
vt 0.695154 0.849229
vt 0.695147 0.845648
vt 0.677444 0.849179
vt 0.677433 0.845648
vt 0.659924 0.849108
vt 0.659918 0.845648
vt 0.642716 0.849041
vt 0.642712 0.845648
vt 0.625976 0.848962
vt 0.625970 0.845648
vt 0.609606 0.848899
vt 0.609598 0.845648
vt 0.593466 0.848856
vt 0.593458 0.845648
vt 0.577517 0.848820
vt 0.577509 0.845648
vt 0.561737 0.848793
vt 0.561740 0.845649
vt 0.546105 0.848773
vt 0.546119 0.845650
vt 0.530573 0.848741
vt 0.530585 0.845651
vt 0.577449 0.854259
vt 0.593396 0.854356
vt 0.593351 0.857716
vt 0.577406 0.857582
vt 0.642605 0.854864
vt 0.659843 0.855026
vt 0.659799 0.858735
vt 0.642526 0.858424
vt 0.677371 0.855245
vt 0.695054 0.855374
vt 0.694986 0.859117
vt 0.677343 0.858856
vt 0.713112 0.855594
vt 0.731701 0.855752
vt 0.731663 0.859749
vt 0.713031 0.859435
vt 0.561672 0.854173
vt 0.561635 0.857459
vt 0.625881 0.854648
vt 0.625811 0.858116
vt 0.750543 0.855928
vt 0.750545 0.859804
vt 0.546028 0.860405
vt 0.561621 0.860547
vt 0.561592 0.863818
vt 0.546013 0.863653
vt 0.577389 0.860705
vt 0.593331 0.860874
vt 0.593295 0.864219
vt 0.577356 0.864013
vt 0.609451 0.861066
vt 0.625763 0.861378
vt 0.625676 0.864720
vt 0.609405 0.864444
vt 0.642469 0.861776
vt 0.659763 0.862160
vt 0.659699 0.865915
vt 0.642351 0.865326
vt 0.817695 0.795282
vt 0.831765 0.787161
vt 0.842877 0.814499
vt 0.835505 0.818813
vt 0.904941 0.882537
vt 0.893453 0.894023
vt 0.875643 0.870492
vt 0.881647 0.864417
vt 0.879384 0.902143
vt 0.863693 0.906346
vt 0.860035 0.877064
vt 0.868272 0.874805
vt 0.847456 0.782958
vt 0.863700 0.782960
vt 0.859654 0.812190
vt 0.851114 0.812240
vt 0.817693 0.894016
vt 0.806207 0.882530
vt 0.829735 0.864721
vt 0.835810 0.870725
vt 0.847449 0.906345
vt 0.831759 0.902139
vt 0.843232 0.874952
vt 0.851494 0.877114
vt 0.879389 0.787165
vt 0.893457 0.795288
vt 0.875339 0.818580
vt 0.867917 0.814353
vt 0.798085 0.868463
vt 0.793880 0.852772
vt 0.823163 0.849113
vt 0.825422 0.857350
vt 0.904942 0.806774
vt 0.913064 0.820842
vt 0.885727 0.831955
vt 0.881413 0.824583
vt 0.793880 0.836528
vt 0.798085 0.820837
vt 0.825274 0.832309
vt 0.823112 0.840572
vt 0.917268 0.836532
vt 0.917268 0.852777
vt 0.888036 0.848732
vt 0.887986 0.840192
vt 0.806207 0.806768
vt 0.829501 0.824888
vt 0.913064 0.868468
vt 0.885874 0.856995
vt 0.830984 0.863745
vt 0.836763 0.869459
vt 0.843825 0.873483
vt 0.851687 0.875541
vt 0.874385 0.819845
vt 0.867324 0.815822
vt 0.824731 0.848892
vt 0.826880 0.856730
vt 0.884269 0.832574
vt 0.880165 0.825559
vt 0.826743 0.832902
vt 0.824685 0.840765
vt 0.886464 0.848540
vt 0.886417 0.840412
vt 0.836481 0.820061
vt 0.830767 0.825841
vt 0.880382 0.863464
vt 0.884405 0.856402
vt 0.867653 0.873347
vt 0.874668 0.869243
vt 0.851334 0.813809
vt 0.843496 0.815957
vt 0.859814 0.875495
vt 0.859462 0.813763
vt 0.855574 0.844652
vt 0.609532 0.854471
vt 0.769354 0.855844
vt 0.546045 0.854140
vt 0.815346 0.792219
vt 0.830288 0.783594
vt 0.908004 0.884887
vt 0.895802 0.897086
vt 0.880860 0.905710
vt 0.864196 0.910173
vt 0.846953 0.779131
vt 0.864204 0.779133
vt 0.815343 0.897078
vt 0.803144 0.884880
vt 0.880867 0.783599
vt 0.895806 0.792226
vt 0.794519 0.869940
vt 0.790053 0.853276
vt 0.908005 0.804424
vt 0.916630 0.819365
vt 0.790053 0.836024
vt 0.794518 0.819359
vt 0.921095 0.836029
vt 0.921095 0.853281
vt 0.803145 0.804417
vt 0.916630 0.869945
vt 0.830281 0.905705
vt 0.410302 0.842831
vt 0.424638 0.842776
vt 0.396657 0.843051
vt 0.731780 0.841922
vt 0.750591 0.841873
vt 0.713229 0.841985
vt 0.695154 0.842066
vt 0.677444 0.842116
vt 0.659924 0.842187
vt 0.642716 0.842254
vt 0.625976 0.842333
vt 0.609606 0.842397
vt 0.593466 0.842440
vt 0.577517 0.842476
vt 0.561736 0.842505
vt 0.546105 0.842526
vt 0.530573 0.842561
vt 0.577449 0.837037
vt 0.577406 0.833714
vt 0.593351 0.833579
vt 0.593396 0.836939
vt 0.609532 0.836824
vt 0.609480 0.833423
vt 0.625811 0.833179
vt 0.625881 0.836647
vt 0.642605 0.836431
vt 0.642526 0.832871
vt 0.659799 0.832560
vt 0.659843 0.836269
vt 0.677371 0.836050
vt 0.677343 0.832439
vt 0.694986 0.832178
vt 0.695055 0.835921
vt 0.530519 0.837274
vt 0.530506 0.833966
vt 0.546030 0.833965
vt 0.546044 0.837159
vt 0.561671 0.837124
vt 0.561634 0.833838
vt 0.868954 0.249096
vt 0.845425 0.231284
vt 0.849739 0.223913
vt 0.877076 0.235028
vt 0.881281 0.219337
vt 0.851999 0.215676
vt 0.852050 0.207136
vt 0.881281 0.203093
vt 0.877077 0.187403
vt 0.849888 0.198873
vt 0.845662 0.191451
vt 0.868956 0.173335
vt 0.857467 0.260583
vt 0.839350 0.237288
vt 0.839659 0.185376
vt 0.857471 0.161848
vt 0.848419 0.199466
vt 0.844396 0.192404
vt 0.838396 0.236022
vt 0.844177 0.230308
vt 0.848281 0.223294
vt 0.850430 0.215455
vt 0.850477 0.207328
vt 0.838683 0.186624
vt 0.823472 0.242102
vt 0.819588 0.211213
vt 0.831334 0.240045
vt 0.823830 0.180370
vt 0.815703 0.180323
vt 0.807841 0.182380
vt 0.800779 0.186403
vt 0.794998 0.192117
vt 0.790894 0.199131
vt 0.788745 0.206970
vt 0.788698 0.215097
vt 0.800492 0.235801
vt 0.807507 0.239906
vt 0.790756 0.222959
vt 0.794779 0.230021
vt 0.815345 0.242055
vt 0.831668 0.182519
vt 0.713112 0.835701
vt 0.731701 0.835544
vt 0.089569 0.800967
vt 0.089565 0.804029
vt 0.074350 0.803989
vt 0.074365 0.800964
vt 0.059318 0.803948
vt 0.059333 0.800960
vt 0.044494 0.800956
vt 0.044479 0.803904
vt 0.029855 0.803849
vt 0.029860 0.800952
vt 0.015519 0.803793
vt 0.015520 0.800947
vt 0.001874 0.803573
vt 0.001976 0.800943
vt 0.374518 0.800979
vt 0.374548 0.804709
vt 0.355808 0.804753
vt 0.355791 0.800979
vt 0.336997 0.804704
vt 0.336989 0.800979
vt 0.318446 0.804641
vt 0.318441 0.800978
vt 0.300371 0.804560
vt 0.300364 0.800978
vt 0.282661 0.804510
vt 0.282650 0.800978
vt 0.265141 0.804439
vt 0.265135 0.800978
vt 0.247933 0.804372
vt 0.247929 0.800978
vt 0.231193 0.804293
vt 0.231187 0.800978
vt 0.214823 0.804229
vt 0.214814 0.800978
vt 0.198683 0.804186
vt 0.198675 0.800978
vt 0.182734 0.804150
vt 0.182726 0.800978
vt 0.166953 0.804121
vt 0.166957 0.800977
vt 0.151322 0.804099
vt 0.151336 0.800976
vt 0.135790 0.804064
vt 0.135802 0.800974
vt 0.182666 0.809589
vt 0.198613 0.809687
vt 0.198568 0.813047
vt 0.182623 0.812912
vt 0.214749 0.809802
vt 0.231097 0.809979
vt 0.231028 0.813447
vt 0.214697 0.813203
vt 0.247822 0.810195
vt 0.265060 0.810357
vt 0.265016 0.814066
vt 0.247743 0.813755
vt 0.166888 0.809502
vt 0.166851 0.812787
vt 0.282587 0.810576
vt 0.282560 0.814187
vt 0.230980 0.816709
vt 0.214668 0.816396
vt 0.198548 0.816205
vt 0.151242 0.815732
vt 0.166837 0.815876
vt 0.166807 0.819147
vt 0.151227 0.818980
vt 0.182605 0.816035
vt 0.198511 0.819550
vt 0.182572 0.819344
vt 0.230893 0.820051
vt 0.214622 0.819775
vt 0.282534 0.817657
vt 0.300156 0.817971
vt 0.300068 0.821579
vt 0.282504 0.821328
vt 0.247686 0.817107
vt 0.247568 0.820656
vt 0.264980 0.817491
vt 0.264916 0.821246
vt 0.318190 0.818384
vt 0.318068 0.822215
vt 0.247390 0.896107
vt 0.255512 0.910176
vt 0.228175 0.921290
vt 0.223861 0.913919
vt 0.160144 0.983362
vt 0.148657 0.971875
vt 0.172186 0.954063
vt 0.178261 0.960066
vt 0.140534 0.957806
vt 0.136330 0.942116
vt 0.165612 0.938455
vt 0.167872 0.946692
vt 0.259717 0.925866
vt 0.259717 0.942110
vt 0.230485 0.938068
vt 0.230435 0.929527
vt 0.148655 0.896114
vt 0.160140 0.884627
vt 0.177952 0.908154
vt 0.171949 0.914230
vt 0.136330 0.925872
vt 0.140534 0.910182
vt 0.167723 0.921651
vt 0.165561 0.929914
vt 0.255513 0.957800
vt 0.247392 0.971868
vt 0.224098 0.953753
vt 0.228324 0.946331
vt 0.174207 0.876504
vt 0.189897 0.872298
vt 0.193559 0.901580
vt 0.185323 0.903840
vt 0.235907 0.983355
vt 0.221840 0.991478
vt 0.210724 0.964143
vt 0.218095 0.959828
vt 0.206141 0.872296
vt 0.221833 0.876499
vt 0.210363 0.903690
vt 0.202100 0.901529
vt 0.206149 0.995684
vt 0.189905 0.995686
vt 0.193946 0.966454
vt 0.202487 0.966402
vt 0.235903 0.884620
vt 0.217785 0.907916
vt 0.174213 0.991483
vt 0.185683 0.964292
vt 0.178928 0.909402
vt 0.173214 0.915183
vt 0.169192 0.922244
vt 0.167134 0.930107
vt 0.222832 0.952800
vt 0.226855 0.945738
vt 0.193780 0.903149
vt 0.185942 0.905298
vt 0.210104 0.962684
vt 0.217119 0.958580
vt 0.209770 0.905159
vt 0.201908 0.903101
vt 0.194139 0.964881
vt 0.202266 0.964834
vt 0.222612 0.914895
vt 0.216832 0.909182
vt 0.179214 0.958800
vt 0.186276 0.962823
vt 0.169330 0.946072
vt 0.173434 0.953087
vt 0.228866 0.929748
vt 0.226717 0.921910
vt 0.167181 0.938234
vt 0.228913 0.937875
vt 0.198023 0.933991
vt 0.300271 0.810705
vt 0.336918 0.811083
vt 0.318329 0.810925
vt 0.374571 0.811175
vt 0.355760 0.811259
vt 0.151261 0.809466
vt 0.250453 0.893758
vt 0.259079 0.908699
vt 0.157793 0.986425
vt 0.145594 0.974224
vt 0.136968 0.959283
vt 0.132503 0.942619
vt 0.263544 0.925363
vt 0.263544 0.942614
vt 0.132503 0.925368
vt 0.136968 0.908704
vt 0.259079 0.959278
vt 0.250454 0.974218
vt 0.172729 0.872938
vt 0.189393 0.868471
vt 0.238256 0.986418
vt 0.223317 0.995045
vt 0.206645 0.868469
vt 0.223310 0.872932
vt 0.238253 0.881557
vt 0.172736 0.995050
vt 0.157790 0.881565
vt 0.206653 0.999511
vt 0.189401 0.999513
vt 0.074352 0.797939
vt 0.089566 0.797906
vt 0.059320 0.797973
vt 0.029857 0.798054
vt 0.044480 0.798009
vt 0.015521 0.798101
vt 0.001875 0.798312
vt 0.336997 0.797253
vt 0.355808 0.797204
vt 0.318446 0.797316
vt 0.300371 0.797397
vt 0.282661 0.797447
vt 0.265141 0.797518
vt 0.247933 0.797584
vt 0.231193 0.797664
vt 0.214823 0.797727
vt 0.198683 0.797770
vt 0.182734 0.797806
vt 0.166954 0.797833
vt 0.151322 0.797852
vt 0.135791 0.797885
vt 0.182666 0.792367
vt 0.182624 0.789044
vt 0.198568 0.788909
vt 0.198614 0.792270
vt 0.214749 0.792155
vt 0.214697 0.788754
vt 0.231028 0.788510
vt 0.231098 0.791978
vt 0.247822 0.791762
vt 0.247743 0.788202
vt 0.265016 0.787891
vt 0.265060 0.791600
vt 0.282587 0.791381
vt 0.282560 0.787770
vt 0.300203 0.787509
vt 0.300271 0.791252
vt 0.135738 0.792597
vt 0.135726 0.789289
vt 0.151249 0.789291
vt 0.151262 0.792486
vt 0.166889 0.792452
vt 0.166852 0.789167
vt 0.264980 0.784466
vt 0.282534 0.784300
vt 0.214668 0.785560
vt 0.230980 0.785248
vt 0.247686 0.784850
vt 0.198548 0.785752
vt 0.151245 0.786220
vt 0.151230 0.782973
vt 0.166809 0.782808
vt 0.166838 0.786079
vt 0.214622 0.782182
vt 0.230893 0.781906
vt 0.247568 0.781300
vt 0.264916 0.780711
vt 0.282504 0.780629
vt 0.300068 0.780378
vt 0.300156 0.783987
vt 0.182573 0.782613
vt 0.182606 0.785921
vt 0.198512 0.782407
vt 0.318068 0.779742
vt 0.318190 0.783573
vt 0.379404 0.971875
vt 0.355875 0.954063
vt 0.360189 0.946692
vt 0.387527 0.957807
vt 0.292158 0.884620
vt 0.310276 0.907916
vt 0.304200 0.913919
vt 0.280671 0.896107
vt 0.272549 0.910176
vt 0.299886 0.921290
vt 0.297626 0.929527
vt 0.268345 0.925866
vt 0.391731 0.942116
vt 0.362449 0.938455
vt 0.362500 0.929914
vt 0.391731 0.925872
vt 0.280670 0.971868
vt 0.303963 0.953753
vt 0.309966 0.959828
vt 0.292155 0.983355
vt 0.268345 0.942110
vt 0.297576 0.938068
vt 0.299737 0.946331
vt 0.272549 0.957800
vt 0.387527 0.910182
vt 0.360339 0.921651
vt 0.356112 0.914229
vt 0.379406 0.896114
vt 0.306221 0.991478
vt 0.317337 0.964142
vt 0.325574 0.966402
vt 0.321911 0.995684
vt 0.367921 0.884627
vt 0.350109 0.908154
vt 0.342738 0.903839
vt 0.353854 0.876504
vt 0.338156 0.995686
vt 0.334115 0.966453
vt 0.342378 0.964292
vt 0.353847 0.991483
vt 0.338164 0.872298
vt 0.334502 0.901580
vt 0.325961 0.901529
vt 0.321920 0.872296
vt 0.367917 0.983362
vt 0.349800 0.960066
vt 0.306228 0.876499
vt 0.317698 0.903690
vt 0.305229 0.952799
vt 0.310942 0.958580
vt 0.299148 0.937875
vt 0.301206 0.945738
vt 0.358869 0.922244
vt 0.354847 0.915182
vt 0.317957 0.962684
vt 0.325795 0.964833
vt 0.349133 0.909402
vt 0.342119 0.905298
vt 0.333922 0.964881
vt 0.341785 0.962823
vt 0.334281 0.903148
vt 0.326153 0.903101
vt 0.348847 0.958800
vt 0.354627 0.953087
vt 0.318291 0.905159
vt 0.311229 0.909182
vt 0.305449 0.914895
vt 0.301344 0.921910
vt 0.358731 0.946072
vt 0.360880 0.938234
vt 0.299195 0.929748
vt 0.360927 0.930107
vt 0.330038 0.933991
vt 0.318329 0.791032
vt 0.336918 0.790874
vt 0.382467 0.974225
vt 0.391093 0.959283
vt 0.268983 0.908699
vt 0.264518 0.925363
vt 0.395558 0.942619
vt 0.395558 0.925368
vt 0.391093 0.908704
vt 0.382468 0.893764
vt 0.304744 0.995044
vt 0.321407 0.999511
vt 0.370271 0.881565
vt 0.355331 0.872938
vt 0.338659 0.999513
vt 0.355324 0.995050
vt 0.338668 0.868471
vt 0.321416 0.868469
vt 0.370267 0.986425
vt 0.304751 0.872933
vt 0.289808 0.881557
vt 0.264518 0.942615
vt 0.289805 0.986417
vt 0.913980 0.402707
vt 0.920047 0.440444
vt 0.915574 0.328951
vt 0.918551 0.440813
vt 0.913927 0.328730
vt 0.904633 0.299649
vt 0.894310 0.399890
vt 0.900845 0.308370
vt 0.902226 0.303881
vt 0.903607 0.299393
vt 0.897027 0.321704
vt 0.898206 0.317286
vt 0.896860 0.418437
vt 0.895818 0.413820
vt 0.894776 0.409204
vt 0.901413 0.436644
vt 0.900336 0.432088
vt 0.899260 0.427531
vt 0.903530 0.445866
vt 0.902472 0.441255
vt 0.899526 0.312828
vt 0.894011 0.404588
vt 0.893246 0.399972
vt 0.898060 0.422984
vt 0.893642 0.385936
vt 0.893341 0.390631
vt 0.893944 0.381241
vt 0.893293 0.395302
vt 0.941811 0.396369
vt 0.946305 0.308657
vt 0.812949 0.532433
vt 0.736088 0.546998
vt 0.734603 0.546998
vt 0.812949 0.546998
vt 0.892271 0.532433
vt 0.347240 0.177170
vt 0.347624 0.181678
vt 0.932533 0.063148
vt 0.934469 0.063159
vt 0.932873 0.058018
vt 0.906465 0.061156
vt 0.904759 0.061025
vt 0.888369 0.059745
vt 0.886349 0.059589
vt 0.895384 0.060292
vt 0.932541 0.063024
vt 0.888275 0.105864
vt 0.886782 0.078300
vt 0.348199 0.158246
vt 0.898433 0.014190
vt 0.939143 0.150883
vt 0.937107 0.151191
vt 0.912756 0.154954
vt 0.911204 0.155300
vt 0.890748 0.133117
vt 0.934649 0.063172
vt 0.347647 0.172671
vt 0.611356 0.014515
vt 0.611356 0.013674
vt 0.615928 0.013674
vt 0.615928 0.014515
vt 0.620500 0.014515
vt 0.620500 0.013674
vt 0.625072 0.013674
vt 0.625072 0.014515
vt 0.629645 0.014515
vt 0.629645 0.013674
vt 0.634217 0.013674
vt 0.634217 0.014515
vt 0.638789 0.014515
vt 0.638789 0.013674
vt 0.643361 0.013674
vt 0.643361 0.014515
vt 0.647933 0.014515
vt 0.647933 0.013674
vt 0.652505 0.013674
vt 0.652505 0.014515
vt 0.657078 0.014515
vt 0.657078 0.013674
vt 0.661650 0.013674
vt 0.661650 0.014515
vt 0.666222 0.014515
vt 0.666222 0.013674
vt 0.670794 0.013674
vt 0.670794 0.014515
vt 0.675366 0.014515
vt 0.675366 0.013674
vt 0.679938 0.013674
vt 0.679938 0.014515
vt 0.684511 0.014515
vt 0.684511 0.013674
vt 0.689083 0.013674
vt 0.689083 0.014515
vt 0.693655 0.014515
vt 0.693655 0.013674
vt 0.698227 0.013674
vt 0.698227 0.014515
vt 0.702799 0.014515
vt 0.702799 0.013674
vt 0.707371 0.013674
vt 0.707371 0.014515
vt 0.711944 0.014515
vt 0.711944 0.013674
vt 0.716516 0.013674
vt 0.716516 0.014515
vt 0.721088 0.014515
vt 0.721088 0.013674
vt 0.725660 0.013674
vt 0.725660 0.014515
vt 0.730232 0.014515
vt 0.730232 0.013674
vt 0.734805 0.013674
vt 0.734805 0.014515
vt 0.336810 0.017497
vt 0.339680 0.020368
vt 0.337495 0.021828
vt 0.334987 0.019320
vt 0.748521 0.014515
vt 0.748521 0.013675
vt 0.753093 0.013675
vt 0.753093 0.014515
vt 0.739377 0.014515
vt 0.739377 0.013674
vt 0.743949 0.013674
vt 0.743949 0.014515
vt 0.330189 0.050783
vt 0.326438 0.052336
vt 0.325925 0.049758
vt 0.329202 0.048401
vt 0.342787 0.031928
vt 0.342787 0.035987
vt 0.340209 0.035475
vt 0.340209 0.031928
vt 0.330189 0.013073
vt 0.333939 0.014627
vt 0.332479 0.016812
vt 0.329202 0.015455
vt 0.336810 0.046359
vt 0.333939 0.049229
vt 0.332479 0.047044
vt 0.334987 0.044536
vt 0.341233 0.024118
vt 0.342787 0.027868
vt 0.340209 0.028381
vt 0.338852 0.025104
vt 0.322379 0.052336
vt 0.318319 0.052336
vt 0.318832 0.049758
vt 0.322379 0.049758
vt 0.341233 0.039738
vt 0.345365 0.036500
vt 0.343615 0.040724
vt 0.893246 0.575601
vt 0.893246 0.572055
vt 0.906610 0.572055
vt 0.906610 0.575601
vt 0.893246 0.603975
vt 0.893246 0.600429
vt 0.906609 0.600428
vt 0.906609 0.603975
vt 0.893246 0.639442
vt 0.893246 0.635896
vt 0.906610 0.635896
vt 0.906610 0.639442
vt 0.893246 0.618162
vt 0.893246 0.614615
vt 0.906610 0.614615
vt 0.906610 0.618162
vt 0.893246 0.653629
vt 0.893246 0.650082
vt 0.906610 0.650082
vt 0.906610 0.653629
vt 0.893246 0.554321
vt 0.893246 0.550774
vt 0.906610 0.550774
vt 0.906610 0.554321
vt 0.893246 0.582695
vt 0.893246 0.579148
vt 0.906610 0.579148
vt 0.906610 0.582695
vt 0.893246 0.611069
vt 0.893246 0.607522
vt 0.906610 0.607522
vt 0.906610 0.611069
vt 0.893246 0.625255
vt 0.893246 0.621709
vt 0.906610 0.621709
vt 0.906610 0.625255
vt 0.893246 0.660723
vt 0.893246 0.657176
vt 0.906610 0.657176
vt 0.906610 0.660723
vt 0.675366 0.296737
vt 0.675366 0.298419
vt 0.670794 0.298419
vt 0.670794 0.296737
vt 0.666222 0.296737
vt 0.666222 0.298419
vt 0.661650 0.298419
vt 0.661650 0.296737
vt 0.657078 0.296737
vt 0.657078 0.298419
vt 0.652506 0.298419
vt 0.652506 0.296737
vt 0.647933 0.296737
vt 0.647933 0.298419
vt 0.643361 0.298419
vt 0.643361 0.296737
vt 0.638789 0.296737
vt 0.638789 0.298419
vt 0.634217 0.298419
vt 0.634217 0.296737
vt 0.629645 0.296737
vt 0.629645 0.298419
vt 0.625073 0.298419
vt 0.625073 0.296737
vt 0.620500 0.296737
vt 0.620500 0.298419
vt 0.615928 0.298419
vt 0.615928 0.296737
vt 0.611356 0.296737
vt 0.611356 0.298419
vt 0.606784 0.298419
vt 0.606784 0.296737
vt 0.748521 0.296737
vt 0.748521 0.298419
vt 0.743949 0.298419
vt 0.743949 0.296737
vt 0.739377 0.296737
vt 0.739377 0.298419
vt 0.734805 0.298419
vt 0.734805 0.296737
vt 0.730232 0.296737
vt 0.730232 0.298419
vt 0.725660 0.298419
vt 0.725660 0.296737
vt 0.721088 0.296737
vt 0.721088 0.298419
vt 0.716516 0.298419
vt 0.716516 0.296737
vt 0.711944 0.296737
vt 0.711944 0.298419
vt 0.707372 0.298419
vt 0.707372 0.296737
vt 0.702799 0.296737
vt 0.702799 0.298419
vt 0.698227 0.298419
vt 0.698227 0.296737
vt 0.684511 0.296737
vt 0.684511 0.298419
vt 0.679939 0.298419
vt 0.679939 0.296737
vt 0.693655 0.296737
vt 0.693655 0.298419
vt 0.689083 0.298419
vt 0.689083 0.296737
vt 0.378121 0.010692
vt 0.382345 0.012441
vt 0.380904 0.014599
vt 0.377147 0.013043
vt 0.385578 0.015674
vt 0.388811 0.018907
vt 0.386654 0.020349
vt 0.383779 0.017474
vt 0.893246 0.557868
vt 0.906610 0.557868
vt 0.893246 0.642989
vt 0.906610 0.642989
vt 0.893246 0.564961
vt 0.893246 0.561415
vt 0.906610 0.561415
vt 0.906610 0.564961
vt 0.893246 0.547228
vt 0.906610 0.547228
vt 0.893246 0.628802
vt 0.906610 0.628802
vt 0.893246 0.646536
vt 0.906610 0.646536
vt 0.893246 0.632349
vt 0.906610 0.632349
vt 0.893246 0.596882
vt 0.906609 0.596882
vt 0.339680 0.043488
vt 0.341865 0.044948
vt 0.338852 0.038751
vt 0.299393 0.027356
vt 0.301143 0.023132
vt 0.303524 0.024118
vt 0.301971 0.027868
vt 0.302892 0.018907
vt 0.305077 0.020368
vt 0.326951 0.054914
vt 0.322379 0.054914
vt 0.317807 0.054914
vt 0.302892 0.044948
vt 0.301143 0.040724
vt 0.303524 0.039738
vt 0.305078 0.043488
vt 0.341865 0.018907
vt 0.343615 0.023132
vt 0.345365 0.027356
vt 0.337495 0.042028
vt 0.338632 0.048181
vt 0.335399 0.051414
vt 0.306125 0.015674
vt 0.309358 0.012441
vt 0.310818 0.014627
vt 0.307948 0.017497
vt 0.313583 0.053164
vt 0.314569 0.050783
vt 0.326438 0.011520
vt 0.325925 0.014097
vt 0.326951 0.008942
vt 0.331175 0.010692
vt 0.335399 0.012441
vt 0.345365 0.031928
vt 0.331175 0.053164
vt 0.313582 0.010692
vt 0.314569 0.013073
vt 0.306125 0.048181
vt 0.307948 0.046359
vt 0.739377 0.015356
vt 0.743949 0.015356
vt 0.734805 0.015356
vt 0.748521 0.015356
vt 0.753093 0.015356
vt 0.338632 0.015674
vt 0.730232 0.015356
vt 0.725660 0.015356
vt 0.721088 0.015356
vt 0.716516 0.015356
vt 0.711944 0.015356
vt 0.707371 0.015356
vt 0.702799 0.015356
vt 0.698227 0.015356
vt 0.693655 0.015356
vt 0.689083 0.015356
vt 0.684511 0.015356
vt 0.679938 0.015356
vt 0.675366 0.015356
vt 0.670794 0.015356
vt 0.666222 0.015356
vt 0.661650 0.015356
vt 0.657078 0.015356
vt 0.652505 0.015356
vt 0.647933 0.015356
vt 0.643361 0.015356
vt 0.638789 0.015356
vt 0.634217 0.015356
vt 0.629645 0.015356
vt 0.625072 0.015356
vt 0.620500 0.015356
vt 0.615928 0.015356
vt 0.611356 0.015356
vt 0.606784 0.015356
vt 0.606784 0.014515
vt 0.606784 0.013674
vt 0.390561 0.023132
vt 0.388210 0.024105
vt 0.753093 0.296737
vt 0.753093 0.298419
vt 0.426231 0.047183
vt 0.421215 0.052199
vt 0.420368 0.050931
vt 0.424963 0.046336
vt 0.420368 0.023235
vt 0.424963 0.027830
vt 0.411115 0.037083
vt 0.414662 0.054914
vt 0.407568 0.054914
vt 0.407866 0.053418
vt 0.414364 0.053418
vt 0.401015 0.052199
vt 0.395999 0.047183
vt 0.397267 0.046336
vt 0.401862 0.050931
vt 0.393285 0.040630
vt 0.393284 0.033536
vt 0.394780 0.033834
vt 0.394780 0.040332
vt 0.414662 0.019253
vt 0.421215 0.021967
vt 0.414364 0.020748
vt 0.395999 0.026983
vt 0.401015 0.021967
vt 0.401862 0.023235
vt 0.397267 0.027830
vt 0.426231 0.026983
vt 0.428946 0.033536
vt 0.427450 0.033834
vt 0.428946 0.040630
vt 0.427450 0.040332
vt 0.407568 0.019253
vt 0.407866 0.020748
vt 0.423990 0.317851
vt 0.458519 0.304341
vt 0.429319 0.305943
vt 0.460819 0.320013
vt 0.348238 0.318430
vt 0.359200 0.314531
vt 0.597851 0.003259
vt 0.597875 0.029311
vt 0.588738 0.029802
vt 0.588693 0.003744
vt 0.598148 0.086188
vt 0.589159 0.086714
vt 0.580114 0.086887
vt 0.579588 0.029896
vt 0.579527 0.003826
vt 0.652763 0.001206
vt 0.652664 0.027294
vt 0.643522 0.026785
vt 0.643606 0.000703
vt 0.652131 0.084422
vt 0.643086 0.083879
vt 0.634056 0.083720
vt 0.634375 0.026678
vt 0.634440 0.000604
vt 0.671028 0.002980
vt 0.670909 0.029075
vt 0.661792 0.028106
vt 0.661902 0.002014
vt 0.670256 0.086223
vt 0.661189 0.085250
vt 0.570433 0.029560
vt 0.570365 0.003473
vt 0.571007 0.086671
vt 0.561865 0.086235
vt 0.561276 0.028981
vt 0.561207 0.002874
vt 0.625234 0.027020
vt 0.625280 0.000955
vt 0.625040 0.084000
vt 0.616052 0.084618
vt 0.616107 0.027696
vt 0.616131 0.001639
vt 0.606992 0.028537
vt 0.606993 0.002484
vt 0.607099 0.085420
vt 0.599709 0.291566
vt 0.600540 0.346550
vt 0.592559 0.347193
vt 0.591454 0.292223
vt 0.601253 0.369502
vt 0.593468 0.370158
vt 0.585197 0.370822
vt 0.584174 0.347785
vt 0.582912 0.292748
vt 0.575370 0.348280
vt 0.574034 0.293091
vt 0.576463 0.371437
vt 0.567475 0.372021
vt 0.566330 0.348716
vt 0.564962 0.293329
vt 0.666965 0.292760
vt 0.665528 0.347910
vt 0.656874 0.347098
vt 0.658173 0.291834
vt 0.664454 0.371049
vt 0.655919 0.370314
vt 0.647494 0.369620
vt 0.648321 0.346350
vt 0.649465 0.290998
vt 0.639950 0.345735
vt 0.640904 0.290343
vt 0.639270 0.369017
vt 0.631261 0.368592
vt 0.631751 0.345343
vt 0.632462 0.289972
vt 0.581383 0.190150
vt 0.572386 0.190210
vt 0.563277 0.190103
vt 0.598828 0.189193
vt 0.590184 0.189796
vt 0.672326 0.441597
vt 0.673573 0.340731
vt 0.682542 0.341164
vt 0.681402 0.441899
vt 0.675057 0.240172
vt 0.683905 0.240735
vt 0.692670 0.241166
vt 0.691462 0.341460
vt 0.690462 0.442064
vt 0.603719 0.431596
vt 0.604110 0.446083
vt 0.597001 0.446599
vt 0.596536 0.432308
vt 0.604186 0.460618
vt 0.596928 0.461090
vt 0.589235 0.461453
vt 0.589408 0.447037
vt 0.588845 0.432988
vt 0.581347 0.447284
vt 0.580683 0.433477
vt 0.581210 0.461613
vt 0.573013 0.461649
vt 0.573027 0.447413
vt 0.572261 0.433842
vt 0.661919 0.432810
vt 0.661503 0.446434
vt 0.653244 0.446505
vt 0.653576 0.432654
vt 0.661766 0.460684
vt 0.653663 0.460805
vt 0.645730 0.460803
vt 0.645238 0.446449
vt 0.645466 0.432368
vt 0.637685 0.446183
vt 0.637776 0.431877
vt 0.638119 0.460601
vt 0.630904 0.460291
vt 0.630574 0.445821
vt 0.630514 0.431332
vt 0.623828 0.445518
vt 0.623631 0.430929
vt 0.624095 0.460015
vt 0.617527 0.459939
vt 0.617298 0.445426
vt 0.662956 0.404436
vt 0.662418 0.419077
vt 0.654055 0.418590
vt 0.654579 0.403698
vt 0.645887 0.418014
vt 0.646363 0.402932
vt 0.587054 0.403801
vt 0.587994 0.418740
vt 0.579687 0.419504
vt 0.578586 0.404708
vt 0.571113 0.420173
vt 0.569841 0.405561
vt 0.602445 0.401939
vt 0.603109 0.416976
vt 0.595814 0.417839
vt 0.595017 0.402829
vt 0.610980 0.460179
vt 0.610804 0.445644
vt 0.610455 0.431053
vt 0.638073 0.417310
vt 0.638435 0.402141
vt 0.630619 0.416639
vt 0.630791 0.401465
vt 0.623491 0.416191
vt 0.609948 0.416354
vt 0.665532 0.491890
vt 0.668206 0.507625
vt 0.659925 0.507384
vt 0.657612 0.491706
vt 0.671028 0.523214
vt 0.662168 0.522993
vt 0.653283 0.522826
vt 0.651436 0.507069
vt 0.649445 0.491372
vt 0.586342 0.492353
vt 0.584786 0.508188
vt 0.576204 0.508553
vt 0.578084 0.492762
vt 0.583370 0.524052
vt 0.574381 0.524257
vt 0.565377 0.524449
vt 0.567804 0.508782
vt 0.570059 0.492969
vt 0.603224 0.490749
vt 0.602255 0.506922
vt 0.593611 0.507600
vt 0.594908 0.491619
vt 0.601122 0.523576
vt 0.592313 0.523824
vt 0.642654 0.506645
vt 0.640941 0.490802
vt 0.644370 0.522755
vt 0.635524 0.522782
vt 0.633993 0.506228
vt 0.632633 0.490169
vt 0.625850 0.505966
vt 0.625024 0.489703
vt 0.626830 0.522896
vt 0.618259 0.523082
vt 0.618067 0.505977
vt 0.617884 0.489606
vt 0.610328 0.506331
vt 0.610781 0.490004
vt 0.609734 0.523319
vt 0.601853 0.386190
vt 0.594255 0.386968
vt 0.586130 0.387808
vt 0.646874 0.386786
vt 0.638804 0.386078
vt 0.630976 0.385524
vt 0.663617 0.388307
vt 0.655180 0.387540
vt 0.577512 0.388614
vt 0.568623 0.389389
vt 0.603886 0.475393
vt 0.596130 0.476089
vt 0.588029 0.476650
vt 0.647324 0.475846
vt 0.639307 0.475446
vt 0.631589 0.474947
vt 0.663223 0.476024
vt 0.655303 0.476009
vt 0.579951 0.476927
vt 0.571926 0.477030
vt 0.624462 0.474546
vt 0.617712 0.474444
vt 0.610989 0.474774
vt 0.963671 0.521650
vt 0.963672 0.496415
vt 0.972671 0.496545
vt 0.972692 0.521786
vt 0.963506 0.441450
vt 0.972414 0.441530
vt 0.981367 0.441792
vt 0.981671 0.496873
vt 0.981708 0.522125
vt 0.909601 0.523391
vt 0.909680 0.498138
vt 0.918678 0.498031
vt 0.918607 0.523279
vt 0.910084 0.443064
vt 0.919032 0.443012
vt 0.927956 0.442748
vt 0.927674 0.497719
vt 0.927614 0.522962
vt 0.891595 0.523001
vt 0.891678 0.497741
vt 0.900679 0.498008
vt 0.900597 0.523265
vt 0.892114 0.442556
vt 0.901107 0.442878
vt 0.990676 0.497332
vt 0.990718 0.522599
vt 0.990373 0.442174
vt 0.999409 0.442614
vt 0.999684 0.497855
vt 0.999724 0.523140
vt 0.928598 0.343216
vt 0.919846 0.343367
vt 0.911012 0.343286
vt 0.920864 0.243900
vt 0.912162 0.243675
vt 0.936670 0.497282
vt 0.936620 0.522520
vt 0.936862 0.442342
vt 0.945751 0.441917
vt 0.945667 0.496844
vt 0.945630 0.522078
vt 0.954669 0.496529
vt 0.954648 0.521762
vt 0.954626 0.441594
vt 0.962427 0.242628
vt 0.961748 0.188415
vt 0.969984 0.188151
vt 0.970883 0.242459
vt 0.961140 0.164862
vt 0.969162 0.164485
vt 0.977672 0.164127
vt 0.978616 0.187948
vt 0.979620 0.242393
vt 0.987592 0.187777
vt 0.988630 0.242395
vt 0.986593 0.163777
vt 0.995734 0.163431
vt 0.996755 0.187621
vt 0.997791 0.242430
vt 0.894373 0.242618
vt 0.895510 0.187965
vt 0.904398 0.188631
vt 0.903309 0.243212
vt 0.896560 0.163920
vt 0.905364 0.164645
vt 0.914054 0.165264
vt 0.913186 0.189175
vt 0.921783 0.189494
vt 0.922525 0.165685
vt 0.930715 0.165877
vt 0.930145 0.189568
vt 0.929408 0.243877
vt 0.998736 0.342462
vt 0.989632 0.342205
vt 0.980618 0.341998
vt 0.963060 0.341927
vt 0.971764 0.341889
vt 0.953879 0.188752
vt 0.953581 0.165257
vt 0.954206 0.242920
vt 0.945903 0.342488
vt 0.937284 0.342885
vt 0.963507 0.441450
vt 0.954468 0.342143
vt 0.959003 0.100523
vt 0.958443 0.085481
vt 0.965575 0.085111
vt 0.966225 0.100082
vt 0.958066 0.070427
vt 0.965177 0.069963
vt 0.972747 0.069427
vt 0.973201 0.084649
vt 0.973989 0.099547
vt 0.981343 0.084102
vt 0.982325 0.098917
vt 0.980783 0.068895
vt 0.989079 0.068374
vt 0.989776 0.083509
vt 0.990982 0.098235
vt 0.900135 0.099018
vt 0.900599 0.084276
vt 0.908873 0.084636
vt 0.908431 0.099581
vt 0.900772 0.069104
vt 0.909047 0.069348
vt 0.917067 0.069637
vt 0.916923 0.084964
vt 0.916541 0.100070
vt 0.924563 0.085239
vt 0.924308 0.100436
vt 0.924622 0.069995
vt 0.931699 0.070369
vt 0.931763 0.085489
vt 0.931702 0.100717
vt 0.938564 0.085722
vt 0.938741 0.100942
vt 0.938363 0.070680
vt 0.944830 0.070827
vt 0.945139 0.085838
vt 0.945522 0.101019
vt 0.898611 0.129138
vt 0.899462 0.113728
vt 0.907840 0.114487
vt 0.907122 0.129999
vt 0.916049 0.115170
vt 0.915473 0.130791
vt 0.975902 0.129892
vt 0.974936 0.114442
vt 0.983486 0.113721
vt 0.984634 0.129169
vt 0.992372 0.112973
vt 0.993689 0.128446
vt 0.960202 0.131265
vt 0.959627 0.115695
vt 0.966990 0.115109
vt 0.967755 0.130605
vt 0.951695 0.085744
vt 0.952189 0.100860
vt 0.951335 0.070735
vt 0.923952 0.115716
vt 0.923541 0.131448
vt 0.931547 0.116122
vt 0.931336 0.131922
vt 0.938858 0.116381
vt 0.938885 0.132168
vt 0.945891 0.116415
vt 0.952706 0.116162
vt 0.953126 0.131810
vt 0.899333 0.036716
vt 0.896988 0.019604
vt 0.905305 0.019613
vt 0.907602 0.036950
vt 0.893951 0.002182
vt 0.902345 0.001837
vt 0.910701 0.001670
vt 0.913491 0.019834
vt 0.915662 0.037390
vt 0.973695 0.036873
vt 0.975484 0.019057
vt 0.983732 0.018806
vt 0.981850 0.036327
vt 0.977801 0.000620
vt 0.986131 0.000822
vt 0.994516 0.001282
vt 0.992120 0.018814
vt 0.990212 0.036001
vt 0.958509 0.038673
vt 0.959691 0.020487
vt 0.967483 0.019716
vt 0.965912 0.037756
vt 0.961269 0.001255
vt 0.969550 0.000838
vt 0.921446 0.020381
vt 0.923349 0.038146
vt 0.919006 0.001784
vt 0.927348 0.001969
vt 0.929212 0.020970
vt 0.930666 0.038927
vt 0.936858 0.021287
vt 0.937683 0.039409
vt 0.935809 0.001994
vt 0.944337 0.001859
vt 0.944446 0.021299
vt 0.944549 0.039528
vt 0.952035 0.021034
vt 0.951436 0.039284
vt 0.952850 0.001612
vt 0.960665 0.147537
vt 0.968450 0.146985
vt 0.976794 0.146414
vt 0.914811 0.147445
vt 0.923088 0.148022
vt 0.931086 0.148389
vt 0.897615 0.145888
vt 0.906281 0.146708
vt 0.985642 0.145847
vt 0.994765 0.145284
vt 0.938798 0.148509
vt 0.953374 0.148031
vt 0.958014 0.055104
vt 0.965198 0.054370
vt 0.972827 0.053607
vt 0.916772 0.053906
vt 0.924331 0.054516
vt 0.931426 0.055151
vt 0.900495 0.053250
vt 0.908759 0.053508
vt 0.980888 0.053018
vt 0.989188 0.052549
vt 0.938132 0.055591
vt 0.944653 0.055748
vt 0.951217 0.055584
vt 0.534454 0.620092
vt 0.534267 0.602792
vt 0.541892 0.602928
vt 0.542067 0.620099
vt 0.519551 0.620155
vt 0.519389 0.602556
vt 0.526763 0.602659
vt 0.526950 0.620110
vt 0.497728 0.567663
vt 0.497689 0.550203
vt 0.504810 0.549962
vt 0.504857 0.567455
vt 0.497756 0.585154
vt 0.504908 0.584978
vt 0.497757 0.602717
vt 0.504939 0.602562
vt 0.497702 0.620464
vt 0.504966 0.620334
vt 0.504758 0.479828
vt 0.504739 0.462182
vt 0.512180 0.462281
vt 0.512094 0.479893
vt 0.543948 0.464535
vt 0.544625 0.446924
vt 0.552973 0.447580
vt 0.552187 0.465185
vt 0.543356 0.482021
vt 0.551489 0.482653
vt 0.458099 0.482673
vt 0.457365 0.465173
vt 0.465608 0.464681
vt 0.466236 0.482244
vt 0.456553 0.447545
vt 0.464908 0.446997
vt 0.504777 0.497429
vt 0.512039 0.497455
vt 0.497303 0.462420
vt 0.497168 0.444661
vt 0.504735 0.444447
vt 0.497425 0.480087
vt 0.497522 0.497706
vt 0.497594 0.515265
vt 0.504789 0.514983
vt 0.453145 0.377745
vt 0.452251 0.361209
vt 0.461223 0.360714
vt 0.462001 0.377158
vt 0.451415 0.344914
vt 0.460471 0.344550
vt 0.469589 0.344246
vt 0.470239 0.360258
vt 0.470880 0.376582
vt 0.453983 0.394723
vt 0.462712 0.394098
vt 0.471446 0.393462
vt 0.504868 0.042205
vt 0.504878 0.021916
vt 0.514015 0.021846
vt 0.514003 0.042136
vt 0.504896 0.001605
vt 0.514029 0.001529
vt 0.523282 0.001317
vt 0.523274 0.021635
vt 0.523257 0.041927
vt 0.532716 0.021337
vt 0.532693 0.041630
vt 0.532720 0.001020
vt 0.542163 0.000721
vt 0.542160 0.021037
vt 0.542129 0.041332
vt 0.551422 0.020804
vt 0.551385 0.041102
vt 0.551426 0.000489
vt 0.560569 0.000301
vt 0.560563 0.020617
vt 0.560521 0.040919
vt 0.449276 0.040865
vt 0.449251 0.020575
vt 0.458371 0.020750
vt 0.458393 0.041033
vt 0.449240 0.000277
vt 0.458363 0.000459
vt 0.467612 0.000688
vt 0.467615 0.020975
vt 0.467632 0.041254
vt 0.477044 0.021278
vt 0.477053 0.041556
vt 0.477050 0.000988
vt 0.486494 0.001291
vt 0.486479 0.021588
vt 0.486479 0.041869
vt 0.541833 0.113547
vt 0.542038 0.065556
vt 0.551280 0.065337
vt 0.551056 0.113351
vt 0.560407 0.065166
vt 0.560174 0.113198
vt 0.523088 0.114075
vt 0.523213 0.066135
vt 0.532623 0.065845
vt 0.532452 0.113808
vt 0.504850 0.114330
vt 0.504868 0.066411
vt 0.513982 0.066342
vt 0.513910 0.114268
vt 0.495738 0.021819
vt 0.495732 0.042105
vt 0.495757 0.001515
vt 0.449493 0.113146
vt 0.449336 0.065107
vt 0.458452 0.065266
vt 0.458608 0.113269
vt 0.467687 0.065477
vt 0.467832 0.113446
vt 0.477098 0.065772
vt 0.477219 0.113708
vt 0.486511 0.066079
vt 0.486595 0.113995
vt 0.495749 0.066312
vt 0.495785 0.114224
vt 0.535447 0.654762
vt 0.534880 0.637419
vt 0.542488 0.637253
vt 0.543054 0.654398
vt 0.519890 0.637929
vt 0.527355 0.637655
vt 0.527892 0.655256
vt 0.497568 0.638479
vt 0.505012 0.638392
vt 0.497389 0.656653
vt 0.505071 0.656620
vt 0.497646 0.532752
vt 0.504793 0.532483
vt 0.455681 0.429791
vt 0.464155 0.429199
vt 0.454810 0.412111
vt 0.463409 0.411489
vt 0.545341 0.429200
vt 0.546065 0.411561
vt 0.554648 0.412181
vt 0.553799 0.429848
vt 0.497036 0.426815
vt 0.496924 0.409135
vt 0.504778 0.408984
vt 0.504752 0.426629
vt 0.450752 0.324514
vt 0.459844 0.324295
vt 0.469009 0.324142
vt 0.744721 0.521311
vt 0.744662 0.495789
vt 0.753765 0.495907
vt 0.753845 0.521436
vt 0.744300 0.440298
vt 0.753281 0.440360
vt 0.762309 0.440608
vt 0.762872 0.496228
vt 0.762967 0.521768
vt 0.690012 0.523206
vt 0.690052 0.497656
vt 0.699166 0.497525
vt 0.699134 0.523068
vt 0.699493 0.441989
vt 0.708494 0.441698
vt 0.708273 0.497188
vt 0.708253 0.522722
vt 0.671765 0.522858
vt 0.671814 0.497299
vt 0.680934 0.497547
vt 0.680889 0.523102
vt 0.771980 0.496684
vt 0.772081 0.522238
vt 0.771386 0.440978
vt 0.780490 0.441409
vt 0.781088 0.497206
vt 0.781191 0.522777
vt 0.717372 0.496723
vt 0.717367 0.522250
vt 0.717470 0.441266
vt 0.726421 0.440813
vt 0.726468 0.496259
vt 0.726480 0.521781
vt 0.735563 0.495921
vt 0.735599 0.521441
vt 0.735356 0.440465
vt 0.742400 0.239895
vt 0.741481 0.185546
vt 0.749594 0.185235
vt 0.750770 0.239682
vt 0.740754 0.162224
vt 0.748648 0.161803
vt 0.757021 0.161396
vt 0.758100 0.184978
vt 0.759422 0.239567
vt 0.766944 0.184747
vt 0.768341 0.239513
vt 0.765797 0.160992
vt 0.774788 0.160589
vt 0.775971 0.184528
vt 0.777409 0.239489
vt 0.676244 0.185421
vt 0.685002 0.186047
vt 0.677220 0.161634
vt 0.685883 0.162309
vt 0.694433 0.162878
vt 0.693659 0.186549
vt 0.702127 0.186826
vt 0.701283 0.241356
vt 0.702768 0.163250
vt 0.710825 0.163395
vt 0.710362 0.186857
vt 0.709737 0.241296
vt 0.761001 0.339923
vt 0.770007 0.340096
vt 0.779099 0.340317
vt 0.743451 0.339916
vt 0.752150 0.339846
vt 0.700294 0.341513
vt 0.738275 0.098951
vt 0.737636 0.084165
vt 0.744647 0.083760
vt 0.745375 0.098476
vt 0.737177 0.069366
vt 0.744166 0.068868
vt 0.751605 0.068295
vt 0.752141 0.083260
vt 0.753004 0.097903
vt 0.760144 0.082672
vt 0.761196 0.097234
vt 0.759504 0.067723
vt 0.767659 0.067159
vt 0.768431 0.082037
vt 0.769702 0.096511
vt 0.680386 0.097812
vt 0.680757 0.083313
vt 0.688894 0.083620
vt 0.688546 0.098317
vt 0.680839 0.068393
vt 0.688977 0.068587
vt 0.696863 0.068826
vt 0.696811 0.083897
vt 0.696522 0.098752
vt 0.704324 0.084124
vt 0.704161 0.099067
vt 0.704293 0.069135
vt 0.711252 0.069462
vt 0.711404 0.084327
vt 0.711432 0.099300
vt 0.718091 0.084517
vt 0.718354 0.099481
vt 0.717807 0.069729
vt 0.724165 0.069837
vt 0.724556 0.084594
vt 0.679059 0.127432
vt 0.679809 0.112278
vt 0.688050 0.112976
vt 0.687431 0.128232
vt 0.696125 0.113601
vt 0.695647 0.128965
vt 0.755066 0.127731
vt 0.754024 0.112544
vt 0.762425 0.111783
vt 0.763647 0.126967
vt 0.771156 0.110994
vt 0.772546 0.126200
vt 0.739636 0.129174
vt 0.738979 0.113866
vt 0.746215 0.113246
vt 0.747059 0.128480
vt 0.730561 0.069708
vt 0.731002 0.084463
vt 0.731576 0.099323
vt 0.703899 0.114094
vt 0.703583 0.129566
vt 0.711368 0.114450
vt 0.711251 0.129988
vt 0.718559 0.114663
vt 0.718676 0.130188
vt 0.732175 0.114366
vt 0.679232 0.036558
vt 0.676826 0.019747
vt 0.685005 0.019709
vt 0.687364 0.036741
vt 0.673741 0.002636
vt 0.681991 0.002251
vt 0.690206 0.002040
vt 0.693055 0.019881
vt 0.695293 0.037128
vt 0.752347 0.036282
vt 0.754002 0.018753
vt 0.762109 0.018457
vt 0.760361 0.035695
vt 0.756172 0.000612
vt 0.764363 0.000761
vt 0.772610 0.001162
vt 0.770354 0.018414
vt 0.768578 0.035323
vt 0.737427 0.038141
vt 0.738482 0.020252
vt 0.746139 0.019448
vt 0.744700 0.037196
vt 0.739920 0.001331
vt 0.748061 0.000873
vt 0.700880 0.020372
vt 0.702855 0.037828
vt 0.698372 0.002103
vt 0.706576 0.002234
vt 0.708519 0.020906
vt 0.710054 0.038554
vt 0.716040 0.021174
vt 0.716956 0.038987
vt 0.714895 0.002210
vt 0.723278 0.002028
vt 0.723501 0.021142
vt 0.723708 0.039064
vt 0.730959 0.020835
vt 0.730477 0.038784
vt 0.731646 0.001733
vt 0.668752 0.189837
vt 0.659807 0.188863
vt 0.650909 0.188011
vt 0.740187 0.145178
vt 0.747841 0.144588
vt 0.756045 0.143975
vt 0.695086 0.145347
vt 0.703229 0.145870
vt 0.711096 0.146186
vt 0.678170 0.143903
vt 0.686696 0.144666
vt 0.764744 0.143361
vt 0.773711 0.142750
vt 0.737036 0.054300
vt 0.744095 0.053536
vt 0.751592 0.052740
vt 0.696481 0.053360
vt 0.703916 0.053917
vt 0.710896 0.054501
vt 0.680472 0.052807
vt 0.688600 0.053014
vt 0.759514 0.052111
vt 0.767671 0.051598
vt 0.717492 0.054895
vt 0.723904 0.055012
vt 0.730357 0.054812
vt 0.854565 0.521518
vt 0.854550 0.497086
vt 0.863649 0.496591
vt 0.863684 0.521032
vt 0.854393 0.450883
vt 0.863387 0.450361
vt 0.872426 0.450201
vt 0.872760 0.496490
vt 0.872809 0.520943
vt 0.799905 0.523509
vt 0.800012 0.499056
vt 0.809106 0.499577
vt 0.809015 0.524024
vt 0.800423 0.452665
vt 0.809452 0.453212
vt 0.818474 0.453370
vt 0.818210 0.499696
vt 0.818135 0.524135
vt 0.781744 0.521712
vt 0.781872 0.497256
vt 0.790936 0.498234
vt 0.790818 0.522690
vt 0.782358 0.450848
vt 0.791391 0.451830
vt 0.881871 0.496816
vt 0.881928 0.521285
vt 0.881509 0.450439
vt 0.890617 0.450903
vt 0.890981 0.497384
vt 0.891042 0.521869
vt 0.827309 0.499364
vt 0.827254 0.523797
vt 0.827485 0.453085
vt 0.836473 0.452460
vt 0.836396 0.498695
vt 0.836364 0.523125
vt 0.845471 0.497860
vt 0.845463 0.522288
vt 0.845433 0.451653
vt 0.870783 0.287035
vt 0.870157 0.230690
vt 0.879072 0.230350
vt 0.879742 0.286848
vt 0.869568 0.196794
vt 0.878451 0.196367
vt 0.887558 0.196029
vt 0.888183 0.230124
vt 0.888853 0.286805
vt 0.871651 0.370523
vt 0.880676 0.370560
vt 0.889784 0.370785
vt 0.827852 0.373403
vt 0.836619 0.372883
vt 0.819034 0.373578
vt 0.902091 0.342964
vt 0.893120 0.342508
vt 0.852902 0.198042
vt 0.852329 0.174560
vt 0.860339 0.173928
vt 0.861072 0.197369
vt 0.851683 0.156025
vt 0.859514 0.155383
vt 0.867834 0.154734
vt 0.868760 0.173345
vt 0.877609 0.172857
vt 0.876618 0.154137
vt 0.885657 0.153573
vt 0.886698 0.172427
vt 0.786109 0.196487
vt 0.787084 0.173037
vt 0.795779 0.173867
vt 0.794899 0.197433
vt 0.788125 0.154340
vt 0.796708 0.155094
vt 0.805179 0.155807
vt 0.804370 0.174635
vt 0.803589 0.198298
vt 0.812776 0.175272
vt 0.812107 0.198999
vt 0.813449 0.156431
vt 0.821503 0.156875
vt 0.821007 0.175688
vt 0.820491 0.199432
vt 0.829339 0.157057
vt 0.829079 0.175803
vt 0.853587 0.288113
vt 0.853268 0.231902
vt 0.861581 0.231225
vt 0.862084 0.287474
vt 0.854015 0.371393
vt 0.862773 0.370815
vt 0.849338 0.093576
vt 0.848977 0.079005
vt 0.856127 0.078503
vt 0.856564 0.092877
vt 0.848933 0.064387
vt 0.856234 0.063929
vt 0.863971 0.063582
vt 0.863764 0.078081
vt 0.864299 0.092211
vt 0.871870 0.077850
vt 0.872509 0.091737
vt 0.872040 0.063440
vt 0.880282 0.063422
vt 0.880236 0.077739
vt 0.880978 0.091388
vt 0.790806 0.092232
vt 0.791254 0.078530
vt 0.799561 0.078475
vt 0.799198 0.092406
vt 0.791022 0.064198
vt 0.799172 0.064093
vt 0.807150 0.064110
vt 0.807614 0.078549
vt 0.807355 0.092711
vt 0.815211 0.078831
vt 0.815089 0.093221
vt 0.814804 0.064330
vt 0.822060 0.064657
vt 0.822361 0.079211
vt 0.822390 0.093784
vt 0.829145 0.079530
vt 0.829312 0.094203
vt 0.828907 0.064950
vt 0.835513 0.065041
vt 0.835712 0.079637
vt 0.835979 0.094340
vt 0.789703 0.120766
vt 0.790275 0.106042
vt 0.798686 0.106549
vt 0.798126 0.121524
vt 0.806900 0.107145
vt 0.806388 0.122311
vt 0.866041 0.121565
vt 0.865126 0.106541
vt 0.873482 0.105791
vt 0.874558 0.120673
vt 0.882105 0.105138
vt 0.883354 0.119836
vt 0.850556 0.123404
vt 0.849920 0.108281
vt 0.857259 0.107429
vt 0.858030 0.122525
vt 0.842243 0.079431
vt 0.842561 0.094107
vt 0.842099 0.064814
vt 0.814758 0.107869
vt 0.814359 0.123123
vt 0.822253 0.108560
vt 0.822045 0.123819
vt 0.829420 0.109026
vt 0.829473 0.124246
vt 0.836312 0.109158
vt 0.843040 0.108892
vt 0.843537 0.124034
vt 0.787305 0.032805
vt 0.784650 0.016973
vt 0.792977 0.017234
vt 0.795270 0.033007
vt 0.781846 0.001287
vt 0.790755 0.001529
vt 0.799690 0.001718
vt 0.801513 0.017570
vt 0.803482 0.033361
vt 0.866949 0.032511
vt 0.868549 0.016590
vt 0.877180 0.016241
vt 0.875254 0.032119
vt 0.870008 0.000640
vt 0.879046 0.000452
vt 0.888099 0.000277
vt 0.885626 0.016030
vt 0.883324 0.031930
vt 0.849969 0.034087
vt 0.850978 0.017823
vt 0.859673 0.017161
vt 0.858334 0.033230
vt 0.852154 0.001077
vt 0.861014 0.000848
vt 0.810343 0.018017
vt 0.812032 0.033953
vt 0.808652 0.001810
vt 0.817549 0.001804
vt 0.819053 0.018455
vt 0.820386 0.034607
vt 0.827242 0.018734
vt 0.828038 0.035091
vt 0.826292 0.001706
vt 0.834914 0.001535
vt 0.835071 0.018738
vt 0.835220 0.035204
vt 0.842857 0.018400
vt 0.842366 0.034820
vt 0.843489 0.001315
vt 0.851118 0.139243
vt 0.858761 0.138477
vt 0.866934 0.137650
vt 0.805838 0.138546
vt 0.813953 0.139276
vt 0.821825 0.139850
vt 0.789002 0.136985
vt 0.797486 0.137772
vt 0.875603 0.136861
vt 0.884543 0.136103
vt 0.829462 0.140158
vt 0.843923 0.139830
vt 0.844260 0.156583
vt 0.849269 0.049529
vt 0.857070 0.048846
vt 0.865218 0.048301
vt 0.805580 0.048979
vt 0.813642 0.049398
vt 0.821403 0.049917
vt 0.789591 0.048768
vt 0.797556 0.048799
vt 0.873341 0.048041
vt 0.881410 0.047956
vt 0.828570 0.050336
vt 0.835359 0.050453
vt 0.842123 0.050136
vt 0.845321 0.372147
vt 0.784544 0.287044
vt 0.793446 0.288043
vt 0.792368 0.371862
vt 0.783397 0.370872
vt 0.801306 0.372722
vt 0.794214 0.231469
vt 0.785364 0.230473
vt 0.802976 0.232372
vt 0.802281 0.288933
vt 0.811586 0.233086
vt 0.820091 0.233501
vt 0.819650 0.289956
vt 0.811005 0.289606
vt 0.810190 0.373329
vt 0.992857 0.932292
vt 0.972606 0.932281
vt 0.972710 0.923129
vt 0.992949 0.923169
vt 0.952415 0.932271
vt 0.952534 0.923099
vt 0.952750 0.913799
vt 0.972899 0.913842
vt 0.993118 0.913903
vt 0.993755 0.987721
vt 0.973578 0.987809
vt 0.973388 0.978623
vt 0.993578 0.978537
vt 0.953486 0.987862
vt 0.953280 0.978676
vt 0.953052 0.969392
vt 0.973180 0.969341
vt 0.993386 0.969259
vt 0.953242 0.895012
vt 0.929305 0.895026
vt 0.929472 0.885883
vt 0.953400 0.885870
vt 0.881599 0.895149
vt 0.881750 0.886001
vt 0.881837 0.876984
vt 0.929581 0.876877
vt 0.953508 0.876869
vt 0.993515 0.895130
vt 0.973339 0.895058
vt 0.973485 0.885916
vt 0.993652 0.885989
vt 0.973590 0.876917
vt 0.993755 0.876992
vt 0.928754 0.913797
vt 0.929046 0.904383
vt 0.953008 0.904376
vt 0.881047 0.913889
vt 0.881347 0.904499
vt 0.973128 0.904423
vt 0.993324 0.904493
vt 0.928366 0.932265
vt 0.928506 0.923093
vt 0.880620 0.932267
vt 0.880778 0.923146
vt 0.929554 0.987845
vt 0.929331 0.978657
vt 0.881817 0.987712
vt 0.881597 0.978510
vt 0.881349 0.969223
vt 0.929081 0.969374
vt 0.972949 0.959921
vt 0.993175 0.959850
vt 0.952795 0.959967
vt 0.952566 0.950575
vt 0.972744 0.950540
vt 0.992988 0.950490
vt 0.928793 0.959955
vt 0.881063 0.959819
vt 0.880801 0.950467
vt 0.928535 0.950570
vt 0.972621 0.941364
vt 0.992874 0.941344
vt 0.952429 0.941379
vt 0.928380 0.941375
vt 0.880636 0.941321
vt 0.798228 0.978197
vt 0.798400 0.987430
vt 0.568177 0.940010
vt 0.550433 0.939846
vt 0.550557 0.932270
vt 0.568317 0.932288
vt 0.585817 0.940156
vt 0.585975 0.932298
vt 0.603079 0.940268
vt 0.603244 0.932306
vt 0.619748 0.940378
vt 0.619903 0.932317
vt 0.462928 0.939334
vt 0.445490 0.939308
vt 0.445576 0.932212
vt 0.463054 0.932199
vt 0.480369 0.939374
vt 0.480512 0.932182
vt 0.497824 0.939445
vt 0.497960 0.932185
vt 0.515298 0.939550
vt 0.515422 0.932206
vt 0.798401 0.877223
vt 0.881750 0.886002
vt 0.798377 0.886259
vt 0.635721 0.940518
vt 0.635846 0.932332
vt 0.125496 0.557045
vt 0.178668 0.299393
vt 0.106696 0.575559
vt 0.000000 0.000000
vt 0.047796 0.420679
vt 0.177203 0.308340
vt 0.179928 0.308560
vt 0.532813 0.939687
vt 0.532930 0.932239
vt 0.085322 0.603575
vt 0.087591 0.589247
vt 0.179851 0.532769
vt 0.629900 0.299548
vt 0.072332 0.631884
vt 0.178583 0.541936
vt 0.235763 0.745382
vt 0.515567 0.547727
vt 0.521241 0.543266
vt 0.306492 0.420683
vt 0.306499 0.435506
vt 0.306506 0.450328
vt 0.357156 0.931831
vt 0.375192 0.931946
vt 0.130557 0.748653
vt 0.131291 0.778157
vt 0.306902 0.539270
vt 0.306712 0.509640
vt 0.428070 0.932196
vt 0.063172 0.502268
vt 0.504794 0.391807
vt 0.002485 0.542911
vt 0.001755 0.572291
vt 0.000640 0.631013
vt 0.000487 0.660396
vt 0.605810 0.295747
vt 0.605619 0.266116
vt 0.478758 0.289251
vt 0.477490 0.298419
vt 0.478802 0.065053
vt 0.477541 0.055888
vt 0.310328 0.543012
vt 0.316014 0.547449
vt 0.257250 0.554839
vt 0.254571 0.557045
vt 0.235772 0.575559
vt 0.223962 0.589554
vt 0.216667 0.589247
vt 0.214398 0.603575
vt 0.254569 0.763895
vt 0.257248 0.766101
vt 0.124414 0.519710
vt 0.103845 0.512481
vt 0.103896 0.328798
vt 0.124475 0.321578
vt 0.423360 0.078076
vt 0.563812 0.338336
vt 0.048438 0.491812
vt 0.667132 0.522474
vt 0.410537 0.932143
vt 0.648759 0.518224
vt 0.002613 0.437385
vt 0.382519 0.089606
vt 0.128174 0.554839
vt 0.087575 0.731692
vt 0.085304 0.717359
vt 0.094873 0.731384
vt 0.106688 0.745382
vt 0.125493 0.763895
vt 0.128172 0.766101
vt 0.315940 0.327514
vt 0.347240 0.177178
vt 0.348608 0.168106
vt 0.348562 0.186238
vt 0.384685 0.094015
vt 0.402784 0.085298
vt 0.375444 0.099928
vt 0.392953 0.932055
vt 0.555340 0.355737
vt 0.202735 0.689058
vt 0.201387 0.689039
vt 0.555340 0.574569
vt 0.563812 0.557167
vt 0.073659 0.689058
vt 0.072312 0.689039
vt 0.358454 0.307778
vt 0.345624 0.312544
vt 0.126776 0.732351
vt 0.127201 0.746154
vt 0.402753 0.268970
vt 0.423321 0.276196
vt 0.373218 0.094941
vt 0.504782 0.375289
vt 0.512466 0.426788
vt 0.338957 0.931714
vt 0.339141 0.923998
vt 0.330808 0.236536
vt 0.629900 0.518379
vt 0.578390 0.321952
vt 0.347347 0.248305
vt 0.578390 0.540784
s 1
usemtl tool_base.002
f 54/1/1 58/2/2 103/3/3 106/4/3
f 3413/5/4 132/6/5 3/7/6 3414/8/7
f 3429/9/8 133/10/9 4/11/10 3430/12/11
f 3482/13/12 131/14/13 1/15/14 3483/16/15
f 58/2/2 56/17/16 105/18/3 103/3/3
f 327/19/17 70/20/18 102/21/3 356/22/3
f 280/23/19 296/24/20 34/25/21 42/26/22
f 296/24/20 294/27/23 30/28/24 34/25/21
f 30/28/24 41/29/25 35/30/26 34/25/21
f 35/30/26 43/31/27 42/26/22 34/25/21
f 43/31/27 46/32/28 45/33/29 42/26/22
f 45/33/29 281/34/30 280/23/19 42/26/22
f 75/35/31 45/33/29 46/32/28 74/36/32
f 47/37/33 46/32/28 43/31/27 44/38/34
f 44/38/34 43/31/27 35/30/26 36/39/35
f 36/39/35 37/40/36 33/41/37 44/38/34
f 33/41/37 38/42/38 61/43/39 62/44/40
f 31/45/41 30/28/24 294/27/23 295/46/42
f 436/47/43 435/48/44 440/49/45 473/50/46
f 36/39/35 35/30/26 41/29/25
f 38/42/38 63/51/47 60/52/48 61/43/39
f 41/29/25 30/28/24 31/45/41 40/53/49
f 150/54/50 149/55/51 60/52/48 63/51/47
f 99/56/3 351/57/3 303/58/3 52/59/3
f 55/60/3 8/61/3 7/62/3 53/63/3
f 49/64/52 50/65/53 107/66/3 108/67/3
f 3434/68/54 130/69/55 71/70/56 3435/71/57
f 3477/72/58 386/73/59 259/74/60 3478/75/61
f 3418/76/62 129/77/63 5/78/64 3419/79/65
f 3424/80/66 127/81/67 2/82/68 3425/83/69
f 3395/84/70 3403/85/71 379/86/72 265/87/73
f 281/34/30 45/33/29 75/35/31 332/88/74
f 33/41/37 62/44/40 47/37/33 44/38/34
f 39/89/75 32/90/76 76/91/77
f 213/92/78 178/93/79 179/94/80 180/95/81
f 26/96/82 27/97/83 85/98/84 84/99/85
f 29/100/86 26/96/82 84/99/85 83/101/87
f 79/102/88 66/103/89 28/104/90 27/105/83
f 77/106/91 78/107/92 29/108/86 87/109/93
f 92/110/94 24/111/95 21/112/96 93/113/97
f 93/113/97 21/112/96 20/114/98 89/115/99
f 66/103/89 68/116/100 88/117/101 28/104/90
f 90/118/102 91/119/103 13/120/104 14/121/105
f 144/122/106 142/123/107 20/114/98 21/112/96
f 89/115/99 20/114/98 13/120/104 91/119/103
f 19/124/108 11/125/109 13/126/104
f 143/127/110 144/122/106 21/112/96 24/111/95
f 141/128/111 25/129/112 22/130/113 145/131/114
f 10/132/115 11/125/109 19/124/108 12/133/116
f 141/128/111 18/134/117 17/135/118 143/127/110
f 12/136/116 19/137/108 142/123/107 144/122/106
f 19/137/108 13/120/104 142/123/107
f 89/115/99 96/138/119 98/139/120 93/113/97
f 97/140/121 98/139/120 348/141/122 347/142/123
f 98/139/120 96/138/119 346/143/124 348/141/122
f 86/144/125 95/145/126 94/146/127
f 70/20/18 57/147/128 104/148/3 102/21/3
f 50/65/53 304/149/129 364/150/3 107/66/3
f 57/147/128 54/1/1 106/4/3 104/148/3
f 56/17/16 49/64/52 108/67/3 105/18/3
f 48/151/130 78/107/92 77/106/91 23/152/131
f 17/135/118 12/136/116 144/122/106 143/127/110
f 349/153/3 353/154/3 100/155/3 101/156/3
f 365/157/132 371/158/133 3400/159/134 3397/160/135
f 3420/161/136 109/162/137 113/163/138 3421/164/139
f 3436/165/140 111/166/141 117/167/142 3437/168/143
f 371/158/133 379/86/72 3403/85/71 3400/159/134
f 3484/169/144 115/170/145 122/171/146 3485/172/147
f 3426/173/148 119/174/149 126/175/150 3427/176/151
f 3437/168/143 117/167/142 124/177/152 3438/178/153
f 3479/179/154 116/180/155 123/181/156 3480/182/157
f 3415/183/158 114/184/159 121/185/160 3416/186/161
f 3421/164/139 113/163/138 120/187/162 3422/188/163
f 3431/189/164 118/190/165 125/191/166 3432/192/167
f 3478/75/61 259/74/60 378/193/168 3480/182/157
f 3483/16/15 1/15/14 123/181/156 3485/172/147
f 3414/8/7 3/7/6 122/171/146 3416/186/161
f 3419/79/65 5/78/64 121/185/160 3422/188/163
f 3425/83/69 2/82/68 120/187/162 3427/176/151
f 3407/194/169 128/195/170 6/196/171 3394/197/172
f 3435/71/57 71/70/56 125/191/166 3438/178/153
f 3430/12/11 4/11/10 126/175/150 3432/192/167
f 3417/198/173 139/199/174 132/6/5 3413/5/4
f 3433/200/175 140/201/176 133/10/9 3429/9/8
f 3486/202/177 138/203/178 131/14/13 3482/13/12
f 3439/204/179 135/205/180 130/69/55 3434/68/54
f 3481/206/181 392/207/182 386/73/59 3477/72/58
f 3423/208/183 134/209/184 129/77/63 3418/76/62
f 3428/210/185 136/211/186 127/81/67 3424/80/66
f 3410/212/187 3406/213/188 383/214/189 394/215/190
f 57/216/128 139/199/174 3417/198/173
f 56/217/16 140/201/176 3433/200/175
f 70/218/18 138/203/178 3486/202/177
f 49/219/52 135/205/180 3439/204/179
f 327/220/17 392/207/182 3481/206/181
f 54/221/1 134/209/184 3423/208/183
f 58/222/2 136/211/186 3428/210/185
f 306/223/191 3410/212/187 394/215/190
f 100/155/3 353/154/3 356/22/3 102/21/3
f 351/57/3 99/56/3 107/66/3 364/150/3
f 99/56/3 52/59/3 51/224/3 7/62/3
f 7/62/3 51/224/3 53/63/3
f 108/67/3 107/66/3 99/56/3 7/62/3
f 7/62/3 8/61/3 105/18/3 108/67/3
f 80/225/3 151/226/3 81/227/3 106/4/3 103/3/3
f 82/228/3 100/155/3 102/21/3 104/148/3
f 81/227/3 147/229/3 82/228/3 104/148/3 106/4/3
f 55/60/3 69/230/3 80/225/3 8/61/3
f 80/225/3 69/230/3 59/231/3
f 8/61/3 80/225/3 103/3/3 105/18/3
f 18/134/117 141/128/111 145/131/114 15/232/192
f 25/129/112 141/128/111 143/127/110 24/111/95
f 145/131/114 22/130/113 23/152/131 77/106/91
f 13/120/104 20/114/98 142/123/107
f 87/109/93 15/232/192 145/131/114 77/106/91
f 473/50/46 440/49/45 439/233/193 438/234/194
f 80/225/3 59/231/3 148/235/195 151/226/3
f 93/113/97 98/139/120 97/140/121 92/110/94
f 195/236/196 192/237/197 3298/238/198
f 156/239/199 3262/240/200 3263/241/201 240/242/202
f 206/243/203 3264/244/204 3265/245/205 241/246/206
f 243/247/207 154/248/208 3266/249/209 3267/250/210
f 196/251/211 223/252/212 225/253/212 194/254/213
f 466/255/214 489/256/212 222/257/212 205/258/215
f 427/259/216 181/260/217 173/261/218 443/262/219
f 443/262/219 173/261/218 169/263/220 441/264/221
f 169/263/220 173/261/218 174/265/222 180/95/81
f 174/265/222 173/261/218 181/260/217 182/266/223
f 182/266/223 181/260/217 184/267/224 185/268/225
f 184/267/224 181/260/217 427/259/216 428/269/226
f 212/270/227 211/271/228 185/268/229 184/267/227
f 211/271/228 210/272/230 186/273/231 185/268/229
f 186/273/232 183/274/233 182/266/223 185/268/225
f 183/274/233 175/275/234 174/265/222 182/266/223
f 175/275/234 183/274/233 172/276/235 176/277/236
f 172/276/235 183/274/233 186/273/232 199/278/237
f 172/276/235 199/278/237 198/279/238 177/280/239
f 170/281/240 442/282/241 441/264/221 169/263/220
f 175/275/234 180/95/81 174/265/222
f 177/280/239 198/279/238 197/283/242 200/284/243
f 180/95/81 179/94/80 170/281/240 169/263/220
f 257/285/244 200/284/243 197/283/242 256/286/245
f 648/287/246 655/288/247 656/289/248 647/290/246
f 193/291/212 191/292/212 158/293/212 159/294/212
f 187/295/249 228/296/212 227/297/212 188/298/250
f 157/299/251 3268/300/252 3269/301/253 239/302/254
f 242/303/255 152/304/256 3270/305/257 3271/306/258
f 153/307/259 3272/308/260 3273/309/261 238/310/262
f 244/311/263 155/312/264 3274/313/265 3275/314/266
f 468/315/267 3276/316/268 3277/317/269 520/318/270
f 428/269/271 471/319/272 212/270/273 184/267/274
f 197/283/242 198/279/238 207/320/275 208/321/276
f 198/279/277 199/278/278 209/322/279 207/320/280
f 178/93/79 213/92/78 171/323/281
f 253/324/282 165/325/283 164/326/284 252/327/285
f 160/328/286 253/324/282 252/327/285 163/329/287
f 205/258/215 222/257/212 224/330/212 195/331/196
f 188/298/250 227/297/212 497/332/212 450/333/288
f 195/331/196 224/330/212 226/334/212 192/335/197
f 194/254/213 225/253/212 228/296/212 187/295/249
f 483/336/212 221/337/212 220/338/212 486/339/212
f 3283/340/289 235/341/290 3290/342/291 3367/343/292
f 3285/344/293 234/345/294 3291/346/295 3366/347/296
f 3288/348/297 231/349/298 3292/350/299 3364/351/300
f 3282/352/301 236/353/302 3293/354/303 3363/355/304
f 3289/356/305 510/357/306 3294/358/307 3362/359/308
f 3286/360/309 233/361/310 3295/362/311 3361/363/312
f 3287/364/313 232/365/314 3296/366/315 3365/367/316
f 3281/368/317 237/369/318 3297/370/319 3368/371/320
f 234/345/294 3294/358/307 3270/305/257 152/304/256
f 233/361/310 3291/346/295 3266/249/209 154/248/208
f 232/365/314 3295/362/311 3262/240/200 156/239/199
f 231/349/298 3296/366/315 3272/308/260 153/307/259
f 237/369/318 3292/350/299 3274/313/265 155/312/264
f 511/372/321 3290/342/291 3276/316/268 468/315/267
f 157/299/251 235/341/290 3293/354/303 3268/300/252
f 206/243/203 236/353/302 3297/370/319 3264/244/204
f 240/242/202 3263/241/201 3298/238/198 245/373/322
f 241/246/206 3265/245/205 3299/374/323 246/375/324
f 250/376/325 243/247/207 3267/250/210 3300/377/326
f 239/302/254 3269/301/253 3301/378/327 248/379/328
f 249/380/329 242/303/255 3271/306/258 3302/381/330
f 238/310/262 3273/309/261 3303/382/331 247/383/332
f 251/384/333 244/311/263 3275/314/266 3304/385/334
f 520/318/270 3277/317/269 3305/386/335 529/387/336
f 3298/238/198 250/376/325 195/236/196
f 3299/374/323 251/384/333 194/388/213
f 3300/377/326 249/380/329 205/389/215
f 3301/378/327 246/375/324 187/390/249
f 3302/381/330 526/391/337 466/392/214
f 3303/382/331 245/373/322 192/237/197
f 3304/385/334 247/383/332 196/393/211
f 3305/386/335 248/379/328 188/394/250
f 220/338/212 222/257/212 489/256/212 486/339/212
f 484/395/212 497/332/212 227/297/212 219/396/212
f 219/396/212 158/293/212 189/397/212 190/398/212
f 158/293/212 191/292/212 189/397/212
f 228/296/212 158/293/212 219/396/212 227/297/212
f 158/293/212 228/296/212 225/253/212 159/294/212
f 214/399/212 223/252/212 226/334/212 215/400/212 258/401/212
f 216/402/212 224/330/212 222/257/212 220/338/212
f 215/400/212 226/334/212 224/330/212 216/402/212 255/403/212
f 193/291/212 159/294/212 214/399/212 204/404/212
f 159/294/212 225/253/212 223/252/212 214/399/212
f 310/405/338 361/406/3 358/407/3 314/408/339
f 3463/409/340 3462/410/341 262/411/342 388/412/343
f 3450/413/344 3449/414/345 263/415/346 389/416/347
f 3468/417/348 3467/418/349 260/419/350 387/420/351
f 314/408/339 358/407/3 360/421/3 312/422/352
f 327/19/17 356/22/3 357/423/3 326/424/353
f 280/23/19 297/425/354 286/426/355 296/24/20
f 296/24/20 286/426/355 282/427/356 294/27/23
f 282/427/356 286/426/355 287/428/357 293/429/358
f 287/428/357 286/426/355 297/425/354 298/430/359
f 300/431/360 297/425/354 280/23/19 281/34/30
f 298/430/359 297/425/354 300/431/360 301/432/361
f 302/433/362 299/434/363 298/430/359 301/432/361
f 299/434/363 288/435/364 287/428/357 298/430/359
f 289/436/365 335/437/366 293/429/358 288/435/364
f 288/435/364 299/434/363 285/438/367 289/436/365
f 285/438/367 317/439/368 316/440/369 290/441/370
f 283/442/371 295/46/42 294/27/23 282/427/356
f 288/435/364 293/429/358 287/428/357
f 290/441/370 316/440/369 315/443/372 318/444/373
f 334/445/374 333/446/375 301/432/361 300/431/360
f 311/447/3 309/448/3 266/449/3 267/450/3
f 305/451/376 363/452/3 362/453/3 306/454/191
f 3445/455/377 3444/456/378 328/457/379 385/458/380
f 3473/459/381 3472/460/382 259/74/60 386/73/59
f 3458/461/383 3457/462/384 264/463/385 384/464/386
f 3443/465/387 3451/466/388 261/467/389 382/468/390
f 111/166/141 3398/469/391 3401/470/392 117/167/142
f 281/34/30 332/88/74 334/445/374 300/431/360
f 285/438/367 299/434/363 302/433/362 317/439/368
f 315/443/372 316/440/369 329/471/393 330/472/394
f 316/440/369 317/439/368 331/473/395 329/471/393
f 291/474/396 335/437/366 284/475/397
f 37/40/36 36/39/35 41/29/25 76/91/77
f 337/476/398 279/477/399 276/478/400 338/479/401
f 338/479/401 276/478/400 277/480/402 339/481/403
f 322/482/404 278/483/405 345/484/406 324/485/407
f 269/486/408 268/487/409 272/488/410 274/489/411
f 343/490/412 344/491/413 272/488/410 268/487/409
f 650/492/247 651/493/414 654/494/415 655/288/247
f 326/424/353 357/423/3 359/495/3 313/496/416
f 306/454/191 362/453/3 364/150/3 304/149/129
f 313/496/416 359/495/3 361/406/3 310/405/338
f 312/422/352 360/421/3 363/452/3 305/451/376
f 349/153/3 355/497/3 354/498/3 353/154/3
f 3394/197/172 6/196/171 124/177/152 3404/499/417
f 117/167/142 3401/470/392 3404/499/417 124/177/152
f 3409/500/418 137/501/419 128/195/170 3407/194/169
f 3469/502/420 3470/503/421 376/504/422 368/505/423
f 3442/506/424 3441/507/425 381/508/426 373/509/427
f 3446/510/428 3447/511/429 379/86/72 371/158/133
f 3474/512/430 3475/513/431 377/514/432 369/515/433
f 3464/516/434 3465/517/435 375/518/436 367/519/437
f 3459/520/438 3460/521/439 374/522/440 366/523/441
f 3452/524/442 3453/525/443 380/526/444 372/527/445
f 3472/460/382 3475/513/431 378/193/168 259/74/60
f 3467/418/349 3470/503/421 377/514/432 260/419/350
f 3462/410/341 3465/517/435 376/504/422 262/411/342
f 3457/462/384 3460/521/439 375/528/436 264/463/385
f 3451/466/388 3441/507/425 374/522/440 261/467/389
f 3406/213/188 3395/84/70 265/87/73 383/214/189
f 3444/456/378 3447/511/429 380/526/444 328/457/379
f 3449/414/345 3453/525/443 381/508/426 263/415/346
f 3466/529/446 3463/409/340 388/412/343 396/530/447
f 3454/531/448 3450/413/344 389/416/347 397/532/449
f 3471/533/450 3468/417/348 387/420/351 395/534/451
f 3448/535/452 3445/455/377 385/458/380 391/536/453
f 3476/537/454 3473/459/381 386/73/59 392/207/182
f 3461/538/455 3458/461/383 384/464/386 390/539/456
f 3440/540/457 3443/465/387 382/468/390 393/541/458
f 50/542/53 137/501/419 3409/500/418
f 3466/529/446 396/530/447 313/543/416
f 3454/531/448 397/532/449 312/544/352
f 3471/533/450 395/534/451 326/545/353
f 3448/535/452 391/536/453 305/546/376
f 3476/537/454 392/207/182 327/220/17
f 3461/538/455 390/539/456 310/547/338
f 3440/540/457 393/541/458 314/548/339
f 354/498/3 357/423/3 356/22/3 353/154/3
f 351/57/3 364/150/3 362/453/3 352/549/3
f 352/549/3 266/449/3 307/550/3 308/551/3
f 266/449/3 309/448/3 307/550/3
f 363/452/3 266/449/3 352/549/3 362/453/3
f 266/449/3 363/452/3 360/421/3 267/450/3
f 340/552/3 358/407/3 361/406/3 341/553/3 404/554/3
f 342/555/3 359/495/3 357/423/3 354/498/3
f 341/553/3 361/406/3 359/495/3 342/555/3 401/556/3
f 311/447/3 267/450/3 340/552/3 325/557/3
f 267/450/3 360/421/3 358/407/3 340/552/3
f 274/558/411 272/559/410 399/560/459 398/561/460
f 344/562/413 336/563/461 399/560/459 272/559/410
f 453/564/462 456/565/463 491/566/212 494/567/212
f 3277/317/269 3276/316/268 157/299/251 239/302/254
f 517/568/464 3306/569/465 3307/570/466 410/571/467
f 518/572/468 3308/573/469 3309/574/470 467/575/471
f 456/565/463 454/576/472 493/577/212 491/566/212
f 466/255/214 465/578/473 490/579/212 489/256/212
f 427/259/216 443/262/219 433/580/474 444/581/475
f 443/262/219 441/264/221 429/582/476 433/580/474
f 429/582/476 440/49/45 434/583/477 433/580/474
f 434/583/477 445/584/478 444/581/475 433/580/474
f 445/584/478 448/585/479 447/586/480 444/581/475
f 447/586/480 428/269/226 427/259/216 444/581/475
f 449/587/481 448/585/479 445/584/478 446/588/482
f 446/588/482 445/584/478 434/583/477 435/48/44
f 435/48/44 436/47/43 432/589/483 446/588/482
f 432/589/483 459/590/484 449/587/481 446/588/482
f 432/589/483 437/591/485 458/592/486 459/590/484
f 430/593/487 429/582/476 441/264/221 442/282/241
f 435/48/44 434/583/477 440/49/45
f 437/591/485 460/594/488 457/595/489 458/592/486
f 440/49/45 429/582/476 430/593/487 439/233/193
f 541/596/490 540/597/491 457/595/489 460/594/488
f 451/598/492 452/599/493 495/600/212 496/601/212
f 522/602/494 3310/603/495 3311/604/496 408/605/497
f 516/606/498 3312/607/499 3313/608/500 411/609/501
f 521/610/502 3314/611/503 3315/612/504 406/613/505
f 515/614/506 3316/615/507 3317/616/508 407/617/509
f 523/618/510 3318/619/511 3319/620/512 409/621/513
f 438/234/194 431/622/514 473/50/46
f 176/277/236 213/92/78 180/95/81 175/275/234
f 475/623/515 476/624/516 425/625/517 426/626/518
f 474/627/519 475/623/515 426/626/518 481/628/520
f 424/629/521 417/630/522 420/631/523
f 416/632/524 417/630/522 424/629/521 419/633/525
f 415/634/526 416/632/524 419/633/525 422/635/527
f 533/636/528 423/637/529 422/638/527 535/639/530
f 419/640/525 424/641/521 534/642/531 536/643/532
f 424/641/521 420/644/523 534/642/531
f 465/578/473 455/645/533 492/646/212 490/579/212
f 452/599/493 450/333/288 497/332/212 495/600/212
f 455/645/533 453/564/462 494/567/212 492/646/212
f 454/576/472 451/598/492 496/601/212 493/577/212
f 483/336/212 486/339/212 487/647/212 488/648/212
f 3331/649/534 3360/650/535 3344/651/536 514/652/537
f 3297/370/319 236/353/302 3282/352/301 3368/371/320
f 3332/653/538 3359/654/539 3337/655/540 512/656/541
f 3334/657/542 3358/658/543 3338/659/544 509/660/545
f 3335/661/546 3356/662/547 3339/663/548 506/664/549
f 3330/665/550 3355/666/551 3340/667/552 513/668/553
f 3289/356/305 3354/669/554 3341/670/555 510/357/306
f 3333/671/556 3353/672/557 3342/673/558 508/674/559
f 3336/675/560 3357/676/561 3343/677/562 507/678/563
f 3264/244/204 3297/370/319 237/369/318 155/312/264
f 406/613/505 3315/612/504 3341/670/555 509/660/545
f 408/605/497 3311/604/496 3338/659/544 508/674/559
f 410/571/467 3307/570/466 3342/673/558 507/679/563
f 407/617/509 3317/616/508 3343/677/562 506/664/549
f 409/621/513 3319/620/512 3339/663/548 514/652/537
f 468/315/267 3323/680/564 3337/655/540 511/372/321
f 411/609/501 3313/608/500 3340/667/552 512/656/541
f 3305/386/335 3277/317/269 239/302/254 248/379/328
f 524/681/565 3345/682/566 3306/569/465 517/568/464
f 525/683/567 3346/684/568 3308/573/469 518/572/468
f 531/685/569 3347/686/570 3310/603/495 522/602/494
f 528/687/571 3348/688/572 3312/607/499 516/606/498
f 530/689/573 3349/690/574 3314/611/503 521/610/502
f 527/691/575 3350/692/576 3316/615/507 515/614/506
f 532/693/577 3351/694/578 3318/619/511 523/618/510
f 455/695/533 531/685/569 3345/682/566
f 454/696/472 532/693/577 3346/684/568
f 465/697/473 530/689/573 3347/686/570
f 451/698/492 525/683/567 3348/688/572
f 466/392/214 526/391/337 3349/690/574
f 453/699/462 524/700/565 3350/692/576
f 456/701/463 527/691/575 3351/694/578
f 452/702/493 528/687/571 3352/703/579
f 487/647/212 486/339/212 489/256/212 490/579/212
f 484/395/212 485/704/212 495/600/212 497/332/212
f 496/601/212 495/600/212 485/704/212 412/705/212
f 412/705/212 413/706/212 493/577/212 496/601/212
f 477/707/212 542/708/212 478/709/212 494/567/212 491/566/212
f 479/710/212 487/647/212 490/579/212 492/646/212
f 478/709/212 539/711/212 479/710/212 492/646/212 494/567/212
f 413/706/212 477/707/212 491/566/212 493/577/212
f 423/637/529 533/636/528 537/712/580 421/713/581
f 481/628/520 421/713/581 537/712/580 474/627/519
f 713/714/582 581/715/583 582/716/584 715/717/585
f 712/718/586 580/719/587 581/715/583 713/714/582
f 711/720/588 579/721/589 580/719/587 712/718/586
f 710/722/590 578/723/591 579/724/589 711/725/588
f 709/726/592 577/727/593 578/723/591 710/722/590
f 708/728/594 576/729/595 577/727/593 709/726/592
f 714/730/596 575/731/597 576/729/595 708/728/594
f 707/732/598 598/733/599 591/734/600 701/735/601
f 689/736/602 588/737/603 589/738/604 690/739/605
f 688/740/606 587/741/607 588/737/603 689/736/602
f 687/742/608 586/743/609 587/744/607 688/745/606
f 686/746/610 585/747/611 586/743/609 687/742/608
f 685/748/612 584/749/613 585/747/611 686/746/610
f 691/750/614 583/751/615 584/749/613 685/748/612
f 567/752/616 714/753/596 708/754/594 568/755/617
f 568/755/617 708/754/594 709/756/592 569/757/618
f 570/758/619 710/759/590 711/760/588 571/761/620
f 571/761/620 711/760/588 712/762/586 572/763/621
f 572/763/621 712/762/586 713/764/582 573/765/622
f 700/766/623 606/767/624 599/768/625 699/769/601
f 698/770/626 605/771/627 606/767/624 700/766/623
f 697/772/628 604/773/629 605/771/627 698/770/626
f 696/774/630 603/775/631 604/773/629 697/772/628
f 695/776/608 602/777/632 603/778/631 696/779/630
f 694/780/633 601/781/611 602/777/632 695/776/608
f 693/782/634 600/783/635 601/781/611 694/780/633
f 699/769/601 599/768/625 600/783/635 693/782/634
f 715/717/585 582/716/584 575/731/597 714/730/596
f 606/767/624 638/784/636 631/785/637 599/768/625
f 592/786/638 624/787/639 625/788/212 593/789/640
f 575/731/597 607/790/641 608/791/642 576/729/595
f 589/738/604 621/792/643 622/793/636 590/794/644
f 604/773/629 636/795/645 637/796/643 605/771/627
f 587/741/607 619/797/646 620/798/645 588/737/603
f 602/777/632 634/799/647 635/800/648 603/778/631
f 582/716/584 614/801/649 607/790/641 575/731/597
f 585/747/611 617/802/650 618/803/651 586/743/609
f 600/783/635 632/804/642 633/805/650 601/781/611
f 597/806/652 629/807/3 630/808/653 598/733/599
f 580/719/587 612/809/645 613/810/3 581/715/583
f 583/751/615 615/811/641 616/812/654 584/749/613
f 595/813/655 627/814/646 628/815/656 596/816/657
f 578/723/591 610/817/658 611/818/646 579/724/589
f 593/789/640 625/788/212 626/819/651 594/820/651
f 576/729/595 608/791/642 609/821/212 577/727/593
f 590/794/644 622/793/636 615/811/641 583/751/615
f 605/771/627 637/796/643 638/784/636 606/767/624
f 591/734/600 623/822/641 624/787/639 592/786/638
f 588/737/603 620/798/645 621/792/643 589/738/604
f 603/775/631 635/823/648 636/795/645 604/773/629
f 586/743/609 618/803/651 619/824/646 587/744/607
f 601/781/611 633/805/650 634/799/647 602/777/632
f 598/733/599 630/808/653 623/822/641 591/734/600
f 581/715/583 613/810/3 614/801/649 582/716/584
f 584/749/613 616/812/654 617/802/650 585/747/611
f 599/768/625 631/785/637 632/804/642 600/783/635
f 596/816/657 628/815/656 629/807/3 597/806/652
f 579/721/589 611/825/646 612/809/645 580/719/587
f 594/820/651 626/819/651 627/826/646 595/827/655
f 577/727/593 609/821/212 610/817/658 578/723/591
f 644/828/659 874/829/660 652/830/660 645/831/661
f 643/832/662 650/492/247 649/833/246 642/834/663
f 640/835/664 647/290/246 646/836/660 639/837/665
f 642/834/663 649/833/246 648/287/246 641/838/666
f 641/838/666 648/287/246 647/290/246 640/835/664
f 574/839/667 660/840/668 659/841/660 573/765/622
f 573/765/622 659/841/660 658/842/660 572/763/621
f 572/763/621 658/842/660 657/843/669 571/761/620
f 569/757/618 656/289/248 655/288/247 568/755/617
f 568/755/617 655/288/247 654/494/415 567/752/616
f 564/844/670 565/845/671 667/846/672 666/847/673
f 563/848/674 564/844/670 666/847/673 665/849/675
f 562/850/676 563/848/674 665/849/675 664/851/677
f 561/852/678 562/850/676 664/851/677 663/853/660
f 560/854/679 561/852/678 663/853/660 662/855/660
f 559/856/680 560/854/679 662/855/660 661/857/660
f 550/858/681 543/859/682 669/860/668 676/861/660
f 549/862/683 550/858/681 676/861/660 675/863/660
f 548/864/684 549/862/683 675/863/660 674/865/660
f 547/866/685 548/864/684 674/865/660 673/867/660
f 546/868/660 547/866/685 673/867/660 672/869/660
f 543/859/682 544/870/686 670/871/660 669/860/668
f 558/872/687 551/873/688 677/874/689 684/875/690
f 557/876/691 558/872/687 684/875/690 683/877/692
f 556/878/693 557/876/691 683/877/692 682/879/694
f 555/880/695 556/878/693 682/879/694 681/881/672
f 554/882/696 555/880/695 681/881/672 680/883/660
f 553/884/678 554/882/696 680/883/660 679/885/660
f 552/886/697 553/884/678 679/885/660 678/887/698
f 551/873/688 552/886/697 678/887/698 677/874/689
f 659/841/660 662/855/660 663/853/660 658/842/660
f 668/888/660 672/869/660 673/867/660 667/846/672
f 661/857/660 662/855/660 659/841/660 671/889/660
f 660/840/668 670/871/660 671/889/660 659/841/660
f 676/861/660 679/885/660 680/883/660 675/863/660
f 669/860/668 678/887/698 679/885/660 676/861/660
f 675/863/660 680/883/660 681/881/672 674/865/660
f 674/865/660 681/881/672 3796/890/699
f 670/871/660 660/840/668 669/860/668
f 658/842/660 663/853/660 664/851/677 657/843/669
f 650/492/247 655/288/247 649/833/246
f 655/288/247 648/287/246 649/833/246
f 550/858/681 707/891/598 701/892/601 543/859/682
f 566/893/700 692/894/701 691/895/614 559/856/680
f 559/856/680 691/895/614 685/896/612 560/854/679
f 560/854/679 685/896/612 686/897/610 561/852/678
f 561/852/678 686/897/610 687/898/608 562/850/676
f 562/850/676 687/898/608 688/899/606 563/848/674
f 563/848/674 688/899/606 689/900/602 564/844/670
f 564/844/670 689/900/602 690/901/605 565/845/671
f 551/873/688 699/902/601 693/903/634 552/886/697
f 552/886/697 693/903/634 694/904/633 553/884/678
f 553/884/678 694/904/633 695/905/608 554/882/696
f 554/882/696 695/905/608 696/906/630 555/880/695
f 555/880/695 696/906/630 697/907/628 556/878/693
f 556/878/693 697/907/628 698/908/626 557/876/691
f 557/876/691 698/908/626 700/909/623 558/872/687
f 558/872/687 700/909/623 699/902/601 551/873/688
f 543/859/682 701/892/601 702/910/634 544/870/686
f 544/870/686 702/910/634 703/911/702 545/912/703
f 547/866/685 704/913/704 705/914/628 548/864/684
f 548/864/684 705/914/628 706/915/705 549/862/683
f 549/862/683 706/915/705 707/891/598 550/858/681
f 706/916/705 597/806/652 598/733/599 707/732/598
f 705/917/628 596/816/657 597/806/652 706/916/705
f 704/918/704 595/813/655 596/816/657 705/917/628
f 702/919/634 592/786/638 593/789/640 703/920/702
f 701/735/601 591/734/600 592/786/638 702/919/634
f 573/765/622 713/764/582 715/921/585 574/839/667
f 692/922/701 590/794/644 583/751/615 691/750/614
f 988/923/706 751/924/707 744/925/708 982/926/709
f 972/927/710 741/928/711 742/929/712 973/930/713
f 971/931/714 740/932/615 741/928/711 972/927/710
f 970/933/715 739/934/716 740/932/615 971/931/714
f 981/935/717 759/936/632 752/937/718 980/938/719
f 979/939/720 758/940/721 759/936/632 981/935/717
f 978/941/722 757/942/635 758/940/721 979/939/720
f 977/943/723 756/944/724 757/945/635 978/946/722
f 976/947/725 755/948/624 756/944/724 977/943/723
f 975/949/726 754/950/727 755/948/624 976/947/725
f 974/951/728 753/952/729 754/950/727 975/949/726
f 759/936/632 791/953/658 784/954/730 752/937/718
f 745/955/731 777/956/732 778/957/3 746/958/3
f 728/959/646 760/960/646 761/961/733 729/962/733
f 742/929/712 774/963/650 775/964/651 743/965/651
f 757/942/635 789/966/642 790/967/734 758/940/721
f 740/932/615 772/968/641 773/969/654 741/928/711
f 755/948/624 787/970/649 788/971/735 756/944/724
f 735/972/651 767/973/651 760/960/646 728/959/646
f 738/974/643 770/975/643 771/976/636 739/934/716
f 753/952/729 785/977/645 786/978/736 754/950/727
f 750/979/737 782/980/212 783/981/651 751/924/707
f 733/982/642 765/983/642 766/984/212 734/985/212
f 736/986/646 768/987/646 769/988/645 737/989/738
f 748/990/739 780/991/641 781/992/740 749/993/741
f 731/994/636 763/995/636 764/996/641 732/997/641
f 746/958/3 778/957/3 779/998/653 747/999/742
f 729/962/733 761/961/733 762/1000/3 730/1001/3
f 743/1002/651 775/1003/651 768/987/646 736/986/646
f 758/940/721 790/967/734 791/953/658 759/936/632
f 744/925/708 776/1004/646 777/956/732 745/955/731
f 741/928/711 773/969/654 774/963/650 742/929/712
f 756/944/724 788/971/735 789/1005/642 757/945/635
f 739/934/716 771/976/636 772/968/641 740/932/615
f 754/950/727 786/978/736 787/970/649 755/948/624
f 751/924/707 783/981/651 776/1004/646 744/925/708
f 734/985/212 766/984/212 767/973/651 735/972/651
f 737/989/738 769/988/645 770/975/643 738/974/643
f 752/937/718 784/954/730 785/977/645 753/952/729
f 749/993/741 781/992/740 782/980/212 750/979/737
f 732/1006/641 764/1007/641 765/983/642 733/982/642
f 747/999/742 779/998/653 780/1008/641 748/1009/739
f 730/1001/3 762/1000/3 763/995/636 731/994/636
f 1102/1010/743 795/1011/743 796/1012/744 1103/1013/744
f 1103/1013/744 796/1012/744 797/1014/745 1104/1015/745
f 1105/1016/642 798/1017/642 799/1018/746 1106/1019/746
f 1107/1020/747 800/1021/747 801/1022/748 1108/1023/748
f 792/1024/749 814/1025/750 833/1026/751 832/1027/752
f 821/1028/660 824/1029/660 838/1030/753 837/1031/660
f 819/1032/660 821/1028/660 837/1031/660 836/1033/660
f 824/1029/660 818/1034/660 835/1035/753 838/1030/753
f 3792/1036/660 820/1037/660 3774/1038/754 3799/1039/672
f 848/1040/755 853/1041/756 860/1042/757 854/1043/758
f 3782/1044/759 3783/1045/760 852/1046/761 850/1047/762
f 3783/1045/760 3784/1048/763 864/1049/660 852/1046/761
f 853/1041/756 865/1050/660 867/1051/660 860/1042/757
f 854/1043/758 860/1042/757 869/1052/764 870/1053/765
f 860/1042/757 867/1051/660 871/1054/660 869/1052/764
f 852/1046/761 864/1049/660 3781/1055/669 3779/1056/766
f 1088/1057/767 1089/1058/768 842/1059/768 841/1060/769
f 3386/1061/770 1109/1062/771 880/1063/771 3387/1064/770
f 1109/1062/771 1110/1065/772 881/1066/772 880/1063/771
f 1110/1065/772 1111/1067/773 882/1068/773 881/1066/772
f 1112/1069/651 1113/1070/774 884/1071/774 883/1072/651
f 1115/1073/775 1086/1074/646 917/1075/646 886/1076/775
f 3776/1077/776 3775/1078/777 939/1079/778 946/1080/779
f 3773/1081/780 3772/1082/781 900/1083/782 908/1084/783
f 899/1085/784 3776/1077/776 946/1080/779 938/1086/785
f 893/1087/786 3773/1081/780 908/1084/783 898/1088/787
f 876/1089/788 911/1090/660 910/1091/660 875/1092/789
f 1114/1093/790 1115/1073/775 886/1076/775 885/1094/790
f 3777/1095/791 946/1080/779 939/1079/778 3778/1096/792
f 937/1097/793 938/1086/785 946/1080/779 3777/1095/791
f 723/1098/794 716/1099/795 964/1100/699 967/1101/660
f 717/1102/796 718/1103/660 966/1104/660 965/1105/660
f 716/1099/795 717/1102/796 965/1105/660 964/1100/699
f 963/1106/699 965/1105/660 966/1104/660 962/1107/660
f 964/1100/699 968/1108/754 969/1109/660 967/1101/660
f 965/1105/660 963/1106/699 964/1100/699
f 968/1108/754 964/1100/699 956/1110/763
f 956/1110/763 964/1100/699 957/1111/797
f 948/1112/699 964/1100/699 963/1106/699
f 90/118/798 16/1113/799 86/144/125 94/146/127
f 723/1098/794 988/1114/706 982/1115/709 716/1099/795
f 724/1116/800 974/1117/728 975/1118/726 725/1119/801
f 725/1119/801 975/1118/726 976/1120/725 726/1121/802
f 726/1121/802 976/1120/725 977/1122/723 727/1123/803
f 716/1099/795 982/1115/709 983/1124/804 717/1102/796
f 719/1125/805 984/1126/700 985/1127/614 720/1128/806
f 720/1128/806 985/1127/614 986/1129/634 721/1130/807
f 721/1130/807 986/1129/634 987/1131/808 722/1132/809
f 722/1132/809 987/1131/808 988/1114/706 723/1098/794
f 987/1133/808 750/979/737 751/924/707 988/923/706
f 986/1134/634 749/993/741 750/979/737 987/1133/808
f 985/1135/614 748/990/739 749/993/741 986/1134/634
f 984/1136/700 747/999/742 748/1009/739 985/1137/614
f 982/926/709 744/925/708 745/955/731 983/1138/804
f 865/1050/660 645/831/661 652/830/660 653/1139/660
f 3788/1140/660 866/1141/660 873/1142/810 3789/1143/811
f 820/1037/660 3788/1140/660 3789/1143/811 3774/1038/754
f 835/1035/753 3795/1144/699 3796/890/699 681/881/672
f 3799/1039/672 3774/1038/754 666/847/673 667/846/672
f 3795/1144/699 3797/1145/669 3798/1146/669 3796/890/699
f 835/1035/753 681/881/672 838/1030/753
f 826/1147/812 683/877/692 684/875/690 827/1148/813
f 828/1149/814 827/1148/813 684/875/690
f 684/875/690 677/874/689 828/1149/814
f 828/1149/814 677/874/689 829/1150/815
f 829/1150/815 677/874/689 678/887/698 830/1151/698
f 678/887/698 669/860/668 830/1151/698
f 825/1152/816 682/879/694 683/877/692 826/1147/812
f 682/879/694 825/1152/816 832/1027/752
f 3785/1153/817 657/843/669 3786/1154/810
f 872/1155/698 794/1156/818 669/860/668
f 669/860/668 794/1156/818 831/1157/819
f 830/1151/698 669/860/668 831/1157/819
f 872/1155/698 669/860/668 660/840/668
f 1083/1158/820 1082/1159/821 1009/1160/822 1008/1161/823
f 3381/1162/824 1080/1163/825 1004/1164/826 3382/1165/827
f 1079/1166/828 1078/1167/829 1000/1168/830 999/1169/831
f 1077/1170/832 1076/1171/833 1020/1172/834 1012/1173/835
f 1075/1174/836 1074/1175/837 996/1176/838 1003/1177/839
f 1073/1178/840 1077/1170/832 1012/1173/835 1011/1179/841
f 1072/1180/842 1071/1181/843 1007/1182/844 1006/1183/845
f 1070/1184/846 1075/1174/836 1003/1177/839 1002/1185/847
f 1078/1167/829 1069/1186/848 1001/1187/849 1000/1168/830
f 1076/1171/833 1068/1188/850 1019/1189/851 1020/1172/834
f 1067/1190/852 1081/1191/853 989/1192/854 990/1193/855
f 1066/1194/856 1065/1195/857 994/1196/858 995/1197/859
f 1064/1198/860 1079/1166/828 999/1169/831 998/1199/861
f 1063/1200/862 1062/1201/863 1017/1202/864 1018/1203/865
f 3388/1204/866 1061/1205/867 1005/1206/868 3389/1207/869
f 1065/1195/857 1060/1208/870 993/1209/871 994/1196/858
f 1059/1210/872 1064/1198/860 998/1199/861 997/1211/873
f 1058/1212/874 1057/1213/875 1015/1214/876 1016/1215/877
f 1071/1181/843 1083/1158/820 1008/1161/823 1007/1182/844
f 1060/1208/870 1056/1216/878 992/1217/879 993/1209/871
f 1056/1216/878 1055/1218/880 991/1219/881 992/1217/879
f 3376/1220/882 1059/1210/872 997/1211/873 3377/1221/883
f 1057/1213/875 1053/1222/884 1014/1223/885 1015/1214/876
f 1062/1201/863 1058/1212/874 1016/1215/877 1017/1202/864
f 3370/1224/886 1054/1225/887 1013/1226/888 3371/1227/889
f 1055/1218/880 1067/1190/852 990/1193/855 991/1219/881
f 1074/1175/837 1066/1194/856 995/1197/859 996/1176/838
f 1069/1186/848 1070/1184/846 1002/1185/847 1001/1187/849
f 1084/1228/890 1073/1178/840 1011/1179/841 1010/1229/891
f 1061/1205/867 1072/1180/842 1006/1183/845 1005/1206/868
f 1068/1188/850 1063/1200/862 1018/1203/865 1019/1189/851
f 1082/1159/821 1084/1228/890 1010/1229/891 1009/1160/822
f 1018/1203/865 1017/1202/864 1049/1230/892 1050/1231/892
f 3389/1207/869 1005/1206/868 1037/1232/892 3390/1233/892
f 995/1197/859 994/1196/858 1026/1234/892 1027/1235/892
f 1015/1214/876 1014/1223/885 1046/1236/892 1047/1237/892
f 993/1209/871 992/1217/879 1024/1238/892 1025/1239/892
f 1003/1177/839 996/1176/838 1028/1240/892 1035/1241/892
f 1007/1182/844 1008/1161/823 1040/1242/892 1039/1243/892
f 990/1193/855 989/1192/854 1021/1244/892 1022/1245/892
f 1001/1187/849 1002/1185/847 1034/1246/892 1033/1247/892
f 1010/1229/891 1011/1179/841 1043/1248/892 1042/1249/892
f 998/1199/861 999/1169/831 1031/1250/892 1030/1251/892
f 1012/1173/835 1020/1172/834 1052/1252/892 1044/1253/892
f 1008/1161/823 1009/1160/822 1041/1254/892 1040/1242/892
f 3377/1221/883 997/1211/873 1029/1255/892 3378/1256/892
f 1019/1189/851 1018/1203/865 1050/1231/892 1051/1257/892
f 1005/1206/868 1006/1183/845 1038/1258/892 1037/1232/892
f 996/1176/838 995/1197/859 1027/1235/892 1028/1240/892
f 1016/1215/877 1015/1214/876 1047/1237/892 1048/1259/892
f 994/1196/858 993/1209/871 1025/1239/892 1026/1234/892
f 999/1169/831 1000/1168/830 1032/1260/892 1031/1250/892
f 3371/1227/889 1013/1226/888 1045/1261/892 3372/1262/892
f 991/1219/881 990/1193/855 1022/1245/892 1023/1263/892
f 1002/1185/847 1003/1177/839 1035/1241/892 1034/1246/892
f 1011/1179/841 1012/1173/835 1044/1253/892 1043/1248/892
f 3382/1165/827 1004/1164/826 1036/1264/892 3383/1265/892
f 1000/1168/830 1001/1187/849 1033/1247/892 1032/1260/892
f 1017/1202/864 1016/1215/877 1048/1259/892 1049/1230/892
f 1009/1160/822 1010/1229/891 1042/1249/892 1041/1254/892
f 997/1211/873 998/1199/861 1030/1251/892 1029/1255/892
f 1020/1172/834 1019/1189/851 1051/1257/892 1052/1252/892
f 1006/1183/845 1007/1182/844 1039/1243/892 1038/1258/892
f 992/1217/879 991/1219/881 1023/1263/892 1024/1238/892
f 884/1071/774 885/1094/790 1084/1266/890 1082/1267/821
f 924/1268/893 923/1269/894 1063/1270/862 1068/1271/850
f 880/1063/771 881/1066/772 1072/1272/842 1061/1273/867
f 885/1094/790 886/1076/775 1073/1274/840 1084/1266/890
f 844/1275/895 845/1276/896 1070/1277/846 1069/1278/848
f 839/1279/641 801/1022/748 1066/1280/856 1074/1281/837
f 797/1014/745 796/1012/744 1067/1282/852 1055/1283/880
f 3373/1284/897 918/1285/3 1054/1286/887 3370/1287/886
f 922/1288/645 921/1289/898 1058/1290/874 1062/1291/863
f 920/1292/899 919/1293/900 1053/1294/884 1057/1295/875
f 798/1017/642 797/1014/745 1055/1283/880 1056/1296/878
f 799/1018/746 798/1017/642 1056/1296/878 1060/1297/870
f 882/1068/773 883/1072/651 1083/1298/820 1071/1299/843
f 921/1289/898 920/1292/899 1057/1295/875 1058/1290/874
f 840/1300/901 841/1060/769 1064/1301/860 1059/1302/872
f 800/1021/747 799/1018/746 1060/1297/870 1065/1303/857
f 3387/1064/770 880/1063/771 1061/1273/867 3388/1304/866
f 923/1269/894 922/1288/645 1062/1291/863 1063/1270/862
f 841/1060/769 842/1059/768 1079/1305/828 1064/1301/860
f 801/1022/748 800/1021/747 1065/1303/857 1066/1280/856
f 796/1012/744 795/1011/743 1081/1306/853 1067/1282/852
f 925/1307/902 924/1268/893 1068/1271/850 1076/1308/833
f 843/1309/653 844/1275/895 1069/1278/848 1078/1310/829
f 845/1276/896 846/1311/903 1075/1312/836 1070/1277/846
f 881/1066/772 882/1068/773 1071/1299/843 1072/1272/842
f 886/1076/775 917/1075/646 1077/1313/832 1073/1274/840
f 846/1311/903 839/1314/641 1074/1315/837 1075/1312/836
f 917/1316/646 925/1307/902 1076/1308/833 1077/1317/832
f 842/1059/768 843/1309/653 1078/1310/829 1079/1305/828
f 3384/1318/904 879/1319/212 1080/1320/825 3381/1321/824
f 883/1072/651 884/1071/774 1082/1267/821 1083/1298/820
f 3385/1322/904 3384/1318/904 795/1011/743 1102/1010/743
f 1108/1023/748 801/1022/748 839/1279/641 1085/1323/641
f 1113/1070/774 1114/1093/790 885/1094/790 884/1071/774
f 1106/1019/746 799/1018/746 800/1021/747 1107/1020/747
f 842/1059/768 1089/1058/768 1090/1324/653 843/1309/653
f 1090/1324/653 1091/1325/895 844/1275/895 843/1309/653
f 1092/1326/896 1093/1327/903 846/1311/903 845/1276/896
f 1093/1327/903 1085/1328/641 839/1314/641 846/1311/903
f 882/1068/773 1111/1067/773 1112/1069/651 883/1072/651
f 1091/1325/895 1092/1326/896 845/1276/896 844/1275/895
f 3374/1329/897 3373/1284/897 919/1293/900 1094/1330/900
f 1094/1330/900 919/1293/900 920/1292/899 1095/1331/899
f 1095/1331/899 920/1292/899 921/1289/898 1096/1332/898
f 1097/1333/645 922/1288/645 923/1269/894 1098/1334/894
f 1099/1335/893 924/1268/893 925/1307/902 1100/1336/902
f 1086/1337/646 1100/1336/902 925/1307/902 917/1316/646
f 1098/1334/894 923/1269/894 924/1268/893 1099/1335/893
f 1105/1016/642 1104/1015/745 797/1014/745 798/1017/642
f 28/104/90 88/117/101 813/1338/905
f 27/105/83 28/104/90 813/1338/905 85/1339/84
f 87/1340/93 29/100/86 83/101/87 814/1025/750
f 16/1113/799 794/1341/906 86/144/125
f 18/1342/117 9/1343/907 793/1344/908 17/1345/118
f 793/1344/908 10/132/115 12/133/116 17/1345/118
f 9/1343/907 18/1342/117 15/1346/192 792/1024/749
f 814/1025/750 792/1024/749 15/1346/192 87/1340/93
f 86/144/125 794/1341/906 815/1347/909 95/145/126
f 166/1348/910 217/1349/911 862/1350/912 167/1351/913
f 168/1352/914 645/831/661 217/1349/911 166/1348/910
f 218/1353/915 644/828/659 645/831/661 168/1352/914
f 163/1354/287 643/832/662 642/834/663
f 162/1355/916 161/1356/917 640/835/664 639/837/665
f 641/838/666 160/1357/286 163/1354/287 642/834/663
f 640/835/664 161/1356/917 160/1357/286 641/838/666
f 163/329/287 252/327/285 643/1358/662
f 643/1358/662 252/327/285 164/326/284
f 278/483/405 901/1359/918 345/484/406
f 276/1360/400 903/1361/919 904/1362/920 277/1363/402
f 279/1364/399 902/1365/921 903/1361/919 276/1360/400
f 275/1366/922 878/1367/923 270/1368/924
f 274/489/411 273/1369/925 875/1092/789 269/486/408
f 876/1089/788 271/1370/926 275/1366/922 270/1368/924
f 875/1092/789 273/1369/925 271/1370/926 876/1089/788
f 324/485/407 345/484/406 887/1371/927
f 887/1371/927 345/484/406 915/1372/928
f 915/1372/928 345/484/406 901/1359/918
f 426/1373/518 425/1374/517 941/1375/929 480/1376/930
f 481/1377/520 426/1373/518 480/1376/930 940/1378/931
f 423/1379/529 916/1380/932 415/634/526 422/635/527
f 916/1380/932 423/1379/529 421/1381/581 414/1382/933
f 940/1378/931 414/1382/933 421/1381/581 481/1377/520
f 84/99/85 806/1383/934 819/1032/660 83/101/87
f 806/1383/934 84/99/85 85/98/84 802/1384/935
f 14/1385/105 13/126/104 829/1150/815 830/1151/698
f 16/1386/660 14/1385/105 830/1151/698 831/1157/819
f 13/126/104 11/125/109 828/1149/814 829/1150/815
f 793/1344/908 9/1343/907 825/1152/816 826/1147/812
f 11/125/109 10/132/115 827/1148/813 828/1149/814
f 10/132/115 793/1344/908 826/1147/812 827/1148/813
f 814/1025/750 83/101/87 834/1387/660 833/1026/751
f 819/1032/660 836/1033/660 834/1387/660 83/101/87
f 792/1024/749 832/1027/752 825/1152/816 9/1343/907
f 853/1041/756 848/1040/755 862/1350/912 217/1349/911
f 905/1388/660 949/1389/660 950/1390/660 350/1391/660
f 350/1391/660 950/1390/660 948/1112/699 877/1392/660
f 878/1367/923 913/1393/660 912/1394/660 270/1368/924
f 875/1092/789 910/1091/660 909/1395/660 269/486/408
f 270/1368/924 912/1394/660 911/1090/660 876/1089/788
f 268/487/409 269/486/408 909/1395/660 914/1396/660
f 941/1375/929 931/1397/936 944/1398/660 480/1376/930
f 482/1399/660 942/1400/660 950/1390/660 949/1389/660
f 942/1400/660 418/1401/937 948/1112/699 950/1390/660
f 420/631/523 417/630/522 954/1402/660 955/1403/660
f 415/634/526 916/1380/932 951/1404/660 952/1405/660
f 417/630/522 416/632/524 953/1406/938 954/1402/660
f 416/632/524 415/634/526 952/1405/660 953/1406/938
f 414/1382/933 940/1378/931 959/1407/660 958/1408/660
f 940/1378/931 480/1376/930 960/1409/660 959/1407/660
f 944/1398/660 961/1410/660 960/1409/660 480/1376/930
f 414/1382/933 958/1408/660 951/1404/660 916/1380/932
f 948/1112/699 418/1401/937 964/1100/699
f 964/1100/699 418/1401/937 957/1111/797
f 217/1349/911 645/831/661 865/1050/660 853/1041/756
f 1290/1411/646 1116/1412/939 1117/1413/940 1291/1414/941
f 1291/1414/941 1117/1413/940 1118/1415/942 1292/1416/943
f 1292/1416/943 1118/1415/942 1119/1417/944 1293/1418/945
f 1294/1419/946 1120/1420/947 1121/1421/948 1295/1422/949
f 1295/1422/949 1121/1421/948 1122/1423/950 1296/1424/951
f 1296/1424/951 1122/1423/950 1123/1425/952 1297/1426/953
f 1297/1426/953 1123/1425/952 1124/1427/954 1298/1428/955
f 1298/1428/955 1124/1427/954 1125/1429/956 1299/1430/957
f 1299/1430/957 1125/1429/956 1126/1431/958 1300/1432/959
f 1300/1432/959 1126/1431/958 1127/1433/960 1301/1434/961
f 1301/1434/961 1127/1433/960 1128/1435/962 1302/1436/892
f 1302/1436/892 1128/1435/962 1129/1437/963 1303/1438/964
f 1303/1438/964 1129/1437/963 1130/1439/965 1304/1440/966
f 1304/1440/966 1130/1439/965 1131/1441/967 1305/1442/968
f 1305/1442/968 1131/1441/967 1132/1443/969 1306/1444/970
f 1307/1445/971 1133/1446/972 1116/1412/939 1290/1411/646
f 1306/1444/970 1132/1443/969 1133/1446/972 1307/1445/971
f 1230/1447/973 1231/1448/974 1140/1449/975 1141/1450/976
f 1232/1451/977 1233/1452/978 1138/1453/979 1139/1454/980
f 1235/1455/981 1236/1456/982 1136/1457/983 1137/1458/984
f 1237/1459/985 1238/1460/986 1145/1461/987 1134/1462/988
f 1243/1463/989 1244/1464/990 1143/1465/991 1144/1466/992
f 1240/1467/993 1237/1459/985 1134/1462/988 1135/1468/994
f 1247/1469/995 1230/1447/973 1141/1450/976 1142/1470/996
f 1231/1448/974 1232/1451/977 1139/1454/980 1140/1449/975
f 1233/1452/978 1235/1455/981 1137/1458/984 1138/1453/979
f 1238/1460/986 1243/1463/989 1144/1466/992 1145/1461/987
f 1244/1464/990 1247/1469/995 1142/1470/996 1143/1465/991
f 1145/1461/987 1144/1466/992 1157/1471/997 1158/1472/998
f 1143/1465/991 1142/1470/996 1155/1473/999 1156/1474/1000
f 1137/1458/984 1136/1457/983 1149/1475/1001 1150/1476/1002
f 1144/1466/992 1143/1465/991 1156/1474/1000 1157/1471/997
f 1142/1470/996 1141/1450/976 1154/1477/1003 1155/1473/999
f 1138/1453/979 1137/1458/984 1150/1476/1002 1151/1478/1004
f 1156/1474/1000 1155/1473/999 1177/1479/1005 1178/1480/1006
f 1154/1477/1003 1153/1481/1007 1175/1482/1008 1176/1483/1009
f 1157/1471/997 1156/1474/1000 1178/1480/1006 1179/1484/1010
f 1147/1485/1011 1146/1486/1012 1167/1487/1013 1168/1488/1014
f 1155/1473/999 1154/1477/1003 1176/1483/1009 1177/1479/1005
f 1153/1481/1007 1152/1489/1015 1174/1490/1016 1175/1482/1008
f 1148/1491/1017 1147/1485/1011 1168/1488/1014 1169/1492/1018
f 1248/1493/1019 1249/1494/1020 1197/1495/1021 1198/1496/1022
f 1250/1497/1023 1251/1498/1024 1186/1499/1025 1187/1500/1026
f 1252/1501/1027 1253/1502/1028 1184/1503/1029 1185/1504/1030
f 1254/1505/1031 1255/1506/1032 1195/1507/1033 1196/1508/1034
f 1256/1509/1035 1257/1510/1036 1204/1511/1037 1181/1512/1038
f 1258/1513/1039 1259/1514/1040 1182/1515/1041 1183/1516/1042
f 1260/1517/1043 1261/1518/1044 1193/1519/1045 1194/1520/1046
f 1262/1521/1047 1263/1522/1048 1202/1523/1049 1203/1524/1050
f 1264/1525/1051 1265/1526/1052 1191/1527/1053 1192/1528/1054
f 1266/1529/1055 1267/1530/1056 1200/1531/1057 1201/1532/1058
f 1268/1533/1059 1269/1534/1060 1189/1535/1061 1190/1536/1062
f 1270/1537/1063 1248/1493/1019 1198/1496/1022 1199/1538/1064
f 1271/1539/1065 1250/1497/1023 1187/1500/1026 1188/1540/1066
f 1251/1498/1024 1252/1501/1027 1185/1504/1030 1186/1499/1025
f 1249/1494/1020 1254/1505/1031 1196/1508/1034 1197/1495/1021
f 1253/1502/1028 1258/1513/1039 1183/1516/1042 1184/1503/1029
f 1255/1506/1032 1260/1517/1043 1194/1520/1046 1195/1507/1033
f 1257/1510/1036 1262/1521/1047 1203/1524/1050 1204/1511/1037
f 1259/1514/1040 1256/1509/1035 1181/1512/1038 1182/1515/1041
f 1261/1518/1044 1264/1525/1051 1192/1528/1054 1193/1519/1045
f 1263/1522/1048 1266/1529/1055 1201/1532/1058 1202/1523/1049
f 1265/1526/1052 1268/1533/1059 1190/1536/1062 1191/1527/1053
f 1267/1530/1056 1270/1537/1063 1199/1538/1064 1200/1531/1057
f 1269/1534/1060 1271/1539/1065 1188/1540/1066 1189/1535/1061
f 1181/1512/1038 1204/1511/1037 1228/1541/1067 1205/1542/1068
f 1183/1516/1042 1182/1515/1041 1206/1543/1069 1207/1544/1070
f 1194/1520/1046 1193/1519/1045 1217/1545/1071 1218/1546/1072
f 1203/1524/1050 1202/1523/1049 1226/1547/1073 1227/1548/1074
f 1192/1528/1054 1191/1527/1053 1215/1549/1075 1216/1550/1076
f 1201/1532/1058 1200/1531/1057 1224/1551/1077 1225/1552/1078
f 1190/1536/1062 1189/1535/1061 1213/1553/1079 1214/1554/1080
f 1199/1538/1064 1198/1496/1022 1222/1555/1081 1223/1556/1082
f 1188/1540/1066 1187/1500/1026 1211/1557/1083 1212/1558/1084
f 1186/1499/1025 1185/1504/1030 1209/1559/1085 1210/1560/1086
f 1197/1495/1021 1196/1508/1034 1220/1561/1087 1221/1562/1088
f 1184/1503/1029 1183/1516/1042 1207/1544/1070 1208/1563/1089
f 1195/1507/1033 1194/1520/1046 1218/1546/1072 1219/1564/1090
f 1204/1511/1037 1203/1524/1050 1227/1548/1074 1228/1541/1067
f 1182/1515/1041 1181/1512/1038 1205/1542/1068 1206/1543/1069
f 1193/1519/1045 1192/1528/1054 1216/1550/1076 1217/1545/1071
f 1202/1523/1049 1201/1532/1058 1225/1552/1078 1226/1547/1073
f 1191/1527/1053 1190/1536/1062 1214/1554/1080 1215/1549/1075
f 1200/1531/1057 1199/1538/1064 1223/1556/1082 1224/1551/1077
f 1189/1535/1061 1188/1540/1066 1212/1558/1084 1213/1553/1079
f 1198/1496/1022 1197/1495/1021 1221/1562/1088 1222/1555/1081
f 1187/1500/1026 1186/1499/1025 1210/1560/1086 1211/1557/1083
f 1185/1504/1030 1184/1503/1029 1208/1563/1089 1209/1559/1085
f 1196/1508/1034 1195/1507/1033 1219/1564/1090 1220/1561/1087
f 1225/1552/1078 1224/1551/1077 1229/1565/212
f 1214/1554/1080 1213/1553/1079 1229/1565/212
f 1223/1556/1082 1222/1555/1081 1229/1565/212
f 1212/1558/1084 1211/1557/1083 1229/1565/212
f 1210/1560/1086 1209/1559/1085 1229/1565/212
f 1221/1562/1088 1220/1561/1087 1229/1565/212
f 1208/1563/1089 1207/1544/1070 1229/1565/212
f 1219/1564/1090 1218/1546/1072 1229/1565/212
f 1228/1541/1067 1227/1548/1074 1229/1565/212
f 1206/1543/1069 1205/1542/1068 1229/1565/212
f 1217/1545/1071 1216/1550/1076 1229/1565/212
f 1226/1547/1073 1225/1552/1078 1229/1565/212
f 1215/1549/1075 1214/1554/1080 1229/1565/212
f 1224/1551/1077 1223/1556/1082 1229/1565/212
f 1213/1553/1079 1212/1558/1084 1229/1565/212
f 1222/1555/1081 1221/1562/1088 1229/1565/212
f 1211/1557/1083 1210/1560/1086 1229/1565/212
f 1209/1559/1085 1208/1563/1089 1229/1565/212
f 1220/1561/1087 1219/1564/1090 1229/1565/212
f 1205/1542/1068 1228/1541/1067 1229/1565/212
f 1207/1544/1070 1206/1543/1069 1229/1565/212
f 1218/1546/1072 1217/1545/1071 1229/1565/212
f 1227/1548/1074 1226/1547/1073 1229/1565/212
f 1216/1550/1076 1215/1549/1075 1229/1565/212
f 1129/1437/963 1128/1435/962 1231/1448/974 1230/1447/973
f 1127/1433/960 1126/1431/958 1233/1452/978 1232/1451/977
f 1125/1429/956 1124/1427/954 1236/1456/982 1235/1455/981
f 1116/1412/939 1133/1446/972 1238/1460/986 1237/1459/985
f 1118/1415/942 1117/1413/940 1240/1467/993 1239/1566/1091
f 1123/1425/952 1122/1423/950 1242/1567/1092 1241/1568/1093
f 1132/1443/969 1131/1441/967 1244/1464/990 1243/1463/989
f 1117/1413/940 1116/1412/939 1237/1459/985 1240/1467/993
f 1121/1421/948 1120/1420/947 1246/1569/1094 1245/1570/1095
f 1130/1439/965 1129/1437/963 1230/1447/973 1247/1469/995
f 1128/1435/962 1127/1433/960 1232/1451/977 1231/1448/974
f 1126/1431/958 1125/1429/956 1235/1455/981 1233/1452/978
f 1119/1417/944 1118/1415/942 1239/1566/1091 1234/1571/1096
f 1124/1427/954 1123/1425/952 1241/1568/1093 1236/1456/982
f 1133/1446/972 1132/1443/969 1243/1463/989 1238/1460/986
f 1122/1423/950 1121/1421/948 1245/1570/1095 1242/1567/1092
f 1131/1441/967 1130/1439/965 1247/1469/995 1244/1464/990
f 1174/1572/1016 1173/1573/212 1249/1494/1020 1248/1493/1019
f 1163/1574/212 1162/1575/1097 1251/1498/1024 1250/1497/1023
f 1161/1576/212 1160/1577/212 1253/1502/1028 1252/1501/1027
f 1172/1578/212 1171/1579/212 1255/1506/1032 1254/1505/1031
f 1159/1580/212 1180/1581/212 1257/1510/1036 1256/1509/1035
f 1170/1582/212 1169/1583/1018 1261/1518/1044 1260/1517/1043
f 1179/1584/1010 1178/1585/1006 1263/1522/1048 1262/1521/1047
f 1168/1586/1014 1167/1587/1013 1265/1526/1052 1264/1525/1051
f 1177/1588/1005 1176/1589/1009 1267/1530/1056 1266/1529/1055
f 1166/1590/212 1165/1591/212 1269/1534/1060 1268/1533/1059
f 1175/1592/1008 1174/1572/1016 1248/1493/1019 1270/1537/1063
f 1164/1593/1097 1163/1574/212 1250/1497/1023 1271/1539/1065
f 1162/1575/1097 1161/1576/212 1252/1501/1027 1251/1498/1024
f 1173/1573/212 1172/1578/212 1254/1505/1031 1249/1494/1020
f 1171/1579/212 1170/1582/212 1260/1517/1043 1255/1506/1032
f 1180/1581/212 1179/1584/1010 1262/1521/1047 1257/1510/1036
f 1169/1583/1018 1168/1586/1014 1264/1525/1051 1261/1518/1044
f 1178/1585/1006 1177/1588/1005 1266/1529/1055 1263/1522/1048
f 1167/1587/1013 1166/1590/212 1268/1533/1059 1265/1526/1052
f 1176/1589/1009 1175/1592/1008 1270/1537/1063 1267/1530/1056
f 1165/1591/212 1164/1593/1097 1271/1539/1065 1269/1534/1060
f 1290/1411/646 1291/1414/941 1273/1594/1098 1272/1595/1099
f 1291/1414/941 1292/1416/943 1274/1596/1100 1273/1594/1098
f 1292/1416/943 1293/1418/945 1275/1597/1101 1274/1596/1100
f 1294/1419/946 1295/1422/949 1277/1598/1102 1276/1599/1103
f 1295/1422/949 1296/1424/951 1278/1600/1104 1277/1598/1102
f 1297/1426/953 1298/1428/955 1280/1601/1105 1279/1602/1106
f 1298/1428/955 1299/1430/957 1281/1603/1107 1280/1601/1105
f 1299/1430/957 1300/1432/959 1282/1604/1108 1281/1603/1107
f 1300/1432/959 1301/1434/961 1283/1605/1109 1282/1604/1108
f 1301/1434/961 1302/1436/892 1284/1606/1110 1283/1605/1109
f 1302/1436/892 1303/1438/964 1285/1607/1111 1284/1606/1110
f 1303/1438/964 1304/1440/966 1286/1608/1112 1285/1607/1111
f 1304/1440/966 1305/1442/968 1287/1609/1113 1286/1608/1112
f 1305/1442/968 1306/1444/970 1288/1610/1114 1287/1609/1113
f 1307/1445/971 1290/1411/646 1272/1595/1099 1289/1611/1115
f 1306/1444/970 1307/1445/971 1289/1611/1115 1288/1610/1114
f 1395/1612/1116 1309/1613/1117 1308/1614/1118 1396/1615/1119
f 1404/1616/1120 1314/1617/1121 1313/1618/1122 1405/1619/1123
f 1408/1620/1124 1312/1621/1125 1311/1622/1126 1393/1623/1127
f 1394/1624/1128 1310/1625/1129 1309/1613/1117 1395/1612/1116
f 1405/1619/1123 1313/1618/1122 1312/1621/1125 1408/1620/1124
f 1313/1618/1122 1325/1626/1130 1324/1627/1131 1312/1621/1125
f 1312/1621/1125 1324/1627/1131 1323/1628/1132 1311/1622/1126
f 1325/1626/1130 1341/1629/1133 1340/1630/1134 1324/1627/1131
f 1323/1628/1132 1339/1631/1135 1338/1632/1136 1322/1633/1137
f 1321/1634/1138 1337/1635/1139 1336/1636/1140 1320/1637/1141
f 1319/1638/1142 1335/1639/1143 1334/1640/1144 1318/1641/1145
f 1317/1642/1146 1333/1643/1147 1332/1644/1148 1316/1645/1149
f 1326/1646/1150 1342/1647/1151 1341/1629/1133 1325/1626/1130
f 1324/1627/1131 1340/1630/1134 1339/1631/1135 1323/1628/1132
f 1322/1633/1137 1338/1632/1136 1337/1635/1139 1321/1634/1138
f 1320/1637/1141 1336/1636/1140 1335/1639/1143 1319/1638/1142
f 1316/1645/1149 1332/1644/1148 1331/1648/1152 1315/1649/1153
f 1409/1650/1154 1361/1651/1155 1360/1652/1156 1410/1653/1157
f 1411/1654/1158 1350/1655/1159 1349/1656/1160 1412/1657/1161
f 1413/1658/1162 1348/1659/1163 1347/1660/1164 1414/1661/1165
f 1415/1662/1166 1359/1663/1167 1358/1664/1168 1416/1665/1169
f 1417/1666/1170 1344/1667/1171 1367/1668/1172 1418/1669/1173
f 1419/1670/1174 1346/1671/1175 1345/1672/1176 1420/1673/1177
f 1421/1674/1178 1357/1675/1179 1356/1676/1180 1422/1677/1181
f 1423/1678/1182 1366/1679/1183 1365/1680/1184 1424/1681/1185
f 1425/1682/1186 1355/1683/1187 1354/1684/1188 1426/1685/1189
f 1427/1686/1190 1364/1687/1191 1363/1688/1192 1428/1689/1193
f 1429/1690/1194 1353/1691/1195 1352/1692/1196 1430/1693/1197
f 1431/1694/1198 1362/1695/1199 1361/1651/1155 1409/1650/1154
f 1432/1696/1200 1351/1697/1201 1350/1655/1159 1411/1654/1158
f 1412/1657/1161 1349/1656/1160 1348/1659/1163 1413/1658/1162
f 1410/1653/1157 1360/1652/1156 1359/1663/1167 1415/1662/1166
f 1414/1661/1165 1347/1660/1164 1346/1671/1175 1419/1670/1174
f 1416/1665/1169 1358/1664/1168 1357/1675/1179 1421/1674/1178
f 1418/1669/1173 1367/1668/1172 1366/1679/1183 1423/1678/1182
f 1420/1673/1177 1345/1672/1176 1344/1667/1171 1417/1666/1170
f 1422/1677/1181 1356/1676/1180 1355/1683/1187 1425/1682/1186
f 1424/1681/1185 1365/1680/1184 1364/1687/1191 1427/1686/1190
f 1426/1685/1189 1354/1684/1188 1353/1691/1195 1429/1690/1194
f 1428/1689/1193 1363/1688/1192 1362/1695/1199 1431/1694/1198
f 1430/1693/1197 1352/1692/1196 1351/1697/1201 1432/1696/1200
f 1344/1667/1171 1368/1698/1202 1391/1699/1203 1367/1668/1172
f 1346/1671/1175 1370/1700/1204 1369/1701/1205 1345/1672/1176
f 1357/1675/1179 1381/1702/1206 1380/1703/1207 1356/1676/1180
f 1366/1679/1183 1390/1704/1208 1389/1705/1209 1365/1680/1184
f 1355/1683/1187 1379/1706/1210 1378/1707/1211 1354/1684/1188
f 1364/1687/1191 1388/1708/1212 1387/1709/1213 1363/1688/1192
f 1353/1691/1195 1377/1710/1214 1376/1711/1215 1352/1692/1196
f 1362/1695/1199 1386/1712/1216 1385/1713/1217 1361/1651/1155
f 1351/1697/1201 1375/1714/1218 1374/1715/1219 1350/1655/1159
f 1349/1656/1160 1373/1716/1220 1372/1717/1221 1348/1659/1163
f 1360/1652/1156 1384/1718/1222 1383/1719/1223 1359/1663/1167
f 1347/1660/1164 1371/1720/1224 1370/1700/1204 1346/1671/1175
f 1358/1664/1168 1382/1721/1225 1381/1702/1206 1357/1675/1179
f 1367/1668/1172 1391/1699/1203 1390/1704/1208 1366/1679/1183
f 1345/1672/1176 1369/1701/1205 1368/1698/1202 1344/1667/1171
f 1356/1676/1180 1380/1703/1207 1379/1706/1210 1355/1683/1187
f 1365/1680/1184 1389/1705/1209 1388/1708/1212 1364/1687/1191
f 1354/1684/1188 1378/1707/1211 1377/1710/1214 1353/1691/1195
f 1363/1688/1192 1387/1709/1213 1386/1712/1216 1362/1695/1199
f 1352/1692/1196 1376/1711/1215 1375/1714/1218 1351/1697/1201
f 1361/1651/1155 1385/1713/1217 1384/1718/1222 1360/1652/1156
f 1350/1655/1159 1374/1715/1219 1373/1716/1220 1349/1656/1160
f 1348/1659/1163 1372/1717/1221 1371/1720/1224 1347/1660/1164
f 1359/1663/1167 1383/1719/1223 1382/1721/1225 1358/1664/1168
f 1388/1708/1212 1392/1722/3 1387/1709/1213
f 1377/1710/1214 1392/1722/3 1376/1711/1215
f 1386/1712/1216 1392/1722/3 1385/1713/1217
f 1375/1714/1218 1392/1722/3 1374/1715/1219
f 1373/1716/1220 1392/1722/3 1372/1717/1221
f 1384/1718/1222 1392/1722/3 1383/1719/1223
f 1371/1720/1224 1392/1722/3 1370/1700/1204
f 1382/1721/1225 1392/1722/3 1381/1702/1206
f 1391/1699/1203 1392/1722/3 1390/1704/1208
f 1369/1701/1205 1392/1722/3 1368/1698/1202
f 1380/1703/1207 1392/1722/3 1379/1706/1210
f 1389/1705/1209 1392/1722/3 1388/1708/1212
f 1378/1707/1211 1392/1722/3 1377/1710/1214
f 1387/1709/1213 1392/1722/3 1386/1712/1216
f 1376/1711/1215 1392/1722/3 1375/1714/1218
f 1385/1713/1217 1392/1722/3 1384/1718/1222
f 1374/1715/1219 1392/1722/3 1373/1716/1220
f 1372/1717/1221 1392/1722/3 1371/1720/1224
f 1383/1719/1223 1392/1722/3 1382/1721/1225
f 1368/1698/1202 1392/1722/3 1391/1699/1203
f 1370/1700/1204 1392/1722/3 1369/1701/1205
f 1381/1702/1206 1392/1722/3 1380/1703/1207
f 1390/1704/1208 1392/1722/3 1389/1705/1209
f 1379/1706/1210 1392/1722/3 1378/1707/1211
f 1285/1607/1111 1393/1623/1127 1394/1624/1128 1284/1606/1110
f 1283/1605/1109 1395/1612/1116 1396/1615/1119 1282/1604/1108
f 1272/1595/1099 1399/1723/1226 1400/1724/1227 1289/1611/1115
f 1274/1596/1100 1401/1725/1228 1402/1726/1229 1273/1594/1098
f 1288/1610/1114 1404/1616/1120 1405/1619/1123 1287/1609/1113
f 1273/1594/1098 1402/1726/1229 1399/1723/1226 1272/1595/1099
f 1277/1598/1102 1406/1727/1230 1407/1728/1231 1276/1599/1103
f 1286/1608/1112 1408/1620/1124 1393/1623/1127 1285/1607/1111
f 1284/1606/1110 1394/1624/1128 1395/1612/1116 1283/1605/1109
f 1282/1604/1108 1396/1615/1119 1398/1729/1232 1281/1603/1107
f 1275/1597/1101 1397/1730/1233 1401/1725/1228 1274/1596/1100
f 1278/1600/1104 1403/1731/1234 1406/1727/1230 1277/1598/1102
f 1287/1609/1113 1405/1619/1123 1408/1620/1124 1286/1608/1112
f 1337/1732/1139 1409/1650/1154 1410/1653/1157 1336/1733/1140
f 1335/1734/1143 1415/1662/1166 1416/1665/1169 1334/1735/1144
f 1333/1736/1147 1421/1674/1178 1422/1677/1181 1332/1737/1148
f 1342/1738/1151 1423/1678/1182 1424/1681/1185 1341/1739/1133
f 1331/1740/1152 1425/1682/1186 1426/1685/1189 1330/1741/3
f 1340/1742/1134 1427/1686/1190 1428/1689/1193 1339/1743/1135
f 1329/1744/3 1429/1690/1194 1430/1693/1197 1328/1745/1235
f 1338/1746/1136 1431/1694/1198 1409/1650/1154 1337/1732/1139
f 1336/1733/1140 1410/1653/1157 1415/1662/1166 1335/1734/1143
f 1334/1735/1144 1416/1665/1169 1421/1674/1178 1333/1736/1147
f 1343/1747/3 1418/1669/1173 1423/1678/1182 1342/1738/1151
f 1332/1737/1148 1422/1677/1181 1425/1682/1186 1331/1740/1152
f 1341/1739/1133 1424/1681/1185 1427/1686/1190 1340/1742/1134
f 1330/1741/3 1426/1685/1189 1429/1690/1194 1329/1744/3
f 1339/1743/1135 1428/1689/1193 1431/1694/1198 1338/1746/1136
f 1328/1745/1235 1430/1693/1197 1432/1696/1200 1327/1748/1236
f 1534/1749/646 1433/1750/1237 1434/1751/940 1535/1752/941
f 1535/1752/941 1434/1751/940 1435/1753/942 1536/1754/943
f 1536/1754/943 1435/1753/942 1436/1755/944 1537/1756/945
f 1538/1757/1238 1437/1758/1239 1438/1759/950 1539/1760/1240
f 1539/1760/1240 1438/1759/950 1439/1761/1241 1540/1762/1242
f 1541/1763/1243 1440/1764/1244 1441/1765/958 1542/1766/959
f 1542/1766/959 1441/1765/958 1442/1767/960 1543/1768/961
f 1543/1768/961 1442/1767/960 1443/1769/1245 1544/1770/892
f 1544/1770/892 1443/1769/1245 1444/1771/963 1545/1772/964
f 1545/1772/964 1444/1771/963 1445/1773/965 1546/1774/966
f 1546/1774/966 1445/1773/965 1446/1775/1246 1547/1776/968
f 1547/1776/968 1446/1775/1246 1447/1777/969 1548/1778/970
f 1549/1779/971 1448/1780/1247 1433/1750/1237 1534/1749/646
f 1548/1778/970 1447/1777/969 1448/1780/1247 1549/1779/971
f 1494/1781/973 1495/1782/974 1451/1783/975 1452/1784/1248
f 1500/1785/1249 1501/1786/986 1456/1787/987 1449/1788/1250
f 1506/1789/989 1507/1790/990 1454/1791/991 1455/1792/992
f 1509/1793/995 1494/1781/973 1452/1784/1248 1453/1794/1251
f 1495/1782/974 1496/1795/1252 1450/1796/1253 1451/1783/975
f 1501/1786/986 1506/1789/989 1455/1792/992 1456/1787/987
f 1507/1790/990 1509/1793/995 1453/1794/1251 1454/1791/991
f 1456/1787/987 1455/1792/992 1459/1797/1254 1460/1798/998
f 1454/1791/991 1453/1794/1251 1457/1799/1255 1458/1800/1256
f 1455/1792/992 1454/1791/991 1458/1800/1256 1459/1797/1254
f 1511/1801/1257 1512/1802/1258 1468/1803/1259 1461/1804/1038
f 1513/1805/1039 1514/1806/1040 1462/1807/1041 1463/1808/1042
f 1515/1809/1260 1516/1810/1261 1466/1811/1049 1467/1812/1262
f 1510/1813/1263 1513/1805/1039 1463/1808/1042 1464/1814/1264
f 1514/1806/1040 1511/1801/1257 1461/1804/1038 1462/1807/1041
f 1516/1810/1261 1517/1815/1265 1465/1816/1266 1466/1811/1049
f 1461/1804/1038 1468/1803/1259 1492/1817/1267 1469/1818/1068
f 1463/1808/1042 1462/1807/1041 1470/1819/1069 1471/1820/1070
f 1467/1812/1262 1466/1811/1049 1490/1821/1073 1491/1822/1268
f 1464/1814/1264 1463/1808/1042 1471/1820/1070 1472/1823/1269
f 1462/1807/1041 1461/1804/1038 1469/1818/1068 1470/1819/1069
f 1466/1811/1049 1465/1816/1266 1489/1824/1270 1490/1821/1073
f 1489/1824/1270 1488/1825/212 1493/1826/212
f 1478/1827/212 1477/1828/212 1493/1826/212
f 1487/1829/212 1486/1830/212 1493/1826/212
f 1476/1831/1271 1475/1832/212 1493/1826/212
f 1474/1833/1272 1473/1834/212 1493/1826/212
f 1485/1835/212 1484/1836/212 1493/1826/212
f 1472/1823/1269 1471/1820/1070 1493/1826/212
f 1483/1837/212 1482/1838/212 1493/1826/212
f 1492/1817/1267 1491/1822/1268 1493/1826/212
f 1470/1819/1069 1469/1818/1068 1493/1826/212
f 1481/1839/212 1480/1840/212 1493/1826/212
f 1490/1821/1073 1489/1824/1270 1493/1826/212
f 1479/1841/212 1478/1827/212 1493/1826/212
f 1488/1825/212 1487/1829/212 1493/1826/212
f 1477/1828/212 1476/1831/1271 1493/1826/212
f 1486/1830/212 1485/1835/212 1493/1826/212
f 1475/1832/212 1474/1833/1272 1493/1826/212
f 1473/1834/212 1472/1823/1269 1493/1826/212
f 1484/1836/212 1483/1837/212 1493/1826/212
f 1469/1818/1068 1492/1817/1267 1493/1826/212
f 1471/1820/1070 1470/1819/1069 1493/1826/212
f 1482/1838/212 1481/1839/212 1493/1826/212
f 1491/1822/1268 1490/1821/1073 1493/1826/212
f 1480/1840/212 1479/1841/212 1493/1826/212
f 1444/1771/963 1443/1769/1245 1495/1782/974 1494/1781/973
f 1442/1767/960 1441/1765/958 1497/1842/1273 1496/1795/1252
f 1433/1750/1237 1448/1780/1247 1501/1786/986 1500/1785/1249
f 1435/1753/942 1434/1751/940 1503/1843/1274 1502/1844/1091
f 1439/1761/1241 1438/1759/950 1505/1845/1092 1504/1846/1275
f 1447/1777/969 1446/1775/1246 1507/1790/990 1506/1789/989
f 1434/1751/940 1433/1750/1237 1500/1785/1249 1503/1843/1274
f 1445/1773/965 1444/1771/963 1494/1781/973 1509/1793/995
f 1443/1769/1245 1442/1767/960 1496/1795/1252 1495/1782/974
f 1441/1765/958 1440/1764/1244 1499/1847/1276 1497/1842/1273
f 1436/1755/944 1435/1753/942 1502/1844/1091 1498/1848/1096
f 1448/1780/1247 1447/1777/969 1506/1789/989 1501/1786/986
f 1438/1759/950 1437/1758/1239 1508/1849/1277 1505/1845/1092
f 1446/1775/1246 1445/1773/965 1509/1793/995 1507/1790/990
f 1534/1749/646 1535/1752/941 1519/1850/1278 1518/1851/1099
f 1535/1752/941 1536/1754/943 1520/1852/1279 1519/1850/1278
f 1536/1754/943 1537/1756/945 1521/1853/1280 1520/1852/1279
f 1541/1763/1243 1542/1766/959 1526/1854/1108 1525/1855/1281
f 1542/1766/959 1543/1768/961 1527/1856/1282 1526/1854/1108
f 1543/1768/961 1544/1770/892 1528/1857/1283 1527/1856/1282
f 1544/1770/892 1545/1772/964 1529/1858/1111 1528/1857/1283
f 1545/1772/964 1546/1774/966 1530/1859/1112 1529/1858/1111
f 1546/1774/966 1547/1776/968 1531/1860/1284 1530/1859/1112
f 1547/1776/968 1548/1778/970 1532/1861/1114 1531/1860/1284
f 1549/1779/971 1534/1749/646 1518/1851/1099 1533/1862/1115
f 1548/1778/970 1549/1779/971 1533/1862/1115 1532/1861/1114
f 1644/1863/1116 1557/1864/1117 1556/1865/1285 1645/1866/1119
f 1649/1867/1286 1552/1868/1287 1551/1869/1288 1650/1870/1289
f 1651/1871/1290 1555/1872/1291 1554/1873/1292 1652/1874/1293
f 1653/1875/1120 1562/1876/1121 1561/1877/1294 1654/1878/1123
f 1650/1870/1289 1551/1869/1288 1550/1879/1295 1647/1880/1296
f 1656/1881/1124 1560/1882/1297 1559/1883/1298 1642/1884/1127
f 1643/1885/1128 1558/1886/1129 1557/1864/1117 1644/1863/1116
f 1652/1874/1293 1554/1873/1292 1553/1887/1018 1655/1888/1299
f 1654/1878/1123 1561/1877/1294 1560/1882/1297 1656/1881/1124
f 1572/1889/1300 1590/1890/1301 1589/1891/1134 1571/1892/1302
f 1570/1893/1303 1588/1894/1135 1587/1895/1304 1569/1896/1305
f 1567/1897/1142 1584/1898/1143 1583/1899/1144 1566/1900/1145
f 1565/1901/1146 1582/1902/1147 1581/1903/1148 1564/1904/1149
f 1571/1892/1302 1589/1891/1134 1588/1894/1135 1570/1893/1303
f 1568/1905/1306 1585/1906/1307 1584/1898/1143 1567/1897/1142
f 1564/1904/1149 1581/1903/1148 1580/1907/1152 1563/1908/1153
f 1657/1909/1154 1610/1910/1155 1609/1911/1156 1658/1912/1157
f 1659/1913/1158 1599/1914/1159 1598/1915/1160 1660/1916/1161
f 1661/1917/1308 1597/1918/1163 1596/1919/1164 1662/1920/1309
f 1663/1921/1166 1608/1922/1167 1607/1923/1168 1664/1924/1169
f 1665/1925/1170 1593/1926/1171 1616/1927/1172 1666/1928/1173
f 1667/1929/1310 1595/1930/1175 1594/1931/1176 1668/1932/1177
f 1669/1933/1178 1606/1934/1179 1605/1935/1180 1670/1936/1181
f 1671/1937/1182 1615/1938/1183 1614/1939/1184 1672/1940/1185
f 1673/1941/1186 1604/1942/1187 1603/1943/1188 1674/1944/1189
f 1675/1945/1190 1613/1946/1191 1612/1947/1192 1676/1948/1193
f 1677/1949/1194 1602/1950/1195 1601/1951/1196 1678/1952/1197
f 1679/1953/1198 1611/1954/1199 1610/1910/1155 1657/1909/1154
f 1680/1955/1200 1600/1956/1201 1599/1914/1159 1659/1913/1158
f 1660/1916/1161 1598/1915/1160 1597/1918/1163 1661/1917/1308
f 1658/1912/1157 1609/1911/1156 1608/1922/1167 1663/1921/1166
f 1662/1920/1309 1596/1919/1164 1595/1930/1175 1667/1929/1310
f 1664/1924/1169 1607/1923/1168 1606/1934/1179 1669/1933/1178
f 1666/1928/1173 1616/1927/1172 1615/1938/1183 1671/1937/1182
f 1668/1932/1177 1594/1931/1176 1593/1926/1171 1665/1925/1170
f 1670/1936/1181 1605/1935/1180 1604/1942/1187 1673/1941/1186
f 1672/1940/1185 1614/1939/1184 1613/1946/1191 1675/1945/1190
f 1674/1944/1189 1603/1943/1188 1602/1950/1195 1677/1949/1194
f 1676/1948/1193 1612/1947/1192 1611/1954/1199 1679/1953/1198
f 1678/1952/1197 1601/1951/1196 1600/1956/1201 1680/1955/1200
f 1593/1926/1171 1617/1957/1202 1640/1958/1203 1616/1927/1172
f 1595/1930/1175 1619/1959/1204 1618/1960/1205 1594/1931/1176
f 1606/1934/1179 1630/1961/1206 1629/1962/1207 1605/1935/1180
f 1615/1938/1183 1639/1963/1208 1638/1964/1209 1614/1939/1184
f 1604/1942/1187 1628/1965/1210 1627/1966/1211 1603/1943/1188
f 1613/1946/1191 1637/1967/1212 1636/1968/1213 1612/1947/1192
f 1602/1950/1195 1626/1969/1214 1625/1970/1215 1601/1951/1196
f 1611/1954/1199 1635/1971/1216 1634/1972/1217 1610/1910/1155
f 1600/1956/1201 1624/1973/1311 1623/1974/1219 1599/1914/1159
f 1598/1915/1160 1622/1975/1312 1621/1976/1221 1597/1918/1163
f 1609/1911/1156 1633/1977/1222 1632/1978/1223 1608/1922/1167
f 1596/1919/1164 1620/1979/1224 1619/1959/1204 1595/1930/1175
f 1607/1923/1168 1631/1980/1225 1630/1961/1206 1606/1934/1179
f 1616/1927/1172 1640/1958/1203 1639/1963/1208 1615/1938/1183
f 1594/1931/1176 1618/1960/1205 1617/1957/1202 1593/1926/1171
f 1605/1935/1180 1629/1962/1207 1628/1965/1210 1604/1942/1187
f 1614/1939/1184 1638/1964/1209 1637/1967/1212 1613/1946/1191
f 1603/1943/1188 1627/1966/1211 1626/1969/1214 1602/1950/1195
f 1612/1947/1192 1636/1968/1213 1635/1971/1216 1611/1954/1199
f 1601/1951/1196 1625/1970/1215 1624/1973/1311 1600/1956/1201
f 1610/1910/1155 1634/1972/1217 1633/1977/1222 1609/1911/1156
f 1599/1914/1159 1623/1974/1219 1622/1975/1312 1598/1915/1160
f 1597/1918/1163 1621/1976/1221 1620/1979/1224 1596/1919/1164
f 1608/1922/1167 1632/1978/1223 1631/1980/1225 1607/1923/1168
f 1637/1967/1212 1641/1981/3 1636/1968/1213
f 1626/1969/1214 1641/1981/3 1625/1970/1215
f 1635/1971/1216 1641/1981/3 1634/1972/1217
f 1624/1973/1311 1641/1981/3 1623/1974/1219
f 1622/1975/1312 1641/1981/3 1621/1976/1221
f 1633/1977/1222 1641/1981/3 1632/1978/1223
f 1620/1979/1224 1641/1981/3 1619/1959/1204
f 1631/1980/1225 1641/1981/3 1630/1961/1206
f 1640/1958/1203 1641/1981/3 1639/1963/1208
f 1618/1960/1205 1641/1981/3 1617/1957/1202
f 1629/1962/1207 1641/1981/3 1628/1965/1210
f 1638/1964/1209 1641/1981/3 1637/1967/1212
f 1627/1966/1211 1641/1981/3 1626/1969/1214
f 1636/1968/1213 1641/1981/3 1635/1971/1216
f 1625/1970/1215 1641/1981/3 1624/1973/1311
f 1634/1972/1217 1641/1981/3 1633/1977/1222
f 1623/1974/1219 1641/1981/3 1622/1975/1312
f 1621/1976/1221 1641/1981/3 1620/1979/1224
f 1632/1978/1223 1641/1981/3 1631/1980/1225
f 1617/1957/1202 1641/1981/3 1640/1958/1203
f 1619/1959/1204 1641/1981/3 1618/1960/1205
f 1630/1961/1206 1641/1981/3 1629/1962/1207
f 1639/1963/1208 1641/1981/3 1638/1964/1209
f 1628/1965/1210 1641/1981/3 1627/1966/1211
f 1529/1858/1111 1642/1884/1127 1643/1885/1128 1528/1857/1283
f 1527/1856/1282 1644/1863/1116 1645/1866/1119 1526/1854/1108
f 1518/1851/1099 1647/1880/1296 1648/1982/1227 1533/1862/1115
f 1520/1852/1279 1649/1867/1286 1650/1870/1289 1519/1850/1278
f 1524/1983/1313 1651/1871/1290 1652/1874/1293 1523/1984/1314
f 1532/1861/1114 1653/1875/1120 1654/1878/1123 1531/1860/1284
f 1519/1850/1278 1650/1870/1289 1647/1880/1296 1518/1851/1099
f 1530/1859/1112 1656/1881/1124 1642/1884/1127 1529/1858/1111
f 1528/1857/1283 1643/1885/1128 1644/1863/1116 1527/1856/1282
f 1526/1854/1108 1645/1866/1119 1646/1985/1232 1525/1855/1281
f 1523/1984/1314 1652/1874/1293 1655/1888/1299 1522/1986/1315
f 1531/1860/1284 1654/1878/1123 1656/1881/1124 1530/1859/1112
f 1586/1987/3 1657/1909/1154 1658/1912/1157 1585/1988/1307
f 1575/1989/3 1661/1917/1308 1662/1920/1309 1574/1990/3
f 1584/1991/1143 1663/1921/1166 1664/1924/1169 1583/1992/1144
f 1582/1993/1147 1669/1933/1178 1670/1936/1181 1581/1994/1148
f 1591/1995/3 1671/1937/1182 1672/1940/1185 1590/1996/1301
f 1580/1997/1152 1673/1941/1186 1674/1944/1189 1579/1998/3
f 1589/1999/1134 1675/1945/1190 1676/1948/1193 1588/2000/1135
f 1578/2001/3 1677/1949/1194 1678/1952/1197 1577/2002/3
f 1587/2003/1304 1679/1953/1198 1657/1909/1154 1586/1987/3
f 1585/1988/1307 1658/1912/1157 1663/1921/1166 1584/1991/1143
f 1574/1990/3 1662/1920/1309 1667/1929/1310 1573/2004/3
f 1583/1992/1144 1664/1924/1169 1669/1933/1178 1582/1993/1147
f 1592/2005/3 1666/1928/1173 1671/1937/1182 1591/1995/3
f 1581/1994/1148 1670/1936/1181 1673/1941/1186 1580/1997/1152
f 1590/1996/1301 1672/1940/1185 1675/1945/1190 1589/1999/1134
f 1579/1998/3 1674/1944/1189 1677/1949/1194 1578/2001/3
f 1588/2000/1135 1676/1948/1193 1679/1953/1198 1587/2003/1304
f 1577/2002/3 1678/1952/1197 1680/1955/1200 1576/2006/1236
f 1845/2007/1316 1681/2008/1317 1682/2009/1318 1846/2010/660
f 1846/2010/660 1682/2009/1318 1683/2011/1319 1847/2012/1320
f 1848/2013/1321 1684/2014/1322 1685/2015/1323 1849/2016/1324
f 1849/2016/1324 1685/2015/1323 1686/2017/1325 1850/2018/1326
f 1850/2018/1326 1686/2017/1325 1687/2019/948 1851/2020/949
f 1851/2020/949 1687/2019/948 1688/2021/1327 1852/2022/641
f 1852/2022/641 1688/2021/1327 1689/2023/1328 1853/2024/1329
f 1853/2024/1329 1689/2023/1328 1690/2025/954 1854/2026/955
f 1854/2026/955 1690/2025/954 1691/2027/1330 1855/2028/957
f 1855/2028/957 1691/2027/1330 1692/2029/958 1856/2030/959
f 1856/2030/959 1692/2029/958 1693/2031/960 1857/2032/961
f 1857/2032/961 1693/2031/960 1694/2033/1245 1858/2034/892
f 1858/2034/892 1694/2033/1245 1695/2035/963 1859/2036/964
f 1859/2036/964 1695/2035/963 1696/2037/965 1860/2038/966
f 1860/2038/966 1696/2037/965 1697/2039/1331 1861/2040/968
f 1861/2040/968 1697/2039/1331 1698/2041/1332 1862/2042/1333
f 1790/2043/973 1791/2044/1334 1707/2045/1335 1708/2046/1336
f 1795/2047/981 1796/2048/1337 1704/2049/1338 1705/2050/1339
f 1797/2051/1340 1798/2052/1341 1702/2053/1342 1703/2054/1343
f 1800/2055/1344 1801/2056/1345 1700/2057/1346 1701/2058/1347
f 1802/2059/1348 1790/2043/973 1708/2046/1336 1709/2060/1349
f 1794/2061/1350 1795/2047/981 1705/2050/1339 1706/2062/1351
f 1796/2048/1337 1797/2051/1340 1703/2054/1343 1704/2049/1338
f 1798/2052/1341 1800/2055/1344 1701/2058/1347 1702/2053/1342
f 1801/2056/1345 1803/2063/1352 1699/2064/1353 1700/2057/1346
f 1717/2065/1354 1716/2066/1355 1737/2067/1005 1738/2068/1356
f 1715/2069/1357 1714/2070/1358 1735/2071/1359 1736/2072/1009
f 1713/2073/1360 1712/2074/1361 1733/2075/1362 1734/2076/1363
f 1711/2077/1364 1710/2078/1365 1731/2079/1366 1732/2080/1367
f 1716/2066/1355 1715/2069/1357 1736/2072/1009 1737/2067/1005
f 1712/2074/1361 1711/2077/1364 1732/2080/1367 1733/2075/1362
f 1804/2081/1019 1805/2082/1020 1757/2083/1021 1758/2084/1022
f 1806/2085/1023 1807/2086/1024 1746/2087/1025 1747/2088/1026
f 1808/2089/1027 1809/2090/1028 1744/2091/1029 1745/2092/1030
f 1810/2093/1031 1811/2094/1032 1755/2095/1033 1756/2096/1034
f 1812/2097/1368 1813/2098/1369 1764/2099/1037 1741/2100/1038
f 1814/2101/1039 1815/2102/1370 1742/2103/1041 1743/2104/1042
f 1816/2105/1043 1817/2106/1044 1753/2107/1045 1754/2108/1046
f 1818/2109/1371 1819/2110/1048 1762/2111/1049 1763/2112/1050
f 1820/2113/1051 1821/2114/1052 1751/2115/1053 1752/2116/1054
f 1822/2117/1055 1823/2118/1056 1760/2119/1057 1761/2120/1058
f 1824/2121/1059 1825/2122/1060 1749/2123/1061 1750/2124/1062
f 1826/2125/1063 1804/2081/1019 1758/2084/1022 1759/2126/1064
f 1827/2127/1065 1806/2085/1023 1747/2088/1026 1748/2128/1066
f 1807/2086/1024 1808/2089/1027 1745/2092/1030 1746/2087/1025
f 1805/2082/1020 1810/2093/1031 1756/2096/1034 1757/2083/1021
f 1809/2090/1028 1814/2101/1039 1743/2104/1042 1744/2091/1029
f 1811/2094/1032 1816/2105/1043 1754/2108/1046 1755/2095/1033
f 1813/2098/1369 1818/2109/1371 1763/2112/1050 1764/2099/1037
f 1815/2102/1370 1812/2097/1368 1741/2100/1038 1742/2103/1041
f 1817/2106/1044 1820/2113/1051 1752/2116/1054 1753/2107/1045
f 1819/2110/1048 1822/2117/1055 1761/2120/1058 1762/2111/1049
f 1821/2114/1052 1824/2121/1059 1750/2124/1062 1751/2115/1053
f 1823/2118/1056 1826/2125/1063 1759/2126/1064 1760/2119/1057
f 1825/2122/1060 1827/2127/1065 1748/2128/1066 1749/2123/1061
f 1741/2100/1038 1764/2099/1037 1788/2129/1067 1765/2130/1068
f 1743/2104/1042 1742/2103/1041 1766/2131/1069 1767/2132/1070
f 1754/2108/1046 1753/2107/1045 1777/2133/1071 1778/2134/1072
f 1763/2112/1050 1762/2111/1049 1786/2135/1073 1787/2136/1074
f 1752/2116/1054 1751/2115/1053 1775/2137/1075 1776/2138/1076
f 1761/2120/1058 1760/2119/1057 1784/2139/1077 1785/2140/1078
f 1750/2124/1062 1749/2123/1061 1773/2141/1079 1774/2142/1080
f 1759/2126/1064 1758/2084/1022 1782/2143/1081 1783/2144/1082
f 1748/2128/1066 1747/2088/1026 1771/2145/1083 1772/2146/1372
f 1746/2087/1025 1745/2092/1030 1769/2147/1085 1770/2148/1373
f 1757/2083/1021 1756/2096/1034 1780/2149/1087 1781/2150/1088
f 1744/2091/1029 1743/2104/1042 1767/2132/1070 1768/2151/1089
f 1755/2095/1033 1754/2108/1046 1778/2134/1072 1779/2152/1090
f 1764/2099/1037 1763/2112/1050 1787/2136/1074 1788/2129/1067
f 1742/2103/1041 1741/2100/1038 1765/2130/1068 1766/2131/1069
f 1753/2107/1045 1752/2116/1054 1776/2138/1076 1777/2133/1071
f 1762/2111/1049 1761/2120/1058 1785/2140/1078 1786/2135/1073
f 1751/2115/1053 1750/2124/1062 1774/2142/1080 1775/2137/1075
f 1760/2119/1057 1759/2126/1064 1783/2144/1082 1784/2139/1077
f 1749/2123/1061 1748/2128/1066 1772/2146/1372 1773/2141/1079
f 1758/2084/1022 1757/2083/1021 1781/2150/1088 1782/2143/1081
f 1747/2088/1026 1746/2087/1025 1770/2148/1373 1771/2145/1083
f 1745/2092/1030 1744/2091/1029 1768/2151/1089 1769/2147/1085
f 1756/2096/1034 1755/2095/1033 1779/2152/1090 1780/2149/1087
f 1785/2140/1078 1784/2139/1077 1789/2153/212
f 1774/2142/1080 1773/2141/1079 1789/2153/212
f 1783/2144/1082 1782/2143/1081 1789/2153/212
f 1772/2146/1372 1771/2145/1083 1789/2153/212
f 1770/2148/1373 1769/2147/1085 1789/2153/212
f 1781/2150/1088 1780/2149/1087 1789/2153/212
f 1768/2151/1089 1767/2132/1070 1789/2153/212
f 1779/2152/1090 1778/2134/1072 1789/2153/212
f 1788/2129/1067 1787/2136/1074 1789/2153/212
f 1766/2131/1069 1765/2130/1068 1789/2153/212
f 1777/2133/1071 1776/2138/1076 1789/2153/212
f 1786/2135/1073 1785/2140/1078 1789/2153/212
f 1775/2137/1075 1774/2142/1080 1789/2153/212
f 1784/2139/1077 1783/2144/1082 1789/2153/212
f 1773/2141/1079 1772/2146/1372 1789/2153/212
f 1782/2143/1081 1781/2150/1088 1789/2153/212
f 1771/2145/1083 1770/2148/1373 1789/2153/212
f 1769/2147/1085 1768/2151/1089 1789/2153/212
f 1780/2149/1087 1779/2152/1090 1789/2153/212
f 1765/2130/1068 1788/2129/1067 1789/2153/212
f 1767/2132/1070 1766/2131/1069 1789/2153/212
f 1778/2134/1072 1777/2133/1071 1789/2153/212
f 1787/2136/1074 1786/2135/1073 1789/2153/212
f 1776/2138/1076 1775/2137/1075 1789/2153/212
f 1695/2035/963 1694/2033/1245 1791/2044/1334 1790/2043/973
f 1693/2031/960 1692/2029/958 1794/2061/1350 1793/2154/1374
f 1691/2027/1330 1690/2025/954 1796/2048/1337 1795/2047/981
f 1689/2023/1328 1688/2021/1327 1798/2052/1341 1797/2051/1340
f 1687/2019/948 1686/2017/1325 1801/2056/1345 1800/2055/1344
f 1696/2037/965 1695/2035/963 1790/2043/973 1802/2059/1348
f 1685/2015/1323 1684/2014/1322 1792/2155/1375 1803/2063/1352
f 1694/2033/1245 1693/2031/960 1793/2154/1374 1791/2044/1334
f 1692/2029/958 1691/2027/1330 1795/2047/981 1794/2061/1350
f 1690/2025/954 1689/2023/1328 1797/2051/1340 1796/2048/1337
f 1688/2021/1327 1687/2019/948 1800/2055/1344 1798/2052/1341
f 1697/2039/1331 1696/2037/965 1802/2059/1348 1799/2156/1376
f 1686/2017/1325 1685/2015/1323 1803/2063/1352 1801/2056/1345
f 1734/2157/1363 1733/2158/1362 1805/2082/1020 1804/2081/1019
f 1723/2159/1377 1722/2160/1378 1807/2086/1024 1806/2085/1023
f 1721/2161/212 1720/2162/212 1809/2090/1028 1808/2089/1027
f 1732/2163/1367 1731/2164/1366 1811/2094/1032 1810/2093/1031
f 1718/2165/212 1740/2166/212 1813/2098/1369 1812/2097/1368
f 1730/2167/212 1729/2168/212 1817/2106/1044 1816/2105/1043
f 1739/2169/212 1738/2170/1356 1819/2110/1048 1818/2109/1371
f 1728/2171/212 1727/2172/212 1821/2114/1052 1820/2113/1051
f 1737/2173/1005 1736/2174/1009 1823/2118/1056 1822/2117/1055
f 1726/2175/212 1725/2176/212 1825/2122/1060 1824/2121/1059
f 1735/2177/1359 1734/2157/1363 1804/2081/1019 1826/2125/1063
f 1724/2178/1379 1723/2159/1377 1806/2085/1023 1827/2127/1065
f 1722/2160/1378 1721/2161/212 1808/2089/1027 1807/2086/1024
f 1733/2158/1362 1732/2163/1367 1810/2093/1031 1805/2082/1020
f 1731/2164/1366 1730/2167/212 1816/2105/1043 1811/2094/1032
f 1719/2179/212 1718/2165/212 1812/2097/1368 1815/2102/1370
f 1729/2168/212 1728/2171/212 1820/2113/1051 1817/2106/1044
f 1738/2170/1356 1737/2173/1005 1822/2117/1055 1819/2110/1048
f 1727/2172/212 1726/2175/212 1824/2121/1059 1821/2114/1052
f 1736/2174/1009 1735/2177/1359 1826/2125/1063 1823/2118/1056
f 1725/2176/212 1724/2178/1379 1827/2127/1065 1825/2122/1060
f 1845/2007/1316 1846/2010/660 1829/2180/1380 1828/2181/1381
f 1846/2010/660 1847/2012/1320 1830/2182/1382 1829/2180/1380
f 1849/2016/1324 1850/2018/1326 1832/2183/1383 1831/2184/1384
f 1850/2018/1326 1851/2020/949 1833/2185/1385 1832/2183/1383
f 1851/2020/949 1852/2022/641 1834/2186/1386 1833/2185/1385
f 1852/2022/641 1853/2024/1329 1835/2187/1387 1834/2186/1386
f 1853/2024/1329 1854/2026/955 1836/2188/1388 1835/2187/1387
f 1854/2026/955 1855/2028/957 1837/2189/1389 1836/2188/1388
f 1855/2028/957 1856/2030/959 1838/2190/1108 1837/2189/1389
f 1856/2030/959 1857/2032/961 1839/2191/1390 1838/2190/1108
f 1857/2032/961 1858/2034/892 1840/2192/1283 1839/2191/1390
f 1858/2034/892 1859/2036/964 1841/2193/1391 1840/2192/1283
f 1859/2036/964 1860/2038/966 1842/2194/1112 1841/2193/1391
f 1860/2038/966 1861/2040/968 1843/2195/1392 1842/2194/1112
f 1861/2040/968 1862/2042/1333 1844/2196/1393 1843/2195/1392
f 1907/2197/1394 1870/2198/1395 1869/2199/1396 1908/2200/1397
f 1909/2201/1116 1868/2202/1398 1867/2203/1399 1910/2204/1400
f 1911/2205/1401 1866/2206/1402 1865/2207/1403 1912/2208/1404
f 1913/2209/1405 1864/2210/1406 1863/2211/1291 1914/2212/1407
f 1915/2213/1120 1873/2214/1121 1872/2215/1294 1916/2216/1123
f 1919/2217/1124 1871/2218/1297 1870/2198/1395 1907/2197/1394
f 1908/2200/1397 1869/2199/1396 1868/2202/1398 1909/2201/1116
f 1910/2204/1400 1867/2203/1399 1866/2206/1402 1911/2205/1401
f 1912/2208/1404 1865/2207/1403 1864/2210/1406 1913/2209/1405
f 1916/2216/1123 1872/2215/1294 1871/2218/1297 1919/2217/1124
f 1920/2219/1408 1880/2220/1155 1879/2221/1156 1921/2222/1409
f 1922/2223/1410 1878/2224/1167 1877/2225/1168 1923/2226/1411
f 1924/2227/1412 1876/2228/1179 1875/2229/1180 1925/2230/1413
f 1927/2231/1414 1881/2232/1415 1880/2220/1155 1920/2219/1408
f 1921/2222/1409 1879/2221/1156 1878/2224/1167 1922/2223/1410
f 1923/2226/1411 1877/2225/1168 1876/2228/1179 1924/2227/1412
f 1925/2230/1413 1875/2229/1180 1874/2233/1416 1926/2234/1417
f 1876/2228/1179 1895/2235/1206 1894/2236/1207 1875/2229/1180
f 1881/2232/1415 1900/2237/1418 1899/2238/1217 1880/2220/1155
f 1879/2221/1156 1898/2239/1222 1897/2240/1223 1878/2224/1167
f 1877/2225/1168 1896/2241/1225 1895/2235/1206 1876/2228/1179
f 1875/2229/1180 1894/2236/1207 1893/2242/1419 1874/2233/1416
f 1880/2220/1155 1899/2238/1217 1898/2239/1222 1879/2221/1156
f 1878/2224/1167 1897/2240/1223 1896/2241/1225 1877/2225/1168
f 1902/2243/3 1906/2244/3 1901/2245/3
f 1891/2246/3 1906/2244/3 1890/2247/3
f 1900/2237/1418 1906/2244/3 1899/2238/1217
f 1889/2248/3 1906/2244/3 1888/2249/3
f 1887/2250/1420 1906/2244/3 1886/2251/3
f 1898/2239/1222 1906/2244/3 1897/2240/1223
f 1885/2252/3 1906/2244/3 1884/2253/3
f 1896/2241/1225 1906/2244/3 1895/2235/1206
f 1905/2254/3 1906/2244/3 1904/2255/3
f 1883/2256/3 1906/2244/3 1882/2257/3
f 1894/2236/1207 1906/2244/3 1893/2242/1419
f 1903/2258/3 1906/2244/3 1902/2243/3
f 1892/2259/3 1906/2244/3 1891/2246/3
f 1901/2245/3 1906/2244/3 1900/2237/1418
f 1890/2247/3 1906/2244/3 1889/2248/3
f 1899/2238/1217 1906/2244/3 1898/2239/1222
f 1888/2249/3 1906/2244/3 1887/2250/1420
f 1886/2251/3 1906/2244/3 1885/2252/3
f 1897/2240/1223 1906/2244/3 1896/2241/1225
f 1882/2257/3 1906/2244/3 1905/2254/3
f 1884/2253/3 1906/2244/3 1883/2256/3
f 1895/2235/1206 1906/2244/3 1894/2236/1207
f 1904/2255/3 1906/2244/3 1903/2258/3
f 1893/2242/1419 1906/2244/3 1892/2259/3
f 1841/2193/1391 1907/2197/1394 1908/2200/1397 1840/2192/1283
f 1839/2191/1390 1909/2201/1116 1910/2204/1400 1838/2190/1108
f 1837/2189/1389 1911/2205/1401 1912/2208/1404 1836/2188/1388
f 1835/2187/1387 1913/2209/1405 1914/2212/1407 1834/2186/1386
f 1844/2196/1393 1915/2213/1120 1916/2216/1123 1843/2195/1392
f 1833/2185/1385 1917/2260/1230 1918/2261/1231 1832/2183/1383
f 1842/2194/1112 1919/2217/1124 1907/2197/1394 1841/2193/1391
f 1840/2192/1283 1908/2200/1397 1909/2201/1116 1839/2191/1390
f 1838/2190/1108 1910/2204/1400 1911/2205/1401 1837/2189/1389
f 1836/2188/1388 1912/2208/1404 1913/2209/1405 1835/2187/1387
f 1834/2186/1386 1914/2212/1407 1917/2260/1230 1833/2185/1385
f 1843/2195/1392 1916/2216/1123 1919/2217/1124 1842/2194/1112
f 2100/2262/1421 1928/2263/1422 1929/2264/1423 2101/2265/1424
f 2101/2265/1424 1929/2264/1423 1930/2266/1425 2102/2267/1426
f 2103/2268/1427 1931/2269/1428 1932/2270/1429 2104/2271/1430
f 2104/2271/1430 1932/2270/1429 1933/2272/1318 2105/2273/1431
f 2105/2273/1431 1933/2272/1318 1934/2274/1319 2106/2275/1432
f 2107/2276/1321 1935/2277/1322 1936/2278/1323 2108/2279/1324
f 2108/2279/1324 1936/2278/1323 1937/2280/1325 2109/2281/1433
f 2109/2281/1433 1937/2280/1325 1938/2282/1434 2110/2283/1435
f 2110/2283/1435 1938/2282/1434 1939/2284/1327 2111/2285/735
f 2111/2285/735 1939/2284/1327 1940/2286/952 2112/2287/1436
f 2112/2287/1436 1940/2286/952 1941/2288/954 2113/2289/1437
f 2113/2289/1437 1941/2288/954 1942/2290/1330 2114/2291/1438
f 2114/2291/1438 1942/2290/1330 1943/2292/958 2115/2293/1439
f 2115/2293/1439 1943/2292/958 1944/2294/1440 2116/2295/1441
f 2116/2295/1441 1944/2294/1440 1945/2296/1245 2117/2297/1442
f 2117/2297/1442 1945/2296/1245 1946/2298/963 2118/2299/1443
f 2118/2299/1443 1946/2298/963 1947/2300/965 2119/2301/1444
f 2119/2301/1444 1947/2300/965 1948/2302/1331 2120/2303/1445
f 2120/2303/1445 1948/2302/1331 1949/2304/1332 2121/2305/1446
f 2041/2306/973 2042/2307/974 1955/2308/1447 1956/2309/1336
f 2044/2310/977 2045/2311/978 1953/2312/1448 1954/2313/1449
f 2046/2314/981 2047/2315/1337 1951/2316/1338 1952/2317/1339
f 2053/2318/1348 2041/2306/973 1956/2309/1336 1957/2319/1349
f 2042/2307/974 2044/2310/977 1954/2313/1449 1955/2308/1447
f 2045/2311/978 2046/2314/981 1952/2317/1339 1953/2312/1448
f 2047/2315/1337 2048/2320/1450 1950/2321/1451 1951/2316/1338
f 1954/2313/1449 1953/2312/1448 1963/2322/1452 1964/2323/1453
f 1955/2308/1447 1954/2313/1449 1964/2323/1453 1965/2324/1454
f 1968/2325/1354 1967/2326/1455 1988/2327/1005 1989/2328/1356
f 1966/2329/1456 1965/2324/1454 1986/2330/1008 1987/2331/1009
f 1964/2323/1453 1963/2322/1452 1984/2332/1362 1985/2333/1457
f 1960/2334/1458 1959/2335/1459 1980/2336/1460 1981/2337/1461
f 1967/2326/1455 1966/2329/1456 1987/2331/1009 1988/2327/1005
f 1965/2324/1454 1964/2323/1453 1985/2333/1457 1986/2330/1008
f 1963/2322/1452 1962/2338/1462 1983/2339/1463 1984/2332/1362
f 1961/2340/1464 1960/2334/1458 1981/2337/1461 1982/2341/1465
f 1959/2335/1459 1958/2342/1017 1979/2343/1018 1980/2336/1460
f 2055/2344/1019 2056/2345/1466 2008/2346/1467 2009/2347/1022
f 2057/2348/1468 2058/2349/1469 1997/2350/1470 1998/2351/1471
f 2059/2352/1472 2060/2353/1473 1995/2354/1474 1996/2355/1475
f 2061/2356/1476 2062/2357/1477 2006/2358/1478 2007/2359/1034
f 2063/2360/1479 2064/2361/1480 2015/2362/1481 1992/2363/1482
f 2065/2364/1483 2066/2365/1370 1993/2366/1484 1994/2367/1042
f 2067/2368/1043 2068/2369/1485 2004/2370/1486 2005/2371/1487
f 2069/2372/1488 2070/2373/1489 2013/2374/1049 2014/2375/1490
f 2071/2376/1051 2072/2377/1491 2002/2378/1053 2003/2379/1492
f 2073/2380/1493 2074/2381/1056 2011/2382/1057 2012/2383/1494
f 2075/2384/1495 2076/2385/1496 2000/2386/1497 2001/2387/1498
f 2077/2388/1499 2055/2344/1019 2009/2347/1022 2010/2389/1500
f 2078/2390/1065 2057/2348/1468 1998/2351/1471 1999/2391/1501
f 2058/2349/1469 2059/2352/1472 1996/2355/1475 1997/2350/1470
f 2056/2345/1466 2061/2356/1476 2007/2359/1034 2008/2346/1467
f 2060/2353/1473 2065/2364/1483 1994/2367/1042 1995/2354/1474
f 2062/2357/1477 2067/2368/1043 2005/2371/1487 2006/2358/1478
f 2064/2361/1480 2069/2372/1488 2014/2375/1490 2015/2362/1481
f 2066/2365/1370 2063/2360/1479 1992/2363/1482 1993/2366/1484
f 2068/2369/1485 2071/2376/1051 2003/2379/1492 2004/2370/1486
f 2070/2373/1489 2073/2380/1493 2012/2383/1494 2013/2374/1049
f 2072/2377/1491 2075/2384/1495 2001/2387/1498 2002/2378/1053
f 2074/2381/1056 2077/2388/1499 2010/2389/1500 2011/2382/1057
f 2076/2385/1496 2078/2390/1065 1999/2391/1501 2000/2386/1497
f 1992/2363/1482 2015/2362/1481 2039/2392/1067 2016/2393/1068
f 1994/2367/1042 1993/2366/1484 2017/2394/1069 2018/2395/1070
f 2005/2371/1487 2004/2370/1486 2028/2396/1071 2029/2397/1072
f 2014/2375/1490 2013/2374/1049 2037/2398/1073 2038/2399/1074
f 2003/2379/1492 2002/2378/1053 2026/2400/1075 2027/2401/1076
f 2012/2383/1494 2011/2382/1057 2035/2402/1077 2036/2403/1078
f 2001/2387/1498 2000/2386/1497 2024/2404/1079 2025/2405/1080
f 2010/2389/1500 2009/2347/1022 2033/2406/1081 2034/2407/1082
f 1999/2391/1501 1998/2351/1471 2022/2408/1083 2023/2409/1372
f 1997/2350/1470 1996/2355/1475 2020/2410/1085 2021/2411/1373
f 2008/2346/1467 2007/2359/1034 2031/2412/1087 2032/2413/1088
f 1995/2354/1474 1994/2367/1042 2018/2395/1070 2019/2414/1089
f 2006/2358/1478 2005/2371/1487 2029/2397/1072 2030/2415/1090
f 2015/2362/1481 2014/2375/1490 2038/2399/1074 2039/2392/1067
f 1993/2366/1484 1992/2363/1482 2016/2393/1068 2017/2394/1069
f 2004/2370/1486 2003/2379/1492 2027/2401/1076 2028/2396/1071
f 2013/2374/1049 2012/2383/1494 2036/2403/1078 2037/2398/1073
f 2002/2378/1053 2001/2387/1498 2025/2405/1080 2026/2400/1075
f 2011/2382/1057 2010/2389/1500 2034/2407/1082 2035/2402/1077
f 2000/2386/1497 1999/2391/1501 2023/2409/1372 2024/2404/1079
f 2009/2347/1022 2008/2346/1467 2032/2413/1088 2033/2406/1081
f 1998/2351/1471 1997/2350/1470 2021/2411/1373 2022/2408/1083
f 1996/2355/1475 1995/2354/1474 2019/2414/1089 2020/2410/1085
f 2007/2359/1034 2006/2358/1478 2030/2415/1090 2031/2412/1087
f 2036/2403/1078 2035/2402/1077 2040/2416/212
f 2025/2405/1080 2024/2404/1079 2040/2416/212
f 2034/2407/1082 2033/2406/1081 2040/2416/212
f 2023/2409/1372 2022/2408/1083 2040/2416/212
f 2021/2411/1373 2020/2410/1085 2040/2416/212
f 2032/2413/1088 2031/2412/1087 2040/2416/212
f 2019/2414/1089 2018/2395/1070 2040/2416/212
f 2030/2415/1090 2029/2397/1072 2040/2416/212
f 2039/2392/1067 2038/2399/1074 2040/2416/212
f 2017/2394/1069 2016/2393/1068 2040/2416/212
f 2028/2396/1071 2027/2401/1076 2040/2416/212
f 2037/2398/1073 2036/2403/1078 2040/2416/212
f 2026/2400/1075 2025/2405/1080 2040/2416/212
f 2035/2402/1077 2034/2407/1082 2040/2416/212
f 2024/2404/1079 2023/2409/1372 2040/2416/212
f 2033/2406/1081 2032/2413/1088 2040/2416/212
f 2022/2408/1083 2021/2411/1373 2040/2416/212
f 2020/2410/1085 2019/2414/1089 2040/2416/212
f 2031/2412/1087 2030/2415/1090 2040/2416/212
f 2016/2393/1068 2039/2392/1067 2040/2416/212
f 2018/2395/1070 2017/2394/1069 2040/2416/212
f 2029/2397/1072 2028/2396/1071 2040/2416/212
f 2038/2399/1074 2037/2398/1073 2040/2416/212
f 2027/2401/1076 2026/2400/1075 2040/2416/212
f 1946/2298/963 1945/2296/1245 2042/2307/974 2041/2306/973
f 1944/2294/1440 1943/2292/958 2045/2311/978 2044/2310/977
f 1942/2290/1330 1941/2288/954 2047/2315/1337 2046/2314/981
f 1940/2286/952 1939/2284/1327 2049/2417/1092 2048/2320/1450
f 1938/2282/1434 1937/2280/1325 2052/2418/1502 2051/2419/1095
f 1947/2300/965 1946/2298/963 2041/2306/973 2053/2318/1348
f 1936/2278/1323 1935/2277/1322 2043/2420/1375 2054/2421/1503
f 1945/2296/1245 1944/2294/1440 2044/2310/977 2042/2307/974
f 1943/2292/958 1942/2290/1330 2046/2314/981 2045/2311/978
f 1941/2288/954 1940/2286/952 2048/2320/1450 2047/2315/1337
f 1939/2284/1327 1938/2282/1434 2051/2419/1095 2049/2417/1092
f 1948/2302/1331 1947/2300/965 2053/2318/1348 2050/2422/1376
f 1937/2280/1325 1936/2278/1323 2054/2421/1503 2052/2418/1502
f 1985/2423/1457 1984/2424/1362 2056/2345/1466 2055/2344/1019
f 1974/2425/1504 1973/2426/1505 2058/2349/1469 2057/2348/1468
f 1972/2427/1506 1971/2428/212 2060/2353/1473 2059/2352/1472
f 1983/2429/1463 1982/2430/1465 2062/2357/1477 2061/2356/1476
f 1970/2431/212 1969/2432/212 2066/2365/1370 2065/2364/1483
f 1981/2433/1461 1980/2434/1460 2068/2369/1485 2067/2368/1043
f 1990/2435/212 1989/2436/1356 2070/2373/1489 2069/2372/1488
f 1979/2437/1018 1978/2438/212 2072/2377/1491 2071/2376/1051
f 1988/2439/1005 1987/2440/1009 2074/2381/1056 2073/2380/1493
f 1986/2441/1008 1985/2423/1457 2055/2344/1019 2077/2388/1499
f 1975/2442/1097 1974/2425/1504 2057/2348/1468 2078/2390/1065
f 1984/2424/1362 1983/2429/1463 2061/2356/1476 2056/2345/1466
f 1971/2428/212 1970/2431/212 2065/2364/1483 2060/2353/1473
f 1982/2430/1465 1981/2433/1461 2067/2368/1043 2062/2357/1477
f 1991/2443/212 1990/2435/212 2069/2372/1488 2064/2361/1480
f 1980/2434/1460 1979/2437/1018 2071/2376/1051 2068/2369/1485
f 1989/2436/1356 1988/2439/1005 2073/2380/1493 2070/2373/1489
f 1978/2438/212 1977/2444/212 2075/2384/1495 2072/2377/1491
f 1987/2440/1009 1986/2441/1008 2077/2388/1499 2074/2381/1056
f 1976/2445/1507 1975/2442/1097 2078/2390/1065 2076/2385/1496
f 2100/2262/1421 2101/2265/1424 2080/2446/1508 2079/2447/1509
f 2101/2265/1424 2102/2267/1426 2081/2448/1510 2080/2446/1508
f 2103/2268/1427 2104/2271/1430 2083/2449/1511 2082/2450/1512
f 2104/2271/1430 2105/2273/1431 2084/2451/1513 2083/2449/1511
f 2105/2273/1431 2106/2275/1432 2085/2452/1514 2084/2451/1513
f 2108/2279/1324 2109/2281/1433 2087/2453/1383 2086/2454/1515
f 2109/2281/1433 2110/2283/1435 2088/2455/1516 2087/2453/1383
f 2110/2283/1435 2111/2285/735 2089/2456/1517 2088/2455/1516
f 2111/2285/735 2112/2287/1436 2090/2457/1518 2089/2456/1517
f 2112/2287/1436 2113/2289/1437 2091/2458/1519 2090/2457/1518
f 2113/2289/1437 2114/2291/1438 2092/2459/1520 2091/2458/1519
f 2114/2291/1438 2115/2293/1439 2093/2460/1108 2092/2459/1520
f 2115/2293/1439 2116/2295/1441 2094/2461/1521 2093/2460/1108
f 2116/2295/1441 2117/2297/1442 2095/2462/1522 2094/2461/1521
f 2117/2297/1442 2118/2299/1443 2096/2463/1523 2095/2462/1522
f 2118/2299/1443 2119/2301/1444 2097/2464/1524 2096/2463/1523
f 2119/2301/1444 2120/2303/1445 2098/2465/1525 2097/2464/1524
f 2120/2303/1445 2121/2305/1446 2099/2466/1526 2098/2465/1525
f 2214/2467/1527 2129/2468/1395 2128/2469/1528 2215/2470/1529
f 2216/2471/1530 2127/2472/1531 2126/2473/1532 2217/2474/1533
f 2218/2475/1534 2125/2476/1535 2124/2477/1536 2219/2478/1537
f 2220/2479/1538 2123/2480/1539 2122/2481/1291 2221/2482/1540
f 2222/2483/1541 2132/2484/1121 2131/2485/1294 2223/2486/1542
f 2226/2487/1543 2130/2488/1297 2129/2468/1395 2214/2467/1527
f 2215/2470/1529 2128/2469/1528 2127/2472/1531 2216/2471/1530
f 2217/2474/1533 2126/2473/1532 2125/2476/1535 2218/2475/1534
f 2219/2478/1537 2124/2477/1536 2123/2480/1539 2220/2479/1538
f 2223/2486/1542 2131/2485/1294 2130/2488/1297 2226/2487/1543
f 2124/2477/1536 2136/2489/1544 2135/2490/1545 2123/2480/1539
f 2127/2472/1531 2139/2491/1546 2138/2492/1547 2126/2473/1532
f 2125/2476/1535 2137/2493/1548 2136/2489/1544 2124/2477/1536
f 2128/2469/1528 2140/2494/1549 2139/2491/1546 2127/2472/1531
f 2126/2473/1532 2138/2492/1547 2137/2493/1548 2125/2476/1535
f 2143/2495/1300 2162/2496/1301 2161/2497/1134 2142/2498/1550
f 2139/2491/1546 2158/2499/1139 2157/2500/1140 2138/2492/1547
f 2137/2493/1548 2156/2501/1143 2155/2502/1144 2136/2489/1544
f 2135/2490/1146 2154/2503/1147 2153/2504/1148 2134/2505/1149
f 2142/2498/1550 2161/2497/1134 2160/2506/1349 2141/2507/1551
f 2140/2494/1549 2159/2508/1552 2158/2499/1139 2139/2491/1546
f 2138/2492/1547 2157/2500/1140 2156/2501/1143 2137/2493/1548
f 2134/2505/1149 2153/2504/1148 2152/2509/1152 2133/2510/1153
f 2227/2511/1154 2182/2512/1155 2181/2513/1156 2228/2514/1157
f 2229/2515/1553 2171/2516/1159 2170/2517/1160 2230/2518/1161
f 2231/2519/1308 2169/2520/1163 2168/2521/1164 2232/2522/1309
f 2233/2523/1166 2180/2524/1167 2179/2525/1168 2234/2526/1169
f 2235/2527/1170 2165/2528/1171 2188/2529/1172 2236/2530/1173
f 2237/2531/1310 2167/2532/1175 2166/2533/1176 2238/2534/1177
f 2239/2535/1178 2178/2536/1179 2177/2537/1180 2240/2538/1181
f 2241/2539/1182 2187/2540/1183 2186/2541/1184 2242/2542/1185
f 2243/2543/1186 2176/2544/1187 2175/2545/1188 2244/2546/1189
f 2245/2547/1190 2185/2548/1191 2184/2549/1192 2246/2550/1193
f 2247/2551/1194 2174/2552/1195 2173/2553/1196 2248/2554/1197
f 2249/2555/1198 2183/2556/1199 2182/2512/1155 2227/2511/1154
f 2250/2557/1554 2172/2558/1201 2171/2516/1159 2229/2515/1553
f 2230/2518/1161 2170/2517/1160 2169/2520/1163 2231/2519/1308
f 2228/2514/1157 2181/2513/1156 2180/2524/1167 2233/2523/1166
f 2232/2522/1309 2168/2521/1164 2167/2532/1175 2237/2531/1310
f 2234/2526/1169 2179/2525/1168 2178/2536/1179 2239/2535/1178
f 2236/2530/1173 2188/2529/1172 2187/2540/1183 2241/2539/1182
f 2238/2534/1177 2166/2533/1176 2165/2528/1171 2235/2527/1170
f 2240/2538/1181 2177/2537/1180 2176/2544/1187 2243/2543/1186
f 2242/2542/1185 2186/2541/1184 2185/2548/1191 2245/2547/1190
f 2244/2546/1189 2175/2545/1188 2174/2552/1195 2247/2551/1194
f 2246/2550/1193 2184/2549/1192 2183/2556/1199 2249/2555/1198
f 2248/2554/1197 2173/2553/1196 2172/2558/1201 2250/2557/1554
f 2165/2528/1171 2189/2559/1202 2212/2560/1203 2188/2529/1172
f 2167/2532/1175 2191/2561/1204 2190/2562/1205 2166/2533/1176
f 2178/2536/1179 2202/2563/1206 2201/2564/1207 2177/2537/1180
f 2187/2540/1183 2211/2565/1208 2210/2566/1209 2186/2541/1184
f 2176/2544/1187 2200/2567/1210 2199/2568/1211 2175/2545/1188
f 2185/2548/1191 2209/2569/1212 2208/2570/1213 2184/2549/1192
f 2174/2552/1195 2198/2571/1214 2197/2572/1215 2173/2553/1196
f 2183/2556/1199 2207/2573/1216 2206/2574/1217 2182/2512/1155
f 2172/2558/1201 2196/2575/1555 2195/2576/1219 2171/2516/1159
f 2170/2517/1160 2194/2577/1556 2193/2578/1221 2169/2520/1163
f 2181/2513/1156 2205/2579/1222 2204/2580/1223 2180/2524/1167
f 2168/2521/1164 2192/2581/1224 2191/2561/1204 2167/2532/1175
f 2179/2525/1168 2203/2582/1225 2202/2563/1206 2178/2536/1179
f 2188/2529/1172 2212/2560/1203 2211/2565/1208 2187/2540/1183
f 2166/2533/1176 2190/2562/1205 2189/2559/1202 2165/2528/1171
f 2177/2537/1180 2201/2564/1207 2200/2567/1210 2176/2544/1187
f 2186/2541/1184 2210/2566/1209 2209/2569/1212 2185/2548/1191
f 2175/2545/1188 2199/2568/1211 2198/2571/1214 2174/2552/1195
f 2184/2549/1192 2208/2570/1213 2207/2573/1216 2183/2556/1199
f 2173/2553/1196 2197/2572/1215 2196/2575/1555 2172/2558/1201
f 2182/2512/1155 2206/2574/1217 2205/2579/1222 2181/2513/1156
f 2171/2516/1159 2195/2576/1219 2194/2577/1556 2170/2517/1160
f 2169/2520/1163 2193/2578/1221 2192/2581/1224 2168/2521/1164
f 2180/2524/1167 2204/2580/1223 2203/2582/1225 2179/2525/1168
f 2209/2569/1212 2213/2583/3 2208/2570/1213
f 2198/2571/1214 2213/2583/3 2197/2572/1215
f 2207/2573/1216 2213/2583/3 2206/2574/1217
f 2196/2575/1555 2213/2583/3 2195/2576/1219
f 2194/2577/1556 2213/2583/3 2193/2578/1221
f 2205/2579/1222 2213/2583/3 2204/2580/1223
f 2192/2581/1224 2213/2583/3 2191/2561/1204
f 2203/2582/1225 2213/2583/3 2202/2563/1206
f 2212/2560/1203 2213/2583/3 2211/2565/1208
f 2190/2562/1205 2213/2583/3 2189/2559/1202
f 2201/2564/1207 2213/2583/3 2200/2567/1210
f 2210/2566/1209 2213/2583/3 2209/2569/1212
f 2199/2568/1211 2213/2583/3 2198/2571/1214
f 2208/2570/1213 2213/2583/3 2207/2573/1216
f 2197/2572/1215 2213/2583/3 2196/2575/1555
f 2206/2574/1217 2213/2583/3 2205/2579/1222
f 2195/2576/1219 2213/2583/3 2194/2577/1556
f 2193/2578/1221 2213/2583/3 2192/2581/1224
f 2204/2580/1223 2213/2583/3 2203/2582/1225
f 2189/2559/1202 2213/2583/3 2212/2560/1203
f 2191/2561/1204 2213/2583/3 2190/2562/1205
f 2202/2563/1206 2213/2583/3 2201/2564/1207
f 2211/2565/1208 2213/2583/3 2210/2566/1209
f 2200/2567/1210 2213/2583/3 2199/2568/1211
f 2096/2463/1523 2214/2467/1527 2215/2470/1529 2095/2462/1522
f 2094/2461/1521 2216/2471/1530 2217/2474/1533 2093/2460/1108
f 2092/2459/1520 2218/2475/1534 2219/2478/1537 2091/2458/1519
f 2090/2457/1518 2220/2479/1538 2221/2482/1540 2089/2456/1517
f 2099/2466/1526 2222/2483/1541 2223/2486/1542 2098/2465/1525
f 2088/2455/1516 2224/2584/1230 2225/2585/1557 2087/2453/1383
f 2097/2464/1524 2226/2487/1543 2214/2467/1527 2096/2463/1523
f 2095/2462/1522 2215/2470/1529 2216/2471/1530 2094/2461/1521
f 2093/2460/1108 2217/2474/1533 2218/2475/1534 2092/2459/1520
f 2091/2458/1519 2219/2478/1537 2220/2479/1538 2090/2457/1518
f 2089/2456/1517 2221/2482/1540 2224/2584/1230 2088/2455/1516
f 2098/2465/1525 2223/2486/1542 2226/2487/1543 2097/2464/1524
f 2158/2586/1139 2227/2511/1154 2228/2514/1157 2157/2587/1140
f 2146/2588/3 2231/2519/1308 2232/2522/1309 2145/2589/3
f 2156/2590/1143 2233/2523/1166 2234/2526/1169 2155/2591/1144
f 2154/2592/1147 2239/2535/1178 2240/2538/1181 2153/2593/1148
f 2163/2594/3 2241/2539/1182 2242/2542/1185 2162/2595/1301
f 2152/2596/1152 2243/2543/1186 2244/2546/1189 2151/2597/3
f 2161/2598/1134 2245/2547/1190 2246/2550/1193 2160/2599/1349
f 2150/2600/3 2247/2551/1194 2248/2554/1197 2149/2601/3
f 2159/2602/1552 2249/2555/1198 2227/2511/1154 2158/2586/1139
f 2148/2603/1558 2250/2557/1554 2229/2515/1553 2147/2604/1559
f 2157/2587/1140 2228/2514/1157 2233/2523/1166 2156/2590/1143
f 2145/2589/3 2232/2522/1309 2237/2531/1310 2144/2605/3
f 2155/2591/1144 2234/2526/1169 2239/2535/1178 2154/2592/1147
f 2164/2606/3 2236/2530/1173 2241/2539/1182 2163/2594/3
f 2153/2593/1148 2240/2538/1181 2243/2543/1186 2152/2596/1152
f 2162/2595/1301 2242/2542/1185 2245/2547/1190 2161/2598/1134
f 2151/2597/3 2244/2546/1189 2247/2551/1194 2150/2600/3
f 2160/2599/1349 2246/2550/1193 2249/2555/1198 2159/2602/1552
f 2149/2601/3 2248/2554/1197 2250/2557/1554 2148/2603/1558
f 3352/703/579 528/687/571 516/606/498 3322/2607/1560
f 3351/694/578 527/691/575 515/614/506 3318/619/511
f 3350/692/576 524/700/565 517/2608/464 3316/615/507
f 3349/690/574 526/391/337 519/2609/1561 3314/611/503
f 3348/688/572 525/683/567 518/572/468 3312/607/499
f 3347/686/570 530/689/573 521/610/502 3310/603/495
f 3346/684/568 532/693/577 523/618/510 3308/573/469
f 3345/682/566 531/685/569 522/602/494 3306/569/465
f 3309/574/470 409/621/513 514/652/537 3344/651/536
f 3313/608/500 467/575/471 513/668/553 3340/667/552
f 3323/680/564 411/609/501 512/656/541 3337/655/540
f 3319/620/512 407/617/509 506/664/549 3339/663/548
f 3317/616/508 410/2610/467 507/678/563 3343/677/562
f 3307/570/466 408/605/497 508/674/559 3342/673/558
f 3311/604/496 406/613/505 509/660/545 3338/659/544
f 3315/612/504 405/2611/1562 510/357/306 3341/670/555
f 3330/665/550 513/668/553 3344/651/536 3360/650/535
f 3335/661/546 506/664/549 3343/677/562 3357/676/561
f 3336/2612/560 507/679/563 3342/673/558 3353/672/557
f 509/660/545 3341/670/555 3354/669/554 3334/657/542
f 512/656/541 3340/667/552 3355/666/551 3332/653/538
f 3331/649/534 514/652/537 3339/663/548 3356/662/547
f 3333/671/556 508/674/559 3338/659/544 3358/658/543
f 511/372/321 3337/655/540 3359/654/539 3284/2613/1563
f 500/2614/1564 3329/2615/1565 3353/672/557 3333/671/556
f 3329/2615/1565 499/2616/1566 3336/2612/560 3353/672/557
f 3321/2617/1567 501/2618/1568 3334/657/542 3354/669/554
f 504/2619/1569 3325/2620/1570 3355/666/551 3330/665/550
f 3325/2620/1570 503/2621/1571 3332/653/538 3355/666/551
f 498/2622/1572 3327/2623/1573 3356/662/547 3335/661/546
f 3327/2623/1573 505/2624/1574 3331/649/534 3356/662/547
f 499/2625/1566 3328/2626/1575 3357/676/561 3336/675/560
f 3328/2626/1575 498/2622/1572 3335/661/546 3357/676/561
f 501/2618/1568 3320/2627/1576 3358/658/543 3334/657/542
f 3320/2627/1576 500/2614/1564 3333/671/556 3358/658/543
f 503/2621/1571 3324/2628/1577 3359/654/539 3332/653/538
f 3324/2628/1577 502/2629/1578 3284/2613/1563 3359/654/539
f 505/2624/1574 3326/2630/1579 3360/650/535 3331/649/534
f 3326/2630/1579 504/2619/1569 3330/665/550 3360/650/535
f 3322/2607/1560 516/606/498 411/609/501 3323/680/564
f 3318/619/511 515/614/506 407/617/509 3319/620/512
f 3316/615/507 517/2608/464 410/2610/467 3317/616/508
f 3314/611/503 519/2609/1561 405/2611/1562 3315/612/504
f 3312/607/499 518/572/468 467/575/471 3313/608/500
f 3310/603/495 521/610/502 406/613/505 3311/604/496
f 3308/573/469 523/618/510 409/621/513 3309/574/470
f 3306/569/465 522/602/494 408/605/497 3307/570/466
f 3304/385/334 3275/314/266 238/310/262 247/383/332
f 3303/382/331 3273/309/261 240/242/202 245/373/322
f 3302/381/330 3271/306/258 519/2609/1561 526/391/337
f 3301/378/327 3269/301/253 241/246/206 246/375/324
f 3300/377/326 3267/250/210 242/303/255 249/380/329
f 3299/374/323 3265/245/205 244/311/263 251/384/333
f 3298/238/198 3263/241/201 243/247/207 250/376/325
f 3268/300/252 3293/354/303 236/353/302 206/243/203
f 3276/316/268 3290/342/291 235/341/290 157/299/251
f 3274/313/265 3292/350/299 231/349/298 153/307/259
f 3272/308/260 3296/366/315 232/365/314 156/239/199
f 3262/240/200 3295/362/311 233/361/310 154/248/208
f 3266/249/209 3291/346/295 234/345/294 152/304/256
f 3270/305/257 3294/358/307 510/357/306 405/2611/1562
f 529/387/336 3352/703/579 3322/2607/1560 520/318/270
f 3296/366/315 231/349/298 3288/348/297 3365/367/316
f 3295/362/311 232/365/314 3287/364/313 3361/363/312
f 3294/358/307 234/345/294 3285/344/293 3362/359/308
f 3293/354/303 235/341/290 3283/340/289 3363/355/304
f 3292/350/299 237/369/318 3281/368/317 3364/351/300
f 3291/346/295 233/361/310 3286/360/309 3366/347/296
f 3290/342/291 511/372/321 3284/2613/1563 3367/343/292
f 467/575/471 3309/574/470 3344/651/536 513/668/553
f 3279/2631/1580 3363/355/304 3283/340/289 229/2632/1581
f 230/2633/1582 3282/352/301 3363/355/304 3279/2631/1580
f 3278/2634/1583 3367/343/292 3284/2613/1563 502/2629/1578
f 229/2632/1581 3283/340/289 3367/343/292 3278/2634/1583
f 3275/314/266 3274/313/265 153/307/259 238/310/262
f 3273/309/261 3272/308/260 156/239/199 240/242/202
f 3271/306/258 3270/305/257 405/2611/1562 519/2609/1561
f 3269/301/253 3268/300/252 206/243/203 241/246/206
f 3267/250/210 3266/249/209 152/304/256 242/303/255
f 3265/245/205 3264/244/204 155/312/264 244/311/263
f 3263/241/201 3262/240/200 154/248/208 243/247/207
f 1097/1333/645 1096/1332/898 921/1289/898 922/1288/645
f 520/318/270 3322/2607/1560 3323/680/564 468/315/267
f 192/237/197 245/373/322 3298/238/198
f 192/335/197 226/334/212 223/252/212 196/251/211
f 192/237/197 196/393/211 3303/382/331
f 196/393/211 247/383/332 3303/382/331
f 205/389/215 195/236/196 3300/377/326
f 195/236/196 250/376/325 3300/377/326
f 194/388/213 187/390/249 3299/374/323
f 187/390/249 246/375/324 3299/374/323
f 187/390/249 188/394/250 3301/378/327
f 188/394/250 248/379/328 3301/378/327
f 466/392/214 205/389/215 3302/381/330
f 205/389/215 249/380/329 3302/381/330
f 196/393/211 194/388/213 3304/385/334
f 194/388/213 251/384/333 3304/385/334
f 188/394/250 450/2635/288 3305/386/335
f 450/2635/288 529/387/336 3305/386/335
f 524/681/565 453/2636/462 3345/682/566
f 453/2636/462 455/695/533 3345/682/566
f 525/683/567 451/698/492 3346/684/568
f 451/698/492 454/696/472 3346/684/568
f 531/685/569 455/695/533 3347/686/570
f 455/695/533 465/697/473 3347/686/570
f 528/687/571 452/702/493 3348/688/572
f 452/702/493 451/698/492 3348/688/572
f 530/689/573 465/697/473 3349/690/574
f 465/697/473 466/392/214 3349/690/574
f 527/691/575 456/701/463 3350/692/576
f 456/701/463 453/699/462 3350/692/576
f 532/693/577 454/696/472 3351/694/578
f 454/696/472 456/701/463 3351/694/578
f 529/387/336 450/2635/288 3352/703/579
f 450/2635/288 452/702/493 3352/703/579
f 919/1293/900 3373/1284/897 3370/1287/886 1053/1294/884
f 1014/1223/885 3371/1227/889 3372/1262/892 1046/1236/892
f 1053/1222/884 3370/1224/886 3371/1227/889 1014/1223/885
f 1087/2637/3 918/1285/3 3373/1284/897 3374/1329/897
f 918/1285/3 3379/2638/1584 3376/2639/1585 1054/1286/887
f 1013/1226/888 3377/1221/883 3378/1256/892 1045/1261/892
f 1054/1225/887 3376/1220/1585 3377/1221/883 1013/1226/888
f 1087/2637/3 3380/2640/1584 3379/2638/1584 918/1285/3
f 795/1011/743 3384/1318/904 3381/1321/824 1081/1306/853
f 989/1192/854 3382/1165/827 3383/1265/892 1021/1244/892
f 1081/1191/853 3381/1162/824 3382/1165/827 989/1192/854
f 879/1319/212 3387/1064/770 3388/1304/866 1080/1320/825
f 1004/1164/826 3389/1207/869 3390/1233/892 1036/1264/892
f 1080/1163/825 3388/1204/866 3389/1207/869 1004/1164/826
f 1101/2641/212 879/1319/212 3384/1318/904 3385/1322/904
f 295/46/1586 3393/2642/1587 3392/2643/1588
f 3409/500/418 3412/2644/1589 3411/2645/1590
f 3412/2644/1589 3410/2646/187 3411/2645/1590
f 3395/84/70 3406/213/188 3408/2647/1591 3396/2648/1592
f 3396/2648/1592 3408/2647/1591 3407/194/169 3394/197/172
f 3397/160/135 3400/159/134 3402/2649/1593 3399/2650/1594
f 3399/2650/1594 3402/2649/1593 3401/470/392 3398/469/391
f 3400/159/134 3403/85/71 3405/2651/1595 3402/2649/1593
f 3402/2649/1593 3405/2651/1595 3404/499/417 3401/470/392
f 3403/85/71 3395/84/70 3396/2648/1592 3405/2651/1595
f 3405/2651/1595 3396/2648/1592 3394/197/172 3404/499/417
f 3406/213/188 3410/212/187 3412/2652/1589 3408/2647/1591
f 3408/2647/1591 3412/2652/1589 3409/500/418 3407/194/169
f 58/222/2 54/221/1 3423/208/183
f 134/209/184 3417/198/173 3413/5/4 129/77/63
f 5/78/64 3414/8/7 3416/186/161 121/185/160
f 115/170/145 3415/183/158 3416/186/161 122/171/146
f 129/77/63 3413/5/4 3414/8/7 5/78/64
f 56/217/16 58/222/2 3428/210/185
f 136/211/186 3423/208/183 3418/76/62 127/81/67
f 2/82/68 3419/79/65 3422/188/163 120/187/162
f 114/184/159 3421/164/139 3422/188/163 121/185/160
f 110/2653/1596 3420/161/136 3421/164/139 114/184/159
f 127/81/67 3418/76/62 3419/79/65 2/82/68
f 49/219/52 56/217/16 3433/200/175
f 140/201/176 3428/210/185 3424/80/66 133/10/9
f 4/11/10 3425/83/69 3427/176/151 126/175/150
f 113/163/138 3426/173/148 3427/176/151 120/187/162
f 133/10/9 3424/80/66 3425/83/69 4/11/10
f 50/542/53 49/219/52 3439/204/179
f 135/205/180 3433/200/175 3429/9/8 130/69/55
f 71/70/56 3430/12/11 3432/192/167 125/191/166
f 119/174/149 3431/189/164 3432/192/167 126/175/150
f 130/69/55 3429/9/8 3430/12/11 71/70/56
f 76/91/77 41/29/25 40/53/49 39/89/75
f 3471/533/450 326/545/353 313/543/416
f 137/501/419 3439/204/179 3434/68/54 128/195/170
f 6/196/171 3435/71/57 3438/178/153 124/177/152
f 118/190/165 3437/168/143 3438/178/153 125/191/166
f 112/2654/1597 3436/165/140 3437/168/143 118/190/165
f 128/195/170 3434/68/54 3435/71/57 6/196/171
f 335/437/366 291/474/396 292/2655/1598 293/429/358
f 306/223/191 394/215/190 3448/535/452
f 394/215/190 383/214/189 3445/455/377 3448/535/452
f 265/87/73 379/86/72 3447/511/429 3444/456/378
f 372/527/445 380/526/444 3447/511/429 3446/510/428
f 383/214/189 265/87/73 3444/456/378 3445/455/377
f 389/416/347 263/415/346 3451/466/388 3443/465/387
f 305/546/376 391/536/453 3454/531/448
f 391/536/453 385/458/380 3450/413/344 3454/531/448
f 328/457/379 380/526/444 3453/525/443 3449/414/345
f 373/509/427 381/508/426 3453/525/443 3452/524/442
f 366/523/441 374/522/440 3441/507/425 3442/506/424
f 263/415/346 381/508/426 3441/507/425 3451/466/388
f 397/532/449 389/416/347 3443/465/387 3440/540/457
f 385/458/380 328/457/379 3449/414/345 3450/413/344
f 312/544/352 397/532/449 3440/540/457
f 293/429/358 292/2655/1598 283/442/371 282/427/356
f 314/548/339 393/541/458 3461/538/455
f 393/541/458 382/468/390 3458/461/383 3461/538/455
f 261/467/389 374/522/440 3460/521/439 3457/462/384
f 367/2656/437 375/528/436 3460/521/439 3459/520/438
f 382/468/390 261/467/389 3457/462/384 3458/461/383
f 310/2657/338 390/2658/456 3466/529/446
f 390/2658/456 384/2659/386 3463/409/340 3466/529/446
f 264/2660/385 375/518/436 3465/517/435 3462/410/341
f 368/505/423 376/504/422 3465/517/435 3464/516/434
f 384/2659/386 264/2660/385 3462/410/341 3463/409/340
f 313/543/416 396/530/447 3471/533/450
f 396/530/447 388/412/343 3468/417/348 3471/533/450
f 262/411/342 376/504/422 3470/503/421 3467/418/349
f 369/515/433 377/514/432 3470/503/421 3469/502/420
f 388/412/343 262/411/342 3467/418/349 3468/417/348
f 326/545/353 395/534/451 3476/537/454
f 395/534/451 387/420/351 3473/459/381 3476/537/454
f 260/419/350 377/514/432 3475/513/431 3472/460/382
f 370/2661/1599 378/193/168 3475/513/431 3474/512/430
f 387/420/351 260/419/350 3472/460/382 3473/459/381
f 57/216/128 70/218/18 3486/202/177
f 138/203/178 3481/206/181 3477/72/58 131/14/13
f 1/15/14 3478/75/61 3480/182/157 123/181/156
f 370/2661/1599 3479/179/154 3480/182/157 378/193/168
f 131/14/13 3477/72/58 3478/75/61 1/15/14
f 3440/540/457 314/548/339 312/544/352
f 139/199/174 3486/202/177 3482/13/12 132/6/5
f 3/7/6 3483/16/15 3485/172/147 122/171/146
f 116/180/155 3484/169/144 3485/172/147 123/181/156
f 132/6/5 3482/13/12 3483/16/15 3/7/6
f 304/2662/129 3411/2645/1590 3410/212/187 306/223/191
f 3454/531/448 312/544/352 305/546/376
f 3461/538/455 310/547/338 314/548/339
f 3448/535/452 305/546/376 306/223/191
f 3466/529/446 313/543/416 310/2657/338
f 3476/537/454 327/220/17 326/545/353
f 70/218/18 327/220/17 3481/206/181
f 138/203/178 70/218/18 3481/206/181
f 139/199/174 57/216/128 3486/202/177
f 134/209/184 54/221/1 3417/198/173
f 136/211/186 58/222/2 3423/208/183
f 140/201/176 56/217/16 3428/210/185
f 135/205/180 49/219/52 3433/200/175
f 137/501/419 50/542/53 3439/204/179
f 304/2662/129 50/542/53 3409/500/418 3411/2645/1590
f 54/221/1 57/216/128 3417/198/173
f 3393/2642/1587 295/46/1586 3391/2663/1600
f 1101/2641/212 3386/1061/770 3387/1064/770 879/1319/212
f 3703/2664/1601 3584/2665/1601 3488/2666/1602 3585/2667/1603
f 3702/2668/1604 3587/2669/1605 3489/2670/1606 3588/2671/1607
f 3701/2672/1608 3590/2673/1609 3490/2674/1610 3591/2675/1611
f 3700/2676/1612 3593/2677/1613 3491/2678/1614 3594/2679/660
f 3699/2680/1615 3596/2681/1616 3492/2682/1617 3597/2683/1618
f 3698/2684/1619 3599/2685/1620 3493/2686/1621 3600/2687/1622
f 3697/2688/1623 3602/2689/1624 3494/2690/1625 3603/2691/1626
f 3696/2692/1627 3605/2693/1628 3495/2694/1629 3606/2695/648
f 3695/2696/1630 3608/2697/1631 3496/2698/1632 3609/2699/1633
f 3694/2700/1634 3611/2701/1635 3497/2702/1636 3612/2703/1637
f 3693/2704/1638 3614/2705/1639 3498/2706/1640 3615/2707/1641
f 3692/2708/1642 3617/2709/1643 3499/2710/1644 3618/2711/892
f 3691/2712/1645 3620/2713/1646 3500/2714/1647 3621/2715/1648
f 3690/2716/1649 3623/2717/1650 3501/2718/1651 3624/2719/1652
f 3689/2720/1653 3645/2721/1654 3529/2722/1655 3646/2723/1656
f 3688/2724/1657 3627/2725/1658 3487/2726/1659 3583/2727/637
f 3687/2728/1660 3629/2729/1661 3502/2730/1662 3626/2731/1663
f 3684/2732/1664 3633/2733/1665 3524/2734/1666 3634/2735/1667
f 3683/2736/1668 3672/2737/1669 3527/2738/1670 3648/2739/1671
f 3682/2740/1672 3647/2741/1673 3530/2742/1674 3657/2743/1675
f 3679/2744/1676 3635/2745/1677 3525/2746/1678 3650/2747/1679
f 3678/2748/1680 3649/2749/1681 3528/2750/1682 3658/2751/1683
f 3676/2752/1684 3637/2753/1685 3523/2754/1686 3651/2755/1687
f 3674/2756/1688 3672/2737/1669 3495/2757/1629 3605/2758/1628
f 3542/2759/1689 3632/2760/1690 3648/2761/1671 3527/2762/1670
f 3539/2763/892 3660/2764/1691 3651/2765/1687 3523/2766/1686
f 3548/2767/1692 3661/2768/1693 3652/2769/1694 3534/2770/1695
f 3537/2771/1696 3662/2772/1697 3654/2773/1697 3521/2774/1698
f 3546/2775/1699 3663/2776/1700 3655/2777/1700 3532/2778/1699
f 3544/2779/1701 3665/2780/1702 3657/2781/1675 3530/2782/1674
f 3541/2783/1703 3666/2784/1704 3631/2785/1705 3526/2786/1706
f 3538/2787/1707 3667/2788/1708 3636/2789/1709 3522/2790/1707
f 3536/2791/1633 3669/2792/1710 3641/2793/1710 3520/2794/1711
f 3545/2795/660 3670/2796/1712 3644/2797/1713 3531/2798/1714
f 3719/2799/1693 3718/2800/1693 3550/2801/1715 3566/2802/1715
f 3720/2803/1716 3721/2804/1717 3551/2805/1718 3567/2806/1718
f 3723/2807/1719 3722/2808/1720 3552/2809/1721 3568/2810/1722
f 3725/2811/1723 3724/2812/1724 3553/2813/660 3569/2814/660
f 3727/2815/1725 3726/2816/1726 3554/2817/1727 3570/2818/1728
f 3729/2819/1729 3728/2820/1730 3555/2821/1607 3571/2822/1731
f 3731/2823/1732 3730/2824/1733 3556/2825/1734 3572/2826/1735
f 3734/2827/1736 3733/2828/1737 3557/2829/1738 3573/2830/641
f 3737/2831/1704 3736/2832/1739 3558/2833/1740 3574/2834/1741
f 3705/2835/1742 3704/2836/1742 3559/2837/957 3575/2838/1743
f 3707/2839/1744 3706/2840/1744 3560/2841/1745 3576/2842/1746
f 3709/2843/1747 3708/2844/1747 3561/2845/892 3577/2846/892
f 3711/2847/1709 3710/2848/1709 3562/2849/1748 3578/2850/1748
f 3713/2851/1638 3712/2852/1638 3563/2853/968 3579/2854/968
f 3717/2855/1749 3716/2856/1749 3549/2857/646 3565/2858/646
f 3715/2859/1750 3714/2860/1751 3564/2861/1752 3580/2862/1753
f 3736/2863/1739 3557/2864/1738 3582/2865/212 3738/2866/212
f 3733/2867/1737 3556/2868/1734 3581/2869/212 3735/2870/212
f 3671/2871/1754 3544/2779/1701 3530/2782/1674 3646/2872/1656
f 3670/2796/1712 3546/2775/1699 3532/2778/1699 3644/2797/1713
f 3669/2792/1710 3537/2771/1696 3521/2774/1698 3641/2793/1710
f 3668/2873/1755 3548/2767/1692 3534/2770/1695 3639/2874/1755
f 3667/2788/1708 3539/2763/892 3523/2766/1686 3636/2789/1709
f 3666/2784/1704 3542/2759/1689 3527/2762/1670 3631/2785/1705
f 3659/2875/1756 3543/2876/1757 3529/2877/1655 3658/2878/1683
f 3665/2780/1702 3545/2879/660 3531/2880/1714 3657/2781/1675
f 3664/2881/1758 3536/2791/1633 3520/2794/1711 3656/2882/1759
f 3663/2776/1700 3547/2883/1760 3533/2884/1760 3655/2777/1700
f 3662/2772/1697 3538/2787/1707 3522/2790/1707 3654/2773/1697
f 3661/2768/1693 3535/2885/1761 3519/2886/1761 3652/2769/1694
f 3660/2764/1691 3540/2887/1762 3524/2888/1666 3651/2765/1687
f 3673/2889/1763 3674/2756/1688 3605/2758/1628 3494/2890/1625
f 3631/2891/1705 3527/2738/1670 3672/2737/1669 3674/2756/1688
f 3487/2892/1659 3627/2893/1658 3675/2894/1764 3653/2895/1765
f 3627/2893/1658 3502/2896/1662 3640/2897/1766 3675/2894/1764
f 3633/2733/1665 3676/2752/1684 3651/2755/1687 3524/2734/1666
f 3492/2898/1617 3596/2899/1616 3676/2752/1684 3633/2733/1665
f 3596/2899/1616 3491/2900/1614 3637/2753/1685 3676/2752/1684
f 3489/2901/1606 3587/2902/1605 3677/2903/1767 3642/2904/1768
f 3645/2721/1654 3678/2748/1680 3658/2751/1683 3529/2722/1655
f 3497/2905/1636 3611/2906/1635 3678/2748/1680 3645/2721/1654
f 3611/2906/1635 3496/2907/1632 3649/2749/1681 3678/2748/1680
f 3673/2889/1763 3679/2744/1676 3650/2747/1679 3526/2908/1769
f 3494/2890/1625 3602/2909/1624 3679/2744/1676 3673/2889/1763
f 3602/2909/1624 3493/2910/1621 3635/2745/1677 3679/2744/1676
f 3629/2911/1661 3501/2912/1651 3638/2913/1770 3680/2914/1771
f 3491/2900/1614 3593/2915/1613 3681/2916/1772 3637/2753/1685
f 3643/2917/1773 3682/2740/1672 3657/2743/1675 3531/2918/1714
f 3499/2919/1644 3617/2920/1643 3682/2740/1672 3643/2917/1773
f 3617/2920/1643 3498/2921/1640 3647/2741/1673 3682/2740/1672
f 3608/2922/1631 3495/2757/1629 3672/2737/1669 3683/2736/1668
f 3635/2745/1677 3684/2732/1664 3634/2735/1667 3525/2746/1678
f 3493/2910/1621 3599/2923/1620 3684/2732/1664 3635/2745/1677
f 3599/2923/1620 3492/2898/1617 3633/2733/1665 3684/2732/1664
f 3501/2912/1651 3623/2924/1650 3685/2925/1774 3638/2913/1770
f 3590/2926/1609 3489/2901/1606 3642/2904/1768 3686/2927/1775
f 3630/2928/1776 3687/2728/1660 3626/2731/1663 3518/2929/1663
f 3517/2930/1777 3624/2719/1652 3687/2728/1660 3630/2928/1776
f 3624/2719/1652 3501/2718/1651 3629/2729/1661 3687/2728/1660
f 3628/2931/1778 3688/2724/1657 3583/2727/637 3503/2932/641
f 3518/2929/1663 3626/2731/1663 3688/2724/1657 3628/2931/1778
f 3626/2731/1663 3502/2730/1662 3627/2725/1658 3688/2724/1657
f 3647/2741/1673 3689/2720/1653 3646/2723/1656 3530/2742/1674
f 3498/2921/1640 3614/2933/1639 3689/2720/1653 3647/2741/1673
f 3614/2933/1639 3497/2905/1636 3645/2721/1654 3689/2720/1653
f 3625/2934/1744 3690/2716/1649 3624/2719/1652 3517/2930/1777
f 3516/2935/1779 3621/2715/1648 3690/2716/1649 3625/2934/1744
f 3621/2715/1648 3500/2714/1647 3623/2717/1650 3690/2716/1649
f 3622/2936/1780 3691/2712/1645 3621/2715/1648 3516/2935/1779
f 3515/2937/892 3618/2711/892 3691/2712/1645 3622/2936/1780
f 3618/2711/892 3499/2710/1644 3620/2713/1646 3691/2712/1645
f 3619/2938/1781 3692/2708/1642 3618/2711/892 3515/2937/892
f 3514/2939/1782 3615/2707/1641 3692/2708/1642 3619/2938/1781
f 3615/2707/1641 3498/2706/1640 3617/2709/1643 3692/2708/1642
f 3616/2940/1783 3693/2704/1638 3615/2707/1641 3514/2939/1782
f 3513/2941/1445 3612/2703/1637 3693/2704/1638 3616/2940/1783
f 3612/2703/1637 3497/2702/1636 3614/2705/1639 3693/2704/1638
f 3613/2942/1784 3694/2700/1634 3612/2703/1637 3513/2941/1445
f 3512/2943/1785 3609/2699/1633 3694/2700/1634 3613/2942/1784
f 3609/2699/1633 3496/2698/1632 3611/2701/1635 3694/2700/1634
f 3610/2944/1786 3695/2696/1630 3609/2699/1633 3512/2943/1785
f 3511/2945/646 3606/2695/648 3695/2696/1630 3610/2944/1786
f 3606/2695/648 3495/2694/1629 3608/2697/1631 3695/2696/1630
f 3607/2946/1693 3696/2692/1627 3606/2695/648 3511/2945/646
f 3510/2947/1421 3603/2691/1626 3696/2692/1627 3607/2946/1693
f 3603/2691/1626 3494/2690/1625 3605/2693/1628 3696/2692/1627
f 3604/2948/1623 3697/2688/1623 3603/2691/1626 3510/2947/1421
f 3509/2949/1787 3600/2687/1622 3697/2688/1623 3604/2948/1623
f 3600/2687/1622 3493/2686/1621 3602/2689/1624 3697/2688/1623
f 3601/2950/1788 3698/2684/1619 3600/2687/1622 3509/2949/1787
f 3508/2951/1789 3597/2683/1618 3698/2684/1619 3601/2950/1788
f 3597/2683/1618 3492/2682/1617 3599/2685/1620 3698/2684/1619
f 3598/2952/1712 3699/2680/1615 3597/2683/1618 3508/2951/1789
f 3507/2953/660 3594/2679/660 3699/2680/1615 3598/2952/1712
f 3594/2679/660 3491/2678/1614 3596/2681/1616 3699/2680/1615
f 3595/2954/1790 3700/2676/1612 3594/2679/660 3507/2953/660
f 3506/2955/1791 3591/2675/1611 3700/2676/1612 3595/2954/1790
f 3591/2675/1611 3490/2674/1610 3593/2677/1613 3700/2676/1612
f 3592/2956/1792 3701/2672/1608 3591/2675/1611 3506/2955/1791
f 3505/2957/1607 3588/2671/1607 3701/2672/1608 3592/2956/1792
f 3588/2671/1607 3489/2670/1606 3590/2673/1609 3701/2672/1608
f 3589/2958/1793 3702/2668/1604 3588/2671/1607 3505/2957/1607
f 3504/2959/946 3585/2667/1603 3702/2668/1604 3589/2958/1793
f 3585/2667/1603 3488/2666/1602 3587/2669/1605 3702/2668/1604
f 3586/2960/1736 3703/2664/1601 3585/2667/1603 3504/2959/946
f 3503/2961/641 3583/2962/637 3703/2664/1601 3586/2960/1736
f 3583/2962/637 3487/2963/1659 3584/2665/1601 3703/2664/1601
f 3543/2876/1757 3671/2871/1754 3646/2872/1656 3529/2877/1655
f 3574/2834/1741 3558/2833/1740 3704/2836/1742 3705/2835/1742
f 3575/2838/1743 3559/2837/957 3706/2840/1744 3707/2839/1744
f 3576/2842/1746 3560/2841/1745 3708/2844/1747 3709/2843/1747
f 3577/2846/892 3561/2845/892 3710/2848/1709 3711/2847/1709
f 3578/2850/1748 3562/2849/1748 3712/2852/1638 3713/2851/1638
f 3579/2854/968 3563/2853/968 3714/2860/1751 3715/2859/1750
f 3580/2862/1753 3564/2861/1752 3716/2856/1749 3717/2855/1749
f 3565/2858/646 3549/2857/646 3718/2800/1693 3719/2799/1693
f 3566/2802/1715 3550/2801/1715 3721/2804/1717 3720/2803/1716
f 3567/2806/1718 3551/2805/1718 3722/2808/1720 3723/2807/1719
f 3568/2810/1722 3552/2809/1721 3724/2812/1724 3725/2811/1723
f 3569/2814/660 3553/2813/660 3726/2816/1726 3727/2815/1725
f 3570/2818/1728 3554/2817/1727 3728/2820/1730 3729/2819/1729
f 3556/2868/1734 3730/2964/1733 3732/2965/212 3581/2869/212
f 3571/2822/1731 3555/2821/1607 3730/2824/1733 3731/2823/1732
f 3557/2864/1738 3733/2867/1737 3735/2870/212 3582/2865/212
f 3572/2826/1735 3556/2825/1734 3733/2828/1737 3734/2827/1736
f 3573/2966/641 3557/2967/1738 3736/2832/1739 3737/2831/1704
f 3512/2943/1785 3580/2862/1753 3717/2855/1749 3610/2944/1786
f 3510/2947/1421 3607/2946/1693 3719/2799/1693 3566/2802/1715
f 3574/2834/1741 3705/2835/1742 3630/2928/1776 3518/2929/1663
f 3579/2854/968 3715/2859/1750 3613/2942/1784 3513/2941/1445
f 3568/2810/1722 3725/2811/1723 3598/2952/1712 3508/2951/1789
f 3507/2953/660 3598/2952/1712 3725/2811/1723 3569/2814/660
f 3577/2846/892 3711/2847/1709 3619/2938/1781 3515/2937/892
f 3576/2842/1746 3709/2843/1747 3622/2936/1780 3516/2935/1779
f 3569/2814/660 3727/2815/1725 3595/2954/1790 3507/2953/660
f 3503/2961/641 3586/2960/1736 3734/2827/1736 3573/2830/641
f 3509/2949/1787 3604/2948/1623 3720/2803/1716 3567/2806/1718
f 3575/2838/1743 3707/2839/1744 3625/2934/1744 3517/2930/1777
f 3518/2929/1663 3628/2931/1778 3737/2831/1704 3574/2834/1741
f 3565/2858/646 3719/2799/1693 3607/2946/1693 3511/2945/646
f 3601/2950/1788 3509/2949/1787 3567/2806/1718 3723/2807/1719
f 3580/2862/1753 3512/2943/1785 3613/2942/1784 3715/2859/1750
f 3514/2939/1782 3619/2938/1781 3711/2847/1709 3578/2850/1748
f 3508/2951/1789 3601/2950/1788 3723/2807/1719 3568/2810/1722
f 3578/2850/1748 3713/2851/1638 3616/2940/1783 3514/2939/1782
f 3506/2955/1791 3595/2954/1790 3727/2815/1725 3570/2818/1728
f 3579/2854/968 3513/2941/1445 3616/2940/1783 3713/2851/1638
f 3575/2838/1743 3517/2930/1777 3630/2928/1776 3705/2835/1742
f 3566/2802/1715 3720/2803/1716 3604/2948/1623 3510/2947/1421
f 3576/2842/1746 3516/2935/1779 3625/2934/1744 3707/2839/1744
f 3570/2818/1728 3729/2819/1729 3592/2956/1792 3506/2955/1791
f 3571/2822/1731 3731/2823/1732 3589/2958/1793 3505/2957/1607
f 3572/2826/1735 3734/2827/1736 3586/2960/1736 3504/2959/946
f 3511/2945/646 3610/2944/1786 3717/2855/1749 3565/2858/646
f 3577/2846/892 3515/2937/892 3622/2936/1780 3709/2843/1747
f 3573/2966/641 3737/2831/1704 3628/2931/1778 3503/2932/641
f 3572/2826/1735 3504/2959/946 3589/2958/1793 3731/2823/1732
f 3505/2957/1607 3592/2956/1792 3729/2819/1729 3571/2822/1731
f 3749/2968/3 3748/2969/3 3764/2970/3 3765/2971/3
f 3769/2972/3 3768/2973/3 3771/2974/3
f 3747/2975/3 3746/2976/3 3762/2977/3 3763/2978/3
f 3745/2979/3 3744/2980/3 3760/2981/3 3761/2982/3
f 3743/2983/3 3742/2984/3 3758/2985/3 3759/2986/3
f 3754/2987/3 3753/2988/3 3769/2972/3 3770/2989/3
f 3741/2990/3 3740/2991/3 3756/2992/3 3757/2993/3
f 3752/2994/3 3751/2995/3 3767/2996/3 3768/2973/3
f 3750/2997/3 3749/2968/3 3765/2971/3 3766/2998/3
f 3748/2969/3 3747/2975/3 3763/2978/3 3764/2970/3
f 3746/2976/3 3745/2979/3 3761/2982/3 3762/2977/3
f 3744/2980/3 3743/2983/3 3759/2986/3 3760/2981/3
f 3739/2999/3 3754/2987/3 3770/2989/3 3755/3000/3
f 3742/2984/3 3741/2990/3 3757/2993/3 3758/2985/3
f 3753/2988/3 3752/2994/3 3768/2973/3 3769/2972/3
f 3740/2991/3 3739/2999/3 3755/3000/3 3756/2992/3
f 3751/2995/3 3750/2997/3 3766/2998/3 3767/2996/3
f 3770/2989/3 3769/2972/3 3771/2974/3
f 3759/2986/3 3758/2985/3 3771/2974/3
f 3766/2998/3 3765/2971/3 3771/2974/3
f 3760/2981/3 3759/2986/3 3771/2974/3
f 3767/2996/3 3766/2998/3 3771/2974/3
f 3757/2993/3 3756/2992/3 3771/2974/3
f 3768/2973/3 3767/2996/3 3771/2974/3
f 3758/2985/3 3757/2993/3 3771/2974/3
f 673/867/660 674/865/660 3796/890/699 3798/1146/669
f 908/1084/783 900/1083/782 3775/1078/777 3776/1077/776
f 898/1088/787 908/1084/783 3776/1077/776 899/1085/784
f 3790/3001/811 664/851/677 873/1142/810
f 850/1047/762 852/1046/761 3779/1056/766 3780/3002/1794
f 3787/3003/660 3790/3001/811 873/1142/810 866/1141/660
f 864/1049/660 3784/1048/763 3785/1153/817 3786/1154/810
f 665/849/675 666/847/673 3774/1038/754 3789/1143/811
f 664/851/677 665/849/675 3789/1143/811 873/1142/810
f 657/843/669 664/851/677 3790/3001/811 3791/3004/810
f 864/1049/660 3786/1154/810 3791/3004/810 3781/1055/669
f 3786/1154/810 657/843/669 3791/3004/810
f 3794/3005/660 3795/1144/699 835/1035/753 818/1034/660
f 3794/3005/660 817/3006/660 3797/1145/669 3795/1144/699
f 667/846/672 673/867/660 3798/1146/669
f 817/3006/660 3792/1036/660 3799/1039/672 3797/1145/669
f 3797/1145/669 3799/1039/672 667/846/672 3798/1146/669
f 832/1027/752 833/1026/751 681/881/672
f 833/1026/751 834/1387/660 837/1031/660
f 681/881/672 833/1026/751 838/1030/753
f 834/1387/660 836/1033/660 837/1031/660
f 837/1031/660 838/1030/753 833/1026/751
f 681/881/672 682/879/694 832/1027/752
f 863/4094/2798 848/4095/2799 854/1043/2800
f 848/4095/2799 863/4094/2798 855/4096/2801
s 0
f 848/4095/2802 855/4096/2803 868/4097/2802
f 3328/4097/2804 3327/4097/2804 3369/4097/2804
f 3328/4097/2805 3369/4097/2805 464/4097/2805
f 431/622/2806 3328/4097/2806 464/4097/2806
s 1
f 3328/4097/2807 431/622/2807 438/234/2807
s 0
f 3327/4097/2808 3328/4097/2808 438/234/2808
f 3369/4097/2809 462/4098/2809 3375/4097/2809
f 868/4097/2810 3375/4097/2810 203/4097/2810
s 1
f 861/4099/2811 868/4100/2811 203/4097/2811
s 0
f 855/4096/2816 856/4103/2817 857/4104/2818
f 868/4097/2819 855/4096/2820 857/4104/2819
f 3369/4097/2821 868/4097/2821 945/4097/2821
f 3369/4097/2821 3375/4097/2821 868/4097/2821
s 1
f 464/4097/2822 3369/4097/2822 945/4105/2823
f 428/4097/2824 3141/3551/2825 2713/3553/2826 212/4106/2827
s 0
f 3280/4097/2828 178/93/2828 171/323/2828
f 3375/4097/2829 3280/4097/2829 171/4097/2829
f 203/4097/2830 3375/4097/2830 171/4097/2830
f 856/4097/2831 850/4097/2831 3780/3002/2832
s 1
f 858/4097/2833 859/4097/2834 934/4097/2834 935/4097/2834
s 0
f 857/4104/2835 856/4103/2836 858/4107/2837
f 857/4097/2838 858/4097/2838 935/4097/2838
f 945/4105/2839 935/4097/2840 933/4097/2840
f 927/4108/2841 945/4105/2842 933/4109/2843
s 1
f 932/4110/2844 927/4111/2845 933/4109/2846
f 207/320/2847 198/279/2848 199/278/2849
f 463/4097/2852 442/282/2853 462/4098/2853
f 442/282/2853 202/4097/2854 462/4098/2853
s 0
f 202/4097/2855 3375/4097/2855 462/4098/2855
f 3375/4097/1584 3376/4097/1584 1087/4097/1584
f 3375/4097/1584 1087/4097/1584 462/4098/1584
s 1
f 1087/4112/2856 3374/4113/2856 3369/4097/2856
s 0
f 1087/4112/2856 3369/4097/2856 462/4098/2856
f 3369/4097/2857 463/4097/2857 462/4098/2857
f 439/4097/2858 442/282/2858 463/4097/2858
f 3369/4097/2859 439/4097/2859 463/4097/2859
s 1
f 170/281/240 179/94/80 442/282/241
s 0
f 179/94/2860 202/4097/2860 442/282/2860
s 1
f 439/233/193 430/593/487 442/282/241
s 0
f 179/94/2861 3375/4097/2861 202/4097/2861
f 179/94/2862 3280/4097/2862 3375/4097/2862
f 3280/4097/2863 3376/4097/2863 3375/4097/2863
s 1
f 3376/4097/2864 3374/4113/2865 1087/4112/2866
s 0
f 3374/4113/2867 3327/4097/2867 3369/4097/2867
f 3327/4097/2868 439/4097/2868 3369/4097/2868
s 1
f 3327/4097/2869 438/234/194 439/233/193
f 178/93/79 3280/4097/2870 179/94/80
f 1059/1210/2871 3377/1221/2871 3376/1220/2871
f 3377/1221/2872 1096/4097/2873 3376/1220/2864
f 1096/1332/2873 1095/1331/2874 3376/1220/2864
f 1095/1331/2874 1094/1330/2875 3376/1220/2864
f 1094/4114/2875 3374/4113/2865 3376/4097/2864
f 3280/4097/2876 1059/1210/2876 3376/1220/2876
s 0
f 178/93/2877 1059/1210/2877 3280/4097/2877
s 1
f 1094/4114/2878 3327/4097/2878 3374/4113/2878
s 0
f 1094/4114/2879 438/234/2879 3327/4097/2879
s 1
f 1102/4097/2880 1103/1013/2881 32/90/76 39/89/75
s 0
f 185/4097/2882 212/4106/2882 2713/3553/2882 3019/4097/2882
s 1
f 3256/4075/2885 3013/4073/2886 2514/4097/2887
s 0
f 841/4097/2888 3377/1221/2888 1059/1210/2888
s 1
f 1059/4097/901 178/93/901 171/4097/901 841/4097/901
f 1109/1062/2889 1110/1065/2890 3377/1221/2872
f 1110/1065/2890 1111/1067/2891 3377/1221/2872
f 1111/1067/2891 1112/1069/2892 3377/1221/2872
f 1112/1069/2892 1113/1070/2893 3377/1221/2872
f 1113/1070/2893 1114/1093/2894 3377/1221/2872
f 1114/1093/2894 1115/1073/2895 3377/1221/2872
f 1115/1073/2895 1086/1074/2896 3377/1221/2872
f 1086/1337/2896 1100/1336/2897 3377/1221/2872
f 1100/1336/2897 1099/1335/2898 3377/1221/2872
f 1099/1335/2898 1098/1334/2899 3377/1221/2872
f 1098/4117/2899 1097/4118/2900 3377/1221/2872
f 1097/4119/2900 1096/4120/2873 3377/1221/2872
s 0
f 945/4105/2901 464/4097/2902 1096/4120/2902
f 464/4097/2903 431/4097/2903 1095/1331/2903
s 1
f 464/4097/2903 1095/1331/2903 1096/1332/2903
f 460/594/488 437/591/485 431/4097/514
s 0
f 177/280/2904 171/4097/2904 176/277/2904 172/276/2904
s 1
f 436/47/43 473/50/46 431/622/514
s 0
f 464/4097/2905 460/594/2905 431/4097/2905
f 2370/4097/2909 470/4122/2909 540/597/2909 2740/4123/2909
s 1
f 171/323/281 213/92/78 176/277/236
f 177/280/239 200/284/243 171/4097/2911
s 0
f 200/284/2912 203/4097/2912 171/4097/2912
f 203/4097/767 1089/4097/767 841/4097/767
f 203/4097/767 841/4097/767 171/4097/767
s 1
f 1089/1058/2913 1090/1324/2914 841/4097/2915
f 1090/4124/2914 1091/4125/2916 841/4097/2915
f 1091/1325/2916 1092/1326/2917 841/4097/2915
f 1092/1326/2917 1093/1327/2918 841/4097/2915
f 1093/4126/2918 1085/4127/2919 841/4097/2915
f 1085/1323/2919 1108/1023/2920 841/4097/2915
f 1108/1023/2920 1107/1020/2921 841/4097/2915
f 1107/1020/2921 1106/1019/2922 841/4097/2915
f 1106/1019/2922 1105/1016/2923 841/4097/2915
f 1105/4128/2923 1104/4129/2924 841/4097/2915
f 1104/1015/2924 1103/1013/2925 841/4097/2915
f 1103/1013/2925 1102/1010/2926 841/4097/2915
s 0
f 1102/1010/2927 1101/4097/2927 841/4097/2927
f 320/4097/2928 321/4097/2928 1101/4097/2928
f 40/4097/2929 65/4097/2929 1101/4097/2929 1102/1010/2929
f 851/4097/2930 3780/4097/2930 3260/4092/2930
f 65/4097/2932 320/4097/2932 1101/4097/2932
s 1
f 292/2655/1598 291/474/396 1109/4097/2933
f 1086/4097/646 1115/1073/775 898/4097/2934 938/4097/2935
s 0
f 930/4097/2936 934/4097/2936 926/4097/2936
f 284/4097/2937 323/4097/2937 1111/4097/2937
s 1
f 284/4097/397 1111/4097/2937 1110/1065/772
f 822/4130/2938 1104/4129/2939 1105/1016/642 802/4131/2940
f 323/4097/2941 901/1359/2942 907/4132/2943
s 0
f 323/4097/2944 907/4132/2945 1111/1067/2944
s 1
f 907/4132/2943 901/1359/2942 888/4133/2946
f 888/4134/2946 892/4135/2948 1112/1069/2949
f 892/4136/2948 906/4137/2950 1112/1069/2949
f 906/4137/2950 1113/1070/2949 1112/1069/2949
f 906/4137/2950 895/4138/2951 1113/1070/2949
f 895/4138/2952 894/4139/2953 897/4140/2954
s 0
f 895/4138/2955 897/4140/2956 1113/1070/2956
f 926/4097/2957 938/4097/2957 898/4097/2957 891/4097/2957
s 1
f 897/4140/2954 894/4139/2953 896/4141/2958
f 2713/3553/2962 212/4106/273 471/4097/272 3141/3551/2963
s 0
f 3142/3555/2964 2359/4097/2964 2354/4097/2964
s 1
f 1085/4097/641 1093/4126/903 858/4097/2965 859/4097/2966
s 0
f 851/4097/2967 847/4097/2967 859/4097/2967 858/4097/2968
s 1
f 1108/4097/748 1085/1323/641 859/4097/2966 812/4097/2969
s 0
f 3146/3565/2970 2740/4123/2970 2360/4097/2970
s 1
f 1107/4097/747 1108/1023/748 812/4097/2969 810/4097/2971
s 0
f 897/4140/2954 896/4141/2975 1114/1093/2954 1113/1070/2954
f 935/4097/2977 933/4097/2977 1098/1334/2977
s 1
f 933/4109/2978 943/4142/2979 1098/1334/2980
f 943/4142/2979 1097/4118/2980 1098/4117/2980
f 943/4142/2979 932/4143/2981 1097/4118/2980
f 932/4110/2981 927/4111/2982 1097/4118/2980
s 0
f 849/4097/2984 850/4097/2984 856/4097/2984 855/4097/2984
s 1
f 461/4144/2985 538/4145/2986 464/4097/2987
f 538/4145/2986 541/596/490 464/4097/2987
f 541/596/490 460/594/488 464/4097/2987
f 257/285/244 203/4097/2988 200/284/243
f 257/285/244 254/4146/2989 203/4097/2988
f 254/4146/2989 201/4147/2990 203/4097/2988
f 319/4148/2991 888/4133/2946 901/1359/2942 323/4097/2941
f 861/4099/2992 868/4100/2992 1089/4097/2992
s 0
f 861/4099/2993 1089/4097/2993 203/4097/2993
f 62/44/2994 72/4097/2994 3011/4072/2994 2514/4071/2994
s 1
f 458/592/486 469/4150/2999 459/590/484
s 0
f 926/4097/3000 934/4097/3000 891/4097/3000
s 1
f 431/4097/3003 438/234/3003 1094/1330/3003 1095/1331/3003
f 2720/3436/3007 472/4154/3008 447/586/3009
f 472/4154/3008 2722/4097/3010 447/586/3009
s 0
f 402/4155/3011 330/4097/3011 2370/3567/3011 2740/4097/3011
s 1
f 471/319/272 428/269/271 447/586/3012
f 209/322/279 199/278/278 186/273/3013
f 210/272/230 3261/4097/3014 186/273/231
s 0
f 3146/3565/3015 469/4097/3015 457/595/3015 2743/3566/3015
f 907/4132/3016 888/4133/3017 1112/1069/3017 1111/1067/3017
s 1
f 868/4100/3018 861/4099/2811 848/4095/3019
f 848/1040/2799 854/1043/2799 1090/1324/2799
f 854/4156/2799 863/4094/3023 1090/1324/2799
f 863/4094/3023 1091/4125/3024 1090/4124/2799
f 863/4094/3023 855/4096/3025 1091/4125/3024
s 0
f 855/4096/3026 857/4104/2818 1091/4125/2818
s 1
f 811/4157/3027 1106/1019/3027 1107/4097/747 810/4158/2971
f 1099/4097/893 1100/1336/902 936/4097/3030 934/4097/3031
f 3124/3464/2973 2731/3463/3032 2359/3442/2974
f 1100/4097/902 1086/1337/646 938/4097/2935 936/4097/3030
s 0
f 3146/3565/3033 2743/3566/3033 2740/4123/3033
s 1
f 47/37/33 62/44/40 3026/4102/2813 2518/4088/2794
f 1115/4097/775 1114/1093/3035 896/4097/3035 898/4097/2934
f 810/4158/2971 808/4159/3037 811/4157/3027
f 935/4097/3038 1098/1334/3038 1099/4097/893 934/4097/3031
f 811/4157/3027 808/4159/3037 809/4160/3039
s 0
f 811/4157/3027 809/4160/3040 1106/1019/3027
s 1
f 809/4160/3041 816/4161/3042 1106/1019/3043
f 816/4161/3042 1105/1016/642 1106/1019/3043
f 816/4161/3042 807/4162/3044 1105/1016/642
f 807/4163/3044 802/1384/2940 1105/1016/642
f 802/4131/2940 813/1338/2939 822/4130/2938
s 0
f 927/4108/3045 945/4097/3045 1096/4120/3045 1097/4119/3045
f 3118/3438/3046 2354/4097/3046 2358/4097/3046
s 1
f 822/4130/2938 813/1338/2939 67/4097/2939
s 0
f 822/4130/3047 67/4097/3048 1104/4129/3048
f 67/4097/3049 32/4097/3049 1103/4097/3049
s 1
f 67/4097/3049 1103/4097/3049 1104/1015/3049
f 1110/4097/772 1109/1062/2933 291/474/396 284/475/397
s 0
f 930/4097/3050 929/4097/3050 934/4097/3050
s 1
f 39/89/75 40/53/49 1102/1010/2880
f 3393/4164/1587 3391/2663/1600 320/4097/3051
f 3391/2663/1600 321/4165/3052 320/4097/3051
f 65/4166/3053 3392/2643/1588 320/4097/3051
f 3392/2643/1588 3393/2642/1587 320/4097/3051
f 3391/2663/1600 295/46/1586 321/4165/3052
s 0
f 295/46/3054 292/4097/3054 321/4097/3054
s 1
f 295/46/42 283/442/371 292/2655/1598
f 31/45/41 295/46/42 40/53/49
s 0
f 295/46/3055 65/4097/3055 40/4097/3055
s 1
f 295/46/1586 3392/2643/1588 65/4166/3053
f 335/437/366 289/436/365 284/475/397
f 33/41/37 37/4097/36 32/4097/76 38/42/38
f 290/441/370 318/444/373 284/475/397
s 0
f 318/444/3056 323/4097/3056 284/4097/3056
s 1
f 403/4167/3057 400/4168/3058 323/4097/2941
f 400/4168/3058 319/4148/2991 323/4097/2941
f 318/444/373 3455/4169/3059 323/4097/2941
f 3455/4169/3059 403/4167/3057 323/4097/2941
s 0
f 2358/4097/3060 2354/4097/3060 3023/4170/3060
s 1
f 319/4148/2991 400/4168/3058 888/4133/2946
f 400/4168/3058 892/4135/2948 888/4134/2946
f 895/4138/2951 906/4137/2950 892/4136/2948
s 0
f 400/4168/3061 895/4138/3062 892/4136/3061
f 2740/4097/3063 540/597/3063 928/4097/3063 929/4097/3063
s 1
f 896/4141/2958 894/4139/2953 895/4138/2952
s 0
f 400/4168/3064 889/4097/3064 895/4097/3064
f 3780/4097/3065 851/4097/3065 858/4107/3066 856/4097/3065
f 3015/4077/3067 256/286/3067 208/4171/3067 3256/4075/3067
f 1101/4097/3069 1109/4097/3069 3377/1221/3069 841/4097/3069
s 1
f 947/4172/3071 936/4173/3030 938/4097/2935
f 947/4172/3071 934/4097/3031 936/4097/3030
s 0
f 933/4097/3073 935/4097/3073 934/4097/3073
f 889/4097/3075 890/4097/3075 896/4097/3075 895/4097/3075
f 928/4097/3076 538/4097/3076 933/4097/3076
f 538/4097/3077 932/4143/3078 933/4109/3079
s 1
f 538/4097/2986 927/4111/3080 932/4110/3081
f 538/4145/2986 461/4144/2985 927/4111/3080
s 0
f 2358/4097/3082 3023/4170/3082 2713/4097/3082
s 1
f 540/597/491 541/596/490 538/4145/2986
s 0
f 928/4097/3083 540/597/3083 538/4145/3083
s 1
f 470/4122/3084 2370/4097/2315 457/595/3085
f 1093/4097/903 1092/1326/3086 856/4097/3086 858/4097/2965
s 0
f 2731/3463/3087 3123/3460/3087 2359/3442/3087
s 1
f 469/4150/2999 458/592/486 457/595/489
f 540/597/3088 470/4122/3084 457/595/3085
f 208/321/276 256/286/245 197/283/242
f 256/286/245 254/4146/2989 257/285/244
s 0
f 256/286/3089 849/4097/3089 254/4146/3089
f 849/4097/3090 855/4097/3090 254/4146/3090
f 855/4097/3091 854/4097/3091 254/4146/3091
s 1
f 854/1043/3092 848/1040/3019 254/4146/2989
f 848/1040/3019 201/4147/2990 254/4146/2989
s 0
f 2354/4097/3093 2359/4097/3093 3023/4170/3093
s 1
f 184/267/3098 428/269/2824 212/4106/2827
s 0
f 302/4097/3099 333/4097/3099 2777/3556/3099 2363/3466/3099
s 1
f 334/445/374 3022/4097/3102 2355/3434/2189 333/4097/375
s 0
f 292/4097/3108 1109/4097/3108 1101/4097/3108 321/4097/3108
f 3123/3460/3109 2360/4097/3109 2359/3442/3109
s 1
f 3124/3464/3001 449/587/481 459/4097/484 2731/3463/3112
f 3780/3002/3113 850/1047/3114 3260/4092/3115
s 0
f 847/4097/3117 3260/4097/3117 859/4097/3117
s 1
f 330/4174/394 329/4175/393 2778/3568/2316 2370/3567/2315
f 855/4096/3121 863/4094/3122 854/4156/3122
s 0
f 928/4097/3123 933/4097/3123 934/4097/3123 929/4097/3123
f 805/4097/3127 804/4097/3127 810/4097/3127 823/4176/3128
s 1
f 823/4176/3129 812/4177/2969 859/4097/2966
s 0
f 930/4097/3130 947/4172/3131 938/4097/3130 926/4097/3130
s 1
f 823/4176/3129 810/4097/2971 812/4097/2969
f 809/4160/3039 808/4159/3037 810/4158/2971
s 0
f 930/4097/3050 929/4097/3050 934/4097/3050 947/4172/3132
s 1
f 804/4178/3133 3793/4179/3134 810/4097/3135
f 3793/4180/3134 803/4181/3136 810/4097/3135
s 0
f 803/4181/3137 809/4160/3138 810/4158/3139
s 1
f 807/4162/3044 816/4161/3042 809/4160/3041
s 0
f 803/4181/3140 146/4097/3141 809/4160/3142
f 146/4097/3143 807/4162/3144 809/4160/3145
s 1
f 146/4097/3146 802/1384/2940 807/4163/3044
f 146/4182/3146 64/4183/3147 802/1384/2940
f 848/4095/3019 861/4097/2811 203/4097/2988 201/4147/2990
s 0
f 2359/4097/3148 891/4097/3148 3023/4170/3148
s 1
f 64/4183/3147 146/4182/3146 67/4097/3149
f 146/4182/3146 150/54/50 67/4097/3149
f 150/54/50 63/51/47 67/4097/3149
s 0
f 63/51/3150 32/4097/3150 67/4097/3150
s 1
f 63/51/47 38/42/38 32/4097/76
f 437/591/485 432/589/483 436/4097/43 431/4097/514
f 37/40/36 76/91/77 32/90/76
f 315/443/372 3455/4169/3059 318/444/373
f 402/4155/3154 400/4168/3058 403/4167/3057
f 3455/4169/3059 315/443/372 403/4167/3057
f 315/443/372 3456/4184/3155 403/4167/3057
f 3456/4184/3155 402/4155/3154 403/4167/3057
s 0
f 402/4155/3156 889/4097/3156 400/4168/3156
f 402/4155/3157 890/4097/3157 889/4097/3157
f 2364/4185/3164 926/4097/3164 891/4097/3164
f 2364/4185/3167 930/4097/3167 926/4097/3167
s 1
f 457/595/3168 540/597/3168 2740/4123/3168 2743/3566/3168
s 0
f 3025/4097/3169 149/4097/3169 804/4097/3169 805/4097/3169
f 930/4097/3170 2740/4097/3170 929/4097/3170
f 2713/3553/3171 3019/4097/3171 211/271/3171 212/270/3171
f 2514/4097/3172 3018/4097/3172 3027/4097/3172
f 890/4097/3173 891/4097/3173 898/4097/3173 896/4097/3173
s 1
f 184/267/3174 212/270/3174 185/4097/3174
f 285/438/367 290/4097/370 284/475/397 289/436/365
s 0
f 850/4097/3176 849/4097/3176 256/286/3176
f 3015/4077/3177 850/4097/3177 256/286/3177
f 3143/4186/3179 329/4097/3180 2360/3462/3180
f 3122/3459/3182 302/4097/3182 2363/3466/3182
f 868/4100/2811 848/4095/2811 1090/1324/2811 1089/1058/2811
f 64/4183/2939 67/4097/2939 813/1338/2939 802/4131/2939
f 331/4097/3183 302/4097/3183 3122/3459/3183 2723/3445/3183
f 2740/4097/3184 891/4097/3184 890/4097/3184 402/4155/3184
f 857/4104/2818 856/4103/3185 1092/1326/2818 1091/1325/2818
s 1
f 62/44/40 73/4189/3187 3026/4102/2813
f 73/4189/3187 62/44/40 2514/4071/2815
s 0
f 859/4097/3190 3260/4097/3190 2514/4097/3190
f 3025/4097/3194 805/4097/3194 847/4097/3194
s 1
f 149/4097/3195 3793/4179/3134 804/4178/3133
s 0
f 857/4097/3196 935/4097/3196 945/4097/3196 868/4097/3196
s 1
f 149/4097/3195 803/4181/3136 3793/4180/3134
s 0
f 149/4097/3197 146/4097/3197 803/4181/3198
s 1
f 149/55/51 150/54/50 146/4182/3146
s 0
f 891/4097/3199 2514/4097/3199 3027/4097/3199
s 1
f 330/472/394 3456/4184/3155 315/443/372
f 3456/4184/3155 330/472/394 402/4155/3154
s 0
f 469/4150/3203 3123/3460/3203 2731/3463/3203 459/4097/3203
f 934/4097/3204 859/4097/3204 891/4097/3204
s 1
f 331/473/395 317/439/368 302/433/362
f 301/432/361 333/446/375 302/4097/362
f 334/4190/374 332/4153/74 3022/4097/3102
s 0
f 859/4097/3206 2514/4097/3206 891/4097/3206
f 847/4097/3207 805/4097/3207 823/4176/3208 859/4097/3207
f 3015/4077/3209 3256/4075/3209 2514/4097/3209
s 1
f 74/36/32 46/32/28 2516/4084/2790
s 0
f 2360/4097/3215 2740/4123/3215 891/4097/3215
s 1
f 61/43/39 72/4192/3072 62/44/40
f 3256/4075/3216 208/4171/276 207/4149/275 3013/4073/3216
f 329/4175/393 331/4193/395 3119/3444/2200 2360/3462/2215
s 0
f 2360/4097/3218 891/4097/3218 2359/4097/3218
s 1
f 72/4192/3072 61/43/39 60/52/48
s 0
f 464/4097/3045 945/4105/3219 927/4111/3045 461/4144/3045
s 1
usemtl tool_rope.002
f 2251/3007/1795 2523/3008/1796 3028/3009/1797 2522/3010/1798
f 2523/3008/1796 2252/3011/1799 2524/3012/1800 3028/3009/1797
f 3028/3009/1797 2524/3012/1800 2253/3013/1801 2525/3014/1802
f 2522/3010/1798 3028/3009/1797 2525/3014/1802 2254/3015/1803
f 2255/3016/1804 2527/3017/1805 3029/3018/1806 2526/3019/1807
f 2527/3017/1805 2256/3020/1808 2528/3021/1809 3029/3018/1806
f 3029/3018/1806 2528/3021/1809 2257/3022/1810 2529/3023/1811
f 2526/3019/1807 3029/3018/1806 2529/3023/1811 2258/3024/1812
f 2260/3025/1813 2534/3026/1814 3030/3027/1815 2533/3028/1816
f 2534/3026/1814 2259/3029/1817 2530/3030/1818 3030/3027/1815
f 3030/3027/1815 2530/3030/1818 2256/3020/1808 2527/3017/1805
f 2533/3028/1816 3030/3027/1815 2527/3017/1805 2255/3016/1804
f 2254/3015/1803 2525/3014/1802 3031/3031/1819 2537/3032/1820
f 2525/3014/1802 2253/3013/1801 2535/3033/1821 3031/3031/1819
f 3031/3031/1819 2535/3033/1821 2259/3034/1817 2534/3035/1814
f 2537/3032/1820 3031/3031/1819 2534/3035/1814 2260/3036/1813
f 2258/3024/1812 2529/3023/1811 3032/3037/1822 2539/3038/1823
f 2529/3023/1811 2257/3022/1810 2540/3039/1824 3032/3037/1822
f 3032/3037/1822 2540/3039/1824 2261/3040/1825 2541/3041/1826
f 2539/3038/1823 3032/3037/1822 2541/3041/1826 2262/3042/1827
f 2262/3042/1827 2541/3041/1826 3033/3043/1828 2542/3044/1829
f 2541/3041/1826 2261/3040/1825 2543/3045/1830 3033/3043/1828
f 3033/3043/1828 2543/3045/1830 2252/3011/1799 2523/3008/1796
f 2542/3044/1829 3033/3043/1828 2523/3008/1796 2251/3007/1795
f 2263/3046/1831 2545/3047/1832 3034/3048/1833 2544/3049/1834
f 2545/3047/1832 2264/3050/1835 2546/3051/1836 3034/3048/1833
f 3034/3048/1833 2546/3051/1836 2265/3052/1837 2547/3053/1838
f 2544/3049/1834 3034/3048/1833 2547/3053/1838 2266/3054/1839
f 2266/3054/1839 2547/3053/1838 3035/3055/1840 2548/3056/1841
f 2547/3053/1838 2265/3052/1837 2549/3057/1842 3035/3055/1840
f 3035/3055/1840 2549/3057/1842 2267/3058/1843 2550/3059/1844
f 2548/3056/1841 3035/3055/1840 2550/3059/1844 2268/3060/1845
f 2268/3061/1845 2550/3062/1844 3036/3063/1846 2551/3064/1847
f 2550/3062/1844 2267/3065/1843 2552/3066/1848 3036/3063/1846
f 3036/3063/1846 2552/3066/1848 2269/3067/1849 2553/3068/1850
f 2551/3064/1847 3036/3063/1846 2553/3068/1850 2270/3069/1851
f 2270/3069/1851 2553/3068/1850 3037/3070/1852 2554/3071/1853
f 2553/3068/1850 2269/3067/1849 2555/3072/1854 3037/3070/1852
f 3037/3070/1852 2555/3072/1854 2271/3073/1855 2556/3074/1856
f 2554/3071/1853 3037/3070/1852 2556/3074/1856 2272/3075/1857
f 2536/3076/1858 2266/3054/1839 2548/3056/1841 3038/3077/1859
f 3038/3077/1859 2548/3056/1841 2268/3060/1845 2531/3078/1860
f 2252/3011/1799 2538/3079/1861 3039/3080/1862 2524/3012/1800
f 3039/3080/1862 2544/3049/1834 2266/3054/1839 2536/3076/1858
f 2524/3012/1800 3039/3080/1862 2536/3076/1858 2253/3013/1801
f 2397/3081/1863 2791/3082/1864 3040/3083/1865 2790/3084/1866
f 2791/3082/1864 2406/3085/1867 2811/3086/1868 3040/3083/1865
f 3040/3083/1865 2811/3086/1868 2408/3087/1869 2792/3088/1870
f 2790/3084/1866 3040/3083/1865 2792/3088/1870 2394/3089/1871
f 2273/3090/1872 2558/3091/1873 3041/3092/1874 2557/3093/1875
f 2558/3091/1873 2274/3094/1876 2559/3095/1877 3041/3092/1874
f 3041/3092/1874 2559/3095/1877 2275/3096/1878 2560/3097/1879
f 2557/3093/1875 3041/3092/1874 2560/3097/1879 2276/3098/1880
f 2276/3098/1880 2560/3097/1879 3042/3099/1881 2561/3100/1882
f 2560/3097/1879 2275/3096/1878 2562/3101/1883 3042/3099/1881
f 3042/3099/1881 2562/3101/1883 2277/3102/1884 2563/3103/1885
f 2561/3100/1882 3042/3099/1881 2563/3103/1885 2278/3104/1886
f 2278/3105/1886 2563/3106/1885 3043/3107/1887 2564/3108/1888
f 2563/3106/1885 2277/3109/1884 2565/3110/1889 3043/3107/1887
f 3043/3107/1887 2565/3110/1889 2279/3111/1890 2566/3112/1891
f 2564/3108/1888 3043/3107/1887 2566/3112/1891 2280/3113/1892
f 2280/3113/1892 2566/3112/1891 3044/3114/1893 2567/3115/1894
f 2566/3112/1891 2279/3111/1890 2568/3116/1895 3044/3114/1893
f 3044/3114/1893 2568/3116/1895 2281/3117/1896 2569/3118/1897
f 2567/3115/1894 3044/3114/1893 2569/3118/1897 2282/3119/1898
f 2282/3119/1898 2569/3118/1897 3045/3120/1899 2570/3121/1900
f 2569/3118/1897 2281/3117/1896 2571/3122/1901 3045/3120/1899
f 3045/3120/1899 2571/3122/1901 2283/3123/1902 2572/3124/1903
f 2284/3125/1904 2574/3126/1905 3046/3127/1906 2573/3128/1907
f 2574/3126/1905 2278/3105/1886 2564/3108/1888 3046/3127/1906
f 3046/3127/1906 2564/3108/1888 2280/3113/1892 2575/3129/1908
f 2573/3128/1907 3046/3127/1906 2575/3129/1908 2285/3130/1909
f 2286/3131/1910 2577/3132/1911 3047/3133/1912 2576/3134/1913
f 2577/3132/1911 2276/3098/1880 2561/3100/1882 3047/3133/1912
f 3047/3133/1912 2561/3100/1882 2278/3104/1886 2574/3135/1905
f 2576/3134/1913 3047/3133/1912 2574/3135/1905 2284/3136/1904
f 2287/3137/1914 2579/3138/1915 3048/3139/1916 2578/3140/1917
f 2579/3138/1915 2273/3090/1872 2557/3093/1875 3048/3139/1916
f 3048/3139/1916 2557/3093/1875 2276/3098/1880 2577/3132/1911
f 2578/3140/1917 3048/3139/1916 2577/3132/1911 2286/3131/1910
f 2572/3124/1903 2283/3123/1902 2581/3141/1918 3049/3142/1919
f 3049/3142/1919 2581/3141/1918 2274/3094/1876 2558/3091/1873
f 2580/3143/1920 3049/3142/1919 2558/3091/1873 2273/3090/1872
f 2285/3130/1909 2575/3129/1908 3050/3144/1921 2582/3145/1922
f 2575/3129/1908 2280/3113/1892 2567/3115/1894 3050/3144/1921
f 3050/3144/1921 2567/3115/1894 2282/3119/1898 2583/3146/1923
f 2582/3145/1922 3050/3144/1921 2583/3146/1923 2288/3147/1924
f 2583/3146/1923 2282/3119/1898 2570/3121/1900 3051/3148/1925
f 3052/3149/1926 2580/3143/1920 2273/3090/1872 2579/3138/1915
f 2289/3150/1927 2585/3151/1928 3053/3152/1929 2584/3153/1930
f 2585/3151/1928 2290/3154/1931 2586/3155/1932 3053/3152/1929
f 3053/3152/1929 2586/3155/1932 2291/3156/1933 2587/3157/1934
f 2584/3153/1930 3053/3152/1929 2587/3157/1934 2292/3158/1935
f 2293/3159/1936 2589/3160/1937 3054/3161/1938 2588/3162/1939
f 2589/3160/1937 2294/3163/1940 2590/3164/1941 3054/3161/1938
f 3054/3161/1938 2590/3164/1941 2290/3165/1931 2585/3166/1928
f 2588/3162/1939 3054/3161/1938 2585/3166/1928 2289/3167/1927
f 2295/3168/1942 2592/3169/1943 3055/3170/1944 2591/3171/1945
f 2592/3169/1943 2296/3172/1946 2593/3173/1947 3055/3170/1944
f 3055/3170/1944 2593/3173/1947 2294/3163/1940 2589/3160/1937
f 2591/3171/1945 3055/3170/1944 2589/3160/1937 2293/3159/1936
f 2292/3158/1935 2587/3157/1934 3056/3174/1948 2594/3175/1949
f 2587/3157/1934 2291/3156/1933 2595/3176/1950 3056/3174/1948
f 3056/3174/1948 2595/3176/1950 2297/3177/1951 2596/3178/1952
f 2594/3175/1949 3056/3174/1948 2596/3178/1952 2298/3179/1953
f 2298/3179/1953 2596/3178/1952 3057/3180/1954 2597/3181/1955
f 2596/3178/1952 2297/3177/1951 2598/3182/1956 3057/3180/1954
f 3057/3180/1954 2598/3182/1956 2299/3183/1957 2599/3184/1958
f 2597/3181/1955 3057/3180/1954 2599/3184/1958 2300/3185/1959
f 2300/3185/1959 2599/3184/1958 3058/3186/1960 2600/3187/1961
f 2599/3184/1958 2299/3183/1957 2601/3188/1962 3058/3186/1960
f 3058/3186/1960 2601/3188/1962 2296/3172/1946 2592/3169/1943
f 2600/3187/1961 3058/3186/1960 2592/3169/1943 2295/3168/1942
f 2264/3050/1835 2602/3189/1963 3059/3190/1964 2546/3051/1836
f 2602/3189/1963 2287/3137/1914 2578/3140/1917 3059/3190/1964
f 3059/3190/1964 2578/3140/1917 2286/3131/1910 2603/3191/1965
f 2546/3051/1836 3059/3190/1964 2603/3191/1965 2265/3052/1837
f 2269/3067/1849 2604/3192/1966 3060/3193/1967 2555/3072/1854
f 2604/3192/1966 2285/3130/1909 2582/3145/1922 3060/3193/1967
f 3060/3193/1967 2582/3145/1922 2288/3147/1924 2605/3194/1968
f 2555/3072/1854 3060/3193/1967 2605/3194/1968 2271/3073/1855
f 2267/3065/1843 2606/3195/1969 3061/3196/1970 2552/3066/1848
f 2606/3195/1969 2284/3125/1904 2573/3128/1907 3061/3196/1970
f 3061/3196/1970 2573/3128/1907 2285/3130/1909 2604/3192/1966
f 2552/3066/1848 3061/3196/1970 2604/3192/1966 2269/3067/1849
f 2265/3052/1837 2603/3191/1965 3062/3197/1971 2549/3057/1842
f 2603/3191/1965 2286/3131/1910 2576/3134/1913 3062/3197/1971
f 3062/3197/1971 2576/3134/1913 2284/3136/1904 2606/3198/1969
f 2549/3057/1842 3062/3197/1971 2606/3198/1969 2267/3058/1843
f 2274/3094/1876 2607/3199/1972 3063/3200/1973 2559/3095/1877
f 2607/3199/1972 2295/3168/1942 2591/3171/1945 3063/3200/1973
f 3063/3200/1973 2591/3171/1945 2293/3159/1936 2608/3201/1974
f 2559/3095/1877 3063/3200/1973 2608/3201/1974 2275/3096/1878
f 2279/3111/1890 2609/3202/1975 3064/3203/1976 2568/3116/1895
f 2609/3202/1975 2292/3158/1935 2594/3175/1949 3064/3203/1976
f 3064/3203/1976 2594/3175/1949 2298/3179/1953 2610/3204/1977
f 2568/3116/1895 3064/3203/1976 2610/3204/1977 2281/3117/1896
f 2277/3109/1884 2611/3205/1978 3065/3206/1979 2565/3110/1889
f 2611/3205/1978 2289/3150/1927 2584/3153/1930 3065/3206/1979
f 3065/3206/1979 2584/3153/1930 2292/3158/1935 2609/3202/1975
f 2565/3110/1889 3065/3206/1979 2609/3202/1975 2279/3111/1890
f 2275/3096/1878 2608/3201/1974 3066/3207/1980 2562/3101/1883
f 2608/3201/1974 2293/3159/1936 2588/3162/1939 3066/3207/1980
f 3066/3207/1980 2588/3162/1939 2289/3167/1927 2611/3208/1978
f 2562/3101/1883 3066/3207/1980 2611/3208/1978 2277/3102/1884
f 2281/3117/1896 2610/3204/1977 3067/3209/1981 2571/3122/1901
f 2610/3204/1977 2298/3179/1953 2597/3181/1955 3067/3209/1981
f 3067/3209/1981 2597/3181/1955 2300/3185/1959 2612/3210/1982
f 2571/3122/1901 3067/3209/1981 2612/3210/1982 2283/3123/1902
f 2283/3123/1902 2612/3210/1982 3068/3211/1983 2581/3141/1918
f 2612/3210/1982 2300/3185/1959 2600/3187/1961 3068/3211/1983
f 3068/3211/1983 2600/3187/1961 2295/3168/1942 2607/3199/1972
f 2581/3141/1918 3068/3211/1983 2607/3199/1972 2274/3094/1876
f 2301/3212/1984 2614/3213/1985 3069/3214/1986 2613/3215/1987
f 2614/3213/1985 2302/3216/1988 2615/3217/1989 3069/3214/1986
f 3069/3214/1986 2615/3217/1989 2303/3218/1990 2616/3219/1991
f 2613/3215/1987 3069/3214/1986 2616/3219/1991 2304/3220/1992
f 2305/3221/1993 2618/3222/1994 3070/3223/1995 2617/3224/1996
f 2618/3222/1994 2306/3225/1997 2619/3226/1998 3070/3223/1995
f 3070/3223/1995 2619/3226/1998 2307/3227/1999 2620/3228/2000
f 2617/3224/1996 3070/3223/1995 2620/3228/2000 2308/3229/2001
f 2310/3230/2002 2623/3231/2003 3071/3232/2004 2622/3233/2005
f 2623/3231/2003 2309/3234/2006 2621/3235/2007 3071/3232/2004
f 3071/3232/2004 2621/3235/2007 2306/3225/1997 2618/3222/1994
f 2622/3233/2005 3071/3232/2004 2618/3222/1994 2305/3221/1993
f 2304/3220/1992 2616/3219/1991 3072/3236/2008 2625/3237/2009
f 2616/3219/1991 2303/3218/1990 2624/3238/2010 3072/3236/2008
f 3072/3236/2008 2624/3238/2010 2309/3239/2006 2623/3240/2003
f 2625/3237/2009 3072/3236/2008 2623/3240/2003 2310/3241/2002
f 2697/3242/2011 2307/3227/1999 2619/3226/1998 3073/3243/2012
f 3073/3243/2012 2619/3226/1998 2306/3225/1997 2696/3244/2013
f 2641/3245/2014 3073/3243/2012 2696/3244/2013 2320/3246/2015
f 2308/3229/2001 2620/3228/2000 3074/3247/2016 2626/3248/2017
f 2620/3228/2000 2307/3227/1999 2627/3249/2018 3074/3247/2016
f 3074/3247/2016 2627/3249/2018 2311/3250/2019 2628/3251/2020
f 2626/3248/2017 3074/3247/2016 2628/3251/2020 2312/3252/2021
f 2312/3252/2021 2628/3251/2020 3075/3253/2022 2629/3254/2023
f 2628/3251/2020 2311/3250/2019 2630/3255/2024 3075/3253/2022
f 3075/3253/2022 2630/3255/2024 2302/3216/1988 2614/3213/1985
f 2629/3254/2023 3075/3253/2022 2614/3213/1985 2301/3212/1984
f 2313/3256/2025 2632/3257/2026 3076/3258/2027 2631/3259/2028
f 2632/3257/2026 2314/3260/2029 2633/3261/2030 3076/3258/2027
f 3076/3258/2027 2633/3261/2030 2315/3262/2031 2634/3263/2032
f 2631/3259/2028 3076/3258/2027 2634/3263/2032 2316/3264/2033
f 2316/3264/2033 2634/3263/2032 3077/3265/2034 2635/3266/2035
f 2634/3263/2032 2315/3262/2031 2636/3267/2036 3077/3265/2034
f 3077/3265/2034 2636/3267/2036 2317/3268/2037 2637/3269/2038
f 2635/3266/2035 3077/3265/2034 2637/3269/2038 2318/3270/2039
f 2318/3271/2039 2637/3272/2038 3078/3273/2040 2638/3274/2041
f 2637/3272/2038 2317/3275/2037 2639/3276/2042 3078/3273/2040
f 3078/3273/2040 2639/3276/2042 2319/3277/2043 2640/3278/2044
f 2638/3274/2041 3078/3273/2040 2640/3278/2044 2320/3246/2015
f 2320/3246/2015 2640/3278/2044 3079/3279/2045 2641/3245/2014
f 2640/3278/2044 2319/3277/2043 2642/3280/2046 3079/3279/2045
f 3079/3279/2045 2642/3280/2046 2321/3281/2047 2643/3282/2048
f 2641/3245/2014 3079/3279/2045 2643/3282/2048 2322/3283/2049
f 2318/3270/2039 2698/3284/2050 3080/3285/2051 2635/3266/2035
f 2698/3284/2050 2309/3239/2006 2624/3238/2010 3080/3285/2051
f 3080/3285/2051 2624/3238/2010 2303/3218/1990 2695/3286/2052
f 2635/3266/2035 3080/3285/2051 2695/3286/2052 2316/3264/2033
f 2302/3216/1988 2644/3287/2053 3081/3288/2054 2615/3217/1989
f 2644/3287/2053 2313/3256/2025 2631/3259/2028 3081/3288/2054
f 3081/3288/2054 2631/3259/2028 2316/3264/2033 2695/3286/2052
f 2615/3217/1989 3081/3288/2054 2695/3286/2052 2303/3218/1990
f 3082/3289/2055 2646/3290/2056 2314/3260/2029 2632/3257/2026
f 2645/3291/2057 3082/3289/2055 2632/3257/2026 2313/3256/2025
f 2699/3292/2058 2311/3250/2019 2627/3249/2018 3083/3293/2059
f 3083/3293/2059 2627/3249/2018 2307/3227/1999 2697/3242/2011
f 2302/3294/1988 2630/3255/2024 3084/3295/2060 2644/3287/2053
f 2630/3255/2024 2311/3250/2019 2699/3292/2058 3084/3295/2060
f 2644/3287/2053 3084/3295/2060 2645/3291/2057 2313/3256/2025
f 2323/3296/2061 2648/3297/2062 3085/3298/2063 2647/3299/2064
f 2648/3297/2062 2324/3300/2065 2649/3301/2066 3085/3298/2063
f 3085/3298/2063 2649/3301/2066 2325/3302/2067 2650/3303/2068
f 2647/3299/2064 3085/3298/2063 2650/3303/2068 2326/3304/2069
f 2326/3304/2069 2650/3303/2068 3086/3305/2070 2651/3306/2071
f 2650/3303/2068 2325/3302/2067 2652/3307/2072 3086/3305/2070
f 3086/3305/2070 2652/3307/2072 2327/3308/2073 2653/3309/2074
f 2651/3306/2071 3086/3305/2070 2653/3309/2074 2328/3310/2075
f 2328/3311/2075 2653/3312/2074 3087/3313/2076 2654/3314/2077
f 2653/3312/2074 2327/3315/2073 2655/3316/2078 3087/3313/2076
f 3087/3313/2076 2655/3316/2078 2329/3317/2079 2656/3318/2080
f 2654/3314/2077 3087/3313/2076 2656/3318/2080 2330/3319/2081
f 2330/3319/2081 2656/3318/2080 3088/3320/2082 2657/3321/2083
f 2656/3318/2080 2329/3317/2079 2658/3322/2084 3088/3320/2082
f 3088/3320/2082 2658/3322/2084 2331/3323/2085 2659/3324/2086
f 2657/3321/2083 3088/3320/2082 2659/3324/2086 2332/3325/2087
f 2332/3325/2087 2659/3324/2086 3089/3326/2088 2660/3327/2089
f 2659/3324/2086 2331/3323/2085 2661/3328/2090 3089/3326/2088
f 3089/3326/2088 2661/3328/2090 2333/3329/2091 2662/3330/2092
f 2660/3327/2089 3089/3326/2088 2662/3330/2092 2334/3331/2093
f 2335/3332/2094 2664/3333/2095 3090/3334/2096 2663/3335/2097
f 2664/3333/2095 2328/3311/2075 2654/3314/2077 3090/3334/2096
f 3090/3334/2096 2654/3314/2077 2330/3319/2081 2665/3336/2098
f 2663/3335/2097 3090/3334/2096 2665/3336/2098 2336/3337/2099
f 2337/3338/2100 2667/3339/2101 3091/3340/2102 2666/3341/2103
f 2667/3339/2101 2326/3304/2069 2651/3306/2071 3091/3340/2102
f 3091/3340/2102 2651/3306/2071 2328/3310/2075 2664/3342/2095
f 2666/3341/2103 3091/3340/2102 2664/3342/2095 2335/3343/2094
f 2338/3344/2104 2669/3345/2105 3092/3346/2106 2668/3347/2107
f 2669/3345/2105 2323/3296/2061 2647/3299/2064 3092/3346/2106
f 3092/3346/2106 2647/3299/2064 2326/3304/2069 2667/3339/2101
f 2668/3347/2107 3092/3346/2106 2667/3339/2101 2337/3338/2100
f 2334/3331/2093 2662/3330/2092 3093/3348/2108 2670/3349/2109
f 2662/3330/2092 2333/3329/2091 2671/3350/2110 3093/3348/2108
f 3093/3348/2108 2671/3350/2110 2324/3300/2065 2648/3297/2062
f 2670/3349/2109 3093/3348/2108 2648/3297/2062 2323/3296/2061
f 2336/3337/2099 2665/3336/2098 3094/3351/2111 2672/3352/2112
f 2665/3336/2098 2330/3319/2081 2657/3321/2083 3094/3351/2111
f 3094/3351/2111 2657/3321/2083 2332/3325/2087 2673/3353/2113
f 2672/3352/2112 3094/3351/2111 2673/3353/2113 2339/3354/2114
f 2339/3354/2114 2673/3353/2113 3095/3355/2115 2674/3356/2116
f 2673/3353/2113 2332/3325/2087 2660/3327/2089 3095/3355/2115
f 3095/3355/2115 2660/3327/2089 2334/3331/2093 2675/3357/2117
f 2675/3357/2117 2334/3331/2093 2670/3349/2109 3096/3358/2118
f 3096/3358/2118 2670/3349/2109 2323/3296/2061 2669/3345/2105
f 2676/3359/2119 3096/3358/2118 2669/3345/2105 2338/3344/2104
f 2340/3360/2120 2678/3361/2121 3097/3362/2122 2677/3363/2123
f 2678/3361/2121 2341/3364/2124 2679/3365/2125 3097/3362/2122
f 3097/3362/2122 2679/3365/2125 2342/3366/2126 2680/3367/2127
f 2677/3363/2123 3097/3362/2122 2680/3367/2127 2343/3368/2128
f 2344/3369/2129 2682/3370/2130 3098/3371/2131 2681/3372/2132
f 2682/3370/2130 2345/3373/2133 2683/3374/2134 3098/3371/2131
f 3098/3371/2131 2683/3374/2134 2341/3375/2124 2678/3376/2121
f 2681/3372/2132 3098/3371/2131 2678/3376/2121 2340/3377/2120
f 2346/3378/2135 2685/3379/2136 3099/3380/2137 2684/3381/2138
f 2685/3379/2136 2347/3382/2139 2686/3383/2140 3099/3380/2137
f 3099/3380/2137 2686/3383/2140 2345/3373/2133 2682/3370/2130
f 2684/3381/2138 3099/3380/2137 2682/3370/2130 2344/3369/2129
f 2343/3368/2128 2680/3367/2127 3100/3384/2141 2687/3385/2142
f 2680/3367/2127 2342/3366/2126 2688/3386/2143 3100/3384/2141
f 3100/3384/2141 2688/3386/2143 2348/3387/2144 2689/3388/2145
f 2687/3385/2142 3100/3384/2141 2689/3388/2145 2349/3389/2146
f 2349/3389/2146 2689/3388/2145 3101/3390/2147 2690/3391/2148
f 2689/3388/2145 2348/3387/2144 2691/3392/2149 3101/3390/2147
f 3101/3390/2147 2691/3392/2149 2350/3393/2150 2692/3394/2151
f 2690/3391/2148 3101/3390/2147 2692/3394/2151 2351/3395/2152
f 2351/3395/2152 2692/3394/2151 3102/3396/2153 2693/3397/2154
f 2692/3394/2151 2350/3393/2150 2694/3398/2155 3102/3396/2153
f 3102/3396/2153 2694/3398/2155 2347/3382/2139 2685/3379/2136
f 2693/3397/2154 3102/3396/2153 2685/3379/2136 2346/3378/2135
f 2314/3260/2029 2700/3399/2156 3103/3400/2157 2633/3261/2030
f 2700/3399/2156 2338/3344/2104 2668/3347/2107 3103/3400/2157
f 3103/3400/2157 2668/3347/2107 2337/3338/2100 2701/3401/2158
f 2633/3261/2030 3103/3400/2157 2701/3401/2158 2315/3262/2031
f 2319/3277/2043 2702/3402/2159 3104/3403/2160 2642/3280/2046
f 2702/3402/2159 2336/3337/2099 2672/3352/2112 3104/3403/2160
f 3104/3403/2160 2672/3352/2112 2339/3354/2114 2703/3404/2161
f 2642/3280/2046 3104/3403/2160 2703/3404/2161 2321/3281/2047
f 2317/3275/2037 2704/3405/2162 3105/3406/2163 2639/3276/2042
f 2704/3405/2162 2335/3332/2094 2663/3335/2097 3105/3406/2163
f 3105/3406/2163 2663/3335/2097 2336/3337/2099 2702/3402/2159
f 2639/3276/2042 3105/3406/2163 2702/3402/2159 2319/3277/2043
f 2315/3262/2031 2701/3401/2158 3106/3407/2164 2636/3267/2036
f 2701/3401/2158 2337/3338/2100 2666/3341/2103 3106/3407/2164
f 3106/3407/2164 2666/3341/2103 2335/3343/2094 2704/3408/2162
f 2636/3267/2036 3106/3407/2164 2704/3408/2162 2317/3268/2037
f 2703/3404/2161 2339/3354/2114 2674/3356/2116 3107/3409/2165
f 3108/3410/2166 2676/3359/2119 2338/3344/2104 2700/3399/2156
f 2646/3290/2056 3108/3410/2166 2700/3399/2156 2314/3260/2029
f 2324/3300/2065 2705/3411/2167 3109/3412/2168 2649/3301/2066
f 2705/3411/2167 2346/3378/2135 2684/3381/2138 3109/3412/2168
f 3109/3412/2168 2684/3381/2138 2344/3369/2129 2706/3413/2169
f 2649/3301/2066 3109/3412/2168 2706/3413/2169 2325/3302/2067
f 2329/3317/2079 2707/3414/2170 3110/3415/2171 2658/3322/2084
f 2707/3414/2170 2343/3368/2128 2687/3385/2142 3110/3415/2171
f 3110/3415/2171 2687/3385/2142 2349/3389/2146 2708/3416/2172
f 2658/3322/2084 3110/3415/2171 2708/3416/2172 2331/3323/2085
f 2327/3315/2073 2709/3417/2173 3111/3418/2174 2655/3316/2078
f 2709/3417/2173 2340/3360/2120 2677/3363/2123 3111/3418/2174
f 3111/3418/2174 2677/3363/2123 2343/3368/2128 2707/3414/2170
f 2655/3316/2078 3111/3418/2174 2707/3414/2170 2329/3317/2079
f 2325/3302/2067 2706/3413/2169 3112/3419/2175 2652/3307/2072
f 2706/3413/2169 2344/3369/2129 2681/3372/2132 3112/3419/2175
f 3112/3419/2175 2681/3372/2132 2340/3377/2120 2709/3420/2173
f 2652/3307/2072 3112/3419/2175 2709/3420/2173 2327/3308/2073
f 2331/3323/2085 2708/3416/2172 3113/3421/2176 2661/3328/2090
f 2708/3416/2172 2349/3389/2146 2690/3391/2148 3113/3421/2176
f 3113/3421/2176 2690/3391/2148 2351/3395/2152 2710/3422/2177
f 2661/3328/2090 3113/3421/2176 2710/3422/2177 2333/3329/2091
f 2333/3329/2091 2710/3422/2177 3114/3423/2178 2671/3350/2110
f 2710/3422/2177 2351/3395/2152 2693/3397/2154 3114/3423/2178
f 3114/3423/2178 2693/3397/2154 2346/3378/2135 2705/3411/2167
f 2671/3350/2110 3114/3423/2178 2705/3411/2167 2324/3300/2065
f 2356/3424/2179 2716/3425/2180 3115/3426/2181 2715/3427/2182
f 2357/3428/2183 2718/3429/2184 3116/3430/2185 2717/3431/2186
f 2717/3431/2186 3116/3430/2185 2716/3425/2180 2356/3424/2179
f 3117/3432/2187 2721/3433/2188 2355/3434/2189 2714/3435/2190
f 2720/3436/2191 3117/3432/2187 2714/3435/2190 2354/3437/2192
f 3118/3438/2193 2720/3436/2194 2354/3437/2192 2719/3439/2195
f 2722/3440/2196 3118/3438/2193 2719/3439/2195 2358/3441/2197
f 2359/3442/2198 2724/3443/2199 3119/3444/2200 2723/3445/2201
f 3120/3446/2202 2726/3447/2203 2361/3448/2204 2727/3449/2205
f 2725/3450/2206 3120/3446/2202 2727/3449/2205 2362/3451/2207
f 2362/3452/2207 2727/3453/2205 3121/3454/2208 2728/3455/2209
f 2727/3453/2205 2361/3456/2204 2729/3457/2210 3121/3454/2208
f 2730/3458/2211 2359/3442/2198 2723/3445/2201 3122/3459/2212
f 3123/3460/2213 2732/3461/2214 2360/3462/2215 2724/3443/2199
f 2731/3463/2216 3123/3460/2213 2724/3443/2199 2359/3442/2198
f 3124/3464/2217 2731/3463/2218 2359/3442/2198 2730/3458/2211
f 2733/3465/2219 3124/3464/2217 2730/3458/2211 2363/3466/2220
f 2366/3467/2221 2734/3468/2222 3125/3469/2223 2735/3470/2224
f 2734/3468/2222 2365/3471/2225 2736/3472/2226 3125/3469/2223
f 3125/3469/2223 2736/3472/2226 2367/3473/2227 2737/3474/2228
f 2735/3470/2224 3125/3469/2223 2737/3474/2228 2368/3475/2229
f 2739/3476/2230 2366/3467/2221 2735/3470/2224 3126/3477/2231
f 3126/3477/2231 2735/3470/2224 2368/3475/2229 2742/3478/2232
f 2371/3479/2233 2745/3480/2234 3127/3481/2235 2744/3482/2236
f 2745/3480/2234 2372/3483/2237 2746/3484/2238 3127/3481/2235
f 3127/3481/2235 2746/3484/2238 2373/3485/2239 2747/3486/2240
f 2744/3482/2236 3127/3481/2235 2747/3486/2240 2374/3487/2241
f 2374/3487/2241 2747/3486/2240 3128/3488/2242 2748/3489/2243
f 2747/3486/2240 2373/3485/2239 2749/3490/2244 3128/3488/2242
f 3128/3488/2242 2749/3490/2244 2375/3491/2245 2750/3492/2246
f 2748/3489/2243 3128/3488/2242 2750/3492/2246 2376/3493/2247
f 2376/3493/2247 2750/3492/2246 3129/3494/2248 2751/3495/2249
f 2750/3492/2246 2375/3491/2245 2752/3496/2250 3129/3494/2248
f 3129/3494/2248 2752/3496/2250 2377/3497/2251 2753/3498/2252
f 2751/3495/2249 3129/3494/2248 2753/3498/2252 2378/3499/2253
f 2378/3500/2253 2753/3501/2252 3130/3502/2254 2754/3503/2255
f 2753/3501/2252 2377/3504/2251 2755/3505/2256 3130/3502/2254
f 3130/3502/2254 2755/3505/2256 2379/3506/2257 2756/3507/2258
f 2754/3503/2255 3130/3502/2254 2756/3507/2258 2380/3508/2259
f 2380/3508/2259 2756/3507/2258 3131/3509/2260 2757/3510/2261
f 2756/3507/2258 2379/3506/2257 2758/3511/2262 3131/3509/2260
f 3131/3509/2260 2758/3511/2262 2381/3512/2263 2759/3513/2264
f 2757/3510/2261 3131/3509/2260 2759/3513/2264 2382/3514/2265
f 2383/3515/2266 2761/3516/2267 3132/3517/2268 2760/3518/2269
f 2761/3516/2267 2376/3493/2247 2751/3495/2249 3132/3517/2268
f 3132/3517/2268 2751/3495/2249 2378/3499/2253 2762/3519/2270
f 2760/3518/2269 3132/3517/2268 2762/3519/2270 2384/3520/2271
f 2385/3521/2272 2764/3522/2273 3133/3523/2274 2763/3524/2275
f 2764/3522/2273 2374/3487/2241 2748/3489/2243 3133/3523/2274
f 3133/3523/2274 2748/3489/2243 2376/3493/2247 2761/3516/2267
f 2763/3524/2275 3133/3523/2274 2761/3516/2267 2383/3515/2266
f 2386/3525/2276 2766/3526/2277 3134/3527/2278 2765/3528/2279
f 2766/3526/2277 2371/3479/2233 2744/3482/2236 3134/3527/2278
f 3134/3527/2278 2744/3482/2236 2374/3487/2241 2764/3522/2273
f 2765/3528/2279 3134/3527/2278 2764/3522/2273 2385/3521/2272
f 2382/3514/2265 2759/3513/2264 3135/3529/2280 2767/3530/2281
f 2759/3513/2264 2381/3512/2263 2768/3531/2282 3135/3529/2280
f 3135/3529/2280 2768/3531/2282 2372/3483/2237 2745/3480/2234
f 2767/3530/2281 3135/3529/2280 2745/3480/2234 2371/3479/2233
f 2384/3532/2271 2762/3533/2270 3136/3534/2283 2769/3535/2284
f 2762/3533/2270 2378/3500/2253 2754/3503/2255 3136/3534/2283
f 3136/3534/2283 2754/3503/2255 2380/3508/2259 2770/3536/2285
f 2769/3535/2284 3136/3534/2283 2770/3536/2285 2387/3537/2286
f 2387/3537/2286 2770/3536/2285 3137/3538/2287 2771/3539/2288
f 2770/3536/2285 2380/3508/2259 2757/3510/2261 3137/3538/2287
f 3137/3538/2287 2757/3510/2261 2382/3514/2265 2772/3540/2289
f 2771/3539/2288 3137/3538/2287 2772/3540/2289 2388/3541/2290
f 2388/3541/2290 2772/3540/2289 3138/3542/2291 2773/3543/2292
f 2772/3540/2289 2382/3514/2265 2767/3530/2281 3138/3542/2291
f 3138/3542/2291 2767/3530/2281 2371/3479/2233 2766/3526/2277
f 2773/3543/2292 3138/3542/2291 2766/3526/2277 2386/3525/2276
f 2353/3544/2293 2776/3545/2294 3139/3546/2295 2712/3547/2296
f 2776/3545/2294 2356/3424/2179 2715/3427/2182 3139/3546/2295
f 2775/3548/2297 2357/3428/2183 2717/3431/2186 3140/3549/2298
f 3140/3549/2298 2717/3431/2186 2356/3424/2179 2776/3545/2294
f 2711/3550/2299 3140/3549/2298 2776/3545/2294 2353/3544/2293
f 3141/3551/2300 2722/3440/2301 2358/3441/2197 2774/3552/2302
f 2713/3553/2303 3141/3551/2300 2774/3552/2302 2352/3554/2304
f 3142/3555/2305 2733/3465/2219 2363/3466/2220 2777/3556/2306
f 2721/3433/2188 3142/3555/2305 2777/3556/2306 2355/3434/2189
f 2361/3456/2204 2779/3557/2307 3144/3558/2308 2729/3457/2210
f 2779/3557/2307 2369/3559/2309 2741/3560/2310 3144/3558/2308
f 3145/3561/2311 2738/3562/2312 2369/3563/2309 2779/3564/2307
f 2726/3447/2203 3145/3561/2311 2779/3564/2307 2361/3448/2204
f 3146/3565/2313 2743/3566/2314 2370/3567/2315 2778/3568/2316
f 2732/3461/2317 3146/3565/2313 2778/3568/2316 2360/3462/2318
f 2365/3471/2225 2780/3569/2319 3147/3570/2320 2736/3472/2226
f 2736/3472/2226 3147/3570/2320 2781/3571/2321 2367/3473/2227
f 2389/3572/2322 2783/3573/2323 3148/3574/2324 2782/3575/2325
f 2783/3573/2323 2390/3576/2326 2784/3577/2327 3148/3574/2324
f 3148/3574/2324 2784/3577/2327 2391/3578/2328 2785/3579/2329
f 2782/3575/2325 3148/3574/2324 2785/3579/2329 2392/3580/2330
f 2393/3581/2331 2787/3582/2332 3149/3583/2333 2786/3584/2334
f 2787/3582/2332 2394/3089/1871 2788/3585/2335 3149/3583/2333
f 3149/3583/2333 2788/3585/2335 2395/3586/2336 2789/3587/2337
f 2786/3584/2334 3149/3583/2333 2789/3587/2337 2396/3588/2338
f 2398/3589/2339 2794/3590/2340 3150/3591/2341 2793/3592/2342
f 2794/3590/2340 2397/3081/1863 2790/3084/1866 3150/3591/2341
f 3150/3591/2341 2790/3084/1866 2394/3089/1871 2787/3582/2332
f 2793/3592/2342 3150/3591/2341 2787/3582/2332 2393/3581/2331
f 2392/3580/2330 2785/3579/2329 3151/3593/2343 2797/3594/2344
f 2785/3579/2329 2391/3578/2328 2795/3595/2345 3151/3593/2343
f 3151/3593/2343 2795/3595/2345 2397/3596/1863 2794/3597/2340
f 2797/3594/2344 3151/3593/2343 2794/3597/2340 2398/3598/2339
f 2396/3588/2338 2789/3587/2337 3152/3599/2346 2799/3600/2347
f 2789/3587/2337 2395/3586/2336 2800/3601/2348 3152/3599/2346
f 3152/3599/2346 2800/3601/2348 2399/3602/2349 2801/3603/2350
f 2799/3600/2347 3152/3599/2346 2801/3603/2350 2400/3604/2351
f 2400/3604/2351 2801/3603/2350 3153/3605/2352 2802/3606/2353
f 2801/3603/2350 2399/3602/2349 2803/3607/2354 3153/3605/2352
f 3153/3605/2352 2803/3607/2354 2390/3576/2326 2783/3573/2323
f 2802/3606/2353 3153/3605/2352 2783/3573/2323 2389/3572/2322
f 2401/3608/2355 2805/3609/2356 3154/3610/2357 2804/3611/2358
f 2805/3609/2356 2402/3612/2359 2806/3613/2360 3154/3610/2357
f 3154/3610/2357 2806/3613/2360 2403/3614/2361 2807/3615/2362
f 2804/3611/2358 3154/3610/2357 2807/3615/2362 2404/3616/2363
f 2404/3616/2363 2807/3615/2362 3155/3617/2364 2808/3618/2365
f 2807/3615/2362 2403/3614/2361 2809/3619/2366 3155/3617/2364
f 3155/3617/2364 2809/3619/2366 2405/3620/2367 2810/3621/2368
f 2808/3618/2365 3155/3617/2364 2810/3621/2368 2406/3622/1867
f 2406/3085/1867 2810/3623/2368 3156/3624/2369 2811/3086/1868
f 2810/3623/2368 2405/3625/2367 2812/3626/2370 3156/3624/2369
f 3156/3624/2369 2812/3626/2370 2407/3627/2371 2813/3628/2372
f 2811/3086/1868 3156/3624/2369 2813/3628/2372 2408/3087/1869
f 2408/3087/1869 2813/3628/2372 3157/3629/2373 2814/3630/2374
f 2813/3628/2372 2407/3627/2371 2815/3631/2375 3157/3629/2373
f 3157/3629/2373 2815/3631/2375 2409/3632/2376 2816/3633/2377
f 2814/3630/2374 3157/3629/2373 2816/3633/2377 2410/3634/2378
f 2796/3635/2379 2404/3616/2363 2808/3618/2365 3158/3636/2380
f 3158/3636/2380 2808/3618/2365 2406/3622/1867 2791/3637/1864
f 2798/3638/2381 2401/3608/2355 2804/3611/2358 3159/3639/2382
f 3159/3639/2382 2804/3611/2358 2404/3616/2363 2796/3635/2379
f 2792/3088/1870 2408/3087/1869 2814/3630/2374 3160/3640/2383
f 2411/3641/2384 2818/3642/2385 3161/3643/2386 2817/3644/2387
f 2818/3642/2385 2412/3645/2388 2819/3646/2389 3161/3643/2386
f 3161/3643/2386 2819/3646/2389 2413/3647/2390 2820/3648/2391
f 2817/3644/2387 3161/3643/2386 2820/3648/2391 2414/3649/2392
f 2414/3649/2392 2820/3648/2391 3162/3650/2393 2821/3651/2394
f 2820/3648/2391 2413/3647/2390 2822/3652/2395 3162/3650/2393
f 3162/3650/2393 2822/3652/2395 2415/3653/2396 2823/3654/2397
f 2821/3651/2394 3162/3650/2393 2823/3654/2397 2416/3655/2398
f 2416/3656/2398 2823/3657/2397 3163/3658/2399 2824/3659/2400
f 2823/3657/2397 2415/3660/2396 2825/3661/2401 3163/3658/2399
f 3163/3658/2399 2825/3661/2401 2417/3662/2402 2826/3663/2403
f 2824/3659/2400 3163/3658/2399 2826/3663/2403 2418/3664/2404
f 2418/3664/2404 2826/3663/2403 3164/3665/2405 2827/3666/2406
f 2826/3663/2403 2417/3662/2402 2828/3667/2407 3164/3665/2405
f 3164/3665/2405 2828/3667/2407 2419/3668/2408 2829/3669/2409
f 2827/3666/2406 3164/3665/2405 2829/3669/2409 2420/3670/2410
f 2420/3670/2410 2829/3669/2409 3165/3671/2411 2830/3672/2412
f 2829/3669/2409 2419/3668/2408 2831/3673/2413 3165/3671/2411
f 3165/3671/2411 2831/3673/2413 2421/3674/2414 2832/3675/2415
f 2422/3676/2416 2834/3677/2417 3166/3678/2418 2833/3679/2419
f 2834/3677/2417 2416/3656/2398 2824/3659/2400 3166/3678/2418
f 3166/3678/2418 2824/3659/2400 2418/3664/2404 2835/3680/2420
f 2833/3679/2419 3166/3678/2418 2835/3680/2420 2423/3681/2421
f 2424/3682/2422 2837/3683/2423 3167/3684/2424 2836/3685/2425
f 2837/3683/2423 2414/3649/2392 2821/3651/2394 3167/3684/2424
f 3167/3684/2424 2821/3651/2394 2416/3655/2398 2834/3686/2417
f 2836/3685/2425 3167/3684/2424 2834/3686/2417 2422/3687/2416
f 2425/3688/2426 2839/3689/2427 3168/3690/2428 2838/3691/2429
f 2839/3689/2427 2411/3641/2384 2817/3644/2387 3168/3690/2428
f 3168/3690/2428 2817/3644/2387 2414/3649/2392 2837/3683/2423
f 2838/3691/2429 3168/3690/2428 2837/3683/2423 2424/3682/2422
f 2832/3675/2415 2421/3674/2414 2841/3692/2430 3169/3693/2431
f 3169/3693/2431 2841/3692/2430 2412/3645/2388 2818/3642/2385
f 2840/3694/2432 3169/3693/2431 2818/3642/2385 2411/3641/2384
f 2423/3681/2421 2835/3680/2420 3170/3695/2433 2842/3696/2434
f 2835/3680/2420 2418/3664/2404 2827/3666/2406 3170/3695/2433
f 3170/3695/2433 2827/3666/2406 2420/3670/2410 2843/3697/2435
f 2842/3696/2434 3170/3695/2433 2843/3697/2435 2426/3698/2436
f 2426/3698/2436 2843/3697/2435 3171/3699/2437 2844/3700/2438
f 2843/3697/2435 2420/3670/2410 2830/3672/2412 3171/3699/2437
f 3172/3701/2439 2840/3694/2432 2411/3641/2384 2839/3689/2427
f 2427/3702/2440 2846/3703/2441 3173/3704/2442 2845/3705/2443
f 2846/3703/2441 2428/3706/2444 2847/3707/2445 3173/3704/2442
f 3173/3704/2442 2847/3707/2445 2429/3708/2446 2848/3709/2447
f 2845/3705/2443 3173/3704/2442 2848/3709/2447 2430/3710/2448
f 2431/3711/2449 2850/3712/2450 3174/3713/2451 2849/3714/2452
f 2850/3712/2450 2432/3715/2453 2851/3716/2454 3174/3713/2451
f 3174/3713/2451 2851/3716/2454 2428/3717/2444 2846/3718/2441
f 2849/3714/2452 3174/3713/2451 2846/3718/2441 2427/3719/2440
f 2433/3720/2455 2853/3721/2456 3175/3722/2457 2852/3723/2458
f 2853/3721/2456 2434/3724/2459 2854/3725/2460 3175/3722/2457
f 3175/3722/2457 2854/3725/2460 2432/3715/2453 2850/3712/2450
f 2852/3723/2458 3175/3722/2457 2850/3712/2450 2431/3711/2449
f 2430/3710/2448 2848/3709/2447 3176/3726/2461 2855/3727/2462
f 2848/3709/2447 2429/3708/2446 2856/3728/2463 3176/3726/2461
f 3176/3726/2461 2856/3728/2463 2435/3729/2464 2857/3730/2465
f 2855/3727/2462 3176/3726/2461 2857/3730/2465 2436/3731/2466
f 2436/3731/2466 2857/3730/2465 3177/3732/2467 2858/3733/2468
f 2857/3730/2465 2435/3729/2464 2859/3734/2469 3177/3732/2467
f 3177/3732/2467 2859/3734/2469 2437/3735/2470 2860/3736/2471
f 2858/3733/2468 3177/3732/2467 2860/3736/2471 2438/3737/2472
f 2438/3737/2472 2860/3736/2471 3178/3738/2473 2861/3739/2474
f 2860/3736/2471 2437/3735/2470 2862/3740/2475 3178/3738/2473
f 3178/3738/2473 2862/3740/2475 2434/3724/2459 2853/3721/2456
f 2861/3739/2474 3178/3738/2473 2853/3721/2456 2433/3720/2455
f 2531/3741/1860 2268/3061/1845 2551/3064/1847 3179/3742/2476
f 3179/3742/2476 2551/3064/1847 2270/3069/1851 2532/3743/2477
f 2402/3612/2359 2863/3744/2478 3180/3745/2479 2806/3613/2360
f 2863/3744/2478 2425/3688/2426 2838/3691/2429 3180/3745/2479
f 3180/3745/2479 2838/3691/2429 2424/3682/2422 2864/3746/2480
f 2806/3613/2360 3180/3745/2479 2864/3746/2480 2403/3614/2361
f 2407/3627/2371 2865/3747/2481 3181/3748/2482 2815/3631/2375
f 2865/3747/2481 2423/3681/2421 2842/3696/2434 3181/3748/2482
f 3181/3748/2482 2842/3696/2434 2426/3698/2436 2866/3749/2483
f 2815/3631/2375 3181/3748/2482 2866/3749/2483 2409/3632/2376
f 2405/3625/2367 2867/3750/2484 3182/3751/2485 2812/3626/2370
f 2867/3750/2484 2422/3676/2416 2833/3679/2419 3182/3751/2485
f 3182/3751/2485 2833/3679/2419 2423/3681/2421 2865/3747/2481
f 2812/3626/2370 3182/3751/2485 2865/3747/2481 2407/3627/2371
f 2403/3614/2361 2864/3746/2480 3183/3752/2486 2809/3619/2366
f 2864/3746/2480 2424/3682/2422 2836/3685/2425 3183/3752/2486
f 3183/3752/2486 2836/3685/2425 2422/3687/2416 2867/3753/2484
f 2809/3619/2366 3183/3752/2486 2867/3753/2484 2405/3620/2367
f 2412/3645/2388 2868/3754/2487 3184/3755/2488 2819/3646/2389
f 2868/3754/2487 2433/3720/2455 2852/3723/2458 3184/3755/2488
f 3184/3755/2488 2852/3723/2458 2431/3711/2449 2869/3756/2489
f 2819/3646/2389 3184/3755/2488 2869/3756/2489 2413/3647/2390
f 2417/3662/2402 2870/3757/2490 3185/3758/2491 2828/3667/2407
f 2870/3757/2490 2430/3710/2448 2855/3727/2462 3185/3758/2491
f 3185/3758/2491 2855/3727/2462 2436/3731/2466 2871/3759/2492
f 2828/3667/2407 3185/3758/2491 2871/3759/2492 2419/3668/2408
f 2415/3660/2396 2872/3760/2493 3186/3761/2494 2825/3661/2401
f 2872/3760/2493 2427/3702/2440 2845/3705/2443 3186/3761/2494
f 3186/3761/2494 2845/3705/2443 2430/3710/2448 2870/3757/2490
f 2825/3661/2401 3186/3761/2494 2870/3757/2490 2417/3662/2402
f 2413/3647/2390 2869/3756/2489 3187/3762/2495 2822/3652/2395
f 2869/3756/2489 2431/3711/2449 2849/3714/2452 3187/3762/2495
f 3187/3762/2495 2849/3714/2452 2427/3719/2440 2872/3763/2493
f 2822/3652/2395 3187/3762/2495 2872/3763/2493 2415/3653/2396
f 2419/3668/2408 2871/3759/2492 3188/3764/2496 2831/3673/2413
f 2871/3759/2492 2436/3731/2466 2858/3733/2468 3188/3764/2496
f 3188/3764/2496 2858/3733/2468 2438/3737/2472 2873/3765/2497
f 2831/3673/2413 3188/3764/2496 2873/3765/2497 2421/3674/2414
f 2421/3674/2414 2873/3765/2497 3189/3766/2498 2841/3692/2430
f 2873/3765/2497 2438/3737/2472 2861/3739/2474 3189/3766/2498
f 3189/3766/2498 2861/3739/2474 2433/3720/2455 2868/3754/2487
f 2841/3692/2430 3189/3766/2498 2868/3754/2487 2412/3645/2388
f 2439/3767/2499 2875/3768/2500 3190/3769/2501 2874/3770/2502
f 2875/3768/2500 2440/3771/2503 2876/3772/2504 3190/3769/2501
f 3190/3769/2501 2876/3772/2504 2441/3773/2505 2877/3774/2506
f 2874/3770/2502 3190/3769/2501 2877/3774/2506 2442/3775/2507
f 2443/3776/2508 2879/3777/2509 3191/3778/2510 2878/3779/2511
f 2879/3777/2509 2444/3780/2512 2880/3781/2513 3191/3778/2510
f 3191/3778/2510 2880/3781/2513 2445/3782/2514 2881/3783/2515
f 2878/3779/2511 3191/3778/2510 2881/3783/2515 2446/3784/2516
f 2448/3785/2517 2884/3786/2518 3192/3787/2519 2883/3788/2520
f 2884/3786/2518 2447/3789/2521 2882/3790/2522 3192/3787/2519
f 3192/3787/2519 2882/3790/2522 2444/3780/2512 2879/3777/2509
f 2883/3788/2520 3192/3787/2519 2879/3777/2509 2443/3776/2508
f 2442/3775/2507 2877/3774/2506 3193/3791/2523 2886/3792/2524
f 2877/3774/2506 2441/3773/2505 2885/3793/2525 3193/3791/2523
f 3193/3791/2523 2885/3793/2525 2447/3794/2521 2884/3795/2518
f 2886/3792/2524 3193/3791/2523 2884/3795/2518 2448/3796/2517
f 2446/3784/2516 2881/3783/2515 3194/3797/2526 2887/3798/2527
f 2881/3783/2515 2445/3782/2514 2888/3799/2528 3194/3797/2526
f 3194/3797/2526 2888/3799/2528 2449/3800/2529 2889/3801/2530
f 2887/3798/2527 3194/3797/2526 2889/3801/2530 2450/3802/2531
f 2450/3802/2531 2889/3801/2530 3195/3803/2532 2890/3804/2533
f 2889/3801/2530 2449/3800/2529 2891/3805/2534 3195/3803/2532
f 3195/3803/2532 2891/3805/2534 2440/3771/2503 2875/3768/2500
f 2890/3804/2533 3195/3803/2532 2875/3768/2500 2439/3767/2499
f 2491/3806/2535 2956/3807/2536 3196/3808/2537 2980/3809/2538
f 2956/3807/2536 2454/3810/2539 2896/3811/2540 3196/3808/2537
f 3196/3808/2537 2896/3811/2540 2456/3812/2541 2959/3813/2542
f 2980/3809/2538 3196/3808/2537 2959/3813/2542 2494/3814/2543
f 2441/3773/2505 2972/3815/2544 3197/3816/2545 2885/3793/2525
f 3197/3816/2545 2980/3809/2538 2494/3814/2543 2975/3817/2546
f 2885/3793/2525 3197/3816/2545 2975/3817/2546 2447/3794/2521
f 3198/3818/2547 2976/3819/2548 2449/3800/2529 2888/3799/2528
f 2974/3820/2549 3198/3818/2547 2888/3799/2528 2445/3782/2514
f 2320/3246/2015 2696/3244/2013 3199/3821/2550 2638/3274/2041
f 2696/3244/2013 2306/3225/1997 2621/3235/2007 3199/3821/2550
f 3199/3821/2550 2621/3235/2007 2309/3234/2006 2698/3822/2050
f 2638/3274/2041 3199/3821/2550 2698/3822/2050 2318/3271/2039
f 2451/3823/2551 2893/3824/2552 3200/3825/2553 2892/3826/2554
f 2893/3824/2552 2452/3827/2555 2894/3828/2556 3200/3825/2553
f 3200/3825/2553 2894/3828/2556 2453/3829/2557 2895/3830/2558
f 2892/3826/2554 3200/3825/2553 2895/3830/2558 2454/3810/2539
f 2454/3810/2539 2895/3830/2558 3201/3831/2559 2896/3811/2540
f 2895/3830/2558 2453/3829/2557 2897/3832/2560 3201/3831/2559
f 3201/3831/2559 2897/3832/2560 2455/3833/2561 2898/3834/2562
f 2896/3811/2540 3201/3831/2559 2898/3834/2562 2456/3812/2541
f 2456/3835/2541 2898/3836/2562 3202/3837/2563 2899/3838/2564
f 2898/3836/2562 2455/3839/2561 2900/3840/2565 3202/3837/2563
f 3202/3837/2563 2900/3840/2565 2457/3841/2566 2901/3842/2567
f 2899/3838/2564 3202/3837/2563 2901/3842/2567 2458/3843/2568
f 2458/3843/2568 2901/3842/2567 3203/3844/2569 2902/3845/2570
f 2901/3842/2567 2457/3841/2566 2903/3846/2571 3203/3844/2569
f 3203/3844/2569 2903/3846/2571 2459/3847/2572 2904/3848/2573
f 2902/3845/2570 3203/3844/2569 2904/3848/2573 2460/3849/2574
f 2904/3848/2573 2459/3847/2572 2905/3850/2575 3204/3851/2576
f 2490/3852/2577 2955/3853/2578 3205/3854/2579 2979/3855/2580
f 2955/3853/2578 2451/3823/2551 2892/3826/2554 3205/3854/2579
f 3205/3854/2579 2892/3826/2554 2454/3810/2539 2956/3807/2536
f 2979/3855/2580 3205/3854/2579 2956/3807/2536 2491/3806/2535
f 2440/3771/2503 2971/3856/2581 3206/3857/2582 2876/3772/2504
f 2876/3772/2504 3206/3857/2582 2972/3815/2544 2441/3773/2505
f 2461/3858/2583 2908/3859/2584 3207/3860/2585 2907/3861/2586
f 2908/3859/2584 2462/3862/2587 2909/3863/2588 3207/3860/2585
f 3207/3860/2585 2909/3863/2588 2463/3864/2589 2910/3865/2590
f 2907/3861/2586 3207/3860/2585 2910/3865/2590 2464/3866/2591
f 2464/3866/2591 2910/3865/2590 3208/3867/2592 2911/3868/2593
f 2910/3865/2590 2463/3864/2589 2912/3869/2594 3208/3867/2592
f 3208/3867/2592 2912/3869/2594 2465/3870/2595 2913/3871/2596
f 2911/3868/2593 3208/3867/2592 2913/3871/2596 2466/3872/2597
f 2466/3873/2597 2913/3874/2596 3209/3875/2598 2914/3876/2599
f 2913/3874/2596 2465/3877/2595 2915/3878/2600 3209/3875/2598
f 3209/3875/2598 2915/3878/2600 2467/3879/2601 2916/3880/2602
f 2914/3876/2599 3209/3875/2598 2916/3880/2602 2468/3881/2603
f 2468/3881/2603 2916/3880/2602 3210/3882/2604 2917/3883/2605
f 2916/3880/2602 2467/3879/2601 2918/3884/2606 3210/3882/2604
f 3210/3882/2604 2918/3884/2606 2469/3885/2607 2919/3886/2608
f 2917/3883/2605 3210/3882/2604 2919/3886/2608 2470/3887/2609
f 2470/3887/2609 2919/3886/2608 3211/3888/2610 2920/3889/2611
f 2919/3886/2608 2469/3885/2607 2921/3890/2612 3211/3888/2610
f 3211/3888/2610 2921/3890/2612 2471/3891/2613 2922/3892/2614
f 2920/3889/2611 3211/3888/2610 2922/3892/2614 2472/3893/2615
f 2473/3894/2616 2924/3895/2617 3212/3896/2618 2923/3897/2619
f 2924/3895/2617 2466/3873/2597 2914/3876/2599 3212/3896/2618
f 3212/3896/2618 2914/3876/2599 2468/3881/2603 2925/3898/2620
f 2923/3897/2619 3212/3896/2618 2925/3898/2620 2474/3899/2621
f 2475/3900/2622 2927/3901/2623 3213/3902/2624 2926/3903/2625
f 2927/3901/2623 2464/3866/2591 2911/3868/2593 3213/3902/2624
f 3213/3902/2624 2911/3868/2593 2466/3872/2597 2924/3904/2617
f 2926/3903/2625 3213/3902/2624 2924/3904/2617 2473/3905/2616
f 2476/3906/2626 2929/3907/2627 3214/3908/2628 2928/3909/2629
f 2929/3907/2627 2461/3858/2583 2907/3861/2586 3214/3908/2628
f 3214/3908/2628 2907/3861/2586 2464/3866/2591 2927/3901/2623
f 2928/3909/2629 3214/3908/2628 2927/3901/2623 2475/3900/2622
f 2472/3893/2615 2922/3892/2614 3215/3910/2630 2930/3911/2631
f 2922/3892/2614 2471/3891/2613 2931/3912/2632 3215/3910/2630
f 3215/3910/2630 2931/3912/2632 2462/3862/2587 2908/3859/2584
f 2930/3911/2631 3215/3910/2630 2908/3859/2584 2461/3858/2583
f 2474/3899/2621 2925/3898/2620 3216/3913/2633 2932/3914/2634
f 2925/3898/2620 2468/3881/2603 2917/3883/2605 3216/3913/2633
f 3216/3913/2633 2917/3883/2605 2470/3887/2609 2933/3915/2635
f 2932/3914/2634 3216/3913/2633 2933/3915/2635 2477/3916/2636
f 2477/3916/2636 2933/3915/2635 3217/3917/2637 2934/3918/2638
f 2933/3915/2635 2470/3887/2609 2920/3889/2611 3217/3917/2637
f 3217/3917/2637 2920/3889/2611 2472/3893/2615 2935/3919/2639
f 2935/3919/2639 2472/3893/2615 2930/3911/2631 3218/3920/2640
f 3218/3920/2640 2930/3911/2631 2461/3858/2583 2929/3907/2627
f 2936/3921/2641 3218/3920/2640 2929/3907/2627 2476/3906/2626
f 2478/3922/2642 2938/3923/2643 3219/3924/2644 2937/3925/2645
f 2938/3923/2643 2479/3926/2646 2939/3927/2647 3219/3924/2644
f 3219/3924/2644 2939/3927/2647 2480/3928/2648 2940/3929/2649
f 2937/3925/2645 3219/3924/2644 2940/3929/2649 2481/3930/2650
f 2482/3931/2651 2942/3932/2652 3220/3933/2653 2941/3934/2654
f 2942/3932/2652 2483/3935/2655 2943/3936/2656 3220/3933/2653
f 3220/3933/2653 2943/3936/2656 2479/3937/2646 2938/3938/2643
f 2941/3934/2654 3220/3933/2653 2938/3938/2643 2478/3939/2642
f 2484/3940/2657 2945/3941/2658 3221/3942/2659 2944/3943/2660
f 2945/3941/2658 2485/3944/2661 2946/3945/2662 3221/3942/2659
f 3221/3942/2659 2946/3945/2662 2483/3935/2655 2942/3932/2652
f 2944/3943/2660 3221/3942/2659 2942/3932/2652 2482/3931/2651
f 2481/3930/2650 2940/3929/2649 3222/3946/2663 2947/3947/2664
f 2940/3929/2649 2480/3928/2648 2948/3948/2665 3222/3946/2663
f 3222/3946/2663 2948/3948/2665 2486/3949/2666 2949/3950/2667
f 2947/3947/2664 3222/3946/2663 2949/3950/2667 2487/3951/2668
f 2487/3951/2668 2949/3950/2667 3223/3952/2669 2950/3953/2670
f 2949/3950/2667 2486/3949/2666 2951/3954/2671 3223/3952/2669
f 3223/3952/2669 2951/3954/2671 2488/3955/2672 2952/3956/2673
f 2950/3953/2670 3223/3952/2669 2952/3956/2673 2489/3957/2674
f 2489/3957/2674 2952/3956/2673 3224/3958/2675 2953/3959/2676
f 2952/3956/2673 2488/3955/2672 2954/3960/2677 3224/3958/2675
f 3224/3958/2675 2954/3960/2677 2485/3944/2661 2945/3941/2658
f 2953/3959/2676 3224/3958/2675 2945/3941/2658 2484/3940/2657
f 2452/3827/2555 2960/3961/2678 3225/3962/2679 2894/3828/2556
f 2960/3961/2678 2476/3906/2626 2928/3909/2629 3225/3962/2679
f 3225/3962/2679 2928/3909/2629 2475/3900/2622 2961/3963/2680
f 2894/3828/2556 3225/3962/2679 2961/3963/2680 2453/3829/2557
f 2457/3841/2566 2962/3964/2681 3226/3965/2682 2903/3846/2571
f 2962/3964/2681 2474/3899/2621 2932/3914/2634 3226/3965/2682
f 3226/3965/2682 2932/3914/2634 2477/3916/2636 2963/3966/2683
f 2903/3846/2571 3226/3965/2682 2963/3966/2683 2459/3847/2572
f 2455/3839/2561 2964/3967/2684 3227/3968/2685 2900/3840/2565
f 2964/3967/2684 2473/3894/2616 2923/3897/2619 3227/3968/2685
f 3227/3968/2685 2923/3897/2619 2474/3899/2621 2962/3964/2681
f 2900/3840/2565 3227/3968/2685 2962/3964/2681 2457/3841/2566
f 2453/3829/2557 2961/3963/2680 3228/3969/2686 2897/3832/2560
f 2961/3963/2680 2475/3900/2622 2926/3903/2625 3228/3969/2686
f 3228/3969/2686 2926/3903/2625 2473/3905/2616 2964/3970/2684
f 2897/3832/2560 3228/3969/2686 2964/3970/2684 2455/3833/2561
f 2459/3847/2572 2963/3966/2683 3229/3971/2687 2905/3850/2575
f 2963/3966/2683 2477/3916/2636 2934/3918/2638 3229/3971/2687
f 3230/3972/2688 2936/3921/2641 2476/3906/2626 2960/3961/2678
f 2906/3973/2689 3230/3972/2688 2960/3961/2678 2452/3827/2555
f 2462/3862/2587 2965/3974/2690 3231/3975/2691 2909/3863/2588
f 2965/3974/2690 2484/3940/2657 2944/3943/2660 3231/3975/2691
f 3231/3975/2691 2944/3943/2660 2482/3931/2651 2966/3976/2692
f 2909/3863/2588 3231/3975/2691 2966/3976/2692 2463/3864/2589
f 2467/3879/2601 2967/3977/2693 3232/3978/2694 2918/3884/2606
f 2967/3977/2693 2481/3930/2650 2947/3947/2664 3232/3978/2694
f 3232/3978/2694 2947/3947/2664 2487/3951/2668 2968/3979/2695
f 2918/3884/2606 3232/3978/2694 2968/3979/2695 2469/3885/2607
f 2465/3877/2595 2969/3980/2696 3233/3981/2697 2915/3878/2600
f 2969/3980/2696 2478/3922/2642 2937/3925/2645 3233/3981/2697
f 3233/3981/2697 2937/3925/2645 2481/3930/2650 2967/3977/2693
f 2915/3878/2600 3233/3981/2697 2967/3977/2693 2467/3879/2601
f 2463/3864/2589 2966/3976/2692 3234/3982/2698 2912/3869/2594
f 2966/3976/2692 2482/3931/2651 2941/3934/2654 3234/3982/2698
f 3234/3982/2698 2941/3934/2654 2478/3939/2642 2969/3983/2696
f 2912/3869/2594 3234/3982/2698 2969/3983/2696 2465/3870/2595
f 2469/3885/2607 2968/3979/2695 3235/3984/2699 2921/3890/2612
f 2968/3979/2695 2487/3951/2668 2950/3953/2670 3235/3984/2699
f 3235/3984/2699 2950/3953/2670 2489/3957/2674 2970/3985/2700
f 2921/3890/2612 3235/3984/2699 2970/3985/2700 2471/3891/2613
f 2471/3891/2613 2970/3985/2700 3236/3986/2701 2931/3912/2632
f 2970/3985/2700 2489/3957/2674 2953/3959/2676 3236/3986/2701
f 3236/3986/2701 2953/3959/2676 2484/3940/2657 2965/3974/2690
f 2931/3912/2632 3236/3986/2701 2965/3974/2690 2462/3862/2587
f 3237/3987/2702 2971/3856/2581 2440/3771/2503 2891/3805/2534
f 2976/3819/2548 3237/3987/2702 2891/3805/2534 2449/3800/2529
f 2494/3988/2543 2977/3989/2703 3238/3990/2704 2975/3991/2546
f 3238/3990/2704 2973/3992/2705 2444/3780/2512 2882/3790/2522
f 2975/3991/2546 3238/3990/2704 2882/3790/2522 2447/3789/2521
f 2456/3835/2541 2899/3838/2564 3239/3993/2706 2959/3994/2542
f 2899/3838/2564 2458/3843/2568 2957/3995/2707 3239/3993/2706
f 3239/3993/2706 2957/3995/2707 2492/3996/2708 2977/3989/2703
f 2959/3994/2542 3239/3993/2706 2977/3989/2703 2494/3988/2543
f 2458/3843/2568 2902/3845/2570 3240/3997/2709 2957/3995/2707
f 2902/3845/2570 2460/3849/2574 2958/3998/2710 3240/3997/2709
f 3240/3997/2709 2958/3998/2710 2493/3999/2711 2978/4000/2712
f 2957/3995/2707 3240/3997/2709 2978/4000/2712 2492/3996/2708
f 3241/4001/2713 2974/3820/2549 2445/3782/2514 2880/3781/2513
f 2973/3992/2705 3241/4001/2713 2880/3781/2513 2444/3780/2512
f 2501/4002/2714 2987/4003/2715 3242/4004/2716 2986/4005/2717
f 2987/4003/2715 2502/4006/2718 2988/4007/2719 3242/4004/2716
f 3242/4004/2716 2988/4007/2719 2503/4008/2720 2989/4009/2721
f 2986/4005/2717 3242/4004/2716 2989/4009/2721 2504/4010/2722
f 2505/4011/2723 2991/4012/2724 3243/4013/2725 2990/4014/2726
f 2991/4012/2724 2506/4015/2727 2992/4016/2728 3243/4013/2725
f 3243/4013/2725 2992/4016/2728 2507/4017/2729 2993/4018/2730
f 2990/4014/2726 3243/4013/2725 2993/4018/2730 2508/4019/2731
f 2509/4020/2732 2995/4021/2733 3244/4022/2734 2994/4023/2735
f 2995/4021/2733 2497/4024/2736 2983/4025/2737 3244/4022/2734
f 3244/4022/2734 2983/4025/2737 2498/4026/2738 2996/4027/2739
f 2994/4023/2735 3244/4022/2734 2996/4027/2739 2506/4028/2727
f 2510/4029/2740 2998/4030/2741 3245/4031/2742 2997/4032/2743
f 2998/4030/2741 2509/4020/2732 2994/4023/2735 3245/4031/2742
f 3245/4031/2742 2994/4023/2735 2506/4028/2727 2991/4033/2724
f 2997/4032/2743 3245/4031/2742 2991/4033/2724 2505/4034/2723
f 2503/4008/2720 3000/4035/2744 3246/4036/2745 2999/4037/2746
f 3000/4035/2744 2496/4038/2747 2982/4039/2748 3246/4036/2745
f 3246/4036/2745 2982/4039/2748 2497/4024/2736 2995/4021/2733
f 2999/4037/2746 3246/4036/2745 2995/4021/2733 2509/4020/2732
f 2504/4010/2722 2989/4009/2721 3247/4040/2749 3001/4041/2750
f 2989/4009/2721 2503/4008/2720 2999/4037/2746 3247/4040/2749
f 3247/4040/2749 2999/4037/2746 2509/4020/2732 2998/4030/2741
f 3001/4041/2750 3247/4040/2749 2998/4030/2741 2510/4029/2740
f 2502/4006/2718 3002/4042/2751 3248/4043/2752 2988/4007/2719
f 3002/4042/2751 2495/4044/2753 2981/4045/2754 3248/4043/2752
f 3248/4043/2752 2981/4045/2754 2496/4038/2747 3000/4035/2744
f 2988/4007/2719 3248/4043/2752 3000/4035/2744 2503/4008/2720
f 2506/4015/2727 2996/4046/2739 3249/4047/2755 2992/4016/2728
f 2996/4046/2739 2498/4048/2738 2984/4049/2756 3249/4047/2755
f 3249/4047/2755 2984/4049/2756 2499/4050/2757 3004/4051/2758
f 2992/4016/2728 3249/4047/2755 3004/4051/2758 2507/4017/2729
f 2508/4019/2731 2993/4018/2730 3250/4052/2759 3005/4053/2760
f 2993/4018/2730 2507/4017/2729 3006/4054/2761 3250/4052/2759
f 3250/4052/2759 3006/4054/2761 2511/4055/2762 3007/4056/2763
f 3005/4053/2760 3250/4052/2759 3007/4056/2763 2512/4057/2764
f 2507/4017/2729 3004/4051/2758 3251/4058/2765 3006/4054/2761
f 3004/4051/2758 2499/4050/2757 2985/4059/2766 3251/4058/2765
f 3251/4058/2765 2985/4059/2766 2500/4060/2767 3008/4061/2768
f 3006/4054/2761 3251/4058/2765 3008/4061/2768 2511/4055/2762
f 2512/4057/2764 3007/4056/2763 3252/4062/2769 3009/4063/2770
f 3007/4056/2763 2511/4055/2762 3010/4064/2771 3252/4062/2769
f 3252/4062/2769 3010/4064/2771 2502/4006/2718 2987/4003/2715
f 3009/4063/2770 3252/4062/2769 2987/4003/2715 2501/4002/2714
f 2511/4055/2762 3008/4061/2768 3253/4065/2772 3010/4064/2771
f 3008/4061/2768 2500/4060/2767 3003/4066/2773 3253/4065/2772
f 3253/4065/2772 3003/4066/2773 2495/4044/2753 3002/4042/2751
f 3010/4064/2771 3253/4065/2772 3002/4042/2751 2502/4006/2718
f 3254/4067/2774 2984/4049/2756 2498/4048/2738 3024/4068/2775
f 3255/4069/2776 3014/4070/2777 2514/4071/2777 3011/4072/2778
f 3013/4073/2779 3255/4069/2776 3011/4072/2778 2513/4074/2780
f 3256/4075/2781 3013/4073/2779 2513/4074/2780 3012/4076/2782
f 3015/4077/2783 3256/4075/2781 3012/4076/2782 2515/4078/2784
f 3257/4079/2785 3019/4080/2786 2517/4081/2787 3016/4082/2788
f 3018/4083/2789 3257/4079/2785 3016/4082/2788 2516/4084/2790
f 3258/4085/2791 3018/4083/2789 2516/4084/2790 3017/4086/2792
f 3020/4087/2793 3258/4085/2791 3017/4086/2792 2518/4088/2794
f 3024/4089/2775 2498/4026/2738 2983/4090/2737 3259/4091/2795
f 3260/4092/2796 3015/4077/2783 2515/4078/2784 3025/4093/2797
f 3261/4101/2812 3020/4087/2793 2518/4088/2794 3026/4102/2813
f 3014/4070/2814 3261/4101/2812 3026/4102/2813 2514/4071/2815
f 3018/4083/2850 3258/4085/2851 210/272/230 211/271/228
f 3021/4115/2883 2519/4116/2884 2352/3554/2304 2774/3552/2302
f 3257/4079/2906 3019/4080/2907 3027/4121/2908
f 3018/4083/2910 3257/4079/2906 3027/4097/2908
f 47/37/33 3017/4086/2792 2516/4084/2790 46/32/28
f 847/4097/2931 851/4097/2931 3260/4092/2931
f 3118/3438/2947 2720/3436/2947 2354/3437/2947
f 3020/4087/2959 3261/4101/2960 186/273/2961
f 2733/3465/2972 3124/3464/2973 2359/4097/2974
f 2722/3440/2976 3141/3551/2825 428/269/2824 447/586/2976
f 2722/3440/2983 3118/3438/2983 2358/3441/2983
f 3142/3555/2995 2721/3433/2996 448/585/479 449/587/481
f 199/4097/2849 3014/4070/2997 3255/4069/2998 207/4149/2847
f 3124/3464/3001 2733/3465/3002 449/587/481
f 2733/3465/3002 3142/3555/2995 449/587/481
f 2721/3433/2996 3117/3432/3004 448/585/479
f 75/4151/31 2521/4152/3005 3023/4097/3006 332/4153/74
f 2720/3436/3020 3117/3432/3021 2354/3437/3022
f 3118/3438/3028 2722/3440/3010 447/586/3029
f 2732/3461/3034 3146/3565/3034 2360/3462/3034
f 3142/3555/3036 2733/3465/2972 2359/4097/2974
f 2720/3436/3007 3118/3438/3028 447/586/3029
f 3261/4097/3068 3014/4070/2997 199/278/2849 186/273/3068
f 3258/4085/3070 3020/4087/2959 186/273/2961
f 60/4097/48 2515/4078/2784 3012/4076/2782 72/4097/3072
f 3141/3551/2963 471/4097/272 447/586/3012 2722/4097/3074
f 2370/3567/2315 2743/3566/2314 457/595/3085
f 469/4150/3094 2732/3461/3095 3123/3460/3096
f 3146/3565/3097 2732/3461/3095 469/4150/3094
f 3118/3438/3028 472/4154/3008 2720/3436/3007
f 3118/3438/3028 2722/3440/3010 472/4154/3008
f 2721/3433/3100 3142/3555/3101 2354/3437/3022
f 891/4097/3103 3027/4121/3104 2521/4152/3105
f 3019/4080/3106 3257/4079/3107 211/271/228
f 3257/4079/3107 3018/4083/2850 211/271/228
f 3014/4070/3110 3255/4069/3111 209/322/279
f 3258/4085/2851 3020/4087/3116 210/272/230
f 3020/4087/3116 3261/4101/3014 210/272/230
f 3261/4101/3118 3020/4087/3119 2514/4071/3120
f 3141/3551/3124 2358/4097/3125 2713/3553/3126
f 3257/4079/3151 185/4097/3152 3019/4097/3153
f 3023/4170/3158 2521/4152/3159 2713/4097/3160
f 2521/4152/3159 3027/4121/2908 2713/4097/3160
f 2740/4123/3161 2364/4185/3162 891/4097/3163
f 3258/4085/3165 3018/4083/3166 2514/4097/3120
f 149/4097/51 3025/4097/2797 2515/4078/2784 60/52/48
f 3257/4079/3151 3018/4083/3175 185/4097/3152
f 2360/3462/2215 3119/3444/2200 2724/3443/2199
f 2778/3568/2316 3143/4186/3178 2360/3462/2318
f 3021/4115/2883 2774/3552/2302 2358/3441/2197 2520/4187/3181
f 3122/3459/2212 2363/3466/2220 2730/3458/2211
f 3117/3432/3021 2721/3433/3100 2354/3437/3022
f 333/4097/375 2355/3434/2189 2777/3556/2306
f 3022/4097/3102 2714/3435/2190 2355/3434/2189
f 3022/4188/3102 2520/4187/3181 2714/3435/2190
f 2520/4187/3181 2354/3437/2192 2714/3435/2190
f 2520/4187/3181 2719/3439/2195 2354/3437/2192
f 2520/4187/3181 2358/3441/2197 2719/3439/2195
f 3027/4121/2908 3019/4097/2907 2713/3553/3160
f 2732/3461/3186 2360/3462/3186 3123/3460/3186
f 73/4189/3187 2514/4071/2815 3026/4102/2813
f 3260/4092/2796 3025/4097/2797 847/4097/3188 851/4097/3188
f 2722/3440/3189 2358/3441/3125 3141/3551/3124
f 3015/4077/3191 3260/4092/3115 850/4097/3114
f 3258/4085/3070 186/273/2961 185/268/3152 3018/4083/3175
f 3260/4092/3192 3015/4077/3192 2514/4097/3192
f 3261/4101/3193 3014/4070/3110 209/322/279 186/273/3013
f 2352/3554/2304 2517/4081/2787 3019/4097/2786 2713/3553/2303
f 930/4097/3200 2364/4185/3162 2740/4123/3161
f 3014/4070/3201 3261/4101/3118 2514/4071/3120
f 329/4097/393 3143/4186/3178 2778/3568/2316
f 331/4097/395 2723/3445/2201 3119/3444/2200
f 3013/4073/2886 3255/4069/3202 2514/4097/2887
f 891/4097/3103 2521/4152/3105 3023/4170/3205
f 332/4153/74 2520/4187/3181 3022/4188/3102
f 332/4153/74 3021/4115/2883 2520/4187/3181
f 2519/4116/2884 3023/4170/3006 2352/3554/2304
f 3023/4170/3006 2521/4152/3210 2352/3554/2304
f 2521/4152/3210 3027/4121/3211 2352/3554/2304
f 3027/4121/3211 2517/4081/2787 2352/3554/2304
f 3027/4121/3211 75/4097/31 2517/4081/2787
f 3255/4069/3111 3013/4073/3212 207/4149/280 209/4191/279
f 207/4149/2847 3255/4069/2998 3013/4073/3213
f 74/36/32 2516/4084/2790 3016/4082/2788
f 3117/3432/3004 2720/3436/3214 447/586/480 448/585/479
f 47/4097/33 2518/4088/2794 3017/4086/2792
f 72/4097/3072 2513/4074/2780 3011/4072/2778
f 72/4097/3072 3012/4076/2782 2513/4074/2780
f 3020/4087/3119 3258/4085/3165 2514/4071/3120
f 3255/4069/3202 3014/4070/3217 2514/4071/2887
f 2519/4116/2884 3021/4115/2883 332/4153/74
f 74/36/32 3016/4082/2788 2517/4081/2787 75/35/31
f 3023/4170/3006 2519/4116/2884 332/4153/74
f 75/4097/31 3027/4121/3211 2521/4152/3005
o tool_shaft
v 0.029894 0.386637 -0.031532
v 0.015024 0.386715 -0.040821
v 0.007293 0.385736 -0.036665
v 0.000000 0.385736 -0.037384
v 0.034538 0.385736 -0.014306
v 0.040551 0.386657 -0.015581
v 0.031084 0.385736 -0.020769
v 0.043536 5.863421 -0.008655
v 0.031209 5.863421 -0.031205
v 0.013479 5.863421 -0.041792
v 0.017522 0.386654 0.039730
v 0.014307 0.385736 0.034538
v 0.007591 0.386667 0.042802
v 0.000000 0.385736 0.037384
v 0.007293 0.385736 0.036666
v 0.040594 0.386667 0.015512
v 0.034538 0.385736 0.014307
v 0.035406 0.386700 0.025239
v 0.041789 5.863421 0.013484
v 0.020013 5.863421 0.039088
v 0.003532 5.863421 0.043771
v -0.007293 0.385736 -0.036665
v -0.040594 0.386667 -0.015512
v -0.034538 0.385736 -0.014306
v -0.037384 0.385736 -0.000000
v -0.031084 0.385736 -0.020769
v -0.030122 0.386638 -0.031331
v -0.026434 0.385736 -0.026434
v -0.043179 5.863421 -0.009705
v -0.033453 5.863421 -0.028450
v -0.020017 5.863421 -0.039085
v -0.003542 5.863421 -0.043769
v -0.027202 0.386343 0.033155
v -0.014307 0.385736 0.034538
v -0.007293 0.385736 0.036666
v -0.041803 0.386339 0.008315
v -0.039378 0.386339 0.016310
v -0.031084 0.385736 0.020769
v -0.041295 5.863421 0.015915
v -0.028455 5.863421 0.033450
v -0.013487 5.863421 0.041792
v 0.004118 0.387946 -0.043735
v 0.042883 0.388051 0.008530
v -0.004116 0.387945 0.043735
v 0.028036 0.388172 0.033819
v -0.016767 0.386908 -0.040137
v -0.024291 0.388051 -0.036355
v -0.015025 0.386715 0.040822
v -0.042883 0.389824 0.008530
v -0.040395 0.389824 0.016732
v -0.027710 0.388172 0.034087
v 0.020769 0.385736 -0.031084
v 0.014307 0.385736 -0.034538
v -0.007593 0.386668 -0.042802
v 0.036665 0.385736 -0.007293
v 0.043528 0.387055 -0.000150
v 0.037384 0.385736 -0.000000
v 0.036206 0.386920 -0.024144
v 0.026434 0.385736 -0.026434
v 0.020769 0.385736 0.031084
v 0.036665 0.385736 0.007294
v 0.031084 0.385736 0.020769
v 0.026434 0.385736 0.026435
v 0.033447 5.863421 0.028453
v -0.014307 0.385736 -0.034538
v -0.020769 0.385736 -0.031083
v -0.036665 0.385736 -0.007293
v -0.043528 0.387055 0.000150
v -0.036286 0.386908 -0.023988
v -0.020769 0.385736 0.031084
v -0.036665 0.385736 0.007294
v -0.034538 0.385736 0.014307
v -0.036050 0.386817 0.024311
v -0.026434 0.385736 0.026435
v 0.042883 0.388051 -0.008530
v 0.024291 0.388051 -0.036355
v -0.042883 0.388051 -0.008530
v -0.042883 0.388051 0.008530
v -0.040395 0.388051 0.016732
v 0.036624 5.863421 -0.015170
v 0.028031 5.863421 -0.028031
v 0.015169 5.863421 -0.036625
v 0.038880 5.863421 0.007736
v 0.036624 5.863421 0.015173
v 0.015169 5.863421 0.036628
v 0.007732 5.863421 0.038884
v -0.000002 5.863421 0.039645
v -0.039646 5.863421 0.000002
v -0.028035 5.863421 -0.028031
v -0.022027 5.863421 -0.032961
v -0.015173 5.863421 -0.036625
v -0.007736 5.863421 -0.038881
v -0.032965 5.863421 0.022027
v -0.028035 5.863421 0.028034
v -0.007736 5.863421 0.038884
v -0.015173 5.863421 0.036628
v 0.038880 5.863421 -0.007732
v 0.039642 5.863421 0.000002
v 0.032961 5.863421 -0.022024
v 0.022023 5.863421 -0.032961
v 0.007732 5.863421 -0.038881
v -0.000002 5.863421 -0.039642
v 0.032961 5.863421 0.022027
v 0.028031 5.863421 0.028034
v 0.022023 5.863421 0.032965
v -0.038884 5.863421 -0.007732
v -0.036628 5.863421 -0.015169
v -0.032965 5.863421 -0.022024
v -0.036628 5.863421 0.015173
v -0.038884 5.863421 0.007736
v -0.022027 5.863421 0.032965
vn 0.7130 0.0001 -0.7012
vn 0.5397 -0.6397 -0.5473
vn 0.5313 -0.2957 -0.7939
vn 0.6535 -0.6125 -0.4446
vn 0.0816 -0.4334 -0.8975
vn -0.0816 0.0001 -0.9967
vn 0.3072 0.0001 -0.9517
vn 0.9584 0.0001 0.2853
vn 0.7134 -0.6359 0.2944
vn 0.9389 -0.2951 0.1771
vn 0.3094 -0.6320 0.7105
vn 0.0561 -0.9885 0.1402
vn 0.1132 -0.9826 0.1472
vn 0.6340 -0.6287 0.4503
vn 0.1238 -0.9825 0.1394
vn 0.1302 -0.9878 0.0856
vn 0.5796 -0.4032 0.7082
vn 0.7641 0.0001 0.6451
vn 0.4596 0.0001 0.8881
vn -0.9799 0.0001 -0.1996
vn -0.7139 -0.6379 -0.2888
vn -0.9390 -0.2952 -0.1762
vn -0.7762 0.0001 -0.6305
vn -0.5365 -0.6390 -0.5513
vn -0.6572 -0.6144 -0.4365
vn -0.4624 -0.0000 -0.8867
vn -0.2946 -0.6200 -0.7272
vn -0.5201 -0.2847 -0.8053
vn 0.9786 0.0001 -0.2058
vn 0.9392 -0.2926 -0.1795
vn 0.7106 -0.6389 -0.2948
vn -0.0816 -0.4334 0.8975
vn 0.0848 0.0001 0.9964
vn -0.3027 0.0001 0.9531
vn -0.8567 -0.2521 0.4501
vn -0.6481 -0.6243 0.4361
vn -0.9025 -0.0001 0.4308
vn -0.3644 -0.8181 0.4448
vn -0.2791 -0.6280 0.7264
vn -0.6187 -0.2348 0.7497
vn -0.1347 -0.6322 -0.7630
vn -0.0001 1.0000 0.0001
vn 0.0001 1.0000 -0.0000
vn 0.0001 1.0000 -0.0001
vn -0.0001 1.0000 -0.0001
vn 0.0002 1.0000 -0.0000
vn -0.0000 1.0000 -0.0000
vn -0.0000 1.0000 0.0001
vn -0.0001 1.0000 -0.0000
vn 0.0001 1.0000 0.0001
vn -0.0000 1.0000 -0.0001
vn -0.0000 1.0000 0.0002
vn 0.9531 0.2891 -0.0901
vn 0.3833 -0.0000 0.9236
vn 0.9490 0.2915 -0.1202
vn -0.1952 -0.0000 -0.9808
vn 0.8425 0.2891 -0.4546
vn 0.8557 0.2914 -0.4276
vn 0.0566 -0.9855 -0.1597
vn 0.0253 -0.9825 -0.1846
vn 0.0118 -0.9826 -0.1854
vn 0.1450 -0.9869 -0.0712
vn 0.1447 -0.9848 -0.0959
vn 0.1911 -0.9813 -0.0222
vn 0.1201 -0.9872 -0.1044
vn 0.0872 -0.9861 -0.1413
vn 0.0688 -0.9864 -0.1493
vn 0.1333 -0.6302 0.7649
vn 0.3703 -0.0899 -0.9245
vn 0.2053 -0.9787 0.0002
vn 0.2053 -0.9787 -0.0003
vn 0.1917 -0.9812 0.0223
vn -0.0118 -0.9826 0.1854
vn 0.0309 -0.9885 0.1483
vn 0.1407 -0.9881 0.0617
vn 0.9975 -0.0704 -0.0001
vn -0.1880 -0.9820 -0.0175
vn -0.1876 -0.9821 -0.0175
vn -0.1917 -0.9812 -0.0223
vn -0.9972 -0.0744 0.0028
vn -0.0407 -0.9869 -0.1562
vn -0.1457 -0.9868 -0.0709
vn -0.1443 -0.9850 -0.0948
vn -0.0760 -0.9835 -0.1643
vn -0.0904 -0.9838 -0.1551
vn -0.1189 -0.9874 -0.1041
vn -0.0544 -0.9885 0.1410
vn -0.0630 -0.9908 0.1195
vn -0.9891 -0.0000 0.1476
vn -0.9334 0.0001 0.3587
vn -0.0254 -0.9826 0.1843
vn -0.1150 -0.9914 0.0620
vn -0.1415 -0.9899 0.0063
vn -0.1400 -0.9901 0.0073
vn -0.1148 -0.9915 0.0611
vn -0.1251 -0.9881 0.0891
vn -0.1118 -0.9899 0.0873
vn -0.6482 -0.0000 0.7615
vn -0.9569 -0.0000 0.2903
vn -0.9610 -0.2561 0.1044
vn -0.8060 -0.5391 0.2445
vn -0.8314 -0.5406 0.1282
vn -0.7648 -0.5407 0.3504
vn -0.0001 1.0000 -0.0002
vn -0.0000 1.0000 -0.0002
vt 0.018768 0.004370
vt 0.017427 0.999801
vt 0.000109 0.999915
vt 0.034739 0.999677
vt 0.510441 0.996063
vt 0.495138 0.000592
vt 0.529681 0.000296
vt 0.115239 0.003652
vt 0.121293 0.999062
vt 0.103982 0.999186
vt 0.572223 0.169081
vt 0.603871 0.172015
vt 0.596988 0.206711
vt 0.571867 0.278360
vt 0.596928 0.241965
vt 0.603749 0.276617
vt 0.164131 0.998751
vt 0.149780 0.003388
vt 0.184314 0.003123
vt 0.383598 0.001528
vt 0.398285 0.996967
vt 0.380972 0.997103
vt 0.426070 0.001176
vt 0.432911 0.996691
vt 0.415598 0.996830
vt 0.460611 0.000886
vt 0.467537 0.996413
vt 0.450224 0.996552
vt 0.070590 0.003987
vt 0.069360 0.999433
vt 0.052050 0.999555
vt 0.233433 0.998237
vt 0.218850 0.002854
vt 0.253385 0.002582
vt 0.329035 0.997509
vt 0.311722 0.997642
vt 0.329000 0.993931
vt 0.992795 0.245951
vt 0.979398 0.286071
vt 0.989883 0.209522
vt 0.737305 0.022947
vt 0.669624 0.041697
vt 0.734450 0.013426
vt 0.797627 0.014756
vt 0.484850 0.996273
vt 0.675673 0.956596
vt 0.651278 0.919563
vt 0.683690 0.941221
vt 0.977566 0.678766
vt 0.967698 0.708156
vt 0.952781 0.672140
vt 0.864521 0.966014
vt 0.835137 0.956142
vt 0.871147 0.941228
vt 0.910323 0.595106
vt 0.903566 0.612173
vt 0.871158 0.590516
vt 0.559181 0.769718
vt 0.579545 0.746373
vt 0.579545 0.785352
vt 0.793069 0.550052
vt 0.835148 0.575597
vt 0.796918 0.567994
vt 0.690333 0.565718
vt 0.719707 0.575594
vt 0.683698 0.590508
vt 0.574324 0.685900
vt 0.602068 0.672133
vt 0.587153 0.708145
vt 0.980532 0.845807
vt 0.952777 0.859602
vt 0.967692 0.823590
vt 0.836939 0.026748
vt 0.346347 0.997374
vt 0.346312 0.993797
vt 0.874557 0.042250
vt 0.962273 0.330335
vt 0.884573 0.406569
vt 0.891850 0.364601
vt 0.916972 0.339519
vt 0.756177 0.434996
vt 0.708756 0.425950
vt 0.724413 0.397712
vt 0.759201 0.404687
vt 0.691612 0.384061
vt 0.804605 0.435384
vt 0.794686 0.404719
vt 0.829565 0.397795
vt 0.862364 0.384260
vt 0.207851 0.998429
vt 0.138605 0.998937
vt 0.536783 0.995847
vt 0.662029 0.364297
vt 0.642265 0.388380
vt 0.592781 0.330491
vt 0.636906 0.339058
vt 0.591781 0.118705
vt 0.637353 0.109526
vt 0.617471 0.139149
vt 0.617213 0.309416
vt 0.086671 0.999309
vt 0.190539 0.998556
vt 0.892061 0.084639
vt 0.911858 0.060564
vt 0.961334 0.118382
vt 0.917189 0.109815
vt 0.363660 0.997238
vt 0.936729 0.310015
vt 0.936928 0.139361
vt 0.979520 0.163379
vt 0.950472 0.172145
vt 0.950344 0.277235
vt 0.957291 0.242432
vt 0.957331 0.206939
vt 0.259786 0.998038
vt 0.692247 0.064595
vt 0.724909 0.051135
vt 0.331798 0.001953
vt 0.662625 0.084320
vt 0.862399 0.064871
vt 0.829478 0.051276
vt 0.794701 0.044368
vt 0.759430 0.044328
vt 0.287925 0.002307
vt 0.285341 0.997844
vt 0.554081 0.995773
vt 0.554081 0.000085
vt 0.839795 0.017076
vt 0.879353 0.033227
vt 0.839846 0.432056
vt 0.930095 0.376579
vt 0.609160 0.361812
vt 0.561759 0.225440
vt 0.624116 0.072230
vt 0.903560 0.919571
vt 0.934481 0.917448
vt 0.674759 0.415597
vt 0.944875 0.087174
vt 0.931127 0.639733
vt 0.586549 0.868029
vt 0.623717 0.892003
vt 0.651289 0.612166
vt 0.620366 0.614287
vt 0.975299 0.746384
vt 0.995663 0.761996
vt 0.623724 0.639725
vt 0.587151 0.823581
vt 0.602063 0.859595
vt 0.719701 0.956140
vt 0.757931 0.963743
vt 0.781286 0.984107
vt 0.796909 0.963743
vt 0.931120 0.892010
vt 0.975299 0.785362
vt 0.757940 0.567994
s 1
usemtl tool_shaft
f 3808/4194/3220 3800/4195/3221 3875/4196/3222
f 3808/4194/3220 3857/4197/3223 3800/4195/3221
f 3841/4198/3224 3831/4199/3225 3809/4200/3226
f 3818/4201/3227 3815/4202/3228 3842/4203/3229
f 3810/4204/3230 3811/4205/3231 3859/4206/3232
f 3817/4207/3233 3862/4208/3234 3861/4209/3235
f 3844/4210/3236 3863/4211/3237 3819/4212/3238
f 3828/4213/3239 3822/4214/3240 3876/4215/3241
f 3829/4216/3242 3826/4217/3243 3868/4218/3244
f 3830/4219/3245 3845/4220/3246 3846/4221/3247
f 3807/4222/3248 3874/4223/3249 3805/4224/3250
f 3843/4225/3251 3820/4226/3252 3840/4227/3253
f 3878/4228/3254 3872/4229/3255 3849/4230/3256
f 3846/4231/3247 3845/4232/3246 3826/4233/3243
f 3832/4234/3257 3847/4235/3258 3850/4236/3259
f 3872/4237/3255 3832/4234/3257 3850/4236/3259
f 3831/4199/3225 3841/4198/3224 3853/4238/3260
f 3807/4239/3261 3879/4240/3261 3896/4241/3261
f 3839/4242/3262 3910/4243/3262 3893/4244/3263
f 3863/4245/3264 3902/4246/3264 3903/4247/3264
f 3838/4248/3263 3908/4249/3263 3909/4250/3265
f 3809/4251/3266 3900/4252/3267 3881/4253/3268
f 3828/4254/3262 3887/4255/3265 3905/4256/3269
f 3829/4257/3269 3907/4258/3269 3888/4259/3262
f 3831/4260/3267 3891/4261/3270 3901/4262/3271
f 3820/4263/3270 3885/4264/3270 3886/4265/3270
f 3849/4230/3272 3878/4228/3273 3836/4266/3274
f 3877/4267/3275 3848/4268/3276 3835/4269/3277
f 3853/4270/3260 3801/4271/3278 3802/4272/3279 3803/4273/3280
f 3857/4274/3223 3805/4275/3250 3804/4276/3281 3806/4277/3282
f 3854/4278/3283 3804/4276/3281 3805/4275/3250
f 3800/4279/3221 3857/4274/3223 3806/4277/3282 3858/4280/3284
f 3858/4280/3284 3851/4281/3285 3800/4279/3221
f 3801/4271/3278 3852/4282/3286 3802/4272/3279
f 3857/4197/3223 3808/4194/3220 3807/4222/3248 3805/4224/3250
f 3843/4225/3251 3812/4283/3287 3820/4226/3252
f 3817/4284/3233 3815/4202/3228 3818/4201/3227 3863/4211/3237
f 3801/4285/3288 3841/4198/3224 3809/4200/3226
f 3856/4286/3289 3855/4287/3290 3815/4288/3228 3860/4289/3291
f 3812/4290/3287 3813/4291/3292 3814/4292/3293
f 3815/4288/3228 3816/4293/3294 3860/4289/3291
f 3816/4293/3294 3815/4288/3228 3817/4207/3233 3861/4209/3235
f 3862/4208/3234 3817/4207/3233 3810/4204/3230 3859/4206/3232
f 3814/4292/3293 3811/4205/3231 3810/4204/3230 3812/4290/3287
f 3842/4203/3229 3855/4294/3295 3807/4222/3248 3818/4201/3227
f 3819/4212/3238 3820/4226/3252 3812/4283/3287 3810/4295/3230
f 3810/4295/3230 3844/4210/3236 3819/4212/3238
f 3868/4218/3244 3822/4214/3240 3828/4213/3239 3829/4216/3242
f 3844/4210/3236 3817/4284/3233 3863/4211/3237
f 3824/4296/3296 3867/4297/3297 3822/4298/3240 3866/4299/3298
f 3876/4215/3241 3867/4300/3299 3828/4213/3239
f 3853/4270/3260 3803/4273/3280 3821/4301/3300
f 3822/4298/3240 3823/4302/3301 3866/4299/3298
f 3823/4302/3301 3822/4298/3240 3868/4303/3244 3825/4304/3302
f 3821/4301/3300 3864/4305/3303 3845/4232/3246 3853/4270/3260
f 3826/4233/3243 3865/4306/3304 3827/4307/3305
f 3825/4304/3302 3868/4303/3244 3826/4233/3243 3827/4307/3305
f 3829/4216/3242 3830/4219/3245 3846/4221/3247 3826/4217/3243
f 3830/4219/3245 3831/4199/3225 3853/4238/3260 3845/4220/3246
f 3847/4308/3258 3843/4225/3251 3840/4227/3253
f 3833/4309/3306 3847/4235/3258 3832/4234/3257 3869/4310/3307
f 3848/4268/3308 3849/4230/3256 3838/4311/3309
f 3812/4290/3287 3847/4235/3258 3834/4312/3310 3813/4291/3292
f 3836/4266/3311 3835/4269/3312 3870/4313/3313 3871/4314/3314
f 3835/4269/3312 3867/4297/3297 3824/4296/3296 3870/4313/3313
f 3872/4237/3255 3836/4266/3311 3871/4314/3314 3837/4315/3315
f 3873/4316/3316 3832/4234/3257 3872/4237/3255 3837/4315/3315
f 3873/4316/3316 3869/4310/3307 3832/4234/3257
f 3847/4235/3258 3833/4309/3306 3834/4312/3310
f 3838/4311/3309 3828/4213/3239 3867/4300/3299 3848/4268/3308
f 3852/4282/3286 3801/4271/3278 3800/4279/3221 3851/4281/3285
f 3840/4227/3253 3839/4317/3317 3850/4318/3259 3847/4308/3258
f 3849/4230/3256 3872/4229/3255 3838/4311/3309
f 3872/4229/3255 3850/4318/3259 3839/4317/3317 3838/4311/3309
f 3875/4319/3222 3801/4285/3288 3809/4200/3226 3808/4320/3220
f 3855/4294/3295 3874/4223/3249 3807/4222/3248
f 3849/4230/3318 3848/4268/3318 3877/4267/3318 3878/4228/3318
f 3867/4300/3299 3877/4267/3319 3848/4268/3308
f 3836/4266/3320 3878/4321/3320 3877/4322/3320 3835/4269/3320
f 3875/4323/3222 3800/4279/3221 3801/4271/3288
f 3801/4271/3288 3853/4270/3260 3841/4324/3224
f 3842/4325/3229 3815/4288/3228 3855/4287/3295
f 3844/4326/3236 3810/4204/3230 3817/4207/3233
f 3847/4235/3258 3812/4290/3287 3843/4327/3251
f 3805/4275/3250 3855/4287/3290 3856/4286/3289 3854/4278/3283
f 3867/4297/3299 3835/4269/3321 3877/4322/3319
f 3878/4321/3254 3836/4266/3322 3872/4237/3255
f 3864/4305/3303 3865/4306/3304 3826/4233/3243 3845/4232/3246
f 3904/4328/3264 3819/4329/3323 3863/4245/3264 3903/4247/3264
f 3855/4287/3295 3805/4275/3250 3874/4330/3249
f 3876/4331/3241 3822/4298/3240 3867/4297/3299
f 3838/4248/3263 3892/4332/3263 3908/4249/3263
f 3879/4240/3261 3807/4239/3261 3808/4333/3268 3898/4334/3261
f 3888/4259/3262 3889/4335/3262 3830/4336/3269 3829/4257/3269
f 3895/4337/3263 3910/4243/3262 3839/4242/3262 3840/4338/3270
f 3891/4261/3270 3831/4260/3267 3830/4336/3269 3890/4339/3270
f 3881/4253/3268 3899/4340/3268 3808/4333/3268 3809/4251/3266
f 3808/4333/3268 3899/4340/3268 3880/4341/3261
f 3830/4336/3269 3889/4335/3262 3890/4339/3270
f 3808/4333/3268 3880/4341/3261 3898/4334/3261
f 3897/4342/3268 3882/4343/3268 3818/4344/3268 3807/4239/3261
f 3883/4345/3264 3902/4246/3264 3863/4245/3264 3818/4344/3268
f 3818/4344/3268 3882/4343/3268 3883/4345/3264
f 3884/4346/3324 3885/4264/3270 3820/4263/3270 3819/4329/3323
f 3807/4239/3261 3896/4241/3261 3897/4342/3268
f 3900/4252/3267 3809/4251/3266 3831/4260/3267 3901/4262/3271
f 3819/4329/3323 3904/4328/3264 3884/4346/3324
f 3892/4332/3263 3838/4248/3263 3839/4242/3262 3893/4244/3263
f 3840/4338/3270 3894/4347/3324 3895/4337/3263
f 3894/4347/3324 3840/4338/3270 3820/4263/3270 3886/4265/3270
f 3907/4258/3269 3829/4257/3269 3828/4254/3262 3906/4348/3269
f 3828/4254/3262 3905/4256/3269 3906/4348/3269
f 3887/4255/3265 3828/4254/3262 3838/4248/3263 3909/4250/3265
f 3836/4266/3274 3835/4269/3277 3848/4268/3276 3849/4230/3272
