# Blender 5.2.0 LTS
# www.blender.org
mtllib roll_0.011.mtl
o tool_base
v -0.036429 0.382526 0.005745
v -0.036429 0.381057 0.005552
v -0.036429 0.379688 0.004985
v -0.036429 0.378512 0.004083
v -0.036429 0.377610 0.002907
v -0.036429 0.377043 0.001538
v -0.036429 0.376850 0.000069
v -0.036429 0.377043 -0.001400
v -0.036429 0.377610 -0.002770
v -0.036429 0.378512 -0.003945
v -0.036429 0.379688 -0.004847
v -0.036429 0.381057 -0.005414
v -0.036429 0.382526 -0.005608
v -0.036429 0.383995 -0.005415
v -0.036429 0.385365 -0.004847
v -0.036429 0.386540 -0.003945
v -0.036429 0.387442 -0.002770
v -0.036429 0.388009 -0.001400
v -0.036429 0.388203 0.000069
v -0.036429 0.388009 0.001538
v -0.036429 0.387442 0.002907
v -0.036429 0.386540 0.004083
v -0.036429 0.385365 0.004985
v -0.036429 0.383995 0.005552
v -0.034191 0.382526 0.003972
v -0.034191 0.381516 0.003839
v -0.034191 0.380575 0.003449
v -0.034191 0.379766 0.002829
v -0.034191 0.379146 0.002020
v -0.034191 0.378756 0.001079
v -0.034191 0.378623 0.000069
v -0.034191 0.378756 -0.000942
v -0.034191 0.379146 -0.001883
v -0.034191 0.379766 -0.002691
v -0.034191 0.380575 -0.003312
v -0.034191 0.381516 -0.003702
v -0.034191 0.382526 -0.003835
v -0.034191 0.383537 -0.003702
v -0.034191 0.384478 -0.003312
v -0.034191 0.385286 -0.002691
v -0.034191 0.385907 -0.001883
v -0.034191 0.386297 -0.000942
v -0.034191 0.386430 0.000069
v -0.034191 0.386297 0.001079
v -0.034191 0.385907 0.002020
v -0.034191 0.385286 0.002829
v -0.034191 0.384478 0.003449
v -0.034191 0.383537 0.003839
v -0.034191 0.382526 0.000069
v -0.034484 0.384542 0.003560
v -0.034484 0.385377 0.002919
v -0.034484 0.386018 0.002084
v -0.034484 0.386420 0.001112
v -0.034484 0.386558 0.000069
v -0.034484 0.386420 -0.000975
v -0.034484 0.386018 -0.001947
v -0.034484 0.385377 -0.002782
v -0.034484 0.384542 -0.003423
v -0.034484 0.383570 -0.003825
v -0.034484 0.382526 -0.003963
v -0.034484 0.381483 -0.003825
v -0.034484 0.380511 -0.003423
v -0.034484 0.379676 -0.002782
v -0.034484 0.379035 -0.001947
v -0.034484 0.378632 -0.000975
v -0.034484 0.378495 0.000069
v -0.034484 0.378632 0.001112
v -0.034484 0.379035 0.002084
v -0.034484 0.379676 0.002919
v -0.034484 0.380511 0.003560
v -0.034484 0.381483 0.003963
v -0.034484 0.383570 0.003963
v -0.034484 0.382526 0.004100
v -0.039307 0.382526 0.004209
v -0.039199 0.382526 0.004100
v -0.039199 0.381483 0.003963
v -0.039307 0.381455 0.004068
v -0.039199 0.380511 0.003560
v -0.039307 0.380456 0.003654
v -0.039307 0.379599 0.002996
v -0.039199 0.379676 0.002919
v -0.039307 0.378941 0.002139
v -0.039199 0.379035 0.002084
v -0.039307 0.378527 0.001140
v -0.039199 0.378632 0.001112
v -0.039199 0.378495 0.000069
v -0.039307 0.378386 0.000069
v -0.039199 0.378632 -0.000975
v -0.039307 0.378527 -0.001003
v -0.039307 0.378941 -0.002001
v -0.039199 0.379035 -0.001947
v -0.039307 0.379599 -0.002859
v -0.039199 0.379676 -0.002782
v -0.039199 0.380511 -0.003423
v -0.039307 0.380456 -0.003517
v -0.039199 0.381483 -0.003825
v -0.039307 0.381455 -0.003930
v -0.039307 0.382526 -0.004072
v -0.039199 0.382526 -0.003963
v -0.039307 0.383598 -0.003930
v -0.039199 0.383570 -0.003825
v -0.039307 0.384596 -0.003517
v -0.039199 0.384542 -0.003423
v -0.039199 0.385377 -0.002782
v -0.039307 0.385454 -0.002859
v -0.039199 0.386018 -0.001947
v -0.039307 0.386112 -0.002001
v -0.039307 0.386525 -0.001003
v -0.039199 0.386420 -0.000975
v -0.039199 0.386558 0.000069
v -0.039307 0.386667 0.000069
v -0.039199 0.386420 0.001112
v -0.039307 0.386525 0.001140
v -0.039199 0.386018 0.002084
v -0.039307 0.386112 0.002139
v -0.039307 0.385454 0.002996
v -0.039199 0.385377 0.002919
v -0.039199 0.384542 0.003560
v -0.039307 0.384596 0.003654
v -0.039199 0.383570 0.003963
v -0.039307 0.383598 0.004068
v 0.039653 0.382526 0.005745
v 0.042061 0.382526 0.000069
v 0.039653 0.381057 0.005552
v 0.039653 0.379688 0.004985
v 0.039653 0.378512 0.004083
v 0.039653 0.377610 0.002907
v 0.039653 0.377043 0.001538
v 0.039653 0.376850 0.000069
v 0.039653 0.377043 -0.001400
v 0.039653 0.377610 -0.002770
v 0.039653 0.378512 -0.003945
v 0.039653 0.379688 -0.004847
v 0.039653 0.381057 -0.005414
v 0.039653 0.382526 -0.005608
v 0.039653 0.383995 -0.005415
v 0.039653 0.385365 -0.004847
v 0.039653 0.386540 -0.003945
v 0.039653 0.387442 -0.002770
v 0.039653 0.388009 -0.001400
v 0.039653 0.388203 0.000069
v 0.039653 0.388009 0.001538
v 0.039653 0.387442 0.002907
v 0.039653 0.386540 0.004083
v 0.039653 0.385365 0.004985
v 0.039653 0.383995 0.005552
v 0.042061 0.382526 0.006045
v 0.041132 0.382526 0.006982
v 0.041789 0.382526 0.006708
v 0.041132 0.380737 0.006747
v 0.042061 0.380980 0.005841
v 0.041789 0.380808 0.006481
v 0.041132 0.379070 0.006056
v 0.042061 0.379538 0.005244
v 0.041789 0.379207 0.005818
v 0.042061 0.378300 0.004295
v 0.041132 0.377638 0.004957
v 0.041789 0.377832 0.004763
v 0.042061 0.377351 0.003057
v 0.041132 0.376539 0.003525
v 0.041789 0.376777 0.003388
v 0.042061 0.376754 0.001615
v 0.041132 0.375848 0.001858
v 0.041789 0.376114 0.001787
v 0.041132 0.375613 0.000069
v 0.042061 0.376550 0.000069
v 0.041789 0.375887 0.000069
v 0.041132 0.375848 -0.001721
v 0.042061 0.376754 -0.001478
v 0.041789 0.376114 -0.001650
v 0.042061 0.377351 -0.002919
v 0.041132 0.376539 -0.003388
v 0.041789 0.376777 -0.003251
v 0.042061 0.378300 -0.004157
v 0.041132 0.377638 -0.004820
v 0.041789 0.377832 -0.004626
v 0.041132 0.379070 -0.005918
v 0.042061 0.379538 -0.005107
v 0.041789 0.379207 -0.005681
v 0.041132 0.380737 -0.006609
v 0.042061 0.380980 -0.005704
v 0.041789 0.380808 -0.006344
v 0.042061 0.382526 -0.005907
v 0.041132 0.382526 -0.006845
v 0.041789 0.382526 -0.006570
v 0.042061 0.384073 -0.005704
v 0.041132 0.384316 -0.006609
v 0.041789 0.384245 -0.006344
v 0.042061 0.385514 -0.005107
v 0.041132 0.385983 -0.005918
v 0.041789 0.385846 -0.005681
v 0.041132 0.387415 -0.004820
v 0.042061 0.386752 -0.004157
v 0.041789 0.387221 -0.004626
v 0.041132 0.388513 -0.003388
v 0.042061 0.387702 -0.002919
v 0.041789 0.388276 -0.003251
v 0.042061 0.388299 -0.001478
v 0.041132 0.389204 -0.001721
v 0.041789 0.388939 -0.001650
v 0.041132 0.389440 0.000069
v 0.042061 0.388502 0.000069
v 0.041789 0.389165 0.000069
v 0.041132 0.389204 0.001858
v 0.042061 0.388299 0.001615
v 0.041789 0.388939 0.001787
v 0.041132 0.388513 0.003525
v 0.042061 0.387702 0.003057
v 0.041789 0.388276 0.003388
v 0.042061 0.386752 0.004295
v 0.041132 0.387415 0.004957
v 0.041789 0.387221 0.004763
v 0.041132 0.385983 0.006056
v 0.042061 0.385514 0.005244
v 0.041789 0.385846 0.005818
v 0.041132 0.384316 0.006747
v 0.042061 0.384032 0.005689
v 0.041789 0.384245 0.006481
v 0.040582 0.384316 0.006747
v 0.039653 0.384073 0.005841
v 0.039925 0.384245 0.006481
v 0.040582 0.385983 0.006056
v 0.039653 0.385514 0.005244
v 0.039925 0.385846 0.005818
v 0.039653 0.386752 0.004295
v 0.040582 0.387415 0.004957
v 0.039925 0.387221 0.004763
v 0.040582 0.388513 0.003525
v 0.039653 0.387702 0.003057
v 0.039925 0.388276 0.003388
v 0.040582 0.389204 0.001858
v 0.039653 0.388299 0.001615
v 0.039925 0.388939 0.001787
v 0.040582 0.389440 0.000069
v 0.039653 0.388502 0.000069
v 0.039925 0.389165 0.000069
v 0.039653 0.388299 -0.001478
v 0.040582 0.389204 -0.001721
v 0.039925 0.388939 -0.001650
v 0.040582 0.388513 -0.003388
v 0.039653 0.387702 -0.002919
v 0.039925 0.388276 -0.003251
v 0.040582 0.387415 -0.004820
v 0.039653 0.386752 -0.004157
v 0.039925 0.387221 -0.004626
v 0.039653 0.385514 -0.005107
v 0.040582 0.385983 -0.005918
v 0.039925 0.385846 -0.005681
v 0.039653 0.384073 -0.005704
v 0.040582 0.384316 -0.006609
v 0.039925 0.384245 -0.006344
v 0.039653 0.382526 -0.005907
v 0.040582 0.382526 -0.006845
v 0.039925 0.382526 -0.006570
v 0.040582 0.380737 -0.006609
v 0.039653 0.380980 -0.005704
v 0.039925 0.380808 -0.006344
v 0.040582 0.379070 -0.005918
v 0.039653 0.379538 -0.005107
v 0.039925 0.379207 -0.005681
v 0.039653 0.378300 -0.004157
v 0.040582 0.377638 -0.004820
v 0.039925 0.377832 -0.004626
v 0.039653 0.377351 -0.002919
v 0.040582 0.376539 -0.003388
v 0.039925 0.376777 -0.003251
v 0.040582 0.375848 -0.001721
v 0.039653 0.376754 -0.001478
v 0.039925 0.376114 -0.001650
v 0.040582 0.375613 0.000069
v 0.039653 0.376550 0.000069
v 0.039925 0.375887 0.000069
v 0.039653 0.376754 0.001615
v 0.040582 0.375848 0.001858
v 0.039925 0.376114 0.001787
v 0.039653 0.377351 0.003057
v 0.040582 0.376539 0.003525
v 0.039925 0.376777 0.003388
v 0.039653 0.378300 0.004295
v 0.040582 0.377638 0.004957
v 0.039925 0.377832 0.004763
v 0.040582 0.379070 0.006056
v 0.039653 0.379538 0.005244
v 0.039925 0.379207 0.005818
v 0.040582 0.380737 0.006747
v 0.039653 0.380980 0.005841
v 0.039925 0.380808 0.006481
v 0.039653 0.382526 0.006045
v 0.040582 0.382526 0.006982
v 0.039925 0.382526 0.006708
v 0.039406 0.382526 -0.007962
v 0.039406 0.384604 -0.007688
v 0.039406 0.386541 -0.006886
v 0.039406 0.388204 -0.005610
v 0.039406 0.389480 -0.003947
v 0.039406 0.390283 -0.002010
v 0.039406 0.374769 -0.002010
v 0.039406 0.375571 -0.003947
v 0.039406 0.376848 -0.005610
v 0.039406 0.378511 -0.006886
v 0.039406 0.380448 -0.007688
v 0.037386 0.382526 -0.005823
v 0.037386 0.384051 -0.005623
v 0.037386 0.385472 -0.005034
v 0.037386 0.386692 -0.004098
v 0.037386 0.387628 -0.002877
v 0.037386 0.388217 -0.001456
v 0.037386 0.376835 -0.001456
v 0.037386 0.377423 -0.002877
v 0.037386 0.378359 -0.004098
v 0.037386 0.379580 -0.005034
v 0.037386 0.381001 -0.005623
v 0.002873 0.413248 -0.010840
v 0.005143 0.412886 -0.010143
v 0.023222 0.419086 -0.034686
v 0.029191 0.386363 -0.020281
v 0.029191 0.376279 -0.001605
v 0.029191 0.376924 -0.003165
v 0.029191 0.377953 -0.004505
v 0.029191 0.379292 -0.005533
v 0.040996 0.420890 -0.008086
v 0.034755 0.420890 -0.023154
v 0.029557 0.420890 -0.029488
v 0.038618 0.420890 -0.015927
v 0.038618 0.414689 -0.015927
v 0.034755 0.414689 -0.023154
v 0.028635 0.399339 -0.017872
v 0.029191 0.396600 -0.017456
v 0.029191 0.396600 -0.009460
v 0.029191 0.396600 -0.019596
v 0.028635 0.399584 -0.018145
v 0.029191 0.400909 -0.015414
v 0.007879 0.413248 -0.028976
v 0.022169 0.413248 -0.028976
v 0.015452 0.413248 -0.028976
v 0.005143 0.413248 -0.010143
v 0.015996 0.426881 -0.038549
v 0.023222 0.418099 -0.034686
v 0.008155 0.432289 -0.040928
v 0.025060 0.413248 -0.028976
v 0.011665 0.413248 -0.028976
v 0.012075 0.430181 -0.039738
v 0.003940 0.413248 -0.028976
v 0.004077 0.433708 -0.041329
v 0.018810 0.413248 -0.028976
v 0.019609 0.422958 -0.036618
v 0.036239 0.363423 -0.003790
v 0.036147 0.364175 -0.007580
v 0.034756 0.369256 -0.017920
v 0.035284 0.367114 -0.014699
v 0.034066 0.371801 -0.020832
v 0.035833 0.365409 -0.011230
v 0.033382 0.374699 -0.023387
v 0.032673 0.377060 -0.024979
v 0.034755 0.377277 -0.023154
v 0.040996 0.372667 -0.008086
v 0.038618 0.375210 -0.015927
v 0.041398 0.414689 -0.004009
v 0.041398 0.420890 -0.004009
v 0.041400 0.372251 -0.003988
v 0.039807 0.414689 -0.012007
v 0.039807 0.420890 -0.012007
v 0.039820 0.373756 -0.011963
v 0.036686 0.420890 -0.019541
v 0.036686 0.414689 -0.019541
v 0.036686 0.376215 -0.019541
v 0.041372 0.389779 -0.004272
v 0.041210 0.388516 -0.005918
v 0.041077 0.386761 -0.007264
v 0.040994 0.380333 -0.008111
v 0.040994 0.384718 -0.008111
v 0.040966 0.382526 -0.008399
v 0.041077 0.378290 -0.007264
v 0.041210 0.376536 -0.005918
v 0.041584 0.374344 -0.002122
v 0.041584 0.390707 -0.002122
v 0.041383 0.375190 -0.004164
v 0.029191 0.382526 -0.006399
v 0.029191 0.387100 -0.004505
v 0.029191 0.388127 -0.003165
v 0.029191 0.384200 -0.006179
v 0.029191 0.385760 -0.005533
v 0.029191 0.380852 -0.006179
v 0.029191 0.388774 -0.001605
v 0.029191 0.402473 -0.012966
v 0.029191 0.405063 -0.006347
v 0.029191 0.399085 -0.017872
v 0.029191 0.381001 -0.005623
v 0.029191 0.382526 -0.005823
v 0.029191 0.386692 -0.004098
v 0.029191 0.387628 -0.002877
v 0.029191 0.385472 -0.005034
v 0.029191 0.379580 -0.005034
v 0.029191 0.388217 -0.001456
v 0.029191 0.384051 -0.005623
v 0.029191 0.378359 -0.004098
v 0.029191 0.377423 -0.002877
v 0.029191 0.376835 -0.001456
v 0.038618 0.374941 -0.015927
v 0.040996 0.414689 -0.008086
v 0.039807 0.373592 -0.012007
v 0.041004 0.372864 -0.008050
v 0.041398 0.372050 -0.004009
v 0.041404 0.389480 -0.003947
v 0.041240 0.388204 -0.005610
v 0.041115 0.386541 -0.006886
v 0.041008 0.382526 -0.007962
v 0.041035 0.380448 -0.007688
v 0.041035 0.384604 -0.007688
v 0.041115 0.378511 -0.006886
v 0.041240 0.376848 -0.005610
v 0.041595 0.390283 -0.002010
v 0.041404 0.375571 -0.003947
v 0.041595 0.374769 -0.002010
v 0.028908 0.411971 -0.023527
v 0.028124 0.412894 -0.023527
v 0.029191 0.396185 -0.023527
v 0.026836 0.413248 -0.023527
v 0.029162 0.410693 -0.023527
v 0.009540 0.413248 -0.019250
v 0.003406 0.413248 -0.019908
v 0.012568 0.413248 -0.019114
v 0.006511 0.413248 -0.019560
v 0.021027 0.413248 -0.019143
v 0.018322 0.413248 -0.018984
v 0.015383 0.413248 -0.019056
v 0.031827 0.379696 -0.026197
v 0.034755 0.389209 -0.023154
v 0.036686 0.376526 -0.019541
v 0.034755 0.377535 -0.023154
v 0.039830 0.386517 -0.011929
v 0.036686 0.388560 -0.019541
v 0.038618 0.387636 -0.015927
v 0.034755 0.396648 -0.023154
v 0.039821 0.396648 -0.011960
v 0.036686 0.396648 -0.019541
v 0.038618 0.396648 -0.015927
v 0.041379 0.396648 -0.004199
v 0.040996 0.396648 -0.008086
v 0.036686 0.382761 -0.019541
v 0.039835 0.380264 -0.011912
v 0.034755 0.383554 -0.023154
v 0.038618 0.381632 -0.015927
v 0.008155 0.432938 -0.040928
v 0.004077 0.434444 -0.041329
v 0.012075 0.430947 -0.039738
v 0.015996 0.427686 -0.038549
v 0.019612 0.423698 -0.036616
v 0.015945 0.413248 -0.035487
v 0.015996 0.413898 -0.036276
v 0.015981 0.413439 -0.035997
v 0.028158 0.413248 -0.029839
v 0.028794 0.413895 -0.030114
v 0.028578 0.413438 -0.030057
v 0.023074 0.413248 -0.032883
v 0.023222 0.413891 -0.033677
v 0.023179 0.413437 -0.033380
v 0.008134 0.413248 -0.037293
v 0.008155 0.413900 -0.038077
v 0.008149 0.413439 -0.037805
v 0.031557 0.411200 -0.027051
v 0.030184 0.410693 -0.027617
v 0.030962 0.410841 -0.027451
v 0.030371 0.413461 -0.028495
v 0.029136 0.412906 -0.028895
v 0.029874 0.413069 -0.028778
v 0.029507 0.413727 -0.029488
v 0.028694 0.413119 -0.029358
v 0.029269 0.413275 -0.029450
v 0.029904 0.411971 -0.027959
v 0.031311 0.412315 -0.027350
v 0.030692 0.412071 -0.027781
v 0.031557 0.382538 -0.027051
v 0.030962 0.382433 -0.027451
v 0.030228 0.371847 -0.020879
v 0.029191 0.372742 -0.020842
v 0.029385 0.372110 -0.020868
v 0.029191 0.375476 -0.023240
v 0.030228 0.374761 -0.023434
v 0.029385 0.374971 -0.023377
v 0.029191 0.382635 -0.027165
v 0.030184 0.382390 -0.027617
v 0.029385 0.382462 -0.027485
v 0.029851 0.396289 -0.027617
v 0.029191 0.396145 -0.027165
v 0.029385 0.396185 -0.027485
v 0.029158 0.410693 -0.027165
v 0.029818 0.410693 -0.027617
v 0.029351 0.410693 -0.027485
v 0.029591 0.411971 -0.027959
v 0.028929 0.411971 -0.027507
v 0.029124 0.411971 -0.027827
v 0.026943 0.413239 -0.029016
v 0.015996 0.426209 -0.038431
v 0.025133 0.413248 -0.031903
v 0.004077 0.433079 -0.041242
v 0.028142 0.412905 -0.028442
v 0.028804 0.412906 -0.028895
v 0.028337 0.412906 -0.028762
v 0.025259 0.413891 -0.032707
v 0.025471 0.413248 -0.031741
v 0.025450 0.413437 -0.032299
v 0.012075 0.413901 -0.037258
v 0.012041 0.413248 -0.036480
v 0.012065 0.413439 -0.036989
v 0.004077 0.413902 -0.038604
v 0.004067 0.413248 -0.037830
v 0.004074 0.413440 -0.038340
v 0.019609 0.413897 -0.034957
v 0.019519 0.413248 -0.034177
v 0.019583 0.413439 -0.034679
v 0.029191 0.377718 -0.024738
v 0.030228 0.377151 -0.025031
v 0.029385 0.377318 -0.024945
v 0.029191 0.364178 -0.003669
v 0.030228 0.363424 -0.003798
v 0.029385 0.363645 -0.003760
v 0.029191 0.364909 -0.007345
v 0.030228 0.364180 -0.007599
v 0.029385 0.364394 -0.007524
v 0.029191 0.366115 -0.010896
v 0.030228 0.365426 -0.011268
v 0.029385 0.365628 -0.011159
v 0.029191 0.367775 -0.014262
v 0.030228 0.367139 -0.014744
v 0.029385 0.367326 -0.014603
v 0.029191 0.370344 -0.018108
v 0.030228 0.369293 -0.017966
v 0.029385 0.369600 -0.018007
v 0.030211 0.379217 -0.026051
v 0.029191 0.380019 -0.025874
v 0.029385 0.379661 -0.026102
v 0.031557 0.396579 -0.027051
v 0.030184 0.396364 -0.027617
v 0.030962 0.396512 -0.027451
v 0.029191 0.389415 -0.027165
v 0.029851 0.389695 -0.027617
v 0.029385 0.389580 -0.027485
v 0.030184 0.389735 -0.027617
v 0.031557 0.389764 -0.027051
v 0.030962 0.389789 -0.027451
v 0.026042 0.413892 -0.032139
v 0.026134 0.413248 -0.031272
v 0.026214 0.413437 -0.031754
v 0.027053 0.413248 -0.015853
v 0.027071 0.412795 -0.015183
v 0.027066 0.413116 -0.015379
v 0.011956 0.411147 -0.009137
v 0.011956 0.410667 -0.008691
v 0.011956 0.410808 -0.009006
v 0.017284 0.413248 -0.010017
v 0.016995 0.412795 -0.009311
v 0.017079 0.413116 -0.009518
v 0.021961 0.413248 -0.011861
v 0.022028 0.412795 -0.011295
v 0.022010 0.413116 -0.011462
v 0.029191 0.410236 -0.019596
v 0.029186 0.410693 -0.020322
v 0.029190 0.410559 -0.019808
v 0.019514 0.412795 -0.010064
v 0.019622 0.413248 -0.010716
v 0.019546 0.413116 -0.010255
v 0.024556 0.412795 -0.012845
v 0.024299 0.413248 -0.013294
v 0.024479 0.413116 -0.012975
v 0.007414 0.412652 -0.009524
v 0.007414 0.412269 -0.009079
v 0.034755 0.405668 -0.023154
v 0.007414 0.412410 -0.009393
v 0.009685 0.411458 -0.008807
v 0.009685 0.411937 -0.009253
v 0.009685 0.411599 -0.009122
v 0.014475 0.412795 -0.008991
v 0.014746 0.413248 -0.009695
v 0.014555 0.413116 -0.009197
v 0.024353 0.405257 -0.006596
v 0.025141 0.405063 -0.006347
v 0.024720 0.405120 -0.006420
v 0.027511 0.402473 -0.012966
v 0.027056 0.402464 -0.013952
v 0.027188 0.402470 -0.013255
v 0.021958 0.406674 -0.010815
v 0.021966 0.407150 -0.011265
v 0.021961 0.406813 -0.011132
v 0.024614 0.405584 -0.012898
v 0.024622 0.405099 -0.012460
v 0.024618 0.405242 -0.012771
v 0.019514 0.408093 -0.010064
v 0.019514 0.407614 -0.009619
v 0.019514 0.407755 -0.009934
v 0.016995 0.408568 -0.008866
v 0.016995 0.409048 -0.009311
v 0.016995 0.408708 -0.009180
v 0.014475 0.409522 -0.008546
v 0.014475 0.410001 -0.008991
v 0.014475 0.409663 -0.008861
v 0.027060 0.402457 -0.014726
v 0.027062 0.402932 -0.015174
v 0.027062 0.402594 -0.015043
v 0.012200 0.413248 -0.009842
v 0.011956 0.412795 -0.009137
v 0.012027 0.413116 -0.009343
v 0.028703 0.411520 -0.018321
v 0.028734 0.411971 -0.019064
v 0.028713 0.411838 -0.018542
v 0.028457 0.400601 -0.015896
v 0.027929 0.400738 -0.016490
v 0.028136 0.400593 -0.016194
v 0.007570 0.413248 -0.010237
v 0.007414 0.412908 -0.009524
v 0.029172 0.405919 -0.023527
v 0.007460 0.413116 -0.009733
v 0.009685 0.412795 -0.009253
v 0.009892 0.413248 -0.009960
v 0.009746 0.413116 -0.009460
v 0.027887 0.412300 -0.016752
v 0.027913 0.412767 -0.017473
v 0.027895 0.412624 -0.016964
v 0.027855 0.401362 -0.016667
v 0.039814 0.405668 -0.011983
v 0.027885 0.400964 -0.016593
v 0.036686 0.405668 -0.019541
v 0.038618 0.405668 -0.015927
v 0.041388 0.405668 -0.004104
v 0.040996 0.405668 -0.008086
v 0.029175 0.403419 -0.027165
v 0.029368 0.403439 -0.027485
v 0.029834 0.403491 -0.027617
v 0.031557 0.403889 -0.027051
v 0.030962 0.403676 -0.027451
v 0.030184 0.403528 -0.027617
v 0.019609 0.422199 -0.036478
v 0.025020 0.413437 -0.032504
v 0.024768 0.413891 -0.032941
v 0.008155 0.431753 -0.040844
v 0.012075 0.429490 -0.039633
v 0.023222 0.417063 -0.034438
v 0.037657 0.379437 -0.005283
v 0.037657 0.378156 -0.004301
v 0.037657 0.388494 -0.001531
v 0.037657 0.387877 -0.003021
v 0.037657 0.377174 -0.003021
v 0.037657 0.376557 -0.001531
v 0.037657 0.386895 -0.004301
v 0.037657 0.385616 -0.005283
v 0.037657 0.384125 -0.005900
v 0.037657 0.382526 -0.006110
v 0.037657 0.380927 -0.005900
v 0.039223 0.376985 -0.005472
v 0.039223 0.389312 -0.003849
v 0.039223 0.374957 -0.001959
v 0.039223 0.386444 -0.006718
v 0.039223 0.382526 -0.007768
v 0.039223 0.378608 -0.006718
v 0.039223 0.390095 -0.001959
v 0.039223 0.375740 -0.003849
v 0.039223 0.388067 -0.005472
v 0.039223 0.384554 -0.007501
v 0.039223 0.380498 -0.007501
v 0.039735 0.384604 -0.007688
v 0.039751 0.386541 -0.006886
v 0.039776 0.388204 -0.005610
v 0.039809 0.389480 -0.003947
v 0.039848 0.390283 -0.002010
v 0.039848 0.374769 -0.002010
v 0.039809 0.375571 -0.003947
v 0.039776 0.376848 -0.005610
v 0.039751 0.378511 -0.006886
v 0.039735 0.380448 -0.007688
v 0.039730 0.382526 -0.007962
v 0.040689 0.382526 -0.007962
v 0.040711 0.384604 -0.007688
v 0.040774 0.386541 -0.006886
v 0.040875 0.388204 -0.005610
v 0.041006 0.389480 -0.003947
v 0.041159 0.390283 -0.002010
v 0.041159 0.374769 -0.002010
v 0.041006 0.375571 -0.003947
v 0.040875 0.376848 -0.005610
v 0.040774 0.378511 -0.006886
v 0.040711 0.380448 -0.007688
v 0.030611 0.413866 -0.028204
v 0.031676 0.412566 -0.026906
v 0.015996 0.414661 -0.036409
v 0.019609 0.414559 -0.035078
v 0.023222 0.414401 -0.033799
v 0.025029 0.414365 -0.032930
v 0.028853 0.414443 -0.030065
v 0.031938 0.411616 -0.026586
v 0.012075 0.414858 -0.037404
v 0.029507 0.414312 -0.029488
v 0.008155 0.414936 -0.038237
v 0.025778 0.414378 -0.032377
v 0.024521 0.414397 -0.033180
v 0.004077 0.414987 -0.038754
v 0.031879 0.404069 -0.026658
v 0.032297 0.379794 -0.026038
v 0.033312 0.376923 -0.024646
v 0.036524 0.364180 -0.007599
v 0.036208 0.365426 -0.011268
v 0.036616 0.363424 -0.003798
v 0.034438 0.371847 -0.020879
v 0.033906 0.374912 -0.023293
v 0.035129 0.369293 -0.017966
v 0.035657 0.367139 -0.014744
v 0.029851 0.374761 -0.023434
v 0.029851 0.371847 -0.020879
v 0.029851 0.363424 -0.003798
v 0.029851 0.364180 -0.007599
v 0.029851 0.365426 -0.011268
v 0.029851 0.367139 -0.014744
v 0.029851 0.369293 -0.017966
v 0.029851 0.382390 -0.027617
v 0.029851 0.379387 -0.026134
v 0.029851 0.377151 -0.025031
v 0.036653 0.364397 -0.007547
v 0.036338 0.365636 -0.011197
v 0.036744 0.363647 -0.003772
v 0.034577 0.372017 -0.020744
v 0.033751 0.374761 -0.023434
v 0.035266 0.369478 -0.017850
v 0.035792 0.367339 -0.014650
v 0.033035 0.377151 -0.025031
v 0.036585 0.375979 -0.019563
v 0.038502 0.374712 -0.015959
v 0.039686 0.373365 -0.012035
v 0.040872 0.372441 -0.008105
v 0.041270 0.371826 -0.004019
v 0.034690 0.377023 -0.023140
v 0.005281 0.413248 -0.011722
v 0.002921 0.413248 -0.012298
v 0.003523 0.413248 -0.010640
v 0.003516 0.413248 -0.012144
v 0.005143 0.412886 -0.008332
v 0.003508 0.413147 -0.008341
v 0.002873 0.413248 -0.008345
v 0.005143 0.412886 -0.009336
v 0.003519 0.413145 -0.009494
v 0.002873 0.413248 -0.009552
v 0.002895 0.413248 -0.011623
v 0.003519 0.413248 -0.011571
v 0.005201 0.413248 -0.010938
v 0.003527 0.413144 -0.010365
v 0.002873 0.413248 -0.010292
v 0.004623 0.413248 -0.011155
v 0.004599 0.413248 -0.010310
v 0.004644 0.412966 -0.010212
v 0.004643 0.413248 -0.011874
v 0.004589 0.412974 -0.008335
v 0.004620 0.412970 -0.009387
v 0.026637 0.420058 -0.031884
v 0.038618 0.445551 -0.015927
v 0.034755 0.445551 -0.023154
v 0.029557 0.445551 -0.029488
v 0.040996 0.445551 -0.008086
v 0.041398 0.445551 -0.004009
v 0.039807 0.445551 -0.012007
v 0.036686 0.445551 -0.019541
v 0.023222 0.445551 -0.034686
v 0.015996 0.445551 -0.038549
v 0.008155 0.445551 -0.040928
v 0.004077 0.445551 -0.041329
v 0.012075 0.445551 -0.039738
v 0.019705 0.445551 -0.036566
v 0.026235 0.445551 -0.032214
v 0.034755 0.410340 -0.023154
v 0.039810 0.410179 -0.011995
v 0.036686 0.410179 -0.019541
v 0.038618 0.410179 -0.015927
v 0.041393 0.410179 -0.004056
v 0.040996 0.410179 -0.008086
v 0.032073 0.382701 -0.026422
v 0.031947 0.396587 -0.026575
v 0.032010 0.389685 -0.026499
v 0.028900 0.400787 -0.015606
v 0.028821 0.405063 -0.006347
v 0.029052 0.399149 -0.017872
v 0.028940 0.402473 -0.012966
v 0.029191 0.398570 -0.017785
v 0.029191 0.402160 -0.012779
v 0.029191 0.400674 -0.015090
v 0.029191 0.404652 -0.006498
v -0.039406 0.382526 -0.007962
v -0.039406 0.384604 -0.007688
v -0.039406 0.386541 -0.006886
v -0.039406 0.388204 -0.005610
v -0.039406 0.389480 -0.003947
v -0.039406 0.390283 -0.002010
v -0.039406 0.374769 -0.002010
v -0.039406 0.375571 -0.003947
v -0.039406 0.376848 -0.005610
v -0.039406 0.378511 -0.006886
v -0.039406 0.380448 -0.007688
v -0.037386 0.382526 -0.005823
v -0.037386 0.384051 -0.005623
v -0.037386 0.385472 -0.005034
v -0.037386 0.386692 -0.004098
v -0.037386 0.387628 -0.002877
v -0.037386 0.388217 -0.001456
v -0.037386 0.376835 -0.001456
v -0.037386 0.377423 -0.002877
v -0.037386 0.378359 -0.004098
v -0.037386 0.379580 -0.005034
v -0.037386 0.381001 -0.005623
v -0.002872 0.413248 -0.010840
v -0.005143 0.412886 -0.010143
v 0.000000 0.413248 -0.010840
v -0.023222 0.419086 -0.034686
v -0.029191 0.386363 -0.020281
v -0.029191 0.376279 -0.001605
v -0.029191 0.376924 -0.003165
v -0.029191 0.377953 -0.004505
v -0.029191 0.379292 -0.005533
v -0.040996 0.420890 -0.008086
v -0.034755 0.420890 -0.023154
v -0.029556 0.420890 -0.029488
v -0.038617 0.420890 -0.015927
v -0.038617 0.414689 -0.015927
v -0.034755 0.414689 -0.023154
v -0.028635 0.399339 -0.017872
v -0.029191 0.396600 -0.017456
v -0.029191 0.396600 -0.009460
v -0.029191 0.396600 -0.019596
v -0.028635 0.399584 -0.018145
v -0.029191 0.400909 -0.015414
v -0.007879 0.413248 -0.028976
v -0.022169 0.413248 -0.028976
v -0.015451 0.413248 -0.028976
v 0.000000 0.413248 -0.028976
v -0.005143 0.413248 -0.010143
v -0.015996 0.426881 -0.038549
v -0.023222 0.418099 -0.034686
v -0.008155 0.432289 -0.040928
v 0.000000 0.433794 -0.041731
v -0.025060 0.413248 -0.028976
v -0.011665 0.413248 -0.028976
v -0.012075 0.430181 -0.039738
v -0.003939 0.413248 -0.028976
v -0.004077 0.433708 -0.041329
v -0.018810 0.413248 -0.028976
v -0.019609 0.422958 -0.036618
v -0.036238 0.363423 -0.003790
v -0.036147 0.364175 -0.007580
v -0.034756 0.369256 -0.017920
v -0.035284 0.367114 -0.014699
v -0.034066 0.371801 -0.020832
v -0.035833 0.365409 -0.011230
v -0.033382 0.374699 -0.023387
v -0.032673 0.377060 -0.024979
v -0.034755 0.377277 -0.023154
v -0.040996 0.372667 -0.008086
v -0.038618 0.375210 -0.015927
v -0.041397 0.414689 -0.004009
v -0.041397 0.420890 -0.004009
v -0.041400 0.372251 -0.003988
v -0.039807 0.414689 -0.012007
v -0.039807 0.420890 -0.012007
v -0.039820 0.373756 -0.011963
v -0.036686 0.420890 -0.019541
v -0.036686 0.414689 -0.019541
v -0.036686 0.376215 -0.019541
v -0.041372 0.389779 -0.004272
v -0.041210 0.388516 -0.005918
v -0.041077 0.386761 -0.007264
v -0.040994 0.380333 -0.008111
v -0.040994 0.384718 -0.008111
v -0.040966 0.382526 -0.008399
v -0.041077 0.378290 -0.007264
v -0.041210 0.376536 -0.005918
v -0.041583 0.374344 -0.002122
v -0.041583 0.390707 -0.002122
v -0.041383 0.375190 -0.004164
v -0.029191 0.382526 -0.006399
v -0.029191 0.387100 -0.004505
v -0.029191 0.388127 -0.003165
v -0.029191 0.384200 -0.006179
v -0.029191 0.385760 -0.005533
v -0.029191 0.380852 -0.006179
v -0.029191 0.388774 -0.001605
v -0.029191 0.402473 -0.012966
v -0.029191 0.405063 -0.006347
v -0.029191 0.399085 -0.017872
v -0.029191 0.381001 -0.005623
v -0.029191 0.382526 -0.005823
v -0.029191 0.386692 -0.004098
v -0.029191 0.387628 -0.002877
v -0.029191 0.385472 -0.005034
v -0.029191 0.379580 -0.005034
v -0.029191 0.388217 -0.001456
v -0.029191 0.384051 -0.005623
v -0.029191 0.378359 -0.004098
v -0.029191 0.377423 -0.002877
v -0.029191 0.376835 -0.001456
v -0.038618 0.374941 -0.015927
v -0.040996 0.414689 -0.008086
v -0.039807 0.373592 -0.012007
v -0.041004 0.372864 -0.008050
v -0.041398 0.372050 -0.004009
v -0.041404 0.389480 -0.003947
v -0.041240 0.388204 -0.005610
v -0.041114 0.386541 -0.006886
v -0.041008 0.382526 -0.007962
v -0.041035 0.380448 -0.007688
v -0.041035 0.384604 -0.007688
v -0.041114 0.378511 -0.006886
v -0.041240 0.376848 -0.005610
v -0.041595 0.390283 -0.002010
v -0.041404 0.375571 -0.003947
v -0.041595 0.374769 -0.002010
v -0.028908 0.411971 -0.023527
v -0.028124 0.412894 -0.023527
v -0.029191 0.396185 -0.023527
v -0.026836 0.413248 -0.023527
v -0.029162 0.410693 -0.023527
v -0.009540 0.413248 -0.019250
v -0.003406 0.413248 -0.019908
v -0.012568 0.413248 -0.019114
v -0.006511 0.413248 -0.019560
v -0.021027 0.413248 -0.019143
v -0.018322 0.413248 -0.018984
v -0.015383 0.413248 -0.019056
v 0.000000 0.413248 -0.019908
v -0.031827 0.379696 -0.026197
v -0.034755 0.389209 -0.023154
v -0.036686 0.376526 -0.019541
v -0.034755 0.377535 -0.023154
v -0.039830 0.386517 -0.011929
v -0.036686 0.388560 -0.019541
v -0.038618 0.387636 -0.015927
v -0.034755 0.396648 -0.023154
v -0.039821 0.396648 -0.011960
v -0.036686 0.396648 -0.019541
v -0.038618 0.396648 -0.015927
v -0.041379 0.396648 -0.004199
v -0.040996 0.396648 -0.008086
v -0.036686 0.382761 -0.019541
v -0.039835 0.380264 -0.011912
v -0.034755 0.383554 -0.023154
v -0.038618 0.381632 -0.015927
v -0.008155 0.432938 -0.040928
v -0.004077 0.434444 -0.041329
v -0.012075 0.430947 -0.039738
v -0.015996 0.427686 -0.038549
v 0.000000 0.434479 -0.041731
v -0.019612 0.423698 -0.036616
v -0.015945 0.413248 -0.035487
v -0.015996 0.413898 -0.036276
v -0.015981 0.413439 -0.035997
v -0.028158 0.413248 -0.029839
v -0.028793 0.413895 -0.030114
v -0.028578 0.413438 -0.030057
v -0.023074 0.413248 -0.032883
v -0.023222 0.413891 -0.033677
v -0.023179 0.413437 -0.033380
v -0.008134 0.413248 -0.037293
v -0.008155 0.413900 -0.038077
v -0.008148 0.413439 -0.037805
v -0.031557 0.411200 -0.027051
v -0.030184 0.410693 -0.027617
v -0.030962 0.410841 -0.027451
v -0.030371 0.413461 -0.028495
v -0.029136 0.412906 -0.028895
v -0.029874 0.413069 -0.028778
v -0.029507 0.413727 -0.029488
v -0.028694 0.413119 -0.029358
v -0.029269 0.413275 -0.029450
v -0.029903 0.411971 -0.027959
v -0.031311 0.412315 -0.027350
v -0.030692 0.412072 -0.027781
v -0.031557 0.382538 -0.027051
v -0.030962 0.382433 -0.027451
v -0.030228 0.371847 -0.020879
v -0.029191 0.372742 -0.020842
v -0.029384 0.372110 -0.020868
v -0.029191 0.375476 -0.023240
v -0.030228 0.374761 -0.023434
v -0.029384 0.374971 -0.023377
v -0.029191 0.382635 -0.027165
v -0.030184 0.382390 -0.027617
v -0.029384 0.382462 -0.027485
v -0.029851 0.396289 -0.027617
v -0.029191 0.396145 -0.027165
v -0.029384 0.396185 -0.027485
v 0.000000 0.413901 -0.038873
v 0.000000 0.413248 -0.038094
v 0.000000 0.413440 -0.038606
v -0.029158 0.410693 -0.027165
v -0.029818 0.410693 -0.027617
v -0.029351 0.410693 -0.027485
v -0.029591 0.411971 -0.027959
v -0.028929 0.411971 -0.027507
v -0.029124 0.411971 -0.027827
v -0.026943 0.413239 -0.029016
v 0.000000 0.433179 -0.041642
v -0.015996 0.426209 -0.038431
v -0.025132 0.413248 -0.031903
v -0.004077 0.433079 -0.041242
v -0.028142 0.412905 -0.028442
v -0.028804 0.412906 -0.028895
v -0.028337 0.412906 -0.028762
v -0.025259 0.413891 -0.032707
v -0.025471 0.413248 -0.031741
v -0.025450 0.413437 -0.032299
v -0.012075 0.413901 -0.037258
v -0.012041 0.413248 -0.036480
v -0.012065 0.413439 -0.036989
v -0.004077 0.413902 -0.038604
v -0.004067 0.413248 -0.037830
v -0.004074 0.413440 -0.038340
v -0.019609 0.413897 -0.034957
v -0.019519 0.413248 -0.034177
v -0.019583 0.413439 -0.034679
v -0.029191 0.377718 -0.024738
v -0.030228 0.377151 -0.025031
v -0.029384 0.377318 -0.024945
v -0.029191 0.364178 -0.003669
v -0.030228 0.363424 -0.003798
v -0.029384 0.363645 -0.003760
v -0.029191 0.364909 -0.007345
v -0.030228 0.364180 -0.007599
v -0.029384 0.364394 -0.007524
v -0.029191 0.366115 -0.010896
v -0.030228 0.365426 -0.011268
v -0.029384 0.365628 -0.011159
v -0.029191 0.367775 -0.014262
v -0.030228 0.367139 -0.014744
v -0.029384 0.367326 -0.014603
v -0.029191 0.370344 -0.018108
v -0.030228 0.369293 -0.017966
v -0.029384 0.369600 -0.018007
v -0.030211 0.379217 -0.026051
v -0.029191 0.380019 -0.025874
v -0.029384 0.379661 -0.026102
v -0.031557 0.396579 -0.027051
v -0.030184 0.396364 -0.027617
v -0.030962 0.396512 -0.027451
v -0.029191 0.389415 -0.027165
v -0.029851 0.389695 -0.027617
v -0.029384 0.389580 -0.027485
v -0.030184 0.389735 -0.027617
v -0.031557 0.389764 -0.027051
v -0.030962 0.389789 -0.027451
v -0.026042 0.413892 -0.032139
v -0.026134 0.413248 -0.031272
v -0.026214 0.413437 -0.031754
v -0.027053 0.413248 -0.015853
v -0.027071 0.412795 -0.015183
v -0.027066 0.413116 -0.015379
v -0.011956 0.411147 -0.009137
v -0.011956 0.410667 -0.008691
v -0.011956 0.410808 -0.009006
v -0.017284 0.413248 -0.010017
v -0.016994 0.412795 -0.009311
v -0.017079 0.413116 -0.009518
v -0.021961 0.413248 -0.011861
v -0.022028 0.412795 -0.011295
v -0.022010 0.413116 -0.011462
v -0.029191 0.410236 -0.019596
v -0.029186 0.410693 -0.020322
v -0.029190 0.410559 -0.019808
v -0.019514 0.412795 -0.010064
v -0.019622 0.413248 -0.010716
v -0.019545 0.413116 -0.010255
v -0.024556 0.412795 -0.012845
v -0.024299 0.413248 -0.013294
v -0.024479 0.413116 -0.012975
v -0.007414 0.412652 -0.009524
v -0.007414 0.412269 -0.009079
v -0.034755 0.405668 -0.023154
v -0.007414 0.412410 -0.009393
v -0.009685 0.411458 -0.008807
v -0.009685 0.411937 -0.009253
v -0.009685 0.411599 -0.009122
v -0.014475 0.412795 -0.008991
v -0.014746 0.413248 -0.009695
v -0.014555 0.413116 -0.009197
v -0.024353 0.405257 -0.006596
v -0.025141 0.405063 -0.006347
v -0.024720 0.405120 -0.006420
v -0.027511 0.402473 -0.012966
v -0.027056 0.402464 -0.013952
v -0.027188 0.402470 -0.013255
v -0.021957 0.406674 -0.010815
v -0.021966 0.407150 -0.011265
v -0.021961 0.406813 -0.011132
v -0.024613 0.405584 -0.012898
v -0.024622 0.405099 -0.012460
v -0.024618 0.405242 -0.012771
v -0.019514 0.408093 -0.010064
v -0.019514 0.407614 -0.009619
v -0.019514 0.407755 -0.009934
v -0.016994 0.408568 -0.008866
v -0.016994 0.409048 -0.009311
v -0.016994 0.408708 -0.009180
v -0.014475 0.409522 -0.008546
v -0.014475 0.410001 -0.008991
v -0.014475 0.409663 -0.008861
v -0.027060 0.402457 -0.014726
v -0.027062 0.402932 -0.015174
v -0.027061 0.402594 -0.015043
v -0.012200 0.413248 -0.009842
v -0.011956 0.412795 -0.009137
v -0.012027 0.413116 -0.009343
v -0.028703 0.411520 -0.018321
v -0.028734 0.411971 -0.019064
v -0.028713 0.411838 -0.018542
v -0.028457 0.400601 -0.015896
v -0.027929 0.400738 -0.016490
v -0.028136 0.400593 -0.016194
v -0.007570 0.413248 -0.010237
v -0.007414 0.412908 -0.009524
v -0.029172 0.405919 -0.023527
v -0.007460 0.413116 -0.009733
v -0.009685 0.412795 -0.009253
v -0.009892 0.413248 -0.009960
v -0.009746 0.413116 -0.009460
v -0.027887 0.412300 -0.016752
v -0.027913 0.412767 -0.017473
v -0.027895 0.412624 -0.016964
v -0.027855 0.401362 -0.016667
v -0.039814 0.405668 -0.011983
v -0.027885 0.400964 -0.016593
v -0.036686 0.405668 -0.019541
v -0.038618 0.405668 -0.015927
v -0.041388 0.405668 -0.004104
v -0.040996 0.405668 -0.008086
v -0.029175 0.403419 -0.027165
v -0.029368 0.403439 -0.027485
v -0.029834 0.403491 -0.027617
v -0.031557 0.403889 -0.027051
v -0.030962 0.403676 -0.027451
v -0.030184 0.403528 -0.027617
v -0.019609 0.422199 -0.036478
v -0.025020 0.413437 -0.032504
v -0.024768 0.413891 -0.032941
v -0.008155 0.431753 -0.040844
v -0.012075 0.429490 -0.039633
v -0.023222 0.417063 -0.034438
v -0.037657 0.379437 -0.005283
v -0.037657 0.378156 -0.004301
v -0.037657 0.388494 -0.001531
v -0.037657 0.387877 -0.003021
v -0.037657 0.377174 -0.003021
v -0.037657 0.376557 -0.001531
v -0.037657 0.386895 -0.004301
v -0.037657 0.385616 -0.005283
v -0.037657 0.384125 -0.005900
v -0.037657 0.382526 -0.006110
v -0.037657 0.380927 -0.005900
v -0.039223 0.376985 -0.005472
v -0.039223 0.389312 -0.003849
v -0.039223 0.374957 -0.001959
v -0.039223 0.386444 -0.006718
v -0.039223 0.382526 -0.007768
v -0.039223 0.378608 -0.006718
v -0.039223 0.390095 -0.001959
v -0.039223 0.375740 -0.003849
v -0.039223 0.388067 -0.005472
v -0.039223 0.384554 -0.007501
v -0.039223 0.380498 -0.007501
v -0.039735 0.384604 -0.007688
v -0.039751 0.386541 -0.006886
v -0.039776 0.388204 -0.005610
v -0.039809 0.389480 -0.003947
v -0.039848 0.390283 -0.002010
v -0.039848 0.374769 -0.002010
v -0.039809 0.375571 -0.003947
v -0.039776 0.376848 -0.005610
v -0.039751 0.378511 -0.006886
v -0.039735 0.380448 -0.007688
v -0.039729 0.382526 -0.007962
v -0.040689 0.382526 -0.007962
v -0.040711 0.384604 -0.007688
v -0.040774 0.386541 -0.006886
v -0.040875 0.388204 -0.005610
v -0.041006 0.389480 -0.003947
v -0.041159 0.390283 -0.002010
v -0.041159 0.374769 -0.002010
v -0.041006 0.375571 -0.003947
v -0.040875 0.376848 -0.005610
v -0.040774 0.378511 -0.006886
v -0.040711 0.380448 -0.007688
v -0.030610 0.413866 -0.028204
v -0.031676 0.412566 -0.026906
v -0.015996 0.414661 -0.036409
v -0.019609 0.414559 -0.035078
v -0.023222 0.414401 -0.033799
v -0.025029 0.414365 -0.032930
v -0.028853 0.414443 -0.030065
v -0.031938 0.411616 -0.026586
v -0.012075 0.414858 -0.037404
v -0.029507 0.414312 -0.029488
v -0.008155 0.414936 -0.038237
v -0.025778 0.414378 -0.032377
v -0.024521 0.414397 -0.033180
v -0.004077 0.414987 -0.038754
v 0.000000 0.414999 -0.039030
v -0.031879 0.404069 -0.026658
v -0.032297 0.379794 -0.026038
v -0.033312 0.376923 -0.024646
v -0.036523 0.364180 -0.007599
v -0.036207 0.365426 -0.011268
v -0.036615 0.363424 -0.003798
v -0.034438 0.371847 -0.020879
v -0.033906 0.374912 -0.023293
v -0.035129 0.369293 -0.017966
v -0.035657 0.367139 -0.014744
v -0.029851 0.374761 -0.023434
v -0.029851 0.371847 -0.020879
v -0.029851 0.363424 -0.003798
v -0.029851 0.364180 -0.007599
v -0.029851 0.365426 -0.011268
v -0.029851 0.367139 -0.014744
v -0.029851 0.369293 -0.017966
v -0.029851 0.382390 -0.027617
v -0.029851 0.379387 -0.026134
v -0.029851 0.377151 -0.025031
v -0.036652 0.364397 -0.007547
v -0.036338 0.365636 -0.011197
v -0.036744 0.363647 -0.003772
v -0.034577 0.372017 -0.020744
v -0.033751 0.374761 -0.023434
v -0.035265 0.369478 -0.017850
v -0.035792 0.367339 -0.014650
v -0.033035 0.377151 -0.025031
v -0.036585 0.375979 -0.019563
v -0.038502 0.374712 -0.015959
v -0.039685 0.373365 -0.012035
v -0.040872 0.372441 -0.008105
v -0.041270 0.371826 -0.004019
v -0.034690 0.377023 -0.023140
v 0.000000 0.413248 -0.012308
v -0.005280 0.413248 -0.011722
v -0.002921 0.413248 -0.012298
v -0.003523 0.413248 -0.010640
v -0.003516 0.413248 -0.012144
v -0.005143 0.412886 -0.008332
v 0.000000 0.413248 -0.008747
v -0.003508 0.413147 -0.008341
v -0.002872 0.413248 -0.008345
v 0.000000 0.413248 -0.009855
v -0.005143 0.412886 -0.009336
v -0.003519 0.413145 -0.009494
v -0.002872 0.413248 -0.009552
v -0.002895 0.413248 -0.011623
v -0.003519 0.413248 -0.011571
v -0.005201 0.413248 -0.010938
v 0.000000 0.413248 -0.011588
v -0.003527 0.413144 -0.010365
v 0.000000 0.413248 -0.010391
v -0.002872 0.413248 -0.010292
v -0.004623 0.413248 -0.011155
v -0.004599 0.413248 -0.010310
v -0.004643 0.412966 -0.010212
v -0.004643 0.413248 -0.011874
v -0.004589 0.412974 -0.008335
v -0.004620 0.412970 -0.009387
v -0.026637 0.420058 -0.031884
v -0.038617 0.445551 -0.015927
v -0.034755 0.445551 -0.023154
v -0.029556 0.445551 -0.029488
v -0.040996 0.445551 -0.008086
v -0.041397 0.445551 -0.004009
v -0.039807 0.445551 -0.012007
v -0.036686 0.445551 -0.019541
v -0.023222 0.445551 -0.034686
v -0.015996 0.445551 -0.038549
v -0.008155 0.445551 -0.040928
v -0.004077 0.445551 -0.041329
v -0.012075 0.445551 -0.039738
v 0.000000 0.445551 -0.041731
v -0.019705 0.445551 -0.036566
v -0.026235 0.445551 -0.032214
v -0.034755 0.410340 -0.023154
v -0.039810 0.410179 -0.011995
v -0.036686 0.410179 -0.019541
v -0.038617 0.410179 -0.015927
v -0.041393 0.410179 -0.004056
v -0.040996 0.410179 -0.008086
v -0.032073 0.382701 -0.026422
v -0.031947 0.396587 -0.026575
v -0.032010 0.389685 -0.026499
v -0.028900 0.400787 -0.015606
v -0.028821 0.405063 -0.006347
v -0.029052 0.399149 -0.017872
v -0.028940 0.402473 -0.012966
v -0.029191 0.398570 -0.017785
v -0.029191 0.402160 -0.012779
v -0.029191 0.400674 -0.015090
v -0.029191 0.404652 -0.006498
v 0.039406 0.382526 0.008099
v 0.039406 0.384604 0.007826
v 0.039406 0.386541 0.007023
v 0.039406 0.388204 0.005747
v 0.039406 0.389480 0.004084
v 0.039406 0.390283 0.002147
v 0.039406 0.390557 0.000069
v 0.039406 0.374496 0.000069
v 0.039406 0.374769 0.002147
v 0.039406 0.375571 0.004084
v 0.039406 0.376848 0.005747
v 0.039406 0.378511 0.007023
v 0.039406 0.380448 0.007826
v 0.037386 0.382526 0.005961
v 0.037386 0.384051 0.005760
v 0.037386 0.385472 0.005171
v 0.037386 0.386692 0.004235
v 0.037386 0.387628 0.003015
v 0.037386 0.388217 0.001594
v 0.037386 0.388418 0.000069
v 0.037386 0.376634 0.000069
v 0.037386 0.376835 0.001594
v 0.037386 0.377423 0.003015
v 0.037386 0.378359 0.004235
v 0.037386 0.379580 0.005171
v 0.037386 0.381001 0.005760
v 0.002873 0.413248 0.010978
v 0.005143 0.412886 0.010281
v 0.023222 0.419086 0.034824
v 0.029191 0.386363 0.020419
v 0.029191 0.376279 0.001743
v 0.029191 0.376924 0.003303
v 0.029191 0.377953 0.004642
v 0.029191 0.379292 0.005670
v 0.040996 0.420890 0.008223
v 0.034755 0.420890 0.023291
v 0.029557 0.420890 0.029625
v 0.038618 0.420890 0.016065
v 0.038618 0.414689 0.016065
v 0.034755 0.414689 0.023291
v 0.028635 0.399339 0.018009
v 0.029191 0.396600 0.017594
v 0.029191 0.396600 0.009598
v 0.029191 0.396600 0.019733
v 0.028635 0.399584 0.018282
v 0.029191 0.400909 0.015552
v 0.007879 0.413248 0.029113
v 0.022169 0.413248 0.029113
v 0.015452 0.413248 0.029113
v 0.005143 0.413248 0.010281
v 0.015996 0.426881 0.038686
v 0.023222 0.418099 0.034824
v 0.008155 0.432289 0.041065
v 0.025060 0.413248 0.029113
v 0.011665 0.413248 0.029113
v 0.012075 0.430181 0.039876
v 0.003940 0.413248 0.029113
v 0.004077 0.433708 0.041467
v 0.018810 0.413248 0.029113
v 0.019609 0.422957 0.036755
v 0.036239 0.363423 0.003927
v 0.036147 0.364175 0.007717
v 0.034756 0.369256 0.018057
v 0.035284 0.367114 0.014836
v 0.034066 0.371801 0.020970
v 0.035833 0.365409 0.011367
v 0.033382 0.374699 0.023524
v 0.032673 0.377060 0.025117
v 0.034755 0.377277 0.023291
v 0.040996 0.372667 0.008223
v 0.038618 0.375210 0.016065
v 0.041398 0.414689 0.004146
v 0.041398 0.420890 0.004146
v 0.041400 0.372251 0.004126
v 0.039807 0.414689 0.012144
v 0.039807 0.420890 0.012144
v 0.039820 0.373756 0.012100
v 0.036686 0.420890 0.019678
v 0.036686 0.414689 0.019678
v 0.036686 0.376215 0.019678
v 0.002873 0.413248 0.000069
v 0.021888 0.406716 0.000069
v 0.041799 0.420890 0.000069
v 0.041799 0.414689 0.000069
v 0.029191 0.405630 0.000069
v 0.019514 0.407614 0.000069
v 0.011956 0.410667 0.000069
v 0.016995 0.408568 0.000069
v 0.007414 0.412269 0.000069
v 0.009685 0.411458 0.000069
v 0.005143 0.412886 0.000069
v 0.014475 0.409522 0.000069
v 0.036693 0.363171 0.000069
v 0.041799 0.371819 0.000069
v 0.041372 0.389779 0.004409
v 0.041210 0.388516 0.006056
v 0.041077 0.386761 0.007402
v 0.041799 0.390557 0.000069
v 0.040994 0.380333 0.008248
v 0.040994 0.384718 0.008248
v 0.040966 0.382526 0.008537
v 0.041077 0.378290 0.007402
v 0.041210 0.376536 0.006056
v 0.041584 0.374344 0.002260
v 0.041584 0.390707 0.002260
v 0.041799 0.374496 0.000069
v 0.041383 0.375190 0.004302
v 0.029191 0.382526 0.006537
v 0.029191 0.376634 0.000069
v 0.029191 0.387100 0.004642
v 0.029191 0.388127 0.003303
v 0.029191 0.384200 0.006316
v 0.029191 0.385760 0.005670
v 0.029191 0.380852 0.006316
v 0.029191 0.388774 0.001743
v 0.029191 0.388418 0.000069
v 0.029191 0.376134 0.000069
v 0.029191 0.402473 0.013103
v 0.029191 0.405063 0.006484
v 0.029191 0.399085 0.018009
v 0.029191 0.388919 0.000069
v 0.029191 0.396600 0.000069
v 0.029191 0.381001 0.005760
v 0.029191 0.382526 0.005961
v 0.029191 0.386692 0.004235
v 0.029191 0.387628 0.003015
v 0.029191 0.385472 0.005171
v 0.029191 0.379580 0.005171
v 0.029191 0.388217 0.001594
v 0.029191 0.384051 0.005760
v 0.029191 0.378359 0.004235
v 0.029191 0.377423 0.003015
v 0.029191 0.376835 0.001594
v 0.038618 0.374941 0.016065
v 0.041757 0.390939 0.000069
v 0.040996 0.414689 0.008223
v 0.039807 0.373592 0.012144
v 0.041004 0.372864 0.008187
v 0.041398 0.372050 0.004146
v 0.041404 0.389480 0.004084
v 0.041780 0.372032 0.000069
v 0.041240 0.388204 0.005747
v 0.041115 0.386541 0.007023
v 0.041008 0.382526 0.008099
v 0.041035 0.380448 0.007826
v 0.041035 0.384604 0.007826
v 0.041115 0.378511 0.007023
v 0.041240 0.376848 0.005747
v 0.041595 0.390283 0.002147
v 0.041404 0.375571 0.004084
v 0.041595 0.374769 0.002147
v 0.041757 0.374113 0.000069
v 0.028908 0.411971 0.023665
v 0.028124 0.412894 0.023665
v 0.029191 0.396185 0.023665
v 0.026836 0.413248 0.023665
v 0.029162 0.410693 0.023665
v 0.009540 0.413248 0.019387
v 0.003406 0.413248 0.020046
v 0.012568 0.413248 0.019252
v 0.006511 0.413248 0.019697
v 0.021027 0.413248 0.019281
v 0.018322 0.413248 0.019121
v 0.015383 0.413248 0.019194
v 0.031827 0.379696 0.026334
v 0.034755 0.389209 0.023291
v 0.036686 0.376526 0.019678
v 0.034755 0.377535 0.023291
v 0.039830 0.386517 0.012067
v 0.036686 0.388560 0.019678
v 0.038618 0.387636 0.016065
v 0.034755 0.396648 0.023291
v 0.039821 0.396648 0.012098
v 0.036686 0.396648 0.019678
v 0.038618 0.396648 0.016065
v 0.041379 0.396648 0.004336
v 0.041767 0.396648 0.000069
v 0.040996 0.396648 0.008223
v 0.036686 0.382761 0.019678
v 0.039835 0.380264 0.012050
v 0.034755 0.383554 0.023291
v 0.038618 0.381632 0.016065
v 0.008155 0.432938 0.041065
v 0.004077 0.434444 0.041467
v 0.012075 0.430947 0.039876
v 0.015996 0.427686 0.038686
v 0.019612 0.423698 0.036753
v 0.015945 0.413248 0.035624
v 0.015996 0.413898 0.036413
v 0.015981 0.413439 0.036135
v 0.028158 0.413248 0.029976
v 0.028794 0.413895 0.030252
v 0.028578 0.413438 0.030195
v 0.023074 0.413248 0.033020
v 0.023222 0.413891 0.033814
v 0.023179 0.413437 0.033518
v 0.008134 0.413248 0.037431
v 0.008155 0.413900 0.038214
v 0.008149 0.413439 0.037943
v 0.031557 0.411200 0.027188
v 0.030184 0.410693 0.027754
v 0.030962 0.410841 0.027589
v 0.030371 0.413461 0.028633
v 0.029136 0.412906 0.029032
v 0.029874 0.413069 0.028915
v 0.029507 0.413727 0.029625
v 0.028694 0.413119 0.029495
v 0.029269 0.413275 0.029587
v 0.029904 0.411971 0.028097
v 0.031311 0.412315 0.027487
v 0.030692 0.412071 0.027918
v 0.031557 0.382538 0.027188
v 0.030962 0.382433 0.027589
v 0.030228 0.371847 0.021016
v 0.029191 0.372742 0.020980
v 0.029385 0.372110 0.021006
v 0.029191 0.375476 0.023377
v 0.030228 0.374761 0.023572
v 0.029385 0.374971 0.023515
v 0.029191 0.382635 0.027302
v 0.030184 0.382390 0.027754
v 0.029385 0.382462 0.027622
v 0.029851 0.396289 0.027754
v 0.029191 0.396145 0.027302
v 0.029385 0.396185 0.027622
v 0.029158 0.410693 0.027302
v 0.029818 0.410693 0.027754
v 0.029351 0.410693 0.027622
v 0.029591 0.411971 0.028097
v 0.028929 0.411971 0.027645
v 0.029124 0.411971 0.027964
v 0.026943 0.413239 0.029154
v 0.015996 0.426209 0.038569
v 0.025133 0.413248 0.032040
v 0.004077 0.433079 0.041380
v 0.028142 0.412905 0.028579
v 0.028804 0.412906 0.029032
v 0.028337 0.412906 0.028899
v 0.025259 0.413891 0.032845
v 0.025471 0.413248 0.031879
v 0.025450 0.413437 0.032436
v 0.012075 0.413901 0.037396
v 0.012041 0.413248 0.036617
v 0.012065 0.413439 0.037127
v 0.004077 0.413902 0.038742
v 0.004067 0.413248 0.037968
v 0.004074 0.413440 0.038478
v 0.019609 0.413897 0.035094
v 0.019519 0.413248 0.034314
v 0.019583 0.413439 0.034816
v 0.029191 0.377718 0.024876
v 0.030228 0.377151 0.025168
v 0.029385 0.377318 0.025082
v 0.029191 0.363933 0.000069
v 0.029851 0.363171 0.000069
v 0.029385 0.363394 0.000069
v 0.029191 0.364178 0.003807
v 0.030228 0.363424 0.003935
v 0.029385 0.363645 0.003898
v 0.029191 0.364909 0.007483
v 0.030228 0.364180 0.007736
v 0.029385 0.364394 0.007662
v 0.029191 0.366115 0.011034
v 0.030228 0.365426 0.011406
v 0.029385 0.365628 0.011297
v 0.029191 0.367775 0.014400
v 0.030228 0.367139 0.014881
v 0.029385 0.367326 0.014740
v 0.029191 0.370344 0.018246
v 0.030228 0.369293 0.018103
v 0.029385 0.369600 0.018145
v 0.030211 0.379217 0.026188
v 0.029191 0.380019 0.026011
v 0.029385 0.379661 0.026240
v 0.031557 0.396579 0.027188
v 0.030184 0.396364 0.027754
v 0.030962 0.396512 0.027589
v 0.029191 0.389415 0.027302
v 0.029851 0.389695 0.027754
v 0.029385 0.389580 0.027622
v 0.030184 0.389735 0.027754
v 0.031557 0.389764 0.027188
v 0.030962 0.389789 0.027589
v 0.026042 0.413892 0.032276
v 0.026134 0.413248 0.031409
v 0.026214 0.413437 0.031892
v 0.027053 0.413248 0.015991
v 0.027071 0.412795 0.015320
v 0.027066 0.413116 0.015517
v 0.011956 0.411147 0.009274
v 0.011956 0.410667 0.008829
v 0.011956 0.410808 0.009144
v 0.017284 0.413248 0.010154
v 0.016995 0.412795 0.009448
v 0.017079 0.413116 0.009655
v 0.021961 0.413248 0.011999
v 0.022028 0.412795 0.011433
v 0.022010 0.413116 0.011599
v 0.029191 0.410236 0.019733
v 0.029186 0.410693 0.020459
v 0.029190 0.410559 0.019946
v 0.019514 0.412795 0.010201
v 0.019622 0.413248 0.010854
v 0.019546 0.413116 0.010393
v 0.024556 0.412795 0.012982
v 0.024299 0.413248 0.013431
v 0.024479 0.413116 0.013112
v 0.007414 0.412652 0.009661
v 0.007414 0.412269 0.009216
v 0.034755 0.405668 0.023291
v 0.007414 0.412410 0.009531
v 0.009685 0.411458 0.008945
v 0.009685 0.411937 0.009390
v 0.009685 0.411599 0.009260
v 0.014475 0.412795 0.009129
v 0.014746 0.413248 0.009833
v 0.014555 0.413116 0.009335
v 0.024353 0.405257 0.006733
v 0.025141 0.405063 0.006484
v 0.024720 0.405120 0.006557
v 0.027511 0.402473 0.013103
v 0.027056 0.402464 0.014090
v 0.027188 0.402470 0.013392
v 0.021958 0.406674 0.010953
v 0.021966 0.407150 0.011402
v 0.021961 0.406813 0.011269
v 0.024614 0.405584 0.013036
v 0.024622 0.405099 0.012597
v 0.024618 0.405242 0.012909
v 0.019514 0.408093 0.010201
v 0.019514 0.407614 0.009756
v 0.019514 0.407755 0.010071
v 0.016995 0.408568 0.009003
v 0.016995 0.409048 0.009448
v 0.016995 0.408708 0.009318
v 0.014475 0.409522 0.008684
v 0.014475 0.410001 0.009129
v 0.014475 0.409663 0.008998
v 0.027060 0.402457 0.014864
v 0.027062 0.402932 0.015312
v 0.027062 0.402594 0.015180
v 0.012200 0.413248 0.009979
v 0.011956 0.412795 0.009274
v 0.012027 0.413116 0.009480
v 0.028703 0.411520 0.018459
v 0.028734 0.411971 0.019202
v 0.028713 0.411838 0.018679
v 0.028457 0.400601 0.016034
v 0.027929 0.400738 0.016627
v 0.041783 0.405668 0.000069
v 0.028136 0.400593 0.016331
v 0.007570 0.413248 0.010374
v 0.007414 0.412908 0.009661
v 0.029172 0.405919 0.023665
v 0.007460 0.413116 0.009870
v 0.009685 0.412795 0.009390
v 0.009892 0.413248 0.010097
v 0.009746 0.413116 0.009597
v 0.027887 0.412300 0.016889
v 0.027913 0.412767 0.017610
v 0.027895 0.412624 0.017102
v 0.027855 0.401362 0.016805
v 0.039814 0.405668 0.012121
v 0.027885 0.400964 0.016731
v 0.023357 0.405847 0.000069
v 0.024182 0.405630 0.000069
v 0.023750 0.405694 0.000069
v 0.036686 0.405668 0.019678
v 0.038618 0.405668 0.016065
v 0.041388 0.405668 0.004241
v 0.040996 0.405668 0.008223
v 0.029175 0.403419 0.027302
v 0.029368 0.403439 0.027622
v 0.029834 0.403491 0.027754
v 0.031557 0.403889 0.027188
v 0.030962 0.403676 0.027589
v 0.030184 0.403528 0.027754
v 0.019609 0.422199 0.036616
v 0.025020 0.413437 0.032641
v 0.024768 0.413891 0.033078
v 0.008155 0.431753 0.040982
v 0.012075 0.429490 0.039770
v 0.023222 0.417063 0.034575
v 0.037657 0.388705 0.000069
v 0.037657 0.379437 0.005420
v 0.037657 0.378156 0.004438
v 0.037657 0.388494 0.001668
v 0.037657 0.387877 0.003158
v 0.037657 0.377174 0.003158
v 0.037657 0.376557 0.001668
v 0.037657 0.386895 0.004438
v 0.037657 0.385616 0.005420
v 0.037657 0.384125 0.006037
v 0.037657 0.382526 0.006248
v 0.037657 0.376347 0.000069
v 0.037657 0.380927 0.006037
v 0.039223 0.390362 0.000069
v 0.039223 0.376985 0.005610
v 0.039223 0.389312 0.003987
v 0.039223 0.374957 0.002097
v 0.039223 0.386444 0.006855
v 0.039223 0.382526 0.007905
v 0.039223 0.378608 0.006855
v 0.039223 0.390095 0.002097
v 0.039223 0.375740 0.003987
v 0.039223 0.388067 0.005610
v 0.039223 0.384554 0.007638
v 0.039223 0.374690 0.000069
v 0.039223 0.380498 0.007638
v 0.039735 0.384604 0.007826
v 0.039751 0.386541 0.007023
v 0.039776 0.388204 0.005747
v 0.039809 0.389480 0.004084
v 0.039848 0.390283 0.002147
v 0.039889 0.390557 0.000069
v 0.039889 0.374496 0.000069
v 0.039848 0.374769 0.002147
v 0.039809 0.375571 0.004084
v 0.039776 0.376848 0.005747
v 0.039751 0.378511 0.007023
v 0.039735 0.380448 0.007826
v 0.039730 0.382526 0.008099
v 0.040689 0.382526 0.008099
v 0.040711 0.384604 0.007826
v 0.040774 0.386541 0.007023
v 0.040875 0.388204 0.005747
v 0.041006 0.389480 0.004084
v 0.041159 0.390283 0.002147
v 0.041323 0.390557 0.000069
v 0.041323 0.374496 0.000069
v 0.041159 0.374769 0.002147
v 0.041006 0.375571 0.004084
v 0.040875 0.376848 0.005747
v 0.040774 0.378511 0.007023
v 0.040711 0.380448 0.007826
v 0.030611 0.413866 0.028341
v 0.031676 0.412566 0.027043
v 0.015996 0.414660 0.036547
v 0.019609 0.414559 0.035216
v 0.023222 0.414401 0.033937
v 0.025029 0.414365 0.033068
v 0.028853 0.414443 0.030203
v 0.031938 0.411616 0.026723
v 0.012075 0.414858 0.037542
v 0.029507 0.414312 0.029625
v 0.008155 0.414936 0.038375
v 0.025778 0.414378 0.032515
v 0.024521 0.414397 0.033317
v 0.004077 0.414987 0.038891
v 0.031879 0.404069 0.026795
v 0.032297 0.379794 0.026175
v 0.033312 0.376923 0.024783
v 0.036524 0.364180 0.007736
v 0.036208 0.365426 0.011406
v 0.036616 0.363424 0.003935
v 0.036308 0.363195 0.000069
v 0.034438 0.371847 0.021016
v 0.033906 0.374912 0.023431
v 0.035129 0.369293 0.018103
v 0.035657 0.367139 0.014881
v 0.029851 0.374761 0.023572
v 0.029851 0.371847 0.021016
v 0.029851 0.363424 0.003935
v 0.029851 0.364180 0.007736
v 0.030228 0.363195 0.000069
v 0.029851 0.365426 0.011406
v 0.029851 0.367139 0.014881
v 0.029851 0.369293 0.018103
v 0.029851 0.382390 0.027754
v 0.029851 0.379387 0.026272
v 0.029851 0.377151 0.025168
v 0.036809 0.363415 0.000069
v 0.041653 0.371607 0.000069
v 0.036653 0.364397 0.007685
v 0.036338 0.365636 0.011334
v 0.036744 0.363647 0.003909
v 0.034577 0.372017 0.020881
v 0.033751 0.374761 0.023572
v 0.035266 0.369478 0.017987
v 0.035792 0.367339 0.014787
v 0.033035 0.377151 0.025168
v 0.036585 0.375979 0.019700
v 0.038502 0.374712 0.016097
v 0.039686 0.373365 0.012173
v 0.040872 0.372441 0.008242
v 0.041270 0.371826 0.004157
v 0.034690 0.377023 0.023278
v 0.005281 0.413248 0.011859
v 0.002921 0.413248 0.012436
v 0.003523 0.413248 0.010778
v 0.003429 0.413159 0.000069
v 0.003516 0.413248 0.012282
v 0.005143 0.412886 0.008469
v 0.003508 0.413147 0.008478
v 0.002873 0.413248 0.008482
v 0.005143 0.412886 0.009473
v 0.003519 0.413145 0.009631
v 0.002873 0.413248 0.009690
v 0.002895 0.413248 0.011761
v 0.003519 0.413248 0.011708
v 0.005201 0.413248 0.011075
v 0.003527 0.413144 0.010502
v 0.002873 0.413248 0.010429
v 0.004347 0.413013 0.000069
v 0.004623 0.413248 0.011293
v 0.004599 0.413248 0.010448
v 0.004644 0.412966 0.010349
v 0.004643 0.413248 0.012012
v 0.004589 0.412974 0.008472
v 0.004620 0.412970 0.009524
v 0.026637 0.420058 0.032021
v 0.041799 0.445551 0.000069
v 0.038618 0.445551 0.016065
v 0.034755 0.445551 0.023291
v 0.029557 0.445551 0.029625
v 0.040996 0.445551 0.008223
v 0.041398 0.445551 0.004146
v 0.039807 0.445551 0.012144
v 0.036686 0.445551 0.019678
v 0.023222 0.445551 0.034824
v 0.015996 0.445551 0.038686
v 0.008155 0.445551 0.041065
v 0.004077 0.445551 0.041467
v 0.012075 0.445551 0.039876
v 0.019705 0.445551 0.036704
v 0.026235 0.445551 0.032351
v 0.034755 0.410340 0.023291
v 0.041791 0.410179 0.000069
v 0.039810 0.410179 0.012132
v 0.036686 0.410179 0.019678
v 0.038618 0.410179 0.016065
v 0.041393 0.410179 0.004194
v 0.040996 0.410179 0.008223
v 0.032073 0.382701 0.026559
v 0.031947 0.396587 0.026712
v 0.032010 0.389685 0.026636
v 0.028900 0.400787 0.015743
v 0.028821 0.405063 0.006484
v 0.029052 0.399149 0.018009
v 0.028940 0.402473 0.013103
v 0.028811 0.405630 0.000069
v 0.029191 0.398570 0.017923
v 0.029191 0.402160 0.012916
v 0.029191 0.405155 0.000069
v 0.029191 0.400674 0.015227
v 0.029191 0.404652 0.006635
v -0.039406 0.382526 0.008099
v -0.039406 0.384604 0.007826
v -0.039406 0.386541 0.007023
v -0.039406 0.388204 0.005747
v -0.039406 0.389480 0.004084
v -0.039406 0.390283 0.002147
v -0.039406 0.390557 0.000069
v -0.039406 0.374496 0.000069
v -0.039406 0.374769 0.002147
v -0.039406 0.375571 0.004084
v -0.039406 0.376848 0.005747
v -0.039406 0.378511 0.007023
v -0.039406 0.380448 0.007826
v -0.037386 0.382526 0.005961
v -0.037386 0.384051 0.005760
v -0.037386 0.385472 0.005171
v -0.037386 0.386692 0.004235
v -0.037386 0.387628 0.003015
v -0.037386 0.388217 0.001594
v -0.037386 0.388418 0.000069
v -0.037386 0.376634 0.000069
v -0.037386 0.376835 0.001594
v -0.037386 0.377423 0.003015
v -0.037386 0.378359 0.004235
v -0.037386 0.379580 0.005171
v -0.037386 0.381001 0.005760
v -0.002872 0.413248 0.010978
v -0.005143 0.412886 0.010281
v 0.000000 0.413248 0.010978
v -0.023222 0.419086 0.034824
v -0.029191 0.386363 0.020419
v -0.029191 0.376279 0.001743
v -0.029191 0.376924 0.003303
v -0.029191 0.377953 0.004642
v -0.029191 0.379292 0.005670
v -0.040996 0.420890 0.008223
v -0.034755 0.420890 0.023291
v -0.029556 0.420890 0.029625
v -0.038617 0.420890 0.016065
v -0.038617 0.414689 0.016065
v -0.034755 0.414689 0.023291
v -0.028635 0.399339 0.018009
v -0.029191 0.396600 0.017594
v -0.029191 0.396600 0.009598
v -0.029191 0.396600 0.019733
v -0.028635 0.399584 0.018282
v -0.029191 0.400909 0.015552
v -0.007879 0.413248 0.029113
v -0.022169 0.413248 0.029113
v -0.015451 0.413248 0.029113
v 0.000000 0.413248 0.029113
v -0.005143 0.413248 0.010281
v -0.015996 0.426881 0.038686
v -0.023222 0.418099 0.034824
v -0.008155 0.432289 0.041065
v 0.000000 0.433794 0.041868
v -0.025060 0.413248 0.029113
v -0.011665 0.413248 0.029113
v -0.012075 0.430181 0.039876
v -0.003939 0.413248 0.029113
v -0.004077 0.433708 0.041467
v -0.018810 0.413248 0.029113
v -0.019609 0.422958 0.036755
v -0.036238 0.363423 0.003927
v -0.036147 0.364175 0.007717
v -0.034756 0.369256 0.018057
v -0.035284 0.367114 0.014836
v -0.034066 0.371801 0.020970
v -0.035833 0.365409 0.011367
v -0.033382 0.374699 0.023524
v -0.032673 0.377060 0.025117
v -0.034755 0.377277 0.023291
v -0.040996 0.372667 0.008223
v -0.038618 0.375210 0.016065
v -0.041397 0.414689 0.004146
v -0.041397 0.420890 0.004146
v -0.041400 0.372251 0.004126
v -0.039807 0.414689 0.012144
v -0.039807 0.420890 0.012144
v -0.039820 0.373756 0.012100
v -0.036686 0.420890 0.019678
v -0.036686 0.414689 0.019678
v -0.036686 0.376215 0.019678
v -0.002872 0.413248 0.000069
v -0.021888 0.406716 0.000069
v -0.041799 0.420890 0.000069
v -0.041799 0.414689 0.000069
v -0.029191 0.405630 0.000069
v -0.019514 0.407614 0.000069
v -0.011956 0.410667 0.000069
v -0.016994 0.408568 0.000069
v -0.007414 0.412269 0.000069
v 0.000000 0.413248 0.000069
v -0.009685 0.411458 0.000069
v -0.005143 0.412886 0.000069
v -0.014475 0.409522 0.000069
v -0.036693 0.363171 0.000069
v -0.041799 0.371819 0.000069
v -0.041372 0.389779 0.004409
v -0.041210 0.388516 0.006056
v -0.041077 0.386761 0.007402
v -0.041799 0.390557 0.000069
v -0.040994 0.380333 0.008248
v -0.040994 0.384718 0.008248
v -0.040966 0.382526 0.008537
v -0.041077 0.378290 0.007402
v -0.041210 0.376536 0.006056
v -0.041583 0.374344 0.002260
v -0.041583 0.390707 0.002260
v -0.041799 0.374496 0.000069
v -0.041383 0.375190 0.004302
v -0.029191 0.382526 0.006537
v -0.029191 0.376634 0.000069
v -0.029191 0.387100 0.004642
v -0.029191 0.388127 0.003303
v -0.029191 0.384200 0.006316
v -0.029191 0.385760 0.005670
v -0.029191 0.380852 0.006316
v -0.029191 0.388774 0.001743
v -0.029191 0.388418 0.000069
v -0.029191 0.376134 0.000069
v -0.029191 0.402473 0.013103
v -0.029191 0.405063 0.006484
v -0.029191 0.399085 0.018009
v -0.029191 0.388919 0.000069
v -0.029191 0.396600 0.000069
v -0.029191 0.381001 0.005760
v -0.029191 0.382526 0.005961
v -0.029191 0.386692 0.004235
v -0.029191 0.387628 0.003015
v -0.029191 0.385472 0.005171
v -0.029191 0.379580 0.005171
v -0.029191 0.388217 0.001594
v -0.029191 0.384051 0.005760
v -0.029191 0.378359 0.004235
v -0.029191 0.377423 0.003015
v -0.029191 0.376835 0.001594
v -0.038618 0.374941 0.016065
v -0.041756 0.390939 0.000069
v -0.040996 0.414689 0.008223
v -0.039807 0.373592 0.012144
v -0.041004 0.372864 0.008187
v -0.041398 0.372050 0.004146
v -0.041404 0.389480 0.004084
v -0.041780 0.372032 0.000069
v -0.041240 0.388204 0.005747
v -0.041114 0.386541 0.007023
v -0.041008 0.382526 0.008099
v -0.041035 0.380448 0.007826
v -0.041035 0.384604 0.007826
v -0.041114 0.378511 0.007023
v -0.041240 0.376848 0.005747
v -0.041595 0.390283 0.002147
v -0.041404 0.375571 0.004084
v -0.041595 0.374769 0.002147
v -0.041756 0.374113 0.000069
v -0.028908 0.411971 0.023665
v -0.028124 0.412894 0.023665
v -0.029191 0.396185 0.023665
v -0.026836 0.413248 0.023665
v -0.029162 0.410693 0.023665
v -0.009540 0.413248 0.019387
v -0.003406 0.413248 0.020046
v -0.012568 0.413248 0.019252
v -0.006511 0.413248 0.019697
v -0.021027 0.413248 0.019281
v -0.018322 0.413248 0.019121
v -0.015383 0.413248 0.019194
v 0.000000 0.413248 0.020046
v -0.031827 0.379696 0.026334
v -0.034755 0.389209 0.023291
v -0.036686 0.376526 0.019678
v -0.034755 0.377535 0.023291
v -0.039830 0.386517 0.012067
v -0.036686 0.388560 0.019678
v -0.038618 0.387636 0.016065
v -0.034755 0.396648 0.023291
v -0.039821 0.396648 0.012098
v -0.036686 0.396648 0.019678
v -0.038618 0.396648 0.016065
v -0.041379 0.396648 0.004336
v -0.041767 0.396648 0.000069
v -0.040996 0.396648 0.008223
v -0.036686 0.382761 0.019678
v -0.039835 0.380264 0.012050
v -0.034755 0.383554 0.023291
v -0.038618 0.381632 0.016065
v -0.008155 0.432938 0.041065
v -0.004077 0.434444 0.041467
v -0.012075 0.430947 0.039876
v -0.015996 0.427686 0.038686
v 0.000000 0.434479 0.041868
v -0.019612 0.423698 0.036753
v -0.015945 0.413248 0.035624
v -0.015996 0.413898 0.036413
v -0.015981 0.413439 0.036135
v -0.028158 0.413248 0.029976
v -0.028793 0.413895 0.030252
v -0.028578 0.413438 0.030195
v -0.023074 0.413248 0.033020
v -0.023222 0.413891 0.033814
v -0.023179 0.413437 0.033518
v -0.008134 0.413248 0.037431
v -0.008155 0.413900 0.038214
v -0.008148 0.413439 0.037943
v -0.031557 0.411200 0.027188
v -0.030184 0.410693 0.027754
v -0.030962 0.410841 0.027589
v -0.030371 0.413461 0.028633
v -0.029136 0.412906 0.029032
v -0.029874 0.413069 0.028915
v -0.029507 0.413727 0.029625
v -0.028694 0.413119 0.029495
v -0.029269 0.413275 0.029587
v -0.029903 0.411971 0.028097
v -0.031311 0.412315 0.027487
v -0.030692 0.412071 0.027918
v -0.031557 0.382538 0.027188
v -0.030962 0.382433 0.027589
v -0.030228 0.371847 0.021016
v -0.029191 0.372742 0.020980
v -0.029384 0.372110 0.021006
v -0.029191 0.375476 0.023377
v -0.030228 0.374761 0.023572
v -0.029384 0.374971 0.023515
v -0.029191 0.382635 0.027302
v -0.030184 0.382390 0.027754
v -0.029384 0.382462 0.027622
v -0.029851 0.396289 0.027754
v -0.029191 0.396145 0.027302
v -0.029384 0.396185 0.027622
v 0.000000 0.413901 0.039010
v 0.000000 0.413248 0.038232
v 0.000000 0.413440 0.038743
v -0.029158 0.410693 0.027302
v -0.029818 0.410693 0.027754
v -0.029351 0.410693 0.027622
v -0.029591 0.411971 0.028097
v -0.028929 0.411971 0.027645
v -0.029124 0.411971 0.027964
v -0.026943 0.413239 0.029154
v 0.000000 0.433179 0.041780
v -0.015996 0.426209 0.038569
v -0.025132 0.413248 0.032040
v -0.004077 0.433079 0.041380
v -0.028142 0.412905 0.028579
v -0.028804 0.412906 0.029032
v -0.028337 0.412906 0.028899
v -0.025259 0.413891 0.032845
v -0.025471 0.413248 0.031879
v -0.025450 0.413437 0.032436
v -0.012075 0.413901 0.037396
v -0.012041 0.413248 0.036617
v -0.012065 0.413439 0.037127
v -0.004077 0.413902 0.038742
v -0.004067 0.413248 0.037968
v -0.004074 0.413440 0.038478
v -0.019609 0.413897 0.035094
v -0.019519 0.413248 0.034314
v -0.019583 0.413439 0.034816
v -0.029191 0.377718 0.024876
v -0.030228 0.377151 0.025168
v -0.029384 0.377318 0.025082
v -0.029191 0.363933 0.000069
v -0.029851 0.363171 0.000069
v -0.029384 0.363394 0.000069
v -0.029191 0.364178 0.003807
v -0.030228 0.363424 0.003935
v -0.029384 0.363645 0.003898
v -0.029191 0.364909 0.007483
v -0.030228 0.364180 0.007736
v -0.029384 0.364394 0.007662
v -0.029191 0.366115 0.011034
v -0.030228 0.365426 0.011406
v -0.029384 0.365628 0.011297
v -0.029191 0.367775 0.014400
v -0.030228 0.367139 0.014881
v -0.029384 0.367326 0.014740
v -0.029191 0.370344 0.018246
v -0.030228 0.369293 0.018103
v -0.029384 0.369600 0.018145
v -0.030211 0.379217 0.026188
v -0.029191 0.380019 0.026011
v -0.029384 0.379661 0.026240
v -0.031557 0.396579 0.027188
v -0.030184 0.396364 0.027754
v -0.030962 0.396512 0.027589
v -0.029191 0.389415 0.027302
v -0.029851 0.389695 0.027754
v -0.029384 0.389580 0.027622
v -0.030184 0.389735 0.027754
v -0.031557 0.389764 0.027188
v -0.030962 0.389789 0.027589
v -0.026042 0.413892 0.032276
v -0.026134 0.413248 0.031409
v -0.026214 0.413437 0.031892
v -0.027053 0.413248 0.015991
v -0.027071 0.412795 0.015320
v -0.027066 0.413116 0.015517
v -0.011956 0.411147 0.009274
v -0.011956 0.410667 0.008829
v -0.011956 0.410808 0.009144
v -0.017284 0.413248 0.010154
v -0.016994 0.412795 0.009448
v -0.017079 0.413116 0.009655
v -0.021961 0.413248 0.011999
v -0.022028 0.412795 0.011433
v -0.022010 0.413116 0.011599
v -0.029191 0.410236 0.019733
v -0.029186 0.410693 0.020459
v -0.029190 0.410559 0.019946
v -0.019514 0.412795 0.010201
v -0.019622 0.413248 0.010854
v -0.019545 0.413116 0.010393
v -0.024556 0.412795 0.012982
v -0.024299 0.413248 0.013431
v -0.024479 0.413116 0.013112
v -0.007414 0.412652 0.009661
v -0.007414 0.412269 0.009216
v -0.034755 0.405668 0.023291
v -0.007414 0.412410 0.009531
v -0.009685 0.411458 0.008945
v -0.009685 0.411937 0.009390
v -0.009685 0.411599 0.009260
v -0.014475 0.412795 0.009129
v -0.014746 0.413248 0.009833
v -0.014555 0.413116 0.009335
v -0.024353 0.405257 0.006733
v -0.025141 0.405063 0.006484
v -0.024720 0.405120 0.006557
v -0.027511 0.402473 0.013103
v -0.027056 0.402464 0.014090
v -0.027188 0.402470 0.013392
v -0.021957 0.406674 0.010953
v -0.021966 0.407150 0.011402
v -0.021961 0.406813 0.011269
v -0.024613 0.405584 0.013036
v -0.024622 0.405099 0.012597
v -0.024618 0.405242 0.012909
v -0.019514 0.408093 0.010201
v -0.019514 0.407614 0.009756
v -0.019514 0.407755 0.010071
v -0.016994 0.408568 0.009003
v -0.016994 0.409048 0.009448
v -0.016994 0.408708 0.009318
v -0.014475 0.409522 0.008684
v -0.014475 0.410001 0.009129
v -0.014475 0.409663 0.008998
v -0.027060 0.402457 0.014864
v -0.027062 0.402932 0.015312
v -0.027061 0.402594 0.015180
v -0.012200 0.413248 0.009979
v -0.011956 0.412795 0.009274
v -0.012027 0.413116 0.009480
v -0.028703 0.411520 0.018459
v -0.028734 0.411971 0.019202
v -0.028713 0.411838 0.018679
v -0.028457 0.400601 0.016034
v -0.027929 0.400738 0.016627
v -0.041783 0.405668 0.000069
v -0.028136 0.400593 0.016331
v -0.007570 0.413248 0.010374
v -0.007414 0.412908 0.009661
v -0.029172 0.405919 0.023665
v -0.007460 0.413116 0.009870
v -0.009685 0.412795 0.009390
v -0.009892 0.413248 0.010097
v -0.009746 0.413116 0.009597
v -0.027887 0.412300 0.016889
v -0.027913 0.412767 0.017610
v -0.027895 0.412624 0.017102
v -0.027855 0.401362 0.016805
v -0.039814 0.405668 0.012121
v -0.027885 0.400964 0.016731
v -0.023357 0.405847 0.000069
v -0.024182 0.405630 0.000069
v -0.023750 0.405694 0.000069
v -0.036686 0.405668 0.019678
v -0.038618 0.405668 0.016065
v -0.041388 0.405668 0.004241
v -0.040996 0.405668 0.008223
v -0.029175 0.403419 0.027302
v -0.029368 0.403439 0.027622
v -0.029834 0.403491 0.027754
v -0.031557 0.403889 0.027188
v -0.030962 0.403676 0.027589
v -0.030184 0.403528 0.027754
v -0.019609 0.422199 0.036616
v -0.025020 0.413437 0.032641
v -0.024768 0.413891 0.033078
v -0.008155 0.431753 0.040982
v -0.012075 0.429490 0.039770
v -0.023222 0.417063 0.034575
v -0.037657 0.388705 0.000069
v -0.037657 0.379437 0.005420
v -0.037657 0.378156 0.004438
v -0.037657 0.388494 0.001668
v -0.037657 0.387877 0.003158
v -0.037657 0.377174 0.003158
v -0.037657 0.376557 0.001668
v -0.037657 0.386895 0.004438
v -0.037657 0.385616 0.005420
v -0.037657 0.384125 0.006037
v -0.037657 0.382526 0.006248
v -0.037657 0.376347 0.000069
v -0.037657 0.380927 0.006037
v -0.039223 0.390362 0.000069
v -0.039223 0.376985 0.005610
v -0.039223 0.389312 0.003987
v -0.039223 0.374957 0.002097
v -0.039223 0.386444 0.006855
v -0.039223 0.382526 0.007905
v -0.039223 0.378608 0.006855
v -0.039223 0.390095 0.002097
v -0.039223 0.375740 0.003987
v -0.039223 0.388067 0.005610
v -0.039223 0.384554 0.007638
v -0.039223 0.374690 0.000069
v -0.039223 0.380498 0.007638
v -0.039735 0.384604 0.007826
v -0.039751 0.386541 0.007023
v -0.039776 0.388204 0.005747
v -0.039809 0.389480 0.004084
v -0.039848 0.390283 0.002147
v -0.039889 0.390557 0.000069
v -0.039889 0.374496 0.000069
v -0.039848 0.374769 0.002147
v -0.039809 0.375571 0.004084
v -0.039776 0.376848 0.005747
v -0.039751 0.378511 0.007023
v -0.039735 0.380448 0.007826
v -0.039729 0.382526 0.008099
v -0.040689 0.382526 0.008099
v -0.040711 0.384604 0.007826
v -0.040774 0.386541 0.007023
v -0.040875 0.388204 0.005747
v -0.041006 0.389480 0.004084
v -0.041159 0.390283 0.002147
v -0.041323 0.390557 0.000069
v -0.041323 0.374496 0.000069
v -0.041159 0.374769 0.002147
v -0.041006 0.375571 0.004084
v -0.040875 0.376848 0.005747
v -0.040774 0.378511 0.007023
v -0.040711 0.380448 0.007826
v -0.030610 0.413866 0.028341
v -0.031676 0.412566 0.027043
v -0.015996 0.414661 0.036547
v -0.019609 0.414559 0.035216
v -0.023222 0.414401 0.033937
v -0.025029 0.414365 0.033068
v -0.028853 0.414443 0.030203
v -0.031938 0.411616 0.026723
v -0.012075 0.414858 0.037542
v -0.029507 0.414312 0.029625
v -0.008155 0.414936 0.038375
v -0.025778 0.414378 0.032515
v -0.024521 0.414397 0.033317
v -0.004077 0.414987 0.038891
v 0.000000 0.414999 0.039168
v -0.031879 0.404069 0.026795
v -0.032297 0.379794 0.026175
v -0.033312 0.376923 0.024783
v -0.036523 0.364180 0.007736
v -0.036207 0.365426 0.011406
v -0.036615 0.363424 0.003935
v -0.036308 0.363195 0.000069
v -0.034438 0.371847 0.021016
v -0.033906 0.374912 0.023431
v -0.035129 0.369293 0.018103
v -0.035657 0.367139 0.014881
v -0.029851 0.374761 0.023572
v -0.029851 0.371847 0.021016
v -0.029851 0.363424 0.003935
v -0.029851 0.364180 0.007736
v -0.030228 0.363195 0.000069
v -0.029851 0.365426 0.011406
v -0.029851 0.367139 0.014881
v -0.029851 0.369293 0.018103
v -0.029851 0.382390 0.027754
v -0.029851 0.379387 0.026272
v -0.029851 0.377151 0.025168
v -0.036809 0.363415 0.000069
v -0.041653 0.371607 0.000069
v -0.036652 0.364397 0.007685
v -0.036338 0.365636 0.011334
v -0.036744 0.363647 0.003909
v -0.034577 0.372017 0.020881
v -0.033751 0.374761 0.023572
v -0.035265 0.369478 0.017987
v -0.035792 0.367339 0.014787
v -0.033035 0.377151 0.025168
v -0.036585 0.375979 0.019700
v -0.038502 0.374712 0.016097
v -0.039685 0.373365 0.012173
v -0.040872 0.372441 0.008242
v -0.041270 0.371826 0.004157
v -0.034690 0.377023 0.023278
v 0.000000 0.413248 0.012445
v -0.005280 0.413248 0.011859
v -0.002921 0.413248 0.012436
v -0.003523 0.413248 0.010778
v -0.003428 0.413159 0.000069
v -0.003516 0.413248 0.012282
v -0.005143 0.412886 0.008469
v 0.000000 0.413248 0.008884
v -0.003508 0.413147 0.008478
v -0.002872 0.413248 0.008482
v 0.000000 0.413248 0.009993
v -0.005143 0.412886 0.009473
v -0.003519 0.413145 0.009631
v -0.002872 0.413248 0.009690
v -0.002895 0.413248 0.011761
v -0.003519 0.413248 0.011708
v -0.005201 0.413248 0.011075
v 0.000000 0.413248 0.011726
v -0.003527 0.413144 0.010502
v 0.000000 0.413248 0.010528
v -0.002872 0.413248 0.010429
v -0.004347 0.413013 0.000069
v -0.004623 0.413248 0.011293
v -0.004599 0.413248 0.010448
v -0.004643 0.412966 0.010349
v -0.004643 0.413248 0.012012
v -0.004589 0.412974 0.008472
v -0.004620 0.412970 0.009524
v -0.026637 0.420058 0.032021
v -0.041799 0.445551 0.000069
v -0.038617 0.445551 0.016065
v -0.034755 0.445551 0.023291
v -0.029556 0.445551 0.029625
v -0.040996 0.445551 0.008223
v -0.041397 0.445551 0.004146
v -0.039807 0.445551 0.012144
v -0.036686 0.445551 0.019678
v -0.023222 0.445551 0.034824
v -0.015996 0.445551 0.038686
v -0.008155 0.445551 0.041065
v -0.004077 0.445551 0.041467
v -0.012075 0.445551 0.039876
v 0.000000 0.445551 0.041868
v -0.019705 0.445551 0.036704
v -0.026235 0.445551 0.032351
v -0.034755 0.410340 0.023291
v -0.041791 0.410179 0.000069
v -0.039810 0.410179 0.012132
v -0.036686 0.410179 0.019678
v -0.038617 0.410179 0.016065
v -0.041393 0.410179 0.004194
v -0.040996 0.410179 0.008223
v -0.032073 0.382701 0.026559
v -0.031947 0.396587 0.026712
v -0.032010 0.389685 0.026636
v -0.028900 0.400787 0.015743
v -0.028821 0.405063 0.006484
v -0.029052 0.399149 0.018009
v -0.028940 0.402473 0.013103
v -0.028811 0.405630 0.000069
v -0.029191 0.398570 0.017923
v -0.029191 0.402160 0.012916
v -0.029191 0.405155 0.000069
v -0.029191 0.400674 0.015227
v -0.029191 0.404652 0.006635
v 0.037054 0.472132 -0.007302
v 0.034904 0.472132 -0.014389
v 0.031413 0.472132 -0.020921
v 0.026714 0.472132 -0.026646
v 0.020989 0.472132 -0.031344
v 0.014458 0.472132 -0.034835
v 0.007371 0.472132 -0.036985
v 0.010914 0.472132 -0.035910
v 0.003685 0.472132 -0.037348
v 0.037417 0.472132 -0.003617
v 0.035979 0.472132 -0.010845
v 0.033158 0.472132 -0.017655
v 0.017898 0.472132 -0.032997
v 0.023925 0.472132 -0.028935
v -0.037054 0.472132 -0.007302
v -0.034904 0.472132 -0.014389
v -0.031413 0.472132 -0.020921
v -0.026714 0.472132 -0.026646
v -0.020989 0.472132 -0.031344
v -0.014458 0.472132 -0.034835
v -0.007370 0.472132 -0.036985
v 0.000000 0.472132 -0.037711
v -0.010914 0.472132 -0.035910
v -0.003685 0.472132 -0.037348
v -0.037417 0.472132 -0.003617
v -0.035979 0.472132 -0.010845
v -0.033158 0.472132 -0.017655
v -0.017898 0.472132 -0.032997
v -0.023925 0.472132 -0.028935
v 0.037054 0.472132 0.007439
v 0.034904 0.472132 0.014527
v 0.031413 0.472132 0.021058
v 0.026714 0.472132 0.026783
v 0.020989 0.472132 0.031482
v 0.014458 0.472132 0.034973
v 0.007371 0.472132 0.037123
v 0.010914 0.472132 0.036048
v 0.003685 0.472132 0.037486
v 0.037417 0.472132 0.003754
v 0.035979 0.472132 0.010983
v 0.033158 0.472132 0.017792
v 0.037780 0.472132 0.000069
v 0.017898 0.472132 0.033134
v 0.023925 0.472132 0.029073
v -0.037054 0.472132 0.007439
v -0.034904 0.472132 0.014527
v -0.031413 0.472132 0.021058
v -0.026714 0.472132 0.026783
v -0.020989 0.472132 0.031482
v -0.014458 0.472132 0.034973
v -0.007370 0.472132 0.037123
v 0.000000 0.472132 0.037849
v -0.010914 0.472132 0.036048
v -0.003685 0.472132 0.037486
v -0.037417 0.472132 0.003754
v -0.035979 0.472132 0.010983
v -0.033158 0.472132 0.017792
v -0.037780 0.472132 0.000069
v -0.017898 0.472132 0.033134
v -0.023925 0.472132 0.029073
v 0.040996 0.471633 -0.008086
v 0.040505 0.472132 -0.007988
v 0.038618 0.471633 -0.015927
v 0.038154 0.472132 -0.015735
v 0.034755 0.471633 -0.023154
v 0.034338 0.472132 -0.022875
v 0.029557 0.471633 -0.029488
v 0.029202 0.472132 -0.029133
v 0.023222 0.471633 -0.034686
v 0.022944 0.472132 -0.034269
v 0.015996 0.471633 -0.038549
v 0.015804 0.472132 -0.038086
v 0.008155 0.471633 -0.040928
v 0.008057 0.472132 -0.040436
v 0.011930 0.472132 -0.039261
v 0.012075 0.471633 -0.039738
v 0.004028 0.472132 -0.040832
v 0.004077 0.471633 -0.041329
v 0.040901 0.472132 -0.003960
v 0.041398 0.471633 -0.004009
v 0.039329 0.472132 -0.011862
v 0.039807 0.471633 -0.012007
v 0.036246 0.472132 -0.019305
v 0.036686 0.471633 -0.019541
v 0.019565 0.472132 -0.036075
v 0.019801 0.471633 -0.036515
v 0.026152 0.472132 -0.031636
v 0.026466 0.471633 -0.032025
v -0.040504 0.472132 -0.007988
v -0.040996 0.471633 -0.008086
v -0.038154 0.472132 -0.015735
v -0.038617 0.471633 -0.015927
v -0.034338 0.472132 -0.022875
v -0.034755 0.471633 -0.023154
v -0.029202 0.472132 -0.029133
v -0.029556 0.471633 -0.029488
v -0.022944 0.472132 -0.034269
v -0.023222 0.471633 -0.034686
v -0.015804 0.472132 -0.038086
v -0.015996 0.471633 -0.038549
v -0.008057 0.472132 -0.040436
v -0.008155 0.471633 -0.040928
v 0.000000 0.471633 -0.041731
v 0.000000 0.472132 -0.041229
v -0.012075 0.471633 -0.039738
v -0.011930 0.472132 -0.039261
v -0.004077 0.471633 -0.041329
v -0.004028 0.472132 -0.040832
v -0.041397 0.471633 -0.004009
v -0.040901 0.472132 -0.003960
v -0.039807 0.471633 -0.012007
v -0.039329 0.472132 -0.011862
v -0.036686 0.471633 -0.019541
v -0.036246 0.472132 -0.019305
v -0.019800 0.471633 -0.036515
v -0.019565 0.472132 -0.036075
v -0.026465 0.471633 -0.032025
v -0.026152 0.472132 -0.031636
v 0.040505 0.472132 0.008126
v 0.040996 0.471633 0.008223
v 0.038154 0.472132 0.015873
v 0.038618 0.471633 0.016065
v 0.034338 0.472132 0.023013
v 0.034755 0.471633 0.023291
v 0.029202 0.472132 0.029271
v 0.029557 0.471633 0.029625
v 0.022944 0.472132 0.034407
v 0.023222 0.471633 0.034824
v 0.015804 0.472132 0.038223
v 0.015996 0.471633 0.038686
v 0.008057 0.472132 0.040573
v 0.008155 0.471633 0.041065
v 0.012075 0.471633 0.039876
v 0.011930 0.472132 0.039398
v 0.004077 0.471633 0.041467
v 0.004028 0.472132 0.040970
v 0.041398 0.471633 0.004146
v 0.040901 0.472132 0.004097
v 0.039807 0.471633 0.012144
v 0.039329 0.472132 0.011999
v 0.036686 0.471633 0.019678
v 0.036246 0.472132 0.019443
v 0.041298 0.472132 0.000069
v 0.041799 0.471633 0.000069
v 0.019801 0.471633 0.036653
v 0.019565 0.472132 0.036213
v 0.026466 0.471633 0.032162
v 0.026152 0.472132 0.031774
v -0.040996 0.471633 0.008223
v -0.040504 0.472132 0.008126
v -0.038617 0.471633 0.016065
v -0.038154 0.472132 0.015873
v -0.034755 0.471633 0.023291
v -0.034338 0.472132 0.023013
v -0.029556 0.471633 0.029625
v -0.029202 0.472132 0.029271
v -0.023222 0.471633 0.034824
v -0.022944 0.472132 0.034407
v -0.015996 0.471633 0.038686
v -0.015804 0.472132 0.038223
v -0.008155 0.471633 0.041065
v -0.008057 0.472132 0.040573
v 0.000000 0.472132 0.041367
v 0.000000 0.471633 0.041868
v -0.011930 0.472132 0.039398
v -0.012075 0.471633 0.039876
v -0.004028 0.472132 0.040970
v -0.004077 0.471633 0.041467
v -0.040901 0.472132 0.004097
v -0.041397 0.471633 0.004146
v -0.039329 0.472132 0.011999
v -0.039807 0.471633 0.012144
v -0.036246 0.472132 0.019443
v -0.036686 0.471633 0.019678
v -0.041799 0.471633 0.000069
v -0.041298 0.472132 0.000069
v -0.019565 0.472132 0.036213
v -0.019800 0.471633 0.036653
v -0.026152 0.472132 0.031774
v -0.026465 0.471633 0.032162
v 0.041398 0.470487 -0.004009
v 0.040996 0.470487 -0.008086
v 0.039807 0.470487 -0.012007
v 0.038618 0.470487 -0.015927
v 0.036686 0.470487 -0.019541
v 0.034755 0.470487 -0.023154
v 0.029557 0.470487 -0.029488
v 0.026455 0.470487 -0.032033
v 0.023222 0.470487 -0.034686
v 0.019796 0.470487 -0.036518
v 0.015996 0.470487 -0.038549
v 0.012075 0.470487 -0.039738
v 0.008155 0.470487 -0.040928
v 0.004077 0.470487 -0.041329
v 0.000000 0.470487 -0.041731
v 0.041799 0.470487 0.000069
v -0.041397 0.470487 -0.004009
v -0.040996 0.470487 -0.008086
v -0.039807 0.470487 -0.012007
v -0.038617 0.470487 -0.015927
v -0.036686 0.470487 -0.019541
v -0.034755 0.470487 -0.023154
v -0.029556 0.470487 -0.029488
v -0.026455 0.470487 -0.032033
v -0.023222 0.470487 -0.034686
v -0.019796 0.470487 -0.036518
v -0.015996 0.470487 -0.038549
v -0.012075 0.470487 -0.039738
v -0.008155 0.470487 -0.040928
v -0.004077 0.470487 -0.041329
v -0.041799 0.470487 0.000069
v 0.041398 0.470487 0.004146
v 0.040996 0.470487 0.008223
v 0.039807 0.470487 0.012144
v 0.038618 0.470487 0.016065
v 0.036686 0.470487 0.019678
v 0.034755 0.470487 0.023291
v 0.029557 0.470487 0.029625
v 0.026455 0.470487 0.032170
v 0.023222 0.470487 0.034824
v 0.019796 0.470487 0.036655
v 0.015996 0.470487 0.038686
v 0.012075 0.470487 0.039876
v 0.008155 0.470487 0.041065
v 0.004077 0.470487 0.041467
v 0.000000 0.470487 0.041868
v -0.041397 0.470487 0.004146
v -0.040996 0.470487 0.008223
v -0.039807 0.470487 0.012144
v -0.038617 0.470487 0.016065
v -0.036686 0.470487 0.019678
v -0.034755 0.470487 0.023291
v -0.029556 0.470487 0.029625
v -0.026455 0.470487 0.032170
v -0.023222 0.470487 0.034824
v -0.019796 0.470487 0.036655
v -0.015996 0.470487 0.038686
v -0.012075 0.470487 0.039876
v -0.008155 0.470487 0.041065
v -0.004077 0.470487 0.041467
v 0.039798 0.472132 -0.007848
v 0.038644 0.472132 -0.011654
v 0.040188 0.472132 -0.003889
v 0.037489 0.472132 -0.015460
v 0.035614 0.472132 -0.018967
v 0.033739 0.472132 -0.022475
v 0.028693 0.472132 -0.028624
v 0.025696 0.472132 -0.031083
v 0.022544 0.472132 -0.033671
v 0.019224 0.472132 -0.035445
v 0.015528 0.472132 -0.037420
v 0.011722 0.472132 -0.038575
v 0.007916 0.472132 -0.039729
v 0.003958 0.472132 -0.040119
v 0.000000 0.472132 -0.040509
v 0.040578 0.472132 0.000069
v -0.039798 0.472132 -0.007848
v -0.040188 0.472132 -0.003889
v -0.038643 0.472132 -0.011654
v -0.037489 0.472132 -0.015460
v -0.035614 0.472132 -0.018967
v -0.033739 0.472132 -0.022475
v -0.028693 0.472132 -0.028624
v -0.025696 0.472132 -0.031083
v -0.022544 0.472132 -0.033671
v -0.019224 0.472132 -0.035445
v -0.015528 0.472132 -0.037420
v -0.011722 0.472132 -0.038575
v -0.007916 0.472132 -0.039729
v -0.003958 0.472132 -0.040119
v -0.040578 0.472132 0.000069
v 0.039798 0.472132 0.007985
v 0.040188 0.472132 0.004027
v 0.038644 0.472132 0.011791
v 0.037489 0.472132 0.015597
v 0.035614 0.472132 0.019105
v 0.033739 0.472132 0.022612
v 0.028693 0.472132 0.028761
v 0.025696 0.472132 0.031221
v 0.022544 0.472132 0.033808
v 0.019224 0.472132 0.035583
v 0.015528 0.472132 0.037558
v 0.011722 0.472132 0.038712
v 0.007916 0.472132 0.039867
v 0.003958 0.472132 0.040257
v 0.000000 0.472132 0.040646
v -0.039798 0.472132 0.007985
v -0.038643 0.472132 0.011791
v -0.040188 0.472132 0.004027
v -0.037489 0.472132 0.015597
v -0.035614 0.472132 0.019105
v -0.033739 0.472132 0.022612
v -0.028693 0.472132 0.028761
v -0.025696 0.472132 0.031221
v -0.022544 0.472132 0.033808
v -0.019224 0.472132 0.035583
v -0.015528 0.472132 0.037558
v -0.011722 0.472132 0.038712
v -0.007916 0.472132 0.039867
v -0.003958 0.472132 0.040257
v 0.037386 0.382526 0.000069
v -0.034645 0.382526 -0.005823
v -0.034645 0.384051 -0.005623
v -0.034645 0.385472 -0.005034
v -0.034645 0.386692 -0.004098
v -0.034645 0.387628 -0.002877
v -0.034645 0.388217 -0.001456
v -0.034645 0.376835 -0.001456
v -0.034645 0.377423 -0.002877
v -0.034645 0.378359 -0.004098
v -0.034645 0.379580 -0.005034
v -0.034645 0.381001 -0.005623
v -0.034645 0.382526 0.005961
v -0.034645 0.384051 0.005760
v -0.034645 0.385472 0.005171
v -0.034645 0.386692 0.004235
v -0.034645 0.387628 0.003015
v -0.034645 0.388217 0.001594
v -0.034645 0.388418 0.000069
v -0.034645 0.376634 0.000069
v -0.034645 0.376835 0.001594
v -0.034645 0.377423 0.003015
v -0.034645 0.378359 0.004235
v -0.034645 0.379580 0.005171
v -0.034645 0.381001 0.005760
v -0.034645 0.382526 -0.004692
v -0.034645 0.383758 -0.004530
v -0.034645 0.384906 -0.004054
v -0.034645 0.385892 -0.003297
v -0.034645 0.386648 -0.002312
v -0.034645 0.387124 -0.001163
v -0.034645 0.377928 -0.001163
v -0.034645 0.378403 -0.002312
v -0.034645 0.379159 -0.003297
v -0.034645 0.380146 -0.004054
v -0.034645 0.381294 -0.004530
v -0.034645 0.382526 0.004829
v -0.034645 0.383758 0.004667
v -0.034645 0.384906 0.004191
v -0.034645 0.385892 0.003435
v -0.034645 0.386648 0.002449
v -0.034645 0.387124 0.001301
v -0.034645 0.387287 0.000069
v -0.034645 0.377766 0.000069
v -0.034645 0.377928 0.001301
v -0.034645 0.378403 0.002449
v -0.034645 0.379159 0.003435
v -0.034645 0.380146 0.004191
v -0.034645 0.381294 0.004667
v -0.039212 0.382526 0.005745
v -0.039212 0.381057 0.005552
v -0.039300 0.379732 0.004909
v -0.039212 0.379688 0.004985
v -0.039212 0.378512 0.004083
v -0.039212 0.377610 0.002907
v -0.039212 0.377043 0.001538
v -0.039212 0.376850 0.000069
v -0.039220 0.377050 -0.001399
v -0.039220 0.377616 -0.002766
v -0.039220 0.378517 -0.003940
v -0.039307 0.378580 -0.003878
v -0.039307 0.379736 -0.004765
v -0.039220 0.379692 -0.004841
v -0.039220 0.381059 -0.005407
v -0.039220 0.382526 -0.005601
v -0.039220 0.383994 -0.005407
v -0.039307 0.383971 -0.005322
v -0.039220 0.385361 -0.004841
v -0.039220 0.386535 -0.003940
v -0.039220 0.387436 -0.002766
v -0.039220 0.388002 -0.001399
v -0.039307 0.388107 0.000069
v -0.039220 0.388196 0.000069
v -0.039307 0.387917 0.001513
v -0.039220 0.388002 0.001536
v -0.039220 0.387436 0.002903
v -0.039220 0.386535 0.004078
v -0.039307 0.385317 0.004902
v -0.039220 0.385361 0.004979
v -0.039220 0.383994 0.005545
v -0.034191 0.384542 0.003560
v -0.034191 0.385377 0.002919
v -0.034191 0.380511 -0.003423
v -0.034191 0.379676 -0.002782
v -0.034191 0.381483 0.003963
v -0.034191 0.382526 0.004100
v -0.034191 0.386558 0.000069
v -0.034191 0.386420 -0.000975
v -0.034191 0.378495 0.000069
v -0.034191 0.378632 0.001112
v -0.034191 0.385377 -0.002782
v -0.034191 0.384542 -0.003423
v -0.034191 0.383570 -0.003825
v -0.034191 0.379035 0.002084
v -0.034191 0.386420 0.001112
v -0.034191 0.386018 0.002084
v -0.034191 0.379035 -0.001947
v -0.034191 0.383570 0.003963
v -0.034191 0.386018 -0.001947
v -0.034191 0.378632 -0.000975
v -0.034191 0.381483 -0.003825
v -0.034191 0.380511 0.003560
v -0.034191 0.382526 -0.003963
v -0.034191 0.379676 0.002919
v -0.039306 0.382526 0.004316
v -0.039307 0.383625 0.004171
v -0.039306 0.381427 0.004171
v -0.039306 0.380403 0.003747
v -0.039306 0.379523 0.003072
v -0.039306 0.378848 0.002192
v -0.039306 0.378424 0.001168
v -0.039306 0.378279 0.000069
v -0.039307 0.378424 -0.001030
v -0.039307 0.378849 -0.002055
v -0.039307 0.379523 -0.002934
v -0.039307 0.380403 -0.003609
v -0.039307 0.381427 -0.004033
v -0.039307 0.382526 -0.004178
v -0.039307 0.383625 -0.004033
v -0.039307 0.384650 -0.003609
v -0.039307 0.385529 -0.002934
v -0.039307 0.386204 -0.002055
v -0.039307 0.386628 -0.001030
v -0.039307 0.386773 0.000069
v -0.039307 0.386628 0.001168
v -0.039307 0.386204 0.002192
v -0.039307 0.385529 0.003072
v -0.039307 0.384650 0.003746
v -0.039300 0.382526 0.005598
v -0.039300 0.381095 0.005410
v -0.039300 0.378616 0.003979
v -0.039300 0.377738 0.002833
v -0.039300 0.377185 0.001500
v -0.039300 0.376997 0.000069
v -0.039307 0.377192 -0.001361
v -0.039307 0.377744 -0.002692
v -0.039307 0.381097 -0.005265
v -0.039307 0.382526 -0.005454
v -0.039307 0.385287 -0.004714
v -0.039307 0.386431 -0.003836
v -0.039307 0.387309 -0.002692
v -0.039307 0.387860 -0.001361
v -0.039307 0.387309 0.002830
v -0.039307 0.386431 0.003974
v -0.039307 0.383956 0.005403
v 0.042061 0.385435 0.005107
v 0.042061 0.386640 0.004183
v 0.042061 0.379617 -0.004970
v 0.042061 0.378412 -0.004045
v 0.042061 0.381020 0.005689
v 0.042061 0.382526 0.005887
v 0.042061 0.388345 0.000069
v 0.042061 0.388146 -0.001437
v 0.042061 0.376708 0.000069
v 0.042061 0.376906 0.001575
v 0.042061 0.386640 -0.004045
v 0.042061 0.385435 -0.004970
v 0.042061 0.384032 -0.005551
v 0.042061 0.377488 0.002978
v 0.042061 0.388146 0.001575
v 0.042061 0.387565 0.002978
v 0.042061 0.377488 -0.002840
v 0.042061 0.384073 0.005841
v 0.042061 0.387565 -0.002840
v 0.042061 0.376906 -0.001437
v 0.042061 0.381020 -0.005551
v 0.042061 0.379617 0.005107
v 0.042061 0.382526 -0.005750
v 0.042061 0.378412 0.004183
v 0.028903 0.401521 -0.000001
v 0.028903 0.400379 0.006478
v 0.028903 0.397090 0.012175
v 0.028903 0.392051 0.016404
v 0.028903 0.385868 0.018654
v 0.028903 0.379290 0.018654
v 0.028903 0.373108 0.016404
v 0.028903 0.368068 0.012175
v 0.028903 0.364779 0.006478
v 0.028903 0.363637 -0.000001
v 0.028903 0.364779 -0.006479
v 0.028903 0.368068 -0.012176
v 0.028903 0.373108 -0.016405
v 0.028903 0.379290 -0.018655
v 0.028903 0.385868 -0.018655
v 0.028903 0.392051 -0.016405
v 0.028903 0.397090 -0.012176
v 0.028903 0.400379 -0.006479
v 0.028903 0.391182 -0.000001
v 0.028903 0.390664 0.002942
v 0.028903 0.389170 0.005529
v 0.028903 0.386880 0.007450
v 0.028903 0.384073 0.008472
v 0.028903 0.381085 0.008472
v 0.028903 0.378278 0.007450
v 0.028903 0.375989 0.005529
v 0.028903 0.374495 0.002942
v 0.028903 0.373976 -0.000001
v 0.028903 0.374495 -0.002943
v 0.028903 0.375989 -0.005530
v 0.028903 0.378278 -0.007451
v 0.028903 0.381085 -0.008473
v 0.028903 0.384073 -0.008473
v 0.028903 0.386880 -0.007451
v 0.028903 0.389170 -0.005530
v 0.028903 0.390664 -0.002943
v 0.029184 0.390793 -0.000001
v 0.029184 0.390298 0.002809
v 0.029184 0.388872 0.005279
v 0.029184 0.386686 0.007113
v 0.029184 0.384006 0.008089
v 0.029184 0.381153 0.008089
v 0.029184 0.378472 0.007113
v 0.029184 0.376287 0.005279
v 0.029184 0.374860 0.002809
v 0.029184 0.374365 -0.000001
v 0.029184 0.374860 -0.002810
v 0.029184 0.376287 -0.005281
v 0.029184 0.378472 -0.007114
v 0.029184 0.381153 -0.008090
v 0.029184 0.384006 -0.008090
v 0.029184 0.386686 -0.007114
v 0.029184 0.388872 -0.005281
v 0.029184 0.390298 -0.002810
v 0.029184 0.388710 -0.000001
v 0.029184 0.388340 0.002096
v 0.029184 0.387276 0.003940
v 0.029184 0.385645 0.005309
v 0.029184 0.383644 0.006037
v 0.029184 0.381515 0.006037
v 0.029184 0.379514 0.005309
v 0.029184 0.377883 0.003940
v 0.029184 0.376818 0.002096
v 0.029184 0.376449 -0.000001
v 0.029184 0.376818 -0.002098
v 0.029184 0.377883 -0.003942
v 0.029184 0.379514 -0.005310
v 0.029184 0.381515 -0.006038
v 0.029184 0.383644 -0.006038
v 0.029184 0.385645 -0.005310
v 0.029184 0.387276 -0.003942
v 0.029184 0.388340 -0.002098
v 0.027363 0.373011 -0.016573
v 0.027363 0.379256 -0.018846
v 0.027363 0.379256 0.018845
v 0.027363 0.373011 0.016572
v 0.027363 0.385902 -0.018846
v 0.027363 0.367919 0.012300
v 0.027363 0.392147 -0.016573
v 0.027363 0.364597 0.006544
v 0.027363 0.401716 -0.000001
v 0.027363 0.400562 0.006544
v 0.027363 0.397239 -0.012301
v 0.027363 0.363443 -0.000001
v 0.027363 0.397239 0.012300
v 0.027363 0.400562 -0.006546
v 0.027363 0.364597 -0.006546
v 0.027363 0.392147 0.016572
v 0.027363 0.367919 -0.012301
v 0.027363 0.385902 0.018845
v 0.026729 0.373526 -0.015681
v 0.026729 0.379435 0.017830
v 0.026729 0.400685 -0.000001
v 0.026729 0.379435 -0.017832
v 0.026729 0.373526 0.015680
v 0.026729 0.385723 -0.017832
v 0.026729 0.368709 0.011638
v 0.026729 0.391632 -0.015681
v 0.026729 0.365565 0.006192
v 0.026729 0.399593 0.006192
v 0.026729 0.396449 -0.011639
v 0.026729 0.364473 -0.000001
v 0.026729 0.396449 0.011638
v 0.026729 0.399593 -0.006193
v 0.026729 0.365565 -0.006193
v 0.026729 0.391632 0.015680
v 0.026729 0.368709 -0.011639
v 0.026729 0.385723 0.017830
v 0.025842 0.373936 -0.014971
v 0.025842 0.379578 0.017023
v 0.025842 0.399865 -0.000001
v 0.025842 0.379578 -0.017024
v 0.025842 0.373936 0.014970
v 0.025842 0.385581 -0.017024
v 0.025842 0.369337 0.011111
v 0.025842 0.391222 -0.014971
v 0.025842 0.366336 0.005912
v 0.025842 0.398823 0.005912
v 0.025842 0.395821 -0.011112
v 0.025842 0.365293 -0.000001
v 0.025842 0.395821 0.011111
v 0.025842 0.398823 -0.005913
v 0.025842 0.366336 -0.005913
v 0.025842 0.391222 0.014970
v 0.025842 0.369337 -0.011112
v 0.025842 0.385581 0.017023
v 0.024955 0.399654 -0.000001
v 0.024955 0.398625 0.005839
v 0.024955 0.395660 0.010975
v 0.024955 0.391117 0.014787
v 0.024955 0.385544 0.016815
v 0.024955 0.379614 0.016815
v 0.024955 0.374042 0.014787
v 0.024955 0.369499 0.010975
v 0.024955 0.366534 0.005839
v 0.024955 0.365503 -0.000001
v 0.024955 0.366534 -0.005841
v 0.024955 0.369499 -0.010976
v 0.024955 0.374042 -0.014788
v 0.024955 0.379614 -0.016817
v 0.024955 0.385544 -0.016817
v 0.024955 0.391117 -0.014788
v 0.024955 0.395660 -0.010976
v 0.024955 0.398625 -0.005841
v 0.021198 0.401716 -0.000001
v 0.021198 0.400562 0.006544
v 0.021198 0.397239 0.012300
v 0.021198 0.392147 0.016572
v 0.021198 0.385902 0.018845
v 0.021198 0.379256 0.018845
v 0.021198 0.373011 0.016572
v 0.021198 0.367919 0.012300
v 0.021198 0.364597 0.006544
v 0.021198 0.363443 -0.000001
v 0.021198 0.364597 -0.006546
v 0.021198 0.367919 -0.012301
v 0.021198 0.373011 -0.016573
v 0.021198 0.379256 -0.018846
v 0.021198 0.385902 -0.018846
v 0.021198 0.392147 -0.016573
v 0.021198 0.397239 -0.012301
v 0.021198 0.400562 -0.006546
v 0.022546 0.373011 -0.016573
v 0.022546 0.379256 -0.018846
v 0.022546 0.379256 0.018845
v 0.022546 0.373011 0.016572
v 0.022546 0.385902 -0.018846
v 0.022546 0.367919 0.012300
v 0.022546 0.392147 -0.016573
v 0.022546 0.364597 0.006544
v 0.022546 0.401716 -0.000001
v 0.022546 0.400562 0.006544
v 0.022546 0.397239 -0.012301
v 0.022546 0.363443 -0.000001
v 0.022546 0.397239 0.012300
v 0.022546 0.400562 -0.006546
v 0.022546 0.364597 -0.006546
v 0.022546 0.392147 0.016572
v 0.022546 0.367919 -0.012301
v 0.022546 0.385902 0.018845
v 0.023181 0.373526 -0.015681
v 0.023181 0.379435 0.017830
v 0.023181 0.400685 -0.000001
v 0.023181 0.379435 -0.017832
v 0.023181 0.373526 0.015680
v 0.023181 0.385723 -0.017832
v 0.023181 0.368709 0.011638
v 0.023181 0.391632 -0.015681
v 0.023181 0.365565 0.006192
v 0.023181 0.399593 0.006192
v 0.023181 0.396449 -0.011639
v 0.023181 0.364473 -0.000001
v 0.023181 0.396449 0.011638
v 0.023181 0.399593 -0.006193
v 0.023181 0.365565 -0.006193
v 0.023181 0.391632 0.015680
v 0.023181 0.368709 -0.011639
v 0.023181 0.385723 0.017830
v 0.024068 0.373936 -0.014971
v 0.024068 0.379578 0.017023
v 0.024068 0.399865 -0.000001
v 0.024068 0.379578 -0.017024
v 0.024068 0.373936 0.014970
v 0.024068 0.385581 -0.017024
v 0.024068 0.369337 0.011111
v 0.024068 0.391222 -0.014971
v 0.024068 0.366336 0.005912
v 0.024068 0.398823 0.005912
v 0.024068 0.395821 -0.011112
v 0.024068 0.365293 -0.000001
v 0.024068 0.395821 0.011111
v 0.024068 0.398823 -0.005913
v 0.024068 0.366336 -0.005913
v 0.024068 0.391222 0.014970
v 0.024068 0.369337 -0.011112
v 0.024068 0.385581 0.017023
v 0.029184 0.377085 -0.004611
v 0.029184 0.378993 -0.006212
v 0.029184 0.383825 0.007063
v 0.029184 0.381333 0.007063
v 0.029184 0.381333 -0.007064
v 0.029184 0.378993 0.006211
v 0.029184 0.383825 -0.007064
v 0.029184 0.377085 0.004610
v 0.029184 0.386165 -0.006212
v 0.029184 0.375839 0.002453
v 0.029184 0.389752 -0.000001
v 0.029184 0.389319 0.002453
v 0.029184 0.388074 -0.004611
v 0.029184 0.375406 -0.000001
v 0.029184 0.388074 0.004610
v 0.029184 0.389319 -0.002454
v 0.029184 0.375839 -0.002454
v 0.029184 0.386165 0.006211
v 0.028903 0.393130 -0.008853
v 0.028903 0.395521 -0.004711
v 0.028903 0.368807 -0.000001
v 0.028903 0.369637 -0.004711
v 0.028903 0.393130 0.008852
v 0.028903 0.389466 0.011927
v 0.028903 0.396352 -0.000001
v 0.028903 0.372029 -0.008853
v 0.028903 0.384971 0.013563
v 0.028903 0.375693 -0.011928
v 0.028903 0.380188 0.013563
v 0.028903 0.380188 -0.013564
v 0.028903 0.375693 0.011927
v 0.028903 0.384971 -0.013564
v 0.028903 0.372029 0.008852
v 0.028903 0.389466 -0.011928
v 0.028903 0.369637 0.004710
v 0.028903 0.395521 0.004710
v 0.029184 0.390481 0.002875
v 0.029184 0.390988 -0.000001
v 0.029184 0.389021 0.005404
v 0.029184 0.386783 0.007281
v 0.029184 0.384039 0.008280
v 0.029184 0.381119 0.008280
v 0.029184 0.378375 0.007281
v 0.029184 0.376138 0.005404
v 0.029184 0.374678 0.002875
v 0.029184 0.374171 -0.000001
v 0.029184 0.374678 -0.002877
v 0.029184 0.376138 -0.005406
v 0.029184 0.378375 -0.007283
v 0.029184 0.381119 -0.008281
v 0.029184 0.384039 -0.008281
v 0.029184 0.386783 -0.007283
v 0.029184 0.389021 -0.005406
v 0.029184 0.390481 -0.002877
v 0.028993 0.388158 0.002030
v 0.028993 0.388516 -0.000001
v 0.028993 0.387127 0.003815
v 0.028993 0.385548 0.005141
v 0.028993 0.383610 0.005846
v 0.028993 0.381549 0.005846
v 0.028993 0.379611 0.005141
v 0.028993 0.378032 0.003815
v 0.028993 0.377001 0.002030
v 0.028993 0.376642 -0.000001
v 0.028993 0.377001 -0.002031
v 0.028993 0.378032 -0.003817
v 0.028993 0.379611 -0.005142
v 0.028993 0.381549 -0.005847
v 0.028993 0.383610 -0.005847
v 0.028993 0.385548 -0.005142
v 0.028993 0.387127 -0.003817
v 0.028993 0.388158 -0.002031
v 0.028712 0.400562 0.006544
v 0.028712 0.401716 -0.000001
v 0.028712 0.397239 0.012300
v 0.028712 0.392147 0.016572
v 0.028712 0.385902 0.018845
v 0.028712 0.379256 0.018845
v 0.028712 0.373011 0.016572
v 0.028712 0.367919 0.012300
v 0.028712 0.364597 0.006544
v 0.028712 0.363443 -0.000001
v 0.028712 0.364597 -0.006546
v 0.028712 0.367919 -0.012301
v 0.028712 0.373011 -0.016573
v 0.028712 0.379256 -0.018846
v 0.028712 0.385902 -0.018846
v 0.028712 0.392147 -0.016573
v 0.028712 0.397239 -0.012301
v 0.028712 0.400562 -0.006546
v 0.028903 0.390481 0.002875
v 0.028903 0.390988 -0.000001
v 0.028903 0.389021 0.005404
v 0.028903 0.386783 0.007281
v 0.028903 0.384039 0.008280
v 0.028903 0.381119 0.008280
v 0.028903 0.378375 0.007281
v 0.028903 0.376138 0.005404
v 0.028903 0.374678 0.002875
v 0.028903 0.374171 -0.000001
v 0.028903 0.374678 -0.002877
v 0.028903 0.376138 -0.005406
v 0.028903 0.378375 -0.007283
v 0.028903 0.381119 -0.008281
v 0.028903 0.384039 -0.008281
v 0.028903 0.386783 -0.007283
v 0.028903 0.389021 -0.005406
v 0.028903 0.390481 -0.002877
v 0.029184 0.388158 0.002030
v 0.029184 0.388516 -0.000001
v 0.029184 0.387127 0.003815
v 0.029184 0.385548 0.005141
v 0.029184 0.383610 0.005846
v 0.029184 0.381549 0.005846
v 0.029184 0.379611 0.005141
v 0.029184 0.378032 0.003815
v 0.029184 0.377001 0.002030
v 0.029184 0.376642 -0.000001
v 0.029184 0.377001 -0.002031
v 0.029184 0.378032 -0.003817
v 0.029184 0.379611 -0.005142
v 0.029184 0.381549 -0.005847
v 0.029184 0.383610 -0.005847
v 0.029184 0.385548 -0.005142
v 0.029184 0.387127 -0.003817
v 0.029184 0.388158 -0.002031
v 0.028903 0.400562 0.006544
v 0.028903 0.401716 -0.000001
v 0.028903 0.397239 0.012300
v 0.028903 0.392147 0.016572
v 0.028903 0.385902 0.018845
v 0.028903 0.379256 0.018845
v 0.028903 0.373011 0.016572
v 0.028903 0.367919 0.012300
v 0.028903 0.364597 0.006544
v 0.028903 0.363443 -0.000001
v 0.028903 0.364597 -0.006546
v 0.028903 0.367919 -0.012301
v 0.028903 0.373011 -0.016573
v 0.028903 0.379256 -0.018846
v 0.028903 0.385902 -0.018846
v 0.028903 0.392147 -0.016573
v 0.028903 0.397239 -0.012301
v 0.028903 0.400562 -0.006546
v 0.027555 0.385902 0.018845
v 0.027555 0.379256 0.018845
v 0.027555 0.367919 -0.012301
v 0.027555 0.373011 -0.016573
v 0.027555 0.392147 0.016572
v 0.027555 0.364597 -0.006546
v 0.027555 0.400562 -0.006546
v 0.027555 0.401716 -0.000001
v 0.027555 0.397239 0.012300
v 0.027555 0.363443 -0.000001
v 0.027555 0.397239 -0.012301
v 0.027555 0.400562 0.006544
v 0.027555 0.364597 0.006544
v 0.027555 0.392147 -0.016573
v 0.027555 0.367919 0.012300
v 0.027555 0.385902 -0.018846
v 0.027555 0.373011 0.016572
v 0.027555 0.379256 -0.018846
v 0.021006 0.400379 0.006478
v 0.021006 0.401521 -0.000001
v 0.021006 0.397090 0.012175
v 0.021006 0.392051 0.016404
v 0.021006 0.385868 0.018654
v 0.021006 0.379290 0.018654
v 0.021006 0.373108 0.016404
v 0.021006 0.368068 0.012175
v 0.021006 0.364779 0.006478
v 0.021006 0.363637 -0.000001
v 0.021006 0.364779 -0.006479
v 0.021006 0.368068 -0.012176
v 0.021006 0.373108 -0.016405
v 0.021006 0.379290 -0.018655
v 0.021006 0.385868 -0.018655
v 0.021006 0.392051 -0.016405
v 0.021006 0.397090 -0.012176
v 0.021006 0.400379 -0.006479
v 0.022355 0.385902 0.018845
v 0.022355 0.379256 0.018845
v 0.022355 0.367919 -0.012301
v 0.022355 0.373011 -0.016573
v 0.022355 0.392147 0.016572
v 0.022355 0.364597 -0.006546
v 0.022355 0.400562 -0.006546
v 0.022355 0.401716 -0.000001
v 0.022355 0.397239 0.012300
v 0.022355 0.363443 -0.000001
v 0.022355 0.397239 -0.012301
v 0.022355 0.400562 0.006544
v 0.022355 0.364597 0.006544
v 0.022355 0.392147 -0.016573
v 0.022355 0.367919 0.012300
v 0.022355 0.385902 -0.018846
v 0.022355 0.373011 0.016572
v 0.022355 0.379256 -0.018846
v 0.021006 0.393130 -0.008853
v 0.021006 0.395521 -0.004711
v 0.021006 0.368807 -0.000001
v 0.021006 0.369637 -0.004711
v 0.021006 0.393130 0.008852
v 0.021006 0.389466 0.011927
v 0.021006 0.396352 -0.000001
v 0.021006 0.372029 -0.008853
v 0.021006 0.384971 0.013563
v 0.021006 0.375693 -0.011928
v 0.021006 0.380188 0.013563
v 0.021006 0.380188 -0.013564
v 0.021006 0.375693 0.011927
v 0.021006 0.384971 -0.013564
v 0.021006 0.372029 0.008852
v 0.021006 0.389466 -0.011928
v 0.021006 0.369637 0.004710
v 0.021006 0.395521 0.004710
v 0.021006 0.400562 0.006544
v 0.021006 0.401716 -0.000001
v 0.021006 0.397239 0.012300
v 0.021006 0.392147 0.016572
v 0.021006 0.385902 0.018845
v 0.021006 0.379256 0.018845
v 0.021006 0.373011 0.016572
v 0.021006 0.367919 0.012300
v 0.021006 0.364597 0.006544
v 0.021006 0.363443 -0.000001
v 0.021006 0.364597 -0.006546
v 0.021006 0.367919 -0.012301
v 0.021006 0.373011 -0.016573
v 0.021006 0.379256 -0.018846
v 0.021006 0.385902 -0.018846
v 0.021006 0.392147 -0.016573
v 0.021006 0.397239 -0.012301
v 0.021006 0.400562 -0.006546
v 0.020578 0.401521 -0.000001
v 0.020578 0.400379 0.006478
v 0.020578 0.397090 0.012175
v 0.020578 0.392051 0.016404
v 0.020578 0.385868 0.018654
v 0.020578 0.379290 0.018654
v 0.020578 0.373108 0.016404
v 0.020578 0.368068 0.012175
v 0.020578 0.364779 0.006478
v 0.020578 0.363637 -0.000001
v 0.020578 0.364779 -0.006479
v 0.020578 0.368068 -0.012176
v 0.020578 0.373108 -0.016405
v 0.020578 0.379290 -0.018655
v 0.020578 0.385868 -0.018655
v 0.020578 0.392051 -0.016405
v 0.020578 0.397090 -0.012176
v 0.020578 0.400379 -0.006479
v 0.019039 0.373011 -0.016573
v 0.019039 0.379256 -0.018846
v 0.019039 0.379256 0.018845
v 0.019039 0.373011 0.016572
v 0.019039 0.385902 -0.018846
v 0.019039 0.367919 0.012300
v 0.019039 0.392147 -0.016573
v 0.019039 0.364597 0.006544
v 0.019039 0.401716 -0.000001
v 0.019039 0.400562 0.006544
v 0.019039 0.397239 -0.012301
v 0.019039 0.363443 -0.000001
v 0.019039 0.397239 0.012300
v 0.019039 0.400562 -0.006546
v 0.019039 0.364597 -0.006546
v 0.019039 0.392147 0.016572
v 0.019039 0.367919 -0.012301
v 0.019039 0.385902 0.018845
v 0.018404 0.373526 -0.015681
v 0.018404 0.379435 0.017830
v 0.018404 0.400685 -0.000001
v 0.018404 0.379435 -0.017832
v 0.018404 0.373526 0.015680
v 0.018404 0.385723 -0.017832
v 0.018404 0.368709 0.011638
v 0.018404 0.391632 -0.015681
v 0.018404 0.365565 0.006192
v 0.018404 0.399593 0.006192
v 0.018404 0.396449 -0.011639
v 0.018404 0.364473 -0.000001
v 0.018404 0.396449 0.011638
v 0.018404 0.399593 -0.006193
v 0.018404 0.365565 -0.006193
v 0.018404 0.391632 0.015680
v 0.018404 0.368709 -0.011639
v 0.018404 0.385723 0.017830
v 0.017517 0.373936 -0.014971
v 0.017517 0.379578 0.017023
v 0.017517 0.399865 -0.000001
v 0.017517 0.379578 -0.017024
v 0.017517 0.373936 0.014970
v 0.017517 0.385581 -0.017024
v 0.017517 0.369337 0.011111
v 0.017517 0.391222 -0.014971
v 0.017517 0.366336 0.005912
v 0.017517 0.398823 0.005912
v 0.017517 0.395821 -0.011112
v 0.017517 0.365293 -0.000001
v 0.017517 0.395821 0.011111
v 0.017517 0.398823 -0.005913
v 0.017517 0.366336 -0.005913
v 0.017517 0.391222 0.014970
v 0.017517 0.369337 -0.011112
v 0.017517 0.385581 0.017023
v 0.016630 0.399654 -0.000001
v 0.016630 0.398625 0.005839
v 0.016630 0.395660 0.010975
v 0.016630 0.391117 0.014787
v 0.016630 0.385544 0.016815
v 0.016630 0.379614 0.016815
v 0.016630 0.374042 0.014787
v 0.016630 0.369499 0.010975
v 0.016630 0.366534 0.005839
v 0.016630 0.365503 -0.000001
v 0.016630 0.366534 -0.005841
v 0.016630 0.369499 -0.010976
v 0.016630 0.374042 -0.014788
v 0.016630 0.379614 -0.016817
v 0.016630 0.385544 -0.016817
v 0.016630 0.391117 -0.014788
v 0.016630 0.395660 -0.010976
v 0.016630 0.398625 -0.005841
v 0.012873 0.401716 -0.000001
v 0.012873 0.400562 0.006544
v 0.012873 0.397239 0.012300
v 0.012873 0.392147 0.016572
v 0.012873 0.385902 0.018845
v 0.012873 0.379256 0.018845
v 0.012873 0.373011 0.016572
v 0.012873 0.367919 0.012300
v 0.012873 0.364597 0.006544
v 0.012873 0.363443 -0.000001
v 0.012873 0.364597 -0.006546
v 0.012873 0.367919 -0.012301
v 0.012873 0.373011 -0.016573
v 0.012873 0.379256 -0.018846
v 0.012873 0.385902 -0.018846
v 0.012873 0.392147 -0.016573
v 0.012873 0.397239 -0.012301
v 0.012873 0.400562 -0.006546
v 0.012681 0.391182 -0.000001
v 0.012681 0.390664 0.002942
v 0.012681 0.389170 0.005529
v 0.012681 0.386880 0.007450
v 0.012681 0.384073 0.008472
v 0.012681 0.381085 0.008472
v 0.012681 0.378278 0.007450
v 0.012681 0.375989 0.005529
v 0.012681 0.374495 0.002942
v 0.012681 0.373976 -0.000001
v 0.012681 0.374495 -0.002943
v 0.012681 0.375989 -0.005530
v 0.012681 0.378278 -0.007451
v 0.012681 0.381085 -0.008473
v 0.012681 0.384073 -0.008473
v 0.012681 0.386880 -0.007451
v 0.012681 0.389170 -0.005530
v 0.012681 0.390664 -0.002943
v 0.012400 0.390793 -0.000001
v 0.012400 0.390298 0.002809
v 0.012400 0.388872 0.005279
v 0.012400 0.386686 0.007113
v 0.012400 0.384006 0.008089
v 0.012400 0.381153 0.008089
v 0.012400 0.378472 0.007113
v 0.012400 0.376287 0.005279
v 0.012400 0.374860 0.002809
v 0.012400 0.374365 -0.000001
v 0.012400 0.374860 -0.002810
v 0.012400 0.376287 -0.005281
v 0.012400 0.378472 -0.007114
v 0.012400 0.381153 -0.008090
v 0.012400 0.384006 -0.008090
v 0.012400 0.386686 -0.007114
v 0.012400 0.388872 -0.005281
v 0.012400 0.390298 -0.002810
v 0.012591 0.388516 -0.000001
v 0.012591 0.388158 0.002030
v 0.012591 0.387127 0.003815
v 0.012591 0.385548 0.005141
v 0.012591 0.383610 0.005846
v 0.012591 0.381549 0.005846
v 0.012591 0.379611 0.005141
v 0.012591 0.378032 0.003815
v 0.012591 0.377001 0.002030
v 0.012591 0.376642 -0.000001
v 0.012591 0.377001 -0.002031
v 0.012591 0.378032 -0.003817
v 0.012591 0.379611 -0.005142
v 0.012591 0.381549 -0.005847
v 0.012591 0.383610 -0.005847
v 0.012591 0.385548 -0.005142
v 0.012591 0.387127 -0.003817
v 0.012591 0.388158 -0.002031
v 0.014221 0.373011 -0.016573
v 0.014221 0.379256 -0.018846
v 0.014221 0.379256 0.018845
v 0.014221 0.373011 0.016572
v 0.014221 0.385902 -0.018846
v 0.014221 0.367919 0.012300
v 0.014221 0.392147 -0.016573
v 0.014221 0.364597 0.006544
v 0.014221 0.401716 -0.000001
v 0.014221 0.400562 0.006544
v 0.014221 0.397239 -0.012301
v 0.014221 0.363443 -0.000001
v 0.014221 0.397239 0.012300
v 0.014221 0.400562 -0.006546
v 0.014221 0.364597 -0.006546
v 0.014221 0.392147 0.016572
v 0.014221 0.367919 -0.012301
v 0.014221 0.385902 0.018845
v 0.014856 0.373526 -0.015681
v 0.014856 0.379435 0.017830
v 0.014856 0.400685 -0.000001
v 0.014856 0.379435 -0.017832
v 0.014856 0.373526 0.015680
v 0.014856 0.385723 -0.017832
v 0.014856 0.368709 0.011638
v 0.014856 0.391632 -0.015681
v 0.014856 0.365565 0.006192
v 0.014856 0.399593 0.006192
v 0.014856 0.396449 -0.011639
v 0.014856 0.364473 -0.000001
v 0.014856 0.396449 0.011638
v 0.014856 0.399593 -0.006193
v 0.014856 0.365565 -0.006193
v 0.014856 0.391632 0.015680
v 0.014856 0.368709 -0.011639
v 0.014856 0.385723 0.017830
v 0.015743 0.373936 -0.014971
v 0.015743 0.379578 0.017023
v 0.015743 0.399865 -0.000001
v 0.015743 0.379578 -0.017024
v 0.015743 0.373936 0.014970
v 0.015743 0.385581 -0.017024
v 0.015743 0.369337 0.011111
v 0.015743 0.391222 -0.014971
v 0.015743 0.366336 0.005912
v 0.015743 0.398823 0.005912
v 0.015743 0.395821 -0.011112
v 0.015743 0.365293 -0.000001
v 0.015743 0.395821 0.011111
v 0.015743 0.398823 -0.005913
v 0.015743 0.366336 -0.005913
v 0.015743 0.391222 0.014970
v 0.015743 0.369337 -0.011112
v 0.015743 0.385581 0.017023
v 0.020578 0.393130 -0.008853
v 0.020578 0.395521 -0.004711
v 0.020578 0.368807 -0.000001
v 0.020578 0.369637 -0.004711
v 0.020578 0.393130 0.008852
v 0.020578 0.389466 0.011927
v 0.020578 0.396352 -0.000001
v 0.020578 0.372029 -0.008853
v 0.020578 0.384971 0.013563
v 0.020578 0.375693 -0.011928
v 0.020578 0.380188 0.013563
v 0.020578 0.380188 -0.013564
v 0.020578 0.375693 0.011927
v 0.020578 0.384971 -0.013564
v 0.020578 0.372029 0.008852
v 0.020578 0.389466 -0.011928
v 0.020578 0.369637 0.004710
v 0.020578 0.395521 0.004710
v 0.020387 0.400562 0.006544
v 0.020387 0.401716 -0.000001
v 0.020387 0.397239 0.012300
v 0.020387 0.392147 0.016572
v 0.020387 0.385902 0.018845
v 0.020387 0.379256 0.018845
v 0.020387 0.373011 0.016572
v 0.020387 0.367919 0.012300
v 0.020387 0.364597 0.006544
v 0.020387 0.363443 -0.000001
v 0.020387 0.364597 -0.006546
v 0.020387 0.367919 -0.012301
v 0.020387 0.373011 -0.016573
v 0.020387 0.379256 -0.018846
v 0.020387 0.385902 -0.018846
v 0.020387 0.392147 -0.016573
v 0.020387 0.397239 -0.012301
v 0.020387 0.400562 -0.006546
v 0.012400 0.388340 0.002096
v 0.012400 0.388710 -0.000001
v 0.012400 0.387276 0.003940
v 0.012400 0.385645 0.005309
v 0.012400 0.383644 0.006037
v 0.012400 0.381515 0.006037
v 0.012400 0.379514 0.005309
v 0.012400 0.377883 0.003940
v 0.012400 0.376818 0.002096
v 0.012400 0.376449 -0.000001
v 0.012400 0.376818 -0.002098
v 0.012400 0.377883 -0.003942
v 0.012400 0.379514 -0.005310
v 0.012400 0.381515 -0.006038
v 0.012400 0.383644 -0.006038
v 0.012400 0.385645 -0.005310
v 0.012400 0.387276 -0.003942
v 0.012400 0.388340 -0.002098
v 0.020578 0.400562 0.006544
v 0.020578 0.401716 -0.000001
v 0.020578 0.397239 0.012300
v 0.020578 0.392147 0.016572
v 0.020578 0.385902 0.018845
v 0.020578 0.379256 0.018845
v 0.020578 0.373011 0.016572
v 0.020578 0.367919 0.012300
v 0.020578 0.364597 0.006544
v 0.020578 0.363443 -0.000001
v 0.020578 0.364597 -0.006546
v 0.020578 0.367919 -0.012301
v 0.020578 0.373011 -0.016573
v 0.020578 0.379256 -0.018846
v 0.020578 0.385902 -0.018846
v 0.020578 0.392147 -0.016573
v 0.020578 0.397239 -0.012301
v 0.020578 0.400562 -0.006546
v 0.019230 0.385902 0.018845
v 0.019230 0.379256 0.018845
v 0.019230 0.367919 -0.012301
v 0.019230 0.373011 -0.016573
v 0.019230 0.392147 0.016572
v 0.019230 0.364597 -0.006546
v 0.019230 0.400562 -0.006546
v 0.019230 0.401716 -0.000001
v 0.019230 0.397239 0.012300
v 0.019230 0.363443 -0.000001
v 0.019230 0.397239 -0.012301
v 0.019230 0.400562 0.006544
v 0.019230 0.364597 0.006544
v 0.019230 0.392147 -0.016573
v 0.019230 0.367919 0.012300
v 0.019230 0.385902 -0.018846
v 0.019230 0.373011 0.016572
v 0.019230 0.379256 -0.018846
v 0.012681 0.400379 0.006478
v 0.012681 0.401521 -0.000001
v 0.012681 0.397090 0.012175
v 0.012681 0.392051 0.016404
v 0.012681 0.385868 0.018654
v 0.012681 0.379290 0.018654
v 0.012681 0.373108 0.016404
v 0.012681 0.368068 0.012175
v 0.012681 0.364779 0.006478
v 0.012681 0.363637 -0.000001
v 0.012681 0.364779 -0.006479
v 0.012681 0.368068 -0.012176
v 0.012681 0.373108 -0.016405
v 0.012681 0.379290 -0.018655
v 0.012681 0.385868 -0.018655
v 0.012681 0.392051 -0.016405
v 0.012681 0.397090 -0.012176
v 0.012681 0.400379 -0.006479
v 0.014030 0.385902 0.018845
v 0.014030 0.379256 0.018845
v 0.014030 0.367919 -0.012301
v 0.014030 0.373011 -0.016573
v 0.014030 0.392147 0.016572
v 0.014030 0.364597 -0.006546
v 0.014030 0.400562 -0.006546
v 0.014030 0.401716 -0.000001
v 0.014030 0.397239 0.012300
v 0.014030 0.363443 -0.000001
v 0.014030 0.397239 -0.012301
v 0.014030 0.400562 0.006544
v 0.014030 0.364597 0.006544
v 0.014030 0.392147 -0.016573
v 0.014030 0.367919 0.012300
v 0.014030 0.385902 -0.018846
v 0.014030 0.373011 0.016572
v 0.014030 0.379256 -0.018846
v 0.012681 0.393130 -0.008853
v 0.012681 0.395521 -0.004711
v 0.012681 0.368807 -0.000001
v 0.012681 0.369637 -0.004711
v 0.012681 0.393130 0.008852
v 0.012681 0.389466 0.011927
v 0.012681 0.396352 -0.000001
v 0.012681 0.372029 -0.008853
v 0.012681 0.384971 0.013563
v 0.012681 0.375693 -0.011928
v 0.012681 0.380188 0.013563
v 0.012681 0.380188 -0.013564
v 0.012681 0.375693 0.011927
v 0.012681 0.384971 -0.013564
v 0.012681 0.372029 0.008852
v 0.012681 0.389466 -0.011928
v 0.012681 0.369637 0.004710
v 0.012681 0.395521 0.004710
v 0.012400 0.377085 -0.004611
v 0.012400 0.378993 -0.006212
v 0.012400 0.383825 0.007063
v 0.012400 0.381333 0.007063
v 0.012400 0.381333 -0.007064
v 0.012400 0.378993 0.006211
v 0.012400 0.383825 -0.007064
v 0.012400 0.377085 0.004610
v 0.012400 0.386165 -0.006212
v 0.012400 0.375839 0.002453
v 0.012400 0.389752 -0.000001
v 0.012400 0.389319 0.002453
v 0.012400 0.388074 -0.004611
v 0.012400 0.375406 -0.000001
v 0.012400 0.388074 0.004610
v 0.012400 0.389319 -0.002454
v 0.012400 0.375839 -0.002454
v 0.012400 0.386165 0.006211
v 0.012681 0.400562 0.006544
v 0.012681 0.401716 -0.000001
v 0.012681 0.397239 0.012300
v 0.012681 0.392147 0.016572
v 0.012681 0.385902 0.018845
v 0.012681 0.379256 0.018845
v 0.012681 0.373011 0.016572
v 0.012681 0.367919 0.012300
v 0.012681 0.364597 0.006544
v 0.012681 0.363443 -0.000001
v 0.012681 0.364597 -0.006546
v 0.012681 0.367919 -0.012301
v 0.012681 0.373011 -0.016573
v 0.012681 0.379256 -0.018846
v 0.012681 0.385902 -0.018846
v 0.012681 0.392147 -0.016573
v 0.012681 0.397239 -0.012301
v 0.012681 0.400562 -0.006546
v 0.012681 0.390481 0.002875
v 0.012681 0.390988 -0.000001
v 0.012681 0.389021 0.005404
v 0.012681 0.386783 0.007281
v 0.012681 0.384039 0.008280
v 0.012681 0.381119 0.008280
v 0.012681 0.378375 0.007281
v 0.012681 0.376138 0.005404
v 0.012681 0.374678 0.002875
v 0.012681 0.374171 -0.000001
v 0.012681 0.374678 -0.002877
v 0.012681 0.376138 -0.005406
v 0.012681 0.378375 -0.007283
v 0.012681 0.381119 -0.008281
v 0.012681 0.384039 -0.008281
v 0.012681 0.386783 -0.007283
v 0.012681 0.389021 -0.005406
v 0.012681 0.390481 -0.002877
v 0.012400 0.390481 0.002875
v 0.012400 0.390988 -0.000001
v 0.012400 0.389021 0.005404
v 0.012400 0.386783 0.007281
v 0.012400 0.384039 0.008280
v 0.012400 0.381119 0.008280
v 0.012400 0.378375 0.007281
v 0.012400 0.376138 0.005404
v 0.012400 0.374678 0.002875
v 0.012400 0.374171 -0.000001
v 0.012400 0.374678 -0.002877
v 0.012400 0.376138 -0.005406
v 0.012400 0.378375 -0.007283
v 0.012400 0.381119 -0.008281
v 0.012400 0.384039 -0.008281
v 0.012400 0.386783 -0.007283
v 0.012400 0.389021 -0.005406
v 0.012400 0.390481 -0.002877
v 0.012400 0.388158 0.002030
v 0.012400 0.388516 -0.000001
v 0.012400 0.387127 0.003815
v 0.012400 0.385548 0.005141
v 0.012400 0.383610 0.005846
v 0.012400 0.381549 0.005846
v 0.012400 0.379611 0.005141
v 0.012400 0.378032 0.003815
v 0.012400 0.377001 0.002030
v 0.012400 0.376642 -0.000001
v 0.012400 0.377001 -0.002031
v 0.012400 0.378032 -0.003817
v 0.012400 0.379611 -0.005142
v 0.012400 0.381549 -0.005847
v 0.012400 0.383610 -0.005847
v 0.012400 0.385548 -0.005142
v 0.012400 0.387127 -0.003817
v 0.012400 0.388158 -0.002031
v -0.012682 0.401521 -0.000001
v -0.012682 0.400379 0.006478
v -0.012682 0.397090 0.012175
v -0.012682 0.392051 0.016404
v -0.012682 0.385868 0.018654
v -0.012682 0.379290 0.018654
v -0.012682 0.373108 0.016404
v -0.012682 0.368068 0.012175
v -0.012682 0.364779 0.006478
v -0.012682 0.363637 -0.000001
v -0.012682 0.364779 -0.006479
v -0.012682 0.368068 -0.012176
v -0.012682 0.373108 -0.016405
v -0.012682 0.379290 -0.018655
v -0.012682 0.385868 -0.018655
v -0.012682 0.392051 -0.016405
v -0.012682 0.397090 -0.012176
v -0.012682 0.400379 -0.006479
v -0.012682 0.391182 -0.000001
v -0.012682 0.390664 0.002942
v -0.012682 0.389170 0.005529
v -0.012682 0.386880 0.007450
v -0.012682 0.384073 0.008472
v -0.012682 0.381085 0.008472
v -0.012682 0.378278 0.007450
v -0.012682 0.375989 0.005529
v -0.012682 0.374495 0.002942
v -0.012682 0.373976 -0.000001
v -0.012682 0.374495 -0.002943
v -0.012682 0.375989 -0.005530
v -0.012682 0.378278 -0.007451
v -0.012682 0.381085 -0.008473
v -0.012682 0.384073 -0.008473
v -0.012682 0.386880 -0.007451
v -0.012682 0.389170 -0.005530
v -0.012682 0.390664 -0.002943
v -0.012401 0.390793 -0.000001
v -0.012401 0.390298 0.002809
v -0.012401 0.388872 0.005279
v -0.012401 0.386686 0.007113
v -0.012401 0.384006 0.008089
v -0.012401 0.381153 0.008089
v -0.012401 0.378472 0.007113
v -0.012401 0.376287 0.005279
v -0.012401 0.374860 0.002809
v -0.012401 0.374365 -0.000001
v -0.012401 0.374860 -0.002810
v -0.012401 0.376287 -0.005281
v -0.012401 0.378472 -0.007114
v -0.012401 0.381153 -0.008090
v -0.012401 0.384006 -0.008090
v -0.012401 0.386686 -0.007114
v -0.012401 0.388872 -0.005281
v -0.012401 0.390298 -0.002810
v -0.012401 0.388710 -0.000001
v -0.012401 0.388340 0.002096
v -0.012401 0.387276 0.003940
v -0.012401 0.385645 0.005309
v -0.012401 0.383644 0.006037
v -0.012401 0.381515 0.006037
v -0.012401 0.379514 0.005309
v -0.012401 0.377883 0.003940
v -0.012401 0.376818 0.002096
v -0.012401 0.376449 -0.000001
v -0.012401 0.376818 -0.002098
v -0.012401 0.377883 -0.003942
v -0.012401 0.379514 -0.005310
v -0.012401 0.381515 -0.006038
v -0.012401 0.383644 -0.006038
v -0.012401 0.385645 -0.005310
v -0.012401 0.387276 -0.003942
v -0.012401 0.388340 -0.002098
v -0.014222 0.373011 -0.016573
v -0.014222 0.379256 -0.018846
v -0.014222 0.379256 0.018845
v -0.014222 0.373011 0.016572
v -0.014222 0.385902 -0.018846
v -0.014222 0.367919 0.012300
v -0.014222 0.392147 -0.016573
v -0.014222 0.364597 0.006544
v -0.014222 0.401716 -0.000001
v -0.014222 0.400562 0.006544
v -0.014222 0.397239 -0.012301
v -0.014222 0.363443 -0.000001
v -0.014222 0.397239 0.012300
v -0.014222 0.400562 -0.006546
v -0.014222 0.364597 -0.006546
v -0.014222 0.392147 0.016572
v -0.014222 0.367919 -0.012301
v -0.014222 0.385902 0.018845
v -0.014856 0.373526 -0.015681
v -0.014856 0.379435 0.017830
v -0.014856 0.400685 -0.000001
v -0.014856 0.379435 -0.017832
v -0.014856 0.373526 0.015680
v -0.014856 0.385723 -0.017832
v -0.014856 0.368709 0.011638
v -0.014856 0.391632 -0.015681
v -0.014856 0.365565 0.006192
v -0.014856 0.399593 0.006192
v -0.014856 0.396449 -0.011639
v -0.014856 0.364473 -0.000001
v -0.014856 0.396449 0.011638
v -0.014856 0.399593 -0.006193
v -0.014856 0.365565 -0.006193
v -0.014856 0.391632 0.015680
v -0.014856 0.368709 -0.011639
v -0.014856 0.385723 0.017830
v -0.015743 0.373936 -0.014971
v -0.015743 0.379578 0.017023
v -0.015743 0.399865 -0.000001
v -0.015743 0.379578 -0.017024
v -0.015743 0.373936 0.014970
v -0.015743 0.385581 -0.017024
v -0.015743 0.369337 0.011111
v -0.015743 0.391222 -0.014971
v -0.015743 0.366336 0.005912
v -0.015743 0.398823 0.005912
v -0.015743 0.395821 -0.011112
v -0.015743 0.365293 -0.000001
v -0.015743 0.395821 0.011111
v -0.015743 0.398823 -0.005913
v -0.015743 0.366336 -0.005913
v -0.015743 0.391222 0.014970
v -0.015743 0.369337 -0.011112
v -0.015743 0.385581 0.017023
v -0.016630 0.399654 -0.000001
v -0.016630 0.398625 0.005839
v -0.016630 0.395660 0.010975
v -0.016630 0.391117 0.014787
v -0.016630 0.385544 0.016815
v -0.016630 0.379614 0.016815
v -0.016630 0.374042 0.014787
v -0.016630 0.369499 0.010975
v -0.016630 0.366534 0.005839
v -0.016630 0.365503 -0.000001
v -0.016630 0.366534 -0.005841
v -0.016630 0.369499 -0.010976
v -0.016630 0.374042 -0.014788
v -0.016630 0.379614 -0.016817
v -0.016630 0.385544 -0.016817
v -0.016630 0.391117 -0.014788
v -0.016630 0.395660 -0.010976
v -0.016630 0.398625 -0.005841
v -0.020387 0.401716 -0.000001
v -0.020387 0.400562 0.006544
v -0.020387 0.397239 0.012300
v -0.020387 0.392147 0.016572
v -0.020387 0.385902 0.018845
v -0.020387 0.379256 0.018845
v -0.020387 0.373011 0.016572
v -0.020387 0.367919 0.012300
v -0.020387 0.364597 0.006544
v -0.020387 0.363443 -0.000001
v -0.020387 0.364597 -0.006546
v -0.020387 0.367919 -0.012301
v -0.020387 0.373011 -0.016573
v -0.020387 0.379256 -0.018846
v -0.020387 0.385902 -0.018846
v -0.020387 0.392147 -0.016573
v -0.020387 0.397239 -0.012301
v -0.020387 0.400562 -0.006546
v -0.019039 0.373011 -0.016573
v -0.019039 0.379256 -0.018846
v -0.019039 0.379256 0.018845
v -0.019039 0.373011 0.016572
v -0.019039 0.385902 -0.018846
v -0.019039 0.367919 0.012300
v -0.019039 0.392147 -0.016573
v -0.019039 0.364597 0.006544
v -0.019039 0.401716 -0.000001
v -0.019039 0.400562 0.006544
v -0.019039 0.397239 -0.012301
v -0.019039 0.363443 -0.000001
v -0.019039 0.397239 0.012300
v -0.019039 0.400562 -0.006546
v -0.019039 0.364597 -0.006546
v -0.019039 0.392147 0.016572
v -0.019039 0.367919 -0.012301
v -0.019039 0.385902 0.018845
v -0.018404 0.373526 -0.015681
v -0.018404 0.379435 0.017830
v -0.018404 0.400685 -0.000001
v -0.018404 0.379435 -0.017832
v -0.018404 0.373526 0.015680
v -0.018404 0.385723 -0.017832
v -0.018404 0.368709 0.011638
v -0.018404 0.391632 -0.015681
v -0.018404 0.365565 0.006192
v -0.018404 0.399593 0.006192
v -0.018404 0.396449 -0.011639
v -0.018404 0.364473 -0.000001
v -0.018404 0.396449 0.011638
v -0.018404 0.399593 -0.006193
v -0.018404 0.365565 -0.006193
v -0.018404 0.391632 0.015680
v -0.018404 0.368709 -0.011639
v -0.018404 0.385723 0.017830
v -0.017517 0.373936 -0.014971
v -0.017517 0.379578 0.017023
v -0.017517 0.399865 -0.000001
v -0.017517 0.379578 -0.017024
v -0.017517 0.373936 0.014970
v -0.017517 0.385581 -0.017024
v -0.017517 0.369337 0.011111
v -0.017517 0.391222 -0.014971
v -0.017517 0.366336 0.005912
v -0.017517 0.398823 0.005912
v -0.017517 0.395821 -0.011112
v -0.017517 0.365293 -0.000001
v -0.017517 0.395821 0.011111
v -0.017517 0.398823 -0.005913
v -0.017517 0.366336 -0.005913
v -0.017517 0.391222 0.014970
v -0.017517 0.369337 -0.011112
v -0.017517 0.385581 0.017023
v -0.012401 0.377085 -0.004611
v -0.012401 0.378993 -0.006212
v -0.012401 0.383825 0.007063
v -0.012401 0.381333 0.007063
v -0.012401 0.381333 -0.007064
v -0.012401 0.378993 0.006211
v -0.012401 0.383825 -0.007064
v -0.012401 0.377085 0.004610
v -0.012401 0.386165 -0.006212
v -0.012401 0.375839 0.002453
v -0.012401 0.389752 -0.000001
v -0.012401 0.389319 0.002453
v -0.012401 0.388074 -0.004611
v -0.012401 0.375406 -0.000001
v -0.012401 0.388074 0.004610
v -0.012401 0.389319 -0.002454
v -0.012401 0.375839 -0.002454
v -0.012401 0.386165 0.006211
v -0.012682 0.393130 -0.008853
v -0.012682 0.395521 -0.004711
v -0.012682 0.368807 -0.000001
v -0.012682 0.369637 -0.004711
v -0.012682 0.393130 0.008852
v -0.012682 0.389466 0.011927
v -0.012682 0.396352 -0.000001
v -0.012682 0.372029 -0.008853
v -0.012682 0.384971 0.013563
v -0.012682 0.375693 -0.011928
v -0.012682 0.380188 0.013563
v -0.012682 0.380188 -0.013564
v -0.012682 0.375693 0.011927
v -0.012682 0.384971 -0.013564
v -0.012682 0.372029 0.008852
v -0.012682 0.389466 -0.011928
v -0.012682 0.369637 0.004710
v -0.012682 0.395521 0.004710
v -0.012401 0.390481 0.002875
v -0.012401 0.390988 -0.000001
v -0.012401 0.389021 0.005404
v -0.012401 0.386783 0.007281
v -0.012401 0.384039 0.008280
v -0.012401 0.381119 0.008280
v -0.012401 0.378375 0.007281
v -0.012401 0.376138 0.005404
v -0.012401 0.374678 0.002875
v -0.012401 0.374171 -0.000001
v -0.012401 0.374678 -0.002877
v -0.012401 0.376138 -0.005406
v -0.012401 0.378375 -0.007283
v -0.012401 0.381119 -0.008281
v -0.012401 0.384039 -0.008281
v -0.012401 0.386783 -0.007283
v -0.012401 0.389021 -0.005406
v -0.012401 0.390481 -0.002877
v -0.012592 0.388158 0.002030
v -0.012592 0.388516 -0.000001
v -0.012592 0.387127 0.003815
v -0.012592 0.385548 0.005141
v -0.012592 0.383610 0.005846
v -0.012592 0.381549 0.005846
v -0.012592 0.379611 0.005141
v -0.012592 0.378032 0.003815
v -0.012592 0.377001 0.002030
v -0.012592 0.376642 -0.000001
v -0.012592 0.377001 -0.002031
v -0.012592 0.378032 -0.003817
v -0.012592 0.379611 -0.005142
v -0.012592 0.381549 -0.005847
v -0.012592 0.383610 -0.005847
v -0.012592 0.385548 -0.005142
v -0.012592 0.387127 -0.003817
v -0.012592 0.388158 -0.002031
v -0.012873 0.400562 0.006544
v -0.012873 0.401716 -0.000001
v -0.012873 0.397239 0.012300
v -0.012873 0.392147 0.016572
v -0.012873 0.385902 0.018845
v -0.012873 0.379256 0.018845
v -0.012873 0.373011 0.016572
v -0.012873 0.367919 0.012300
v -0.012873 0.364597 0.006544
v -0.012873 0.363443 -0.000001
v -0.012873 0.364597 -0.006546
v -0.012873 0.367919 -0.012301
v -0.012873 0.373011 -0.016573
v -0.012873 0.379256 -0.018846
v -0.012873 0.385902 -0.018846
v -0.012873 0.392147 -0.016573
v -0.012873 0.397239 -0.012301
v -0.012873 0.400562 -0.006546
v -0.012682 0.390481 0.002875
v -0.012682 0.390988 -0.000001
v -0.012682 0.389021 0.005404
v -0.012682 0.386783 0.007281
v -0.012682 0.384039 0.008280
v -0.012682 0.381119 0.008280
v -0.012682 0.378375 0.007281
v -0.012682 0.376138 0.005404
v -0.012682 0.374678 0.002875
v -0.012682 0.374171 -0.000001
v -0.012682 0.374678 -0.002877
v -0.012682 0.376138 -0.005406
v -0.012682 0.378375 -0.007283
v -0.012682 0.381119 -0.008281
v -0.012682 0.384039 -0.008281
v -0.012682 0.386783 -0.007283
v -0.012682 0.389021 -0.005406
v -0.012682 0.390481 -0.002877
v -0.012401 0.388158 0.002030
v -0.012401 0.388516 -0.000001
v -0.012401 0.387127 0.003815
v -0.012401 0.385548 0.005141
v -0.012401 0.383610 0.005846
v -0.012401 0.381549 0.005846
v -0.012401 0.379611 0.005141
v -0.012401 0.378032 0.003815
v -0.012401 0.377001 0.002030
v -0.012401 0.376642 -0.000001
v -0.012401 0.377001 -0.002031
v -0.012401 0.378032 -0.003817
v -0.012401 0.379611 -0.005142
v -0.012401 0.381549 -0.005847
v -0.012401 0.383610 -0.005847
v -0.012401 0.385548 -0.005142
v -0.012401 0.387127 -0.003817
v -0.012401 0.388158 -0.002031
v -0.012682 0.400562 0.006544
v -0.012682 0.401716 -0.000001
v -0.012682 0.397239 0.012300
v -0.012682 0.392147 0.016572
v -0.012682 0.385902 0.018845
v -0.012682 0.379256 0.018845
v -0.012682 0.373011 0.016572
v -0.012682 0.367919 0.012300
v -0.012682 0.364597 0.006544
v -0.012682 0.363443 -0.000001
v -0.012682 0.364597 -0.006546
v -0.012682 0.367919 -0.012301
v -0.012682 0.373011 -0.016573
v -0.012682 0.379256 -0.018846
v -0.012682 0.385902 -0.018846
v -0.012682 0.392147 -0.016573
v -0.012682 0.397239 -0.012301
v -0.012682 0.400562 -0.006546
v -0.014030 0.385902 0.018845
v -0.014030 0.379256 0.018845
v -0.014030 0.367919 -0.012301
v -0.014030 0.373011 -0.016573
v -0.014030 0.392147 0.016572
v -0.014030 0.364597 -0.006546
v -0.014030 0.400562 -0.006546
v -0.014030 0.401716 -0.000001
v -0.014030 0.397239 0.012300
v -0.014030 0.363443 -0.000001
v -0.014030 0.397239 -0.012301
v -0.014030 0.400562 0.006544
v -0.014030 0.364597 0.006544
v -0.014030 0.392147 -0.016573
v -0.014030 0.367919 0.012300
v -0.014030 0.385902 -0.018846
v -0.014030 0.373011 0.016572
v -0.014030 0.379256 -0.018846
v -0.020579 0.400379 0.006478
v -0.020579 0.401521 -0.000001
v -0.020579 0.397090 0.012175
v -0.020579 0.392051 0.016404
v -0.020579 0.385868 0.018654
v -0.020579 0.379290 0.018654
v -0.020579 0.373108 0.016404
v -0.020579 0.368068 0.012175
v -0.020579 0.364779 0.006478
v -0.020579 0.363637 -0.000001
v -0.020579 0.364779 -0.006479
v -0.020579 0.368068 -0.012176
v -0.020579 0.373108 -0.016405
v -0.020579 0.379290 -0.018655
v -0.020579 0.385868 -0.018655
v -0.020579 0.392051 -0.016405
v -0.020579 0.397090 -0.012176
v -0.020579 0.400379 -0.006479
v -0.019230 0.385902 0.018845
v -0.019230 0.379256 0.018845
v -0.019230 0.367919 -0.012301
v -0.019230 0.373011 -0.016573
v -0.019230 0.392147 0.016572
v -0.019230 0.364597 -0.006546
v -0.019230 0.400562 -0.006546
v -0.019230 0.401716 -0.000001
v -0.019230 0.397239 0.012300
v -0.019230 0.363443 -0.000001
v -0.019230 0.397239 -0.012301
v -0.019230 0.400562 0.006544
v -0.019230 0.364597 0.006544
v -0.019230 0.392147 -0.016573
v -0.019230 0.367919 0.012300
v -0.019230 0.385902 -0.018846
v -0.019230 0.373011 0.016572
v -0.019230 0.379256 -0.018846
v -0.020579 0.393130 -0.008853
v -0.020579 0.395521 -0.004711
v -0.020579 0.368807 -0.000001
v -0.020579 0.369637 -0.004711
v -0.020579 0.393130 0.008852
v -0.020579 0.389466 0.011927
v -0.020579 0.396352 -0.000001
v -0.020579 0.372029 -0.008853
v -0.020579 0.384971 0.013563
v -0.020579 0.375693 -0.011928
v -0.020579 0.380188 0.013563
v -0.020579 0.380188 -0.013564
v -0.020579 0.375693 0.011927
v -0.020579 0.384971 -0.013564
v -0.020579 0.372029 0.008852
v -0.020579 0.389466 -0.011928
v -0.020579 0.369637 0.004710
v -0.020579 0.395521 0.004710
v -0.020579 0.400562 0.006544
v -0.020579 0.401716 -0.000001
v -0.020579 0.397239 0.012300
v -0.020579 0.392147 0.016572
v -0.020579 0.385902 0.018845
v -0.020579 0.379256 0.018845
v -0.020579 0.373011 0.016572
v -0.020579 0.367919 0.012300
v -0.020579 0.364597 0.006544
v -0.020579 0.363443 -0.000001
v -0.020579 0.364597 -0.006546
v -0.020579 0.367919 -0.012301
v -0.020579 0.373011 -0.016573
v -0.020579 0.379256 -0.018846
v -0.020579 0.385902 -0.018846
v -0.020579 0.392147 -0.016573
v -0.020579 0.397239 -0.012301
v -0.020579 0.400562 -0.006546
v -0.021007 0.401521 -0.000001
v -0.021007 0.400379 0.006478
v -0.021007 0.397090 0.012175
v -0.021007 0.392051 0.016404
v -0.021007 0.385868 0.018654
v -0.021007 0.379290 0.018654
v -0.021007 0.373108 0.016404
v -0.021007 0.368068 0.012175
v -0.021007 0.364779 0.006478
v -0.021007 0.363637 -0.000001
v -0.021007 0.364779 -0.006479
v -0.021007 0.368068 -0.012176
v -0.021007 0.373108 -0.016405
v -0.021007 0.379290 -0.018655
v -0.021007 0.385868 -0.018655
v -0.021007 0.392051 -0.016405
v -0.021007 0.397090 -0.012176
v -0.021007 0.400379 -0.006479
v -0.022546 0.373011 -0.016573
v -0.022546 0.379256 -0.018846
v -0.022546 0.379256 0.018845
v -0.022546 0.373011 0.016572
v -0.022546 0.385902 -0.018846
v -0.022546 0.367919 0.012300
v -0.022546 0.392147 -0.016573
v -0.022546 0.364597 0.006544
v -0.022546 0.401716 -0.000001
v -0.022546 0.400562 0.006544
v -0.022546 0.397239 -0.012301
v -0.022546 0.363443 -0.000001
v -0.022546 0.397239 0.012300
v -0.022546 0.400562 -0.006546
v -0.022546 0.364597 -0.006546
v -0.022546 0.392147 0.016572
v -0.022546 0.367919 -0.012301
v -0.022546 0.385902 0.018845
v -0.023181 0.373526 -0.015681
v -0.023181 0.379435 0.017830
v -0.023181 0.400685 -0.000001
v -0.023181 0.379435 -0.017832
v -0.023181 0.373526 0.015680
v -0.023181 0.385723 -0.017832
v -0.023181 0.368709 0.011638
v -0.023181 0.391632 -0.015681
v -0.023181 0.365565 0.006192
v -0.023181 0.399593 0.006192
v -0.023181 0.396449 -0.011639
v -0.023181 0.364473 -0.000001
v -0.023181 0.396449 0.011638
v -0.023181 0.399593 -0.006193
v -0.023181 0.365565 -0.006193
v -0.023181 0.391632 0.015680
v -0.023181 0.368709 -0.011639
v -0.023181 0.385723 0.017830
v -0.024068 0.373936 -0.014971
v -0.024068 0.379578 0.017023
v -0.024068 0.399865 -0.000001
v -0.024068 0.379578 -0.017024
v -0.024068 0.373936 0.014970
v -0.024068 0.385581 -0.017024
v -0.024068 0.369337 0.011111
v -0.024068 0.391222 -0.014971
v -0.024068 0.366336 0.005912
v -0.024068 0.398823 0.005912
v -0.024068 0.395821 -0.011112
v -0.024068 0.365293 -0.000001
v -0.024068 0.395821 0.011111
v -0.024068 0.398823 -0.005913
v -0.024068 0.366336 -0.005913
v -0.024068 0.391222 0.014970
v -0.024068 0.369337 -0.011112
v -0.024068 0.385581 0.017023
v -0.024955 0.399654 -0.000001
v -0.024955 0.398625 0.005839
v -0.024955 0.395660 0.010975
v -0.024955 0.391117 0.014787
v -0.024955 0.385544 0.016815
v -0.024955 0.379614 0.016815
v -0.024955 0.374042 0.014787
v -0.024955 0.369499 0.010975
v -0.024955 0.366534 0.005839
v -0.024955 0.365503 -0.000001
v -0.024955 0.366534 -0.005841
v -0.024955 0.369499 -0.010976
v -0.024955 0.374042 -0.014788
v -0.024955 0.379614 -0.016817
v -0.024955 0.385544 -0.016817
v -0.024955 0.391117 -0.014788
v -0.024955 0.395660 -0.010976
v -0.024955 0.398625 -0.005841
v -0.028712 0.401716 -0.000001
v -0.028712 0.400562 0.006544
v -0.028712 0.397239 0.012300
v -0.028712 0.392147 0.016572
v -0.028712 0.385902 0.018845
v -0.028712 0.379256 0.018845
v -0.028712 0.373011 0.016572
v -0.028712 0.367919 0.012300
v -0.028712 0.364597 0.006544
v -0.028712 0.363443 -0.000001
v -0.028712 0.364597 -0.006546
v -0.028712 0.367919 -0.012301
v -0.028712 0.373011 -0.016573
v -0.028712 0.379256 -0.018846
v -0.028712 0.385902 -0.018846
v -0.028712 0.392147 -0.016573
v -0.028712 0.397239 -0.012301
v -0.028712 0.400562 -0.006546
v -0.028904 0.391182 -0.000001
v -0.028904 0.390664 0.002942
v -0.028904 0.389170 0.005529
v -0.028904 0.386880 0.007450
v -0.028904 0.384073 0.008472
v -0.028904 0.381085 0.008472
v -0.028904 0.378278 0.007450
v -0.028904 0.375989 0.005529
v -0.028904 0.374495 0.002942
v -0.028904 0.373976 -0.000001
v -0.028904 0.374495 -0.002943
v -0.028904 0.375989 -0.005530
v -0.028904 0.378278 -0.007451
v -0.028904 0.381085 -0.008473
v -0.028904 0.384073 -0.008473
v -0.028904 0.386880 -0.007451
v -0.028904 0.389170 -0.005530
v -0.028904 0.390664 -0.002943
v -0.029185 0.390793 -0.000001
v -0.029185 0.390298 0.002809
v -0.029185 0.388872 0.005279
v -0.029185 0.386686 0.007113
v -0.029185 0.384006 0.008089
v -0.029185 0.381153 0.008089
v -0.029185 0.378472 0.007113
v -0.029185 0.376287 0.005279
v -0.029185 0.374860 0.002809
v -0.029185 0.374365 -0.000001
v -0.029185 0.374860 -0.002810
v -0.029185 0.376287 -0.005281
v -0.029185 0.378472 -0.007114
v -0.029185 0.381153 -0.008090
v -0.029185 0.384006 -0.008090
v -0.029185 0.386686 -0.007114
v -0.029185 0.388872 -0.005281
v -0.029185 0.390298 -0.002810
v -0.028993 0.388516 -0.000001
v -0.028993 0.388158 0.002030
v -0.028993 0.387127 0.003815
v -0.028993 0.385548 0.005141
v -0.028993 0.383610 0.005846
v -0.028993 0.381549 0.005846
v -0.028993 0.379611 0.005141
v -0.028993 0.378032 0.003815
v -0.028993 0.377001 0.002030
v -0.028993 0.376642 -0.000001
v -0.028993 0.377001 -0.002031
v -0.028993 0.378032 -0.003817
v -0.028993 0.379611 -0.005142
v -0.028993 0.381549 -0.005847
v -0.028993 0.383610 -0.005847
v -0.028993 0.385548 -0.005142
v -0.028993 0.387127 -0.003817
v -0.028993 0.388158 -0.002031
v -0.027364 0.373011 -0.016573
v -0.027364 0.379256 -0.018846
v -0.027364 0.379256 0.018845
v -0.027364 0.373011 0.016572
v -0.027364 0.385902 -0.018846
v -0.027364 0.367919 0.012300
v -0.027364 0.392147 -0.016573
v -0.027364 0.364597 0.006544
v -0.027364 0.401716 -0.000001
v -0.027364 0.400562 0.006544
v -0.027364 0.397239 -0.012301
v -0.027364 0.363443 -0.000001
v -0.027364 0.397239 0.012300
v -0.027364 0.400562 -0.006546
v -0.027364 0.364597 -0.006546
v -0.027364 0.392147 0.016572
v -0.027364 0.367919 -0.012301
v -0.027364 0.385902 0.018845
v -0.026729 0.373526 -0.015681
v -0.026729 0.379435 0.017830
v -0.026729 0.400685 -0.000001
v -0.026729 0.379435 -0.017832
v -0.026729 0.373526 0.015680
v -0.026729 0.385723 -0.017832
v -0.026729 0.368709 0.011638
v -0.026729 0.391632 -0.015681
v -0.026729 0.365565 0.006192
v -0.026729 0.399593 0.006192
v -0.026729 0.396449 -0.011639
v -0.026729 0.364473 -0.000001
v -0.026729 0.396449 0.011638
v -0.026729 0.399593 -0.006193
v -0.026729 0.365565 -0.006193
v -0.026729 0.391632 0.015680
v -0.026729 0.368709 -0.011639
v -0.026729 0.385723 0.017830
v -0.025842 0.373936 -0.014971
v -0.025842 0.379578 0.017023
v -0.025842 0.399865 -0.000001
v -0.025842 0.379578 -0.017024
v -0.025842 0.373936 0.014970
v -0.025842 0.385581 -0.017024
v -0.025842 0.369337 0.011111
v -0.025842 0.391222 -0.014971
v -0.025842 0.366336 0.005912
v -0.025842 0.398823 0.005912
v -0.025842 0.395821 -0.011112
v -0.025842 0.365293 -0.000001
v -0.025842 0.395821 0.011111
v -0.025842 0.398823 -0.005913
v -0.025842 0.366336 -0.005913
v -0.025842 0.391222 0.014970
v -0.025842 0.369337 -0.011112
v -0.025842 0.385581 0.017023
v -0.021007 0.393130 -0.008853
v -0.021007 0.395521 -0.004711
v -0.021007 0.368807 -0.000001
v -0.021007 0.369637 -0.004711
v -0.021007 0.393130 0.008852
v -0.021007 0.389466 0.011927
v -0.021007 0.396352 -0.000001
v -0.021007 0.372029 -0.008853
v -0.021007 0.384971 0.013563
v -0.021007 0.375693 -0.011928
v -0.021007 0.380188 0.013563
v -0.021007 0.380188 -0.013564
v -0.021007 0.375693 0.011927
v -0.021007 0.384971 -0.013564
v -0.021007 0.372029 0.008852
v -0.021007 0.389466 -0.011928
v -0.021007 0.369637 0.004710
v -0.021007 0.395521 0.004710
v -0.021198 0.400562 0.006544
v -0.021198 0.401716 -0.000001
v -0.021198 0.397239 0.012300
v -0.021198 0.392147 0.016572
v -0.021198 0.385902 0.018845
v -0.021198 0.379256 0.018845
v -0.021198 0.373011 0.016572
v -0.021198 0.367919 0.012300
v -0.021198 0.364597 0.006544
v -0.021198 0.363443 -0.000001
v -0.021198 0.364597 -0.006546
v -0.021198 0.367919 -0.012301
v -0.021198 0.373011 -0.016573
v -0.021198 0.379256 -0.018846
v -0.021198 0.385902 -0.018846
v -0.021198 0.392147 -0.016573
v -0.021198 0.397239 -0.012301
v -0.021198 0.400562 -0.006546
v -0.029185 0.388340 0.002096
v -0.029185 0.388710 -0.000001
v -0.029185 0.387276 0.003940
v -0.029185 0.385645 0.005309
v -0.029185 0.383644 0.006037
v -0.029185 0.381515 0.006037
v -0.029185 0.379514 0.005309
v -0.029185 0.377883 0.003940
v -0.029185 0.376818 0.002096
v -0.029185 0.376449 -0.000001
v -0.029185 0.376818 -0.002098
v -0.029185 0.377883 -0.003942
v -0.029185 0.379514 -0.005310
v -0.029185 0.381515 -0.006038
v -0.029185 0.383644 -0.006038
v -0.029185 0.385645 -0.005310
v -0.029185 0.387276 -0.003942
v -0.029185 0.388340 -0.002098
v -0.021007 0.400562 0.006544
v -0.021007 0.401716 -0.000001
v -0.021007 0.397239 0.012300
v -0.021007 0.392147 0.016572
v -0.021007 0.385902 0.018845
v -0.021007 0.379256 0.018845
v -0.021007 0.373011 0.016572
v -0.021007 0.367919 0.012300
v -0.021007 0.364597 0.006544
v -0.021007 0.363443 -0.000001
v -0.021007 0.364597 -0.006546
v -0.021007 0.367919 -0.012301
v -0.021007 0.373011 -0.016573
v -0.021007 0.379256 -0.018846
v -0.021007 0.385902 -0.018846
v -0.021007 0.392147 -0.016573
v -0.021007 0.397239 -0.012301
v -0.021007 0.400562 -0.006546
v -0.022355 0.385902 0.018845
v -0.022355 0.379256 0.018845
v -0.022355 0.367919 -0.012301
v -0.022355 0.373011 -0.016573
v -0.022355 0.392147 0.016572
v -0.022355 0.364597 -0.006546
v -0.022355 0.400562 -0.006546
v -0.022355 0.401716 -0.000001
v -0.022355 0.397239 0.012300
v -0.022355 0.363443 -0.000001
v -0.022355 0.397239 -0.012301
v -0.022355 0.400562 0.006544
v -0.022355 0.364597 0.006544
v -0.022355 0.392147 -0.016573
v -0.022355 0.367919 0.012300
v -0.022355 0.385902 -0.018846
v -0.022355 0.373011 0.016572
v -0.022355 0.379256 -0.018846
v -0.028904 0.400379 0.006478
v -0.028904 0.401521 -0.000001
v -0.028904 0.397090 0.012175
v -0.028904 0.392051 0.016404
v -0.028904 0.385868 0.018654
v -0.028904 0.379290 0.018654
v -0.028904 0.373108 0.016404
v -0.028904 0.368068 0.012175
v -0.028904 0.364779 0.006478
v -0.028904 0.363637 -0.000001
v -0.028904 0.364779 -0.006479
v -0.028904 0.368068 -0.012176
v -0.028904 0.373108 -0.016405
v -0.028904 0.379290 -0.018655
v -0.028904 0.385868 -0.018655
v -0.028904 0.392051 -0.016405
v -0.028904 0.397090 -0.012176
v -0.028904 0.400379 -0.006479
v -0.027555 0.385902 0.018845
v -0.027555 0.379256 0.018845
v -0.027555 0.367919 -0.012301
v -0.027555 0.373011 -0.016573
v -0.027555 0.392147 0.016572
v -0.027555 0.364597 -0.006546
v -0.027555 0.400562 -0.006546
v -0.027555 0.401716 -0.000001
v -0.027555 0.397239 0.012300
v -0.027555 0.363443 -0.000001
v -0.027555 0.397239 -0.012301
v -0.027555 0.400562 0.006544
v -0.027555 0.364597 0.006544
v -0.027555 0.392147 -0.016573
v -0.027555 0.367919 0.012300
v -0.027555 0.385902 -0.018846
v -0.027555 0.373011 0.016572
v -0.027555 0.379256 -0.018846
v -0.028904 0.393130 -0.008853
v -0.028904 0.395521 -0.004711
v -0.028904 0.368807 -0.000001
v -0.028904 0.369637 -0.004711
v -0.028904 0.393130 0.008852
v -0.028904 0.389466 0.011927
v -0.028904 0.396352 -0.000001
v -0.028904 0.372029 -0.008853
v -0.028904 0.384971 0.013563
v -0.028904 0.375693 -0.011928
v -0.028904 0.380188 0.013563
v -0.028904 0.380188 -0.013564
v -0.028904 0.375693 0.011927
v -0.028904 0.384971 -0.013564
v -0.028904 0.372029 0.008852
v -0.028904 0.389466 -0.011928
v -0.028904 0.369637 0.004710
v -0.028904 0.395521 0.004710
v -0.029185 0.377085 -0.004611
v -0.029185 0.378993 -0.006212
v -0.029185 0.383825 0.007063
v -0.029185 0.381333 0.007063
v -0.029185 0.381333 -0.007064
v -0.029185 0.378993 0.006211
v -0.029185 0.383825 -0.007064
v -0.029185 0.377085 0.004610
v -0.029185 0.386165 -0.006212
v -0.029185 0.375839 0.002453
v -0.029185 0.389752 -0.000001
v -0.029185 0.389319 0.002453
v -0.029185 0.388074 -0.004611
v -0.029185 0.375406 -0.000001
v -0.029185 0.388074 0.004610
v -0.029185 0.389319 -0.002454
v -0.029185 0.375839 -0.002454
v -0.029185 0.386165 0.006211
v -0.028904 0.400562 0.006544
v -0.028904 0.401716 -0.000001
v -0.028904 0.397239 0.012300
v -0.028904 0.392147 0.016572
v -0.028904 0.385902 0.018845
v -0.028904 0.379256 0.018845
v -0.028904 0.373011 0.016572
v -0.028904 0.367919 0.012300
v -0.028904 0.364597 0.006544
v -0.028904 0.363443 -0.000001
v -0.028904 0.364597 -0.006546
v -0.028904 0.367919 -0.012301
v -0.028904 0.373011 -0.016573
v -0.028904 0.379256 -0.018846
v -0.028904 0.385902 -0.018846
v -0.028904 0.392147 -0.016573
v -0.028904 0.397239 -0.012301
v -0.028904 0.400562 -0.006546
v -0.028904 0.390481 0.002875
v -0.028904 0.390988 -0.000001
v -0.028904 0.389021 0.005404
v -0.028904 0.386783 0.007281
v -0.028904 0.384039 0.008280
v -0.028904 0.381119 0.008280
v -0.028904 0.378375 0.007281
v -0.028904 0.376138 0.005404
v -0.028904 0.374678 0.002875
v -0.028904 0.374171 -0.000001
v -0.028904 0.374678 -0.002877
v -0.028904 0.376138 -0.005406
v -0.028904 0.378375 -0.007283
v -0.028904 0.381119 -0.008281
v -0.028904 0.384039 -0.008281
v -0.028904 0.386783 -0.007283
v -0.028904 0.389021 -0.005406
v -0.028904 0.390481 -0.002877
v -0.029185 0.390481 0.002875
v -0.029185 0.390988 -0.000001
v -0.029185 0.389021 0.005404
v -0.029185 0.386783 0.007281
v -0.029185 0.384039 0.008280
v -0.029185 0.381119 0.008280
v -0.029185 0.378375 0.007281
v -0.029185 0.376138 0.005404
v -0.029185 0.374678 0.002875
v -0.029185 0.374171 -0.000001
v -0.029185 0.374678 -0.002877
v -0.029185 0.376138 -0.005406
v -0.029185 0.378375 -0.007283
v -0.029185 0.381119 -0.008281
v -0.029185 0.384039 -0.008281
v -0.029185 0.386783 -0.007283
v -0.029185 0.389021 -0.005406
v -0.029185 0.390481 -0.002877
v -0.029185 0.388158 0.002030
v -0.029185 0.388516 -0.000001
v -0.029185 0.387127 0.003815
v -0.029185 0.385548 0.005141
v -0.029185 0.383610 0.005846
v -0.029185 0.381549 0.005846
v -0.029185 0.379611 0.005141
v -0.029185 0.378032 0.003815
v -0.029185 0.377001 0.002030
v -0.029185 0.376642 -0.000001
v -0.029185 0.377001 -0.002031
v -0.029185 0.378032 -0.003817
v -0.029185 0.379611 -0.005142
v -0.029185 0.381549 -0.005847
v -0.029185 0.383610 -0.005847
v -0.029185 0.385548 -0.005142
v -0.029185 0.387127 -0.003817
v -0.029185 0.388158 -0.002031
v -0.011702 0.432991 -0.021206
v -0.012026 0.432930 -0.019521
v -0.012210 0.427231 -0.019604
v -0.011886 0.427289 -0.021288
v -0.011072 0.432733 -0.018109
v -0.011256 0.427038 -0.018191
v -0.010291 0.432880 -0.022175
v -0.010475 0.427177 -0.022257
v -0.009399 0.432514 -0.017795
v -0.009583 0.426822 -0.017877
v -0.008618 0.432662 -0.021861
v -0.008802 0.426961 -0.021943
v -0.007987 0.432403 -0.018764
v -0.008171 0.426710 -0.018847
v -0.007664 0.432464 -0.020448
v -0.007848 0.426767 -0.020531
v 0.013684 0.428958 0.019434
v 0.013026 0.428958 0.017849
v 0.013483 0.423270 0.017785
v 0.014143 0.423265 0.019370
v 0.011437 0.428958 0.017192
v 0.011888 0.423262 0.017128
v 0.013025 0.428958 0.021019
v 0.013483 0.423252 0.020955
v 0.009847 0.428958 0.017849
v 0.010292 0.423247 0.017785
v 0.011435 0.428958 0.021676
v 0.011887 0.423237 0.021612
v 0.009187 0.428958 0.019434
v 0.009632 0.423233 0.019370
v 0.009845 0.428958 0.021019
v 0.010292 0.423229 0.020955
v -0.013476 0.394108 -0.018266
v -0.014990 0.394304 -0.017269
v -0.016758 0.394415 -0.017598
v -0.017736 0.394375 -0.019057
v -0.017350 0.394209 -0.020792
v -0.015831 0.394012 -0.021790
v -0.014072 0.393902 -0.021462
v -0.013102 0.393941 -0.020002
v -0.016202 0.385382 -0.015165
v -0.014692 0.385125 -0.016182
v -0.014986 0.380390 -0.013433
v -0.016406 0.380718 -0.012458
v -0.017985 0.385428 -0.015497
v -0.018108 0.380713 -0.012764
v -0.018985 0.385235 -0.016983
v -0.019096 0.380378 -0.014172
v -0.018608 0.384915 -0.018751
v -0.018776 0.379906 -0.015857
v -0.017077 0.384655 -0.019766
v -0.017335 0.379571 -0.016831
v -0.015305 0.384610 -0.019435
v -0.015641 0.379579 -0.016524
v -0.014338 0.384807 -0.017951
v -0.014677 0.379920 -0.015117
v -0.016453 0.376364 -0.010006
v -0.015061 0.375943 -0.010909
v -0.018136 0.376319 -0.010285
v -0.019129 0.375836 -0.011583
v -0.018843 0.375195 -0.013139
v -0.017439 0.374769 -0.014042
v -0.015759 0.374817 -0.013763
v -0.014776 0.375304 -0.012466
v 0.015650 0.374682 0.013799
v 0.017198 0.374540 0.014401
v 0.018819 0.375063 0.013898
v 0.019485 0.375944 0.012584
v 0.018811 0.376668 0.011228
v 0.017231 0.376810 0.010625
v 0.015646 0.376287 0.011129
v 0.015002 0.375405 0.012443
v 0.017293 0.379494 0.017352
v 0.015744 0.379518 0.016666
v 0.018900 0.379863 0.016706
v 0.019579 0.380418 0.015128
v 0.018927 0.380841 0.013546
v 0.017354 0.380875 0.012872
v 0.015770 0.380494 0.013500
v 0.015113 0.379929 0.015065
v 0.012082 0.410133 0.020513
v 0.013674 0.410187 0.021188
v 0.015264 0.410287 0.020515
v 0.015923 0.410375 0.018908
v 0.015263 0.410402 0.017309
v 0.013671 0.410351 0.016644
v 0.012080 0.410248 0.017307
v 0.011421 0.410157 0.018904
v 0.012497 0.418070 0.021479
v 0.010901 0.418045 0.020822
v 0.014092 0.418116 0.020823
v 0.014751 0.418157 0.019238
v 0.014088 0.418169 0.017653
v 0.012492 0.418144 0.016996
v 0.010897 0.418097 0.017652
v 0.010238 0.418057 0.019237
v -0.008592 0.421609 -0.019019
v -0.008267 0.421658 -0.020703
v -0.009623 0.413329 -0.020776
v -0.009961 0.413326 -0.019083
v -0.009220 0.421842 -0.022116
v -0.010577 0.413464 -0.022197
v -0.010892 0.422054 -0.022430
v -0.012264 0.413653 -0.022513
v -0.012304 0.422169 -0.021461
v -0.013697 0.413786 -0.021539
v -0.012629 0.422120 -0.019776
v -0.014037 0.413783 -0.019847
v -0.011676 0.421936 -0.018364
v -0.013083 0.413648 -0.018426
v -0.010004 0.421724 -0.018050
v -0.011394 0.413459 -0.018110
v -0.000348 0.375813 -0.026193
v -0.000419 0.381334 -0.027081
v -0.000486 0.391328 -0.027538
v -0.002169 0.413900 -0.028646
v -0.002215 0.424231 -0.028671
v -0.003817 0.424175 -0.027774
v -0.003772 0.413847 -0.027750
v -0.003843 0.424175 -0.025939
v -0.003797 0.413854 -0.025916
v -0.002265 0.424231 -0.024998
v -0.002220 0.413915 -0.024977
v -0.000662 0.424287 -0.025895
v -0.000617 0.413967 -0.025873
v -0.000637 0.424288 -0.027731
v -0.000592 0.413960 -0.027707
v -0.001827 0.370439 -0.025579
v -0.001717 0.365765 -0.023528
v -0.001924 0.375622 -0.027070
v -0.001521 0.358360 -0.017902
v -0.001610 0.361705 -0.020956
v -0.000142 0.366190 -0.022786
v -0.000252 0.370735 -0.024760
v -0.000035 0.362262 -0.020309
v 0.000054 0.359038 -0.017364
v -0.000171 0.366923 -0.021300
v -0.000280 0.371211 -0.023136
v -0.000375 0.376080 -0.024469
v -0.000064 0.363264 -0.018993
v 0.000023 0.360286 -0.016247
v -0.001775 0.367232 -0.020555
v -0.001883 0.371391 -0.022331
v -0.001979 0.376154 -0.023621
v -0.001670 0.363710 -0.018323
v -0.001582 0.360857 -0.015667
v -0.003351 0.366807 -0.021296
v -0.003459 0.371095 -0.023150
v -0.003555 0.375962 -0.024497
v -0.003245 0.363152 -0.018969
v -0.003157 0.360179 -0.016205
v -0.003322 0.366074 -0.022782
v -0.003431 0.370618 -0.024773
v -0.003527 0.375696 -0.026221
v -0.003215 0.362150 -0.020285
v -0.003127 0.358932 -0.017322
v -0.001465 0.355800 -0.014421
v -0.001446 0.353948 -0.010631
v -0.001535 0.351936 -0.002657
v -0.001468 0.352697 -0.006665
v 0.000129 0.354787 -0.010328
v 0.000110 0.356571 -0.014000
v 0.000106 0.353583 -0.006469
v 0.000039 0.352853 -0.002546
v 0.000097 0.356375 -0.009657
v 0.000079 0.358014 -0.013105
v 0.000074 0.355274 -0.006003
v 0.000007 0.354612 -0.002244
v -0.001509 0.357126 -0.009288
v -0.001527 0.358687 -0.012629
v -0.001533 0.356081 -0.005733
v -0.001600 0.355457 -0.002054
v -0.003084 0.356287 -0.009590
v -0.003102 0.357915 -0.013049
v -0.003107 0.355195 -0.005928
v -0.003174 0.354540 -0.002164
v -0.003052 0.354699 -0.010261
v -0.003071 0.356473 -0.013944
v -0.003075 0.353504 -0.006394
v -0.003142 0.352781 -0.002466
v -0.001647 0.351558 0.001285
v -0.001795 0.351466 0.005157
v -0.002151 0.351757 0.012783
v -0.001967 0.351564 0.008982
v -0.000221 0.352410 0.005184
v -0.000073 0.352493 0.001341
v -0.000394 0.352511 0.008997
v -0.000578 0.352705 0.012793
v -0.000254 0.354232 0.005320
v -0.000106 0.354294 0.001536
v -0.000426 0.354342 0.009107
v -0.000611 0.354537 0.012896
v -0.001861 0.355112 0.005430
v -0.001712 0.355162 0.001675
v -0.002033 0.355226 0.009203
v -0.002217 0.355422 0.012988
v -0.003435 0.354168 0.005403
v -0.003286 0.354227 0.001618
v -0.003607 0.354278 0.009189
v -0.003791 0.354474 0.012977
v -0.003402 0.352346 0.005267
v -0.003254 0.352426 0.001424
v -0.003574 0.352448 0.009079
v -0.003758 0.352642 0.012875
v -0.002523 0.352175 0.020370
v -0.002709 0.352385 0.024162
v -0.002895 0.352594 0.027953
v -0.002337 0.351966 0.016577
v -0.001322 0.353542 0.027961
v -0.001136 0.353333 0.024170
v -0.000950 0.353124 0.020379
v -0.000764 0.352914 0.016587
v -0.001355 0.355374 0.028058
v -0.001169 0.355165 0.024267
v -0.000983 0.354956 0.020476
v -0.000797 0.354746 0.016686
v -0.002962 0.356259 0.028146
v -0.002776 0.356050 0.024355
v -0.002590 0.355841 0.020565
v -0.002403 0.355632 0.016775
v -0.004535 0.355311 0.028137
v -0.004349 0.355101 0.024346
v -0.004163 0.354892 0.020556
v -0.003977 0.354683 0.016766
v -0.004502 0.353479 0.028041
v -0.004316 0.353270 0.024250
v -0.004130 0.353060 0.020459
v -0.003944 0.352851 0.016667
v -0.002063 0.391246 -0.028470
v -0.001996 0.381212 -0.027994
v -0.003666 0.391213 -0.027579
v -0.003599 0.381218 -0.027119
v -0.003692 0.391263 -0.025759
v -0.003625 0.381346 -0.025331
v -0.002115 0.391346 -0.024828
v -0.002049 0.381468 -0.024419
v -0.000512 0.391378 -0.025718
v -0.000446 0.381463 -0.025294
v -0.002241 0.430441 -0.028671
v -0.003844 0.430385 -0.027774
v -0.000664 0.430497 -0.027731
v -0.003869 0.430384 -0.025939
v -0.000689 0.430497 -0.025895
v -0.002291 0.430441 -0.024998
v 0.002069 0.413516 0.028242
v 0.002075 0.424833 0.028343
v 0.003717 0.413472 0.027532
v 0.003722 0.424782 0.027630
v 0.004065 0.413475 0.026307
v 0.004070 0.424771 0.026400
v 0.003033 0.413523 0.024844
v 0.003038 0.424804 0.024931
v 0.001200 0.413581 0.024819
v 0.001205 0.424862 0.024906
v 0.000128 0.413598 0.026254
v 0.000133 0.424895 0.026346
v 0.000442 0.413575 0.027488
v 0.000447 0.424884 0.027585
v 0.001826 0.366366 0.023199
v 0.001916 0.371040 0.025250
v 0.001991 0.376223 0.026741
v 0.001662 0.358961 0.017574
v 0.001736 0.362306 0.020627
v 0.000290 0.371283 0.024594
v 0.000199 0.366712 0.022607
v 0.000365 0.376382 0.026037
v 0.000109 0.362757 0.020113
v 0.000034 0.359508 0.017148
v -0.000024 0.371614 0.023500
v -0.000114 0.367215 0.021608
v 0.000051 0.376572 0.024874
v -0.000205 0.363441 0.019230
v -0.000280 0.360357 0.016401
v 0.001049 0.371958 0.022219
v 0.000958 0.367763 0.020429
v 0.001124 0.376749 0.023518
v 0.000868 0.364202 0.018180
v 0.000792 0.361315 0.015503
v 0.002881 0.371898 0.022227
v 0.002791 0.367704 0.020427
v 0.002956 0.376690 0.023534
v 0.002700 0.364146 0.018166
v 0.002626 0.361262 0.015479
v 0.003912 0.371486 0.023517
v 0.003822 0.367089 0.021602
v 0.003987 0.376444 0.024909
v 0.003732 0.363319 0.019201
v 0.003657 0.360242 0.016350
v 0.003564 0.371177 0.024607
v 0.003474 0.366607 0.022602
v 0.003639 0.376276 0.026066
v 0.003384 0.362656 0.020088
v 0.003309 0.359413 0.017105
v 0.001616 0.356401 0.014093
v 0.001605 0.354550 0.010303
v 0.001703 0.352538 0.002329
v 0.001633 0.353299 0.006337
v -0.000012 0.357022 0.013763
v -0.000022 0.355224 0.010068
v 0.000005 0.354009 0.006189
v 0.000075 0.353272 0.002250
v -0.000326 0.358000 0.013166
v -0.000337 0.356299 0.009624
v -0.000309 0.355153 0.005884
v -0.000239 0.354461 0.002055
v 0.000746 0.359116 0.012439
v 0.000735 0.357533 0.009071
v 0.000763 0.356471 0.005490
v 0.000833 0.355836 0.001790
v 0.002580 0.359067 0.012407
v 0.002569 0.357490 0.009032
v 0.002596 0.356433 0.005447
v 0.002666 0.355802 0.001744
v 0.003612 0.357896 0.013097
v 0.003601 0.356206 0.009541
v 0.003628 0.355072 0.005791
v 0.003698 0.354389 0.001956
v 0.003264 0.356935 0.013705
v 0.003253 0.355147 0.009999
v 0.003280 0.353942 0.006112
v 0.003350 0.353212 0.002167
v 0.001817 0.352160 -0.001612
v 0.001965 0.352069 -0.005484
v 0.002320 0.352361 -0.013110
v 0.002137 0.352167 -0.009309
v 0.000189 0.352908 -0.001648
v 0.000338 0.352824 -0.005496
v 0.000510 0.352925 -0.009312
v 0.000693 0.353120 -0.013109
v -0.000125 0.354125 -0.001771
v 0.000024 0.354055 -0.005580
v 0.000196 0.354162 -0.009378
v 0.000379 0.354357 -0.013170
v 0.000947 0.355535 -0.001952
v 0.001096 0.355482 -0.005715
v 0.001267 0.355596 -0.009492
v 0.001451 0.355792 -0.013278
v 0.002780 0.355504 -0.001999
v 0.002928 0.355453 -0.005762
v 0.003100 0.355567 -0.009539
v 0.003283 0.355763 -0.013324
v 0.003812 0.354060 -0.001872
v 0.003960 0.353992 -0.005682
v 0.004132 0.354100 -0.009479
v 0.004315 0.354295 -0.013270
v 0.003464 0.352853 -0.001733
v 0.003612 0.352772 -0.005582
v 0.003784 0.352874 -0.009396
v 0.003967 0.353068 -0.013193
v 0.002875 0.352991 -0.024489
v 0.002690 0.352781 -0.020697
v 0.003060 0.353200 -0.028280
v 0.002505 0.352571 -0.016904
v 0.001063 0.353539 -0.020695
v 0.001248 0.353749 -0.024486
v 0.001434 0.353959 -0.028277
v 0.000878 0.353330 -0.016903
v 0.000749 0.354777 -0.020752
v 0.000934 0.354987 -0.024543
v 0.001120 0.355197 -0.028334
v 0.000564 0.354567 -0.016961
v 0.001821 0.356212 -0.020856
v 0.002006 0.356422 -0.024646
v 0.002191 0.356632 -0.028437
v 0.001636 0.356002 -0.017066
v 0.003654 0.356183 -0.020902
v 0.003839 0.356393 -0.024692
v 0.004024 0.356603 -0.028483
v 0.003468 0.355973 -0.017112
v 0.004685 0.354715 -0.020851
v 0.004870 0.354925 -0.024642
v 0.005055 0.355136 -0.028433
v 0.004500 0.354505 -0.017060
v 0.004337 0.353489 -0.020777
v 0.004522 0.353698 -0.024568
v 0.004707 0.353908 -0.028359
v 0.004152 0.353278 -0.016985
v 0.002040 0.386972 0.027691
v 0.003688 0.386967 0.026994
v 0.004036 0.387038 0.025794
v 0.003005 0.387167 0.024365
v 0.001173 0.387226 0.024343
v 0.000100 0.387164 0.025748
v 0.000414 0.387072 0.026956
v 0.002075 0.431042 0.028343
v 0.003722 0.430991 0.027630
v 0.004070 0.430981 0.026400
v 0.000447 0.431093 0.027585
v 0.000133 0.431104 0.026346
v 0.003038 0.431014 0.024931
v 0.001205 0.431071 0.024906
v -0.019614 0.430804 -0.017877
v -0.019174 0.430830 -0.016218
v -0.021098 0.430784 -0.018738
v -0.020036 0.430848 -0.014734
v -0.022756 0.430783 -0.018299
v -0.021695 0.430847 -0.014295
v -0.023618 0.430802 -0.016815
v -0.023178 0.430828 -0.015156
v -0.024690 0.412251 -0.016757
v -0.023823 0.412070 -0.018192
v -0.022964 0.421005 -0.018298
v -0.023834 0.421026 -0.016818
v -0.022162 0.411982 -0.018617
v -0.021299 0.420992 -0.018735
v -0.020683 0.412039 -0.017771
v -0.019819 0.420995 -0.017875
v -0.020243 0.412208 -0.016163
v -0.019383 0.421013 -0.016221
v -0.021099 0.412389 -0.014734
v -0.020248 0.421034 -0.014741
v -0.022758 0.412477 -0.014316
v -0.021911 0.421047 -0.014303
v -0.024248 0.412419 -0.015154
v -0.023398 0.421044 -0.015163
v 0.026282 0.373939 0.008659
v 0.027299 0.373301 0.009836
v 0.027350 0.377348 0.012945
v 0.026351 0.377729 0.011425
v 0.024591 0.373891 0.008346
v 0.024660 0.377671 0.011066
v 0.023213 0.373184 0.009078
v 0.023269 0.377207 0.012074
v 0.022958 0.372234 0.010428
v 0.022988 0.376621 0.013883
v 0.023953 0.371595 0.011604
v 0.023966 0.376263 0.015439
v 0.025631 0.371644 0.011918
v 0.025650 0.376327 0.015792
v 0.027034 0.372350 0.011185
v 0.027062 0.376770 0.014748
v 0.026326 0.383234 0.013435
v 0.027307 0.383089 0.015102
v 0.024636 0.383168 0.013065
v 0.023239 0.382926 0.014201
v 0.022940 0.382671 0.016207
v 0.023907 0.382560 0.017972
v 0.025591 0.382632 0.018415
v 0.027003 0.382840 0.017153
v 0.024082 0.421994 0.015206
v 0.024402 0.422026 0.013341
v 0.024193 0.427949 0.012575
v 0.023873 0.427903 0.014440
v 0.022667 0.422070 0.016312
v 0.022461 0.427996 0.015544
v 0.020989 0.422209 0.015870
v 0.020787 0.428175 0.015099
v 0.020028 0.422331 0.014279
v 0.019829 0.428334 0.013508
v 0.020347 0.422363 0.012465
v 0.020150 0.428381 0.011695
v 0.021760 0.422288 0.011445
v 0.021562 0.428288 0.010676
v 0.023236 0.428109 0.011035
v 0.023440 0.422148 0.011802
v -0.023657 0.425731 -0.016798
v -0.023219 0.425744 -0.015140
v -0.021734 0.425753 -0.014278
v -0.020074 0.425751 -0.014717
v -0.019210 0.425740 -0.016200
v -0.019647 0.425726 -0.017859
v -0.021130 0.425718 -0.018720
v -0.022791 0.425720 -0.018281
v 0.025086 0.413436 0.014141
v 0.024118 0.413528 0.012586
v 0.022434 0.413615 0.012228
v 0.021020 0.413647 0.013265
v 0.020704 0.413607 0.015105
v 0.021668 0.413520 0.016719
v 0.023349 0.413433 0.017162
v 0.024766 0.413397 0.016033
v -0.027865 0.382013 -0.014924
v -0.027399 0.382957 -0.013597
v -0.027078 0.390573 -0.016064
v -0.026618 0.391268 -0.014652
v -0.025909 0.383326 -0.012873
v -0.025128 0.391535 -0.013890
v -0.024270 0.382904 -0.013175
v -0.023484 0.391214 -0.014234
v -0.023443 0.381938 -0.014326
v -0.022649 0.390495 -0.015473
v -0.023910 0.380994 -0.015652
v -0.023104 0.389798 -0.016911
v -0.025399 0.380625 -0.016376
v -0.024583 0.389530 -0.017703
v -0.027037 0.381048 -0.016075
v -0.026234 0.389852 -0.017332
v 0.015624 0.384115 0.018407
v 0.014596 0.393330 0.019745
v 0.015421 0.387191 0.019206
v 0.016175 0.393426 0.020488
v 0.017187 0.384197 0.019147
v 0.016993 0.387296 0.019961
v 0.017759 0.393615 0.019744
v 0.018780 0.384430 0.018409
v 0.018579 0.387505 0.019200
v 0.018423 0.393797 0.018043
v 0.019458 0.384694 0.016702
v 0.019249 0.387709 0.017474
v 0.017777 0.393875 0.016388
v 0.018817 0.384845 0.015024
v 0.018609 0.387802 0.015792
v 0.017247 0.384780 0.014316
v 0.016201 0.393792 0.015691
v 0.017037 0.387713 0.015083
v 0.015661 0.384527 0.015007
v 0.014616 0.393587 0.016384
v 0.015452 0.387486 0.015785
v 0.014992 0.384245 0.016678
v 0.013948 0.393392 0.018037
v 0.014781 0.387264 0.017462
v 0.026781 0.395763 0.015005
v 0.024122 0.395848 0.013006
v 0.025806 0.395855 0.013371
v 0.025061 0.395557 0.018248
v 0.022720 0.395742 0.014112
v 0.026472 0.395640 0.017016
v 0.023380 0.395547 0.017792
v 0.022415 0.395616 0.016068
v -0.016439 0.378532 -0.011198
v 0.010576 0.420568 0.020896
v 0.017264 0.377002 0.015969
v 0.019303 0.376357 0.011857
v -0.013700 0.413729 -0.019041
v -0.015718 0.377192 -0.015113
v 0.012900 0.415369 0.016891
v 0.015749 0.410336 0.019775
v 0.014578 0.418139 0.020095
v 0.011311 0.415228 0.020722
v -0.015347 0.385272 -0.015528
v -0.019111 0.378097 -0.012843
v -0.017129 0.385436 -0.015158
v 0.009914 0.420576 0.019311
v -0.009473 0.429619 -0.017829
v 0.013242 0.426065 0.017823
v -0.014869 0.382673 -0.014822
v -0.014667 0.380156 -0.014245
v -0.012080 0.419118 -0.018453
v -0.016334 0.382963 -0.013819
v -0.012060 0.424655 -0.021364
v 0.013511 0.428958 0.018577
v -0.014914 0.393941 -0.021796
v -0.010872 0.421825 -0.018042
v -0.008784 0.426747 -0.018224
v 0.012750 0.423267 0.017301
v -0.011090 0.432955 -0.021828
v 0.012906 0.415265 0.021381
v -0.015041 0.378159 -0.012138
v 0.019314 0.375490 0.013300
v -0.012271 0.413553 -0.018102
v 0.015717 0.377086 0.015323
v -0.017396 0.394414 -0.018230
v -0.008976 0.424327 -0.022019
v 0.010574 0.420602 0.017726
v 0.011306 0.415301 0.017548
v 0.016499 0.380726 0.013031
v -0.008600 0.432439 -0.018141
v 0.013969 0.423269 0.018513
v -0.009960 0.413384 -0.021581
v -0.014753 0.375628 -0.011660
v -0.010407 0.418911 -0.018139
v 0.016450 0.379452 0.017166
v 0.015177 0.374992 0.013170
v -0.012384 0.424601 -0.019679
v 0.013902 0.426063 0.019408
v 0.011634 0.418053 0.021305
v 0.011596 0.410135 0.019772
v -0.019105 0.380142 -0.015044
v -0.014136 0.394210 -0.017625
v -0.017939 0.384766 -0.019404
v -0.018123 0.378505 -0.011490
v 0.009361 0.428958 0.020291
v 0.013359 0.418092 0.021306
v 0.012296 0.428958 0.017365
v 0.013510 0.428958 0.020291
v 0.014428 0.420638 0.019312
v -0.009626 0.413309 -0.019898
v -0.012212 0.427282 -0.020477
v 0.009396 0.426050 0.019408
v 0.017314 0.378834 0.011814
v -0.018151 0.379705 -0.016481
v -0.018724 0.382325 -0.017336
v -0.008664 0.418830 -0.020794
v -0.010267 0.432617 -0.017787
v -0.009616 0.419004 -0.022208
v -0.014746 0.377606 -0.013759
v 0.016356 0.374524 0.014229
v 0.010575 0.428958 0.021503
v -0.011274 0.427252 -0.021911
v 0.015730 0.378381 0.012384
v -0.015911 0.394376 -0.017263
v -0.008605 0.421739 -0.021505
v -0.010024 0.421953 -0.022438
v -0.011871 0.427146 -0.018802
v -0.018295 0.388196 -0.019928
v 0.010056 0.426056 0.017823
v 0.015288 0.380213 0.014215
v -0.014675 0.384683 -0.018792
v -0.012100 0.430032 -0.019555
v -0.012028 0.432982 -0.020394
v -0.008992 0.418792 -0.019108
v -0.011289 0.419210 -0.022522
v 0.011025 0.423231 0.021439
v 0.015079 0.377655 0.013836
v -0.015021 0.379718 -0.015916
v -0.015501 0.382013 -0.018017
v 0.013768 0.420612 0.020897
v -0.016754 0.387966 -0.020939
v -0.011691 0.422130 -0.022084
v 0.009806 0.423239 0.018513
v 0.011648 0.426051 0.021650
v -0.011687 0.432842 -0.018720
v -0.011387 0.413559 -0.022521
v -0.016150 0.384600 -0.019773
v 0.012170 0.420631 0.017070
v -0.008266 0.421613 -0.019830
v 0.014500 0.415332 0.020724
v 0.018068 0.374730 0.014282
v -0.011777 0.430092 -0.021239
v 0.014534 0.410235 0.021010
v 0.018890 0.378745 0.012455
v -0.017236 0.382029 -0.018337
v -0.010649 0.424541 -0.022333
v -0.014975 0.387892 -0.020607
v 0.012750 0.423244 0.021439
v 0.014575 0.418167 0.018382
v -0.009422 0.432777 -0.022183
v -0.011146 0.429836 -0.018142
v 0.011650 0.426062 0.017166
v 0.018205 0.380914 0.013057
v 0.018878 0.377449 0.015391
v -0.015903 0.388489 -0.016352
v 0.009361 0.428958 0.018577
v -0.013032 0.419291 -0.019867
v -0.009607 0.427074 -0.022265
v -0.011430 0.424411 -0.018267
v -0.010584 0.413379 -0.018457
v 0.015277 0.379685 0.015926
v 0.009806 0.423229 0.020227
v -0.015660 0.376201 -0.010331
v -0.013117 0.394014 -0.019102
v -0.018237 0.374935 -0.013717
v -0.012291 0.422039 -0.018975
v -0.017322 0.376404 -0.009993
v -0.018972 0.385080 -0.017900
v 0.019409 0.380665 0.014275
v -0.014032 0.413803 -0.020724
v 0.013354 0.418160 0.017170
v 0.018084 0.376825 0.010798
v -0.018686 0.388442 -0.018167
v -0.019073 0.382718 -0.015598
v 0.010055 0.426048 0.020993
v 0.012813 0.410152 0.021009
v -0.016454 0.379528 -0.016842
v -0.014376 0.388261 -0.017364
v 0.013969 0.423259 0.020227
v 0.014495 0.415405 0.017550
v -0.018635 0.385356 -0.016141
v 0.019397 0.380137 0.015981
v -0.013074 0.413733 -0.022165
v 0.010411 0.418075 0.018380
v 0.016374 0.376619 0.010744
v 0.010577 0.428958 0.017365
v 0.012172 0.420583 0.021553
v -0.018742 0.380578 -0.013373
v -0.018078 0.382981 -0.014141
v -0.014345 0.384962 -0.017034
v 0.019552 0.378169 0.013934
v 0.011629 0.418122 0.017169
v -0.016569 0.374730 -0.014055
v -0.007738 0.429567 -0.020482
v 0.012294 0.428958 0.021503
v -0.012704 0.419329 -0.021552
v 0.015158 0.415390 0.019136
v -0.015599 0.380587 -0.012807
v -0.017716 0.394303 -0.019957
v -0.015895 0.404160 -0.019602
v -0.015132 0.375020 -0.013203
v -0.012630 0.422166 -0.020649
v -0.010451 0.426924 -0.017869
v -0.011731 0.403790 -0.018827
v -0.007846 0.426717 -0.019658
v -0.017694 0.388564 -0.016685
v -0.010365 0.429981 -0.022208
v 0.012811 0.410302 0.016819
v -0.016686 0.394107 -0.021434
v -0.015531 0.404086 -0.021312
v -0.013205 0.403951 -0.017844
v -0.014004 0.388015 -0.019126
v 0.013766 0.420646 0.017727
v 0.018155 0.379639 0.017186
v 0.011025 0.423255 0.017301
v 0.013241 0.426058 0.020993
v -0.014057 0.403925 -0.022296
v 0.010648 0.415242 0.019134
v -0.011373 0.403716 -0.020537
v 0.014532 0.410385 0.016820
v -0.017287 0.380761 -0.012446
v -0.007662 0.432412 -0.019576
v -0.009205 0.421648 -0.018396
v -0.008692 0.429763 -0.021895
v -0.014538 0.382281 -0.016561
v -0.008346 0.424083 -0.018922
v -0.019152 0.375512 -0.012388
v -0.018812 0.377542 -0.014465
v -0.008061 0.429508 -0.018798
v -0.008022 0.424137 -0.020606
v 0.015748 0.410398 0.018043
v -0.009758 0.424196 -0.017953
v -0.013440 0.393902 -0.020829
v -0.018768 0.376118 -0.010845
v -0.012335 0.403772 -0.021974
v -0.014931 0.404105 -0.018166
v 0.015168 0.375860 0.011727
v 0.010413 0.418046 0.020094
v 0.011595 0.410197 0.018040
v -0.008002 0.432552 -0.021250
v -0.008186 0.426853 -0.021332
v -0.017397 0.377163 -0.015405
v -0.001945 0.355154 0.007315
v -0.000330 0.373576 -0.023868
v -0.001488 0.356985 -0.016209
v -0.003884 0.354578 0.014871
v -0.003698 0.354371 0.011083
v -0.001717 0.351482 0.003228
v -0.000226 0.368991 -0.022279
v -0.002199 0.420612 -0.028668
v -0.004037 0.352956 0.018563
v -0.000704 0.354642 0.014791
v -0.003831 0.427280 -0.027774
v -0.000671 0.352810 0.014690
v 0.000087 0.357712 -0.015728
v -0.001229 0.353438 0.026066
v -0.000518 0.354434 0.011001
v 0.000093 0.357121 -0.011413
v -0.003168 0.360447 -0.018859
v -0.003090 0.355680 -0.007778
v -0.000751 0.363604 -0.018511
v -0.000012 0.352632 -0.000596
v -0.000414 0.378713 -0.024940
v -0.003827 0.420557 -0.025936
v -0.003683 0.370848 -0.023962
v -0.002869 0.356155 0.026250
v -0.003192 0.352564 -0.000514
v 0.000091 0.355764 -0.007850
v -0.003094 0.357610 -0.015679
v -0.003856 0.427279 -0.025939
v -0.003593 0.378596 -0.024973
v -0.000857 0.353019 0.018483
v 0.000189 0.362772 -0.019652
v -0.003482 0.373096 -0.025568
v -0.003132 0.424199 -0.028431
v -0.001721 0.365389 -0.019494
v -0.001452 0.353255 -0.008661
v -0.004442 0.355206 0.026242
v -0.003325 0.357187 -0.013492
v -0.003102 0.353090 -0.004430
v -0.001450 0.354792 -0.012556
v -0.002496 0.355736 0.018670
v -0.000302 0.373213 -0.025546
v -0.003566 0.378408 -0.026734
v -0.003509 0.373459 -0.023889
v -0.002430 0.352071 0.018474
v -0.000664 0.360716 -0.015833
v -0.000536 0.354192 -0.010557
v -0.000485 0.352603 0.010896
v -0.001773 0.368032 -0.024621
v -0.003575 0.366432 -0.022038
v -0.000650 0.427392 -0.027731
v 0.000056 0.359064 -0.014721
v -0.002493 0.360654 -0.015809
v -0.003628 0.352619 0.024198
v -0.001878 0.372973 -0.026397
v -0.003176 0.424199 -0.025263
v -0.002025 0.384645 -0.028279
v -0.001496 0.352262 -0.004658
v -0.003313 0.355361 0.016785
v -0.002078 0.384812 -0.024664
v -0.003654 0.384712 -0.025588
v -0.001830 0.369234 -0.021502
v -0.001302 0.413946 -0.025217
v -0.003125 0.358962 -0.014671
v -0.002685 0.367098 -0.020758
v -0.000449 0.384745 -0.027354
v -0.004069 0.424166 -0.026860
v -0.001043 0.353229 0.022274
v -0.003357 0.354171 0.003510
v -0.003088 0.357028 -0.011351
v -0.004757 0.354390 0.028095
v -0.000116 0.365011 -0.020203
v -0.004256 0.354997 0.022451
v -0.004199 0.353763 0.016723
v -0.001934 0.373699 -0.023039
v -0.002959 0.381417 -0.024675
v -0.002745 0.370471 -0.025359
v -0.003307 0.355486 -0.009920
v -0.002683 0.355946 0.022460
v -0.000914 0.354254 0.024212
v -0.002886 0.351798 0.009021
v -0.000176 0.354236 0.003428
v -0.001560 0.355722 -0.003903
v -0.003518 0.354207 0.007296
v -0.002943 0.354956 0.009212
v -0.001347 0.424264 -0.025238
v 0.000079 0.353165 -0.004508
v -0.004385 0.353972 0.020513
v -0.003267 0.364029 -0.021594
v -0.002981 0.391220 -0.028231
v 0.000013 0.360557 -0.018892
v -0.001963 0.378373 -0.027598
v -0.002616 0.352280 0.022266
v -0.002278 0.427336 -0.024998
v -0.000590 0.356933 -0.009400
v -0.000728 0.354045 0.020421
v -0.001427 0.352236 0.016568
v -0.000566 0.402647 -0.025820
v -0.000338 0.354271 0.007213
v -0.000261 0.391362 -0.026624
v -0.000475 0.384828 -0.025548
v -0.000411 0.424296 -0.026810
v -0.001153 0.391286 -0.028207
v -0.000675 0.427392 -0.025895
v -0.003665 0.352539 0.010978
v -0.004095 0.430376 -0.026860
v -0.002622 0.354895 0.001671
v -0.002125 0.355319 0.011095
v -0.003381 0.359547 -0.016760
v -0.000123 0.375955 -0.025329
v -0.001374 0.430473 -0.025238
v -0.003802 0.420556 -0.027771
v -0.002913 0.381196 -0.027759
v -0.003087 0.413868 -0.028406
v -0.002310 0.355527 0.014881
v -0.003746 0.402533 -0.025863
v -0.000438 0.430505 -0.026810
v -0.003657 0.353252 0.005341
v -0.003058 0.354036 -0.008342
v -0.000542 0.353835 0.016630
v -0.000044 0.354415 -0.000355
v -0.001550 0.359690 -0.014192
v -0.000366 0.413972 -0.026787
v -0.002580 0.363539 -0.018497
v -0.002510 0.355194 -0.002072
v -0.004571 0.354181 0.024304
v -0.001513 0.357836 -0.010991
v -0.004070 0.354788 0.018661
v -0.000197 0.368391 -0.023838
v 0.000262 0.353738 -0.002401
v -0.000087 0.364144 -0.021608
v -0.000917 0.370538 -0.025351
v -0.000171 0.353431 0.009046
v -0.001613 0.352446 0.020360
v 0.000125 0.355600 -0.012195
v -0.000942 0.354880 0.005387
v -0.001662 0.363652 -0.022304
v -0.000305 0.352443 0.007093
v -0.003377 0.368274 -0.023843
v -0.001262 0.355270 0.026162
v -0.004013 0.353553 0.012932
v -0.002443 0.355825 -0.005775
v -0.002017 0.378749 -0.024076
v -0.003225 0.354347 -0.000273
v -0.001516 0.356545 -0.007532
v -0.001298 0.355188 0.012950
v -0.001085 0.381263 -0.027738
v -0.003850 0.381273 -0.026228
v 0.000329 0.354434 -0.006242
v -0.002794 0.371292 -0.022558
v -0.002043 0.356025 0.028110
v -0.001304 0.424264 -0.028406
v -0.000807 0.365899 -0.023324
v 0.000123 0.354119 -0.008414
v -0.000356 0.353626 0.012839
v -0.003256 0.352200 0.016614
v 0.000333 0.357300 -0.013557
v -0.003851 0.352747 0.014771
v -0.002842 0.375625 -0.026841
v -0.002058 0.351654 0.010884
v -0.002365 0.354142 -0.010519
v -0.004409 0.353374 0.026145
v -0.000194 0.381407 -0.026185
v -0.003198 0.361577 -0.017640
v -0.002228 0.427336 -0.028671
v -0.001114 0.354992 0.009165
v -0.002249 0.420614 -0.024995
v -0.003917 0.391229 -0.026672
v -0.003685 0.355780 0.024365
v -0.002244 0.351861 0.014680
v 0.000082 0.366565 -0.022043
v -0.001131 0.381484 -0.024654
v -0.000554 0.356027 -0.014314
v -0.002802 0.352489 0.026057
v -0.002566 0.351787 0.001336
v 0.000001 0.353326 0.005246
v -0.004023 0.413842 -0.026836
v -0.001857 0.355816 0.024319
v -0.001799 0.352655 0.024152
v -0.002383 0.355970 -0.014281
v -0.003509 0.353322 0.001527
v -0.000890 0.354851 0.018581
v -0.002889 0.376084 -0.023866
v -0.000737 0.351826 0.001288
v -0.002420 0.356882 -0.009361
v -0.003628 0.384628 -0.027394
v -0.000794 0.354933 0.001624
v -0.001014 0.375692 -0.026825
v -0.003202 0.430408 -0.025263
v -0.003499 0.355570 0.020574
v -0.003329 0.354344 -0.006155
v -0.003135 0.354819 -0.004053
v 0.000352 0.355588 -0.009998
v -0.001879 0.351497 0.007074
v -0.001623 0.362198 -0.017046
v -0.001671 0.355607 0.020528
v -0.003779 0.375820 -0.025361
v -0.000885 0.351735 0.005152
v -0.000965 0.371359 -0.022551
v 0.000149 0.353398 0.001433
v -0.000681 0.355235 -0.002118
v -0.001061 0.376151 -0.023850
v -0.002528 0.361810 -0.020768
v -0.000611 0.358563 -0.017760
v -0.003159 0.430409 -0.028431
v -0.000625 0.352199 -0.002638
v -0.001057 0.351834 0.008974
v -0.002714 0.351698 0.005200
v -0.002437 0.358460 -0.012736
v -0.003296 0.364897 -0.020189
v -0.003396 0.353655 -0.002309
v -0.000540 0.402623 -0.027649
v -0.002771 0.354843 0.005435
v -0.000017 0.361687 -0.017673
v -0.003720 0.402509 -0.027692
v -0.000857 0.367164 -0.020760
v -0.004223 0.353165 0.022354
v -0.001985 0.352864 0.027943
v -0.000614 0.355871 -0.005819
v -0.003057 0.355507 -0.012133
v -0.000647 0.420669 -0.025892
v -0.001484 0.355397 0.016739
v -0.001562 0.359937 -0.019487
v -0.002454 0.352158 -0.002592
v -0.000700 0.361875 -0.020781
v -0.000558 0.352953 -0.006622
v -0.001100 0.354463 0.028003
v -0.001330 0.430473 -0.028406
v -0.003468 0.362642 -0.019625
v -0.003070 0.351991 0.012820
v 0.000277 0.359670 -0.016808
v -0.000387 0.378525 -0.026700
v -0.001241 0.352027 0.012773
v -0.001258 0.413933 -0.028381
v -0.003324 0.352357 0.003350
v -0.002118 0.402554 -0.028586
v -0.003814 0.352828 0.027989
v -0.003127 0.355152 0.012997
v -0.001783 0.355112 0.003549
v -0.000144 0.352423 0.003267
v -0.003026 0.391306 -0.025090
v -0.003131 0.413881 -0.025242
v -0.003442 0.352409 0.020406
v -0.000608 0.358516 -0.012769
v -0.001198 0.391372 -0.025066
v -0.001586 0.351706 -0.000676
v -0.003871 0.355989 0.028155
v -0.002440 0.358502 -0.017736
v -0.002387 0.352907 -0.006579
v -0.002635 0.365833 -0.023322
v -0.001076 0.355061 0.022371
v -0.003829 0.353359 0.009140
v -0.001651 0.355274 -0.000193
v 0.000046 0.354894 -0.004131
v -0.000027 0.370982 -0.023947
v -0.003485 0.352380 0.007176
v -0.000621 0.420669 -0.027728
v -0.003405 0.368875 -0.022284
v -0.002169 0.402603 -0.024926
v 0.004000 0.376347 0.025536
v 0.003012 0.355495 -0.007649
v -0.000160 0.365246 0.020477
v 0.000392 0.379746 0.026551
v 0.000765 0.360133 0.014015
v -0.000311 0.359904 0.016807
v 0.000102 0.424895 0.027013
v 0.001914 0.356317 -0.022751
v -0.000022 0.356043 0.011947
v 0.001027 0.355092 -0.026439
v 0.004328 0.353629 -0.013233
v 0.003711 0.353749 0.002065
v 0.004963 0.355030 -0.026537
v 0.000689 0.354770 0.010238
v 0.004084 0.430980 0.027068
v 0.003535 0.352784 -0.003663
v 0.000786 0.352775 0.002315
v 0.002412 0.352466 -0.015007
v 0.000718 0.354111 -0.020716
v 0.002227 0.352258 -0.011211
v 0.000246 0.368926 0.023666
v 0.003931 0.356498 -0.026587
v 0.000447 0.427989 0.027585
v -0.000157 0.353471 -0.001699
v 0.000792 0.356106 0.003649
v 0.003722 0.421040 0.027618
v 0.003609 0.355576 0.007683
v 0.004884 0.354259 -0.024607
v 0.003974 0.353329 -0.005633
v 0.003692 0.361690 0.017829
v 0.001712 0.361451 0.015346
v 0.000971 0.353435 -0.018799
v 0.000912 0.365901 0.019360
v 0.001005 0.369783 0.021383
v -0.000368 0.355722 0.009868
v 0.001404 0.352605 -0.013099
v -0.000236 0.363077 0.019709
v 0.000330 0.373772 0.025386
v 0.002718 0.355617 -0.000125
v 0.000102 0.431105 0.027013
v 0.003037 0.421066 0.024920
v 0.001089 0.374281 0.022932
v -0.000008 0.353392 -0.005529
v 0.000744 0.356943 0.007301
v 0.001662 0.352864 0.004330
v 0.003925 0.371312 0.024107
v 0.002782 0.352886 -0.022593
v 0.003825 0.353404 -0.001802
v 0.003602 0.356975 0.011350
v 0.004049 0.386993 0.026445
v -0.000357 0.357476 0.013493
v 0.003835 0.366822 0.022142
v 0.002983 0.379938 0.023999
v 0.000133 0.427999 0.026346
v 0.003376 0.355868 -0.015218
v 0.000133 0.421154 0.026335
v 0.001018 0.355482 -0.003831
v 0.000007 0.358172 0.015502
v 0.000101 0.360887 0.015912
v 0.000736 0.358253 0.010787
v 0.003642 0.354457 0.005959
v 0.004070 0.427876 0.026400
v 0.002968 0.353096 -0.026384
v 0.001959 0.353234 -0.024478
v -0.000270 0.353822 0.002165
v 0.004245 0.353383 -0.018881
v 0.003625 0.357371 0.013422
v 0.002019 0.379618 0.027272
v 0.001220 0.352410 -0.009300
v 0.004084 0.424771 0.027068
v 0.002597 0.352676 -0.018801
v -0.000068 0.369341 0.022617
v 0.001001 0.371129 0.025043
v 0.000347 0.353691 -0.013132
v 0.003722 0.427886 0.027630
v 0.002741 0.356436 -0.020891
v 0.001179 0.355523 -0.007602
v 0.001867 0.355753 -0.002001
v 0.001655 0.357718 0.008964
v 0.003882 0.353999 -0.003779
v -0.000307 0.359090 0.014829
v 0.001204 0.421123 0.024895
v 0.002745 0.365843 0.019352
v -0.000056 0.371441 0.024091
v 0.001887 0.352085 -0.003556
v 0.003283 0.358081 0.015451
v 0.001315 0.355776 -0.024594
v 0.001728 0.356107 -0.018961
v 0.002997 0.431013 0.028125
v 0.001696 0.360537 0.019158
v 0.001968 0.371990 0.022012
v 0.004145 0.353434 -0.009439
v 0.001666 0.359279 0.012307
v 0.003554 0.371705 0.022812
v 0.000079 0.379883 0.025363
v 0.001153 0.413547 0.028001
v 0.002144 0.353444 -0.028269
v 0.000035 0.353587 0.004219
v 0.003427 0.352786 -0.016940
v 0.004511 0.355725 -0.024674
v 0.002887 0.352282 -0.005525
v 0.003666 0.379640 0.026585
v 0.003630 0.358981 0.014768
v 0.003463 0.367419 0.020959
v 0.004223 0.354192 -0.011375
v 0.004060 0.353173 -0.015089
v 0.003658 0.354680 0.003877
v 0.003983 0.353415 -0.028315
v 0.003614 0.355629 0.009784
v 0.005069 0.354469 -0.028398
v 0.000431 0.400283 0.027277
v 0.002913 0.376226 0.026534
v 0.000019 0.376476 0.025501
v 0.000068 0.387121 0.026399
v 0.003344 0.360940 0.018653
v 0.000945 0.355355 -0.017013
v 0.000716 0.353529 0.006300
v 0.000885 0.355649 -0.000078
v 0.001358 0.355689 -0.011384
v 0.002539 0.356557 0.013964
v 0.003711 0.430993 0.025599
v 0.000164 0.353496 -0.009337
v 0.004044 0.354030 -0.007582
v 0.004778 0.354820 -0.022746
v 0.002660 0.362617 0.016874
v 0.003746 0.356288 -0.022797
v 0.001683 0.356672 0.005408
v 0.002921 0.374222 0.022944
v 0.000842 0.354882 -0.022648
v 0.000447 0.421142 0.027573
v 0.003428 0.364548 0.021406
v 0.001205 0.427966 0.024906
v 0.002528 0.354727 0.010199
v 0.001635 0.357585 0.015880
v 0.001158 0.424862 0.028100
v 0.003038 0.427909 0.024931
v 0.003956 0.355095 -0.013305
v 0.001755 0.352307 0.000348
v 0.004615 0.353803 -0.026464
v -0.000245 0.361808 0.017870
v 0.002058 0.400206 0.028023
v -0.000341 0.354538 0.006053
v 0.003705 0.400179 0.027318
v 0.000153 0.364651 0.021421
v 0.000514 0.431092 0.025555
v 0.004014 0.379755 0.025404
v -0.000054 0.354062 -0.003677
v 0.000509 0.413595 0.025466
v 0.002837 0.369724 0.021386
v 0.002099 0.356527 -0.026541
v 0.001049 0.352311 -0.005478
v 0.001158 0.431071 0.028100
v 0.002015 0.355704 -0.005756
v 0.003298 0.360794 0.015870
v 0.003612 0.352996 -0.020732
v 0.004514 0.353839 -0.017025
v 0.002626 0.356071 0.003604
v 0.004430 0.353593 -0.022673
v 0.003750 0.354186 0.000039
v 0.001589 0.352814 -0.016894
v 0.001774 0.353025 -0.020686
v -0.000279 0.354756 0.003973
v 0.002187 0.355819 -0.009530
v 0.003711 0.424783 0.025599
v 0.000107 0.354092 -0.007480
v 0.000267 0.367521 0.020963
v 0.004408 0.354400 -0.015165
v 0.001088 0.354531 -0.028298
v 0.002625 0.352741 0.002268
v 0.003059 0.352382 -0.009347
v 0.002577 0.356902 0.007260
v 0.001189 0.400350 0.024630
v 0.003628 0.376572 0.024158
v 0.000827 0.362672 0.016893
v 0.003875 0.352965 -0.011296
v 0.002598 0.360082 0.013986
v 0.003111 0.356856 -0.028473
v 0.003310 0.353524 0.004139
v 0.000785 0.353225 -0.015006
v 0.002125 0.431042 0.024680
v -0.000328 0.355663 0.007772
v 0.000127 0.353049 0.000294
v 0.000142 0.355217 0.001915
v 0.002659 0.362402 0.020456
v 0.000600 0.353017 -0.011212
v 0.000532 0.353901 -0.016925
v 0.001543 0.355897 -0.015172
v 0.000745 0.359144 0.017446
v 0.003604 0.373666 0.025407
v 0.003453 0.354847 -0.001947
v 0.002570 0.358207 0.010751
v 0.002074 0.421090 0.028330
v 0.003696 0.352806 -0.007492
v 0.002584 0.359090 0.017422
v 0.004141 0.355305 -0.017094
v 0.004069 0.421031 0.026388
v 0.001151 0.379997 0.023979
v 0.002555 0.353491 0.006257
v -0.000146 0.366949 0.022148
v -0.000336 0.357074 0.011427
v 0.000576 0.354950 -0.009435
v 0.002555 0.356225 -0.017102
v 0.001130 0.355565 -0.020804
v 0.001156 0.353644 -0.022591
v 0.002049 0.352100 -0.007401
v 0.000820 0.362459 0.020470
v 0.003242 0.352576 -0.013146
v 0.000900 0.352401 -0.001613
v 0.003520 0.368820 0.023671
v 0.003373 0.363765 0.018633
v 0.002120 0.413555 0.024594
v 0.003269 0.355812 0.005598
v 0.000177 0.363864 0.018657
v 0.002125 0.424833 0.024680
v 0.002370 0.356015 -0.013314
v 0.004699 0.354049 -0.020816
v 0.003254 0.355961 0.011883
v 0.004078 0.413467 0.026972
v 0.000072 0.355879 0.005673
v 0.000433 0.376676 0.024130
v 0.004326 0.355515 -0.020884
v 0.003745 0.362954 0.019679
v 0.002850 0.355453 -0.003879
v 0.000260 0.352837 -0.003577
v 0.002043 0.376754 0.023302
v 0.000657 0.354672 -0.018857
v 0.001341 0.353854 -0.026382
v 0.000760 0.355146 -0.013224
v 0.000017 0.374027 0.024254
v 0.002997 0.424804 0.028125
v 0.003241 0.356904 0.009258
v 0.001787 0.364304 0.018002
v 0.000044 0.356979 0.009325
v 0.003797 0.353206 -0.024524
v 0.003402 0.352993 0.000210
v 0.000514 0.424883 0.025555
v 0.000256 0.354900 -0.001865
v 0.003953 0.373899 0.024281
v 0.002092 0.387212 0.024122
v 0.003339 0.355159 0.001835
v 0.004593 0.354610 -0.018956
v 0.003261 0.354478 0.008070
v 0.004053 0.400210 0.026103
v 0.001957 0.373574 0.026068
v 0.003773 0.354900 -0.009517
v 0.003561 0.356078 -0.019007
v 0.000903 0.354321 -0.024507
v 0.001780 0.364253 0.021976
v 0.000421 0.352857 -0.007407
v 0.001878 0.367829 0.020235
v 0.003253 0.358531 0.012716
v 0.001075 0.376286 0.026518
v 0.000482 0.387205 0.024977
v 0.002926 0.356646 -0.024682
v 0.000069 0.361039 0.018687
v 0.002839 0.371069 0.025051
v 0.000055 0.358616 0.012772
v 0.001501 0.355985 -0.028385
v 0.003671 0.359788 0.016755
v 0.001614 0.353856 0.008333
v 0.000405 0.354839 -0.005648
v 0.000700 0.356606 0.013997
v -0.000187 0.354254 0.000140
v 0.003776 0.365122 0.020460
v 0.003868 0.369214 0.022623
v 0.003601 0.354789 -0.005731
v 0.002963 0.386957 0.027478
v 0.003191 0.355660 -0.011431
v 0.000286 0.354254 -0.011274
v 0.003022 0.400292 0.024654
v 0.001753 0.356048 0.001728
v 0.000910 0.366487 0.023015
v 0.002749 0.366428 0.023012
v 0.004696 0.355936 -0.028465
v 0.000471 0.354462 -0.015066
v 0.000358 0.371809 0.022798
v 0.000096 0.413592 0.026919
v 0.002075 0.427937 0.028343
v -0.000014 0.354550 0.008144
v 0.003677 0.387102 0.025014
v 0.002739 0.352370 -0.001661
v 0.001125 0.387016 0.027456
v 0.000117 0.400335 0.026053
v 0.002992 0.413489 0.028026
v 0.001606 0.355393 0.012228
v 0.003706 0.413495 0.025509
v 0.001872 0.368633 0.024292
v -0.023245 0.384577 -0.014929
v 0.024605 0.418731 0.013729
v -0.025715 0.385847 -0.013429
v -0.022739 0.421047 -0.014588
v 0.023341 0.376397 0.014762
v 0.023802 0.373600 0.008597
v 0.020225 0.418989 0.014672
v -0.022854 0.423320 -0.018283
v 0.020960 0.422338 0.011805
v 0.023269 0.379527 0.013364
v -0.023760 0.389593 -0.017433
v 0.023286 0.382593 0.017194
v 0.024763 0.371526 0.011893
v 0.024632 0.375749 0.009728
v 0.021187 0.418886 0.016265
v 0.023640 0.418835 0.012188
v 0.020170 0.428263 0.014394
v 0.021048 0.413566 0.016004
v -0.023601 0.425738 -0.015926
v 0.024777 0.376240 0.015797
v 0.023965 0.373893 0.013586
v 0.020023 0.422361 0.013334
v -0.021104 0.428222 -0.018727
v -0.024260 0.391443 -0.013923
v -0.027597 0.381495 -0.015570
v -0.023722 0.423332 -0.016801
v 0.019826 0.428375 0.012562
v 0.020876 0.425192 0.015484
v 0.022977 0.379126 0.015308
v -0.021885 0.412449 -0.014368
v 0.026453 0.376513 0.015419
v 0.020371 0.422278 0.015165
v 0.022926 0.382789 0.015159
v -0.023628 0.428236 -0.016804
v -0.020138 0.423343 -0.014721
v -0.020470 0.418272 -0.014769
v -0.025043 0.383207 -0.012894
v -0.024573 0.380715 -0.016127
v 0.025462 0.374008 0.008370
v -0.026735 0.383236 -0.013122
v 0.026430 0.371934 0.011667
v 0.026323 0.375801 0.010068
v -0.023561 0.430815 -0.015943
v 0.019916 0.425332 0.013894
v 0.024152 0.413406 0.016762
v 0.025646 0.373949 0.013913
v -0.023516 0.381424 -0.015018
v -0.021036 0.421042 -0.014360
v -0.021970 0.430781 -0.018681
v -0.024632 0.412343 -0.015914
v 0.025946 0.405004 0.014586
v 0.024407 0.421996 0.014300
v -0.025955 0.391472 -0.014149
v -0.023951 0.401983 -0.014181
v -0.021524 0.418160 -0.018742
v -0.026803 0.390186 -0.016768
v -0.026834 0.383776 -0.016724
v 0.022867 0.418768 0.016707
v -0.021338 0.411993 -0.018336
v 0.023261 0.427934 0.015155
v -0.019709 0.423318 -0.017860
v -0.022921 0.390881 -0.014778
v 0.023965 0.424948 0.014823
v -0.020822 0.430850 -0.014352
v -0.020474 0.420992 -0.018450
v 0.026955 0.383183 0.014154
v -0.023710 0.382457 -0.013679
v 0.023469 0.422020 0.015922
v 0.024285 0.424988 0.012958
v -0.022299 0.401780 -0.014564
v 0.021593 0.428081 0.015511
v 0.022552 0.425033 0.015928
v 0.027335 0.372830 0.010541
v -0.020301 0.412115 -0.017007
v -0.022003 0.425718 -0.018663
v -0.019183 0.428255 -0.016207
v 0.027054 0.374523 0.013021
v -0.023189 0.428255 -0.015146
v 0.021797 0.422137 0.016280
v 0.023307 0.413576 0.012228
v -0.019273 0.423330 -0.016203
v 0.021957 0.418954 0.011831
v 0.023841 0.383060 0.013470
v 0.024741 0.413478 0.013258
v 0.024664 0.379872 0.012269
v -0.020044 0.418172 -0.017885
v -0.022174 0.420997 -0.018679
v 0.023291 0.405135 0.012635
v -0.023379 0.400751 -0.018252
v -0.023286 0.423344 -0.015144
v -0.027669 0.384657 -0.015523
v -0.022521 0.430839 -0.014580
v -0.019670 0.421024 -0.015397
v 0.020542 0.419017 0.012854
v -0.020861 0.425753 -0.014335
v -0.019621 0.428236 -0.017866
v -0.027204 0.385514 -0.014167
v 0.022477 0.413473 0.017133
v 0.025091 0.413407 0.015112
v -0.019496 0.425746 -0.015374
v -0.019608 0.418218 -0.016240
v 0.024718 0.382574 0.018408
v -0.023544 0.421015 -0.017642
v 0.023323 0.371845 0.011088
v -0.019460 0.430841 -0.015392
v -0.022717 0.390115 -0.016221
v -0.023188 0.418191 -0.018307
v 0.022631 0.422221 0.011447
v 0.022978 0.374393 0.012209
v 0.022922 0.372704 0.009723
v -0.020525 0.412304 -0.015366
v -0.020304 0.425721 -0.018435
v 0.025510 0.383229 0.013057
v 0.026393 0.382724 0.017959
v -0.025189 0.383386 -0.017061
v -0.027793 0.382526 -0.014231
v 0.024975 0.405094 0.012996
v 0.022965 0.376906 0.012939
v 0.023247 0.375163 0.010610
v 0.027374 0.377063 0.013879
v -0.024074 0.385458 -0.013747
v -0.019439 0.421003 -0.017091
v -0.023034 0.412009 -0.018563
v -0.024402 0.412155 -0.017555
v 0.022430 0.428203 0.010679
v -0.023370 0.425725 -0.017624
v -0.021901 0.400910 -0.017429
v 0.024197 0.427909 0.013534
v 0.025633 0.378982 0.017400
v -0.022764 0.428222 -0.018288
v -0.019231 0.430817 -0.017090
v -0.019266 0.425733 -0.017073
v 0.026355 0.379938 0.012638
v 0.023325 0.425128 0.011419
v 0.024217 0.404909 0.017709
v -0.023706 0.383719 -0.016302
v -0.021191 0.423314 -0.018721
v -0.023332 0.430791 -0.017641
v 0.021882 0.405103 0.013704
v 0.027344 0.379691 0.014259
v 0.020697 0.413635 0.014146
v 0.027047 0.379296 0.016222
v -0.021705 0.428269 -0.014284
v -0.026264 0.380744 -0.016355
v -0.025036 0.400954 -0.017849
v 0.025631 0.404928 0.016532
v 0.027331 0.375289 0.011431
v -0.020271 0.430792 -0.018453
v -0.024059 0.418245 -0.016835
v 0.025533 0.377759 0.011071
v 0.026988 0.377582 0.012085
v 0.021648 0.425288 0.011060
v -0.025441 0.401824 -0.014983
v -0.023621 0.418291 -0.015190
v -0.027010 0.390952 -0.015323
v -0.023779 0.421036 -0.015948
v -0.025452 0.389623 -0.017662
v -0.022133 0.418303 -0.014334
v -0.021800 0.423348 -0.014282
v 0.027321 0.382968 0.016151
v -0.020045 0.428269 -0.014723
v 0.023866 0.377476 0.011420
v 0.021632 0.413640 0.012595
v 0.026925 0.373690 0.009176
v 0.020762 0.428350 0.011035
v 0.023949 0.378909 0.017000
v 0.020236 0.425372 0.012080
v 0.022536 0.404949 0.017260
v 0.024060 0.422080 0.012468
v 0.024284 0.418704 0.015597
v -0.021454 0.401337 -0.015901
v -0.023587 0.412466 -0.014595
v -0.025892 0.401399 -0.016492
v 0.021572 0.405025 0.015596
v -0.022562 0.425749 -0.014564
v 0.023853 0.428020 0.011702
v 0.018723 0.386423 0.015471
v 0.018097 0.384841 0.014506
v 0.017152 0.386339 0.014760
v 0.017888 0.387780 0.015273
v 0.018400 0.389571 0.016056
v 0.016828 0.389483 0.015350
v 0.017054 0.393853 0.015877
v 0.016391 0.384668 0.014497
v 0.015567 0.386108 0.015460
v 0.016183 0.387609 0.015269
v 0.015243 0.389258 0.016051
v 0.015346 0.393698 0.015875
v 0.015173 0.384377 0.015771
v 0.014896 0.385879 0.017142
v 0.014963 0.387364 0.016552
v 0.014573 0.389040 0.017721
v 0.014128 0.393479 0.017141
v 0.015216 0.388969 0.019456
v 0.014116 0.393340 0.018951
v 0.014946 0.387205 0.018395
v 0.015531 0.385798 0.018886
v 0.015154 0.384154 0.017604
v 0.019362 0.386323 0.017157
v 0.019293 0.384792 0.015795
v 0.019084 0.387775 0.016564
v 0.019042 0.389482 0.017729
v 0.018255 0.393854 0.017147
v 0.018689 0.386110 0.018881
v 0.019274 0.384568 0.017618
v 0.019068 0.387615 0.018398
v 0.018375 0.389280 0.019452
v 0.018245 0.393713 0.018954
v 0.017100 0.385900 0.019638
v 0.018044 0.384301 0.018948
v 0.017848 0.387394 0.019754
v 0.016791 0.389073 0.020211
v 0.017030 0.393515 0.020287
v 0.016338 0.384131 0.018950
v 0.016141 0.387225 0.019760
v 0.015321 0.393361 0.020289
v 0.015075 0.382200 0.016006
v 0.015705 0.381948 0.017688
v 0.012711 0.401646 0.018485
v 0.013365 0.401603 0.020143
v 0.014951 0.401680 0.020851
v 0.017260 0.381985 0.018406
v 0.016538 0.401827 0.020143
v 0.018860 0.382276 0.017705
v 0.017198 0.401964 0.018489
v 0.019539 0.382666 0.016044
v 0.016545 0.402016 0.016863
v 0.018895 0.382934 0.014398
v 0.014962 0.401947 0.016182
v 0.017324 0.382912 0.013702
v 0.013374 0.401791 0.016860
v 0.015739 0.382604 0.014369
v 0.027192 0.388338 0.015274
v 0.024529 0.388394 0.013241
v 0.026215 0.388439 0.013609
v 0.025475 0.388031 0.018604
v 0.023129 0.388224 0.014375
v 0.026885 0.388169 0.017332
v 0.023792 0.387980 0.018146
v 0.022827 0.388051 0.016377
v 0.026432 0.395818 0.014075
v 0.024994 0.395866 0.012999
v 0.022404 0.395676 0.015047
v 0.025861 0.395591 0.017805
v 0.022760 0.395572 0.017029
v 0.023326 0.395803 0.013399
v 0.026791 0.395700 0.016033
v 0.024189 0.395542 0.018229
v -0.012102 0.430084 -0.020428
v -0.011761 0.429945 -0.018754
v -0.011164 0.430056 -0.021862
v -0.010341 0.429722 -0.017821
v -0.009497 0.429878 -0.022216
v -0.008674 0.429544 -0.018175
v -0.008077 0.429654 -0.021283
v -0.007736 0.429516 -0.019609
v 0.013728 0.426065 0.018551
v 0.012511 0.426064 0.017339
v 0.013727 0.426061 0.020265
v 0.010788 0.426059 0.017339
v 0.012509 0.426054 0.021477
v 0.009570 0.426052 0.018551
v 0.010787 0.426049 0.021477
v 0.009570 0.426048 0.020265
v -0.012373 0.403865 -0.018195
v -0.011383 0.403738 -0.019650
v -0.013161 0.403841 -0.022303
v -0.015882 0.404138 -0.020489
v -0.014103 0.404036 -0.017837
v -0.014888 0.404011 -0.021945
v -0.015040 0.388387 -0.016712
v -0.015503 0.382844 -0.014178
v -0.016836 0.388550 -0.016346
v -0.017239 0.383010 -0.013809
v -0.018342 0.388525 -0.017327
v -0.018721 0.382878 -0.014771
v -0.018666 0.388326 -0.019080
v -0.019071 0.382524 -0.016499
v -0.017621 0.388069 -0.020579
v -0.018076 0.382151 -0.017979
v -0.015824 0.387905 -0.020946
v -0.016331 0.381982 -0.018347
v -0.014341 0.387931 -0.019965
v -0.014877 0.382119 -0.017387
v -0.014018 0.388131 -0.018212
v -0.014536 0.382476 -0.015660
v -0.015644 0.378385 -0.011535
v -0.017309 0.378572 -0.011185
v -0.018754 0.378338 -0.012074
v -0.019128 0.377818 -0.013683
v -0.018200 0.377312 -0.015067
v -0.016526 0.377122 -0.015418
v -0.015096 0.377363 -0.014528
v -0.014729 0.377885 -0.012920
v 0.016422 0.376974 0.015789
v 0.015808 0.401749 0.020662
v 0.018130 0.377170 0.015826
v 0.017023 0.401902 0.019378
v 0.019375 0.377800 0.014725
v 0.017027 0.402004 0.017609
v 0.019376 0.378501 0.013138
v 0.015818 0.401997 0.016363
v 0.018166 0.378861 0.011992
v 0.014104 0.401875 0.016362
v 0.016458 0.378664 0.011954
v 0.015253 0.382398 0.015117
v 0.015250 0.378026 0.013046
v 0.012887 0.401711 0.017605
v 0.015248 0.377326 0.014635
v 0.012882 0.401609 0.019375
v 0.016469 0.382785 0.013874
v 0.018174 0.382964 0.013890
v 0.016414 0.381929 0.018214
v 0.019373 0.382828 0.015155
v 0.018119 0.382107 0.018221
v 0.014093 0.401629 0.020662
v 0.019356 0.382472 0.016938
v 0.012044 0.415241 0.021207
v 0.011310 0.420573 0.021380
v 0.013768 0.415297 0.021208
v 0.013035 0.420597 0.021380
v 0.014985 0.415364 0.019994
v 0.014254 0.420627 0.020169
v 0.014982 0.415404 0.018279
v 0.014253 0.420645 0.018455
v 0.013762 0.415393 0.017065
v 0.013033 0.420641 0.017243
v 0.012038 0.415336 0.017064
v 0.011307 0.420618 0.017243
v 0.010821 0.415268 0.018276
v 0.010088 0.420588 0.018454
v 0.010824 0.415229 0.019992
v 0.010089 0.420569 0.020168
v -0.008020 0.424089 -0.019734
v -0.008664 0.418791 -0.019920
v -0.008361 0.424221 -0.021408
v -0.009002 0.418906 -0.021596
v -0.009780 0.424439 -0.022341
v -0.010420 0.419111 -0.022530
v -0.011448 0.424617 -0.021987
v -0.012090 0.419287 -0.022176
v -0.012386 0.424649 -0.020552
v -0.013032 0.419330 -0.020740
v -0.012046 0.424517 -0.018878
v -0.012695 0.419216 -0.019065
v -0.010626 0.424298 -0.017945
v -0.011276 0.419010 -0.018131
v -0.008959 0.424121 -0.018299
v -0.009606 0.418834 -0.018485
v -0.011710 0.403728 -0.021351
v -0.003721 0.352723 0.026093
v -0.002691 0.368081 -0.024408
v -0.003740 0.353289 0.007242
v -0.001950 0.355921 0.026214
v -0.001053 0.378432 -0.027346
v -0.002481 0.360061 -0.019309
v -0.002505 0.351931 -0.000619
v -0.003349 0.352305 0.018510
v 0.000345 0.354948 -0.008137
v -0.002631 0.365237 -0.019683
v -0.004082 0.427271 -0.026860
v -0.003146 0.427304 -0.028431
v -0.002581 0.363739 -0.022107
v -0.003421 0.361004 -0.018247
v -0.002943 0.384623 -0.028041
v -0.003535 0.352514 0.022302
v -0.002561 0.355008 -0.000203
v -0.000223 0.384795 -0.026448
v -0.001288 0.420644 -0.028403
v -0.000078 0.373403 -0.024705
v -0.000864 0.354881 0.003503
v -0.001026 0.354921 0.007275
v -0.001520 0.352341 0.018464
v -0.000541 0.353505 -0.008604
v -0.000263 0.353523 0.010943
v -0.003734 0.373269 -0.024730
v -0.001007 0.354358 0.026108
v 0.000301 0.354035 -0.004325
v -0.003972 0.402513 -0.026781
v -0.003220 0.355256 0.014891
v -0.004053 0.420548 -0.026857
v -0.000594 0.357654 -0.011116
v -0.000424 0.427401 -0.026810
v -0.003034 0.355049 0.011104
v -0.003406 0.355466 0.018679
v -0.000807 0.351751 0.003227
v -0.003163 0.352096 0.014717
v -0.004292 0.353867 0.018618
v -0.000632 0.359533 -0.014345
v -0.003880 0.384661 -0.026494
v 0.000236 0.361130 -0.018285
v -0.003357 0.353949 -0.004235
v -0.000821 0.354149 0.022317
v -0.003818 0.378493 -0.025856
v -0.002415 0.352479 -0.004583
v -0.002636 0.351713 0.003274
v -0.000969 0.351767 0.007067
v -0.002426 0.356294 -0.007589
v -0.000704 0.362073 -0.017223
v -0.004478 0.354076 0.022409
v -0.000803 0.365302 -0.019691
v -0.003160 0.420581 -0.025261
v -0.002798 0.351730 0.007115
v -0.001016 0.373683 -0.023263
v -0.003313 0.354852 -0.008055
v -0.001099 0.378756 -0.024309
v -0.001115 0.384690 -0.028018
v -0.003778 0.355884 0.026260
v -0.003117 0.420580 -0.028428
v -0.003035 0.402525 -0.028346
v -0.002740 0.369118 -0.021718
v -0.002881 0.378365 -0.027365
v -0.003189 0.427303 -0.025263
v -0.002796 0.372989 -0.026172
v -0.000540 0.355028 -0.012466
v -0.000863 0.368148 -0.024405
v -0.001706 0.352551 0.022256
v -0.001160 0.384834 -0.024901
v -0.000652 0.360124 -0.019328
v -0.001317 0.427368 -0.028406
v -0.003630 0.368566 -0.023064
v -0.000676 0.351971 -0.000666
v -0.001892 0.352760 0.026048
v -0.000449 0.353730 0.014734
v -0.000642 0.355506 -0.003977
v 0.000027 0.368700 -0.023058
v -0.002371 0.353457 -0.008563
v -0.003920 0.353450 0.011036
v 0.000079 0.353334 0.003341
v -0.002424 0.357600 -0.011081
v -0.004106 0.353658 0.014827
v -0.000912 0.369185 -0.021715
v -0.001251 0.402632 -0.025166
v -0.000597 0.356343 -0.007630
v -0.000586 0.352522 -0.004628
v -0.002471 0.355462 -0.003933
v -0.002533 0.362010 -0.017205
v -0.000162 0.378628 -0.025818
v -0.003080 0.402566 -0.025191
v -0.001207 0.402590 -0.028322
v -0.002988 0.384767 -0.024924
v -0.002369 0.354975 -0.012430
v -0.000732 0.355048 -0.000250
v -0.003348 0.358278 -0.015171
v 0.000211 0.353529 -0.000481
v -0.000578 0.357200 -0.016084
v -0.000395 0.420677 -0.026807
v -0.003579 0.353259 0.003437
v -0.001578 0.355502 0.018633
v -0.001332 0.420646 -0.025236
v -0.002461 0.359474 -0.014316
v -0.002693 0.354843 0.003551
v -0.000083 0.353362 0.007147
v -0.001391 0.355293 0.014844
v 0.000310 0.358396 -0.015228
v -0.001360 0.427368 -0.025238
v -0.000752 0.363804 -0.022115
v -0.002407 0.357141 -0.016055
v -0.001334 0.352132 0.014671
v -0.002977 0.351888 0.010922
v -0.001149 0.351925 0.010875
v -0.003311 0.356260 -0.011737
v -0.000968 0.373057 -0.026160
v -0.003520 0.364455 -0.020891
v -0.003592 0.355675 0.022469
v -0.001206 0.355085 0.011057
v -0.002855 0.354884 0.007322
v -0.000635 0.353940 0.018526
v 0.000347 0.356368 -0.011809
v -0.003447 0.353450 -0.000387
v -0.002844 0.373616 -0.023276
v 0.000137 0.364586 -0.020907
v -0.000315 0.402644 -0.026732
v -0.001764 0.355712 0.022423
v -0.002927 0.378689 -0.024328
v 0.002810 0.352296 -0.003600
v 0.000313 0.369589 0.021941
v 0.002997 0.421062 0.028113
v 0.004083 0.421030 0.027056
v 0.002529 0.355561 0.012112
v 0.001747 0.362792 0.016725
v 0.002795 0.368678 0.024098
v 0.003710 0.421044 0.025588
v 0.000498 0.400350 0.025272
v 0.001103 0.379672 0.027042
v 0.002677 0.352514 0.000295
v 0.000971 0.352327 -0.003552
v 0.000514 0.421144 0.025544
v 0.000101 0.421154 0.027002
v 0.002278 0.355912 -0.011421
v 0.002052 0.353339 -0.026373
v 0.000718 0.357780 0.015768
v 0.003509 0.369486 0.021946
v 0.002980 0.400185 0.027808
v 0.003242 0.357644 0.011018
v 0.002071 0.379992 0.023761
v -0.000100 0.369123 0.023184
v -0.000015 0.373896 0.024865
v -0.000192 0.364931 0.020988
v -0.000277 0.361398 0.018314
v 0.003656 0.379849 0.024637
v 0.003250 0.356297 0.007447
v 0.001158 0.421119 0.028088
v 0.001685 0.360283 0.013870
v 0.003520 0.352891 -0.018836
v 0.004234 0.355411 -0.018989
v 0.002703 0.364332 0.021796
v 0.001937 0.355703 -0.003876
v 0.003881 0.368994 0.023190
v 0.003966 0.373766 0.024891
v 0.003789 0.364805 0.020971
v 0.003705 0.361278 0.018273
v 0.001132 0.352343 -0.007393
v 0.000690 0.355607 0.012148
v 0.001038 0.355460 -0.018908
v 0.000327 0.354843 -0.003756
v 0.000085 0.400313 0.026712
v 0.002971 0.352314 -0.007440
v -0.000338 0.358599 0.015196
v -0.000367 0.356522 0.011712
v -0.000359 0.355066 0.007977
v -0.000311 0.354128 0.004111
v 0.001041 0.373649 0.025852
v 0.002463 0.356120 -0.015208
v 0.002009 0.374299 0.022720
v 0.001924 0.369832 0.021182
v 0.000698 0.354082 0.008283
v 0.003150 0.352473 -0.011248
v 0.004604 0.355831 -0.026570
v 0.000045 0.357725 0.011081
v 0.001496 0.352709 -0.014997
v 0.003644 0.358488 0.015134
v 0.003615 0.356422 0.011634
v 0.003623 0.354978 0.007888
v 0.003671 0.354051 0.004014
v 0.000398 0.374173 0.023529
v 0.003711 0.427888 0.025599
v 0.000956 0.368738 0.024096
v 0.001805 0.355865 -0.000133
v 0.002941 0.379612 0.027061
v 0.000488 0.354878 -0.007541
v 0.003018 0.356751 -0.026577
v -0.000219 0.353606 0.000228
v -0.000086 0.353403 -0.003618
v 0.000076 0.353427 -0.007435
v 0.000255 0.353588 -0.011235
v 0.003864 0.354992 -0.011411
v 0.002109 0.400329 0.024406
v 0.000514 0.427987 0.025555
v 0.004067 0.400187 0.026763
v 0.001158 0.427966 0.028100
v 0.002125 0.427938 0.024680
v 0.002619 0.360651 0.018996
v 0.003594 0.374069 0.023550
v 0.002124 0.421095 0.024669
v 0.000667 0.355042 -0.011329
v 0.003763 0.353537 0.000126
v 0.003896 0.353338 -0.003721
v 0.004057 0.353365 -0.007539
v 0.004236 0.353526 -0.011337
v 0.003271 0.359577 0.014337
v 0.001832 0.365985 0.019174
v 0.003705 0.353101 -0.022628
v 0.000460 0.379952 0.024604
v 0.001664 0.357136 0.007207
v 0.000053 0.356368 0.007519
v 0.003298 0.355437 0.003723
v 0.000810 0.354216 -0.022612
v 0.000995 0.354426 -0.026403
v 0.000440 0.353796 -0.015028
v 0.000625 0.354006 -0.018820
v 0.002557 0.357729 0.015740
v 0.003391 0.354966 -0.000056
v 0.001223 0.355671 -0.022699
v 0.002536 0.354041 0.008242
v 0.002099 0.355746 -0.007641
v 0.001681 0.352919 -0.018790
v 0.001311 0.352502 -0.011201
v 0.000746 0.353098 0.004305
v 0.000864 0.364390 0.021804
v 0.001656 0.358428 0.010668
v 0.000074 0.359666 0.014386
v 0.004791 0.354154 -0.022712
v 0.004976 0.354364 -0.026503
v 0.004421 0.353734 -0.015129
v 0.004606 0.353944 -0.018921
v 0.002585 0.353062 0.004260
v 0.001712 0.356313 0.003578
v 0.000838 0.352546 0.000342
v 0.003333 0.362191 0.017304
v 0.002648 0.356331 -0.018996
v 0.000136 0.362287 0.017337
v 0.003335 0.352681 -0.015043
v 0.000780 0.360706 0.019015
v 0.002997 0.427909 0.028125
v 0.004028 0.379686 0.026045
v 0.001142 0.400243 0.027784
v 0.003685 0.354828 -0.007624
v 0.000102 0.355499 0.003801
v 0.000194 0.355021 0.000026
v 0.001408 0.355881 -0.026490
v 0.004419 0.355620 -0.022779
v 0.000852 0.355250 -0.015118
v 0.000221 0.365611 0.019867
v 0.003523 0.354791 -0.003839
v 0.002833 0.356541 -0.022786
v 0.003417 0.365510 0.019853
v 0.003890 0.353310 -0.026419
v 0.000047 0.379815 0.026003
v 0.003694 0.400248 0.025312
v 0.004049 0.355200 -0.015199
v 0.004084 0.427875 0.027068
v 0.001867 0.353129 -0.022582
v 0.000102 0.428000 0.027013
v 0.002879 0.373589 0.025864
v -0.023769 0.418217 -0.017655
v -0.022398 0.418171 -0.018686
v -0.020699 0.418161 -0.018458
v -0.019664 0.418192 -0.017105
v -0.019893 0.418246 -0.015420
v -0.021258 0.418292 -0.014390
v -0.022962 0.418302 -0.014618
v -0.024003 0.418271 -0.015970
v 0.026963 0.375601 0.010663
v 0.025503 0.375851 0.009742
v 0.023840 0.375506 0.010035
v 0.022949 0.374772 0.011374
v 0.023337 0.374086 0.012986
v 0.024775 0.373847 0.013907
v 0.026447 0.374187 0.013599
v 0.027361 0.374910 0.012259
v 0.026987 0.379846 0.013339
v 0.025537 0.379947 0.012266
v 0.023869 0.379723 0.012657
v 0.022960 0.379317 0.014293
v 0.023326 0.378984 0.016259
v 0.024760 0.378909 0.017402
v 0.026436 0.379117 0.016975
v 0.027362 0.379497 0.015268
v 0.024289 0.424952 0.013917
v 0.023352 0.424977 0.015538
v 0.021682 0.425109 0.015896
v 0.020258 0.425270 0.014780
v 0.019912 0.425368 0.012948
v 0.020848 0.425344 0.011420
v 0.022518 0.425212 0.011063
v -0.023571 0.428245 -0.015932
v -0.023667 0.423338 -0.015929
v -0.022532 0.428263 -0.014569
v -0.022628 0.423347 -0.014568
v -0.020832 0.428271 -0.014341
v -0.020926 0.423347 -0.014339
v -0.019469 0.428263 -0.015381
v -0.019560 0.423337 -0.015378
v -0.019239 0.428246 -0.017079
v -0.019329 0.423324 -0.017075
v -0.020278 0.428228 -0.018442
v -0.020365 0.423315 -0.018436
v -0.021977 0.428221 -0.018670
v -0.022065 0.423316 -0.018664
v -0.023342 0.428228 -0.017631
v -0.023434 0.423325 -0.017626
v 0.024261 0.418777 0.012854
v 0.024602 0.387992 0.018590
v 0.023943 0.425050 0.012085
v 0.027204 0.388256 0.016325
v 0.022830 0.418898 0.011833
v 0.023733 0.388318 0.013645
v 0.021916 0.404984 0.016523
v 0.021155 0.418996 0.012193
v 0.020219 0.419015 0.013724
v 0.026275 0.388092 0.018145
v 0.020568 0.418944 0.015559
v 0.021563 0.405067 0.014609
v 0.021996 0.418825 0.016675
v 0.025401 0.388436 0.013232
v 0.023670 0.418726 0.016315
v 0.026841 0.388404 0.014326
v 0.024610 0.418706 0.014689
v -0.027598 0.385124 -0.014813
v -0.025829 0.401631 -0.015699
v -0.026541 0.385767 -0.013682
v -0.023080 0.401923 -0.014225
v -0.024848 0.385736 -0.013455
v -0.022556 0.400787 -0.017975
v -0.023514 0.385050 -0.014266
v -0.023316 0.384110 -0.015643
v -0.021731 0.401574 -0.015154
v -0.024365 0.383466 -0.016800
v -0.024250 0.400810 -0.018203
v -0.024779 0.401947 -0.014451
v -0.026056 0.383497 -0.017029
v -0.021517 0.401104 -0.016699
v -0.025610 0.401161 -0.017246
v -0.027398 0.384184 -0.016193
v -0.004664 0.354285 0.026199
v 0.018003 0.386404 0.014950
v 0.017679 0.389550 0.015539
v 0.016297 0.386234 0.014945
v 0.015973 0.389380 0.015537
v 0.015077 0.385983 0.016229
v 0.014754 0.389138 0.016815
v 0.014739 0.388982 0.018648
v 0.015059 0.385815 0.018075
v 0.019198 0.386393 0.016245
v 0.018876 0.389547 0.016824
v 0.019180 0.386223 0.018081
v 0.018862 0.389389 0.018650
v 0.017956 0.385998 0.019432
v 0.017646 0.389170 0.020005
v 0.016249 0.385829 0.019438
v 0.015938 0.389003 0.020009
v 0.015237 0.382043 0.016909
v -0.015558 0.404148 -0.018788
v 0.025599 0.405051 0.013682
v 0.024163 0.405123 0.012632
v 0.022815 0.388130 0.015332
v 0.025019 0.404910 0.017289
v 0.023172 0.388000 0.017363
v 0.022491 0.405127 0.013014
v 0.025954 0.404961 0.015583
v 0.023345 0.404922 0.017685
vn -0.0000 -1.0000 -0.0000
vn -0.6789 -0.7342 -0.0000
vn -0.6789 -0.7092 -0.1900
vn -0.0000 -0.9659 -0.2588
vn -0.0000 0.2588 -0.9659
vn -0.6789 0.1900 -0.7092
vn -0.6789 0.3671 -0.6359
vn -0.0000 0.5000 -0.8660
vn -0.0000 -0.5000 0.8660
vn -0.6789 -0.3671 0.6359
vn -0.6789 -0.5192 0.5192
vn -0.0000 -0.7071 0.7071
vn 0.0905 0.3827 0.9194
vn -0.0000 0.3756 0.9268
vn -0.0000 -0.0000 1.0000
vn 0.0980 -0.0000 0.9952
vn -0.0000 -0.5000 -0.8660
vn -0.6789 -0.3671 -0.6359
vn -0.6789 -0.1900 -0.7092
vn -0.0000 -0.2588 -0.9659
vn -0.6789 -0.0000 -0.7342
vn -0.0000 -0.0000 -1.0000
vn -0.0000 0.8660 -0.5000
vn -0.6789 0.6359 -0.3671
vn -0.6789 0.7092 -0.1900
vn -0.0000 0.9659 -0.2588
vn -0.4363 -0.4499 0.7792
vn -0.4546 -0.6300 0.6297
vn -0.0000 0.9659 0.2588
vn -0.6789 0.7092 0.1900
vn -0.6789 0.6359 0.3671
vn -0.0000 0.8660 0.5000
vn -0.0000 0.7071 -0.7071
vn -0.6789 0.5192 -0.5192
vn -0.6789 0.7342 -0.0000
vn -0.0000 1.0000 -0.0000
vn -0.0000 0.5000 0.8660
vn -0.6789 0.3671 0.6359
vn -0.6789 0.1900 0.7092
vn -0.0000 0.2588 0.9659
vn -0.6789 -0.0000 0.7342
vn -0.0000 -0.9659 0.2588
vn -0.6789 -0.7092 0.1900
vn -0.0000 -0.2588 0.9659
vn -0.6789 -0.1900 0.7092
vn -0.0000 0.7071 0.7071
vn -0.6789 0.5192 0.5192
vn -0.0000 -0.8660 -0.5000
vn -0.6789 -0.6359 -0.3671
vn -0.6789 -0.5192 -0.5192
vn -0.0000 -0.7071 -0.7071
vn -0.0000 -0.8660 0.5000
vn -0.6789 -0.6359 0.3671
vn -0.1935 -0.2539 0.9477
vn 0.1935 -0.2539 0.9477
vn 0.1935 -0.0000 0.9811
vn -0.1935 -0.0000 0.9811
vn -0.7071 -0.0000 -0.7071
vn -0.8315 -0.0000 -0.5556
vn 0.0079 -0.9917 -0.1281
vn -0.2121 -0.9690 -0.1270
vn -0.2213 -0.9418 -0.2530
vn -0.0001 -0.9660 -0.2587
vn -0.1935 -0.8497 0.4905
vn 0.1935 -0.8497 0.4905
vn 0.1935 -0.6937 0.6937
vn -0.1935 -0.6937 0.6937
vn -0.6789 -0.7092 -0.1902
vn -0.6789 -0.7343 -0.0000
vn -1.0000 -0.0000 -0.0000
vn -0.9356 -0.2496 0.2496
vn -0.9356 -0.3057 0.1765
vn -0.9399 0.0884 -0.3299
vn -0.9516 -0.0006 -0.3074
vn -0.9779 -0.0000 0.2090
vn -0.9779 0.0541 0.2019
vn -0.9779 -0.0541 0.2019
vn -1.0000 -0.0010 0.0037
vn -1.0000 -0.0007 0.0013
vn -0.9359 -0.0913 -0.3403
vn -0.9363 -0.0002 -0.3511
vn -0.9779 0.1045 -0.1810
vn -0.9779 0.0541 -0.2019
vn -0.9586 -0.2755 -0.0726
vn -0.9576 -0.2880 0.0012
vn -1.0000 -0.0038 0.0010
vn -1.0000 -0.0013 0.0007
vn 1.0000 -0.0000 -0.0000
vn 0.9779 0.1810 0.1045
vn 0.9779 0.1478 0.1478
vn -0.9779 -0.1045 0.1810
vn -0.9779 0.1045 0.1810
vn -0.9356 0.2496 0.2496
vn -0.9356 0.1765 0.3057
vn -0.9356 -0.0000 0.3530
vn -0.9356 -0.0914 0.3409
vn -0.9587 0.2012 -0.2012
vn -0.9587 0.2464 -0.1422
vn -1.0000 -0.0047 0.0013
vn -1.0000 -0.0042 0.0024
vn -0.9366 0.3035 -0.1753
vn -0.9366 0.3386 -0.0907
vn 0.7586 0.4991 -0.4187
vn 0.7648 0.3566 -0.5366
vn 0.9850 -0.0068 0.1722
vn 0.9952 0.0005 0.0976
vn -0.0026 -0.5000 -0.8660
vn -0.0026 -0.7071 -0.7071
vn -0.4069 -0.6455 -0.6463
vn -0.4069 -0.4572 -0.7908
vn -0.3965 -0.0000 -0.9180
vn -0.3965 0.2376 -0.8868
vn -0.0026 -0.8660 -0.5000
vn -0.4571 -0.7703 -0.4445
vn -0.0026 -0.0000 -1.0000
vn -0.0026 -0.2588 -0.9659
vn -0.4571 -0.2300 -0.8592
vn -0.4571 -0.0002 -0.8894
vn -0.0026 0.9659 0.2588
vn -0.0026 1.0000 -0.0000
vn -0.4069 0.9135 0.0006
vn -0.4069 0.8825 0.2358
vn -0.0026 0.8660 -0.5000
vn -0.0026 0.7071 -0.7071
vn -0.4793 0.6206 -0.6206
vn -0.4793 0.7601 -0.4388
vn -0.9954 -0.0005 0.0958
vn -0.9808 -0.0000 0.1951
vn -0.9953 -0.0004 0.0970
vn -0.0026 0.9659 -0.2588
vn -0.4571 0.8591 -0.2304
vn -0.0001 -0.7935 -0.6086
vn -0.2188 -0.7787 -0.5880
vn -0.1955 -0.6980 -0.6889
vn -0.0001 -0.7073 -0.7069
vn -0.0026 0.5000 0.8660
vn -0.0026 0.7071 0.7071
vn -0.4571 0.6290 0.6288
vn -0.4389 0.4493 0.7782
vn -0.0026 0.8660 0.5000
vn -0.4571 0.7702 0.4449
vn -0.4389 0.2326 -0.8679
vn -0.0026 0.2588 -0.9659
vn -0.4768 -0.8490 0.2275
vn -0.4765 -0.8792 -0.0003
vn -0.0007 -1.0000 -0.0012
vn 0.6878 -0.7259 -0.0000
vn 0.6765 -0.7169 0.1683
vn -0.0000 -0.9735 0.2286
vn -0.6789 0.7092 -0.1899
vn -0.6789 0.7343 -0.0000
vn -0.0026 0.5000 -0.8660
vn -0.4571 0.4449 -0.7701
vn -0.0020 -0.9656 -0.2600
vn -0.4796 -0.8475 -0.2273
vn -0.0020 0.2600 0.9656
vn -0.4574 0.2302 0.8589
vn -0.0002 -0.6090 -0.7932
vn -0.1764 -0.6031 -0.7779
vn -0.1618 -0.4970 -0.8526
vn 0.0049 -0.4959 -0.8684
vn -0.3965 -0.2376 0.8868
vn -0.3965 -0.4590 0.7950
vn -0.9356 -0.1765 0.3057
vn -0.9366 0.2478 -0.2478
vn -0.9366 0.1752 -0.3035
vn -0.3965 0.4590 -0.7950
vn -0.3965 0.6491 -0.6492
vn -0.3965 0.7950 -0.4590
vn -0.9359 0.3403 0.0914
vn -0.9363 0.3511 0.0002
vn -0.3965 0.9180 -0.0000
vn -0.3965 0.8868 0.2376
vn -0.9356 -0.1765 -0.3057
vn -0.9356 -0.2496 -0.2496
vn -0.3965 -0.6491 -0.6491
vn -0.3965 -0.4590 -0.7950
vn -0.3965 0.4590 0.7950
vn -0.3965 0.2376 0.8868
vn -0.9356 0.0914 0.3409
vn -0.9356 -0.3057 -0.1765
vn -0.9356 -0.3409 -0.0913
vn -0.3965 -0.8868 -0.2376
vn -0.3965 -0.7950 -0.4590
vn -0.3965 0.8868 -0.2376
vn -0.9356 0.3057 0.1765
vn -0.3965 0.7950 0.4590
vn -0.3965 0.6491 0.6492
vn -0.3965 -0.0000 0.9180
vn -0.9356 -0.3529 -0.0000
vn -0.9356 -0.3409 0.0913
vn -0.3965 -0.8868 0.2376
vn -0.3965 -0.9180 -0.0000
vn -0.3965 -0.7950 0.4590
vn -0.9366 0.0907 -0.3386
vn -0.3965 -0.2376 -0.8868
vn -0.3965 -0.6491 0.6491
vn -0.1935 0.6937 -0.6937
vn 0.1935 0.6937 -0.6937
vn 0.1935 0.4905 -0.8497
vn -0.1935 0.4905 -0.8497
vn -0.8819 -0.0000 -0.4714
vn -0.9239 -0.0000 -0.3827
vn 0.8819 -0.0000 -0.4714
vn 0.9239 -0.0000 -0.3827
vn -0.1935 0.4905 0.8497
vn 0.1935 0.4905 0.8497
vn 0.1935 0.6937 0.6937
vn -0.1935 0.6937 0.6937
vn -0.1764 -0.6031 0.7779
vn -0.1955 -0.6980 0.6889
vn -0.0001 -0.7073 0.7069
vn -0.0002 -0.6090 0.7932
vn -0.2188 -0.7787 0.5880
vn -0.2264 -0.8430 0.4879
vn -0.0000 -0.8661 0.4998
vn -0.0001 -0.7935 0.6086
vn -0.9779 -0.0000 -0.2090
vn -0.1935 0.9477 0.2539
vn 0.1935 0.9477 0.2539
vn 0.1935 0.9811 -0.0000
vn -0.1935 0.9811 -0.0000
vn -0.1935 -0.4905 -0.8497
vn 0.1935 -0.4905 -0.8497
vn 0.1935 -0.6937 -0.6937
vn -0.1935 -0.6937 -0.6937
vn 0.1935 0.2539 -0.9477
vn -0.1935 0.2539 -0.9477
vn 0.1935 0.2539 0.9477
vn -0.1935 0.2539 0.9477
vn 0.1935 0.8497 0.4905
vn -0.1935 0.8497 0.4905
vn 0.1935 -0.4905 0.8497
vn -0.1935 -0.4905 0.8497
vn -0.1935 -0.2539 -0.9477
vn 0.1935 -0.2539 -0.9477
vn 0.1935 -0.8497 -0.4905
vn -0.1935 -0.8497 -0.4905
vn -0.1935 -0.0000 -0.9811
vn 0.1935 -0.0000 -0.9811
vn 0.1935 0.9477 -0.2539
vn -0.1935 0.9477 -0.2539
vn 0.1935 -0.9477 -0.2539
vn -0.1935 -0.9477 -0.2539
vn 0.1951 -0.0000 0.9808
vn -0.1935 -0.9811 -0.0000
vn 0.1935 -0.9811 -0.0000
vn 0.1935 -0.9477 0.2539
vn -0.1935 -0.9477 0.2539
vn -0.4768 -0.7612 0.4395
vn 0.1935 0.8497 -0.4905
vn -0.1935 0.8497 -0.4905
vn -0.4079 -0.8819 -0.2364
vn -0.6789 -0.6358 -0.3671
vn -0.4081 -0.7906 -0.4565
vn -0.9779 0.1810 0.1045
vn -0.9779 0.2019 0.0541
vn 0.9779 -0.2019 -0.0541
vn 0.9779 -0.1810 -0.1045
vn -1.0000 -0.0034 0.0034
vn -1.0000 -0.0024 0.0042
vn 0.9779 -0.0000 0.2090
vn 0.9779 -0.0541 0.2019
vn 0.9779 -0.0000 -0.2090
vn 0.9779 0.0541 -0.2019
vn -0.9779 -0.2019 0.0541
vn -0.9779 -0.1810 0.1045
vn -0.9516 0.1542 -0.2659
vn -0.9779 0.2090 -0.0000
vn -0.9399 0.1708 0.2958
vn -0.9515 0.0779 0.2977
vn -0.9779 0.1478 0.1478
vn 0.9779 0.2090 -0.0000
vn 0.9779 0.2019 0.0541
vn -0.9503 -0.0800 0.3007
vn -1.0000 -0.0013 0.0047
vn -0.9385 -0.1727 0.2991
vn -0.9575 -0.2785 0.0746
vn -0.9575 -0.2497 0.1442
vn -0.9779 -0.2019 -0.0541
vn -0.9779 -0.2090 -0.0000
vn -0.9275 0.3739 0.0002
vn -0.9516 0.2968 -0.0801
vn -0.9275 -0.1871 -0.3237
vn -0.9275 -0.2643 -0.2645
vn -0.6937 -0.6238 0.3601
vn -0.6937 -0.6957 0.1864
vn -0.6937 0.5093 0.5093
vn -0.6937 0.3601 0.6238
vn 0.9779 0.1810 -0.1045
vn 0.9779 0.1478 -0.1478
vn 0.6937 0.5093 -0.5093
vn 0.6937 0.6238 -0.3601
vn 0.6937 -0.6957 0.1864
vn 0.6937 -0.7203 -0.0000
vn -0.6937 -0.0000 -0.7203
vn -0.6937 0.1864 -0.6957
vn -0.6937 -0.0000 0.7203
vn -0.6937 -0.1864 0.6957
vn 0.9779 -0.2090 -0.0000
vn 0.6937 -0.6957 -0.1864
vn -0.6937 -0.7203 -0.0000
vn -0.6937 -0.5093 -0.5093
vn -0.6937 -0.3601 -0.6238
vn 0.9779 -0.1045 0.1810
vn 0.6937 -0.3601 0.6238
vn 0.6937 -0.5093 0.5093
vn 0.9779 -0.1478 0.1478
vn -0.6937 -0.1864 -0.6957
vn -0.6937 0.3601 -0.6238
vn 0.6937 0.6238 0.3601
vn 0.6937 0.5093 0.5093
vn -0.6937 0.6238 -0.3601
vn -0.6937 0.6957 -0.1864
vn -0.6937 0.7203 -0.0000
vn -0.6937 0.6957 0.1864
vn -0.6937 0.6238 0.3601
vn -0.9779 0.1810 -0.1045
vn -0.9779 0.2019 -0.0541
vn -0.6937 -0.6238 -0.3601
vn 0.9779 0.1045 0.1810
vn 0.6937 0.3601 0.6238
vn 0.6937 -0.1864 -0.6957
vn 0.6937 -0.0000 -0.7203
vn -0.6937 0.5093 -0.5093
vn -0.9779 0.1478 -0.1478
vn 0.2428 0.9239 -0.2958
vn 0.2231 0.9158 -0.3339
vn -0.9779 -0.1478 -0.1478
vn -0.9779 -0.1045 -0.1810
vn -0.6937 -0.6957 -0.1864
vn -0.6937 0.1864 0.6957
vn 0.6937 -0.1864 0.6957
vn 0.6937 -0.0000 0.7203
vn 0.6937 0.1864 -0.6957
vn 0.6937 0.3601 -0.6238
vn 0.9779 0.1045 -0.1810
vn -0.6937 -0.3601 0.6238
vn -0.6937 -0.5093 0.5093
vn -0.9779 -0.1478 0.1478
vn -0.9779 -0.1810 -0.1045
vn -0.9779 -0.0541 -0.2019
vn -0.2428 0.9239 0.2958
vn -0.2231 0.9158 0.3339
vn 0.6937 0.7203 -0.0000
vn 0.6937 0.6957 0.1864
vn 0.6937 -0.6238 0.3601
vn 0.6937 -0.6238 -0.3601
vn 0.6937 0.6957 -0.1864
vn 0.9779 0.2019 -0.0541
vn -0.0761 -0.7266 -0.6829
vn -0.0563 -0.2673 -0.9620
vn -0.1503 -0.3442 -0.9268
vn -0.1527 -0.7152 -0.6820
vn 0.6937 -0.5093 -0.5093
vn 0.6937 -0.3601 -0.6238
vn 0.9779 -0.1478 -0.1478
vn 0.9779 -0.1810 0.1045
vn 0.9779 -0.2019 0.0541
vn 0.6937 0.1864 0.6957
vn 0.9779 -0.0541 -0.2019
vn 0.9779 -0.1045 -0.1810
vn 0.9779 0.0541 0.2019
vn -0.2236 -0.9002 0.3737
vn -0.7432 -0.5796 0.3342
vn -0.7397 -0.6218 0.2572
vn -0.7686 -0.1858 0.6122
vn -0.7699 -0.0000 0.6382
vn -0.7649 -0.3565 0.5365
vn -0.7649 -0.3566 -0.5365
vn -0.7586 -0.4992 -0.4187
vn -0.0000 -0.7072 -0.7071
vn -0.0000 0.8660 -0.5001
vn -0.7509 0.6033 -0.2688
vn -0.7587 0.4991 -0.4187
vn -0.0000 0.7071 -0.7072
vn -0.9846 -0.1617 0.0662
vn -0.9843 -0.1707 0.0452
vn -0.7369 -0.6530 0.1748
vn -0.7519 -0.6514 -0.1017
vn -0.7746 -0.6324 -0.0000
vn -0.0000 -0.9659 -0.2589
vn -0.0000 0.9660 0.2587
vn -0.7520 0.6513 0.1015
vn -0.7745 0.6325 -0.0000
vn -0.7509 0.6033 0.2688
vn -0.7509 -0.6033 0.2688
vn -0.7586 -0.4992 0.4187
vn -0.0000 -0.7072 0.7071
vn -0.0000 0.7071 0.7072
vn -0.7648 0.3565 0.5366
vn -0.7587 0.4991 0.4187
vn -0.7686 0.1858 0.6121
vn 0.7686 -0.1858 -0.6122
vn 0.7699 -0.0000 -0.6382
vn 0.9186 0.3952 -0.0000
vn 0.9186 0.3817 0.1022
vn 0.7268 0.4856 -0.4857
vn 0.9184 0.2797 -0.2798
vn 0.9184 0.1978 -0.3427
vn 0.7267 0.3434 -0.5949
vn -0.7271 0.4854 0.4855
vn -0.7270 0.3433 0.5946
vn -0.3845 0.4615 0.7995
vn -0.3845 0.6527 0.6528
vn -0.4085 0.8817 0.2362
vn -0.4084 0.7906 0.4563
vn -0.7269 0.5947 0.3433
vn -0.7270 0.6633 0.1776
vn 0.7269 -0.3435 -0.5947
vn 0.9185 -0.1977 -0.3425
vn 0.9185 -0.2797 -0.2796
vn 0.7269 -0.4857 -0.4856
vn -0.4081 -0.0000 0.9129
vn -0.4082 -0.2363 0.8818
vn -0.7268 -0.1777 0.6634
vn -0.7268 -0.0000 0.6868
vn -0.7268 0.3434 0.5949
vn -0.4080 0.4564 0.7907
vn -0.4081 0.2363 0.8818
vn -0.7268 0.1777 0.6634
vn -0.4079 -0.8819 0.2364
vn -0.4077 -0.9131 -0.0000
vn -0.7266 -0.6871 -0.0000
vn -0.7267 -0.6636 0.1778
vn -0.7273 0.6863 -0.0000
vn -0.7273 0.6629 0.1776
vn -0.3848 0.8916 0.2388
vn -0.3849 0.9230 -0.0000
vn -0.7269 -0.4857 0.4856
vn -0.4083 -0.6455 0.6455
vn -0.4081 -0.7906 0.4565
vn -0.7268 -0.5948 0.3434
vn 0.7268 0.3434 0.5949
vn 0.7268 0.1777 0.6634
vn 0.9184 0.1024 0.3821
vn 0.9184 0.1978 0.3427
vn 0.9184 -0.0000 -0.3956
vn 0.9184 -0.1024 -0.3821
vn 0.7268 -0.1777 -0.6634
vn 0.7268 -0.0000 -0.6868
vn -0.4082 -0.4564 0.7906
vn -0.7269 -0.3435 0.5947
vn 0.9183 -0.3824 -0.1024
vn 0.9185 -0.3425 -0.1978
vn 0.9184 0.1024 -0.3822
vn 0.9183 -0.3824 0.1024
vn 0.9182 -0.3960 -0.0000
vn 0.9185 -0.3425 0.1978
vn 0.9184 -0.0000 0.3956
vn 0.9185 -0.2797 0.2796
vn -0.0434 -0.8222 0.5675
vn -0.0317 -0.8124 0.5822
vn -0.0519 -0.2863 0.9567
vn -0.0773 -0.3040 0.9495
vn 0.1820 -0.6834 0.7070
vn 0.3120 -0.9297 0.1957
vn 0.2818 -0.9486 0.1441
vn 0.1748 -0.7407 0.6487
vn 0.0136 -0.9996 0.0254
vn 0.0579 -0.9979 0.0292
vn -0.0862 -0.9845 -0.1528
vn -0.1132 -0.9827 -0.1465
vn -0.1927 -0.2575 0.9469
vn -0.0275 -0.2757 0.9608
vn -0.1142 -0.1861 0.9759
vn -0.2698 -0.1760 0.9467
vn 0.0023 -0.9939 -0.1103
vn -0.0605 -0.9842 -0.1664
vn -0.0579 -0.9979 -0.0292
vn -0.0136 -0.9996 -0.0254
vn 0.0791 -0.9969 -0.0000
vn 0.0369 -0.9880 -0.1502
vn 0.0664 -0.9855 -0.1563
vn -1.0000 -0.0004 -0.0000
vn -0.9952 -0.0002 0.0977
vn -0.9952 -0.0000 0.0980
vn 0.9952 -0.0000 0.0980
vn 0.8819 -0.0000 0.4714
vn 0.9239 -0.0000 0.3827
vn -0.9782 -0.0317 0.2052
vn -0.9253 -0.0999 0.3658
vn -0.9179 -0.0665 0.3911
vn -0.9536 -0.0913 0.2870
vn -0.1887 -0.0190 0.9818
vn -0.1690 -0.0708 0.9831
vn -0.0824 -0.1201 0.9893
vn -0.0919 -0.0503 0.9945
vn 0.1618 -0.4970 -0.8526
vn -0.0049 -0.4959 -0.8684
vn -0.0258 -0.4329 -0.9011
vn 0.1555 -0.4373 -0.8858
vn 0.0073 -0.9918 -0.1274
vn -0.0079 -0.9917 -0.1281
vn -0.0159 -0.9999 -0.0000
vn 0.0157 -0.9999 -0.0000
vn 0.7097 -0.0606 0.7018
vn 0.7730 -0.0000 0.6344
vn 0.7677 0.0005 0.6408
vn 0.6880 -0.1612 0.7076
vn -0.7769 -0.2453 -0.5799
vn -0.7870 -0.2452 -0.5662
vn -0.8146 -0.2899 -0.5024
vn -0.8096 -0.2844 -0.5134
vn -0.4588 -0.6095 0.6465
vn -0.0401 -0.5056 0.8618
vn 0.1360 -0.7545 0.6421
vn -0.0748 -0.8364 0.5431
vn -0.1360 -0.7545 -0.6421
vn -0.3944 -0.6739 -0.6248
vn -0.0346 -0.9152 -0.4016
vn 0.0748 -0.8364 -0.5431
vn 0.8325 -0.3442 0.4341
vn 0.8441 -0.3935 0.3643
vn 0.8421 -0.3970 0.3651
vn 0.8244 -0.3449 0.4487
vn -0.8302 -0.0018 -0.5574
vn -0.7730 -0.0000 -0.6344
vn -0.7416 -0.0288 -0.6702
vn 0.1927 -0.2575 0.9469
vn 0.2698 -0.1760 0.9467
vn 0.1142 -0.1861 0.9759
vn 0.0275 -0.2757 0.9608
vn -0.8644 -0.4715 -0.1747
vn -0.8723 -0.4801 -0.0925
vn -0.8617 -0.4929 -0.1204
vn -0.8600 -0.4477 -0.2450
vn -0.1048 -0.0000 0.9945
vn 0.1378 -0.0003 0.9905
vn 0.1306 -0.1417 0.9812
vn -0.1220 -0.1095 0.9865
vn -0.8084 -0.5398 -0.2348
vn -0.5784 -0.7426 -0.3378
vn -0.2028 -0.8354 -0.5108
vn -0.2441 -0.6889 -0.6825
vn -0.3543 -0.3701 -0.8588
vn -0.3980 -0.3781 -0.8358
vn -0.4202 -0.2117 -0.8824
vn -0.3709 -0.2091 -0.9048
vn 0.0620 -0.9834 0.1706
vn 0.0726 -0.9826 0.1711
vn -0.0980 -0.0000 -0.9952
vn -0.2903 -0.0000 0.9569
vn -0.2811 -0.0185 0.9595
vn -0.1951 -0.0000 0.9808
vn -0.9694 -0.1178 -0.2151
vn -0.9703 -0.1071 -0.2170
vn -0.0664 -0.9855 -0.1563
vn -0.0369 -0.9880 -0.1501
vn -0.9569 -0.0000 0.2903
vn -0.9569 -0.0000 -0.2903
vn -0.9808 -0.0000 -0.1951
vn 0.3845 -0.7994 0.4616
vn 0.3845 -0.6528 0.6527
vn 0.1477 -0.2299 0.9619
vn 0.6077 -0.1803 0.7734
vn 0.6066 -0.0000 0.7950
vn 0.1379 -0.0000 0.9905
vn -0.6730 -0.0000 0.7397
vn -0.7731 -0.0000 0.6343
vn -0.6729 -0.0000 0.7397
vn 0.4577 -0.1130 -0.8819
vn 0.2841 -0.1716 -0.9433
vn 0.3944 -0.0836 -0.9151
vn -0.5724 -0.2407 -0.7839
vn -0.6045 -0.1866 -0.7744
vn -0.6354 -0.0112 -0.7721
vn -0.6033 -0.0962 -0.7917
vn -0.7520 -0.6556 0.0683
vn -0.6965 -0.7019 -0.1489
vn -0.8644 -0.4925 -0.1015
vn -0.4594 -0.8861 0.0616
vn -0.4339 -0.9010 -0.0000
vn -0.5076 -0.8441 -0.1724
vn -0.8084 -0.5398 0.2348
vn -0.9998 -0.0181 -0.0067
vn -0.2441 -0.6889 0.6826
vn -0.1742 -0.9090 -0.3787
vn -0.0878 -0.9760 -0.1995
vn -0.0000 -0.9735 -0.2286
vn -0.0000 -0.8912 -0.4535
vn 0.2433 -0.7517 -0.6130
vn 0.3254 -0.7388 -0.5901
vn 0.0862 -0.9845 -0.1528
vn -0.9536 -0.0913 -0.2870
vn -0.0589 -0.8253 0.5616
vn -0.1742 -0.9090 0.3787
vn -0.2028 -0.8354 0.5108
vn 0.2464 -0.1605 -0.9558
vn 0.3103 -0.0907 -0.9463
vn -0.3831 -0.9056 0.1821
vn -0.3570 -0.9130 0.1973
vn -0.3717 -0.9283 -0.0000
vn -0.3842 -0.9232 -0.0000
vn -0.1381 -0.9904 -0.0069
vn -0.6788 -0.7287 -0.0908
vn -0.3876 -0.9152 -0.1103
vn 0.0563 -0.2673 0.9620
vn 0.0158 -0.1980 0.9801
vn 0.0773 -0.3040 0.9495
vn 0.1503 -0.3441 0.9268
vn 0.3813 -0.9064 -0.1815
vn 0.3542 -0.9352 -0.0000
vn 0.3552 -0.9348 -0.0000
vn 0.4083 -0.8957 -0.1763
vn 0.0761 -0.7266 0.6829
vn 0.0004 -0.7792 0.6268
vn -0.1571 -0.9876 0.0002
vn -0.1689 -0.9847 0.0427
vn 0.0070 -0.9919 0.1270
vn -0.0083 -0.9901 0.1403
vn -0.3120 -0.9297 0.1957
vn -0.2818 -0.9486 0.1441
vn -0.2995 -0.9541 -0.0000
vn -0.3326 -0.9431 -0.0000
vn -0.0070 -0.9919 0.1270
vn -0.0104 -0.9916 0.1291
vn -0.0023 -0.9939 -0.1103
vn 0.0136 -0.9996 -0.0254
vn 0.0579 -0.9979 -0.0292
vn 0.0605 -0.9842 -0.1664
vn -0.3542 -0.9352 -0.0000
vn -0.3813 -0.9064 0.1815
vn 0.0153 -0.1773 0.9840
vn 0.4714 -0.0000 -0.8819
vn 0.3655 -0.0232 -0.9305
vn 0.3827 -0.0000 -0.9239
vn 0.6305 -0.0089 -0.7762
vn 0.6033 -0.0962 -0.7917
vn 0.5605 -0.0055 -0.8281
vn 0.5097 -0.1518 -0.8469
vn 0.0181 -0.9833 0.1814
vn -0.0000 -0.9827 0.1852
vn -0.0313 -0.9830 0.1807
vn -0.0181 -0.9833 0.1814
vn 0.7778 -0.1909 -0.5989
vn 0.5895 -0.2141 -0.7789
vn 0.6644 -0.1238 -0.7371
vn 0.8453 -0.0961 -0.5255
vn 0.0346 -0.9152 -0.4016
vn -0.0743 -0.9963 -0.0437
vn 0.0844 -0.9662 -0.2437
vn 0.3120 -0.9297 -0.1957
vn 0.3570 -0.9130 -0.1973
vn 0.2236 -0.6579 -0.7192
vn 0.1820 -0.6833 -0.7070
vn 0.9158 -0.4014 0.0109
vn 0.8288 -0.5187 0.2101
vn 0.9606 -0.1224 0.2496
vn 0.9953 -0.0967 -0.0034
vn 0.0566 -0.9823 0.1787
vn 0.0415 -0.9832 0.1778
vn 0.0313 -0.9830 0.1807
vn -0.4541 -0.5081 -0.7319
vn -0.6563 -0.2349 -0.7170
vn 0.8837 -0.4681 -0.0004
vn 0.9406 -0.2144 0.2634
vn 0.9536 -0.0913 0.2870
vn 0.8084 -0.5398 -0.2348
vn 0.9998 -0.0181 -0.0067
vn 1.0000 -0.0010 0.0001
vn 0.9634 -0.0021 -0.2682
vn 1.0000 -0.0014 0.0028
vn -0.0019 -1.0000 -0.0001
vn 0.0878 -0.9760 -0.1995
vn 0.0801 -0.9968 -0.0000
vn 0.7769 -0.2453 -0.5799
vn 0.8059 -0.1104 -0.5816
vn 0.8532 -0.1427 -0.5016
vn 0.8096 -0.2844 -0.5134
vn -0.9846 -0.1617 -0.0662
vn -0.9843 -0.1707 -0.0452
vn 0.9840 -0.1780 -0.0000
vn 0.9841 -0.1762 -0.0229
vn 0.9823 -0.1445 -0.1188
vn 0.9780 -0.1428 -0.1520
vn 0.9843 -0.1707 0.0452
vn 0.9841 -0.1762 0.0229
vn -0.9780 -0.1428 -0.1520
vn -0.9737 -0.1339 -0.1845
vn 0.9850 -0.1498 -0.0854
vn 0.9846 -0.1617 -0.0662
vn 0.8723 -0.4801 0.0925
vn 0.8777 -0.4791 -0.0000
vn 0.8579 -0.5138 -0.0000
vn 0.8617 -0.4929 0.1204
vn 0.9569 -0.0000 -0.2903
vn 0.8315 -0.0000 -0.5556
vn 0.7043 -0.0023 -0.7099
vn 0.7071 -0.0000 -0.7071
vn -0.9577 -0.0041 0.2877
vn -0.9589 0.0055 0.2837
vn -0.9239 -0.0000 0.3827
vn 0.8207 -0.0067 0.5714
vn 0.8302 -0.0018 0.5574
vn -0.1808 0.3756 -0.9090
vn -0.1951 -0.0000 -0.9808
vn -0.2903 -0.0000 -0.9569
vn -0.2682 0.3827 -0.8841
vn 0.7870 -0.2452 -0.5662
vn 0.7273 -0.2180 -0.6508
vn 0.9954 0.0092 0.0954
vn 0.9997 0.0246 -0.0000
vn 0.9997 -0.0244 -0.0000
vn 0.9955 -0.0115 0.0936
vn -0.0079 -0.9917 0.1281
vn 0.0001 -0.9660 0.2587
vn -0.0012 -0.9663 0.2574
vn 0.0074 -0.9918 0.1274
vn -0.0009 -0.9250 -0.3799
vn 0.0001 -0.9240 -0.3825
vn 0.0001 -0.9660 -0.2587
vn -0.0012 -0.9663 -0.2574
vn -0.0003 -0.8679 -0.4967
vn -0.0000 -0.8661 -0.4998
vn -0.0006 -0.7960 -0.6052
vn 0.0001 -0.7935 -0.6086
vn -0.6729 -0.0000 -0.7397
vn -0.7731 -0.0000 -0.6343
vn 0.1562 -0.1212 -0.9803
vn 0.1557 -0.1464 -0.9769
vn 0.0890 -0.1413 -0.9860
vn 0.0824 -0.1199 -0.9894
vn -0.6789 -0.3671 0.6358
vn -0.6789 -0.1901 0.7092
vn -1.0000 -0.0010 0.0001
vn -0.9634 -0.0021 -0.2682
vn -0.9633 -0.0010 -0.2685
vn -0.9589 0.0055 -0.2837
vn -0.9176 -0.2091 -0.3381
vn -0.9446 -0.2328 -0.2316
vn -0.9821 0.0022 -0.1882
vn -0.9587 -0.2582 -0.1196
vn -0.9661 -0.2583 -0.0000
vn -0.9997 0.0246 -0.0000
vn -0.9954 0.0092 -0.0954
vn 0.8723 -0.4801 -0.0925
vn 0.4946 -0.8604 -0.1230
vn 0.4982 -0.8304 -0.2494
vn 0.8644 -0.4715 -0.1747
vn 0.8913 -0.1736 0.4188
vn 0.9176 -0.2091 0.3381
vn 0.9589 0.0055 0.2837
vn -0.9952 0.0005 -0.0976
vn -0.9952 0.0004 -0.0976
vn 0.7649 -0.3566 -0.5365
vn 0.7586 -0.4992 -0.4187
vn 0.9888 0.0054 0.1490
vn 0.9855 0.0211 0.1686
vn -0.9785 -0.0023 0.2061
vn -0.7699 -0.0000 -0.6382
vn -0.7686 0.1858 -0.6121
vn -0.9787 -0.0312 0.2029
vn -0.9785 -0.0023 -0.2061
vn -0.9800 0.0190 -0.1983
vn -0.9850 -0.0068 -0.1722
vn -0.9855 0.0211 -0.1686
vn -0.9997 0.0256 -0.0000
vn -0.9955 0.0122 0.0938
vn -0.7519 -0.6514 0.1017
vn -0.9955 0.0122 -0.0938
vn -0.9910 -0.0098 -0.1335
vn -0.9955 -0.0115 -0.0936
vn -0.9594 0.0065 -0.2820
vn -0.9614 -0.0036 -0.2750
vn -0.9997 -0.0244 -0.0000
vn -0.9955 -0.0115 0.0936
vn -0.7520 0.6513 -0.1015
vn -0.3892 -0.6395 0.6630
vn -0.4083 -0.8957 0.1763
vn -0.4853 -0.6109 0.6255
vn 0.1377 -0.0002 0.9905
vn -0.9584 -0.0532 -0.2805
vn -0.4143 -0.9003 0.1335
vn -0.0743 -0.9963 0.0437
vn -0.1381 -0.9904 0.0069
vn -0.5738 -0.8188 0.0191
vn -0.3484 -0.2358 -0.9072
vn -0.4175 -0.1657 -0.8935
vn -0.2698 -0.1760 -0.9467
vn -0.1927 -0.2575 -0.9469
vn -0.0158 -0.1979 -0.9801
vn 0.0153 -0.1772 -0.9840
vn -0.0519 -0.2863 -0.9567
vn -0.0773 -0.3040 -0.9495
vn 0.9633 -0.0000 0.2685
vn 0.9998 -0.0181 0.0067
vn 1.0000 -0.0010 -0.0001
vn 0.2236 -0.6579 0.7191
vn -0.0158 -0.1980 0.9801
vn 0.3484 -0.2358 -0.9072
vn 0.1927 -0.2575 -0.9469
vn 0.2698 -0.1760 -0.9467
vn 0.4175 -0.1657 -0.8935
vn 0.0878 -0.9760 0.1995
vn -0.5738 -0.8188 -0.0191
vn -0.8657 -0.4955 -0.0714
vn 0.0104 -0.9916 -0.1291
vn 0.0069 -0.9956 -0.0930
vn -0.0023 -0.9939 0.1102
vn 0.1087 -0.9791 -0.1721
vn 0.1179 -0.9790 -0.1666
vn 0.3980 -0.3781 0.8358
vn 0.4893 -0.3133 0.8139
vn 0.5097 -0.1518 0.8469
vn 0.4202 -0.2118 0.8824
vn -0.8819 -0.0000 0.4714
vn -0.8315 -0.0000 0.5556
vn 0.4680 -0.2214 -0.8555
vn 0.5314 -0.1442 -0.8348
vn -0.9633 -0.0000 -0.2685
vn 0.7778 -0.1909 0.5989
vn 0.8453 -0.0961 0.5256
vn 0.6644 -0.1238 0.7371
vn 0.5895 -0.2141 0.7789
vn 0.8207 -0.0067 -0.5714
vn 0.4477 -0.3015 -0.8418
vn 0.5974 -0.1348 -0.7905
vn -0.9998 -0.0181 0.0067
vn -1.0000 -0.0010 -0.0001
vn -0.9634 -0.0021 0.2682
vn -1.0000 -0.0014 -0.0028
vn -0.8532 -0.1428 -0.5016
vn -0.8913 -0.1736 -0.4188
vn 0.9594 0.0065 0.2820
vn 0.9614 -0.0036 0.2750
vn 0.9569 -0.0000 0.2903
vn 0.9614 -0.0036 -0.2750
vn 0.9808 -0.0000 -0.1951
vn 0.9818 -0.0116 -0.1896
vn 0.9955 -0.0000 0.0943
vn 0.9818 -0.0116 0.1896
vn 0.9910 -0.0098 0.1335
vn 0.9955 0.0122 0.0938
vn -1.0000 0.0001 -0.0000
vn -0.9955 -0.0000 -0.0943
vn 0.9953 -0.0004 0.0970
vn 0.9952 -0.0002 0.0977
vn 0.9808 -0.0000 0.1951
vn 0.9855 0.0211 -0.1686
vn 0.9594 0.0065 -0.2820
vn 0.9888 0.0054 -0.1490
vn -0.9577 -0.0041 -0.2877
vn -0.8997 -0.2933 -0.3232
vn -0.8453 -0.0961 -0.5255
vn -0.9179 -0.0665 -0.3911
vn -0.9406 -0.2144 -0.2633
vn 0.9787 -0.0312 -0.2029
vn 0.9577 -0.0041 -0.2877
vn 0.9785 -0.0023 -0.2061
vn 0.9821 0.0022 -0.1882
vn 0.9952 0.0004 -0.0976
vn 0.9954 0.0092 -0.0954
vn 0.9850 -0.0068 -0.1722
vn 0.9952 0.0005 -0.0976
vn 0.8315 -0.0000 0.5556
vn 0.7043 -0.0023 0.7099
vn -0.0919 -0.0502 -0.9945
vn -0.0000 -0.0685 -0.9977
vn -0.0000 -0.1392 -0.9903
vn -0.0824 -0.1199 -0.9894
vn 0.0774 -0.2216 0.9721
vn 0.1048 -0.0000 0.9945
vn -0.1379 -0.0000 0.9905
vn -0.1477 -0.2299 0.9619
vn 0.0001 -0.7073 0.7069
vn 0.0002 -0.6090 0.7932
vn -0.0015 -0.6136 0.7896
vn -0.0007 -0.7106 0.7036
vn 0.2811 -0.0185 -0.9595
vn 0.1690 -0.0707 -0.9831
vn 0.1887 -0.0189 -0.9819
vn 0.0919 -0.0502 -0.9945
vn 0.0980 -0.0000 -0.9952
vn 0.2524 -0.0689 -0.9652
vn -0.0000 -0.0687 0.9976
vn 0.0919 -0.0503 0.9945
vn -0.0778 -0.9835 0.1634
vn 0.0019 -1.0000 0.0001
vn -0.0726 -0.9826 0.1711
vn 0.7509 -0.6033 -0.2688
vn -0.2265 -0.1540 -0.9618
vn -0.2926 -0.1641 -0.9420
vn -0.2841 -0.1716 -0.9433
vn -0.2464 -0.1605 -0.9558
vn -0.2725 -0.7735 0.5722
vn -0.3740 -0.7044 0.6033
vn -0.1087 -0.9791 0.1721
vn 0.2725 -0.7735 0.5722
vn 0.3740 -0.7044 0.6033
vn 0.2184 -0.7667 0.6037
vn 0.1929 -0.7573 0.6239
vn -0.3160 -0.3527 -0.8808
vn -0.2749 -0.3365 -0.9007
vn -0.1929 -0.7573 -0.6240
vn -0.2184 -0.7667 -0.6037
vn 0.1459 -0.7603 0.6330
vn 0.1091 -0.7583 0.6427
vn -0.8723 -0.4801 0.0925
vn -0.8777 -0.4791 -0.0000
vn -0.5012 -0.8653 -0.0000
vn -0.4946 -0.8604 0.1230
vn 0.4825 -0.2375 0.8431
vn 0.4236 -0.0680 0.9033
vn 0.6924 -0.0233 0.7211
vn 0.0015 -0.6136 -0.7896
vn 0.0007 -0.7106 -0.7036
vn 0.7677 0.0005 -0.6408
vn -0.4131 -0.6666 -0.6204
vn -0.0844 -0.9662 -0.2437
vn -0.3944 -0.6739 0.6247
vn -0.6563 -0.2349 0.7170
vn -0.4541 -0.5081 0.7319
vn -0.1360 -0.7545 0.6421
vn 0.4541 -0.5081 -0.7319
vn 0.6563 -0.2349 -0.7170
vn 0.6880 -0.1612 -0.7076
vn -0.0563 -0.2673 0.9620
vn -0.9503 -0.2205 0.2196
vn 0.7730 -0.0000 -0.6344
vn 0.7731 -0.0000 -0.6343
vn -0.6721 -0.4503 0.5878
vn -0.7002 -0.5035 0.5062
vn -0.6721 -0.4503 -0.5878
vn 0.7346 -0.6785 -0.0000
vn 0.7352 -0.6721 -0.0884
vn 0.2040 -0.9790 -0.0000
vn 0.2121 -0.9690 -0.1270
vn 0.2213 -0.9418 -0.2530
vn 0.7369 -0.6530 -0.1748
vn -0.2213 -0.9418 0.2530
vn 0.9843 -0.1707 -0.0452
vn 0.7397 -0.6219 -0.2572
vn 0.9850 -0.1498 0.0854
vn 0.7432 -0.5796 0.3342
vn 0.7397 -0.6218 0.2572
vn 0.9846 -0.1617 0.0662
vn -0.9821 0.0022 0.1882
vn -0.9446 -0.2328 0.2316
vn -0.9176 -0.2091 0.3381
vn 0.0635 -0.7588 0.6482
vn -0.0000 -0.7555 0.6551
vn 0.0913 -0.3245 0.9415
vn -0.0000 -0.3222 0.9467
vn 0.6858 -0.6486 -0.3301
vn 0.7156 -0.5821 -0.3861
vn 0.7307 -0.5395 -0.4184
vn 0.7432 -0.5796 -0.3342
vn 0.9703 -0.1071 -0.2170
vn 0.6419 -0.3394 -0.6876
vn 0.6077 -0.1803 -0.7734
vn 0.9584 -0.0532 -0.2805
vn 0.6419 -0.3394 0.6876
vn 0.1555 -0.4373 0.8858
vn 0.3906 -0.0000 0.9206
vn 0.6729 -0.0000 0.7397
vn 0.6730 -0.0000 0.7397
vn 0.9584 -0.0532 0.2805
vn -0.9823 -0.1445 -0.1188
vn -0.7002 -0.5035 -0.5062
vn -0.7307 -0.5395 -0.4184
vn 0.6006 -0.1614 0.7831
vn 0.6067 -0.0014 0.7949
vn 0.9634 -0.0021 0.2682
vn -0.1378 -0.0003 0.9905
vn -0.1306 -0.1417 0.9812
vn -0.6006 -0.1614 0.7831
vn -0.6067 -0.0014 0.7949
vn -0.2430 -0.8797 0.4087
vn -0.8288 -0.5187 0.2101
vn 0.4588 -0.6095 -0.6465
vn 0.0401 -0.5056 -0.8618
vn -0.4143 -0.9003 -0.1335
vn -0.2430 -0.8797 -0.4087
vn -0.0748 -0.8364 -0.5431
vn -0.9606 -0.1224 0.2496
vn 0.6006 -0.1614 -0.7831
vn 0.1306 -0.1417 -0.9812
vn -0.4128 -0.7077 -0.5734
vn -0.3740 -0.7044 -0.6033
vn -0.1087 -0.9791 -0.1721
vn -0.1179 -0.9790 -0.1666
vn 0.3740 -0.7044 -0.6033
vn 0.5724 -0.2407 -0.7839
vn 0.4128 -0.7077 -0.5734
vn -0.1565 -0.3274 -0.9318
vn -0.0913 -0.3245 -0.9415
vn -0.0635 -0.7588 -0.6482
vn -0.1091 -0.7583 -0.6427
vn 0.2468 -0.7680 0.5910
vn -0.2184 -0.7667 0.6037
vn -0.3160 -0.3527 0.8807
vn -0.3543 -0.3701 0.8588
vn -0.2468 -0.7680 0.5910
vn -0.9737 -0.1339 0.1845
vn -0.6476 -0.3814 0.6596
vn -0.9694 -0.1178 0.2151
vn 0.9694 -0.1178 -0.2151
vn 0.6476 -0.3814 -0.6596
vn -0.6338 -0.0764 -0.7697
vn -0.2617 -0.3297 -0.9071
vn -0.5974 -0.1348 -0.7905
vn -0.3906 -0.0000 -0.9206
vn -0.6730 -0.0000 -0.7397
vn 0.1220 -0.1095 0.9865
vn 0.6065 -0.0007 0.7951
vn 0.9633 -0.0010 0.2685
vn -0.2524 -0.0689 -0.9652
vn -0.2811 -0.0185 -0.9595
vn -0.1690 -0.0707 -0.9831
vn -0.1562 -0.1212 -0.9803
vn -0.9594 0.0065 0.2820
vn -0.9800 0.0190 0.1983
vn -0.0620 -0.9834 -0.1705
vn -0.0566 -0.9823 -0.1787
vn 0.4339 -0.9010 -0.0000
vn 0.4083 -0.8957 0.1763
vn 0.5077 -0.8441 0.1725
vn -0.6858 -0.6486 -0.3301
vn -0.7156 -0.5821 -0.3861
vn -0.8837 -0.4681 0.0004
vn -0.5784 -0.7425 0.3378
vn 0.0863 -0.8091 -0.5813
vn 0.0004 -0.7792 -0.6268
vn 0.1132 -0.9827 -0.1464
vn 0.4163 -0.7257 -0.5478
vn 0.6317 -0.6589 -0.4084
vn 0.3876 -0.9152 -0.1103
vn 0.3944 -0.6739 -0.6247
vn 0.1360 -0.7545 -0.6421
vn -0.2236 -0.6579 0.7191
vn -0.1820 -0.6834 0.7070
vn -0.4128 -0.7077 0.5734
vn -0.5724 -0.2407 0.7839
vn -0.6045 -0.1866 0.7744
vn -0.4131 -0.6666 0.6204
vn -0.0245 -0.7950 -0.6061
vn 0.0317 -0.8125 -0.5822
vn 0.0070 -0.9919 -0.1270
vn -0.0083 -0.9901 -0.1403
vn -0.0664 -0.9855 0.1562
vn -0.2433 -0.7517 0.6130
vn -0.3254 -0.7388 0.5902
vn -0.0862 -0.9845 0.1527
vn 0.2433 -0.7517 0.6130
vn 0.3254 -0.7388 0.5902
vn 0.4680 -0.2214 0.8555
vn 0.3484 -0.2357 0.9072
vn -0.2433 -0.7517 -0.6130
vn -0.1351 -0.7754 -0.6169
vn -0.9875 -0.1294 0.0904
vn -0.9187 -0.3309 0.2154
vn 0.0369 -0.9880 0.1502
vn 0.0664 -0.9855 0.1562
vn 0.1351 -0.7753 0.6169
vn 0.1351 -0.7754 -0.6169
vn -0.9187 -0.3309 -0.2154
vn -0.8512 -0.4385 -0.2883
vn -0.7648 0.3565 -0.5366
vn -0.9850 -0.0068 0.1722
vn 0.1748 -0.7407 -0.6487
vn -0.1748 -0.7407 0.6487
vn -0.0000 -0.9659 0.2589
vn 0.2671 -0.9521 0.1488
vn 0.4594 -0.8861 0.0616
vn 0.4453 -0.8954 -0.0000
vn 0.2672 -0.9636 -0.0000
vn 0.2028 -0.8354 0.5108
vn 0.5784 -0.7425 0.3378
vn 0.4868 -0.8409 0.2366
vn 0.1742 -0.9090 0.3787
vn -0.4868 -0.8409 0.2366
vn -0.1929 -0.7573 0.6239
vn -0.2749 -0.3366 0.9007
vn -0.5992 -0.5476 0.5840
vn -0.7544 -0.4455 0.4820
vn -0.6644 -0.1238 0.7371
vn -0.5314 -0.1442 0.8348
vn 0.5992 -0.5476 -0.5840
vn 0.5076 -0.8441 -0.1724
vn 0.6965 -0.7019 -0.1489
vn 0.7544 -0.4456 -0.4820
vn 0.3892 -0.6395 -0.6630
vn 0.4853 -0.6110 -0.6255
vn -0.7369 -0.6530 -0.1748
vn -0.7352 -0.6721 -0.0884
vn -0.4868 -0.8409 -0.2366
vn -0.4594 -0.8861 -0.0616
vn -0.2671 -0.9521 -0.1488
vn -0.9406 -0.2144 0.2634
vn -0.8997 -0.2933 0.3232
vn -0.8643 -0.4926 0.1015
vn -0.8837 -0.4681 -0.0004
vn 0.9179 -0.0665 -0.3911
vn 0.8997 -0.2933 -0.3232
vn 0.9406 -0.2144 -0.2634
vn -0.8453 -0.0961 0.5256
vn 0.8644 -0.4925 -0.1015
vn 0.2265 -0.1540 0.9618
vn 0.2926 -0.1640 0.9421
vn 0.2843 -0.1714 0.9433
vn 0.2464 -0.1605 0.9558
vn -0.4163 -0.7257 0.5478
vn -0.1132 -0.9827 0.1464
vn 0.0069 -0.9956 0.0930
vn 0.0495 -0.8713 0.4882
vn 0.0434 -0.8222 0.5675
vn 0.0104 -0.9916 0.1291
vn -0.0495 -0.8713 0.4882
vn -0.1503 -0.3441 0.9268
vn 0.0245 -0.7950 0.6061
vn 0.0245 -0.7950 -0.6061
vn 0.0083 -0.9901 -0.1403
vn -0.0070 -0.9919 -0.1270
vn -0.0317 -0.8125 -0.5822
vn -0.6317 -0.6589 -0.4084
vn 0.0258 -0.4329 -0.9011
vn -0.1555 -0.4373 -0.8858
vn 0.4853 -0.6109 0.6255
vn 0.4174 -0.1657 0.8935
vn 0.5314 -0.1442 0.8348
vn 0.5992 -0.5476 0.5840
vn 0.8644 -0.4715 0.1747
vn 0.8599 -0.4477 0.2450
vn -1.0000 -0.0014 0.0028
vn -0.9875 -0.1294 -0.0904
vn -0.9777 -0.2091 -0.0216
vn -0.9782 -0.0317 -0.2052
vn -0.9953 -0.0967 0.0034
vn -0.3906 -0.0000 0.9206
vn -0.4236 -0.0680 0.9033
vn -0.6924 -0.0233 0.7211
vn 0.1377 -0.0002 -0.9905
vn 0.1378 -0.0003 -0.9905
vn 0.6067 -0.0014 -0.7949
vn 0.6065 -0.0007 -0.7951
vn 0.9633 -0.0010 -0.2685
vn -0.9953 -0.0004 -0.0970
vn -0.9952 -0.0002 -0.0977
vn -0.9818 -0.0116 -0.1896
vn 0.6924 -0.0233 -0.7211
vn 0.6730 -0.0000 -0.7397
vn -1.0000 -0.0009 -0.0000
vn -0.1048 -0.0000 -0.9945
vn -0.0890 -0.1413 -0.9860
vn -0.1557 -0.1464 -0.9769
vn 1.0000 -0.0014 -0.0028
vn -0.8913 -0.1736 0.4188
vn -0.8532 -0.1427 0.5016
vn -0.0890 -0.1413 0.9860
vn -0.0000 -0.1392 0.9903
vn -0.0000 -0.1394 0.9902
vn 0.0778 -0.9835 -0.1634
vn 0.3524 -0.2061 -0.9129
vn 0.3237 -0.1800 -0.9289
vn 0.2265 -0.1540 -0.9618
vn 0.2134 -0.1210 -0.9694
vn -0.3980 -0.3781 0.8358
vn -0.4202 -0.2118 0.8824
vn -0.5097 -0.1518 0.8469
vn -0.4893 -0.3133 0.8139
vn 0.3543 -0.3701 0.8588
vn -0.7270 -0.3433 0.5946
vn -0.7270 -0.1777 0.6632
vn -0.7270 -0.0000 0.6866
vn -0.7270 0.1778 0.6632
vn 0.3844 -0.8917 0.2390
vn 0.7270 -0.6633 0.1778
vn 0.7270 -0.5946 0.3434
vn -0.7270 -0.5946 0.3434
vn -0.7270 -0.4855 0.4855
vn -0.7272 0.5945 0.3432
vn -0.7268 0.4856 0.4857
vn -0.7270 -0.6633 0.1778
vn -0.7270 -0.6867 -0.0000
vn 0.7272 0.5945 0.3432
vn 0.7271 0.4854 0.4855
vn 0.7268 0.4856 0.4857
vn 0.7269 0.5947 0.3433
vn 0.7273 0.6629 0.1776
vn 0.7270 0.6633 0.1776
vn 0.7271 0.4854 -0.4855
vn 0.7270 0.3433 -0.5946
vn 0.3845 0.4616 -0.7995
vn 0.3845 0.6527 -0.6528
vn -0.3844 -0.8917 0.2390
vn -0.3844 -0.7994 0.4616
vn -0.3847 0.7993 -0.4616
vn -0.7272 0.5945 -0.3432
vn -0.7273 0.6629 -0.1776
vn -0.3849 0.8916 -0.2388
vn -0.3845 -0.6528 -0.6527
vn -0.7270 -0.4855 -0.4855
vn -0.7270 -0.3433 -0.5946
vn -0.3844 -0.4616 -0.7995
vn -0.3844 -0.2389 0.8917
vn -0.3844 -0.0000 0.9231
vn -0.3844 0.2389 0.8917
vn -0.3843 -0.9232 -0.0000
vn -0.3847 0.7993 0.4616
vn -0.3845 -0.6528 0.6527
vn 0.3844 0.2389 -0.8917
vn 0.7270 0.1778 -0.6632
vn 0.7270 -0.0000 -0.6866
vn 0.3844 -0.0000 -0.9231
vn -0.3844 -0.4616 0.7995
vn 0.3845 -0.7994 -0.4616
vn -0.0000 -0.8660 -0.5001
vn 0.3845 -0.6528 -0.6527
vn 0.3844 -0.8917 -0.2390
vn 0.3844 -0.4616 -0.7995
vn 0.3845 0.4615 0.7995
vn 0.3844 0.2389 0.8917
vn -0.8441 -0.3935 -0.3643
vn -0.4744 -0.7274 -0.4958
vn -0.4911 -0.7824 -0.3831
vn -0.8539 -0.4342 -0.2870
vn 0.7731 -0.0000 0.6343
vn 0.0890 -0.1413 0.9860
vn 0.4893 -0.3133 -0.8139
vn -0.2104 -0.3320 -0.9195
vn -0.3237 -0.1800 0.9289
vn -0.2926 -0.1640 0.9421
vn 0.4202 -0.2117 -0.8824
vn 0.3709 -0.2091 -0.9048
vn 0.6045 -0.1866 0.7744
vn 0.6563 -0.2349 0.7170
vn 0.7109 -0.0016 0.7033
vn 0.6354 -0.0112 0.7721
vn -0.3709 -0.2091 0.9048
vn 0.4911 -0.7824 0.3831
vn 0.4981 -0.8304 0.2495
vn 0.8539 -0.4342 0.2870
vn 0.5556 -0.0000 -0.8315
vn -0.0540 -0.4788 -0.8763
vn -0.4477 -0.3015 -0.8418
vn -0.0905 0.3827 0.9194
vn -0.0375 0.9239 0.3809
vn -0.0784 0.9158 0.3938
vn -0.1808 0.3756 0.9090
vn -0.4371 -0.4729 0.7651
vn -0.4534 -0.5711 0.6843
vn -0.4946 -0.8604 -0.1230
vn -0.4982 -0.8304 -0.2494
vn 0.4744 -0.7274 0.4958
vn 0.4730 -0.6515 0.5932
vn 0.0006 -0.7960 0.6052
vn 0.0003 -0.8679 0.4967
vn 0.0009 -0.9250 0.3799
vn 0.4371 -0.4729 0.7651
vn 0.4477 -0.3015 0.8418
vn 0.0540 -0.4788 0.8763
vn 0.0015 -0.6136 0.7896
vn -0.0009 -0.9250 0.3799
vn -0.4911 -0.7824 0.3831
vn -0.4981 -0.8304 0.2495
vn -0.2236 -0.9002 -0.3737
vn -0.0001 -0.9240 -0.3825
vn -0.2264 -0.8430 -0.4879
vn -0.6789 0.6360 0.3670
vn -0.4081 0.6455 0.6455
vn -0.4546 -0.2303 0.8604
vn -0.0774 -0.2216 0.9721
vn -0.0258 -0.4329 0.9011
vn -0.6338 -0.0764 0.7697
vn -0.3430 -0.1715 0.9235
vn -0.4371 -0.4729 -0.7651
vn -0.4534 -0.5711 -0.6843
vn -0.8146 -0.2899 0.5024
vn -0.8325 -0.3442 0.4341
vn -0.4730 -0.6515 0.5932
vn -0.8441 -0.3935 0.3643
vn -0.4744 -0.7274 0.4958
vn 0.4371 -0.4729 -0.7651
vn -0.8244 -0.3450 -0.4487
vn -0.2265 -0.1540 0.9618
vn -0.2104 -0.3320 0.9195
vn -0.1565 -0.3274 0.9318
vn -0.1557 -0.1464 0.9769
vn -0.3074 -0.6618 0.6838
vn -0.8244 -0.3449 0.4487
vn -0.8421 -0.3970 0.3651
vn -0.8059 -0.1104 -0.5816
vn 0.7464 -0.4511 0.4893
vn 0.7156 -0.5821 0.3861
vn 0.6338 -0.0764 -0.7697
vn 0.2617 -0.3297 -0.9071
vn 0.3430 -0.1715 -0.9235
vn -0.6077 -0.1803 -0.7734
vn -0.6419 -0.3394 -0.6876
vn 0.2671 -0.9521 -0.1488
vn 0.4594 -0.8861 -0.0616
vn 0.2028 -0.8354 -0.5108
vn 0.1742 -0.9090 -0.3787
vn 0.4868 -0.8409 -0.2366
vn 0.5784 -0.7426 -0.3378
vn 0.1575 -0.9875 -0.0000
vn 0.1576 -0.9875 -0.0000
vn 0.2075 -0.9780 -0.0207
vn 0.2099 -0.9777 -0.0000
vn 0.2995 -0.9541 -0.0000
vn 0.2818 -0.9486 -0.1441
vn 0.1572 -0.9876 -0.0000
vn 0.1571 -0.9876 -0.0000
vn -0.1689 -0.9847 -0.0427
vn 0.0563 -0.2673 -0.9620
vn -0.1747 -0.7407 -0.6487
vn -0.0415 -0.9832 0.1778
vn -0.0566 -0.9823 0.1787
vn 0.1527 -0.7152 -0.6820
vn 0.0495 -0.8713 -0.4882
vn 0.1503 -0.3442 -0.9268
vn -0.7544 -0.4456 -0.4820
vn -0.0009 -0.9998 0.0220
vn 0.1527 -0.7152 0.6820
vn 0.1575 -0.9875 -0.0001
vn 0.1689 -0.9847 -0.0427
vn 0.1571 -0.9876 -0.0002
vn -0.0004 -0.7792 0.6268
vn 0.1571 -0.9876 0.0002
vn 0.1575 -0.9875 0.0001
vn 0.0605 -0.9842 0.1664
vn -0.0863 -0.8091 0.5813
vn -0.1527 -0.7152 0.6820
vn -0.0761 -0.7266 0.6829
vn 0.0009 -0.9998 0.0220
vn 0.6354 -0.0112 -0.7721
vn 0.7109 -0.0016 -0.7033
vn -0.3662 0.9239 -0.1111
vn -0.3939 0.9158 -0.0783
vn 0.2903 -0.0000 -0.9569
vn 0.1951 -0.0000 -0.9808
vn 0.1808 0.3756 -0.9090
vn 0.2682 0.3827 -0.8841
vn 0.6344 -0.0000 -0.7730
vn 0.5556 -0.0000 0.8315
vn 0.5149 0.3756 0.7706
vn 0.4355 0.3827 0.8148
vn 0.4714 -0.0000 0.8819
vn 0.7071 -0.0000 0.7071
vn 0.6344 -0.0000 0.7730
vn 0.6305 -0.0089 0.7762
vn -0.9955 -0.0000 0.0943
vn 0.9954 -0.0005 0.0958
vn -0.3827 -0.0000 0.9239
vn -0.3655 -0.0232 0.9305
vn -0.1377 -0.0002 0.9905
vn -0.7730 -0.0000 0.6344
vn -0.8302 -0.0018 0.5574
vn -0.7416 -0.0288 0.6702
vn -0.0000 -0.8912 0.4535
vn -0.7156 -0.5821 0.3861
vn -0.6858 -0.6486 0.3301
vn 0.6858 -0.6486 0.3301
vn 0.0589 -0.8253 0.5616
vn 0.2441 -0.6889 0.6826
vn 0.6765 -0.7169 -0.1683
vn -0.7464 -0.4511 0.4893
vn -0.7464 -0.4511 -0.4893
vn -0.2617 -0.3297 0.9071
vn -0.0000 -0.3222 -0.9467
vn 0.7649 -0.3565 0.5365
vn 0.7586 -0.4992 0.4187
vn 0.7509 -0.6033 0.2688
vn 0.7519 -0.6514 0.1017
vn 0.7746 -0.6324 -0.0000
vn -0.1091 -0.7583 0.6427
vn -0.1459 -0.7603 0.6330
vn 0.7509 0.6033 0.2688
vn 0.7586 0.4991 0.4187
vn 0.7686 0.1858 0.6121
vn 0.7699 -0.0000 0.6382
vn 0.3843 -0.9232 -0.0000
vn 0.7270 -0.6867 -0.0000
vn 0.7268 -0.5948 0.3434
vn 0.7267 -0.6636 0.1778
vn 0.3845 0.6527 0.6528
vn 0.3847 0.7994 0.4616
vn 0.7269 -0.3435 0.5947
vn 0.7269 -0.4857 0.4856
vn 0.9185 -0.1977 0.3425
vn -0.7268 0.1777 -0.6635
vn -0.7268 -0.0000 -0.6868
vn -0.4081 -0.0000 -0.9129
vn -0.4081 0.2363 -0.8818
vn 0.7266 -0.6871 -0.0000
vn -0.7270 -0.6633 -0.1778
vn -0.7267 -0.6636 -0.1778
vn -0.7268 -0.5948 -0.3434
vn -0.7270 -0.5946 -0.3433
vn 0.9184 0.2797 0.2798
vn 0.9185 0.3424 0.1977
vn 0.7268 -0.5948 -0.3434
vn 0.7270 0.6866 -0.0000
vn 0.7268 -0.0000 0.6868
vn -0.5895 -0.2141 -0.7789
vn -0.6644 -0.1238 -0.7371
vn -0.5314 -0.1442 -0.8348
vn -0.4680 -0.2214 -0.8555
vn 0.0012 -0.9663 -0.2574
vn -0.0073 -0.9918 -0.1274
vn -0.1142 -0.1861 -0.9759
vn -0.0275 -0.2757 -0.9608
vn -0.8988 -0.1221 -0.4210
vn -0.9253 -0.0999 -0.3658
vn -0.2428 0.9239 -0.2958
vn -0.2839 0.9158 -0.2839
vn -0.3103 -0.0907 -0.9463
vn -0.2134 -0.1210 -0.9694
vn -0.1618 -0.4970 0.8526
vn 0.0049 -0.4959 0.8684
vn 0.0258 -0.4329 0.9011
vn -0.1555 -0.4373 0.8858
vn -0.0074 -0.9918 0.1274
vn 0.0079 -0.9917 0.1281
vn 0.0159 -0.9999 -0.0000
vn -0.0157 -0.9999 -0.0000
vn -0.7677 0.0005 0.6408
vn -0.7097 -0.0606 0.7018
vn -0.6880 -0.1612 0.7076
vn -0.0863 -0.8091 -0.5813
vn 0.8325 -0.3442 -0.4341
vn 0.8146 -0.2899 -0.5024
vn 0.8244 -0.3450 -0.4487
vn 0.3944 -0.6739 0.6247
vn 0.0346 -0.9152 0.4016
vn 0.8441 -0.3935 -0.3643
vn 0.8421 -0.3970 -0.3651
vn 0.9910 -0.0098 -0.1335
vn 0.8539 -0.4342 -0.2870
vn 0.8600 -0.4477 -0.2450
vn 0.0401 -0.5056 0.8618
vn -0.2178 -0.3867 0.8961
vn 0.1048 -0.0000 -0.9945
vn -0.1378 -0.0003 -0.9905
vn -0.1306 -0.1417 -0.9812
vn 0.1220 -0.1095 -0.9865
vn 0.3709 -0.2091 0.9048
vn 0.0620 -0.9834 -0.1705
vn 0.0726 -0.9826 -0.1711
vn -0.6419 -0.3394 0.6876
vn -0.6077 -0.1803 0.7734
vn 0.2178 -0.3867 -0.8961
vn -0.0401 -0.5056 -0.8618
vn 0.9194 0.3827 0.0905
vn 0.9268 0.3756 -0.0000
vn 0.9954 -0.0005 -0.0958
vn 1.0000 -0.0009 -0.0000
vn 1.0000 0.0001 -0.0000
vn 0.9955 -0.0000 -0.0943
vn 0.2178 -0.3867 0.8961
vn 0.6729 -0.0000 -0.7397
vn -0.4577 -0.1130 -0.8819
vn -0.3524 -0.2061 -0.9129
vn 0.5724 -0.2407 0.7839
vn 0.6033 -0.0962 0.7917
vn 0.7520 -0.6556 0.0683
vn 0.8084 -0.5398 0.2348
vn -0.0878 -0.9760 0.1995
vn 0.9536 -0.0913 -0.2870
vn -0.3944 -0.0836 -0.9151
vn -0.9606 -0.1224 -0.2496
vn -0.6006 -0.1614 -0.7831
vn -0.6067 -0.0014 -0.7949
vn 0.1381 -0.9904 -0.0069
vn 0.6788 -0.7287 -0.0908
vn 0.5738 -0.8188 -0.0191
vn 0.0773 -0.3040 -0.9495
vn 0.0158 -0.1979 -0.9801
vn -0.3552 -0.9348 -0.0000
vn -0.3570 -0.9130 -0.1973
vn -0.3120 -0.9297 -0.1957
vn -0.1571 -0.9876 -0.0000
vn -0.1571 -0.9876 -0.0002
vn -0.2075 -0.9780 -0.0207
vn 0.0023 -0.9939 0.1102
vn -0.0136 -0.9996 0.0254
vn -0.0579 -0.9979 0.0292
vn -0.0605 -0.9842 0.1664
vn 0.0774 -0.2216 -0.9721
vn -0.1477 -0.2299 -0.9619
vn -0.1379 -0.0000 -0.9905
vn -0.0153 -0.1772 -0.9840
vn 0.0519 -0.2863 -0.9567
vn -0.8207 -0.0067 0.5714
vn -0.5974 -0.1348 0.7905
vn -0.6305 -0.0089 -0.7762
vn -0.5605 -0.0055 -0.8281
vn 0.0181 -0.9833 -0.1814
vn -0.0000 -0.9827 -0.1852
vn 0.0313 -0.9830 -0.1807
vn 0.0743 -0.9963 -0.0437
vn 0.2184 -0.7667 -0.6037
vn 0.3160 -0.3527 -0.8808
vn 0.3543 -0.3701 -0.8588
vn 0.2468 -0.7680 -0.5910
vn 0.0415 -0.9832 -0.1778
vn 0.0566 -0.9823 -0.1787
vn 0.9661 -0.2583 -0.0000
vn 0.9587 -0.2582 -0.1196
vn 0.9782 -0.0317 -0.2052
vn 0.0019 -1.0000 -0.0001
vn -0.8421 -0.3970 -0.3651
vn -0.2075 -0.9780 0.0207
vn -0.2099 -0.9777 -0.0000
vn 0.9780 -0.1428 0.1520
vn 0.9823 -0.1446 0.1188
vn -0.9841 -0.1762 -0.0229
vn 0.9737 -0.1339 -0.1845
vn 0.8617 -0.4929 -0.1204
vn -0.0980 -0.0000 0.9952
vn 0.9589 0.0055 -0.2837
vn 0.8302 -0.0018 -0.5574
vn -0.7273 -0.2180 -0.6508
vn 0.9955 -0.0115 -0.0936
vn -0.0001 -0.9240 0.3825
vn -0.0001 -0.9660 0.2587
vn 0.0012 -0.9663 0.2574
vn 0.0001 -0.7935 0.6086
vn -0.0006 -0.7960 0.6053
vn -0.0003 -0.8679 0.4967
vn 0.9577 -0.0041 0.2877
vn 0.9821 0.0022 0.1882
vn -0.4730 -0.6515 -0.5932
vn -0.8325 -0.3442 -0.4341
vn 0.9587 -0.2582 0.1196
vn 0.9446 -0.2328 -0.2316
vn 0.9176 -0.2091 -0.3381
vn 0.8913 -0.1736 -0.4188
vn -0.9952 0.0004 0.0976
vn -0.9952 0.0005 0.0976
vn -0.9787 -0.0312 -0.2029
vn 0.9997 0.0256 -0.0000
vn 0.9955 0.0122 -0.0938
vn 0.7648 0.3565 0.5366
vn 0.7520 0.6513 0.1016
vn 0.7745 0.6325 -0.0000
vn 0.0006 -0.7960 -0.6052
vn 0.0540 -0.4788 -0.8763
vn 0.4143 -0.9003 0.1335
vn 0.5738 -0.8188 0.0191
vn 0.1381 -0.9904 0.0069
vn 0.0743 -0.9963 0.0437
vn -0.1377 -0.0002 -0.9905
vn -0.0495 -0.8713 -0.4882
vn -0.0434 -0.8222 -0.5675
vn -0.9158 -0.4014 0.0109
vn -0.3484 -0.2357 0.9072
vn -0.4174 -0.1657 0.8935
vn 0.8657 -0.4955 -0.0714
vn -0.0104 -0.9916 -0.1291
vn -0.0069 -0.9956 -0.0930
vn -0.9158 -0.4014 -0.0109
vn 0.9633 -0.0000 -0.2685
vn -0.7778 -0.1909 -0.5989
vn -0.8207 -0.0067 -0.5714
vn 0.8059 -0.1104 0.5816
vn 0.8532 -0.1427 0.5016
vn -0.6553 0.3756 -0.6553
vn -0.7706 0.3756 -0.5149
vn 0.9800 0.0190 -0.1983
vn 0.0317 -0.8124 0.5822
vn 0.1804 0.9239 0.3375
vn 0.2231 0.9158 0.3339
vn 0.3160 -0.3527 0.8807
vn 0.3237 -0.1800 0.9289
vn 0.9445 -0.2328 0.2316
vn -0.1887 -0.0189 -0.9819
vn -0.3655 -0.0232 -0.9305
vn -0.4714 -0.0000 -0.8819
vn -0.6033 -0.0962 0.7917
vn -0.6354 -0.0112 0.7721
vn -0.9703 -0.1071 0.2170
vn 0.2725 -0.7735 -0.5722
vn 0.3980 -0.3781 -0.8358
vn 0.8837 -0.4681 0.0004
vn 0.2104 -0.3320 0.9195
vn 0.1565 -0.3274 0.9318
vn -0.3237 -0.1800 -0.9289
vn 0.4131 -0.6666 0.6204
vn 0.0844 -0.9662 0.2437
vn -0.6880 -0.1612 -0.7076
vn -0.4825 -0.2375 -0.8431
vn -0.7097 -0.0606 -0.7018
vn 0.4825 -0.2375 -0.8431
vn 0.3906 -0.0000 -0.9206
vn 0.6721 -0.4503 -0.5878
vn 0.7002 -0.5035 -0.5062
vn -0.6065 -0.0007 -0.7951
vn 0.7352 -0.6721 0.0883
vn 0.2121 -0.9690 0.1270
vn 0.7369 -0.6530 0.1748
vn 0.2213 -0.9418 0.2530
vn -0.7397 -0.6219 -0.2572
vn -0.9840 -0.1780 -0.0000
vn -0.9850 -0.1498 0.0854
vn -0.7432 -0.5796 -0.3342
vn -0.0635 -0.7588 0.6482
vn -0.0913 -0.3245 0.9415
vn 0.2188 -0.7787 0.5880
vn 0.2264 -0.8430 0.4879
vn 0.7307 -0.5395 0.4184
vn 0.9703 -0.1071 0.2170
vn 0.6721 -0.4503 0.5878
vn 0.6476 -0.3814 0.6596
vn 0.1618 -0.4970 0.8525
vn 0.1764 -0.6031 0.7779
vn -0.6066 -0.0000 -0.7950
vn -0.4588 -0.6095 -0.6465
vn -0.8288 -0.5187 -0.2101
vn 0.2430 -0.8797 -0.4087
vn 0.4143 -0.9003 -0.1335
vn 0.4588 -0.6095 0.6465
vn -0.1179 -0.9790 0.1666
vn 0.1459 -0.7603 -0.6330
vn 0.2104 -0.3320 -0.9195
vn 0.2749 -0.3365 -0.9007
vn 0.1929 -0.7573 -0.6240
vn -0.0620 -0.9834 0.1705
vn -0.8657 -0.4955 0.0714
vn -0.9777 -0.2091 0.0216
vn 0.8657 -0.4955 0.0714
vn 0.9777 -0.2091 0.0216
vn 0.9875 -0.1294 0.0904
vn 0.9187 -0.3309 0.2154
vn -0.6477 -0.3814 -0.6596
vn 0.4131 -0.6666 -0.6204
vn 0.6045 -0.1866 -0.7744
vn -0.4083 -0.8957 -0.1763
vn -0.2236 -0.6579 -0.7192
vn -0.1820 -0.6833 -0.7070
vn -0.3254 -0.7388 -0.5901
vn 0.9737 -0.1339 0.1845
vn 0.9694 -0.1178 0.2151
vn -0.1351 -0.7753 0.6169
vn -0.4680 -0.2214 0.8555
vn -0.5895 -0.2141 0.7789
vn 0.9187 -0.3309 -0.2154
vn 0.6317 -0.6589 0.4084
vn 0.8512 -0.4385 0.2883
vn 0.8988 -0.1221 0.4210
vn -0.0801 -0.9968 -0.0000
vn -0.2672 -0.9636 -0.0000
vn -0.2671 -0.9521 0.1488
vn 0.1142 -0.1861 -0.9759
vn 0.0275 -0.2757 -0.9608
vn -0.0004 -0.7792 -0.6268
vn 0.0434 -0.8222 -0.5675
vn 0.7544 -0.4455 0.4820
vn 0.2903 -0.0000 0.9569
vn 0.1887 -0.0190 0.9818
vn 0.2811 -0.0185 0.9595
vn -0.9850 -0.1498 -0.0854
vn -0.3831 -0.9056 -0.1822
vn -0.3074 -0.6618 -0.6838
vn -0.3892 -0.6395 -0.6630
vn -0.3813 -0.9064 -0.1815
vn 0.8997 -0.2933 0.3232
vn 0.9179 -0.0665 0.3911
vn -0.6965 -0.7019 0.1489
vn 0.0083 -0.9901 0.1403
vn 0.8512 -0.4385 -0.2883
vn 0.8288 -0.5187 -0.2101
vn -0.4853 -0.6110 -0.6255
vn -0.5992 -0.5476 -0.5840
vn 0.4236 -0.0680 -0.9033
vn 0.9777 -0.2091 -0.0216
vn 0.9875 -0.1294 -0.0904
vn 0.9953 -0.0967 0.0034
vn -0.6065 -0.0007 0.7951
vn -0.9633 -0.0010 0.2685
vn 0.9953 -0.0004 -0.0970
vn 0.1557 -0.1464 0.9769
vn 0.1562 -0.1212 0.9803
vn 0.0824 -0.1201 0.9893
vn -0.2134 -0.1210 0.9694
vn -0.1562 -0.1212 0.9803
vn 0.2236 -0.9002 -0.3737
vn -0.0778 -0.9835 -0.1634
vn 0.0778 -0.9835 0.1634
vn 0.7268 0.1777 -0.6635
vn 0.7273 0.6863 -0.0000
vn -0.7269 -0.4857 -0.4856
vn 0.7270 -0.4855 0.4855
vn -0.7270 -0.1777 -0.6632
vn -0.7268 -0.1777 -0.6634
vn -0.7270 -0.0000 -0.6866
vn 0.7270 -0.3433 0.5946
vn 0.7270 -0.3433 -0.5946
vn 0.7270 -0.1777 -0.6632
vn 0.7270 0.3433 0.5946
vn -0.7269 0.5947 -0.3433
vn -0.4084 0.7906 -0.4563
vn -0.4085 0.8817 -0.2361
vn -0.7270 0.6633 -0.1776
vn 0.3848 0.8916 0.2388
vn 0.3844 -0.4616 0.7995
vn -0.3844 -0.2389 -0.8917
vn -0.3844 -0.0000 -0.9231
vn -0.3845 0.4616 -0.7995
vn -0.3844 0.2389 -0.8917
vn -0.7270 0.1778 -0.6632
vn -0.7270 0.3433 -0.5946
vn -0.3844 -0.8917 -0.2390
vn 0.7270 -0.0000 0.6866
vn 0.7270 0.1778 0.6632
vn -0.7271 0.4854 -0.4855
vn -0.7267 0.3434 -0.5949
vn -0.7268 0.4856 -0.4857
vn 0.3849 0.9230 -0.0000
vn 0.3844 -0.0000 0.9231
vn 0.3844 -0.2389 -0.8917
vn -0.0000 0.9660 -0.2587
vn 0.3849 0.8916 -0.2388
vn 0.0009 -0.9250 -0.3799
vn -0.4893 -0.3133 -0.8139
vn -0.5097 -0.1518 -0.8469
vn 0.7097 -0.0606 -0.7018
vn 0.2926 -0.1641 -0.9420
vn -0.7677 0.0005 -0.6408
vn 0.4541 -0.5081 0.7319
vn 0.4911 -0.7824 -0.3831
vn 0.5012 -0.8653 -0.0000
vn 0.4534 -0.5711 -0.6843
vn 0.4946 -0.8604 0.1230
vn 0.4730 -0.6515 -0.5932
vn -0.2040 -0.9790 -0.0000
vn 0.2264 -0.8430 -0.4879
vn 0.2188 -0.7787 -0.5880
vn 0.1955 -0.6980 -0.6889
vn 0.0001 -0.7073 -0.7069
vn 0.1765 -0.6031 -0.7779
vn 0.0002 -0.6090 -0.7932
vn -0.0791 -0.9969 -0.0000
vn -0.1576 -0.9875 -0.0000
vn -0.1575 -0.9875 0.0001
vn 0.4534 -0.5711 0.6843
vn 0.8146 -0.2899 0.5024
vn 0.7870 -0.2452 0.5662
vn 0.3326 -0.9431 -0.0000
vn 0.4744 -0.7274 -0.4958
vn 0.7769 -0.2452 0.5799
vn 0.8097 -0.2843 0.5134
vn 0.7416 -0.0288 -0.6702
vn -0.3430 -0.1715 -0.9235
vn 0.2617 -0.3297 0.9071
vn -0.2818 -0.9486 -0.1441
vn -0.4765 0.0003 0.8792
vn -0.0007 0.0012 1.0000
vn 0.6338 -0.0764 0.7697
vn 0.7416 -0.0288 0.6702
vn -0.1575 -0.9875 -0.0001
vn -0.0009 -0.9998 -0.0220
vn 0.1689 -0.9847 0.0427
vn 0.2075 -0.9780 0.0207
vn -0.1575 -0.9875 -0.0000
vn -0.1572 -0.9876 -0.0000
vn 0.0761 -0.7266 -0.6829
vn 0.3375 0.9239 0.1804
vn 0.3710 0.9158 0.1537
vn -0.3339 0.9158 -0.2231
vn 0.6553 0.3756 0.6553
vn 0.7706 0.3756 0.5149
vn 1.0000 -0.0004 -0.0000
vn -0.5556 -0.0000 -0.8315
vn 0.0375 0.9239 -0.3808
vn 0.0783 0.9158 -0.3939
vn 0.3547 0.3756 -0.8563
vn 0.3662 0.9239 0.1111
vn 0.3939 0.9158 0.0783
vn -0.3547 0.3756 -0.8563
vn -0.3827 -0.0000 -0.9239
vn -0.4355 0.3827 -0.8148
vn -0.6344 -0.0000 0.7730
vn -0.7071 -0.0000 0.7071
vn -0.7043 -0.0023 0.7099
vn -0.6305 -0.0089 0.7762
vn 0.9952 -0.0002 -0.0977
vn 0.0589 -0.8253 -0.5616
vn -0.0589 -0.8253 -0.5616
vn -0.6765 -0.7169 0.1683
vn -0.6878 -0.7259 -0.0000
vn -0.7686 -0.1858 -0.6122
vn -0.0000 -0.7555 -0.6551
vn 0.0635 -0.7588 -0.6482
vn 0.7519 -0.6514 -0.1017
vn -0.7509 -0.6033 -0.2688
vn -0.4080 0.4564 -0.7907
vn -0.4081 0.6455 -0.6455
vn -0.7109 -0.0016 -0.7033
vn -0.7269 -0.3435 -0.5947
vn -0.4082 -0.6455 -0.6455
vn -0.4082 -0.4564 -0.7906
vn -0.4082 -0.2363 -0.8818
vn -0.4085 0.9128 -0.0000
vn -0.7270 0.6866 -0.0000
vn 0.9185 0.3424 -0.1977
vn 0.9186 0.3817 -0.1022
vn 0.9184 -0.1024 0.3821
vn 0.9253 -0.0999 -0.3658
vn 0.8988 -0.1221 -0.4210
vn -0.9952 -0.0000 -0.0980
vn 0.3103 -0.0907 0.9463
vn 0.2134 -0.1210 0.9694
vn 0.1690 -0.0708 0.9831
vn -0.0049 -0.4959 0.8684
vn -0.7870 -0.2452 0.5662
vn -0.7769 -0.2452 0.5799
vn -0.8097 -0.2843 0.5134
vn -0.0346 -0.9152 0.4016
vn 0.0748 -0.8364 0.5431
vn -0.9888 0.0054 0.1490
vn -0.9910 -0.0098 0.1335
vn -0.8539 -0.4342 0.2870
vn -0.8600 -0.4477 0.2450
vn -0.8617 -0.4929 0.1204
vn -0.8644 -0.4715 0.1747
vn -0.1220 -0.1095 -0.9865
vn 0.2524 -0.0689 0.9652
vn -0.8148 0.3827 -0.4355
vn -0.8562 0.3756 -0.3547
vn -0.9954 -0.0005 -0.0958
vn 0.3074 -0.6618 0.6838
vn 0.3892 -0.6395 0.6630
vn 0.4578 -0.1129 0.8819
vn 0.3525 -0.2060 0.9128
vn -0.7520 -0.6556 -0.0683
vn -0.4453 -0.8954 -0.0000
vn 0.2441 -0.6889 -0.6825
vn 0.3945 -0.0835 0.9151
vn 0.3831 -0.9056 0.1821
vn 0.3842 -0.9232 -0.0000
vn 0.3717 -0.9283 -0.0000
vn 0.3570 -0.9130 0.1973
vn -0.6788 -0.7287 0.0908
vn 0.3813 -0.9064 0.1815
vn 0.3831 -0.9056 -0.1822
vn -0.4714 -0.0000 0.8819
vn -0.5556 -0.0000 0.8315
vn 0.5605 -0.0055 0.8281
vn 0.0913 -0.3245 -0.9415
vn -0.0313 -0.9830 -0.1807
vn -0.0181 -0.9833 -0.1814
vn -0.0415 -0.9832 -0.1778
vn 0.9253 -0.0999 0.3658
vn 0.9782 -0.0317 0.2052
vn -0.0019 -1.0000 0.0001
vn -0.9780 -0.1428 0.1520
vn -0.8579 -0.5138 -0.0000
vn 0.7273 -0.2180 0.6508
vn -0.9954 0.0092 0.0954
vn 0.0001 -0.9240 0.3825
vn 0.9800 0.0190 0.1983
vn -0.9587 -0.2582 0.1196
vn 0.7686 -0.1858 0.6122
vn -0.9855 0.0211 0.1686
vn 0.9785 -0.0023 0.2061
vn -0.0007 -0.7106 -0.7036
vn -0.0015 -0.6136 -0.7896
vn -0.9584 -0.0532 0.2805
vn 0.1955 -0.6980 0.6889
vn 0.7002 -0.5035 0.5062
vn -0.1459 -0.7603 -0.6330
vn 0.1087 -0.9791 0.1721
vn 0.1179 -0.9790 0.1666
vn -0.0153 -0.1773 0.9840
vn 0.0519 -0.2863 0.9567
vn -0.9633 -0.0000 0.2685
vn 0.5974 -0.1348 0.7905
vn -0.8059 -0.1104 0.5816
vn -0.9614 -0.0036 0.2750
vn 0.8148 0.3827 0.4355
vn -0.9818 -0.0116 0.1896
vn -0.5149 0.3756 -0.7706
vn -0.6344 -0.0000 -0.7730
vn -0.5861 0.3827 -0.7142
vn 0.6965 -0.7019 0.1489
vn -0.2468 -0.7680 -0.5910
vn -0.0726 -0.9826 -0.1711
vn 0.9787 -0.0312 0.2029
vn 0.9952 0.0004 0.0976
vn 0.3655 -0.0232 0.9305
vn -0.2464 -0.1605 0.9558
vn -0.2843 -0.1714 0.9433
vn -0.2725 -0.7735 -0.5722
vn -0.3103 -0.0907 0.9463
vn -0.2524 -0.0689 0.9652
vn 0.1091 -0.7583 -0.6427
vn 0.1565 -0.3274 -0.9318
vn -0.4825 -0.2375 0.8431
vn -0.0844 -0.9662 0.2437
vn -0.0774 -0.2216 -0.9721
vn -0.7346 -0.6785 -0.0000
vn -0.5861 0.3827 0.7142
vn -0.5149 0.3756 0.7706
vn 0.2236 -0.9002 0.3737
vn 0.6066 -0.0000 -0.7950
vn 0.1477 -0.2299 -0.9619
vn 0.1379 -0.0000 -0.9905
vn -0.9823 -0.1445 0.1188
vn 0.9606 -0.1224 -0.2496
vn 0.2430 -0.8797 0.4087
vn -0.9576 -0.0012 0.2880
vn 0.4128 -0.7077 0.5734
vn 0.0863 -0.8091 0.5813
vn -0.4163 -0.7257 -0.5478
vn 0.4163 -0.7257 0.5478
vn 0.0862 -0.9845 0.1527
vn 0.1132 -0.9827 0.1464
vn 0.8643 -0.4926 0.1015
vn 0.3074 -0.6618 -0.6838
vn -0.6924 -0.0233 -0.7211
vn -0.3876 -0.9152 0.1103
vn -0.8512 -0.4385 0.2883
vn -0.9953 -0.0967 -0.0034
vn 0.7270 0.6633 -0.1776
vn 0.7273 0.6629 -0.1776
vn 0.7268 -0.1777 0.6634
vn 0.7270 -0.1777 0.6632
vn -0.3845 0.6527 -0.6528
vn -0.3845 -0.7994 -0.4616
vn 0.3844 -0.2389 0.8917
vn 0.0007 -0.7106 0.7036
vn -0.7109 -0.0016 0.7033
vn -0.0540 -0.4788 0.8763
vn -0.4477 -0.3015 0.8418
vn -0.2121 -0.9690 0.1270
vn -0.1804 0.9239 -0.3375
vn -0.2231 0.9158 -0.3339
vn 0.3430 -0.1715 0.9235
vn -0.0069 -0.9956 0.0930
vn 0.0009 -0.9998 -0.0220
vn -0.7307 -0.5395 0.4184
vn -0.3375 0.9239 -0.1804
vn 0.8841 0.3827 -0.2682
vn 0.9090 0.3756 -0.1808
vn -0.0000 0.3756 -0.9268
vn 0.0905 0.3827 -0.9194
vn 0.0375 0.9239 0.3809
vn 0.0784 0.9158 0.3938
vn -0.5605 -0.0055 0.8281
vn 0.3547 0.3756 0.8563
vn 0.3827 -0.0000 0.9239
vn -0.7043 -0.0023 -0.7099
vn 0.7464 -0.4511 -0.4893
vn 0.7520 0.6513 -0.1015
vn 0.7509 0.6033 -0.2688
vn 0.7686 0.1858 -0.6121
vn 0.7267 -0.6636 -0.1778
vn 0.7269 0.5947 -0.3433
vn -0.0369 -0.9880 0.1501
vn -0.8988 -0.1221 0.4210
vn -0.2682 0.3827 0.8841
vn -0.3547 0.3756 0.8563
vn 0.9952 -0.0000 -0.0980
vn 0.2428 0.9239 0.2958
vn 0.2839 0.9158 0.2839
vn -0.9888 0.0054 -0.1490
vn -0.2178 -0.3867 -0.8961
vn -0.4578 -0.1129 0.8819
vn -0.3945 -0.0834 0.9151
vn 0.7520 -0.6556 -0.0683
vn 0.6788 -0.7287 0.0908
vn 0.3876 -0.9152 0.1103
vn 0.9158 -0.4014 -0.0109
vn -0.9841 -0.1762 0.0229
vn 0.1808 0.3756 0.9090
vn 0.2682 0.3827 0.8841
vn -0.8148 0.3827 0.4355
vn -0.8562 0.3756 0.3547
vn -0.7273 -0.2180 0.6508
vn 0.0003 -0.8679 -0.4967
vn 0.2839 0.9158 -0.2839
vn -0.7778 -0.1909 0.5989
vn 0.1537 0.9158 0.3710
vn -0.6317 -0.6589 0.4084
vn 0.2749 -0.3366 0.9007
vn -0.4236 -0.0680 -0.9033
vn -0.7352 -0.6721 0.0883
vn -0.6066 -0.0000 0.7950
vn -0.6765 -0.7169 -0.1683
vn -0.5077 -0.8441 0.1725
vn -0.0245 -0.7950 0.6061
vn 0.4355 0.3827 -0.8148
vn -0.3525 -0.2060 0.9128
vn 0.7270 -0.5946 -0.3433
vn 0.7270 -0.6633 -0.1778
vn 0.7270 -0.4855 -0.4855
vn 0.7272 0.5945 -0.3432
vn 0.3847 0.7993 -0.4616
vn -0.0000 0.9158 0.4015
vn -0.3662 0.9239 0.1111
vn -0.3939 0.9158 0.0783
vn 0.1111 0.9239 -0.3662
vn 0.1537 0.9158 -0.3710
vn 0.1111 0.9239 0.3662
vn -0.4355 0.3827 0.8148
vn 0.3808 0.9239 -0.0375
vn 0.4016 0.9158 -0.0000
vn -0.8841 0.3827 -0.2682
vn -0.9090 0.3756 -0.1808
vn -0.3375 0.9239 0.1804
vn -0.3339 0.9158 0.2231
vn 0.3808 0.9239 0.0375
vn 0.9194 0.3827 -0.0905
vn -0.3710 0.9158 -0.1537
vn -0.8841 0.3827 0.2682
vn -0.9090 0.3756 0.1808
vn 0.3662 0.9239 -0.1111
vn 0.3710 0.9158 -0.1537
vn 0.6553 0.3756 -0.6553
vn 0.7706 0.3756 -0.5149
vn -0.9194 0.3827 -0.0905
vn -0.0000 0.9158 -0.4016
vn 0.3939 0.9158 -0.0783
vn 0.9090 0.3756 0.1808
vn 0.8148 0.3827 -0.4355
vn 0.3375 0.9239 -0.1804
vn 0.8562 0.3756 -0.3547
vn -0.6553 0.3756 0.6553
vn -0.2839 0.9158 0.2839
vn -0.7706 0.3756 0.5149
vn -0.1537 0.9158 -0.3710
vn -0.0783 0.9158 -0.3939
vn -0.1111 0.9239 -0.3662
vn -0.0905 0.3827 -0.9194
vn -0.0375 0.9239 -0.3808
vn -0.1804 0.9239 0.3375
vn -0.1111 0.9239 0.3662
vn -0.1537 0.9158 0.3710
vn -0.3808 0.9239 -0.0375
vn -0.3710 0.9158 0.1537
vn 0.3339 0.9158 0.2231
vn 0.1804 0.9239 -0.3375
vn 0.5149 0.3756 -0.7706
vn -0.9194 0.3827 0.0905
vn -0.3808 0.9239 0.0375
vn -0.4016 0.9158 -0.0000
vn -0.9268 0.3756 -0.0000
vn 0.3339 0.9158 -0.2231
vn 0.5861 0.3827 -0.7142
vn 0.8562 0.3756 0.3547
vn 0.8841 0.3827 0.2682
vn 0.5861 0.3827 0.7142
vn -0.6789 -0.3671 -0.6358
vn -0.6789 -0.6358 0.3671
vn -0.6789 -0.7092 0.1902
vn -0.6789 0.7092 0.1899
vn -0.6789 0.6360 -0.3670
vn -0.6789 -0.1901 -0.7092
vn -0.9516 -0.0790 -0.2971
vn -0.9275 0.3612 0.0966
vn -0.9516 0.2178 0.2169
vn -0.9516 0.2659 0.1542
vn -0.9516 -0.2665 -0.1532
vn -0.0000 -0.1736 0.9848
vn -0.0000 0.1736 -0.9848
vn -0.0000 -0.1736 -0.9848
vn -0.0000 -0.7660 0.6428
vn 0.7484 -0.3316 -0.5744
vn 0.7484 -0.1152 -0.6532
vn -0.0000 -0.1737 -0.9848
vn -0.0000 0.9397 0.3420
vn -0.0000 0.7660 0.6428
vn -0.0000 0.9397 -0.3420
vn 0.7483 0.1152 -0.6532
vn 0.7484 0.3317 -0.5744
vn 0.4824 -0.4380 0.7586
vn 0.4824 -0.6710 0.5630
vn -0.0000 -0.9397 0.3420
vn -0.0000 0.7660 -0.6428
vn 0.7484 0.6632 -0.0000
vn 0.7483 0.6233 0.2270
vn -0.0000 0.9396 0.3422
vn -0.0000 0.1736 0.9848
vn -0.0000 -0.7660 -0.6428
vn 0.7484 -0.5081 -0.4263
vn 0.6700 -0.5687 -0.4772
vn 0.6700 -0.6976 -0.2538
vn 0.7484 -0.6233 -0.2268
vn 0.7484 -0.1152 0.6532
vn 0.6700 -0.1289 0.7311
vn 0.6700 0.1289 0.7311
vn 0.7484 0.1152 0.6532
vn 0.6700 -0.1289 -0.7311
vn 0.6700 -0.3711 -0.6429
vn 0.7484 -0.3316 0.5744
vn 0.6700 -0.3711 0.6429
vn 0.7483 0.6633 -0.0000
vn 0.6700 0.7423 -0.0000
vn 0.6700 0.6976 -0.2539
vn 0.7484 0.6233 -0.2269
vn 0.7484 0.6233 0.2269
vn 0.6700 0.6976 0.2539
vn 0.7484 0.5081 -0.4264
vn 0.6700 0.5686 -0.4772
vn 0.6700 0.3711 -0.6429
vn 0.7484 0.3316 -0.5744
vn 0.7483 -0.6633 -0.0000
vn 0.6700 -0.7423 -0.0000
vn 0.6700 -0.6976 0.2538
vn 0.7484 -0.6233 0.2268
vn 0.7484 0.5081 0.4264
vn 0.6700 0.5686 0.4772
vn 0.4660 -0.1536 -0.8714
vn 0.4660 0.1536 -0.8714
vn 0.7797 0.1087 -0.6166
vn 0.7797 -0.1087 -0.6166
vn 0.4660 -0.6778 -0.5687
vn 0.4660 -0.4424 -0.7663
vn 0.7797 -0.3131 -0.5422
vn 0.7797 -0.4796 -0.4025
vn 0.4660 -0.1536 0.8714
vn 0.4660 -0.4424 0.7663
vn 0.7797 -0.3131 0.5422
vn 0.7797 -0.1087 0.6166
vn -0.7797 0.3131 0.5423
vn -0.7797 0.1087 0.6166
vn -0.4660 0.1536 0.8714
vn -0.4660 0.4424 0.7663
vn -0.7797 -0.3131 -0.5422
vn -0.4660 -0.4424 -0.7663
vn -0.4660 -0.6778 -0.5687
vn -0.7797 -0.4796 -0.4025
vn 0.4660 0.6778 0.5688
vn 0.4660 0.4424 0.7663
vn 0.7797 0.3131 0.5423
vn 0.7798 0.4796 0.4024
vn 0.4660 0.8848 -0.0000
vn 0.4660 0.8314 0.3026
vn 0.7798 0.5883 0.2141
vn 0.7797 0.6261 -0.0000
vn 0.7798 -0.5883 -0.2141
vn 0.4660 -0.8314 -0.3026
vn 0.4660 -0.8848 -0.0000
vn 0.7798 -0.6261 -0.0000
vn 0.7797 0.3131 -0.5423
vn 0.4660 0.4424 -0.7663
vn 0.4660 0.6778 -0.5688
vn 0.7798 0.4796 -0.4024
vn 0.7798 0.5883 -0.2141
vn 0.4660 0.8314 -0.3026
vn 0.7797 -0.4796 0.4025
vn 0.4660 -0.6778 0.5687
vn 0.4660 -0.8314 0.3026
vn 0.7798 -0.5883 0.2141
vn -0.7797 -0.3131 0.5422
vn -0.4660 -0.4424 0.7663
vn -0.4660 -0.1536 0.8714
vn -0.7797 -0.1087 0.6166
vn -0.7798 0.4796 0.4024
vn -0.4660 0.6778 0.5688
vn -0.4660 0.8314 0.3026
vn -0.7798 0.5883 0.2141
vn 0.4660 0.1536 0.8714
vn 0.7797 0.1087 0.6166
vn 0.4824 -0.1521 0.8626
vn 0.4824 -0.1521 -0.8626
vn 0.4824 -0.4380 -0.7586
vn 0.4824 0.1521 0.8626
vn 0.4824 0.1521 -0.8626
vn 0.4824 0.4380 -0.7586
vn 0.4824 -0.8231 0.2996
vn 0.4824 -0.8231 -0.2996
vn 0.4823 -0.8760 -0.0000
vn -0.4824 -0.6710 0.5630
vn -0.7797 -0.4796 0.4025
vn -0.4824 -0.4380 0.7586
vn 0.4824 0.8231 0.2996
vn 0.4824 0.6710 0.5631
vn -0.4825 0.8759 -0.0000
vn -0.7797 0.6261 -0.0000
vn -0.7798 0.5883 -0.2141
vn -0.4824 0.8231 -0.2996
vn -0.4824 -0.6710 -0.5630
vn -0.4824 -0.4380 -0.7586
vn -0.4823 -0.8760 -0.0000
vn -0.7798 -0.6261 -0.0000
vn -0.7798 -0.5883 0.2141
vn -0.4824 -0.8231 0.2996
vn -0.4824 0.8231 0.2996
vn -0.4824 0.6710 0.5631
vn 0.4824 0.4380 0.7586
vn -0.0000 -0.1737 0.9848
vn -0.4824 0.4380 0.7586
vn -0.0000 0.7661 0.6428
vn -0.4824 -0.1521 0.8626
vn 0.4824 -0.6710 -0.5630
vn -0.0000 -0.9397 -0.3420
vn 0.4824 0.8231 -0.2996
vn 0.4825 0.8759 -0.0000
vn 0.4824 0.6710 -0.5631
vn -0.0000 0.7661 -0.6428
vn -0.4824 0.1521 0.8626
vn -0.4824 -0.8231 -0.2996
vn -0.0000 -0.9397 -0.3421
vn 0.6700 0.3711 0.6429
vn 0.7484 0.3316 0.5744
vn 0.7484 0.1152 -0.6532
vn 0.6700 0.1289 -0.7311
vn 0.7484 -0.5081 0.4263
vn 0.6700 -0.5687 0.4772
vn -0.6700 -0.5687 -0.4772
vn -0.6700 -0.6976 -0.2539
vn -0.7798 -0.5883 -0.2141
vn -0.4660 -0.8314 -0.3026
vn -0.4660 0.8848 -0.0000
vn -0.4660 0.8314 -0.3026
vn -0.7797 0.3131 -0.5422
vn -0.7798 0.4796 -0.4024
vn -0.4660 0.6778 -0.5688
vn -0.4660 0.4424 -0.7663
vn -0.4660 -0.8848 -0.0000
vn -0.4660 -0.8314 0.3026
vn -0.4660 -0.6778 0.5687
vn -0.7797 -0.1087 -0.6166
vn -0.4660 -0.1536 -0.8714
vn -0.7797 0.1087 -0.6166
vn -0.4660 0.1536 -0.8714
vn -0.4824 -0.1521 -0.8626
vn -0.4824 0.4380 -0.7586
vn -0.4824 0.1521 -0.8626
vn -0.4824 0.6710 -0.5631
vn -0.6700 0.3712 0.6429
vn -0.6700 0.5686 0.4772
vn 0.7483 -0.6233 -0.2269
vn 0.7484 -0.6632 -0.0000
vn 0.6700 -0.3712 -0.6429
vn -0.6700 0.1289 0.7311
vn -0.6700 0.3712 -0.6429
vn -0.6700 0.1289 -0.7311
vn 0.6700 0.3712 0.6429
vn 0.7483 0.1152 0.6532
vn 0.6700 -0.3712 0.6429
vn -0.6700 -0.6976 0.2539
vn -0.6700 -0.5687 0.4772
vn -0.6700 -0.7423 -0.0000
vn 0.7483 0.6233 -0.2270
vn 0.7483 0.5081 -0.4264
vn 0.7484 0.3317 0.5744
vn 0.7483 0.5081 0.4264
vn -0.6700 0.7423 -0.0000
vn -0.6700 0.6976 -0.2539
vn -0.0000 -0.7661 -0.6428
vn -0.0000 0.9396 -0.3422
vn -0.0000 -0.7661 0.6428
vn 0.7483 -0.6233 0.2269
vn -0.0000 -0.9397 0.3421
vn 0.6700 -0.6976 0.2539
vn 0.6700 -0.6976 -0.2539
vn 0.6700 0.3712 -0.6429
vn -0.6700 0.6976 0.2539
vn -0.6700 -0.1289 0.7311
vn -0.6700 -0.3712 0.6429
vn -0.6700 -0.3712 -0.6429
vn -0.6700 -0.1289 -0.7311
vn -0.6700 0.5686 -0.4772
vn -0.7797 0.3131 0.5422
vn -0.6700 -0.6976 -0.2538
vn -0.7484 -0.5081 -0.4263
vn -0.7484 -0.6233 -0.2268
vn -0.6700 0.3711 0.6429
vn -0.7484 0.1152 0.6532
vn -0.7484 0.3316 0.5744
vn -0.6700 -0.3711 -0.6429
vn -0.7484 -0.3316 -0.5744
vn -0.7484 -0.1152 0.6532
vn -0.6700 -0.3711 0.6429
vn -0.7484 -0.3316 0.5744
vn -0.7484 0.1152 -0.6532
vn -0.7484 -0.1152 -0.6532
vn -0.7484 -0.5081 0.4263
vn -0.6700 0.3711 -0.6429
vn -0.7484 0.3316 -0.5744
vn -0.6700 -0.6976 0.2538
vn -0.7484 -0.6233 0.2268
vn -0.7484 0.6233 0.2269
vn -0.7483 0.6633 -0.0000
vn -0.7484 0.5081 -0.4264
vn -0.7483 -0.6633 -0.0000
vn -0.7484 0.5081 0.4264
vn -0.7484 0.6233 -0.2269
vn -0.7483 0.5081 0.4264
vn -0.7484 0.3317 0.5744
vn -0.7483 -0.6233 0.2269
vn -0.7484 -0.6632 -0.0000
vn -0.7484 0.6632 -0.0000
vn -0.7483 0.6233 0.2270
vn -0.7483 0.1152 0.6532
vn -0.7483 0.5081 -0.4264
vn -0.7483 0.6233 -0.2270
vn -0.7483 0.1152 -0.6532
vn -0.7484 0.3317 -0.5744
vn -0.7483 -0.6233 -0.2269
vn -0.9779 0.0467 0.2040
vn -0.9789 0.0287 0.2024
vn -0.9817 0.0344 -0.1871
vn -0.9809 0.0558 -0.1861
vn -0.9809 0.0229 0.1934
vn -0.9812 0.0274 -0.1911
vn -0.8371 0.0278 -0.5463
vn -0.8360 0.0349 -0.5476
vn -0.8349 0.0564 -0.5475
vn -0.5466 0.0097 0.8374
vn -0.5477 0.0057 0.8367
vn -0.8268 0.0187 0.5622
vn -0.8255 0.0306 0.5636
vn -0.5595 0.0048 0.8288
vn -0.8338 0.0150 0.5519
vn -0.5636 0.0302 -0.8255
vn -0.5619 0.0485 -0.8258
vn -0.5695 0.0241 -0.8217
vn -0.2161 0.0168 -0.9762
vn -0.2048 0.0209 -0.9786
vn -0.2028 0.0333 -0.9787
vn 0.2057 -0.0334 0.9780
vn 0.2062 -0.0208 0.9783
vn -0.1845 -0.0082 0.9828
vn -0.1842 -0.0128 0.9828
vn 0.1959 -0.0163 0.9805
vn -0.1972 -0.0062 0.9803
vn 0.1863 0.0083 -0.9825
vn 0.1877 0.0130 -0.9821
vn 0.1730 0.0069 -0.9849
vn 0.5376 -0.0041 -0.8432
vn 0.5493 -0.0056 -0.8356
vn 0.5497 -0.0095 -0.8353
vn 0.8352 -0.0569 0.5471
vn 0.8361 -0.0351 0.5474
vn 0.5643 -0.0303 0.8250
vn 0.5634 -0.0489 0.8248
vn 0.8355 -0.0278 0.5488
vn 0.5593 -0.0239 0.8286
vn 0.8277 -0.0186 -0.5609
vn 0.8272 -0.0305 -0.5611
vn 0.8212 -0.0145 -0.5704
vn 0.9776 -0.0227 -0.2094
vn 0.9791 -0.0288 -0.2014
vn 0.9783 -0.0470 -0.2020
vn 0.9817 -0.0346 0.1875
vn 0.9808 -0.0562 0.1869
vn 0.9825 -0.0273 0.1841
vn 0.7023 0.0808 -0.7073
vn 0.7039 0.0645 -0.7074
vn 0.9205 0.0785 -0.3827
vn 0.9189 0.0963 -0.3826
vn 0.7006 0.0586 -0.7112
vn 0.9201 0.0723 -0.3849
vn 0.9972 0.0748 0.0016
vn 0.9968 0.0804 0.0008
vn 0.9953 0.0970 0.0012
vn -0.0015 0.0176 -0.9998
vn -0.0007 0.0111 -0.9999
vn 0.3803 0.0407 -0.9239
vn 0.3791 0.0531 -0.9238
vn -0.0092 0.0083 -0.9999
vn 0.3739 0.0360 -0.9268
vn 0.9206 0.0699 0.3842
vn 0.9192 0.0826 0.3849
vn 0.9195 0.0654 0.3877
vn 0.6996 0.0458 0.7131
vn 0.7039 0.0485 0.7087
vn 0.7025 0.0555 0.7095
vn -0.7045 -0.0546 -0.7076
vn -0.7050 -0.0472 -0.7077
vn -0.3817 -0.0197 -0.9241
vn -0.3818 -0.0202 -0.9240
vn -0.7100 -0.0451 -0.7028
vn -0.3892 -0.0201 -0.9209
vn 0.3802 0.0199 0.9247
vn 0.3791 0.0201 0.9252
vn 0.3732 0.0194 0.9276
vn -0.0092 -0.0096 0.9999
vn -0.0007 -0.0113 0.9999
vn -0.0013 -0.0180 0.9998
vn -0.9955 -0.0945 -0.0001
vn -0.9970 -0.0775 -0.0002
vn -0.9212 -0.0674 -0.3833
vn -0.9202 -0.0806 -0.3831
vn -0.9974 -0.0717 0.0007
vn -0.9231 -0.0631 -0.3795
vn -0.3814 -0.0403 0.9235
vn -0.3810 -0.0529 0.9230
vn -0.3884 -0.0365 0.9208
vn -0.7088 -0.0575 0.7031
vn -0.7044 -0.0630 0.7070
vn -0.7032 -0.0795 0.7065
vn -0.9207 -0.0759 0.3827
vn -0.9191 -0.0941 0.3826
vn -0.9222 -0.0698 0.3804
vn 0.8215 -0.1403 0.5526
vn 0.5541 -0.0881 0.8278
vn 0.5499 -0.0658 0.8326
vn 0.8171 -0.1256 0.5627
vn 0.2038 -0.0215 0.9788
vn 0.2025 0.0049 0.9793
vn 0.2051 0.0709 0.9762
vn 0.5534 -0.0040 0.8329
vn 0.8208 -0.0775 0.5659
vn 0.9680 -0.1769 -0.1778
vn 0.9656 -0.1807 -0.1869
vn 0.9644 -0.1660 0.2058
vn 0.9674 -0.1384 0.2120
vn 0.9644 -0.1746 -0.1985
vn 0.9663 -0.1706 0.1929
vn -0.2022 0.0247 -0.9790
vn 0.1802 -0.0440 -0.9826
vn 0.1781 -0.0681 -0.9816
vn -0.2022 0.0009 -0.9793
vn 0.5378 -0.1059 -0.8364
vn 0.5373 -0.1272 -0.8337
vn 0.5360 -0.1672 -0.8275
vn 0.1741 -0.1219 -0.9771
vn -0.2053 -0.0595 -0.9769
vn -0.9689 0.1852 0.1638
vn -0.9647 0.1910 0.1812
vn -0.9617 0.1731 -0.2125
vn -0.9630 0.1428 -0.2285
vn -0.9634 0.1836 0.1953
vn -0.9644 0.1767 -0.1967
vn -0.8191 0.1436 -0.5554
vn -0.8135 0.1301 -0.5668
vn -0.8128 0.0815 -0.5769
vn -0.1787 0.0498 0.9826
vn -0.1779 0.0767 0.9811
vn -0.5364 0.1146 0.8361
vn -0.5366 0.1383 0.8324
vn -0.5389 0.1824 0.8224
vn -0.1771 0.1365 0.9747
vn -0.5521 0.0902 -0.8289
vn -0.5481 0.0699 -0.8335
vn -0.5483 0.0112 -0.8362
vn 0.5668 0.1438 0.8112
vn 0.8355 0.0365 0.5483
vn 0.2141 0.2278 0.9499
vn 0.2215 0.3997 0.8895
vn 0.5712 0.3081 0.7608
vn 0.8409 0.1649 0.5154
vn 0.8431 0.2515 0.4753
vn 0.8410 0.2323 0.4885
vn 0.5723 0.3892 0.7218
vn 0.5768 0.4029 0.7106
vn 0.2252 0.4822 0.8467
vn 0.2282 0.4909 0.8408
vn -0.5261 0.3866 0.7575
vn -0.1604 0.4273 0.8898
vn -0.1725 0.2756 0.9457
vn -0.5384 0.2796 0.7950
vn -0.1542 0.4999 0.8523
vn -0.1550 0.5039 0.8497
vn -0.5189 0.4389 0.7336
vn -0.5205 0.4388 0.7325
vn -0.9783 0.1336 0.1583
vn -0.8176 0.2826 0.5017
vn -0.8230 0.2388 0.5155
vn -0.9753 0.1612 0.1512
vn -0.8198 0.1997 0.5367
vn -0.8125 0.3057 0.4964
vn -0.8114 0.3034 0.4996
vn -0.9776 0.1216 0.1719
vn -0.9759 0.1183 0.1834
vn -0.8266 -0.1813 -0.5328
vn -0.9776 -0.0302 -0.2081
vn -0.9708 0.0631 -0.2313
vn -0.8207 -0.0391 -0.5700
vn -0.9806 -0.0779 -0.1798
vn -0.9832 -0.0842 -0.1617
vn -0.8306 -0.2577 -0.4937
vn -0.8381 -0.2695 -0.4744
vn -0.2208 -0.3810 -0.8978
vn -0.5613 -0.3015 -0.7708
vn -0.5564 -0.1319 -0.8203
vn -0.2145 -0.2061 -0.9547
vn -0.5649 -0.3950 -0.7244
vn -0.5731 -0.4121 -0.7083
vn -0.2245 -0.4789 -0.8486
vn -0.2287 -0.4974 -0.8368
vn 0.5212 -0.3864 -0.7610
vn 0.1558 -0.4121 -0.8977
vn 0.1643 -0.2531 -0.9534
vn 0.5284 -0.2648 -0.8066
vn 0.1525 -0.5015 -0.8516
vn 0.1544 -0.5151 -0.8431
vn 0.5189 -0.4538 -0.7244
vn 0.5234 -0.4568 -0.7193
vn 0.9716 -0.1673 -0.1673
vn 0.8115 -0.3010 -0.5009
vn 0.8145 -0.2361 -0.5299
vn 0.9697 -0.1698 -0.1754
vn 0.8177 -0.1869 -0.5445
vn 0.8109 -0.3348 -0.4799
vn 0.8141 -0.3259 -0.4806
vn 0.9732 -0.1624 -0.1629
vn 0.9750 -0.1441 -0.1690
vn 0.9767 -0.0745 0.2014
vn 0.9822 -0.0042 0.1880
vn 0.9836 0.0368 0.1766
vn 0.9843 0.0588 0.1662
vn 0.5808 0.3941 0.7123
vn 0.8457 0.2526 0.4700
vn 0.2301 0.4754 0.8492
vn 0.2313 0.4677 0.8531
vn 0.5778 0.3908 0.7166
vn 0.8410 0.2563 0.4764
vn -0.5136 0.4166 0.7501
vn -0.1509 0.4771 0.8658
vn -0.1567 0.4853 0.8602
vn -0.5229 0.4215 0.7408
vn -0.9705 0.1231 0.2075
vn -0.8026 0.2929 0.5196
vn -0.8114 0.2922 0.5062
vn -0.9747 0.1163 0.1909
vn -0.8508 -0.2502 -0.4621
vn -0.9879 -0.0683 -0.1393
vn -0.9850 -0.0782 -0.1539
vn -0.8433 -0.2597 -0.4704
vn -0.2309 -0.4783 -0.8473
vn -0.5843 -0.3938 -0.7096
vn -0.5783 -0.4013 -0.7103
vn -0.2303 -0.4852 -0.8435
vn 0.5352 -0.4240 -0.7306
vn 0.1625 -0.4903 -0.8563
vn 0.1569 -0.4989 -0.8523
vn 0.5263 -0.4361 -0.7300
vn 0.9785 -0.1107 -0.1743
vn 0.8223 -0.2895 -0.4900
vn 0.8150 -0.3039 -0.4933
vn 0.9754 -0.1250 -0.1815
vn 0.9852 0.0705 0.1565
vn 0.9831 0.0808 0.1644
vn -0.7123 -0.3611 0.6019
vn -0.3752 -0.4903 0.7867
vn -0.3609 -0.4718 0.8045
vn -0.7039 -0.3524 0.6167
vn 0.0190 -0.5368 0.8435
vn 0.0365 -0.5106 0.8591
vn 0.0340 -0.4361 0.8992
vn -0.3717 -0.4072 0.8343
vn -0.7129 -0.3087 0.6297
vn 0.0014 -0.0391 0.9992
vn 0.0027 -0.0420 0.9991
vn 0.4038 0.0205 0.9146
vn 0.3900 0.0217 0.9206
vn 0.0057 -0.0535 0.9986
vn 0.4184 0.0103 0.9082
vn 0.7293 0.0667 0.6809
vn 0.7190 0.0758 0.6908
vn 0.7089 0.0774 0.7011
vn 0.7209 -0.2963 0.6265
vn 0.4159 -0.3937 0.8198
vn 0.4078 -0.4692 0.7833
vn 0.7129 -0.3629 0.6001
vn 0.3919 -0.4988 0.7731
vn 0.7029 -0.3902 0.5947
vn 0.9186 0.1196 0.3768
vn 0.9165 0.1219 0.3811
vn 0.9211 0.1120 0.3730
vn 0.9894 0.1444 0.0153
vn 0.9888 0.1488 0.0102
vn 0.9886 0.1503 0.0056
vn 1.0000 -0.0024 0.0093
vn 0.9244 -0.1604 0.3460
vn 0.9225 -0.2058 0.3267
vn 0.9998 -0.0185 -0.0058
vn 0.9206 -0.2232 0.3206
vn 0.9996 -0.0210 -0.0164
vn 0.9216 0.1593 -0.3539
vn 0.9178 0.1588 -0.3639
vn 0.7170 0.1522 -0.6802
vn 0.7093 0.1464 -0.6895
vn 0.7022 0.1429 -0.6974
vn 0.9143 0.1581 -0.3729
vn 0.7106 0.2946 -0.6389
vn 0.9281 0.1572 -0.3376
vn 0.9229 0.1706 -0.3452
vn 0.6993 0.3322 -0.6329
vn 0.9160 0.1820 -0.3574
vn 0.6823 0.3528 -0.6403
vn 0.3879 0.1112 -0.9150
vn 0.3815 0.1059 -0.9183
vn 0.3948 0.1214 -0.9107
vn -0.0042 0.0685 -0.9976
vn -0.0030 0.0567 -0.9984
vn -0.0020 0.0515 -0.9987
vn -0.0289 0.4201 -0.9070
vn 0.3728 0.3885 -0.8427
vn 0.3611 0.4430 -0.8206
vn -0.0332 0.4848 -0.8740
vn 0.3384 0.4667 -0.8171
vn -0.0540 0.5078 -0.8598
vn -0.3911 -0.0074 -0.9203
vn -0.3848 -0.0116 -0.9229
vn -0.3986 0.0039 -0.9171
vn -0.7134 -0.0585 -0.6983
vn -0.7080 -0.0687 -0.7028
vn -0.7042 -0.0722 -0.7064
vn -0.7295 0.2918 -0.6186
vn -0.4165 0.3849 -0.8237
vn -0.4124 0.4531 -0.7904
vn -0.7237 0.3548 -0.5920
vn -0.4249 0.4740 -0.7712
vn -0.7290 0.3727 -0.5742
vn -0.7310 0.1677 -0.6615
vn -0.7312 0.2196 -0.6459
vn -0.9314 0.1031 -0.3491
vn -0.9305 0.0644 -0.3605
vn -0.9312 0.1559 -0.3295
vn -1.0000 -0.0032 0.0016
vn -0.9996 -0.0261 -0.0087
vn -0.9989 -0.0456 -0.0138
vn -0.9286 0.2025 -0.3110
vn -0.9998 0.0161 0.0125
vn -0.9291 0.2165 -0.2999
vn -0.9996 0.0243 0.0146
vn -0.9155 -0.1178 -0.3846
vn -0.9152 -0.1206 -0.3845
vn -0.9170 -0.1099 -0.3834
vn -0.9895 -0.1439 -0.0166
vn -0.9889 -0.1482 -0.0119
vn -0.9887 -0.1496 -0.0061
vn -0.9247 -0.1786 0.3361
vn -0.9278 -0.1650 0.3346
vn -0.9272 -0.1784 0.3294
vn -0.9201 -0.1554 0.3595
vn -0.9155 -0.1549 0.3714
vn -0.9245 -0.1557 0.3480
vn -0.7302 -0.1443 0.6678
vn -0.7190 -0.1386 0.6811
vn -0.7067 -0.1358 0.6943
vn -0.0220 0.2928 -0.9559
vn -0.0244 0.3451 -0.9382
vn -0.4173 0.3053 -0.8559
vn -0.4176 0.2487 -0.8739
vn 0.7174 0.2359 -0.6556
vn 0.7160 0.2577 -0.6488
vn 0.3808 0.3281 -0.8645
vn 0.3846 0.2880 -0.8770
vn -0.7280 -0.2332 0.6447
vn -0.7226 -0.2609 0.6402
vn -0.3850 -0.3346 0.8601
vn -0.3938 -0.2883 0.8728
vn 0.0302 -0.3515 0.9357
vn 0.0288 -0.2947 0.9552
vn 0.9989 0.0439 0.0162
vn 0.9996 0.0224 0.0159
vn 0.9293 0.1497 -0.3378
vn 0.9284 0.1493 -0.3403
vn 0.4246 -0.3075 0.8516
vn 0.4330 -0.2474 0.8668
vn 0.7302 -0.2198 0.6469
vn 0.7383 -0.1653 0.6539
vn -0.4002 -0.0992 0.9111
vn -0.3872 -0.0951 0.9171
vn -0.4115 -0.1094 0.9048
vn 0.9277 -0.1057 0.3582
vn 0.9304 -0.0649 0.3609
vn -0.3802 -0.0906 0.9205
vn -0.7002 -0.1307 0.7019
vn 0.0005 -0.0367 0.9993
vn -0.0006 -0.0324 0.9995
vn -0.3792 -0.0819 0.9217
vn -0.6997 -0.1188 0.7045
vn -0.3801 -0.0686 0.9224
vn -0.7014 -0.1006 0.7057
vn -0.0011 -0.0261 0.9997
vn 0.7012 0.0737 0.7092
vn 0.3791 0.0222 0.9251
vn 0.3818 0.0224 0.9240
vn 0.7028 0.0776 0.7072
vn 0.3787 0.0209 0.9253
vn 0.7016 0.0650 0.7096
vn 0.9905 0.1373 0.0018
vn 0.9160 0.1141 0.3847
vn 0.9154 0.1216 0.3838
vn 0.9890 0.1481 0.0031
vn 0.9176 0.0994 0.3849
vn 0.9930 0.1184 0.0013
vn 0.6988 0.1206 -0.7050
vn 0.9141 0.1396 -0.3808
vn 0.9130 0.1531 -0.3782
vn 0.6989 0.1353 -0.7023
vn 0.9165 0.1192 -0.3820
vn 0.7004 0.1017 -0.7065
vn -0.0016 0.0334 -0.9994
vn 0.3776 0.0833 -0.9222
vn 0.3783 0.0968 -0.9206
vn -0.0015 0.0431 -0.9991
vn 0.3781 0.0688 -0.9232
vn -0.0016 0.0256 -0.9997
vn -0.7026 -0.0730 -0.7078
vn -0.3810 -0.0216 -0.9243
vn -0.3816 -0.0175 -0.9242
vn -0.7025 -0.0751 -0.7077
vn -0.3814 -0.0212 -0.9242
vn -0.7035 -0.0646 -0.7077
vn -0.9907 -0.1357 -0.0009
vn -0.9167 -0.1131 -0.3833
vn -0.9155 -0.1207 -0.3837
vn -0.9891 -0.1471 -0.0022
vn -0.9185 -0.0980 -0.3832
vn -0.9932 -0.1165 -0.0004
vn -0.9133 -0.1506 0.3785
vn -0.9143 -0.1377 0.3809
vn -0.9167 -0.1174 0.3819
vn 0.8302 -0.1194 0.5446
vn 0.9751 -0.1237 0.1839
vn 0.9787 -0.0874 0.1858
vn 0.8330 -0.0877 0.5463
vn 0.9727 -0.1091 -0.2050
vn 0.9764 -0.0737 -0.2032
vn 0.9672 -0.1492 -0.2056
vn 0.9704 -0.1562 0.1840
vn 0.8269 -0.1394 0.5449
vn 0.8257 -0.0489 -0.5619
vn 0.5492 -0.0167 -0.8355
vn 0.8226 -0.0779 -0.5633
vn 0.5473 -0.0352 -0.8362
vn 0.5419 -0.0721 -0.8373
vn 0.8169 -0.1196 -0.5643
vn 0.8140 -0.1518 -0.5607
vn 0.1886 0.0179 -0.9819
vn -0.2007 0.0497 -0.9784
vn 0.1884 0.0127 -0.9820
vn -0.1989 0.0586 -0.9783
vn -0.1998 0.0465 -0.9787
vn 0.1847 -0.0139 -0.9827
vn -0.5593 0.0738 -0.8256
vn -0.8325 0.0868 -0.5472
vn -0.5559 0.0957 -0.8257
vn -0.8283 0.1185 -0.5476
vn -0.8234 0.1399 -0.5500
vn -0.5535 0.1003 -0.8268
vn -0.9789 0.0866 -0.1852
vn -0.9759 0.0734 0.2053
vn -0.9748 0.1235 -0.1856
vn -0.9725 0.1099 0.2053
vn -0.9671 0.1542 0.2022
vn -0.9690 0.1590 -0.1889
vn -0.8239 0.0489 0.5647
vn -0.5457 0.0168 0.8378
vn -0.8212 0.0793 0.5652
vn -0.5437 0.0362 0.8385
vn -0.5399 0.0770 0.8382
vn -0.8165 0.1255 0.5635
vn -0.8130 0.1619 0.5592
vn -0.1845 -0.0180 0.9827
vn 0.2043 -0.0501 0.9776
vn -0.1835 -0.0125 0.9829
vn 0.2040 -0.0593 0.9772
vn 0.2050 -0.0461 0.9777
vn -0.1808 0.0165 0.9834
vn 0.5613 -0.0746 0.8242
vn 0.5596 -0.0969 0.8231
vn 0.5583 -0.1008 0.8235
vn 0.8158 -0.1670 -0.5537
vn -0.8565 -0.5160 -0.0136
vn -0.4817 -0.8760 0.0247
vn -0.4817 -0.8760 0.0246
vn 0.0208 -0.9982 0.0561
vn 0.0208 -0.9982 0.0560
vn 0.0088 -0.9984 0.0554
vn -0.4980 -0.8669 0.0233
vn -0.8677 -0.4968 -0.0152
vn 0.0162 -0.3377 -0.9411
vn 0.0160 -0.4015 -0.9157
vn -0.4525 -0.3678 -0.8124
vn -0.4563 -0.3097 -0.8342
vn 0.0158 -0.4674 -0.8839
vn -0.4500 -0.4273 -0.7842
vn -0.8335 -0.2758 -0.4788
vn -0.8353 -0.2380 -0.4956
vn -0.8380 -0.2005 -0.5075
vn -0.8560 -0.5167 -0.0186
vn -0.9988 -0.0166 -0.0465
vn -0.9989 -0.0169 -0.0448
vn -0.8555 -0.5171 -0.0246
vn -0.8723 0.4850 -0.0623
vn -0.8726 0.4854 -0.0539
vn -0.8728 0.4862 -0.0421
vn -0.9990 -0.0170 -0.0424
vn -0.8549 -0.5177 -0.0330
vn -0.0333 0.9978 -0.0566
vn 0.4649 0.8850 -0.0259
vn 0.4817 0.8760 -0.0246
vn -0.0208 0.9982 -0.0560
vn 0.8448 0.5349 0.0120
vn 0.8565 0.5159 0.0136
vn 0.4818 0.8759 -0.0247
vn -0.0208 0.9982 -0.0561
vn 0.0162 -0.2164 -0.9762
vn 0.0159 -0.1625 -0.9866
vn 0.4998 -0.1337 -0.8558
vn 0.4950 -0.1797 -0.8501
vn 0.0152 -0.1097 -0.9938
vn 0.5032 -0.0893 -0.8595
vn 0.8668 -0.0451 -0.4965
vn 0.8649 -0.0694 -0.4971
vn 0.8620 -0.0952 -0.4979
vn 0.0156 -0.6046 -0.7964
vn 0.0159 -0.6747 -0.7379
vn -0.4504 -0.6102 -0.6517
vn -0.4493 -0.5491 -0.7048
vn 0.0164 -0.7435 -0.6686
vn -0.4521 -0.6695 -0.5895
vn -0.8344 -0.4207 -0.3560
vn -0.8334 -0.3867 -0.3950
vn -0.8327 -0.3506 -0.4286
vn 0.0197 -0.9982 -0.0560
vn -0.4777 -0.8761 -0.0649
vn -0.4756 -0.8744 -0.0957
vn 0.0194 -0.9954 -0.0943
vn -0.8528 -0.5192 -0.0568
vn -0.8513 -0.5198 -0.0720
vn -0.8495 -0.5199 -0.0896
vn -0.4730 -0.8713 -0.1306
vn 0.0192 -0.9903 -0.1373
vn 0.0206 -0.9982 0.0560
vn 0.0206 -0.9982 0.0561
vn -0.4818 -0.8759 0.0247
vn -0.4819 -0.8759 0.0247
vn 0.0207 -0.9982 0.0561
vn -0.8565 -0.5159 -0.0136
vn 0.8502 0.5104 0.1294
vn 0.9999 0.0103 0.0136
vn 0.9999 0.0106 0.0088
vn 0.8487 0.5050 0.1574
vn 0.8645 -0.4904 -0.1103
vn 0.8626 -0.4842 -0.1464
vn 0.8607 -0.4740 -0.1856
vn 0.9999 0.0114 0.0044
vn 0.8473 0.4962 0.1895
vn -0.8583 0.2967 0.4187
vn -0.4834 0.5244 0.7009
vn -0.4827 0.4600 0.7452
vn -0.8577 0.2585 0.4444
vn -0.0158 0.6086 0.7933
vn -0.0157 0.5355 0.8444
vn -0.0158 0.4635 0.8859
vn -0.4837 0.3965 0.7803
vn -0.8581 0.2208 0.4635
vn -0.8591 -0.0039 -0.5118
vn -0.9999 -0.0043 -0.0137
vn -0.8591 -0.0037 -0.5118
vn -0.8728 -0.0036 0.4880
vn -0.8728 -0.0037 0.4880
vn -0.8715 -0.0037 0.4903
vn -0.8578 -0.0037 -0.5140
vn 0.0137 -0.0004 -0.9999
vn -0.4883 -0.0025 -0.8727
vn -0.4883 -0.0021 -0.8727
vn 0.0137 0.0001 -0.9999
vn -0.4846 -0.0021 -0.8747
vn 0.0190 0.0001 -0.9998
vn -0.4490 -0.4879 -0.7486
vn -0.8326 -0.3135 -0.4565
vn 0.0156 -0.5352 -0.8446
vn -0.9994 -0.0330 -0.0056
vn -0.9994 -0.0336 -0.0068
vn -0.9995 -0.0318 -0.0051
vn -0.8613 0.3710 0.3472
vn -0.8596 0.3346 0.3862
vn -0.8566 -0.0144 -0.5157
vn -0.4847 -0.0196 -0.8744
vn -0.4809 -0.0520 -0.8752
vn -0.8538 -0.0347 -0.5194
vn 0.0137 -0.0194 -0.9997
vn 0.0142 -0.0554 -0.9984
vn -0.4767 -0.1012 -0.8732
vn -0.8513 -0.0656 -0.5205
vn 0.0207 -0.9982 0.0562
vn -0.8565 -0.5160 -0.0135
vn -0.8725 0.4885 -0.0080
vn -0.5124 0.8585 0.0199
vn -0.5106 0.8582 0.0534
vn -0.8719 0.4896 0.0143
vn -0.0193 0.9989 0.0429
vn -0.0190 0.9967 0.0787
vn -0.0188 0.9926 0.1201
vn -0.5083 0.8563 0.0921
vn -0.8709 0.4898 0.0401
vn 0.8685 -0.0206 -0.4953
vn 0.9999 0.0074 0.0101
vn 0.9999 0.0106 0.0097
vn 0.8708 -0.0047 -0.4917
vn 0.9999 0.0054 0.0127
vn 0.8579 0.0134 0.5137
vn 0.8576 0.0319 0.5134
vn 0.8554 0.0608 0.5143
vn 0.8725 0.0019 -0.4886
vn 0.5115 -0.0013 -0.8593
vn 0.5119 0.0005 -0.8591
vn 0.8727 0.0028 -0.4883
vn 0.0137 -0.0042 -0.9999
vn 0.0137 -0.0020 -0.9999
vn 0.5120 0.0018 -0.8590
vn 0.8728 0.0035 -0.4881
vn 0.8496 0.1210 0.5133
vn 0.8465 0.1560 0.5091
vn 0.9998 0.0202 0.0064
vn 0.9998 0.0170 0.0081
vn 0.8435 0.1929 0.5012
vn 0.9997 0.0229 0.0042
vn 0.8562 -0.1565 -0.4923
vn 0.8591 -0.1246 -0.4965
vn -0.0198 0.9997 -0.0120
vn 0.4823 0.8759 0.0115
vn 0.4816 0.8758 0.0316
vn -0.0195 0.9997 0.0127
vn 0.8568 0.5147 0.0319
vn 0.8563 0.5147 0.0420
vn 0.8556 0.5148 0.0542
vn 0.4804 0.8752 0.0562
vn -0.0204 0.9988 -0.0446
vn 0.4823 0.8759 -0.0151
vn 0.4825 0.8759 -0.0040
vn -0.0201 0.9993 -0.0311
vn 0.8569 0.5151 0.0185
vn 0.8570 0.5148 0.0241
vn 0.8718 -0.4849 0.0696
vn 0.5146 -0.8543 0.0725
vn 0.5146 -0.8544 0.0724
vn 0.5145 -0.8544 0.0724
vn 0.8718 -0.4850 0.0695
vn 0.4996 -0.8423 -0.2024
vn 0.4965 -0.8288 -0.2580
vn 0.0188 -0.9707 -0.2397
vn 0.0186 -0.9537 -0.3001
vn 0.0184 -0.9302 -0.3666
vn 0.4934 -0.8093 -0.3188
vn 0.8568 0.5155 0.0151
vn 0.9987 0.0153 0.0477
vn 0.9988 0.0147 0.0467
vn 0.8566 0.5158 0.0138
vn 0.9987 0.0157 0.0481
vn 0.8717 -0.4852 0.0692
vn 0.8716 -0.4857 0.0670
vn 0.8715 -0.4865 0.0615
vn -0.8450 -0.1282 -0.5193
vn -0.8413 -0.1637 -0.5152
vn -0.9996 -0.0249 -0.0165
vn -0.9996 -0.0207 -0.0176
vn -0.9995 -0.0283 -0.0149
vn -0.8615 0.1503 0.4850
vn -0.8640 0.1184 0.4893
vn -0.8666 0.0895 0.4910
vn 0.9983 0.0332 0.0472
vn 0.9987 0.0160 0.0481
vn 0.8764 -0.4766 0.0693
vn 0.8718 -0.4849 0.0695
vn 0.8517 0.5133 0.1055
vn 0.9998 0.0104 0.0189
vn 0.8532 0.5146 0.0855
vn 0.9996 0.0107 0.0244
vn 0.8680 -0.4943 -0.0476
vn 0.8663 -0.4935 -0.0774
vn -0.8587 -0.0060 -0.5124
vn -0.8581 -0.0079 -0.5135
vn -0.9999 -0.0048 -0.0143
vn -0.9999 -0.0046 -0.0139
vn -0.9999 -0.0056 -0.0155
vn -0.8720 0.0041 0.4894
vn -0.8723 -0.0007 0.4889
vn -0.8727 -0.0021 0.4883
vn -0.8717 0.4850 -0.0696
vn -0.5146 0.8544 -0.0725
vn -0.5145 0.8544 -0.0725
vn -0.8717 0.4851 -0.0696
vn -0.0208 0.9982 -0.0562
vn -0.0208 0.9982 -0.0558
vn -0.5146 0.8544 -0.0721
vn -0.8717 0.4851 -0.0693
vn -0.9999 -0.0044 -0.0139
vn -0.8729 -0.0029 0.4880
vn -0.8590 -0.0048 -0.5120
vn -0.0184 0.9365 0.3501
vn 0.4659 0.8280 0.3120
vn 0.4638 0.8026 0.3751
vn -0.0181 0.9057 0.4236
vn 0.8460 0.4833 0.2251
vn 0.8449 0.4654 0.2637
vn 0.4619 0.7687 0.4425
vn -0.0177 0.8650 0.5015
vn 0.8605 0.0037 0.5095
vn 0.8591 0.0037 0.5117
vn 0.9999 0.0043 0.0137
vn 0.8591 0.0039 0.5117
vn 0.9999 0.0043 0.0136
vn 0.8728 0.0037 -0.4880
vn 0.8741 0.0037 -0.4857
vn -0.8719 0.4850 -0.0674
vn -0.5147 0.8546 -0.0692
vn -0.5148 0.8551 -0.0617
vn -0.0206 0.9984 -0.0527
vn -0.8718 0.4849 -0.0696
vn -0.5147 0.8543 -0.0725
vn -0.0209 0.9982 -0.0562
vn 0.8714 -0.4890 0.0393
vn 0.5134 -0.8578 0.0251
vn 0.5123 -0.8588 -0.0004
vn 0.8710 -0.4907 0.0228
vn 0.0203 -0.9998 0.0048
vn 0.0200 -0.9995 -0.0229
vn 0.5106 -0.8592 -0.0312
vn 0.8704 -0.4924 0.0027
vn -0.8565 -0.5159 -0.0135
vn -0.8565 -0.5160 -0.0137
vn -0.4817 -0.8760 0.0242
vn 0.0206 -0.9982 0.0555
vn -0.9987 -0.0160 -0.0481
vn -0.9987 -0.0159 -0.0481
vn 0.4602 0.7252 0.5122
vn -0.0172 0.8134 0.5814
vn 0.8438 0.4419 0.3044
vn 0.8427 0.4129 0.3455
vn 0.4584 0.6722 0.5813
vn -0.0166 0.7510 0.6600
vn -0.9998 -0.0084 -0.0183
vn -0.8723 0.0187 0.4887
vn -0.9998 -0.0126 -0.0184
vn -0.8709 0.0415 0.4897
vn 0.8400 0.3446 0.4192
vn 0.8412 0.3800 0.3846
vn 0.9997 0.0221 -0.0074
vn 0.9997 0.0244 -0.0060
vn 0.9998 0.0192 -0.0073
vn 0.8535 -0.3775 -0.3592
vn 0.8521 -0.3401 -0.3978
vn 0.8512 -0.3017 -0.4293
vn -0.8686 0.4851 0.1014
vn -0.9997 -0.0196 -0.0168
vn -0.9996 -0.0185 -0.0213
vn -0.8698 0.4886 0.0691
vn -0.8454 -0.5169 -0.1347
vn -0.8475 -0.5192 -0.1102
vn -0.9995 -0.0178 -0.0262
vn 0.9987 0.0159 0.0481
vn 0.8565 0.5159 0.0135
vn -0.9997 -0.0166 -0.0176
vn -0.8687 0.0646 0.4911
vn -0.8486 -0.0961 -0.5203
vn -0.4669 -0.8576 -0.2156
vn -0.4700 -0.8661 -0.1703
vn 0.0190 -0.9824 -0.1856
vn -0.4793 -0.8768 -0.0383
vn -0.8540 -0.5184 -0.0438
vn -0.4804 -0.8769 -0.0162
vn 0.5142 -0.8556 0.0597
vn 0.5140 -0.8566 0.0452
vn 0.8715 -0.4876 0.0522
vn 0.0206 -0.9989 0.0423
vn 0.0204 -0.9994 0.0266
vn -0.5031 0.8439 0.1862
vn -0.5006 0.8312 0.2420
vn -0.8674 0.4785 0.1370
vn -0.0186 0.9750 0.2215
vn -0.0185 0.9591 0.2825
vn -0.4981 0.8123 0.3036
vn -0.8662 0.4678 0.1757
vn -0.0160 0.6813 0.7319
vn 0.4564 0.6126 0.6453
vn 0.4547 0.5499 0.7006
vn -0.8719 0.4848 -0.0695
vn -0.8718 0.4848 -0.0696
vn 0.4541 0.4861 0.7466
vn 0.8394 0.3074 0.4482
vn 0.8398 0.2693 0.4714
vn 0.4549 0.4225 0.7840
vn -0.0137 0.0003 0.9999
vn -0.5121 -0.0019 0.8589
vn -0.5121 -0.0007 0.8589
vn -0.0137 0.0017 0.9999
vn -0.5117 0.0009 0.8592
vn -0.0137 0.0036 0.9999
vn -0.4810 -0.8767 0.0013
vn -0.4814 -0.8764 0.0138
vn -0.0163 0.2025 0.9792
vn -0.0164 0.2625 0.9648
vn 0.4653 0.2413 0.8516
vn 0.4705 0.1865 0.8625
vn -0.0163 0.3265 0.9450
vn 0.4607 0.2995 0.8355
vn -0.9997 -0.0210 -0.0129
vn -0.8433 -0.5121 -0.1633
vn -0.9997 -0.0229 -0.0097
vn -0.8412 -0.5039 -0.1961
vn 0.4802 0.0924 0.8723
vn 0.4754 0.1381 0.8689
vn 0.8525 0.0900 0.5150
vn -0.0155 0.0994 0.9949
vn -0.0160 0.1495 0.9886
vn 0.5057 -0.0438 -0.8616
vn 0.5087 -0.0139 -0.8608
vn -0.8670 0.4934 -0.0697
vn -0.5160 0.8536 -0.0723
vn -0.5148 0.8543 -0.0723
vn -0.8718 0.4848 -0.0695
vn -0.5148 0.8542 -0.0724
vn -0.4881 -0.0039 -0.8728
vn -0.4877 -0.0059 -0.8730
vn -0.4868 -0.0090 -0.8735
vn 0.0137 -0.0077 -0.9999
vn -0.4861 0.3350 0.8071
vn -0.8595 0.1846 0.4767
vn -0.0160 0.3936 0.9191
vn -0.4899 0.2763 0.8268
vn -0.4720 -0.1492 -0.8689
vn -0.4666 -0.1986 -0.8619
vn -0.0137 -0.0001 0.9999
vn -0.5121 -0.0022 0.8589
vn -0.0084 -0.0000 1.0000
vn -0.5084 -0.0022 0.8611
vn 0.0163 -0.2758 -0.9611
vn -0.4611 -0.2531 -0.8505
vn 0.4904 -0.7822 -0.3841
vn 0.8589 -0.4589 -0.2275
vn 0.0180 -0.8986 -0.4384
vn 0.0176 -0.8575 -0.5142
vn 0.4876 -0.7465 -0.4529
vn 0.8571 -0.4380 -0.2712
vn 0.8520 -0.2263 -0.4720
vn 0.4787 -0.4002 -0.7814
vn 0.4815 -0.3416 -0.8072
vn 0.8538 -0.1905 -0.4845
vn 0.4854 -0.2852 -0.8265
vn 0.5147 -0.8543 0.0724
vn 0.5147 -0.8543 0.0725
vn 0.4858 0.0175 0.8739
vn 0.4841 0.0468 0.8738
vn -0.0138 0.0169 0.9998
vn -0.0146 0.0493 0.9987
vn 0.4778 -0.5225 -0.7062
vn 0.4794 -0.5849 -0.6543
vn 0.4818 -0.6459 -0.5921
vn 0.5120 0.0022 -0.8590
vn 0.5157 0.0022 -0.8567
vn -0.9994 -0.0327 -0.0107
vn -0.9994 -0.0309 -0.0129
vn 0.5085 -0.8585 -0.0669
vn 0.8693 -0.4938 -0.0208
vn 0.5058 -0.8559 -0.1072
vn 0.5135 -0.8550 0.0723
vn 0.5147 -0.8543 0.0723
vn 0.8717 -0.4850 0.0695
vn 0.4711 0.8584 0.2029
vn 0.4738 0.8664 0.1578
vn -0.0186 0.9857 0.1675
vn 0.4764 0.8712 0.1189
vn 0.9997 0.0257 -0.0011
vn 0.9997 0.0248 0.0017
vn 0.8412 0.2309 0.4889
vn -0.4638 -0.8448 -0.2669
vn -0.4610 -0.8261 -0.3240
vn -0.8563 -0.5163 -0.0151
vn -0.9987 -0.0162 -0.0476
vn 0.9990 0.0133 0.0423
vn 0.9992 0.0126 0.0389
vn 0.9993 0.0118 0.0348
vn -0.4957 0.7857 0.3701
vn -0.8650 0.4523 0.2172
vn -0.4933 0.7502 0.4403
vn -0.8639 0.4311 0.2604
vn 0.4571 0.3600 0.8133
vn 0.8588 0.0057 0.5122
vn 0.4879 0.0054 0.8729
vn 0.4870 0.0081 0.8733
vn 0.8584 0.0075 0.5129
vn -0.0137 0.0066 0.9999
vn 0.4684 0.8461 0.2544
vn 0.5028 -0.8509 -0.1522
vn -0.5057 0.8519 0.1363
vn -0.4855 0.5884 0.6466
vn -0.4883 0.6499 0.5825
vn 0.9999 0.0138 0.0096
vn -0.5109 0.0034 0.8596
vn -0.5100 0.0122 0.8601
vn 0.5106 -0.0042 -0.8598
vn 0.8720 0.0004 -0.4895
vn -0.5095 0.0394 0.8596
vn -0.5071 0.0816 0.8580
vn -0.8375 -0.4738 -0.2722
vn -0.4561 -0.7662 -0.4526
vn -0.4584 -0.8004 -0.3863
vn -0.8393 -0.4915 -0.2326
vn 0.4786 0.8739 0.0852
vn 0.8545 0.5149 0.0686
vn -0.9996 -0.0274 -0.0057
vn -0.9995 -0.0298 -0.0049
vn -0.8359 -0.4503 -0.3139
vn -0.8627 0.4039 0.3043
vn 0.9995 0.0111 0.0299
vn 0.4847 -0.7010 -0.5232
vn 0.8553 -0.4108 -0.3158
vn 0.0171 -0.8058 -0.5920
vn 0.9999 0.0044 0.0136
vn 0.8591 0.0047 0.5118
vn 0.9999 0.0045 0.0137
vn -0.9991 -0.0172 -0.0393
vn -0.8728 0.4873 -0.0268
vn -0.9992 -0.0173 -0.0356
vn 0.4817 0.8760 -0.0248
vn 0.4884 0.0024 0.8726
vn 0.4883 0.0037 0.8727
vn -0.4909 0.7048 0.5121
vn -0.5145 0.8569 -0.0314
vn -0.5137 0.8579 -0.0084
vn 0.9989 0.0140 0.0448
vn 0.4817 0.8760 -0.0244
vn 0.9999 0.0143 -0.0029
vn 0.9998 0.0165 -0.0056
vn 0.4884 0.0021 0.8726
vn 0.4922 0.0021 0.8705
vn 0.4775 -0.4607 -0.7482
vn 0.8512 -0.2636 -0.4539
vn -0.4540 -0.7226 -0.5213
vn 0.5145 -0.8544 0.0723
vn 0.5144 -0.8545 0.0718
vn 0.0206 -0.9984 0.0518
vn -0.4815 -0.8762 0.0213
vn 0.5143 -0.8549 0.0684
vn -0.9997 -0.0250 -0.0073
vn 0.4901 -0.2311 -0.8405
vn -0.9994 -0.0336 -0.0086
vn -0.5148 0.8543 -0.0724
vn 0.4820 0.8759 -0.0218
vn -0.5148 0.8559 -0.0491
vn 0.9999 0.0126 0.0005
vn -0.9994 -0.0175 -0.0312
vn -0.4944 0.2207 0.8407
vn -0.4991 0.1691 0.8499
vn 0.9997 0.0256 -0.0038
vn 0.9999 0.0047 0.0136
vn 0.4817 0.8760 -0.0247
vn -0.5032 0.1239 0.8552
vn -0.0155 -0.9983 0.0560
vn -0.0158 -0.9996 0.0228
vn 0.3982 -0.9166 0.0360
vn 0.3968 -0.9156 0.0645
vn -0.0161 -0.9999 -0.0048
vn 0.3990 -0.9168 0.0124
vn 0.7139 -0.6997 0.0260
vn 0.7127 -0.7002 0.0423
vn 0.7110 -0.7004 0.0621
vn -0.4513 0.2991 -0.8408
vn -0.4480 0.3600 -0.8184
vn -0.7818 0.2596 -0.5670
vn -0.7848 0.2161 -0.5809
vn -0.4460 0.4228 -0.7889
vn -0.7799 0.3039 -0.5471
vn -0.9644 0.1392 -0.2249
vn -0.9647 0.1204 -0.2342
vn -0.9653 0.1012 -0.2407
vn 0.7151 -0.0101 0.6989
vn 0.7163 -0.0054 0.6978
vn 0.4027 -0.0070 0.9153
vn 0.4015 -0.0131 0.9158
vn 0.7168 -0.0012 0.6972
vn 0.4032 -0.0016 0.9151
vn -0.0137 -0.0017 0.9999
vn -0.0138 -0.0074 0.9999
vn -0.0137 -0.0140 0.9998
vn 0.9756 0.0021 -0.2196
vn 0.9758 0.0011 -0.2187
vn 0.9620 -0.0024 0.2730
vn 0.9618 -0.0044 0.2736
vn 0.9758 0.0003 -0.2188
vn 0.9622 -0.0005 0.2723
vn 0.6880 -0.6264 0.3665
vn 0.3764 -0.7967 0.4728
vn 0.3786 -0.8330 0.4034
vn 0.6906 -0.6522 0.3126
vn -0.0140 -0.8576 0.5142
vn -0.0143 -0.8987 0.4384
vn -0.0145 -0.9303 0.3666
vn 0.3811 -0.8605 0.3382
vn 0.6934 -0.6710 0.2625
vn -0.4465 0.5511 -0.7049
vn 0.0131 0.6087 -0.7933
vn 0.0130 0.6814 -0.7318
vn -0.4485 0.6142 -0.6493
vn 0.4706 0.5302 -0.7053
vn 0.4724 0.5946 -0.6506
vn 0.4748 0.6565 -0.5862
vn 0.0132 0.7511 -0.6600
vn -0.4507 0.6743 -0.5850
vn 0.6863 -0.2564 0.6807
vn 0.3742 -0.3196 0.8705
vn 0.3710 -0.3798 0.8474
vn 0.6824 -0.3054 0.6641
vn -0.0148 -0.3378 0.9411
vn -0.0142 -0.4016 0.9157
vn -0.0137 -0.4674 0.8839
vn 0.3691 -0.4415 0.8178
vn 0.6800 -0.3552 0.6415
vn 0.4997 0.0103 -0.8661
vn 0.5011 0.0055 -0.8654
vn 0.8223 0.0035 -0.5691
vn 0.8212 0.0066 -0.5706
vn 0.5012 0.0012 -0.8653
vn 0.8224 0.0008 -0.5689
vn -0.9684 0.0114 -0.2490
vn -0.9687 0.0057 -0.2480
vn -0.8032 0.0119 -0.5956
vn -0.8007 0.0238 -0.5985
vn -0.9691 0.0038 -0.2465
vn -0.8052 0.0080 -0.5930
vn -0.4757 0.0111 -0.8795
vn -0.4734 0.0165 -0.8807
vn -0.4706 0.0328 -0.8817
vn -0.0128 -0.0408 0.9991
vn -0.4193 -0.0359 0.9072
vn -0.4145 -0.0930 0.9053
vn -0.0133 -0.1054 0.9943
vn -0.7271 -0.0258 0.6860
vn -0.7215 -0.0676 0.6891
vn -0.7173 -0.1300 0.6845
vn -0.4108 -0.1771 0.8944
vn -0.0146 -0.1997 0.9798
vn 0.7060 -0.6994 0.1112
vn 0.3925 -0.9099 0.1345
vn 0.3949 -0.9135 0.0974
vn 0.7088 -0.7003 0.0851
vn -0.0149 -0.9904 0.1374
vn -0.0152 -0.9954 0.0944
vn -0.4241 -0.9049 0.0365
vn -0.4257 -0.9048 0.0046
vn -0.7301 -0.6833 0.0126
vn -0.7314 -0.6819 -0.0131
vn -0.7321 -0.6803 -0.0343
vn -0.4268 -0.9041 -0.0219
vn -0.9694 0.0020 -0.2454
vn -0.8063 0.0042 -0.5915
vn -0.9694 0.0005 -0.2454
vn -0.8065 0.0009 -0.5912
vn -0.4773 0.0013 -0.8787
vn -0.4770 0.0059 -0.8789
vn -0.7341 -0.0087 0.6790
vn -0.7352 -0.0046 0.6778
vn -0.9691 -0.0014 0.2465
vn -0.9690 -0.0026 0.2469
vn -0.7357 -0.0010 0.6773
vn -0.9693 -0.0003 0.2459
vn -0.4749 0.8799 0.0159
vn 0.0162 0.9989 0.0446
vn 0.0165 0.9985 0.0526
vn -0.4746 0.8799 0.0226
vn 0.5003 0.8637 0.0615
vn 0.5002 0.8632 0.0690
vn 0.5001 0.8630 0.0719
vn 0.0166 0.9983 0.0557
vn -0.4744 0.8800 0.0252
vn -0.7330 -0.6763 -0.0732
vn -0.4280 -0.9010 -0.0707
vn -0.7354 -0.6737 -0.0732
vn -0.4258 -0.9020 -0.0707
vn -0.0054 -0.9984 -0.0555
vn -0.0165 -0.9983 -0.0560
vn -0.7087 -0.6027 0.3667
vn -0.4024 -0.7836 0.4733
vn -0.3998 -0.7360 0.5464
vn -0.7061 -0.5661 0.4253
vn -0.0137 -0.8058 0.5920
vn -0.0132 -0.7435 0.6686
vn -0.3972 -0.6784 0.6180
vn -0.7035 -0.5216 0.4826
vn 0.4782 0.2805 -0.8323
vn 0.8038 0.1836 -0.5659
vn 0.8006 0.2239 -0.5558
vn 0.4742 0.3396 -0.8123
vn 0.9732 0.0607 -0.2220
vn 0.9726 0.0756 -0.2199
vn 0.9722 0.0918 -0.2153
vn 0.7985 0.2663 -0.5400
vn 0.4714 0.4014 -0.7853
vn 0.3992 -0.0194 0.9167
vn 0.7125 -0.0151 0.7015
vn -0.0133 -0.0207 0.9997
vn 0.3954 -0.0383 0.9177
vn 0.7082 -0.0300 0.7053
vn 0.9736 0.1934 -0.1213
vn 0.9738 0.2043 -0.0998
vn 0.8068 0.5336 -0.2536
vn 0.8052 0.5095 -0.3035
vn 0.9740 0.2124 -0.0787
vn 0.8086 0.5512 -0.2060
vn 0.4839 0.8200 -0.3057
vn 0.4817 0.7932 -0.3726
vn 0.4795 0.7574 -0.4432
vn 0.0131 0.0359 -0.9993
vn 0.0141 0.0954 -0.9953
vn -0.4680 0.0872 -0.8794
vn 0.4940 0.0306 -0.8689
vn 0.4930 0.0813 -0.8662
vn 0.4890 0.1587 -0.8577
vn 0.0152 0.1862 -0.9824
vn -0.4622 0.1705 -0.8702
vn -0.7013 -0.3200 0.6370
vn -0.7043 -0.2717 0.6559
vn -0.9628 -0.0913 0.2542
vn -0.9622 -0.1099 0.2493
vn -0.7084 -0.2256 0.6688
vn -0.9637 -0.0742 0.2566
vn -0.9677 0.0579 -0.2453
vn -0.9661 0.0820 -0.2447
vn -0.9646 -0.0586 0.2572
vn -0.9647 -0.0419 0.2600
vn -0.7132 -0.1817 0.6770
vn -0.9647 0.1741 -0.1978
vn -0.9616 -0.1507 0.2294
vn -0.9617 -0.1298 0.2412
vn -0.9644 0.1573 -0.2127
vn -0.7000 -0.4209 0.5770
vn -0.6999 -0.3699 0.6110
vn -0.7013 -0.4720 0.5342
vn -0.9617 -0.1722 0.2133
vn -0.9620 -0.1933 0.1927
vn -0.9651 0.1896 -0.1805
vn -0.9657 0.2034 -0.1617
vn 0.8170 0.0198 -0.5763
vn 0.8160 0.0524 -0.5757
vn 0.9751 0.0064 -0.2216
vn 0.9755 0.0166 -0.2192
vn 0.9749 0.0324 -0.2201
vn 0.8125 0.1024 -0.5739
vn 0.9744 0.2214 -0.0394
vn 0.8123 0.5705 -0.1211
vn 0.8104 0.5631 -0.1617
vn 0.9742 0.2180 -0.0584
vn 0.4888 0.8520 -0.1877
vn 0.4863 0.8391 -0.2438
vn -0.4278 -0.0065 0.9039
vn -0.4282 -0.0015 0.9037
vn -0.4265 -0.0122 0.9044
vn 0.0140 0.8650 -0.5015
vn 0.0136 0.8135 -0.5814
vn 0.4772 0.7118 -0.5154
vn -0.4544 0.7715 -0.4453
vn -0.4526 0.7276 -0.5154
vn -0.0166 -0.9983 -0.0561
vn -0.0165 -0.9983 -0.0561
vn 0.3999 -0.9160 -0.0313
vn 0.3999 -0.9160 -0.0312
vn 0.7155 -0.6986 -0.0038
vn 0.7156 -0.6985 -0.0038
vn 0.9734 0.2212 0.0598
vn 0.8191 0.5692 0.0715
vn 0.5002 0.8629 0.0722
vn 0.5001 0.8629 0.0723
vn 0.8190 0.5693 0.0716
vn 0.3685 -0.5045 0.7808
vn 0.6791 -0.4053 0.6120
vn -0.0132 -0.5353 0.8446
vn -0.0129 -0.6047 0.7964
vn 0.3691 -0.5685 0.7353
vn 0.6796 -0.4552 0.5753
vn 0.4979 0.8670 -0.0205
vn 0.4992 0.8665 0.0079
vn 0.0153 0.9998 -0.0126
vn 0.0150 0.9990 -0.0429
vn 0.4999 0.8655 0.0310
vn 0.0156 0.9998 0.0120
vn -0.4749 0.8800 -0.0109
vn -0.4743 0.8798 -0.0312
vn -0.4731 0.8793 -0.0560
vn 0.9538 -0.1369 0.2675
vn 0.9532 -0.1580 0.2578
vn 0.9547 -0.1156 0.2743
vn 0.6962 -0.1501 0.7020
vn 0.6911 -0.2086 0.6920
vn 0.9558 -0.0942 0.2786
vn 0.9563 -0.0682 0.2843
vn 0.9738 0.0473 -0.2224
vn 0.9529 -0.1983 0.2293
vn 0.9529 -0.1786 0.2450
vn 0.9722 0.1272 -0.1966
vn 0.9721 0.1092 -0.2077
vn 0.9730 0.1631 -0.1633
vn 0.9726 0.1453 -0.1817
vn 0.9532 -0.2169 0.2108
vn 0.9535 -0.2342 0.1897
vn 0.6811 -0.5043 0.5308
vn 0.6832 -0.5513 0.4789
vn -0.7327 -0.6777 -0.0628
vn -0.4277 -0.9021 -0.0576
vn -0.4274 -0.9031 -0.0426
vn -0.7325 -0.6788 -0.0509
vn -0.0164 -0.9990 -0.0422
vn -0.0163 -0.9995 -0.0265
vn -0.7114 -0.6311 0.3093
vn -0.4050 -0.8212 0.4019
vn -0.7141 -0.6520 0.2547
vn -0.4077 -0.8498 0.3342
vn -0.4745 0.8799 0.0256
vn -0.8057 0.5923 -0.0065
vn -0.8057 0.5922 -0.0066
vn -0.9691 0.2444 -0.0338
vn -0.9691 0.2443 -0.0338
vn -0.4744 0.8799 0.0256
vn -0.8048 0.5921 -0.0411
vn -0.8037 0.5924 -0.0561
vn -0.8056 0.5918 -0.0289
vn -0.9692 0.2430 -0.0393
vn -0.9691 0.2428 -0.0422
vn -0.9690 0.2428 -0.0458
vn -0.9686 -0.0039 0.2487
vn -0.9675 -0.0078 0.2527
vn -0.7314 -0.0130 0.6818
vn 0.3995 -0.9167 -0.0061
vn 0.7147 -0.6993 0.0133
vn 0.3997 -0.9164 -0.0194
vn 0.7151 -0.6990 0.0042
vn -0.9663 0.2249 -0.1248
vn -0.9632 -0.2271 0.1437
vn -0.9626 -0.2119 0.1687
vn -0.9660 0.2154 -0.1428
vn -0.9638 -0.2386 0.1187
vn -0.9645 -0.2468 0.0945
vn -0.9667 0.2320 -0.1082
vn -0.9670 0.2370 -0.0933
vn -0.9678 0.2420 -0.0698
vn -0.9656 -0.2551 0.0502
vn -0.9650 -0.2521 0.0716
vn -0.9674 0.2402 -0.0805
vn -0.7200 -0.6760 0.1571
vn -0.7170 -0.6666 0.2038
vn -0.7258 -0.6836 0.0767
vn -0.7230 -0.6813 0.1148
vn -0.9662 -0.2562 0.0302
vn -0.9666 -0.2561 0.0118
vn -0.9681 0.2428 -0.0613
vn -0.9685 0.2431 -0.0549
vn -0.4067 -0.2458 0.8799
vn -0.4019 -0.3023 0.8643
vn -0.0151 -0.2759 0.9611
vn 0.0165 0.9983 0.0562
vn 0.0166 0.9983 0.0562
vn 0.5001 0.8630 0.0723
vn 0.4829 0.2245 -0.8464
vn 0.0153 0.2626 -0.9648
vn 0.0150 0.3266 -0.9451
vn -0.4556 0.2406 -0.8570
vn 0.0144 0.3937 -0.9191
vn 0.0139 0.4636 -0.8860
vn -0.4133 -0.8851 0.2137
vn -0.4104 -0.8706 0.2712
vn -0.0146 -0.9707 0.2398
vn -0.0146 -0.9538 0.3002
vn 0.3998 -0.9162 -0.0275
vn 0.7154 -0.6987 -0.0012
vn -0.0166 -0.9985 -0.0517
vn -0.0166 -0.9983 -0.0555
vn 0.3998 -0.9161 -0.0307
vn 0.7155 -0.6986 -0.0034
vn 0.9734 0.2211 0.0598
vn 0.8191 0.5692 0.0716
vn 0.8191 0.5691 0.0715
vn 0.9708 0.2322 0.0603
vn 0.8160 0.5736 0.0717
vn 0.5017 0.8620 0.0723
vn -0.4563 0.8057 -0.3775
vn -0.7893 0.5556 -0.2614
vn -0.7875 0.5344 -0.3069
vn -0.4585 0.8314 -0.3140
vn -0.7913 0.5709 -0.2192
vn -0.7328 -0.6765 -0.0732
vn -0.4280 -0.9010 -0.0708
vn -0.4279 -0.9011 -0.0702
vn -0.7328 -0.6766 -0.0728
vn 0.9548 -0.2593 0.1454
vn 0.9541 -0.2485 0.1672
vn 0.6855 -0.5928 0.4227
vn 0.9733 0.1795 -0.1428
vn 0.9555 -0.2671 0.1252
vn 0.9563 -0.2721 0.1071
vn 0.6997 -0.6923 0.1766
vn 0.9579 -0.2764 0.0783
vn 0.9571 -0.2751 0.0914
vn 0.6964 -0.6840 0.2170
vn 0.9746 0.2237 -0.0050
vn 0.9745 0.2232 -0.0216
vn 0.9586 -0.2765 0.0677
vn 0.9593 -0.2760 0.0595
vn 0.7029 -0.6971 0.1414
vn -0.7887 0.1738 -0.5897
vn -0.7944 0.1229 -0.5949
vn 0.4974 -0.0000 -0.8675
vn 0.8211 -0.0000 -0.5707
vn 0.8223 -0.0000 -0.5690
vn 0.5011 -0.0000 -0.8654
vn 0.9755 -0.0000 -0.2199
vn 0.9757 -0.0000 -0.2190
vn -0.3978 -0.3612 0.8434
vn -0.3949 -0.4222 0.8159
vn 0.0147 0.9968 -0.0787
vn 0.4960 0.8666 -0.0542
vn -0.4713 0.8778 -0.0853
vn -0.4690 0.8751 -0.1193
vn 0.0145 0.9927 -0.1201
vn 0.4937 0.8646 -0.0931
vn 0.3897 -0.0992 0.9156
vn 0.7020 -0.0784 0.7079
vn 0.3837 -0.1885 0.9040
vn -0.8060 0.5918 -0.0125
vn -0.8059 0.5917 -0.0193
vn -0.4751 0.8799 0.0048
vn -0.9693 0.2435 -0.0354
vn -0.9693 0.2432 -0.0370
vn 0.0166 0.9983 0.0561
vn 0.0284 0.9980 0.0567
vn -0.4575 0.8888 0.0269
vn -0.9670 -0.2540 -0.0197
vn -0.9669 -0.2553 -0.0050
vn -0.9688 0.2430 -0.0500
vn -0.7282 -0.6841 0.0426
vn -0.9671 -0.2525 -0.0322
vn -0.9670 -0.2511 -0.0424
vn -0.9669 -0.2489 -0.0561
vn -0.9670 -0.2499 -0.0504
vn -0.7327 -0.6769 -0.0700
vn -0.9669 -0.2481 -0.0595
vn -0.9670 -0.2476 -0.0607
vn -0.9692 0.2439 -0.0343
vn -0.9691 0.2442 -0.0339
vn 0.9737 0.2210 0.0554
vn 0.9735 0.2211 0.0584
vn 0.8191 0.5695 0.0691
vn 0.8194 0.5697 0.0634
vn 0.9734 0.2213 0.0596
vn 0.8190 0.5694 0.0713
vn 0.0134 0.0180 -0.9997
vn 0.0137 0.0121 -0.9998
vn 0.4970 0.0153 -0.8676
vn -0.4811 -0.0000 -0.8766
vn -0.4773 -0.0000 -0.8788
vn -0.8065 -0.0000 -0.5913
vn -0.8077 -0.0000 -0.5896
vn -0.9694 -0.0000 -0.2456
vn -0.9696 -0.0000 -0.2447
vn 0.9753 0.0032 -0.2209
vn 0.9613 -0.0066 0.2755
vn 0.9600 -0.0132 0.2796
vn -0.7377 -0.0000 0.6752
vn -0.7358 -0.0000 0.6772
vn -0.4283 -0.0000 0.9037
vn -0.4313 -0.0000 0.9022
vn -0.0137 -0.0000 0.9999
vn -0.0185 -0.0000 0.9998
vn 0.0087 -0.0000 -1.0000
vn 0.0137 -0.0000 -0.9999
vn 0.0138 0.0014 -0.9999
vn -0.0129 -0.6748 0.7379
vn 0.3705 -0.6324 0.6802
vn 0.3723 -0.6947 0.6155
vn 0.8075 0.1460 -0.5715
vn 0.0139 0.0064 -0.9999
vn -0.8059 0.5920 -0.0084
vn -0.8058 0.5922 -0.0068
vn 0.9604 -0.2745 0.0474
vn 0.9599 -0.2753 0.0530
vn 0.9746 0.2227 0.0232
vn 0.9747 0.2234 0.0100
vn 0.9742 0.2214 0.0433
vn 0.9744 0.2220 0.0343
vn 0.9608 -0.2738 0.0426
vn 0.9612 -0.2732 0.0387
vn 0.9617 -0.2721 0.0337
vn 0.9615 -0.2726 0.0357
vn 0.9740 0.2211 0.0504
vn 0.9619 -0.2716 0.0325
vn 0.9620 -0.2712 0.0320
vn 0.8035 0.4784 -0.3544
vn 0.8016 0.4406 -0.4042
vn 0.0134 0.5356 -0.8444
vn 0.4702 0.4653 -0.7499
vn -0.4456 0.4868 -0.7513
vn 0.7156 -0.6985 -0.0037
vn 0.7155 -0.6986 -0.0037
vn 0.4000 -0.9160 -0.0311
vn -0.7990 0.0629 -0.5980
vn -0.9687 0.0299 -0.2463
vn 0.0145 0.9750 -0.2216
vn 0.0145 0.9591 -0.2826
vn -0.4636 0.8622 -0.2041
vn -0.4610 0.8497 -0.2560
vn 0.0145 0.9366 -0.3502
vn -0.7956 0.5875 -0.1476
vn -0.7934 0.5812 -0.1811
vn 0.8142 0.5744 -0.0845
vn 0.8160 0.5757 -0.0517
vn 0.4913 0.8601 -0.1375
vn -0.9670 -0.2473 -0.0609
vn -0.7329 -0.6764 -0.0732
vn -0.7329 -0.6764 -0.0733
vn -0.9670 -0.2472 -0.0609
vn -0.9652 0.2594 -0.0328
vn -0.9708 -0.2321 -0.0603
vn -0.9670 -0.2474 -0.0609
vn -0.9670 -0.2475 -0.0609
vn 0.3743 -0.7506 0.5445
vn 0.8187 0.5742 0.0024
vn 0.8175 0.5754 -0.0227
vn 0.3838 -0.8805 0.2783
vn 0.3867 -0.8945 0.2243
vn 0.0159 0.9994 0.0311
vn 0.5002 0.8645 0.0489
vn -0.4279 -0.9010 -0.0708
vn -0.4278 -0.9014 -0.0666
vn -0.4163 -0.8947 0.1618
vn -0.4192 -0.9005 0.1152
vn -0.0147 -0.9825 0.1856
vn -0.3936 -0.5497 0.7368
vn -0.3935 -0.4852 0.7809
vn 0.0143 0.9057 -0.4237
vn -0.7858 0.5067 -0.3546
vn -0.7840 0.4724 -0.4027
vn 0.9620 -0.2713 0.0319
vn 0.9620 -0.2712 0.0319
vn 0.7271 -0.6866 -0.0025
vn 0.9680 -0.2487 0.0335
vn 0.9620 -0.2711 0.0319
vn 0.9734 0.2213 0.0598
vn 0.3897 -0.9039 0.1765
vn 0.0145 0.9858 -0.1675
vn -0.4664 0.8702 -0.1586
vn -0.4219 -0.9037 0.0735
vn 0.7980 0.3545 -0.4873
vn 0.7995 0.3985 -0.4494
vn 0.0165 0.9983 0.0561
vn -0.7819 0.4334 -0.4480
vn -0.7802 0.3917 -0.4877
vn 0.3998 -0.9161 -0.0312
vn -0.3950 -0.6148 0.6827
vn 0.7151 -0.0000 0.6990
vn 0.4003 -0.0000 0.9164
vn 0.4033 -0.0000 0.9150
vn 0.7170 -0.0000 0.6971
vn 0.9575 -0.0353 0.2862
vn -0.4236 -0.0181 0.9057
vn 0.8196 0.5703 0.0540
vn 0.8197 0.5713 0.0407
vn -0.7979 0.5909 -0.1188
vn -0.8001 0.5923 -0.0945
vn -0.8021 0.5926 -0.0739
vn -0.7966 0.6045 -0.0055
vn -0.7794 0.3482 -0.5208
vn 0.8194 0.5727 0.0235
vn 0.7976 0.3101 -0.5174
vn 0.4001 -0.9160 -0.0311
vn 0.4119 -0.9107 -0.0303
vn -0.9654 -0.0213 0.2600
vn 0.8193 0.0099 -0.5733
vn 0.8190 0.5694 0.0716
vn 0.9619 -0.0000 0.2734
vn 0.9623 -0.0000 0.2720
vn -0.9694 -0.0000 0.2456
vn -0.9697 -0.0000 0.2441
vn 0.3785 -0.2609 0.8881
vn -0.6006 0.0421 -0.7985
vn -0.5961 0.0484 -0.8014
vn -0.8548 0.0758 -0.5134
vn -0.8594 0.0580 -0.5080
vn -0.5871 0.0426 -0.8084
vn -0.8471 0.0790 -0.5256
vn -0.9830 0.1030 -0.1518
vn -0.9855 0.0910 -0.1429
vn -0.9883 0.0647 -0.1382
vn 0.1354 -0.0044 -0.9908
vn 0.1345 -0.0211 -0.9907
vn -0.2502 0.0145 -0.9681
vn -0.2520 0.0201 -0.9675
vn 0.1334 -0.0402 -0.9902
vn -0.2460 0.0010 -0.9693
vn 0.7953 -0.0474 -0.6043
vn 0.7923 -0.0773 -0.6052
vn 0.5011 -0.0532 -0.8638
vn 0.5036 -0.0280 -0.8635
vn 0.7889 -0.0992 -0.6065
vn 0.4974 -0.0752 -0.8643
vn 0.9887 -0.0641 0.1355
vn 0.9863 -0.0913 0.1375
vn 0.9631 -0.0905 -0.2537
vn 0.9655 -0.0600 -0.2535
vn 0.9834 -0.1042 0.1484
vn 0.9618 -0.1092 -0.2511
vn 0.6044 -0.0462 0.7953
vn 0.5996 -0.0578 0.7982
vn 0.8580 -0.0800 0.5075
vn 0.8618 -0.0594 0.5038
vn 0.5851 -0.0553 0.8090
vn 0.8482 -0.0853 0.5228
vn -0.1309 -0.0017 0.9914
vn -0.1312 0.0084 0.9913
vn 0.2526 -0.0271 0.9672
vn 0.2560 -0.0261 0.9663
vn -0.1324 0.0228 0.9909
vn 0.2422 -0.0180 0.9701
vn -0.7926 0.0458 0.6080
vn -0.7902 0.0730 0.6085
vn -0.4969 0.0438 0.8667
vn -0.4990 0.0237 0.8663
vn -0.7845 0.0928 0.6132
vn -0.4912 0.0620 0.8688
vn -0.9632 0.0901 0.2531
vn -0.9652 0.0605 0.2546
vn -0.9613 0.1081 0.2533
vn 0.9788 0.1070 -0.1748
vn 0.9742 0.1284 -0.1858
vn 0.8122 0.3405 -0.4737
vn 0.8315 0.2931 -0.4719
vn 0.9679 0.1463 -0.2045
vn 0.7921 0.3641 -0.4898
vn 0.4916 0.5189 -0.6994
vn 0.5206 0.4980 -0.6935
vn 0.5479 0.4406 -0.7111
vn 0.1433 0.5780 -0.8033
vn 0.1602 0.5205 -0.8387
vn 0.1183 0.5925 -0.7968
vn -0.2677 0.5801 -0.7693
vn -0.2542 0.5694 -0.7818
vn -0.2577 0.5124 -0.8192
vn -0.6056 0.4757 -0.6380
vn -0.6198 0.4200 -0.6629
vn -0.6073 0.4865 -0.6281
vn -0.8579 0.3228 -0.3999
vn -0.8609 0.3111 -0.4027
vn -0.8702 0.2664 -0.4143
vn -0.9885 0.0970 -0.1162
vn -0.9894 0.0786 -0.1221
vn -0.9869 0.1071 -0.1204
vn -0.9758 -0.1343 0.1723
vn -0.9735 -0.1391 0.1816
vn -0.9764 -0.1217 0.1785
vn -0.8119 -0.3655 0.4552
vn -0.8293 -0.3149 0.4617
vn -0.8171 -0.3693 0.4426
vn -0.5230 -0.5542 0.6476
vn -0.5145 -0.5429 0.6637
vn -0.5440 -0.4743 0.6922
vn -0.1312 -0.6307 0.7648
vn -0.1526 -0.5596 0.8146
vn -0.1428 -0.6475 0.7486
vn 0.2456 -0.6349 0.7325
vn 0.2590 -0.6149 0.7448
vn 0.2626 -0.5461 0.7955
vn 0.5984 -0.5091 0.6187
vn 0.6149 -0.4443 0.6515
vn 0.5891 -0.5286 0.6112
vn 0.8515 -0.3435 0.3963
vn 0.8526 -0.3319 0.4036
vn 0.8612 -0.2845 0.4212
vn 0.9866 -0.1076 0.1223
vn 0.9865 -0.0927 0.1349
vn 0.9885 -0.1043 0.1093
vn 0.8544 0.1930 -0.4824
vn 0.9835 0.0704 -0.1664
vn 0.5848 0.2966 -0.7550
vn 0.6034 0.1165 -0.7889
vn 0.8635 0.0819 -0.4976
vn 0.9848 0.0396 -0.1694
vn -0.2486 0.1275 -0.9602
vn 0.2075 0.1347 -0.9689
vn 0.1870 0.3572 -0.9151
vn -0.2593 0.3508 -0.8998
vn -0.8834 0.0516 -0.4658
vn -0.6372 0.0960 -0.7647
vn -0.6381 0.2794 -0.7174
vn -0.8829 0.1684 -0.4383
vn -0.9822 -0.0423 0.1829
vn -0.9903 0.0040 -0.1387
vn -0.9910 0.0421 -0.1270
vn -0.9790 -0.0869 0.1844
vn -0.6256 -0.1258 0.7699
vn -0.8674 -0.0863 0.4900
vn -0.8503 -0.2115 0.4820
vn -0.5879 -0.3203 0.7428
vn 0.2552 -0.1406 0.9566
vn -0.2318 -0.1495 0.9612
vn -0.1929 -0.3842 0.9029
vn 0.2616 -0.3745 0.8896
vn 0.8835 -0.0539 0.4653
vn 0.6541 -0.1021 0.7495
vn 0.6379 -0.2963 0.7109
vn 0.8736 -0.1832 0.4509
vn 0.9867 -0.0573 0.1520
vn 0.9876 -0.0061 0.1567
vn 0.8602 0.1057 0.4989
vn 0.9829 0.0711 0.1698
vn 0.9839 0.0569 0.1693
vn 0.8616 0.0953 0.4985
vn 0.9820 0.0267 -0.1870
vn 0.9822 0.0104 -0.1875
vn 0.9779 0.0032 -0.2090
vn 0.9868 0.0506 0.1538
vn 0.8667 0.0906 0.4905
vn 0.2115 0.1309 0.9686
vn 0.6097 0.1280 0.7823
vn 0.6113 0.1230 0.7818
vn 0.2134 0.1329 0.9679
vn 0.6123 0.1203 0.7814
vn 0.2016 0.1320 0.9705
vn -0.6086 0.0681 0.7905
vn -0.2432 0.1076 0.9640
vn -0.2410 0.1163 0.9635
vn -0.6069 0.0814 0.7906
vn -0.2614 0.1161 0.9582
vn -0.6256 0.0816 0.7759
vn -0.9823 -0.0241 0.1856
vn -0.8544 0.0228 0.5192
vn -0.8538 0.0383 0.5193
vn -0.9827 -0.0088 0.1849
vn -0.8657 0.0389 0.4990
vn -0.9866 -0.0077 0.1628
vn -0.8483 -0.1037 -0.5192
vn -0.9824 -0.0680 -0.1743
vn -0.9829 -0.0547 -0.1757
vn -0.8484 -0.0944 -0.5208
vn -0.9798 -0.0528 -0.1928
vn -0.8432 -0.0920 -0.5296
vn -0.2166 -0.1288 -0.9677
vn -0.5846 -0.1258 -0.8015
vn -0.5843 -0.1219 -0.8023
vn -0.2165 -0.1312 -0.9674
vn -0.5845 -0.1196 -0.8025
vn -0.2279 -0.1303 -0.9649
vn 0.5500 -0.0904 -0.8303
vn 0.5718 -0.0855 -0.8159
vn 0.1957 -0.1185 -0.9735
vn 0.1753 -0.1203 -0.9771
vn 0.5729 -0.0719 -0.8165
vn 0.1964 -0.1098 -0.9744
vn -0.9907 0.0191 -0.1351
vn -0.9666 0.0191 0.2555
vn -0.9667 0.0085 0.2558
vn -0.9909 0.0072 -0.1341
vn -0.7945 0.0159 0.6071
vn -0.7948 0.0084 0.6068
vn -0.7940 0.0059 0.6079
vn -0.9663 0.0050 0.2574
vn -0.9912 0.0033 -0.1325
vn -0.9662 0.0356 0.2552
vn -0.9900 0.0380 -0.1361
vn -0.7939 0.0272 0.6074
vn -0.1319 0.0047 0.9912
vn -0.5009 0.0057 0.8655
vn -0.5018 0.0069 0.8649
vn -0.1327 0.0043 0.9911
vn -0.5012 0.0101 0.8653
vn -0.1322 0.0029 0.9912
vn -0.5004 0.0144 0.8657
vn -0.1317 -0.0004 0.9913
vn 0.6065 0.0012 0.7951
vn 0.2568 0.0032 0.9665
vn 0.2564 0.0013 0.9666
vn 0.6065 -0.0018 0.7951
vn 0.2565 -0.0045 0.9665
vn 0.6063 -0.0111 0.7952
vn 0.2563 -0.0147 0.9665
vn 0.6056 -0.0266 0.7953
vn 0.9909 -0.0027 0.1347
vn 0.8642 -0.0008 0.5031
vn 0.8645 -0.0045 0.5027
vn 0.9910 -0.0065 0.1338
vn 0.8641 -0.0158 0.5031
vn 0.9907 -0.0182 0.1345
vn 0.8633 -0.0343 0.5035
vn 0.9901 -0.0371 0.1352
vn 0.7961 -0.0049 -0.6052
vn 0.9671 -0.0041 -0.2545
vn 0.9668 -0.0076 -0.2554
vn 0.7955 -0.0075 -0.6060
vn 0.9669 -0.0180 -0.2546
vn 0.7959 -0.0151 -0.6053
vn 0.9666 -0.0345 -0.2538
vn 0.7961 -0.0269 -0.6046
vn 0.1343 -0.0045 -0.9909
vn 0.5036 -0.0051 -0.8639
vn 0.5028 -0.0063 -0.8644
vn 0.1337 -0.0043 -0.9910
vn 0.5034 -0.0100 -0.8640
vn 0.1344 -0.0036 -0.9909
vn 0.5038 -0.0154 -0.8637
vn 0.1348 -0.0017 -0.9909
vn -0.6064 -0.0013 -0.7952
vn -0.2555 -0.0032 -0.9668
vn -0.2555 -0.0016 -0.9668
vn -0.6058 0.0016 -0.7956
vn -0.2546 0.0035 -0.9670
vn -0.6047 0.0104 -0.7964
vn -0.2537 0.0124 -0.9672
vn -0.6033 0.0250 -0.7971
vn -0.8641 0.0047 -0.5033
vn -0.8633 0.0159 -0.5045
vn -0.8648 0.0010 -0.5022
vn -0.8620 0.0341 -0.5057
vn 0.9812 0.0572 -0.1845
vn 0.8472 0.0133 -0.5312
vn 0.8452 -0.0233 -0.5339
vn 0.9796 0.0829 -0.1829
vn 0.8487 0.0486 -0.5266
vn 0.5821 0.0056 -0.8131
vn 0.5770 -0.0347 -0.8160
vn -0.6358 -0.0058 0.7719
vn -0.6387 -0.0187 0.7692
vn -0.2496 -0.0032 0.9683
vn -0.2528 0.0328 0.9670
vn 0.2484 0.0150 0.9685
vn 0.2387 0.0677 0.9687
vn 0.8446 -0.0395 -0.5339
vn 0.8307 -0.0463 -0.5548
vn 0.8783 0.0861 0.4703
vn 0.8847 0.0364 0.4648
vn 0.9873 0.0391 0.1539
vn 0.9846 0.0787 0.1562
vn 0.9837 0.0382 -0.1759
vn 0.9817 0.0644 -0.1791
vn 0.1995 -0.0786 -0.9768
vn -0.2168 -0.1090 -0.9701
vn 0.2041 -0.0406 -0.9781
vn -0.2170 -0.0807 -0.9728
vn -0.2258 -0.0513 -0.9728
vn -0.2344 -0.0084 -0.9721
vn -0.6221 -0.0234 -0.7826
vn -0.6083 -0.0733 -0.7903
vn -0.8741 -0.0332 -0.4847
vn -0.8640 -0.0817 -0.4968
vn -0.9827 -0.0625 0.1745
vn -0.8700 -0.0382 0.4915
vn -0.8637 -0.0535 0.5012
vn -0.9805 -0.0836 0.1778
vn -0.6270 -0.0132 0.7789
vn -0.6184 -0.0010 0.7859
vn -0.8583 -0.0448 0.5112
vn -0.9799 -0.0801 0.1826
vn -0.5865 -0.1202 -0.8010
vn -0.8491 -0.1121 -0.5162
vn -0.5898 -0.1061 -0.8006
vn -0.8508 -0.1135 -0.5130
vn -0.9812 -0.0885 -0.1715
vn -0.9811 -0.0535 0.1859
vn -0.9799 -0.1040 -0.1700
vn 0.6560 0.0292 0.7542
vn 0.6458 0.0848 0.7588
vn -0.8555 -0.0112 0.5177
vn -0.6123 0.0345 0.7899
vn -0.9839 -0.0775 -0.1614
vn -0.9807 -0.1017 -0.1668
vn -0.8559 -0.1056 -0.5063
vn -0.2467 0.0798 0.9658
vn 0.2103 0.1145 0.9709
vn -0.2497 0.0482 0.9671
vn 0.2152 0.0928 0.9722
vn 0.5960 0.0142 -0.8028
vn 0.6021 0.0234 -0.7981
vn 0.2130 0.0087 -0.9770
vn 0.2117 -0.0195 -0.9772
vn 0.6096 0.1256 0.7827
vn 0.8590 0.1157 0.4987
vn 0.6167 0.1162 0.7785
vn 0.8622 0.1182 0.4926
vn 0.8614 0.0332 -0.5069
vn 0.8570 0.0429 -0.5134
vn 0.9810 0.0922 0.1707
vn 0.9801 0.1063 0.1675
vn -0.9786 0.0912 -0.1845
vn -0.9807 0.0595 -0.1861
vn -0.9630 0.1253 0.2387
vn -0.9611 0.1180 0.2499
vn -0.9748 0.0215 -0.2218
vn -0.9736 0.1168 0.1962
vn -0.7961 0.1884 0.5751
vn -0.7744 0.1633 0.6112
vn -0.7710 0.1190 0.6256
vn -0.9804 0.1024 -0.1680
vn -0.9606 0.1136 0.2537
vn -0.7766 0.1018 0.6218
vn -0.4766 0.1713 0.8623
vn -0.4744 0.0991 0.8747
vn -0.4924 0.2240 0.8411
vn -0.1304 0.2236 0.9659
vn -0.1324 0.1560 0.9789
vn -0.1335 0.0674 0.9888
vn 0.2147 0.0300 0.9762
vn 0.2267 -0.0048 0.9739
vn -0.1331 0.0354 0.9905
vn 0.5447 -0.0105 0.8386
vn 0.5623 -0.0437 0.8258
vn 0.2205 0.1234 0.9675
vn 0.2433 0.1926 0.9506
vn 0.5912 0.1331 0.7954
vn 0.5548 0.0754 0.8286
vn 0.7846 -0.1090 -0.6103
vn 0.4922 -0.0881 -0.8660
vn 0.7786 -0.1254 -0.6148
vn 0.4851 -0.1160 -0.8667
vn 0.1322 -0.0900 -0.9871
vn 0.1334 -0.0547 -0.9896
vn 0.8316 0.0134 0.5553
vn 0.8213 -0.0523 0.5681
vn 0.8618 0.0490 0.5049
vn 0.9925 -0.0490 0.1122
vn 0.9842 -0.0569 0.1675
vn 0.9795 -0.0905 0.1797
vn 0.9597 -0.1221 -0.2530
vn 0.9617 -0.1168 -0.2479
vn 0.9463 -0.1393 -0.2917
vn 0.7504 -0.2069 -0.6278
vn 0.7729 -0.1692 -0.6116
vn 0.8326 -0.0781 0.5484
vn 0.9805 -0.1035 0.1668
vn 0.4784 -0.1911 -0.8571
vn 0.4615 -0.2434 -0.8531
vn 0.1237 -0.2462 -0.9613
vn 0.1273 -0.1842 -0.9746
vn -0.2367 -0.0135 -0.9715
vn -0.2284 -0.0510 -0.9722
vn -0.5559 -0.0042 -0.8312
vn -0.5701 0.0301 -0.8210
vn -0.4819 0.0731 0.8732
vn -0.2324 -0.1489 -0.9612
vn -0.2230 -0.2154 -0.9507
vn -0.5451 -0.1563 -0.8237
vn -0.5620 -0.0914 -0.8221
vn 0.9620 -0.1145 -0.2480
vn -0.8229 0.0460 -0.5663
vn -0.8338 0.0714 -0.5475
vn -0.8285 -0.0185 -0.5597
vn -0.8132 -0.0744 -0.5773
vn -0.9988 0.0016 -0.0491
vn 0.3883 0.2572 -0.8849
vn 0.7186 0.2210 -0.6593
vn -0.0194 0.2506 -0.9679
vn -0.0136 0.1884 -0.9820
vn 0.3946 0.2117 -0.8941
vn 0.7217 0.1987 -0.6630
vn 0.3984 0.1558 -0.9039
vn 0.7223 0.1705 -0.6702
vn -0.0072 0.1132 -0.9935
vn -0.4177 0.2014 -0.8860
vn -0.7310 0.1231 -0.6712
vn -0.7292 0.0581 -0.6818
vn -0.4149 0.1323 -0.9002
vn -0.4074 0.0507 -0.9119
vn -0.7220 -0.0165 -0.6917
vn -0.9300 0.0291 -0.3664
vn -0.9977 -0.0668 -0.0145
vn -0.9952 -0.0967 -0.0141
vn -0.9281 -0.0221 -0.3717
vn -0.9224 -0.0786 -0.3783
vn -0.9917 -0.1273 -0.0158
vn -0.9262 -0.1561 0.3431
vn -0.7330 -0.1625 0.6605
vn -0.9275 -0.1552 0.3401
vn -0.7309 -0.1928 0.6547
vn -0.9296 -0.1512 0.3361
vn -0.7296 -0.2168 0.6486
vn -0.9310 -0.1479 0.3337
vn 0.9275 0.1527 -0.3412
vn 0.9977 0.0652 0.0169
vn 0.9270 0.1566 -0.3409
vn 0.9953 0.0947 0.0199
vn 0.9252 0.1591 -0.3446
vn 0.9917 0.1268 0.0201
vn 0.9315 -0.0284 0.3627
vn 0.7432 -0.1183 0.6585
vn 0.9297 0.0230 0.3676
vn 0.7434 -0.0512 0.6669
vn 0.9250 0.0801 0.3715
vn 0.7378 0.0243 0.6746
vn 0.4383 -0.1967 0.8771
vn 0.0275 -0.2484 0.9683
vn 0.4378 -0.1226 0.8907
vn 0.0225 -0.1797 0.9835
vn 0.4302 -0.0378 0.9019
vn 0.0133 -0.0997 0.9949
vn -0.3991 -0.2542 0.8810
vn -0.4051 -0.2040 0.8912
vn -0.4119 -0.1445 0.8997
vn -0.9304 -0.1518 0.3336
vn -0.8152 0.1790 0.5509
vn 0.9797 0.0856 -0.1811
vn 0.8520 0.0578 -0.5203
vn 0.5885 0.0203 -0.8082
vn 0.2079 -0.0231 -0.9779
vn -0.2204 -0.0640 -0.9733
vn -0.9876 -0.0372 -0.1523
vn -0.9837 -0.0358 0.1760
vn 0.2258 0.0804 0.9709
vn 0.6302 0.1056 0.7692
vn 0.8693 0.1106 0.4818
vn -0.8727 -0.0295 0.4873
vn -0.5974 -0.0931 -0.7965
vn 0.9814 0.1031 0.1620
vn -0.2518 0.0349 0.9671
vt 0.319338 0.019862
vt 0.320440 0.019728
vt 0.321387 0.023350
vt 0.320354 0.023764
vt 0.340516 0.032241
vt 0.340104 0.031206
vt 0.343380 0.029343
vt 0.344053 0.030240
vt 0.325311 0.005530
vt 0.325986 0.006432
vt 0.323298 0.009111
vt 0.322412 0.008419
vt 0.017308 0.138725
vt 0.018164 0.123595
vt 0.022396 0.123839
vt 0.021540 0.138959
vt 0.328731 0.032194
vt 0.329166 0.031166
vt 0.332785 0.032140
vt 0.332631 0.033237
vt 0.336503 0.032144
vt 0.336635 0.033242
vt 0.348952 0.023870
vt 0.347934 0.023437
vt 0.348904 0.019854
vt 0.349994 0.020013
vt 0.555274 0.048080
vt 0.561179 0.040655
vt 0.564597 0.042590
vt 0.560719 0.051421
vt 0.349051 0.012127
vt 0.348016 0.012531
vt 0.346183 0.009263
vt 0.347083 0.008601
vt 0.346935 0.027364
vt 0.346055 0.026677
vt 0.348940 0.016147
vt 0.350039 0.016023
vt 0.340739 0.003609
vt 0.340293 0.004643
vt 0.336641 0.003644
vt 0.336800 0.002538
vt 0.332900 0.003628
vt 0.332770 0.002523
vt 0.319340 0.015846
vt 0.320440 0.015999
vt 0.328867 0.003524
vt 0.329279 0.004564
vt 0.344255 0.005693
vt 0.343554 0.006572
vt 0.322366 0.027270
vt 0.323259 0.026601
vt 0.325899 0.029276
vt 0.325208 0.030157
vt 0.320382 0.011940
vt 0.321411 0.012374
vt 0.730466 0.180471
vt 0.732276 0.179777
vt 0.735166 0.185041
vt 0.733585 0.186185
vt 0.007298 0.729200
vt 0.099165 0.728216
vt 0.099643 0.758239
vt 0.007659 0.759529
vt 0.404918 0.392987
vt 0.406273 0.393231
vt 0.402828 0.406972
vt 0.401520 0.406549
vt 0.730765 0.161532
vt 0.732531 0.162292
vt 0.730917 0.168031
vt 0.729001 0.167750
vt 0.670526 0.069754
vt 0.673437 0.071508
vt 0.671844 0.073482
vt 0.669486 0.072041
vt 0.831392 0.048024
vt 0.835227 0.049013
vt 0.835085 0.049364
vt 0.831347 0.048397
vt 0.332847 0.031681
vt 0.336446 0.031695
vt 0.845255 0.050864
vt 0.847744 0.055441
vt 0.843510 0.057211
vt 0.841502 0.053773
vt 0.343266 0.006941
vt 0.340106 0.005084
vt 0.323670 0.009398
vt 0.326276 0.006814
vt 0.320900 0.016060
vt 0.320891 0.019669
vt 0.727195 0.190875
vt 0.728515 0.189928
vt 0.734092 0.195924
vt 0.733024 0.197231
vt 0.723070 0.183368
vt 0.724645 0.182770
vt 0.815288 0.068934
vt 0.814273 0.065072
vt 0.814650 0.065024
vt 0.815643 0.068788
vt 0.786285 0.167283
vt 0.784633 0.167473
vt 0.782742 0.159532
vt 0.784307 0.158958
vt 0.841554 0.078804
vt 0.837056 0.081456
vt 0.835278 0.077181
vt 0.838743 0.075157
vt 0.755921 0.189117
vt 0.755983 0.189605
vt 0.751112 0.189596
vt 0.751179 0.189106
vt 0.721201 0.175091
vt 0.722785 0.174926
vt 0.740480 0.201967
vt 0.741148 0.200391
vt 0.844549 0.065028
vt 0.843532 0.068863
vt 0.843181 0.068719
vt 0.844174 0.064979
vt 0.654994 0.073482
vt 0.656951 0.075059
vt 0.655507 0.077420
vt 0.653185 0.076417
vt 0.843161 0.057357
vt 0.841202 0.054005
vt 0.836941 0.044781
vt 0.831948 0.043493
vt 0.831409 0.078224
vt 0.827411 0.078235
vt 0.827461 0.077855
vt 0.831359 0.077844
vt 0.484960 0.383230
vt 0.481325 0.387337
vt 0.479628 0.386190
vt 0.483611 0.381682
vt 0.343480 0.359919
vt 0.338829 0.355726
vt 0.339584 0.354640
vt 0.344463 0.359080
vt 0.595460 0.030563
vt 0.594217 0.037412
vt 0.584233 0.033505
vt 0.585347 0.029521
vt 0.447946 0.129747
vt 0.431033 0.129747
vt 0.431033 0.125972
vt 0.447946 0.125972
vt 0.590678 0.043480
vt 0.582340 0.037140
vt 0.593154 0.017361
vt 0.595431 0.023745
vt 0.585105 0.025424
vt 0.584062 0.021463
vt 0.552951 0.008517
vt 0.558647 0.004356
vt 0.563339 0.013961
vt 0.559986 0.016130
vt 0.572108 0.002527
vt 0.578618 0.003703
vt 0.575200 0.013326
vt 0.571283 0.012362
vt 0.246692 0.860251
vt 0.247332 0.874371
vt 0.231272 0.875167
vt 0.230693 0.860674
vt 0.565439 0.002524
vt 0.567199 0.012630
vt 0.381495 0.442412
vt 0.382521 0.443272
vt 0.373059 0.453305
vt 0.372143 0.452323
vt 0.545300 0.026313
vt 0.546185 0.019955
vt 0.555609 0.022700
vt 0.554892 0.026598
vt 0.548748 0.013869
vt 0.557345 0.019127
vt 0.581810 0.018033
vt 0.589808 0.011567
vt 0.573524 0.053320
vt 0.572355 0.043464
vt 0.576165 0.042306
vt 0.579959 0.051646
vt 0.815675 0.339557
vt 0.821598 0.361028
vt 0.820350 0.361519
vt 0.814371 0.339802
vt 0.654620 0.089426
vt 0.656635 0.087962
vt 0.658530 0.089961
vt 0.656943 0.091921
vt 0.584896 0.006638
vt 0.578730 0.015310
vt 0.585807 0.048302
vt 0.579541 0.040129
vt 0.545974 0.032513
vt 0.555253 0.030583
vt 0.361588 0.460977
vt 0.362373 0.462069
vt 0.353667 0.467559
vt 0.353014 0.466383
vt 0.343092 0.028963
vt 0.339928 0.030776
vt 0.334695 0.017913
vt 0.323622 0.026324
vt 0.321825 0.023170
vt 0.329456 0.004997
vt 0.332956 0.004080
vt 0.345810 0.009543
vt 0.347507 0.023258
vt 0.345686 0.026392
vt 0.329346 0.030735
vt 0.348483 0.016203
vt 0.348456 0.019792
vt 0.326190 0.028899
vt 0.321842 0.012553
vt 0.336576 0.004107
vt 0.347585 0.012704
vt 0.840769 0.054341
vt 0.838119 0.051715
vt 0.838449 0.051278
vt 0.823707 0.076852
vt 0.820348 0.074914
vt 0.820682 0.074477
vt 0.823914 0.076350
vt 0.827533 0.077302
vt 0.838510 0.074857
vt 0.835129 0.076824
vt 0.834913 0.076307
vt 0.838172 0.074420
vt 0.814667 0.061149
vt 0.815687 0.057419
vt 0.816190 0.057632
vt 0.815209 0.061223
vt 0.843637 0.064909
vt 0.843628 0.061182
vt 0.844172 0.061110
vt 0.845611 0.050588
vt 0.848314 0.055202
vt 0.817641 0.054091
vt 0.820392 0.051395
vt 0.820717 0.051826
vt 0.818070 0.054427
vt 0.831286 0.077303
vt 0.841252 0.072093
vt 0.840813 0.071760
vt 0.842673 0.068512
vt 0.842647 0.057571
vt 0.823759 0.049480
vt 0.827493 0.048443
vt 0.827570 0.048978
vt 0.823972 0.049993
vt 0.831282 0.048939
vt 0.817593 0.072166
vt 0.818029 0.071829
vt 0.815195 0.064955
vt 0.834881 0.049871
vt 0.816159 0.068575
vt 0.778393 0.174756
vt 0.776477 0.174472
vt 0.776576 0.168454
vt 0.778532 0.168227
vt 0.247043 0.772561
vt 0.279279 0.774518
vt 0.278350 0.788850
vt 0.246470 0.787401
vt 0.232104 0.446817
vt 0.231919 0.431781
vt 0.248197 0.431528
vt 0.248621 0.446344
vt 0.743775 0.194362
vt 0.744571 0.192551
vt 0.750459 0.194216
vt 0.750183 0.196190
vt 0.368289 0.292931
vt 0.378391 0.302450
vt 0.377405 0.303370
vt 0.367428 0.293972
vt 0.387170 0.313163
vt 0.394621 0.324800
vt 0.393435 0.325456
vt 0.386081 0.313953
vt 0.780204 0.151291
vt 0.778874 0.152270
vt 0.763174 0.194445
vt 0.762424 0.192633
vt 0.767607 0.189616
vt 0.768775 0.191154
vt 0.763311 0.148186
vt 0.762558 0.150002
vt 0.756737 0.148468
vt 0.756994 0.146549
vt 0.775058 0.162605
vt 0.776878 0.161886
vt 0.739346 0.189410
vt 0.738104 0.190937
vt 0.756571 0.194201
vt 0.756823 0.196146
vt 0.730840 0.173981
vt 0.728924 0.174190
vt 0.768999 0.151497
vt 0.767799 0.153046
vt 0.750771 0.148476
vt 0.750529 0.146560
vt 0.773647 0.156168
vt 0.772077 0.157344
vt 0.771838 0.185423
vt 0.773363 0.186623
vt 0.745005 0.149989
vt 0.744284 0.148192
vt 0.112844 0.143987
vt 0.112066 0.158885
vt 0.020723 0.154082
vt 0.738676 0.151409
vt 0.739823 0.152952
vt 0.735531 0.157113
vt 0.733999 0.155905
vt 0.566951 0.053232
vt 0.568407 0.043554
vt 0.774882 0.180268
vt 0.776663 0.181039
vt 0.673882 0.062503
vt 0.667247 0.068797
vt 0.668631 0.060925
vt 0.746607 0.187839
vt 0.753660 0.171268
vt 0.760601 0.154714
vt 0.764676 0.157071
vt 0.764544 0.185611
vt 0.760479 0.187929
vt 0.746910 0.154660
vt 0.751412 0.153460
vt 0.756084 0.153483
vt 0.736980 0.177938
vt 0.735835 0.173411
vt 0.739261 0.182035
vt 0.768017 0.160420
vt 0.770341 0.164528
vt 0.767862 0.182337
vt 0.735889 0.168757
vt 0.737138 0.164265
vt 0.742539 0.185419
vt 0.739520 0.160246
vt 0.742847 0.156961
vt 0.771509 0.169076
vt 0.771474 0.173770
vt 0.770210 0.178298
vt 0.766259 0.201727
vt 0.757911 0.204245
vt 0.757659 0.202525
vt 0.765601 0.200203
vt 0.746725 0.154212
vt 0.751349 0.152977
vt 0.652215 0.079716
vt 0.654725 0.080081
vt 0.654659 0.082859
vt 0.652124 0.083140
vt 0.823562 0.077203
vt 0.820114 0.075219
vt 0.814292 0.061097
vt 0.815339 0.057272
vt 0.738867 0.182328
vt 0.736527 0.178117
vt 0.768409 0.160121
vt 0.770796 0.164345
vt 0.723305 0.158375
vt 0.727895 0.151129
vt 0.729174 0.152130
vt 0.724871 0.159036
vt 0.820165 0.051093
vt 0.823614 0.049130
vt 0.841445 0.047328
vt 0.838679 0.050974
vt 0.773484 0.197337
vt 0.772505 0.196082
vt 0.809590 0.060450
vt 0.809718 0.065655
vt 0.749063 0.204245
vt 0.749265 0.202543
vt 0.764839 0.186000
vt 0.760662 0.188383
vt 0.813617 0.075218
vt 0.817288 0.072399
vt 0.817201 0.079018
vt 0.832026 0.082818
vt 0.826820 0.082817
vt 0.733824 0.144935
vt 0.741424 0.141017
vt 0.742012 0.142515
vt 0.734839 0.146294
vt 0.821778 0.044758
vt 0.826801 0.043547
vt 0.827440 0.048069
vt 0.849263 0.065652
vt 0.847946 0.070667
vt 0.728130 0.160415
vt 0.731794 0.154180
vt 0.749800 0.199014
vt 0.742625 0.197009
vt 0.770660 0.178486
vt 0.771958 0.173838
vt 0.774195 0.174151
vt 0.772713 0.179345
vt 0.737391 0.158567
vt 0.741202 0.154781
vt 0.775945 0.154449
vt 0.779529 0.160840
vt 0.731280 0.187859
vt 0.727826 0.181489
vt 0.742555 0.156574
vt 0.745892 0.152167
vt 0.736958 0.149122
vt 0.757352 0.143755
vt 0.764355 0.145583
vt 0.735354 0.173468
vt 0.733146 0.173738
vt 0.733216 0.168377
vt 0.735410 0.168688
vt 0.770783 0.149159
vt 0.781325 0.167886
vt 0.756259 0.191836
vt 0.750804 0.191859
vt 0.779265 0.182168
vt 0.775593 0.188373
vt 0.770483 0.193378
vt 0.764275 0.197012
vt 0.757224 0.199049
vt 0.782436 0.183503
vt 0.778151 0.190400
vt 0.750163 0.143769
vt 0.746413 0.188292
vt 0.745531 0.190383
vt 0.766353 0.154900
vt 0.770224 0.158745
vt 0.781248 0.175160
vt 0.784791 0.175653
vt 0.412237 0.296915
vt 0.397642 0.293959
vt 0.398389 0.291491
vt 0.412729 0.294385
vt 0.757837 0.140372
vt 0.765689 0.142373
vt 0.743222 0.145561
vt 0.736285 0.193173
vt 0.734453 0.178949
vt 0.737068 0.183673
vt 0.772882 0.163497
vt 0.774208 0.168745
vt 0.771994 0.169017
vt 0.726134 0.174505
vt 0.726191 0.167362
vt 0.722941 0.166940
vt 0.749773 0.140398
vt 0.772960 0.146388
vt 0.468939 0.007711
vt 0.483531 0.010664
vt 0.482785 0.013132
vt 0.468448 0.010240
vt 0.766180 0.187784
vt 0.761504 0.190468
vt 0.734641 0.163188
vt 0.751071 0.150756
vt 0.770014 0.184003
vt 0.768248 0.182634
vt 0.726494 0.398881
vt 0.735503 0.395678
vt 0.735663 0.396737
vt 0.726839 0.400246
vt 0.756452 0.150776
vt 0.761647 0.152207
vt 0.756151 0.153001
vt 0.736692 0.164075
vt 0.739137 0.159946
vt 0.401290 0.281904
vt 0.414643 0.284561
vt 0.740838 0.187581
vt 0.764975 0.156681
vt 0.760790 0.154265
vt 0.742234 0.185805
vt 0.479887 0.022717
vt 0.466536 0.020061
vt 0.400618 0.337496
vt 0.396356 0.323956
vt 0.402440 0.336876
vt 0.317409 0.820761
vt 0.317147 0.819744
vt 0.323948 0.819021
vt 0.323905 0.820096
vt 0.311308 0.823039
vt 0.310739 0.822095
vt 0.311579 0.865801
vt 0.305914 0.862062
vt 0.306744 0.861241
vt 0.312097 0.864843
vt 0.344692 0.853857
vt 0.345768 0.854319
vt 0.342112 0.859520
vt 0.341245 0.858848
vt 0.434180 0.372065
vt 0.432382 0.385126
vt 0.430366 0.384839
vt 0.432208 0.371461
vt 0.298509 0.850820
vt 0.297295 0.844298
vt 0.298708 0.844265
vt 0.299840 0.850516
vt 0.347633 0.842614
vt 0.346676 0.836986
vt 0.347873 0.836740
vt 0.348888 0.842593
vt 0.344441 0.831564
vt 0.345469 0.831077
vt 0.302064 0.832022
vt 0.300916 0.831467
vt 0.305200 0.826115
vt 0.306073 0.826903
vt 0.340886 0.826865
vt 0.336119 0.823190
vt 0.336670 0.822334
vt 0.341688 0.826168
vt 0.330362 0.820853
vt 0.330647 0.819889
vt 0.262391 0.067745
vt 0.261562 0.068974
vt 0.254365 0.062385
vt 0.255504 0.061443
vt 0.270131 0.024603
vt 0.274272 0.021967
vt 0.282286 0.039217
vt 0.261986 0.037244
vt 0.263294 0.037382
vt 0.263413 0.042389
vt 0.262117 0.042604
vt 0.668108 0.112861
vt 0.676089 0.111167
vt 0.676456 0.112189
vt 0.668191 0.113944
vt 0.656505 0.100925
vt 0.661725 0.102566
vt 0.661482 0.103952
vt 0.655919 0.102198
vt 0.275345 0.058389
vt 0.275779 0.057153
vt 0.280658 0.058199
vt 0.280559 0.059492
vt 0.681669 0.095140
vt 0.684608 0.090363
vt 0.685911 0.090936
vt 0.682796 0.096057
vt 0.673133 0.102965
vt 0.672640 0.101619
vt 0.677578 0.098996
vt 0.678415 0.100170
vt 0.682252 0.069322
vt 0.678528 0.065350
vt 0.679403 0.064276
vt 0.683383 0.068500
vt 0.645602 0.105774
vt 0.652364 0.109993
vt 0.651912 0.110962
vt 0.644917 0.106606
vt 0.687627 0.079308
vt 0.686220 0.079472
vt 0.684856 0.074138
vt 0.686173 0.073619
vt 0.289292 0.020002
vt 0.294059 0.022488
vt 0.293298 0.023561
vt 0.288844 0.021238
vt 0.267573 0.051453
vt 0.271312 0.054845
vt 0.270554 0.055935
vt 0.266572 0.052293
vt 0.686139 0.085011
vt 0.687551 0.085218
vt 0.290295 0.056474
vt 0.285599 0.057950
vt 0.264885 0.047192
vt 0.297795 0.050236
vt 0.294455 0.053848
vt 0.300102 0.045888
vt 0.296998 0.026980
vt 0.301247 0.041075
vt 0.728910 0.311547
vt 0.736901 0.308263
vt 0.737270 0.309656
vt 0.729259 0.313008
vt 0.730993 0.317463
vt 0.731344 0.318805
vt 0.721404 0.318866
vt 0.721018 0.317493
vt 0.701065 0.315365
vt 0.701557 0.317582
vt 0.689841 0.319505
vt 0.689500 0.317693
vt 0.632597 0.436232
vt 0.642556 0.456126
vt 0.627983 0.442585
vt 0.624864 0.325167
vt 0.633125 0.326962
vt 0.631136 0.336977
vt 0.620441 0.337870
vt 0.691687 0.407950
vt 0.691343 0.406766
vt 0.694026 0.405918
vt 0.694518 0.408134
vt 0.702138 0.320612
vt 0.703066 0.325533
vt 0.691092 0.326151
vt 0.690247 0.321663
vt 0.783560 0.429586
vt 0.775014 0.429834
vt 0.771318 0.401320
vt 0.778586 0.403843
vt 0.192732 0.431591
vt 0.192502 0.446679
vt 0.101809 0.444098
vt 0.102232 0.429052
vt 0.191647 0.846773
vt 0.214107 0.846263
vt 0.214502 0.861042
vt 0.192019 0.861708
vt 0.104526 0.353862
vt 0.194623 0.356955
vt 0.194101 0.371834
vt 0.104031 0.368897
vt 0.236982 0.299476
vt 0.253453 0.301018
vt 0.252054 0.315803
vt 0.235792 0.314447
vt 0.585389 0.152710
vt 0.585310 0.166617
vt 0.575368 0.165614
vt 0.575372 0.152678
vt 0.581805 0.298240
vt 0.587130 0.300414
vt 0.558553 0.322824
vt 0.548915 0.319985
vt 0.161000 0.102555
vt 0.163318 0.102732
vt 0.159526 0.117139
vt 0.157254 0.117014
vt 0.352786 0.751445
vt 0.352134 0.752636
vt 0.344789 0.749030
vt 0.344675 0.747570
vt 0.385071 0.830287
vt 0.404926 0.826969
vt 0.406417 0.841151
vt 0.385916 0.841728
vt 0.231817 0.262174
vt 0.230689 0.264390
vt 0.225755 0.257640
vt 0.227316 0.256146
vt 0.346374 0.768779
vt 0.353440 0.768200
vt 0.361309 0.777461
vt 0.347667 0.781731
vt 0.235389 0.253110
vt 0.234535 0.254799
vt 0.230287 0.251181
vt 0.230816 0.250028
vt 0.221039 0.724152
vt 0.218532 0.723561
vt 0.219951 0.721865
vt 0.221500 0.722975
vt 0.372311 0.323584
vt 0.377097 0.334155
vt 0.355906 0.341805
vt 0.353897 0.329291
vt 0.325495 0.765470
vt 0.306486 0.762788
vt 0.306857 0.747510
vt 0.330609 0.752109
vt 0.752429 0.301156
vt 0.761168 0.311382
vt 0.750880 0.314438
vt 0.745386 0.305832
vt 0.380937 0.819456
vt 0.383199 0.830543
vt 0.356325 0.830820
vt 0.354647 0.819084
vt 0.262932 0.956738
vt 0.263268 0.958018
vt 0.235872 0.962327
vt 0.235577 0.960921
vt 0.548396 0.321361
vt 0.556051 0.325957
vt 0.555732 0.327648
vt 0.546978 0.322548
vt 0.214184 0.696619
vt 0.214387 0.702811
vt 0.212472 0.701695
vt 0.212286 0.696488
vt 0.610639 0.244225
vt 0.614975 0.261099
vt 0.603829 0.262413
vt 0.599327 0.249729
vt 0.098149 0.623516
vt 0.098207 0.608631
vt 0.138052 0.608861
vt 0.138200 0.623498
vt 0.116584 0.084396
vt 0.169330 0.088503
vt 0.115553 0.099313
vt 0.496922 0.489314
vt 0.524972 0.468858
vt 0.505548 0.492058
vt 0.220344 0.298238
vt 0.219375 0.313335
vt 0.196631 0.312090
vt 0.197379 0.297004
vt 0.650608 0.453250
vt 0.637831 0.430336
vt 0.643684 0.425344
vt 0.009690 0.880802
vt 0.101850 0.878966
vt 0.102188 0.894092
vt 0.009987 0.895970
vt 0.190979 0.801905
vt 0.213607 0.801791
vt 0.213648 0.816672
vt 0.191131 0.816895
vt 0.312723 0.042305
vt 0.310897 0.050060
vt 0.309487 0.049497
vt 0.311323 0.042137
vt 0.345926 0.781698
vt 0.348217 0.794639
vt 0.328363 0.792636
vt 0.326222 0.779133
vt 0.338763 0.943302
vt 0.339191 0.944992
vt 0.314387 0.951283
vt 0.313602 0.949636
vt 0.260767 0.951312
vt 0.259829 0.949503
vt 0.287267 0.945204
vt 0.287650 0.947426
vt 0.199557 0.522788
vt 0.184138 0.536757
vt 0.181330 0.536827
vt 0.214746 0.708263
vt 0.215839 0.720872
vt 0.213836 0.721326
vt 0.212845 0.707122
vt 0.587281 0.437184
vt 0.601685 0.429794
vt 0.587381 0.440418
vt 0.600435 0.406514
vt 0.607410 0.378759
vt 0.613366 0.421194
vt 0.573291 0.453681
vt 0.562843 0.460759
vt 0.571537 0.453091
vt 0.496909 0.422356
vt 0.502977 0.422089
vt 0.567377 0.336097
vt 0.588008 0.357326
vt 0.575235 0.361971
vt 0.562772 0.339199
vt 0.778426 0.402349
vt 0.785814 0.406192
vt 0.785605 0.407432
vt 0.574274 0.454775
vt 0.576718 0.443252
vt 0.585620 0.433054
vt 0.577841 0.445158
vt 0.168962 0.550887
vt 0.166517 0.550926
vt 0.630972 0.339754
vt 0.641626 0.336640
vt 0.648570 0.371013
vt 0.637713 0.373056
vt 0.627300 0.474131
vt 0.621226 0.456448
vt 0.623410 0.451518
vt 0.660083 0.327821
vt 0.650784 0.331102
vt 0.650758 0.327784
vt 0.659922 0.326762
vt 0.775451 0.382850
vt 0.768309 0.348475
vt 0.778598 0.346538
vt 0.786694 0.383695
vt 0.669091 0.324618
vt 0.670956 0.323846
vt 0.671729 0.327105
vt 0.669621 0.327708
vt 0.630098 0.292680
vt 0.639559 0.291755
vt 0.641443 0.324202
vt 0.632534 0.323832
vt 0.650922 0.333942
vt 0.660205 0.330385
vt 0.667598 0.367432
vt 0.658019 0.369235
vt 0.716453 0.277843
vt 0.726593 0.275374
vt 0.736634 0.306285
vt 0.728611 0.309501
vt 0.720276 0.402569
vt 0.717705 0.403769
vt 0.717358 0.401526
vt 0.720166 0.401340
vt 0.627274 0.375021
vt 0.620135 0.340646
vt 0.739958 0.315339
vt 0.099391 0.533682
vt 0.163631 0.550813
vt 0.099045 0.549019
vt 0.193480 0.506293
vt 0.213938 0.511447
vt 0.196024 0.522556
vt 0.213715 0.514832
vt 0.677180 0.252241
vt 0.664145 0.254507
vt 0.658824 0.225744
vt 0.671594 0.222562
vt 0.697838 0.219806
vt 0.703034 0.246740
vt 0.690147 0.249613
vt 0.684646 0.220884
vt 0.800171 0.416100
vt 0.793329 0.409901
vt 0.811144 0.392826
vt 0.828251 0.397452
vt 0.625018 0.495597
vt 0.630562 0.492582
vt 0.627345 0.496639
vt 0.744663 0.389556
vt 0.753959 0.386858
vt 0.754075 0.388226
vt 0.744823 0.390934
vt 0.776376 0.248200
vt 0.774639 0.234431
vt 0.779458 0.235309
vt 0.780627 0.247854
vt 0.638566 0.258232
vt 0.626067 0.259787
vt 0.621807 0.238665
vt 0.633998 0.233905
vt 0.651095 0.256517
vt 0.646143 0.229536
vt 0.219833 0.726937
vt 0.216787 0.724321
vt 0.815862 0.275665
vt 0.814936 0.275242
vt 0.821297 0.268716
vt 0.822280 0.269809
vt 0.859503 0.404920
vt 0.865388 0.419218
vt 0.844526 0.441125
vt 0.831700 0.432183
vt 0.636896 0.490894
vt 0.798455 0.317715
vt 0.812043 0.317398
vt 0.797979 0.342889
vt 0.347247 0.450425
vt 0.346441 0.450491
vt 0.347712 0.437521
vt 0.348493 0.437621
vt 0.680252 0.479722
vt 0.668988 0.448128
vt 0.679128 0.445658
vt 0.769523 0.463716
vt 0.757023 0.465271
vt 0.756029 0.431744
vt 0.765490 0.430820
vt 0.727539 0.240688
vt 0.738348 0.237877
vt 0.744971 0.270251
vt 0.735742 0.272795
vt 0.791763 0.461089
vt 0.780615 0.462403
vt 0.481210 0.414246
vt 0.448436 0.447949
vt 0.442020 0.436430
vt 0.961699 0.312053
vt 0.963304 0.325144
vt 0.919847 0.326017
vt 0.919242 0.320056
vt 0.911979 0.341813
vt 0.951785 0.379152
vt 0.945508 0.390374
vt 0.897727 0.398697
vt 0.917633 0.314286
vt 0.914370 0.309236
vt 0.953538 0.287032
vt 0.958424 0.299276
vt 0.477435 0.478476
vt 0.488293 0.485309
vt 0.957981 0.364119
vt 0.915955 0.337297
vt 0.961424 0.351392
vt 0.918639 0.331911
vt 0.384342 0.367129
vt 0.384383 0.378255
vt 0.357507 0.377295
vt 0.357671 0.365633
vt 0.192989 0.416564
vt 0.215553 0.416897
vt 0.215472 0.431825
vt 0.192210 0.461825
vt 0.191195 0.492189
vt 0.100565 0.489134
vt 0.101391 0.459141
vt 0.333313 0.880413
vt 0.353227 0.878104
vt 0.350674 0.891003
vt 0.330880 0.894166
vt 0.009987 0.441585
vt 0.010404 0.426456
vt 0.100133 0.788401
vt 0.190870 0.786842
vt 0.100382 0.803488
vt 0.350754 0.303229
vt 0.350994 0.316296
vt 0.331706 0.312411
vt 0.331898 0.298832
vt 0.002520 0.638336
vt 0.006757 0.638341
vt 0.006760 0.653482
vt 0.002521 0.653488
vt 0.192472 0.876675
vt 0.193001 0.891682
vt 0.354233 0.450968
vt 0.348879 0.456518
vt 0.356363 0.365667
vt 0.356172 0.377244
vt 0.350261 0.376997
vt 0.350015 0.370595
vt 0.405720 0.855403
vt 0.403091 0.869406
vt 0.384005 0.864593
vt 0.385684 0.853203
vt 0.379511 0.807940
vt 0.396289 0.800020
vt 0.401518 0.813156
vt 0.382787 0.818997
vt 0.375296 0.796979
vt 0.389386 0.787797
vt 0.369623 0.786474
vt 0.381104 0.776749
vt 0.555299 0.423804
vt 0.580890 0.406931
vt 0.577973 0.431259
vt 0.306957 0.744965
vt 0.282320 0.744160
vt 0.282593 0.741934
vt 0.561542 0.453005
vt 0.574769 0.440996
vt 0.569010 0.452905
vt 0.148218 0.579692
vt 0.209621 0.579503
vt 0.209132 0.594446
vt 0.143274 0.594267
vt 0.895078 0.347495
vt 0.895229 0.345413
vt 0.900808 0.345085
vt 0.901212 0.347132
vt 0.879076 0.339464
vt 0.880650 0.338108
vt 0.884803 0.341799
vt 0.883633 0.343523
vt 0.889778 0.344292
vt 0.889094 0.346262
vt 0.489553 0.380179
vt 0.488638 0.378320
vt 0.874120 0.328550
vt 0.875890 0.328216
vt 0.877617 0.333475
vt 0.875748 0.334374
vt 0.678143 0.083733
vt 0.677220 0.087042
vt 0.674880 0.086015
vt 0.675658 0.083352
vt 0.914255 0.336151
vt 0.916699 0.331242
vt 0.508824 0.420198
vt 0.507926 0.418313
vt 0.512597 0.415286
vt 0.513951 0.416873
vt 0.844550 0.061059
vt 0.562558 0.476218
vt 0.589957 0.489041
vt 0.563388 0.489895
vt 0.351485 0.807270
vt 0.351985 0.807173
vt 0.353909 0.819188
vt 0.353336 0.819265
vt 0.355598 0.830887
vt 0.356259 0.842458
vt 0.355658 0.842468
vt 0.355025 0.830938
vt 0.518041 0.412336
vt 0.520811 0.406898
vt 0.383533 0.389352
vt 0.384292 0.389461
vt 0.381988 0.400482
vt 0.381255 0.400298
vt 0.353135 0.329389
vt 0.355159 0.341895
vt 0.354661 0.341957
vt 0.352347 0.329245
vt 0.342583 0.825263
vt 0.346551 0.830436
vt 0.313844 0.353726
vt 0.308173 0.357415
vt 0.307241 0.356340
vt 0.313243 0.352447
vt 0.324936 0.869515
vt 0.324817 0.868162
vt 0.331372 0.866720
vt 0.331823 0.868007
vt 0.323998 0.817656
vt 0.316830 0.818342
vt 0.337319 0.821192
vt 0.310088 0.820869
vt 0.296119 0.844325
vt 0.297190 0.851242
vt 0.298233 0.837718
vt 0.296892 0.837355
vt 0.299974 0.830408
vt 0.349075 0.836380
vt 0.308862 0.790935
vt 0.311513 0.805014
vt 0.277689 0.803186
vt 0.349931 0.842573
vt 0.349271 0.848819
vt 0.348038 0.848500
vt 0.620081 0.339264
vt 0.608893 0.339800
vt 0.608861 0.338423
vt 0.289321 0.952792
vt 0.289796 0.953963
vt 0.515370 0.495121
vt 0.583453 0.266803
vt 0.587606 0.264315
vt 0.591275 0.282687
vt 0.587091 0.283598
vt 0.542490 0.355734
vt 0.548560 0.389832
vt 0.519834 0.389105
vt 0.516509 0.384015
vt 0.636853 0.427868
vt 0.624373 0.416900
vt 0.634413 0.412115
vt 0.643151 0.422342
vt 0.744802 0.392396
vt 0.753948 0.389653
vt 0.753510 0.395924
vt 0.744828 0.395715
vt 0.491014 0.421048
vt 0.856391 0.231265
vt 0.870568 0.254627
vt 0.832724 0.262731
vt 0.833003 0.247278
vt 0.740595 0.316621
vt 0.730441 0.316109
vt 0.694958 0.280834
vt 0.683030 0.283323
vt 0.718251 0.406931
vt 0.706647 0.408794
vt 0.706084 0.405806
vt 0.778600 0.401188
vt 0.770723 0.398330
vt 0.775145 0.385626
vt 0.786237 0.386433
vt 0.807578 0.366166
vt 0.623071 0.474804
vt 0.618310 0.461380
vt 0.666971 0.413998
vt 0.675763 0.411437
vt 0.700424 0.312222
vt 0.702917 0.311832
vt 0.703896 0.315549
vt 0.637984 0.500330
vt 0.635399 0.499387
vt 0.224793 0.229459
vt 0.224742 0.231419
vt 0.223014 0.230293
vt 0.222937 0.228241
vt 0.282708 0.914909
vt 0.310418 0.911047
vt 0.310573 0.925278
vt 0.284650 0.929385
vt 0.786189 0.405172
vt 0.797449 0.389140
vt 0.539153 0.492232
vt 0.773398 0.273896
vt 0.806334 0.281054
vt 0.792082 0.291584
vt 0.769279 0.282158
vt 0.345644 0.450641
vt 0.348470 0.458109
vt 0.341091 0.464029
vt 0.536094 0.318563
vt 0.530216 0.304269
vt 0.551075 0.282371
vt 0.563897 0.291312
vt 0.346878 0.781835
vt 0.349021 0.794728
vt 0.313798 0.322954
vt 0.315583 0.336990
vt 0.282149 0.333266
vt 0.283634 0.319057
vt 0.312900 0.309011
vt 0.285432 0.304884
vt 0.014272 0.305425
vt 0.106117 0.308736
vt 0.105574 0.323783
vt 0.013737 0.320556
vt 0.279380 0.416111
vt 0.247962 0.416810
vt 0.247934 0.402401
vt 0.279194 0.402326
vt 0.280185 0.360221
vt 0.281039 0.347025
vt 0.302797 0.361404
vt 0.299424 0.368210
vt 0.277406 0.844771
vt 0.277242 0.830330
vt 0.229951 0.801914
vt 0.229895 0.816610
vt 0.233144 0.358360
vt 0.217016 0.357839
vt 0.217678 0.343074
vt 0.233858 0.343925
vt 0.311707 0.399081
vt 0.312950 0.414647
vt 0.311448 0.896959
vt 0.329486 0.907822
vt 0.305973 0.394789
vt 0.307081 0.776953
vt 0.331564 0.806183
vt 0.587926 0.441740
vt 0.589240 0.442439
vt 0.582223 0.448627
vt 0.580637 0.448250
vt 0.331889 0.401437
vt 0.332612 0.413560
vt 0.325157 0.402453
vt 0.353900 0.400456
vt 0.346979 0.389403
vt 0.355478 0.388821
vt 0.337998 0.398753
vt 0.343112 0.394626
vt 0.298425 0.179765
vt 0.295850 0.166509
vt 0.305818 0.165532
vt 0.308257 0.177870
vt 0.221350 0.282952
vt 0.198094 0.281841
vt 0.199051 0.251452
vt 0.140834 0.623493
vt 0.140493 0.608875
vt 0.142709 0.608888
vt 0.143106 0.623515
vt 0.340966 0.278584
vt 0.316124 0.271967
vt 0.316536 0.270828
vt 0.341361 0.277488
vt 0.375707 0.917685
vt 0.365420 0.927046
vt 0.358976 0.918521
vt 0.366454 0.908617
vt 0.151507 0.565191
vt 0.146281 0.579699
vt 0.143961 0.579648
vt 0.141001 0.594263
vt 0.138368 0.594227
vt 0.154257 0.565269
vt 0.155962 0.131599
vt 0.155523 0.146233
vt 0.152889 0.146098
vt 0.153522 0.131454
vt 0.178642 0.536696
vt 0.756341 0.222948
vt 0.758680 0.232611
vt 0.749210 0.235049
vt 0.748792 0.221597
vt 0.303698 0.362518
vt 0.209830 0.653649
vt 0.210733 0.668413
vt 0.183324 0.681490
vt 0.168304 0.667189
vt 0.240111 0.040043
vt 0.238055 0.041252
vt 0.238169 0.039521
vt 0.240156 0.038612
vt 0.226706 0.231034
vt 0.226615 0.232763
vt 0.227518 0.209549
vt 0.227753 0.195411
vt 0.229706 0.195898
vt 0.229468 0.210026
vt 0.214062 0.682591
vt 0.213560 0.668490
vt 0.215519 0.668689
vt 0.216040 0.682807
vt 0.228366 0.180597
vt 0.228881 0.165913
vt 0.230865 0.166253
vt 0.230338 0.181011
vt 0.383801 0.853046
vt 0.383970 0.841779
vt 0.384759 0.841758
vt 0.384574 0.853110
vt 0.233053 0.259180
vt 0.237885 0.261489
vt 0.236108 0.264097
vt 0.355703 0.452287
vt 0.363544 0.442962
vt 0.215467 0.462255
vt 0.218213 0.487752
vt 0.217604 0.720212
vt 0.219246 0.719269
vt 0.224276 0.968716
vt 0.222532 0.968069
vt 0.225412 0.965339
vt 0.226716 0.968053
vt 0.221125 0.491684
vt 0.218054 0.494276
vt 0.219671 0.489342
vt 0.720586 0.316433
vt 0.821558 0.082048
vt 0.816926 0.079377
vt 0.821794 0.081476
vt 0.308079 0.471561
vt 0.283634 0.474831
vt 0.281874 0.459051
vt 0.307738 0.456376
vt 0.369075 0.291223
vt 0.379287 0.300725
vt 0.486534 0.486200
vt 0.963684 0.311678
vt 0.965327 0.325101
vt 0.407827 0.841111
vt 0.406307 0.826727
vt 0.408251 0.826422
vt 0.409776 0.841056
vt 0.280480 0.759994
vt 0.402849 0.812729
vt 0.404733 0.812191
vt 0.406771 0.350555
vt 0.404884 0.350951
vt 0.963212 0.338329
vt 0.965229 0.338615
vt 0.963396 0.351995
vt 0.939274 0.264920
vt 0.940704 0.263392
vt 0.948732 0.274239
vt 0.947115 0.275519
vt 0.354407 0.865897
vt 0.354984 0.865953
vt 0.353733 0.878175
vt 0.229531 0.150890
vt 0.230173 0.136023
vt 0.232179 0.136143
vt 0.231519 0.151134
vt 0.227583 0.150720
vt 0.228233 0.135907
vt 0.820805 0.282495
vt 0.817603 0.292232
vt 0.816315 0.291857
vt 0.819608 0.281475
vt 0.954391 0.378325
vt 0.959869 0.365021
vt 0.924256 0.413247
vt 0.925772 0.413894
vt 0.917152 0.420790
vt 0.916220 0.419672
vt 0.349789 0.940523
vt 0.349768 0.938515
vt 0.265252 0.265895
vt 0.291436 0.270116
vt 0.290743 0.272651
vt 0.264045 0.268422
vt 0.855656 0.229998
vt 0.880625 0.226989
vt 0.880164 0.228370
vt 0.467507 0.470304
vt 0.475165 0.479035
vt 0.464779 0.470482
vt 0.779475 0.233993
vt 0.805496 0.233127
vt 0.805610 0.234462
vt 0.266630 0.261776
vt 0.239361 0.257087
vt 0.239855 0.255310
vt 0.267123 0.260010
vt 0.579247 0.269926
vt 0.582652 0.265718
vt 0.579915 0.271083
vt 0.226227 0.725778
vt 0.225475 0.727509
vt 0.625788 0.491775
vt 0.625435 0.493077
vt 0.624039 0.494066
vt 0.575251 0.272433
vt 0.575745 0.273652
vt 0.230803 0.727705
vt 0.230415 0.729504
vt 0.216723 0.709435
vt 0.216382 0.706006
vt 0.218298 0.707036
vt 0.218562 0.710081
vt 0.217465 0.512601
vt 0.215851 0.510326
vt 0.217842 0.509174
vt 0.657231 0.485628
vt 0.646368 0.488456
vt 0.213110 0.639078
vt 0.212959 0.624103
vt 0.214912 0.624167
vt 0.215068 0.639194
vt 0.226881 0.223595
vt 0.228834 0.224017
vt 0.236298 0.062699
vt 0.234308 0.062783
vt 0.235356 0.048769
vt 0.237343 0.048668
vt 0.457749 0.322778
vt 0.455786 0.322587
vt 0.462681 0.315385
vt 0.464333 0.315912
vt 0.931294 0.407555
vt 0.932945 0.408081
vt 0.331605 0.749483
vt 0.340869 0.753540
vt 0.340116 0.755070
vt 0.256755 0.736760
vt 0.283126 0.739361
vt 0.255702 0.739352
vt 0.239044 0.258486
vt 0.266277 0.263046
vt 0.290470 0.955669
vt 0.832170 0.233606
vt 0.831937 0.232261
vt 0.735290 0.435412
vt 0.724572 0.438161
vt 0.720982 0.408656
vt 0.725279 0.407147
vt 0.153760 0.652639
vt 0.151009 0.652686
vt 0.145947 0.638116
vt 0.147885 0.638146
vt 0.313319 0.882756
vt 0.317800 0.869223
vt 0.784952 0.479279
vt 0.773783 0.484840
vt 0.788173 0.344735
vt 0.772628 0.308981
vt 0.782213 0.302301
vt 0.561969 0.339731
vt 0.560906 0.340549
vt 0.554382 0.332642
vt 0.555127 0.331256
vt 0.579711 0.447826
vt 0.578753 0.446617
vt 0.686987 0.407986
vt 0.686572 0.406816
vt 0.792213 0.411673
vt 0.792761 0.410721
vt 0.799718 0.417009
vt 0.799721 0.418332
vt 0.221201 0.496764
vt 0.219795 0.495052
vt 0.222311 0.494481
vt 0.222764 0.495663
vt 0.641511 0.335271
vt 0.650762 0.332564
vt 0.238728 0.036105
vt 0.236674 0.037157
vt 0.238522 0.024563
vt 0.240262 0.025325
vt 0.650575 0.418945
vt 0.658681 0.415236
vt 0.658948 0.417214
vt 0.650783 0.420797
vt 0.617002 0.319654
vt 0.617161 0.321147
vt 0.609774 0.317304
vt 0.609984 0.316064
vt 0.758143 0.294611
vt 0.763628 0.288346
vt 0.764347 0.289159
vt 0.758727 0.295630
vt 0.637436 0.428887
vt 0.643563 0.423554
vt 0.582505 0.297229
vt 0.587723 0.299424
vt 0.751897 0.298154
vt 0.757749 0.293162
vt 0.752018 0.299944
vt 0.770780 0.399609
vt 0.617907 0.459828
vt 0.620806 0.454975
vt 0.337228 0.863764
vt 0.337971 0.864876
vt 0.735520 0.394533
vt 0.660065 0.328966
vt 0.299583 0.837962
vt 0.806073 0.366962
vt 0.804762 0.368055
vt 0.794703 0.343506
vt 0.796319 0.343201
vt 0.839859 0.395840
vt 0.839540 0.397531
vt 0.827621 0.389019
vt 0.828212 0.387393
vt 0.586761 0.434354
vt 0.234843 0.076768
vt 0.232872 0.076837
vt 0.597517 0.335666
vt 0.583582 0.331884
vt 0.584444 0.330666
vt 0.598139 0.334354
vt 0.798071 0.387828
vt 0.798052 0.386431
vt 0.812061 0.390196
vt 0.812006 0.391608
vt 0.775505 0.384231
vt 0.786726 0.385072
vt 0.404678 0.407504
vt 0.408181 0.393541
vt 0.567968 0.334471
vt 0.590824 0.355438
vt 0.589513 0.356530
vt 0.557213 0.323751
vt 0.566369 0.327167
vt 0.566342 0.328597
vt 0.556504 0.324483
vt 0.837039 0.400665
vt 0.829222 0.396322
vt 0.838379 0.399737
vt 0.567339 0.326038
vt 0.829249 0.394892
vt 0.222872 0.180076
vt 0.222985 0.194879
vt 0.194889 0.206479
vt 0.180645 0.191381
vt 0.602828 0.312775
vt 0.603377 0.311823
vt 0.659207 0.323471
vt 0.659685 0.325565
vt 0.650552 0.326296
vt 0.650086 0.324281
vt 0.720136 0.314187
vt 0.720350 0.315388
vt 0.745006 0.304553
vt 0.762573 0.397865
vt 0.763052 0.399665
vt 0.754143 0.399296
vt 0.753673 0.397356
vt 0.622931 0.450285
vt 0.345752 0.469998
vt 0.345646 0.471447
vt 0.772156 0.307686
vt 0.771206 0.306597
vt 0.780665 0.299998
vt 0.781722 0.300994
vt 0.382868 0.356072
vt 0.356897 0.353869
vt 0.598655 0.476048
vt 0.613842 0.463770
vt 0.614301 0.465399
vt 0.612823 0.463082
vt 0.614946 0.475647
vt 0.261944 0.953864
vt 0.234461 0.957898
vt 0.232718 0.955261
vt 0.284407 0.735343
vt 0.257879 0.732569
vt 0.258265 0.730779
vt 0.284993 0.733618
vt 0.869860 0.433599
vt 0.844905 0.442411
vt 0.869587 0.432261
vt 0.229998 0.831101
vt 0.213817 0.831489
vt 0.245958 0.816642
vt 0.246117 0.802176
vt 0.277355 0.817065
vt 0.230330 0.756595
vt 0.230472 0.771943
vt 0.213782 0.771679
vt 0.213932 0.756330
vt 0.234745 0.329293
vt 0.250834 0.330482
vt 0.249846 0.344866
vt 0.232927 0.904781
vt 0.249270 0.903582
vt 0.250522 0.918449
vt 0.233971 0.919824
vt 0.228946 0.481990
vt 0.256212 0.477657
vt 0.257050 0.479501
vt 0.230266 0.845887
vt 0.283993 0.736528
vt 0.257604 0.733857
vt 0.208964 0.624084
vt 0.209284 0.639032
vt 0.796916 0.247452
vt 0.351478 0.890868
vt 0.350055 0.903945
vt 0.349105 0.904139
vt 0.225359 0.120879
vt 0.224230 0.135669
vt 0.158178 0.131730
vt 0.639235 0.500558
vt 0.239334 0.048481
vt 0.203376 0.522611
vt 0.212413 0.536068
vt 0.210332 0.564893
vt 0.156762 0.565248
vt 0.235965 0.042591
vt 0.233977 0.043581
vt 0.234297 0.041551
vt 0.236147 0.040636
vt 0.224923 0.223258
vt 0.696242 0.086464
vt 0.694012 0.094469
vt 0.689613 0.101653
vt 0.683452 0.107390
vt 0.305860 0.056070
vt 0.305079 0.055510
vt 0.308571 0.049138
vt 0.694180 0.070381
vt 0.696274 0.078253
vt 0.660017 0.112439
vt 0.667343 0.104222
vt 0.690220 0.063384
vt 0.684774 0.057660
vt 0.277347 0.011545
vt 0.284656 0.011107
vt 0.284045 0.018898
vt 0.278736 0.019185
vt 0.270447 0.013799
vt 0.273721 0.020806
vt 0.254215 0.036426
vt 0.254349 0.043800
vt 0.253381 0.043948
vt 0.253241 0.036314
vt 0.691073 0.062754
vt 0.695190 0.069969
vt 0.635212 0.093381
vt 0.636206 0.092977
vt 0.640124 0.099975
vt 0.639267 0.100609
vt 0.662105 0.049483
vt 0.662192 0.050561
vt 0.654156 0.052292
vt 0.653778 0.051254
vt 0.695037 0.094917
vt 0.690495 0.102373
vt 0.684096 0.108301
vt 0.685434 0.056850
vt 0.659822 0.113497
vt 0.697342 0.078113
vt 0.255525 0.051358
vt 0.256438 0.050945
vt 0.260449 0.057341
vt 0.259664 0.057993
vt 0.697335 0.086614
vt 0.691611 0.103282
vt 0.684905 0.109469
vt 0.254358 0.051873
vt 0.252074 0.044140
vt 0.676941 0.113572
vt 0.668306 0.115494
vt 0.287438 0.067836
vt 0.287734 0.069324
vt 0.279777 0.069707
vt 0.279866 0.068300
vt 0.294562 0.065467
vt 0.295275 0.066947
vt 0.651134 0.112610
vt 0.643680 0.108110
vt 0.686660 0.055349
vt 0.692522 0.061661
vt 0.696744 0.069323
vt 0.698892 0.077903
vt 0.271926 0.068046
vt 0.272355 0.066790
vt 0.292204 0.011658
vt 0.292631 0.010408
vt 0.299819 0.014062
vt 0.299100 0.015116
vt 0.696349 0.095476
vt 0.258674 0.058815
vt 0.250609 0.053516
vt 0.255078 0.286010
vt 0.237708 0.284143
vt 0.703888 0.077208
vt 0.703485 0.087408
vt 0.698795 0.086806
vt 0.659510 0.115148
vt 0.668664 0.120486
vt 0.658484 0.120496
vt 0.648568 0.117950
vt 0.373545 0.797788
vt 0.374264 0.797457
vt 0.378440 0.808306
vt 0.377719 0.808551
vt 0.301938 0.062845
vt 0.305624 0.067277
vt 0.297616 0.071735
vt 0.697191 0.058069
vt 0.701765 0.067194
vt 0.661622 0.042879
vt 0.671905 0.042883
vt 0.670852 0.048258
vt 0.661988 0.047919
vt 0.651712 0.045407
vt 0.653285 0.049865
vt 0.247876 0.044745
vt 0.700563 0.097251
vt 0.695197 0.106208
vt 0.234260 0.266296
vt 0.263086 0.270211
vt 0.223593 0.150487
vt 0.215510 0.513820
vt 0.213376 0.653718
vt 0.231829 0.062718
vt 0.230043 0.076727
vt 0.223566 0.481347
vt 0.213507 0.516872
vt 0.213264 0.522078
vt 0.225264 0.247606
vt 0.226020 0.251110
vt 0.223814 0.251202
vt 0.223235 0.247949
vt 0.233450 0.048775
vt 0.381175 0.344905
vt 0.383612 0.355941
vt 0.380447 0.345098
vt 0.099752 0.519104
vt 0.348437 0.760126
vt 0.347583 0.761015
vt 0.546604 0.046291
vt 0.544794 0.048102
vt 0.534487 0.037889
vt 0.536098 0.035926
vt 0.358042 0.917766
vt 0.365472 0.907963
vt 0.383968 0.830438
vt 0.381680 0.819272
vt 0.695160 0.411278
vt 0.377829 0.333879
vt 0.373004 0.323233
vt 0.374045 0.322707
vt 0.378882 0.333481
vt 0.382272 0.344617
vt 0.360004 0.302999
vt 0.354094 0.295946
vt 0.355002 0.295129
vt 0.360936 0.302271
vt 0.381353 0.875862
vt 0.380243 0.875551
vt 0.382897 0.864383
vt 0.397606 0.420051
vt 0.396374 0.419462
vt 0.390740 0.432237
vt 0.389609 0.431501
vt 0.663125 0.094676
vt 0.666537 0.094805
vt 0.667221 0.102822
vt 0.550970 0.043541
vt 0.558362 0.037890
vt 0.338380 0.942189
vt 0.349801 0.937040
vt 0.336520 0.937322
vt 0.337427 0.939611
vt 0.312419 0.945693
vt 0.311986 0.943158
vt 0.354036 0.767662
vt 0.361959 0.776972
vt 0.364791 0.907509
vt 0.370879 0.897072
vt 0.371577 0.897440
vt 0.375918 0.886409
vt 0.376659 0.886702
vt 0.354826 0.451499
vt 0.349780 0.794576
vt 0.228166 0.091413
vt 0.231712 0.091578
vt 0.230482 0.106179
vt 0.226659 0.105974
vt 0.744493 0.466987
vt 0.731441 0.468997
vt 0.630895 0.338390
vt 0.352251 0.890978
vt 0.354491 0.878279
vt 0.345558 0.768718
vt 0.849066 0.400555
vt 0.840463 0.392231
vt 0.841208 0.390845
vt 0.850902 0.399846
vt 0.332669 0.469597
vt 0.341846 0.465542
vt 0.333444 0.471899
vt 0.514909 0.496502
vt 0.504371 0.493212
vt 0.676825 0.313914
vt 0.671013 0.285341
vt 0.688401 0.311855
vt 0.686154 0.414174
vt 0.796764 0.317521
vt 0.795145 0.316980
vt 0.700625 0.442668
vt 0.693243 0.413877
vt 0.695651 0.413935
vt 0.817732 0.278333
vt 0.809956 0.290437
vt 0.808814 0.289138
vt 0.816820 0.276875
vt 0.715873 0.393570
vt 0.709340 0.359576
vt 0.711613 0.359148
vt 0.718480 0.393055
vt 0.725194 0.391728
vt 0.718607 0.357831
vt 0.727986 0.356066
vt 0.735381 0.393113
vt 0.715358 0.358443
vt 0.722927 0.392170
vt 0.697792 0.361749
vt 0.683925 0.403704
vt 0.674997 0.407066
vt 0.674565 0.406006
vt 0.288722 0.074134
vt 0.715330 0.243783
vt 0.710740 0.219461
vt 0.723828 0.219463
vt 0.684729 0.408172
vt 0.675447 0.409312
vt 0.675233 0.408111
vt 0.718759 0.409586
vt 0.707183 0.411645
vt 0.602249 0.431089
vt 0.720715 0.406388
vt 0.668397 0.320172
vt 0.668746 0.323253
vt 0.716798 0.398492
vt 0.719426 0.397749
vt 0.725964 0.395791
vt 0.723856 0.396394
vt 0.705942 0.279497
vt 0.706892 0.309465
vt 0.702340 0.309622
vt 0.709011 0.316683
vt 0.709476 0.320000
vt 0.704857 0.320348
vt 0.704241 0.316734
vt 0.708596 0.315514
vt 0.710854 0.315328
vt 0.711029 0.316725
vt 0.707624 0.312217
vt 0.710060 0.312330
vt 0.215075 0.497246
vt 0.215862 0.494042
vt 0.412401 0.010306
vt 0.414335 0.020120
vt 0.401316 0.022707
vt 0.398422 0.013122
vt 0.318054 0.070428
vt 0.326175 0.058391
vt 0.328168 0.060027
vt 0.320197 0.071860
vt 0.338219 0.049904
vt 0.348344 0.039857
vt 0.354692 0.047595
vt 0.345300 0.056986
vt 0.579766 0.194469
vt 0.570195 0.191588
vt 0.015393 0.275157
vt 0.107225 0.278638
vt 0.106668 0.293686
vt 0.014823 0.290292
vt 0.007345 0.562667
vt 0.007145 0.577801
vt 0.002910 0.577750
vt 0.003110 0.562607
vt 0.098745 0.563940
vt 0.007576 0.547535
vt 0.521008 0.272724
vt 0.509117 0.280604
vt 0.504401 0.271775
vt 0.515445 0.264397
vt 0.574361 0.096903
vt 0.579767 0.110099
vt 0.570185 0.113007
vt 0.565117 0.100731
vt 0.218476 0.328255
vt 0.195225 0.342048
vt 0.195902 0.327105
vt 0.230155 0.787012
vt 0.213665 0.786821
vt 0.101210 0.848757
vt 0.101521 0.863857
vt 0.009400 0.865637
vt 0.009117 0.850475
vt 0.100133 0.504864
vt 0.017850 0.214600
vt 0.013616 0.214417
vt 0.014248 0.200083
vt 0.018484 0.200256
vt 0.108327 0.248640
vt 0.108913 0.232902
vt 0.202248 0.237513
vt 0.246238 0.845511
vt 0.277920 0.859193
vt 0.249081 0.358928
vt 0.231849 0.416926
vt 0.222196 0.737290
vt 0.225867 0.738983
vt 0.247810 0.757477
vt 0.117669 0.069457
vt 0.182241 0.074781
vt 0.292478 0.267342
vt 0.292967 0.266186
vt 0.311754 0.940605
vt 0.329510 0.921575
vt 0.335375 0.934739
vt 0.580202 0.431838
vt 0.575966 0.442016
vt 0.579261 0.431634
vt 0.833620 0.383758
vt 0.832817 0.384290
vt 0.840212 0.393656
vt 0.848615 0.400938
vt 0.813384 0.317402
vt 0.570978 0.452897
vt 0.546527 0.322931
vt 0.544691 0.323639
vt 0.345605 0.932726
vt 0.212811 0.609287
vt 0.208803 0.609264
vt 0.336601 0.862933
vt 0.331002 0.865775
vt 0.318261 0.033461
vt 0.318871 0.043074
vt 0.317232 0.042864
vt 0.316735 0.033675
vt 0.317113 0.052593
vt 0.315446 0.051907
vt 0.313037 0.061400
vt 0.311466 0.060215
vt 0.306995 0.068925
vt 0.232445 0.106192
vt 0.233684 0.091550
vt 0.275905 0.004284
vt 0.275545 0.002520
vt 0.285195 0.002571
vt 0.285096 0.004213
vt 0.302117 0.010675
vt 0.302937 0.009449
vt 0.310154 0.015985
vt 0.309020 0.016932
vt 0.300814 0.061493
vt 0.300208 0.060765
vt 0.301295 0.046340
vt 0.298846 0.050975
vt 0.284723 0.010129
vt 0.277163 0.010591
vt 0.302402 0.035885
vt 0.302537 0.041213
vt 0.301108 0.036087
vt 0.644467 0.072505
vt 0.647603 0.067398
vt 0.648727 0.068312
vt 0.645780 0.073083
vt 0.295285 0.054845
vt 0.678038 0.053469
vt 0.674458 0.061226
vt 0.668870 0.059528
vt 0.670335 0.050996
vt 0.283942 0.020208
vt 0.278974 0.020458
vt 0.285826 0.059206
vt 0.269320 0.023627
vt 0.298007 0.026148
vt 0.659838 0.450706
vt 0.626299 0.441340
vt 0.603495 0.431911
vt 0.614913 0.423497
vt 0.631232 0.434339
vt 0.383081 0.400757
vt 0.385381 0.389617
vt 0.644701 0.409060
vt 0.650195 0.417666
vt 0.619922 0.454266
vt 0.616994 0.459121
vt 0.753022 0.267374
vt 0.193582 0.906767
vt 0.216434 0.905736
vt 0.217260 0.920900
vt 0.194187 0.921925
vt 0.293228 0.151869
vt 0.293325 0.137713
vt 0.295885 0.137975
vt 0.295805 0.151879
vt 0.165860 0.667122
vt 0.156265 0.652688
vt 0.359942 0.286836
vt 0.359209 0.287970
vt 0.352180 0.283856
vt 0.352172 0.282398
vt 0.386202 0.366998
vt 0.405945 0.365062
vt 0.406481 0.379065
vt 0.386305 0.378325
vt 0.222306 0.961591
vt 0.227299 0.954908
vt 0.228402 0.957134
vt 0.223847 0.963092
vt 0.724668 0.400893
vt 0.724960 0.404317
vt 0.368480 0.431875
vt 0.361972 0.441790
vt 0.350545 0.424927
vt 0.227810 0.250447
vt 0.229326 0.248827
vt 0.373976 0.421694
vt 0.353395 0.412604
vt 0.306975 0.393776
vt 0.301865 0.389442
vt 0.302836 0.388389
vt 0.378074 0.411065
vt 0.355196 0.400642
vt 0.231011 0.964537
vt 0.230639 0.963341
vt 0.258919 0.484998
vt 0.259188 0.486286
vt 0.231731 0.489184
vt 0.231506 0.487770
vt 0.223032 0.223025
vt 0.659327 0.502925
vt 0.646786 0.501910
vt 0.113687 0.129103
vt 0.352224 0.280414
vt 0.341812 0.275821
vt 0.105043 0.338825
vt 0.226463 0.489938
vt 0.226777 0.491151
vt 0.215678 0.890749
vt 0.008483 0.350677
vt 0.012717 0.350816
vt 0.012225 0.365945
vt 0.007991 0.365809
vt 0.248105 0.388325
vt 0.248491 0.373624
vt 0.279537 0.374662
vt 0.279223 0.389112
vt 0.234143 0.255991
vt 0.283898 0.477051
vt 0.198589 0.695630
vt 0.202407 0.695848
vt 0.224857 0.234932
vt 0.223018 0.233688
vt 0.828166 0.391844
vt 0.847197 0.402126
vt 0.906962 0.345174
vt 0.583537 0.406093
vt 0.597125 0.405778
vt 0.846678 0.403502
vt 0.180517 0.681389
vt 0.616115 0.488195
vt 0.616099 0.489511
vt 0.590071 0.490376
vt 0.804318 0.440812
vt 0.803548 0.422131
vt 0.808503 0.439901
vt 0.666323 0.410491
vt 0.665141 0.407390
vt 0.616986 0.376957
vt 0.654597 0.405560
vt 0.664238 0.404694
vt 0.685437 0.399226
vt 0.686107 0.403499
vt 0.683164 0.399639
vt 0.675309 0.320930
vt 0.677879 0.319729
vt 0.678227 0.321973
vt 0.675418 0.322159
vt 0.334250 0.474487
vt 0.334571 0.475603
vt 0.309438 0.480572
vt 0.309105 0.479411
vt 0.655624 0.408159
vt 0.658312 0.413843
vt 0.348664 0.917393
vt 0.344758 0.931232
vt 0.192338 0.712063
vt 0.195054 0.695824
vt 0.710938 0.502623
vt 0.705437 0.473891
vt 0.718405 0.471263
vt 0.723992 0.500944
vt 0.697745 0.503701
vt 0.692548 0.476764
vt 0.814249 0.459979
vt 0.812459 0.461795
vt 0.807988 0.459187
vt 0.098504 0.578849
vt 0.098326 0.593748
vt 0.216868 0.535804
vt 0.214888 0.535997
vt 0.215165 0.521968
vt 0.217139 0.521758
vt 0.684842 0.504046
vt 0.671753 0.504044
vt 0.668042 0.482817
vt 0.356775 0.377267
vt 0.356053 0.388878
vt 0.813788 0.425256
vt 0.801473 0.459917
vt 0.649902 0.290370
vt 0.660296 0.288089
vt 0.745685 0.433130
vt 0.352733 0.807029
vt 0.677334 0.316568
vt 0.688937 0.314705
vt 0.670391 0.331771
vt 0.676977 0.365667
vt 0.904562 0.302449
vt 0.918100 0.245004
vt 0.928032 0.253174
vt 0.477942 0.409194
vt 0.437141 0.424181
vt 0.937877 0.400687
vt 0.288312 0.949987
vt 0.356781 0.388950
vt 0.114582 0.114215
vt 0.023289 0.108720
vt 0.024211 0.093602
vt 0.352164 0.412368
vt 0.348999 0.424869
vt 0.329452 0.426887
vt 0.102893 0.924393
vt 0.103248 0.939568
vt 0.010915 0.941486
vt 0.010603 0.926312
vt 0.193288 0.401616
vt 0.102662 0.414008
vt 0.103099 0.398968
vt 0.327320 0.440216
vt 0.346772 0.437661
vt 0.326594 0.453740
vt 0.348002 0.762617
vt 0.349445 0.383403
vt 0.399343 0.337996
vt 0.403547 0.351278
vt 0.384707 0.355750
vt 0.392383 0.895521
vt 0.384705 0.907089
vt 0.372625 0.897991
vt 0.377722 0.887123
vt 0.853095 0.367752
vt 0.834683 0.382940
vt 0.823121 0.361337
vt 0.314839 0.277226
vt 0.314572 0.279755
vt 0.290332 0.274855
vt 0.857895 0.397224
vt 0.578215 0.384252
vt 0.497086 0.420297
vt 0.502610 0.420035
vt 0.510791 0.381673
vt 0.505826 0.379181
vt 0.506509 0.377214
vt 0.511961 0.379953
vt 0.494807 0.378406
vt 0.494399 0.376357
vt 0.491711 0.419118
vt 0.886730 0.303292
vt 0.887625 0.305176
vt 0.882959 0.308196
vt 0.881607 0.306612
vt 0.485668 0.418287
vt 0.486835 0.416602
vt 0.912808 0.310563
vt 0.908748 0.306886
vt 0.909912 0.305200
vt 0.518852 0.406207
vt 0.519994 0.400788
vt 0.522061 0.400946
vt 0.476337 0.403422
vt 0.478092 0.403092
vt 0.479795 0.408311
vt 0.482774 0.412917
vt 0.335178 0.339437
vt 0.355591 0.353966
vt 0.368612 0.787080
vt 0.367939 0.787486
vt 0.356940 0.365652
vt 0.354465 0.400537
vt 0.352657 0.412463
vt 0.349794 0.424779
vt 0.346901 0.854930
vt 0.343084 0.860399
vt 0.312397 0.397847
vt 0.325135 0.401089
vt 0.331518 0.400150
vt 0.330990 0.818579
vt 0.521460 0.394929
vt 0.519690 0.395262
vt 0.298412 0.375297
vt 0.299659 0.375339
vt 0.300325 0.382097
vt 0.298946 0.382435
vt 0.516325 0.411156
vt 0.337315 0.397629
vt 0.348208 0.383060
vt 0.349141 0.376945
vt 0.370143 0.432867
vt 0.349318 0.458984
vt 0.769787 0.231730
vt 0.772504 0.248699
vt 0.768275 0.249371
vt 0.765013 0.230923
vt 0.847021 0.333654
vt 0.285684 0.483630
vt 0.285274 0.482448
vt 0.735900 0.397933
vt 0.745034 0.397202
vt 0.583303 0.284541
vt 0.631559 0.085501
vt 0.626616 0.086167
vt 0.627048 0.076103
vt 0.631682 0.076689
vt 0.616988 0.322309
vt 0.609350 0.337062
vt 0.808057 0.425666
vt 0.745499 0.399217
vt 0.736378 0.400027
vt 0.692667 0.411668
vt 0.803891 0.469102
vt 0.805956 0.467284
vt 0.619198 0.475302
vt 0.280765 0.444593
vt 0.308377 0.442330
vt 0.893014 0.425627
vt 0.622179 0.449603
vt 0.344752 0.768573
vt 0.351541 0.303434
vt 0.351926 0.316500
vt 0.310214 0.428507
vt 0.279911 0.430364
vt 0.016586 0.244859
vt 0.003057 0.729247
vt 0.003417 0.759583
vt 0.215023 0.875867
vt 0.318283 0.401674
vt 0.641913 0.326142
vt 0.585287 0.124334
vt 0.587907 0.137825
vt 0.585341 0.138077
vt 0.582757 0.124823
vt 0.225553 0.209228
vt 0.223086 0.208997
vt 0.356161 0.353924
vt 0.313205 0.948481
vt 0.143626 0.638141
vt 0.162972 0.667203
vt 0.177827 0.681489
vt 0.234701 0.038180
vt 0.236536 0.023994
vt 0.469855 0.309575
vt 0.471371 0.310222
vt 0.217444 0.514331
vt 0.215435 0.515777
vt 0.839087 0.399006
vt 0.234456 0.106090
vt 0.235691 0.091374
vt 0.226412 0.180334
vt 0.226930 0.165692
vt 0.211589 0.682493
vt 0.239640 0.021137
vt 0.241363 0.021993
vt 0.227066 0.247043
vt 0.228761 0.246189
vt 0.218361 0.729267
vt 0.224252 0.731959
vt 0.223193 0.735015
vt 0.225584 0.486690
vt 0.308472 0.476619
vt 0.308176 0.474094
vt 0.939839 0.400877
vt 0.947826 0.390068
vt 0.563621 0.491241
vt 0.409074 0.855761
vt 0.407114 0.855566
vt 0.440245 0.437430
vt 0.435240 0.424876
vt 0.406364 0.870189
vt 0.404447 0.869758
vt 0.399373 0.420798
vt 0.433876 0.411402
vt 0.435743 0.358438
vt 0.437630 0.359341
vt 0.392403 0.433199
vt 0.231303 0.121186
vt 0.233306 0.121179
vt 0.229349 0.121123
vt 0.385798 0.907910
vt 0.393578 0.896210
vt 0.395329 0.897098
vt 0.386822 0.909701
vt 0.930760 0.252996
vt 0.889984 0.231429
vt 0.891161 0.230275
vt 0.367043 0.929862
vt 0.358352 0.935894
vt 0.357711 0.934152
vt 0.366276 0.928116
vt 0.334908 0.477291
vt 0.310129 0.482238
vt 0.539888 0.493500
vt 0.383431 0.445078
vt 0.373830 0.455079
vt 0.712554 0.440178
vt 0.236339 0.964113
vt 0.263739 0.959797
vt 0.620733 0.490394
vt 0.620935 0.489074
vt 0.816348 0.453575
vt 0.814603 0.458197
vt 0.812943 0.457783
vt 0.812142 0.456699
vt 0.231831 0.966239
vt 0.240615 0.035572
vt 0.236840 0.076518
vt 0.215844 0.564729
vt 0.213879 0.564864
vt 0.214228 0.550094
vt 0.216190 0.549917
vt 0.238291 0.062458
vt 0.587535 0.297831
vt 0.582340 0.295546
vt 0.360604 0.285128
vt 0.777265 0.262119
vt 0.781274 0.258102
vt 0.781733 0.259730
vt 0.777669 0.263672
vt 0.354209 0.469301
vt 0.345565 0.473422
vt 0.284420 0.479619
vt 0.258086 0.482095
vt 0.286263 0.485354
vt 0.220469 0.499357
vt 0.219689 0.508547
vt 0.218834 0.498397
vt 0.217075 0.497720
vt 0.622953 0.414515
vt 0.654987 0.406877
vt 0.664590 0.406036
vt 0.631951 0.435153
vt 0.907240 0.238173
vt 0.898610 0.234171
vt 0.899957 0.233080
vt 0.908999 0.237282
vt 0.624807 0.323888
vt 0.609400 0.318324
vt 0.602261 0.313595
vt 0.807869 0.424073
vt 0.219424 0.513017
vt 0.219113 0.521463
vt 0.772646 0.273214
vt 0.774770 0.268525
vt 0.775654 0.269234
vt 0.597604 0.380604
vt 0.599264 0.380292
vt 0.598816 0.405973
vt 0.764450 0.386520
vt 0.762461 0.396535
vt 0.724629 0.399653
vt 0.666673 0.411952
vt 0.793328 0.292405
vt 0.111349 0.173794
vt 0.157532 0.161028
vt 0.164135 0.175961
vt 0.456269 0.458553
vt 0.454839 0.460080
vt 0.446817 0.449228
vt 0.643539 0.406532
vt 0.643964 0.407830
vt 0.633570 0.410947
vt 0.633119 0.409641
vt 0.807649 0.281753
vt 0.813350 0.274865
vt 0.583527 0.333297
vt 0.744798 0.302702
vt 0.803403 0.420605
vt 0.815680 0.452418
vt 0.623424 0.415810
vt 0.613857 0.422502
vt 0.230547 0.484704
vt 0.813253 0.427951
vt 0.813089 0.426267
vt 0.816378 0.437733
vt 0.293661 0.264500
vt 0.525749 0.289892
vt 0.550696 0.281087
vt 0.526021 0.291230
vt 0.249282 0.461378
vt 0.231838 0.462126
vt 0.230892 0.953039
vt 0.251988 0.933541
vt 0.232169 0.387835
vt 0.232577 0.373096
vt 0.223110 0.165440
vt 0.161789 0.161260
vt 0.157794 0.146377
vt 0.174583 0.088845
vt 0.165256 0.102829
vt 0.399338 0.798658
vt 0.397542 0.799420
vt 0.802808 0.469769
vt 0.228600 0.232474
vt 0.263693 0.047745
vt 0.264350 0.017652
vt 0.663002 0.059263
vt 0.310358 0.042026
vt 0.646789 0.056134
vt 0.651973 0.063311
vt 0.640690 0.061917
vt 0.310225 0.034628
vt 0.272683 0.065851
vt 0.266006 0.062469
vt 0.291883 0.012582
vt 0.644168 0.089809
vt 0.645475 0.089292
vt 0.648125 0.094078
vt 0.646995 0.094907
vt 0.270034 0.012926
vt 0.311207 0.034476
vt 0.646136 0.055226
vt 0.639804 0.061207
vt 0.633126 0.076876
vt 0.635349 0.068658
vt 0.636368 0.069096
vt 0.634196 0.077019
vt 0.678484 0.052500
vt 0.304086 0.021048
vt 0.298527 0.015939
vt 0.634166 0.085158
vt 0.642795 0.078223
vt 0.642730 0.084132
vt 0.263726 0.016902
vt 0.304870 0.020395
vt 0.265430 0.063294
vt 0.634046 0.068113
vt 0.312520 0.034283
vt 0.276872 0.009102
vt 0.284815 0.008728
vt 0.637809 0.101696
vt 0.633664 0.094016
vt 0.258668 0.022380
vt 0.257337 0.021410
vt 0.262597 0.015544
vt 0.679265 0.050852
vt 0.264706 0.064351
vt 0.638685 0.060311
vt 0.645315 0.054062
vt 0.305858 0.019571
vt 0.293992 0.006391
vt 0.307186 0.057041
vt 0.258898 0.011097
vt 0.266983 0.006632
vt 0.269323 0.011441
vt 0.379842 0.411668
vt 0.313962 0.024853
vt 0.310202 0.026511
vt 0.214442 0.704768
vt 0.212659 0.703737
vt 0.224547 0.483627
vt 0.211401 0.550139
vt 0.216891 0.730845
vt 0.228921 0.253900
vt 0.378786 0.411307
vt 0.385163 0.378284
vt 0.362616 0.442270
vt 0.385106 0.367075
vt 0.369144 0.432273
vt 0.407866 0.379116
vt 0.390534 0.787045
vt 0.382142 0.775871
vt 0.372491 0.765744
vt 0.371568 0.766744
vt 0.361618 0.756934
vt 0.360831 0.758044
vt 0.679712 0.329929
vt 0.677104 0.330444
vt 0.676158 0.325750
vt 0.678787 0.325007
vt 0.367166 0.312775
vt 0.366488 0.313211
vt 0.359374 0.303490
vt 0.737565 0.354263
vt 0.374686 0.422019
vt 0.352344 0.303555
vt 0.352713 0.316453
vt 0.331675 0.466992
vt 0.332379 0.747162
vt 0.347966 0.288053
vt 0.727694 0.406355
vt 0.670306 0.316352
vt 0.667891 0.317144
vt 0.687960 0.411282
vt 0.674179 0.404633
vt 0.556290 0.034466
vt 0.548002 0.038233
vt 0.339053 0.283373
vt 0.337882 0.285913
vt 0.686244 0.363923
vt 0.689901 0.398434
vt 0.690726 0.403151
vt 0.692517 0.397966
vt 0.693445 0.402888
vt 0.685523 0.411169
vt 0.699932 0.309564
vt 0.688691 0.414034
vt 0.711659 0.319795
vt 0.710146 0.324273
vt 0.712419 0.323860
vt 0.683971 0.364351
vt 0.680226 0.365055
vt 0.672658 0.331329
vt 0.689641 0.444005
vt 0.674603 0.314843
vt 0.674870 0.317111
vt 0.670625 0.319181
vt 0.684554 0.406775
vt 0.576761 0.208666
vt 0.571147 0.222064
vt 0.568872 0.220848
vt 0.574378 0.207682
vt 0.320183 0.232744
vt 0.312307 0.220854
vt 0.321135 0.216140
vt 0.328509 0.227184
vt 0.360175 0.031892
vt 0.372064 0.024016
vt 0.376777 0.032843
vt 0.365735 0.040217
vt 0.298947 0.109386
vt 0.301422 0.110128
vt 0.012349 0.244689
vt 0.011156 0.274994
vt 0.216478 0.372565
vt 0.098701 0.698207
vt 0.336371 0.256516
vt 0.338193 0.254695
vt 0.348312 0.264741
vt 0.346678 0.266733
vt 0.360141 0.272705
vt 0.365698 0.264381
vt 0.376747 0.271745
vt 0.372030 0.280578
vt 0.003340 0.547465
vt 0.009586 0.456716
vt 0.008823 0.487012
vt 0.563133 0.234177
vt 0.555011 0.246217
vt 0.553018 0.244581
vt 0.560989 0.232746
vt 0.002563 0.668643
vt 0.006803 0.668625
vt 0.006892 0.684555
vt 0.002654 0.684600
vt 0.121093 0.025184
vt 0.122366 0.009382
vt 0.213041 0.017659
vt 0.214527 0.031892
vt 0.216046 0.387290
vt 0.231928 0.402278
vt 0.232022 0.889864
vt 0.234540 0.935215
vt 0.218129 0.936247
vt 0.313210 0.294924
vt 0.818856 0.280239
vt 0.815374 0.291653
vt 0.555378 0.329832
vt 0.582196 0.406089
vt 0.579908 0.383934
vt 0.581211 0.383689
vt 0.318040 0.867821
vt 0.318245 0.866805
vt 0.324726 0.867100
vt 0.216762 0.609309
vt 0.214754 0.609297
vt 0.215080 0.594430
vt 0.217078 0.594315
vt 0.266109 0.004859
vt 0.346815 0.848293
vt 0.257516 0.009435
vt 0.298495 0.073495
vt 0.289092 0.075898
vt 0.301438 0.856930
vt 0.302552 0.856333
vt 0.294477 0.004938
vt 0.644208 0.078433
vt 0.644121 0.083966
vt 0.214594 0.724536
vt 0.657231 0.060542
vt 0.663129 0.060674
vt 0.657723 0.061880
vt 0.652801 0.064467
vt 0.651892 0.098017
vt 0.651003 0.099106
vt 0.264445 0.032542
vt 0.266785 0.028194
vt 0.299652 0.031274
vt 0.705743 0.403994
vt 0.612030 0.293912
vt 0.808462 0.423082
vt 0.803969 0.419624
vt 0.100643 0.818575
vt 0.191353 0.831845
vt 0.100917 0.833664
vt 0.190646 0.756543
vt 0.190785 0.771724
vt 0.099888 0.773317
vt 0.453845 0.017572
vt 0.454795 0.007620
vt 0.178205 0.191184
vt 0.169388 0.176245
vt 0.159854 0.161127
vt 0.356986 0.932991
vt 0.357410 0.917257
vt 0.350282 0.917084
vt 0.350853 0.904004
vt 0.225691 0.970352
vt 0.227208 0.969210
vt 0.304974 0.863137
vt 0.300546 0.858021
vt 0.379506 0.875344
vt 0.355730 0.866027
vt 0.356818 0.854128
vt 0.382144 0.864237
vt 0.230182 0.730917
vt 0.166887 0.176061
vt 0.736253 0.220582
vt 0.154621 0.116836
vt 0.497893 0.324774
vt 0.003625 0.774745
vt 0.007867 0.774684
vt 0.008093 0.789840
vt 0.003851 0.789905
vt 0.245993 0.830768
vt 0.751618 0.315667
vt 0.762010 0.312550
vt 0.209386 0.221429
vt 0.213190 0.221852
vt 0.567423 0.331646
vt 0.600880 0.379988
vt 0.824033 0.270400
vt 0.192089 0.206227
vt 0.752042 0.316966
vt 0.757871 0.350440
vt 0.747014 0.352484
vt 0.740985 0.317938
vt 0.592044 0.301366
vt 0.762462 0.313856
vt 0.764614 0.383743
vt 0.572464 0.362153
vt 0.118824 0.054089
vt 0.119956 0.039467
vt 0.198026 0.061489
vt 0.205842 0.221432
vt 0.213127 0.594473
vt 0.749445 0.493970
vt 0.736762 0.497762
vt 0.098348 0.668260
vt 0.098226 0.653330
vt 0.581346 0.263523
vt 0.583136 0.261706
vt 0.761591 0.489600
vt 0.778582 0.264378
vt 0.782752 0.260417
vt 0.594120 0.263585
vt 0.450115 0.333090
vt 0.356988 0.842444
vt 0.008333 0.804997
vt 0.011286 0.396200
vt 0.010837 0.411328
vt 0.102538 0.909233
vt 0.354393 0.297568
vt 0.355502 0.854058
vt 0.398604 0.882862
vt 0.537698 0.326257
vt 0.817367 0.339238
vt 0.814690 0.316560
vt 0.840279 0.299684
vt 0.898657 0.301145
vt 0.898481 0.303209
vt 0.892942 0.303468
vt 0.892577 0.301410
vt 0.874765 0.316583
vt 0.877524 0.311145
vt 0.879239 0.312323
vt 0.876724 0.317271
vt 0.903869 0.304381
vt 0.917799 0.325868
vt 0.917488 0.320388
vt 0.906049 0.343320
vt 0.320236 0.351702
vt 0.319996 0.350327
vt 0.345858 0.388772
vt 0.342180 0.393730
vt 0.478880 0.392239
vt 0.477787 0.397610
vt 0.475739 0.397462
vt 0.476942 0.391570
vt 0.873517 0.322533
vt 0.875585 0.322690
vt 0.915779 0.315169
vt 0.356083 0.854089
vt 0.318621 0.400324
vt 0.310993 0.867044
vt 0.326946 0.350050
vt 0.326826 0.351416
vt 0.774841 0.233110
vt 0.362896 0.776268
vt 0.354920 0.766863
vt 0.479408 0.303801
vt 0.500530 0.375984
vt 0.376692 0.918636
vt 0.377570 0.920402
vt 0.215340 0.653875
vt 0.217330 0.654183
vt 0.217494 0.669070
vt 0.591703 0.254401
vt 0.589638 0.256219
vt 0.960325 0.298580
vt 0.641638 0.333845
vt 0.642076 0.327573
vt 0.502606 0.297855
vt 0.227247 0.479679
vt 0.347108 0.289517
vt 0.349466 0.917196
vt 0.279691 0.886307
vt 0.281050 0.900621
vt 0.287529 0.290531
vt 0.248189 0.888825
vt 0.010588 0.290135
vt 0.278667 0.872436
vt 0.002763 0.698947
vt 0.007001 0.698912
vt 0.007142 0.714370
vt 0.002904 0.714459
vt 0.793893 0.293701
vt 0.216155 0.696851
vt 0.218010 0.683178
vt 0.218126 0.697167
vt 0.333628 0.351540
vt 0.347995 0.364501
vt 0.495281 0.018240
vt 0.491505 0.027506
vt 0.194771 0.937174
vt 0.195506 0.967717
vt 0.175315 0.191110
vt 0.189395 0.206183
vt 0.796266 0.473774
vt 0.187568 0.075148
vt 0.203517 0.061851
vt 0.216379 0.704277
vt 0.218344 0.705612
vt 0.185121 0.075052
vt 0.172077 0.088730
vt 0.217066 0.639428
vt 0.215407 0.579406
vt 0.213447 0.579500
vt 0.229599 0.960140
vt 0.242738 0.023775
vt 0.241866 0.026374
vt 0.307258 0.742428
vt 0.307896 0.739623
vt 0.333184 0.744555
vt 0.362278 0.755160
vt 0.373262 0.763941
vt 0.447796 0.333394
vt 0.431891 0.411774
vt 0.469450 0.005200
vt 0.484266 0.008232
vt 0.409778 0.379186
vt 0.401739 0.884052
vt 0.399894 0.883391
vt 0.955312 0.286032
vt 0.109452 0.218654
vt 0.216908 0.624305
vt 0.383056 0.774034
vt 0.392221 0.786063
vt 0.892790 0.427076
vt 0.308926 0.736785
vt 0.333838 0.741732
vt 0.333504 0.743430
vt 0.308231 0.738458
vt 0.443833 0.344312
vt 0.820344 0.451067
vt 0.819851 0.449847
vt 0.770139 0.230428
vt 0.580992 0.265304
vt 0.809103 0.065733
vt 0.811016 0.070698
vt 0.810441 0.070935
vt 0.219393 0.511592
vt 0.226771 0.236211
vt 0.363037 0.463819
vt 0.592786 0.253734
vt 0.709429 0.309326
vt 0.670917 0.322606
vt 0.627126 0.441898
vt 0.768452 0.281601
vt 0.762982 0.287266
vt 0.767595 0.280914
vt 0.808194 0.283075
vt 0.764690 0.385107
vt 0.227582 0.736681
vt 0.254854 0.741195
vt 0.595870 0.305164
vt 0.592188 0.302891
vt 0.579217 0.285765
vt 0.215452 0.446935
vt 0.265744 0.027440
vt 0.259451 0.022945
vt 0.300862 0.030727
vt 0.308116 0.027446
vt 0.633094 0.085298
vt 0.670535 0.049918
vt 0.427351 0.017571
vt 0.426404 0.007618
vt 0.309032 0.027030
vt 0.629861 0.066389
vt 0.635082 0.057437
vt 0.678477 0.118005
vt 0.628648 0.096096
vt 0.633098 0.105268
vt 0.639657 0.113012
vt 0.681846 0.045528
vt 0.690651 0.050467
vt 0.253662 0.028406
vt 0.251847 0.036149
vt 0.247356 0.035602
vt 0.249101 0.026578
vt 0.368143 0.312147
vt 0.642700 0.050324
vt 0.237464 0.020831
vt 0.352843 0.925671
vt 0.351936 0.924829
vt 0.270560 0.072079
vt 0.270072 0.073541
vt 0.705682 0.325065
vt 0.407316 0.364918
vt 0.704492 0.397348
vt 0.295895 0.180253
vt 0.293284 0.166760
vt 0.339983 0.281121
vt 0.705337 0.401836
vt 0.719820 0.312063
vt 0.727188 0.403326
vt 0.388209 0.311418
vt 0.304427 0.095935
vt 0.306809 0.096919
vt 0.385221 0.018517
vt 0.389045 0.027766
vt 0.006604 0.411205
vt 0.007052 0.396073
vt 0.310990 0.113006
vt 0.305825 0.138978
vt 0.542973 0.049922
vt 0.535899 0.056995
vt 0.526502 0.047620
vt 0.532852 0.039881
vt 0.521028 0.031913
vt 0.515470 0.040232
vt 0.504422 0.032871
vt 0.509140 0.024039
vt 0.006985 0.592934
vt 0.006873 0.608068
vt 0.002637 0.608042
vt 0.002749 0.592896
vt 0.563121 0.070436
vt 0.571126 0.082537
vt 0.568854 0.083752
vt 0.560980 0.071866
vt 0.216180 0.048309
vt 0.014980 0.184139
vt 0.019216 0.184339
vt 0.189907 0.726149
vt 0.098915 0.712464
vt 0.824593 0.270592
vt 0.826560 0.270584
vt 0.315321 0.024262
vt 0.279505 0.074242
vt 0.279413 0.075893
vt 0.253035 0.018233
vt 0.251450 0.017050
vt 0.247431 0.025902
vt 0.245723 0.035400
vt 0.246360 0.044958
vt 0.249254 0.054098
vt 0.290830 0.057642
vt 0.263237 0.032076
vt 0.620575 0.293665
vt 0.624269 0.322177
vt 0.591622 0.303873
vt 0.026160 0.063364
vt 0.025168 0.078483
vt 0.020936 0.078210
vt 0.021928 0.063082
vt 0.193658 0.386711
vt 0.103555 0.383931
vt 0.011747 0.381073
vt 0.587967 0.152720
vt 0.587870 0.166879
vt 0.304204 0.825076
vt 0.098156 0.638416
vt 0.225153 0.728719
vt 0.332929 0.325889
vt 0.219700 0.048734
vt 0.200706 0.061767
vt 0.808295 0.286308
vt 0.774350 0.267051
vt 0.772167 0.271981
vt 0.110678 0.188725
vt 0.770557 0.227908
vt 0.768230 0.226867
vt 0.812291 0.438957
vt 0.432282 0.398309
vt 0.016490 0.153859
vt 0.019947 0.169208
vt 0.015713 0.168997
vt 0.010293 0.911139
vt 0.006357 0.926399
vt 0.006048 0.911225
vt 0.352266 0.923188
vt 0.220344 0.967968
vt 0.375704 0.422488
vt 0.834027 0.270481
vt 0.514934 0.385369
vt 0.517965 0.390003
vt 0.500382 0.378065
vt 0.217407 0.579195
vt 0.426384 0.297012
vt 0.426142 0.299573
vt 0.346846 0.365055
vt 0.333168 0.352808
vt 0.300778 0.368639
vt 0.348771 0.370837
vt 0.757593 0.223176
vt 0.760177 0.224119
vt 0.595419 0.307396
vt 0.019057 0.108466
vt 0.215734 0.402061
vt 0.582233 0.109350
vt 0.595872 0.306487
vt 0.228476 0.233896
vt 0.218169 0.549558
vt 0.218843 0.535454
vt 0.225805 0.195107
vt 0.229202 0.733978
vt 0.315304 0.274719
vt 0.430258 0.398351
vt 0.409241 0.364750
vt 0.441227 0.345138
vt 0.478476 0.302683
vt 0.344583 0.745580
vt 0.317339 0.269206
vt 0.502830 0.296408
vt 0.920371 0.244445
vt 0.232108 0.490985
vt 0.259564 0.488076
vt 0.573987 0.362462
vt 0.227518 0.492888
vt 0.771535 0.229440
vt 0.228576 0.236957
vt 0.217837 0.564444
vt 0.495575 0.490405
vt 0.353321 0.749683
vt 0.597535 0.337062
vt 0.633014 0.325632
vt 0.007861 0.531617
vt 0.003626 0.531519
vt 0.223530 0.048767
vt 0.287252 0.066869
vt 0.294153 0.064597
vt 0.279933 0.067330
vt 0.255977 0.029318
vt 0.255072 0.028964
vt 0.687472 0.113225
vt 0.447946 0.148625
vt 0.431033 0.148625
vt 0.431033 0.144849
vt 0.447946 0.144849
vt 0.447946 0.099544
vt 0.431033 0.099544
vt 0.431033 0.095768
vt 0.447946 0.095768
vt 0.555005 0.058410
vt 0.553013 0.060044
vt 0.910627 0.340268
vt 0.290789 0.137452
vt 0.296517 0.108658
vt 0.560036 0.216128
vt 0.565119 0.203855
vt 0.384238 0.016136
vt 0.370850 0.021742
vt 0.526490 0.257018
vt 0.532840 0.264756
vt 0.427340 0.287059
vt 0.453828 0.287071
vt 0.454775 0.297019
vt 0.019979 0.093339
vt 0.358710 0.274847
vt 0.370815 0.282852
vt 0.576740 0.095918
vt 0.103938 0.969944
vt 0.011540 0.971845
vt 0.560025 0.088471
vt 0.552662 0.077423
vt 0.027239 0.047460
vt 0.023009 0.047153
vt 0.008844 0.835315
vt 0.335907 0.066379
vt 0.029312 0.017695
vt 0.030353 0.002892
vt 0.008146 0.517272
vt 0.008479 0.501827
vt 0.522439 0.274867
vt 0.534475 0.266749
vt 0.004091 0.805066
vt 0.008583 0.820155
vt 0.004341 0.820227
vt 0.411903 0.007778
vt 0.426160 0.005046
vt 0.006795 0.623204
vt 0.544788 0.256529
vt 0.542966 0.254707
vt 0.017193 0.230044
vt 0.007514 0.380941
vt 0.310039 0.082540
vt 0.312314 0.083755
vt 0.005743 0.896054
vt 0.005446 0.880884
vt 0.496943 0.288488
vt 0.483502 0.293976
vt 0.482756 0.291509
vt 0.495958 0.286107
vt 0.004587 0.486910
vt 0.005349 0.456607
vt 0.316065 0.100747
vt 0.552658 0.227181
vt 0.305821 0.151912
vt 0.098512 0.683611
vt 0.004602 0.835389
vt 0.310989 0.191590
vt 0.301406 0.194493
vt 0.326156 0.246208
vt 0.328148 0.244573
vt 0.306807 0.207695
vt 0.316059 0.203870
vt 0.510332 0.282877
vt 0.028231 0.033127
vt 0.575375 0.139056
vt 0.572926 0.126725
vt 0.385891 0.286379
vt 0.389668 0.277110
vt 0.013220 0.335687
vt 0.492130 0.276855
vt 0.556975 0.247829
vt 0.546600 0.258341
vt 0.307797 0.081342
vt 0.315924 0.069004
vt 0.469769 0.299369
vt 0.469274 0.296855
vt 0.484238 0.296408
vt 0.455274 0.002520
vt 0.455037 0.005059
vt 0.425922 0.002521
vt 0.290755 0.167007
vt 0.290664 0.151881
vt 0.298938 0.195240
vt 0.296507 0.195976
vt 0.293382 0.180749
vt 0.310034 0.222068
vt 0.307793 0.223265
vt 0.302059 0.209658
vt 0.304426 0.208679
vt 0.324192 0.247819
vt 0.315911 0.235597
vt 0.318041 0.234174
vt 0.497230 0.013487
vt 0.496253 0.015855
vt 0.523881 0.027643
vt 0.522458 0.029772
vt 0.510354 0.021766
vt 0.511551 0.019526
vt 0.324212 0.056779
vt 0.334586 0.046271
vt 0.336397 0.048082
vt 0.334560 0.258327
vt 0.411409 0.005265
vt 0.523862 0.276997
vt 0.511529 0.285118
vt 0.397676 0.010655
vt 0.396942 0.008224
vt 0.582242 0.195211
vt 0.584673 0.195940
vt 0.579130 0.209644
vt 0.590407 0.167140
vt 0.584664 0.108613
vt 0.587799 0.123836
vt 0.383259 0.013770
vt 0.369654 0.019502
vt 0.383941 0.291133
vt 0.384918 0.288765
vt 0.396906 0.296391
vt 0.357288 0.276976
vt 0.369619 0.285092
vt 0.345067 0.268696
vt 0.536087 0.268713
vt 0.497922 0.290855
vt 0.357322 0.027619
vt 0.358744 0.029749
vt 0.346709 0.037865
vt 0.345098 0.035901
vt 0.302057 0.094957
vt 0.425904 0.302112
vt 0.455018 0.299591
vt 0.455257 0.302116
vt 0.411726 0.299427
vt 0.573389 0.223261
vt 0.565264 0.235601
vt 0.556967 0.056799
vt 0.573365 0.081340
vt 0.579106 0.094938
vt 0.590436 0.137577
vt 0.590531 0.152707
vt 0.565250 0.069013
vt 0.006171 0.426337
vt 0.024001 0.032832
vt 0.003912 0.517184
vt 0.004246 0.501684
vt 0.012957 0.229915
vt 0.002559 0.623187
vt 0.008986 0.335544
vt 0.025085 0.017350
vt 0.026123 0.002595
vt 0.005157 0.865717
vt 0.004874 0.850553
vt 0.110033 0.204068
vt 0.010038 0.305273
vt 0.009503 0.320409
vt 0.007293 0.971933
vt 0.006669 0.941574
vt 0.672885 0.092336
vt 0.675409 0.089974
vt 0.005753 0.441470
vt 0.535884 0.247624
vt 0.545278 0.238230
vt 0.354659 0.257006
vt 0.335884 0.238227
vt 0.468776 0.294328
vt 0.328526 0.077425
vt 0.321147 0.088473
vt 0.466838 0.284509
vt 0.479859 0.281928
vt 0.545275 0.066395
vt 0.345271 0.247618
vt 0.663830 0.068659
vt 0.660503 0.069480
vt 0.669865 0.093994
vt 0.678244 0.080302
vt 0.677389 0.076993
vt 0.447946 0.122196
vt 0.431033 0.122196
vt 0.431033 0.118421
vt 0.447946 0.118421
vt 0.675765 0.073986
vt 0.659861 0.093674
vt 0.652962 0.086444
vt 0.657465 0.071084
vt 0.660877 0.091401
vt 0.663509 0.092189
vt 0.666847 0.071260
vt 0.675724 0.080583
vt 0.675065 0.077900
vt 0.786444 0.175901
vt 0.666277 0.092269
vt 0.673749 0.075483
vt 0.655314 0.085550
vt 0.661397 0.071826
vt 0.658961 0.073145
vt 0.766311 0.140822
vt 0.758035 0.138777
vt 0.664087 0.071180
vt 0.721316 0.166719
vt 0.849707 0.065708
vt 0.848364 0.070838
vt 0.826716 0.042939
vt 0.832023 0.042882
vt 0.832108 0.083433
vt 0.837296 0.082033
vt 0.849099 0.060458
vt 0.849712 0.060376
vt 0.841816 0.046837
vt 0.826739 0.083436
vt 0.821607 0.044345
vt 0.817304 0.047313
vt 0.817034 0.046960
vt 0.837173 0.044210
vt 0.811122 0.055495
vt 0.810556 0.055255
vt 0.813260 0.050672
vt 0.813745 0.051050
vt 0.813123 0.075597
vt 0.809144 0.060388
vt 0.845222 0.075110
vt 0.845714 0.075484
vt 0.841936 0.079298
vt 0.447946 0.073116
vt 0.431033 0.073116
vt 0.431033 0.069340
vt 0.447946 0.069340
vt 0.447946 0.084442
vt 0.431033 0.084442
vt 0.431033 0.080666
vt 0.447946 0.080666
vt 0.431033 0.065565
vt 0.447946 0.065565
vt 0.431033 0.141074
vt 0.447946 0.141074
vt 0.431033 0.091993
vt 0.447946 0.091993
vt 0.431033 0.076891
vt 0.447946 0.076891
vt 0.431033 0.061789
vt 0.447946 0.061789
vt 0.447946 0.088217
vt 0.431033 0.088217
vt 0.447946 0.107095
vt 0.431033 0.107095
vt 0.431033 0.103319
vt 0.447946 0.103319
vt 0.447946 0.110870
vt 0.431033 0.110870
vt 0.431033 0.114646
vt 0.447946 0.114646
vt 0.447946 0.133523
vt 0.431033 0.133523
vt 0.447946 0.137298
vt 0.431033 0.137298
vt 0.431033 0.058014
vt 0.447946 0.058014
vt 0.671409 0.090300
vt 0.673422 0.088392
vt 0.783942 0.184202
vt 0.779459 0.191440
vt 0.841555 0.072324
vt 0.749549 0.138740
vt 0.817344 0.053858
vt 0.774006 0.144998
vt 0.668979 0.091622
vt 0.887928 0.066820
vt 0.884973 0.067928
vt 0.876139 0.053103
vt 0.878531 0.051060
vt 0.800166 0.119924
vt 0.802592 0.117937
vt 0.815631 0.129112
vt 0.814041 0.131774
vt 0.891312 0.084894
vt 0.888145 0.084926
vt 0.791081 0.103974
vt 0.794051 0.102904
vt 0.989625 0.614980
vt 0.989625 0.622376
vt 0.988939 0.622376
vt 0.988939 0.614980
vt 0.796761 0.013773
vt 0.823603 0.003808
vt 0.824522 0.008631
vt 0.799298 0.017975
vt 0.761518 0.058022
vt 0.775243 0.032790
vt 0.779105 0.035852
vt 0.766180 0.059556
vt 0.989625 0.629771
vt 0.989625 0.637169
vt 0.988939 0.637169
vt 0.988939 0.629771
vt 0.901955 0.061527
vt 0.906354 0.084662
vt 0.902856 0.084727
vt 0.898707 0.062759
vt 0.879542 0.119471
vt 0.877040 0.117493
vt 0.885325 0.102130
vt 0.888318 0.103156
vt 0.757498 0.086341
vt 0.762400 0.086241
vt 0.989625 0.659358
vt 0.989625 0.666754
vt 0.988939 0.666754
vt 0.988939 0.659358
vt 0.921895 0.084342
vt 0.917639 0.113105
vt 0.912912 0.111518
vt 0.916929 0.084459
vt 0.864346 0.039427
vt 0.862789 0.042136
vt 0.846682 0.036256
vt 0.847222 0.033189
vt 0.830968 0.138188
vt 0.831526 0.135130
vt 0.848426 0.135072
vt 0.848990 0.138121
vt 0.875516 0.829680
vt 0.884833 0.845785
vt 0.876596 0.852762
vt 0.862342 0.840797
vt 0.718952 0.860881
vt 0.718950 0.879427
vt 0.702052 0.882404
vt 0.695710 0.864976
vt 0.750708 0.890987
vt 0.735848 0.882407
vt 0.742192 0.864980
vt 0.762630 0.876781
vt 0.866203 0.931644
vt 0.848116 0.916363
vt 0.862380 0.904428
vt 0.875534 0.915519
vt 0.949964 0.872492
vt 0.947037 0.889410
vt 0.929521 0.883085
vt 0.931367 0.872540
vt 0.938384 0.840741
vt 0.924137 0.852728
vt 0.915962 0.845813
vt 0.925230 0.829672
vt 0.718940 0.996785
vt 0.718942 0.978240
vt 0.735840 0.975263
vt 0.742182 0.992689
vt 0.750702 0.966685
vt 0.762622 0.980891
vt 0.776723 0.139301
vt 0.762630 0.114359
vt 0.767229 0.112674
vt 0.780520 0.136158
vt 0.915615 0.846401
vt 0.915100 0.847275
vt 0.905520 0.843753
vt 0.905705 0.842752
vt 0.870102 0.872607
vt 0.871111 0.872613
vt 0.872876 0.882602
vt 0.871927 0.882941
vt 0.928858 0.862218
vt 0.927908 0.862559
vt 0.922852 0.853797
vt 0.923631 0.853152
vt 0.871907 0.862291
vt 0.872854 0.862640
vt 0.852170 0.003362
vt 0.851394 0.008225
vt 0.905682 0.902438
vt 0.905510 0.901431
vt 0.915107 0.897901
vt 0.915612 0.898784
vt 0.930100 0.629771
vt 0.930100 0.622376
vt 0.895099 0.902407
vt 0.895282 0.901404
vt 0.923684 0.891967
vt 0.922908 0.891315
vt 0.927933 0.882511
vt 0.928881 0.882859
vt 0.895124 0.842770
vt 0.895297 0.843774
vt 0.885689 0.847258
vt 0.885182 0.846375
vt 0.885179 0.898774
vt 0.885694 0.897898
vt 0.925380 0.872545
vt 0.923897 0.881052
vt 0.920494 0.879818
vt 0.921769 0.872547
vt 0.923872 0.864036
vt 0.920481 0.865277
vt 0.916785 0.858887
vt 0.919555 0.856561
vt 0.968529 0.872436
vt 0.964534 0.895705
vt 0.887864 0.894165
vt 0.881235 0.888605
vt 0.884007 0.886278
vt 0.889679 0.891025
vt 0.904762 0.848034
vt 0.904132 0.851613
vt 0.896685 0.851616
vt 0.896050 0.848028
vt 0.881219 0.856613
vt 0.884001 0.858939
vt 0.880306 0.865344
vt 0.876906 0.864109
vt 0.676160 0.904125
vt 0.670290 0.920250
vt 0.652026 0.917029
vt 0.660100 0.894851
vt 0.801482 0.153157
vt 0.781139 0.135643
vt 0.784958 0.132486
vt 0.804037 0.148797
vt 0.853443 0.162258
vt 0.826686 0.162260
vt 0.827532 0.157485
vt 0.852547 0.157368
vt 0.897359 0.034970
vt 0.910948 0.058116
vt 0.906408 0.059838
vt 0.893581 0.038204
vt 0.847930 0.029043
vt 0.866520 0.035617
vt 0.864620 0.038951
vt 0.847319 0.032651
vt 0.830254 0.142150
vt 0.830868 0.138724
vt 0.849088 0.138657
vt 0.849751 0.142250
vt 0.824674 0.009417
vt 0.851271 0.009020
vt 0.850466 0.013900
vt 0.825569 0.014157
vt 0.779737 0.036349
vt 0.799715 0.018661
vt 0.802298 0.022958
vt 0.783521 0.039363
vt 0.876106 0.148566
vt 0.878715 0.152925
vt 0.898981 0.134989
vt 0.895145 0.131913
vt 0.772613 0.110702
vt 0.767981 0.112396
vt 0.763201 0.086221
vt 0.768035 0.086136
vt 0.771715 0.061392
vt 0.766945 0.059804
vt 0.911122 0.084575
vt 0.916118 0.084482
vt 0.912138 0.111261
vt 0.907300 0.109622
vt 0.891738 0.065384
vt 0.888446 0.066627
vt 0.878951 0.050701
vt 0.881758 0.048305
vt 0.828432 0.029312
vt 0.829071 0.032729
vt 0.812108 0.039236
vt 0.810168 0.036010
vt 0.876634 0.017767
vt 0.874143 0.022182
vt 0.889974 0.041300
vt 0.806423 0.144735
vt 0.828359 0.152819
vt 0.871824 0.026297
vt 0.788611 0.129477
vt 0.777042 0.109084
vt 0.902785 0.108095
vt 0.873674 0.144508
vt 0.891389 0.128903
vt 0.899526 0.084771
vt 0.895585 0.084831
vt 0.895617 0.063919
vt 0.804702 0.026964
vt 0.826435 0.018795
vt 0.792483 0.046487
vt 0.795700 0.049033
vt 0.786288 0.066231
vt 0.782520 0.064969
vt 0.850461 0.146067
vt 0.829530 0.146195
vt 0.886057 0.124645
vt 0.882772 0.122033
vt 0.892515 0.104585
vt 0.896327 0.105903
vt 0.808124 0.032652
vt 0.827669 0.025394
vt 0.849694 0.018552
vt 0.887311 0.043579
vt 0.870121 0.029304
vt 0.849133 0.021933
vt 0.848579 0.025216
vt 0.827075 0.022178
vt 0.884834 0.045699
vt 0.851692 0.152710
vt 0.851069 0.149303
vt 0.871909 0.141573
vt 0.776171 0.062868
vt 0.787217 0.042305
vt 0.789888 0.044429
vt 0.779461 0.063958
vt 0.772783 0.086042
vt 0.776260 0.085986
vt 0.780273 0.107905
vt 0.888628 0.126697
vt 0.899509 0.106983
vt 0.868508 0.032161
vt 0.806478 0.029916
vt 0.870192 0.138727
vt 0.791278 0.127270
vt 0.828965 0.149420
vt 0.808183 0.141740
vt 0.930101 0.600187
vt 0.930100 0.592791
vt 0.988939 0.592791
vt 0.988938 0.600187
vt 0.825704 0.167925
vt 0.798595 0.158127
vt 0.801078 0.153857
vt 0.826551 0.163055
vt 0.901731 0.031219
vt 0.916321 0.056061
vt 0.911702 0.057825
vt 0.897972 0.034441
vt 0.812385 0.039700
vt 0.813952 0.042322
vt 0.801288 0.053453
vt 0.798855 0.051529
vt 0.877947 0.891362
vt 0.877169 0.892007
vt 0.793393 0.068541
vt 0.790437 0.067581
vt 0.829168 0.033264
vt 0.829731 0.036319
vt 0.790952 0.085744
vt 0.787750 0.085801
vt 0.865857 0.131614
vt 0.864256 0.128975
vt 0.930689 0.872545
vt 0.929679 0.872542
vt 0.903528 0.138618
vt 0.899621 0.135495
vt 0.877122 0.853195
vt 0.877897 0.853849
vt 0.881702 0.157885
vt 0.854483 0.167927
vt 0.853591 0.163053
vt 0.879137 0.153621
vt 0.879443 0.012739
vt 0.877027 0.017059
vt 0.888478 0.805379
vt 0.891741 0.823745
vt 0.866158 0.813558
vt 0.876645 0.892440
vt 0.884833 0.899362
vt 0.912337 0.939841
vt 0.909063 0.921450
vt 0.925301 0.915505
vt 0.934688 0.931637
vt 0.909027 0.823747
vt 0.905830 0.842076
vt 0.912930 0.851004
vt 0.911115 0.854144
vt 0.853783 0.855718
vt 0.871284 0.862066
vt 0.946956 0.855598
vt 0.929494 0.861981
vt 0.832259 0.872657
vt 0.850828 0.872629
vt 0.853810 0.889542
vt 0.836358 0.895893
vt 0.871286 0.883171
vt 0.891760 0.921452
vt 0.894977 0.903099
vt 0.905799 0.903096
vt 0.938497 0.904351
vt 0.924211 0.892400
vt 0.895001 0.842078
vt 0.875416 0.872612
vt 0.879027 0.872615
vt 0.880313 0.879886
vt 0.876920 0.881125
vt 0.767602 0.937416
vt 0.767603 0.920258
vt 0.785867 0.917039
vt 0.785865 0.940638
vt 0.887871 0.851019
vt 0.889690 0.854164
vt 0.761732 0.953540
vt 0.777792 0.962815
vt 0.919583 0.888551
vt 0.916800 0.886227
vt 0.761736 0.904132
vt 0.777797 0.894861
vt 0.912932 0.894149
vt 0.911112 0.891003
vt 0.674823 0.876239
vt 0.695472 0.864321
vt 0.675271 0.876773
vt 0.964392 0.849236
vt 0.952620 0.828806
vt 0.904751 0.897139
vt 0.904116 0.893554
vt 0.896036 0.897138
vt 0.896665 0.893554
vt 0.868120 0.135337
vt 0.866140 0.132082
vt 0.798429 0.051190
vt 0.789916 0.067410
vt 0.787088 0.105416
vt 0.783635 0.085873
vt 0.787195 0.085809
vt 0.790560 0.104161
vt 0.879977 0.119816
vt 0.888844 0.103337
vt 0.891867 0.084890
vt 0.811818 0.135526
vt 0.813760 0.132243
vt 0.796896 0.122608
vt 0.799740 0.120273
vt 0.809817 0.138960
vt 0.783415 0.106757
vt 0.793820 0.125181
vt 0.779572 0.085916
vt 0.878430 0.854294
vt 0.886049 0.847876
vt 0.873503 0.862874
vt 0.871801 0.872613
vt 0.922321 0.854240
vt 0.927258 0.862797
vt 0.912265 0.805390
vt 0.934543 0.813559
vt 0.676156 0.953533
vt 0.687184 0.966680
vt 0.675262 0.980884
vt 0.660094 0.962805
vt 0.670289 0.937409
vt 0.652025 0.940628
vt 0.869422 0.872604
vt 0.687191 0.890982
vt 0.702044 0.975260
vt 0.695699 0.992685
vt 0.915964 0.899393
vt 0.914757 0.897297
vt 0.922374 0.890871
vt 0.919860 0.879589
vt 0.921095 0.872549
vt 0.778396 0.963162
vt 0.763070 0.981425
vt 0.873525 0.882365
vt 0.878462 0.890931
vt 0.916282 0.885792
vt 0.896782 0.892884
vt 0.903998 0.892885
vt 0.890016 0.890438
vt 0.914751 0.847875
vt 0.879701 0.872616
vt 0.880946 0.879657
vt 0.928987 0.872542
vt 0.927300 0.882283
vt 0.934894 0.812954
vt 0.953154 0.828358
vt 0.786552 0.940758
vt 0.659491 0.963152
vt 0.651338 0.940748
vt 0.886043 0.897298
vt 0.953354 0.916720
vt 0.935042 0.932246
vt 0.952815 0.916272
vt 0.912460 0.940535
vt 0.847580 0.916808
vt 0.835703 0.896130
vt 0.919848 0.865510
vt 0.836304 0.849397
vt 0.835647 0.849161
vt 0.847512 0.828425
vt 0.848049 0.828873
vt 0.742431 0.864325
vt 0.763078 0.876246
vt 0.718952 0.860183
vt 0.890030 0.854751
vt 0.884519 0.859374
vt 0.916269 0.859321
vt 0.910778 0.854730
vt 0.865851 0.932250
vt 0.888515 0.939832
vt 0.888392 0.940526
vt 0.718940 0.997483
vt 0.695461 0.993342
vt 0.904015 0.852281
vt 0.880939 0.865575
vt 0.989625 0.592791
vt 0.989625 0.600187
vt 0.989625 0.607584
vt 0.988939 0.607583
vt 0.989625 0.644564
vt 0.988939 0.644564
vt 0.989625 0.651961
vt 0.988938 0.651961
vt 0.989625 0.674151
vt 0.988938 0.674151
vt 0.989625 0.681546
vt 0.988939 0.681546
vt 0.989625 0.688944
vt 0.988939 0.688944
vt 0.989625 0.696339
vt 0.988938 0.696339
vt 0.989625 0.703736
vt 0.988939 0.703736
vt 0.989625 0.711132
vt 0.988939 0.711132
vt 0.989625 0.718528
vt 0.988939 0.718528
vt 0.989625 0.725925
vt 0.988939 0.725925
vt 0.930100 0.725925
vt 0.930100 0.718528
vt 0.930100 0.711132
vt 0.930100 0.703736
vt 0.930101 0.696339
vt 0.930100 0.688944
vt 0.930100 0.681546
vt 0.930101 0.674151
vt 0.930100 0.666754
vt 0.930100 0.659358
vt 0.930100 0.651961
vt 0.930101 0.644564
vt 0.930100 0.637169
vt 0.930100 0.614980
vt 0.930100 0.607583
vt 0.814215 0.042752
vt 0.801690 0.053763
vt 0.829827 0.036817
vt 0.846597 0.036759
vt 0.862537 0.042584
vt 0.875750 0.053443
vt 0.884490 0.068114
vt 0.887626 0.084935
vt 0.884831 0.101966
vt 0.876629 0.117176
vt 0.863985 0.128542
vt 0.848328 0.134574
vt 0.831613 0.134629
vt 0.815889 0.128671
vt 0.802987 0.117607
vt 0.794538 0.102724
vt 0.791473 0.085731
vt 0.793883 0.068694
vt 0.774583 0.032265
vt 0.796326 0.013049
vt 0.823447 0.002983
vt 0.852303 0.002529
vt 0.879859 0.011997
vt 0.902377 0.030669
vt 0.917112 0.055761
vt 0.922745 0.084322
vt 0.918451 0.113379
vt 0.904196 0.139154
vt 0.882142 0.158619
vt 0.854634 0.168763
vt 0.825558 0.168759
vt 0.798168 0.158860
vt 0.776070 0.139838
vt 0.761842 0.114645
vt 0.756661 0.086357
vt 0.760718 0.057757
vt 0.895404 0.900715
vt 0.905385 0.900724
vt 0.905395 0.844456
vt 0.895415 0.844441
vt 0.674814 0.981418
vt 0.865805 0.812952
vt 0.888355 0.804686
vt 0.912388 0.804699
vt 0.659496 0.894503
vt 0.831562 0.872657
vt 0.965046 0.848996
vt 0.965191 0.895939
vt 0.742420 0.993346
vt 0.651340 0.916906
vt 0.969225 0.872434
vt 0.778401 0.894513
vt 0.910773 0.890415
vt 0.786554 0.916917
vt 0.884524 0.885845
vt 0.896803 0.852283
vt 0.678365 0.582382
vt 0.674227 0.583116
vt 0.674225 0.558656
vt 0.678345 0.559407
vt 0.810819 0.582282
vt 0.814945 0.583033
vt 0.806461 0.606044
vt 0.802828 0.603908
vt 0.686388 0.604023
vt 0.682743 0.606149
vt 0.810842 0.559357
vt 0.814953 0.558637
vt 0.377588 0.124701
vt 0.374207 0.102429
vt 0.377570 0.102507
vt 0.380732 0.123632
vt 0.364363 0.074539
vt 0.378933 0.050331
vt 0.382605 0.053496
vt 0.368877 0.076242
vt 0.744565 0.506935
vt 0.744597 0.502699
vt 0.768964 0.506205
vt 0.767662 0.510192
vt 0.476428 0.172308
vt 0.450791 0.181518
vt 0.449977 0.176918
vt 0.474050 0.168291
vt 0.516205 0.104196
vt 0.510655 0.130695
vt 0.506296 0.129031
vt 0.511580 0.103976
vt 0.721662 0.633176
vt 0.720219 0.637170
vt 0.698722 0.624927
vt 0.701429 0.621670
vt 0.686339 0.537950
vt 0.682751 0.535803
vt 0.698768 0.517430
vt 0.701365 0.520708
vt 0.787824 0.621574
vt 0.790520 0.624837
vt 0.769051 0.637119
vt 0.767619 0.633123
vt 0.720295 0.505901
vt 0.721563 0.509888
vt 0.414997 0.643016
vt 0.398774 0.637075
vt 0.402043 0.618710
vt 0.424361 0.626897
vt 0.436719 0.669062
vt 0.419215 0.675403
vt 0.413908 0.666097
vt 0.428166 0.654138
vt 0.374520 0.712713
vt 0.384685 0.716421
vt 0.381413 0.734773
vt 0.365177 0.728821
vt 0.639250 0.636868
vt 0.648522 0.652930
vt 0.635377 0.663958
vt 0.621171 0.652036
vt 0.413842 0.705776
vt 0.419205 0.696509
vt 0.436679 0.702886
vt 0.428103 0.717770
vt 0.415080 0.685948
vt 0.411468 0.685949
vt 0.410193 0.678678
vt 0.413593 0.677444
vt 0.366366 0.666045
vt 0.361006 0.675296
vt 0.343546 0.668906
vt 0.352124 0.654053
vt 0.439667 0.685975
vt 0.421073 0.685942
vt 0.359129 0.685854
vt 0.340531 0.685800
vt 0.374545 0.659133
vt 0.365282 0.642989
vt 0.360971 0.696400
vt 0.343452 0.702718
vt 0.366277 0.705717
vt 0.351986 0.717662
vt 0.378132 0.753162
vt 0.398717 0.734782
vt 0.401954 0.753163
vt 0.707198 0.754568
vt 0.697926 0.738508
vt 0.711071 0.727479
vt 0.725277 0.739400
vt 0.501112 0.053172
vt 0.513190 0.077497
vt 0.508757 0.078826
vt 0.497371 0.056001
vt 0.423617 0.181509
vt 0.424452 0.176887
vt 0.405652 0.712695
vt 0.414944 0.728855
vt 0.366627 0.677353
vt 0.370018 0.678595
vt 0.368727 0.685865
vt 0.365115 0.685862
vt 0.458237 0.686011
vt 0.454128 0.709244
vt 0.373716 0.672207
vt 0.370947 0.669879
vt 0.406499 0.672272
vt 0.400813 0.667494
vt 0.402633 0.664350
vt 0.409283 0.669947
vt 0.442362 0.729710
vt 0.402624 0.707496
vt 0.400809 0.704356
vt 0.406483 0.699611
vt 0.409254 0.701939
vt 0.424620 0.745591
vt 0.402076 0.753857
vt 0.424268 0.744984
vt 0.393819 0.664944
vt 0.394455 0.661356
vt 0.326113 0.662537
vt 0.337893 0.642112
vt 0.410180 0.693221
vt 0.413573 0.694460
vt 0.477986 0.039054
vt 0.496763 0.056465
vt 0.493018 0.059308
vt 0.475413 0.043144
vt 0.428279 0.029017
vt 0.454039 0.029655
vt 0.453105 0.034225
vt 0.429027 0.033767
vt 0.381172 0.150206
vt 0.368873 0.127674
vt 0.373276 0.126171
vt 0.384872 0.147213
vt 0.486999 0.121533
vt 0.483237 0.120058
vt 0.488265 0.102497
vt 0.491580 0.102760
vt 0.450127 0.048886
vt 0.449462 0.052159
vt 0.432009 0.052059
vt 0.431434 0.048462
vt 0.449842 0.176169
vt 0.424585 0.176132
vt 0.425453 0.171504
vt 0.449049 0.171653
vt 0.501064 0.127017
vt 0.505581 0.128761
vt 0.492808 0.150901
vt 0.489239 0.147973
vt 0.405917 0.041669
vt 0.403523 0.037349
vt 0.473658 0.167634
vt 0.471240 0.163532
vt 0.374237 0.078278
vt 0.369617 0.076518
vt 0.383206 0.054010
vt 0.386809 0.057129
vt 0.503588 0.080383
vt 0.508033 0.079046
vt 0.510824 0.103942
vt 0.506264 0.103700
vt 0.388358 0.083701
vt 0.398407 0.067159
vt 0.401016 0.069412
vt 0.392043 0.085114
vt 0.369621 0.102326
vt 0.364811 0.102230
vt 0.387466 0.121362
vt 0.390635 0.120293
vt 0.399255 0.135614
vt 0.396433 0.137859
vt 0.384558 0.102720
vt 0.388222 0.102806
vt 0.400563 0.167226
vt 0.403053 0.163069
vt 0.473021 0.046953
vt 0.452194 0.038688
vt 0.388404 0.144347
vt 0.393430 0.140278
vt 0.410686 0.150448
vt 0.408694 0.153690
vt 0.495389 0.103060
vt 0.489813 0.084519
vt 0.493283 0.083475
vt 0.468987 0.159716
vt 0.448283 0.167245
vt 0.390334 0.060180
vt 0.378548 0.079920
vt 0.411357 0.051444
vt 0.413274 0.054833
vt 0.395334 0.064504
vt 0.447187 0.160981
vt 0.427508 0.160804
vt 0.428222 0.157199
vt 0.446503 0.157270
vt 0.480707 0.141040
vt 0.477607 0.138579
vt 0.490698 0.123013
vt 0.408150 0.045695
vt 0.429749 0.038291
vt 0.496810 0.125387
vt 0.501786 0.103458
vt 0.484402 0.065876
vt 0.481433 0.068195
vt 0.467647 0.055578
vt 0.469635 0.052363
vt 0.430808 0.044742
vt 0.450913 0.045019
vt 0.489455 0.062013
vt 0.486860 0.063998
vt 0.471262 0.049761
vt 0.447715 0.164031
vt 0.426900 0.163904
vt 0.451531 0.041937
vt 0.430280 0.041598
vt 0.409776 0.048613
vt 0.493664 0.124166
vt 0.485736 0.145106
vt 0.483191 0.143037
vt 0.381676 0.081118
vt 0.392925 0.062421
vt 0.467319 0.156905
vt 0.405374 0.159199
vt 0.391009 0.142239
vt 0.407078 0.156372
vt 0.499349 0.081656
vt 0.498508 0.103256
vt 0.496271 0.082578
vt 0.455129 0.024233
vt 0.480903 0.034383
vt 0.478394 0.038396
vt 0.454188 0.028894
vt 0.376882 0.153678
vt 0.363660 0.129472
vt 0.368142 0.127928
vt 0.380571 0.150695
vt 0.359247 0.102160
vt 0.364030 0.102223
vt 0.497029 0.154356
vt 0.493403 0.151384
vt 0.787933 0.520901
vt 0.790524 0.517633
vt 0.806534 0.535873
vt 0.802955 0.537993
vt 0.744645 0.637153
vt 0.744640 0.641402
vt 0.400790 0.032449
vt 0.427420 0.023520
vt 0.428156 0.028246
vt 0.403136 0.036662
vt 0.397752 0.171970
vt 0.400169 0.167894
vt 0.661422 0.762638
vt 0.639245 0.754566
vt 0.648519 0.738507
vt 0.664643 0.744376
vt 0.661427 0.628798
vt 0.664647 0.647063
vt 0.355784 0.744949
vt 0.405673 0.659117
vt 0.321967 0.685736
vt 0.385743 0.661358
vt 0.386371 0.664938
vt 0.379388 0.667466
vt 0.377574 0.664326
vt 0.605271 0.695717
vt 0.623817 0.695717
vt 0.626796 0.712615
vt 0.609368 0.718957
vt 0.685027 0.628798
vt 0.707203 0.636870
vt 0.697929 0.652931
vt 0.681806 0.647062
vt 0.384987 0.657077
vt 0.375405 0.660596
vt 0.374890 0.659721
vt 0.384802 0.656076
vt 0.412541 0.704697
vt 0.417615 0.695939
vt 0.418565 0.696279
vt 0.413319 0.705343
vt 0.367651 0.667115
vt 0.366872 0.666470
vt 0.419385 0.685951
vt 0.420393 0.685945
vt 0.417646 0.675977
vt 0.418593 0.675628
vt 0.362591 0.675875
vt 0.360817 0.685857
vt 0.359807 0.685859
vt 0.361641 0.675533
vt 0.412606 0.667184
vt 0.413381 0.666531
vt 0.362559 0.695826
vt 0.361611 0.696174
vt 0.404816 0.660590
vt 0.405324 0.659708
vt 0.384974 0.714756
vt 0.395202 0.714732
vt 0.395385 0.715735
vt 0.384802 0.715762
vt 0.367580 0.704632
vt 0.366804 0.705284
vt 0.395210 0.657103
vt 0.395383 0.656099
vt 0.404791 0.711230
vt 0.405306 0.712106
vt 0.375378 0.711221
vt 0.374873 0.712104
vt 0.369998 0.693137
vt 0.366595 0.694369
vt 0.394450 0.710466
vt 0.393822 0.706882
vt 0.635375 0.727476
vt 0.621168 0.739397
vt 0.373690 0.699547
vt 0.379376 0.704325
vt 0.377555 0.707470
vt 0.370906 0.701870
vt 0.404456 0.661208
vt 0.395091 0.657769
vt 0.412691 0.147170
vt 0.428883 0.153710
vt 0.445927 0.154040
vt 0.474960 0.136500
vt 0.486458 0.085469
vt 0.415199 0.058260
vt 0.463861 0.151129
vt 0.461940 0.147931
vt 0.465639 0.058813
vt 0.478611 0.070326
vt 0.426291 0.167099
vt 0.380773 0.102605
vt 0.383720 0.122628
vt 0.384716 0.082282
vt 0.465775 0.154308
vt 0.412027 0.704266
vt 0.416967 0.695702
vt 0.375728 0.710617
vt 0.385735 0.710464
vt 0.385100 0.714048
vt 0.404443 0.710630
vt 0.385112 0.657780
vt 0.368114 0.704188
vt 0.395080 0.714044
vt 0.363191 0.695599
vt 0.361509 0.685858
vt 0.418694 0.685951
vt 0.368182 0.667557
vt 0.363241 0.676113
vt 0.638902 0.636264
vt 0.661305 0.628111
vt 0.375754 0.661196
vt 0.395507 0.655406
vt 0.384678 0.655400
vt 0.381487 0.637070
vt 0.454201 0.662749
vt 0.442464 0.642219
vt 0.737080 0.672481
vt 0.719652 0.678823
vt 0.711073 0.663961
vt 0.725280 0.652041
vt 0.719651 0.712618
vt 0.737078 0.718963
vt 0.741177 0.695721
vt 0.722631 0.695720
vt 0.378256 0.618712
vt 0.355975 0.626873
vt 0.337664 0.729577
vt 0.416996 0.676211
vt 0.412073 0.667628
vt 0.370633 0.692908
vt 0.374208 0.699112
vt 0.395506 0.716428
vt 0.685021 0.762638
vt 0.685142 0.763326
vt 0.661301 0.763326
vt 0.337359 0.641664
vt 0.355624 0.626267
vt 0.685148 0.628112
vt 0.707551 0.636266
vt 0.405966 0.699177
vt 0.409546 0.692991
vt 0.458934 0.686011
vt 0.454783 0.709482
vt 0.379725 0.668052
vt 0.374231 0.672641
vt 0.321270 0.685733
vt 0.325459 0.662297
vt 0.400472 0.703769
vt 0.379716 0.703737
vt 0.386489 0.706210
vt 0.386371 0.706879
vt 0.393700 0.665610
vt 0.386488 0.665606
vt 0.725814 0.651593
vt 0.604574 0.695716
vt 0.608715 0.672236
vt 0.609370 0.672474
vt 0.442898 0.730156
vt 0.424714 0.626291
vt 0.443001 0.641772
vt 0.707547 0.755174
vt 0.454858 0.662513
vt 0.370650 0.678828
vt 0.369401 0.685867
vt 0.620637 0.651588
vt 0.402166 0.618017
vt 0.638897 0.755170
vt 0.620634 0.739843
vt 0.405981 0.672707
vt 0.400473 0.668081
vt 0.608713 0.719195
vt 0.410794 0.685951
vt 0.409559 0.678909
vt 0.929414 0.600187
vt 0.929414 0.592791
vt 0.929414 0.607583
vt 0.929414 0.614980
vt 0.929414 0.622376
vt 0.929414 0.629771
vt 0.929414 0.637169
vt 0.929414 0.644564
vt 0.929414 0.651961
vt 0.929414 0.659358
vt 0.929414 0.666754
vt 0.929414 0.674151
vt 0.929414 0.681547
vt 0.929414 0.688944
vt 0.929414 0.696339
vt 0.929414 0.703736
vt 0.929414 0.711132
vt 0.929414 0.718528
vt 0.929414 0.725925
vt 0.744601 0.501982
vt 0.769186 0.505521
vt 0.720074 0.505216
vt 0.698321 0.516868
vt 0.682134 0.535436
vt 0.673517 0.558529
vt 0.673518 0.583244
vt 0.682120 0.606515
vt 0.698260 0.625486
vt 0.719974 0.637855
vt 0.744641 0.642131
vt 0.769298 0.637803
vt 0.790984 0.625395
vt 0.807085 0.606408
vt 0.815653 0.583160
vt 0.815657 0.558511
vt 0.807148 0.535507
vt 0.790967 0.517070
vt 0.686930 0.538296
vt 0.679022 0.559524
vt 0.767378 0.632469
vt 0.787376 0.621042
vt 0.701797 0.521241
vt 0.744639 0.636455
vt 0.787514 0.521442
vt 0.767455 0.510852
vt 0.721777 0.510543
vt 0.721892 0.632518
vt 0.802372 0.538347
vt 0.744564 0.507628
vt 0.701868 0.621131
vt 0.810169 0.559482
vt 0.686982 0.603668
vt 0.810141 0.582165
vt 0.679042 0.582255
vt 0.802228 0.603563
vt 0.497648 0.154865
vt 0.476835 0.173000
vt 0.450928 0.182305
vt 0.423475 0.182301
vt 0.397336 0.172670
vt 0.376248 0.154187
vt 0.362892 0.129735
vt 0.358428 0.102150
vt 0.363588 0.074245
vt 0.378305 0.049788
vt 0.400389 0.031724
vt 0.427297 0.022710
vt 0.455290 0.023435
vt 0.481336 0.033693
vt 0.501756 0.052689
vt 0.513951 0.077271
vt 0.516994 0.104233
vt 0.511399 0.130979
vt 0.681802 0.744375
vt 0.325953 0.709006
vt 0.626797 0.678817
vt 0.337124 0.730025
vt 0.325296 0.709240
vt 0.378134 0.618021
vt 0.737735 0.672241
vt 0.741874 0.695720
vt 0.737733 0.719199
vt 0.725812 0.739848
vt 0.355430 0.745558
vt 0.378009 0.753856
vt 0.393706 0.706212
vt 0.717044 0.066820
vt 0.714089 0.067928
vt 0.705255 0.053103
vt 0.707647 0.051060
vt 0.629282 0.119924
vt 0.631708 0.117937
vt 0.644747 0.129112
vt 0.643157 0.131774
vt 0.720428 0.084894
vt 0.717261 0.084926
vt 0.620197 0.103974
vt 0.623167 0.102905
vt 0.877940 0.739102
vt 0.885337 0.739102
vt 0.885337 0.739789
vt 0.877940 0.739789
vt 0.625876 0.013774
vt 0.652718 0.003808
vt 0.653638 0.008631
vt 0.628414 0.017975
vt 0.590634 0.058022
vt 0.604359 0.032791
vt 0.608221 0.035853
vt 0.595296 0.059556
vt 0.892732 0.739102
vt 0.900130 0.739102
vt 0.900130 0.739789
vt 0.892732 0.739789
vt 0.731071 0.061526
vt 0.735470 0.084661
vt 0.731972 0.084727
vt 0.727822 0.062758
vt 0.708659 0.119471
vt 0.706156 0.117493
vt 0.714441 0.102130
vt 0.717434 0.103156
vt 0.586614 0.086341
vt 0.591516 0.086242
vt 0.922318 0.739102
vt 0.929715 0.739102
vt 0.929715 0.739789
vt 0.922318 0.739789
vt 0.751011 0.084342
vt 0.746756 0.113105
vt 0.742028 0.111518
vt 0.746045 0.084459
vt 0.693462 0.039427
vt 0.691905 0.042136
vt 0.675798 0.036256
vt 0.676338 0.033189
vt 0.660084 0.138188
vt 0.660642 0.135130
vt 0.677542 0.135072
vt 0.678106 0.138121
vt 0.828711 0.622840
vt 0.838038 0.638939
vt 0.829805 0.645921
vt 0.815544 0.633965
vt 0.544374 0.618705
vt 0.541155 0.636969
vt 0.523996 0.636970
vt 0.520774 0.618707
vt 0.570426 0.653863
vt 0.557280 0.642835
vt 0.566551 0.626773
vt 0.584631 0.641940
vt 0.819459 0.724809
vt 0.801363 0.709539
vt 0.815619 0.697596
vt 0.828780 0.708679
vt 0.903185 0.665608
vt 0.900268 0.682528
vt 0.882747 0.676213
vt 0.884588 0.665667
vt 0.891586 0.633864
vt 0.877346 0.645860
vt 0.869166 0.638949
vt 0.878425 0.622803
vt 0.520788 0.752546
vt 0.524007 0.734283
vt 0.541166 0.734282
vt 0.544388 0.752545
vt 0.557290 0.728412
vt 0.566565 0.744471
vt 0.605839 0.139301
vt 0.591746 0.114359
vt 0.596345 0.112674
vt 0.609637 0.136159
vt 0.868820 0.639537
vt 0.868306 0.640412
vt 0.858723 0.636895
vt 0.858908 0.635894
vt 0.823323 0.665770
vt 0.824331 0.665776
vt 0.826103 0.675763
vt 0.825154 0.676104
vt 0.882073 0.655347
vt 0.881123 0.655689
vt 0.876061 0.646929
vt 0.876840 0.646284
vt 0.825121 0.655453
vt 0.826068 0.655801
vt 0.681285 0.003362
vt 0.680509 0.008226
vt 0.858920 0.695580
vt 0.858747 0.694574
vt 0.868343 0.691037
vt 0.868848 0.691920
vt 0.892732 0.798627
vt 0.885337 0.798627
vt 0.848337 0.695555
vt 0.848520 0.694552
vt 0.876916 0.685098
vt 0.876140 0.684447
vt 0.881159 0.675640
vt 0.882108 0.675987
vt 0.848327 0.635919
vt 0.848500 0.636923
vt 0.838895 0.640412
vt 0.838387 0.639530
vt 0.838415 0.691928
vt 0.838930 0.691052
vt 0.878601 0.665676
vt 0.877122 0.674183
vt 0.873719 0.672952
vt 0.874989 0.665680
vt 0.877087 0.657167
vt 0.873697 0.658410
vt 0.869998 0.652023
vt 0.872766 0.649695
vt 0.921749 0.665542
vt 0.917768 0.688813
vt 0.841097 0.687318
vt 0.834465 0.681762
vt 0.837236 0.679433
vt 0.842911 0.684177
vt 0.857968 0.641176
vt 0.857340 0.644756
vt 0.849893 0.644764
vt 0.849256 0.641176
vt 0.834430 0.649770
vt 0.837214 0.652094
vt 0.833522 0.658501
vt 0.830121 0.657268
vt 0.494730 0.653870
vt 0.486151 0.668733
vt 0.468723 0.662393
vt 0.480522 0.641951
vt 0.630598 0.153157
vt 0.610256 0.135643
vt 0.614075 0.132486
vt 0.633153 0.148797
vt 0.682559 0.162258
vt 0.655802 0.162260
vt 0.656648 0.157485
vt 0.681663 0.157367
vt 0.726475 0.034970
vt 0.740064 0.058115
vt 0.735524 0.059838
vt 0.722697 0.038204
vt 0.677046 0.029043
vt 0.695636 0.035617
vt 0.693736 0.038951
vt 0.676434 0.032652
vt 0.659371 0.142150
vt 0.659984 0.138724
vt 0.678205 0.138656
vt 0.678867 0.142250
vt 0.653790 0.009417
vt 0.680386 0.009020
vt 0.679582 0.013900
vt 0.654685 0.014158
vt 0.608853 0.036350
vt 0.628831 0.018662
vt 0.631414 0.022959
vt 0.612637 0.039363
vt 0.705222 0.148566
vt 0.707831 0.152925
vt 0.728098 0.134989
vt 0.724262 0.131913
vt 0.601729 0.110702
vt 0.597097 0.112396
vt 0.592317 0.086221
vt 0.597151 0.086137
vt 0.600831 0.061393
vt 0.596061 0.059805
vt 0.740238 0.084575
vt 0.745234 0.084481
vt 0.741254 0.111261
vt 0.736416 0.109622
vt 0.720854 0.065384
vt 0.717562 0.066627
vt 0.708067 0.050701
vt 0.710874 0.048305
vt 0.657548 0.029312
vt 0.658187 0.032729
vt 0.641224 0.039236
vt 0.639283 0.036010
vt 0.705750 0.017767
vt 0.703259 0.022182
vt 0.719089 0.041300
vt 0.635540 0.144736
vt 0.657476 0.152819
vt 0.700940 0.026297
vt 0.617727 0.129477
vt 0.606158 0.109084
vt 0.731901 0.108095
vt 0.702790 0.144508
vt 0.720505 0.128903
vt 0.728642 0.084770
vt 0.724701 0.084830
vt 0.724733 0.063919
vt 0.633818 0.026964
vt 0.655551 0.018795
vt 0.621598 0.046487
vt 0.624816 0.049033
vt 0.615404 0.066231
vt 0.611636 0.064970
vt 0.679577 0.146067
vt 0.658647 0.146195
vt 0.715173 0.124645
vt 0.711888 0.122033
vt 0.721632 0.104585
vt 0.725443 0.105902
vt 0.637240 0.032652
vt 0.656785 0.025394
vt 0.678810 0.018552
vt 0.716427 0.043579
vt 0.699237 0.029304
vt 0.678248 0.021933
vt 0.677694 0.025216
vt 0.656191 0.022178
vt 0.713950 0.045699
vt 0.680809 0.152710
vt 0.680185 0.149303
vt 0.701025 0.141573
vt 0.605287 0.062868
vt 0.616333 0.042305
vt 0.619004 0.044429
vt 0.608577 0.063958
vt 0.601899 0.086042
vt 0.605376 0.085986
vt 0.609389 0.107905
vt 0.717744 0.126696
vt 0.728625 0.106983
vt 0.697624 0.032161
vt 0.635594 0.029916
vt 0.699308 0.138727
vt 0.620395 0.127270
vt 0.658081 0.149420
vt 0.637299 0.141740
vt 0.863148 0.798627
vt 0.855752 0.798627
vt 0.855751 0.739789
vt 0.863148 0.739789
vt 0.654820 0.167925
vt 0.627712 0.158127
vt 0.630195 0.153857
vt 0.655668 0.163055
vt 0.730847 0.031219
vt 0.745437 0.056061
vt 0.740818 0.057825
vt 0.727088 0.034441
vt 0.641501 0.039700
vt 0.643067 0.042322
vt 0.630404 0.053453
vt 0.627971 0.051529
vt 0.831178 0.684521
vt 0.830401 0.685166
vt 0.622509 0.068542
vt 0.619553 0.067582
vt 0.658284 0.033264
vt 0.658847 0.036320
vt 0.620068 0.085745
vt 0.616866 0.085802
vt 0.694973 0.131613
vt 0.693372 0.128975
vt 0.883909 0.665672
vt 0.882899 0.665670
vt 0.732644 0.138618
vt 0.728737 0.135495
vt 0.830331 0.646355
vt 0.831106 0.647007
vt 0.710819 0.157885
vt 0.683600 0.167927
vt 0.682707 0.163053
vt 0.708253 0.153621
vt 0.708559 0.012738
vt 0.706143 0.017059
vt 0.841659 0.598531
vt 0.844932 0.616895
vt 0.819344 0.606724
vt 0.829878 0.685600
vt 0.838069 0.692517
vt 0.865597 0.732979
vt 0.862313 0.714590
vt 0.878547 0.708635
vt 0.887944 0.724762
vt 0.862219 0.616887
vt 0.859032 0.635218
vt 0.866138 0.644142
vt 0.864324 0.647283
vt 0.806994 0.648891
vt 0.824499 0.655228
vt 0.900166 0.648716
vt 0.882708 0.655110
vt 0.785479 0.665843
vt 0.804049 0.665803
vt 0.807040 0.682714
vt 0.789593 0.689076
vt 0.824513 0.676334
vt 0.845009 0.714603
vt 0.848216 0.696248
vt 0.859038 0.696238
vt 0.891736 0.697473
vt 0.877444 0.685531
vt 0.848203 0.635226
vt 0.828636 0.665772
vt 0.832248 0.665773
vt 0.833538 0.673044
vt 0.830145 0.674284
vt 0.579011 0.702519
vt 0.581988 0.685621
vt 0.600534 0.685619
vt 0.596439 0.708859
vt 0.841079 0.644172
vt 0.842900 0.647315
vt 0.570433 0.717380
vt 0.584641 0.729300
vt 0.872813 0.681685
vt 0.870029 0.679363
vt 0.579007 0.668721
vt 0.596433 0.662377
vt 0.866166 0.687287
vt 0.864344 0.684142
vt 0.498250 0.626176
vt 0.520653 0.618020
vt 0.498599 0.626779
vt 0.917599 0.642343
vt 0.905814 0.621920
vt 0.857986 0.690282
vt 0.857349 0.686697
vt 0.849271 0.690286
vt 0.849898 0.686701
vt 0.697236 0.135337
vt 0.695256 0.132082
vt 0.627545 0.051190
vt 0.619032 0.067410
vt 0.616204 0.105416
vt 0.612751 0.085874
vt 0.616311 0.085809
vt 0.619676 0.104162
vt 0.709094 0.119816
vt 0.717960 0.103337
vt 0.720983 0.084890
vt 0.640934 0.135526
vt 0.642877 0.132243
vt 0.626012 0.122608
vt 0.628856 0.120273
vt 0.638933 0.138960
vt 0.612531 0.106757
vt 0.622936 0.125181
vt 0.608688 0.085916
vt 0.831639 0.647452
vt 0.839255 0.641030
vt 0.826718 0.656036
vt 0.825022 0.665776
vt 0.875530 0.647372
vt 0.880473 0.655926
vt 0.865446 0.598528
vt 0.887729 0.606685
vt 0.486155 0.702529
vt 0.494736 0.717389
vt 0.480531 0.729311
vt 0.468729 0.708875
vt 0.483174 0.685632
vt 0.464628 0.685633
vt 0.822643 0.665767
vt 0.507873 0.642840
vt 0.507882 0.728417
vt 0.498611 0.744478
vt 0.869201 0.692529
vt 0.867993 0.690433
vt 0.875606 0.684003
vt 0.873085 0.672723
vt 0.874316 0.665682
vt 0.585175 0.729746
vt 0.566913 0.745075
vt 0.826751 0.675526
vt 0.831693 0.684089
vt 0.869510 0.678928
vt 0.850014 0.686032
vt 0.857231 0.686028
vt 0.843248 0.683590
vt 0.867957 0.641012
vt 0.832922 0.665774
vt 0.834171 0.672814
vt 0.882208 0.665671
vt 0.880527 0.675412
vt 0.888080 0.606079
vt 0.906349 0.621472
vt 0.597094 0.709097
vt 0.468074 0.709112
vt 0.463931 0.685633
vt 0.839278 0.690452
vt 0.906601 0.709834
vt 0.888298 0.725371
vt 0.906061 0.709386
vt 0.865721 0.733673
vt 0.800827 0.709985
vt 0.788938 0.689314
vt 0.873065 0.658643
vt 0.789511 0.642581
vt 0.788854 0.642345
vt 0.800706 0.621601
vt 0.801244 0.622049
vt 0.566899 0.626169
vt 0.585166 0.641492
vt 0.544495 0.618017
vt 0.843240 0.647902
vt 0.837732 0.652529
vt 0.869482 0.652457
vt 0.863988 0.647869
vt 0.819107 0.725416
vt 0.841775 0.732985
vt 0.841653 0.733679
vt 0.520667 0.753234
vt 0.498263 0.745083
vt 0.857224 0.645424
vt 0.834155 0.658732
vt 0.855751 0.739102
vt 0.863148 0.739102
vt 0.870544 0.739102
vt 0.870544 0.739789
vt 0.907525 0.739102
vt 0.907525 0.739789
vt 0.914922 0.739102
vt 0.914922 0.739789
vt 0.937112 0.739102
vt 0.937112 0.739789
vt 0.944507 0.739102
vt 0.944507 0.739789
vt 0.951905 0.739102
vt 0.951905 0.739789
vt 0.959300 0.739102
vt 0.959300 0.739789
vt 0.966696 0.739102
vt 0.966696 0.739789
vt 0.974093 0.739102
vt 0.974093 0.739789
vt 0.981489 0.739102
vt 0.981489 0.739789
vt 0.988886 0.739102
vt 0.988886 0.739789
vt 0.988886 0.798627
vt 0.981489 0.798627
vt 0.974093 0.798627
vt 0.966697 0.798627
vt 0.959300 0.798627
vt 0.951905 0.798627
vt 0.944507 0.798627
vt 0.937112 0.798627
vt 0.929715 0.798627
vt 0.922319 0.798627
vt 0.914922 0.798627
vt 0.907525 0.798627
vt 0.900130 0.798627
vt 0.877941 0.798627
vt 0.870544 0.798627
vt 0.643331 0.042752
vt 0.630806 0.053763
vt 0.658943 0.036817
vt 0.675713 0.036760
vt 0.691653 0.042584
vt 0.704866 0.053443
vt 0.713606 0.068114
vt 0.716742 0.084935
vt 0.713947 0.101966
vt 0.705745 0.117176
vt 0.693102 0.128542
vt 0.677444 0.134574
vt 0.660730 0.134629
vt 0.645005 0.128671
vt 0.632104 0.117607
vt 0.623654 0.102725
vt 0.620589 0.085731
vt 0.622999 0.068694
vt 0.603698 0.032265
vt 0.625442 0.013050
vt 0.652563 0.002983
vt 0.681418 0.002529
vt 0.708975 0.011997
vt 0.731492 0.030669
vt 0.746227 0.055760
vt 0.751861 0.084322
vt 0.747567 0.113379
vt 0.733312 0.139153
vt 0.711258 0.158619
vt 0.683750 0.168763
vt 0.654674 0.168759
vt 0.627284 0.158860
vt 0.605187 0.139838
vt 0.590959 0.114646
vt 0.585777 0.086358
vt 0.589834 0.057757
vt 0.848641 0.693864
vt 0.858622 0.693866
vt 0.858598 0.637598
vt 0.848619 0.637589
vt 0.479997 0.729759
vt 0.818991 0.606118
vt 0.841536 0.597838
vt 0.865568 0.597837
vt 0.479988 0.641504
vt 0.784782 0.665843
vt 0.918252 0.642103
vt 0.918425 0.689046
vt 0.544509 0.753233
vt 0.468069 0.662153
vt 0.922446 0.665538
vt 0.597088 0.662139
vt 0.864004 0.683554
vt 0.601231 0.685618
vt 0.837752 0.678999
vt 0.850012 0.645430
vt 0.713416 0.804400
vt 0.709279 0.805136
vt 0.709267 0.780676
vt 0.713387 0.781425
vt 0.845871 0.804246
vt 0.849997 0.804996
vt 0.841522 0.828010
vt 0.837888 0.825875
vt 0.721448 0.826038
vt 0.717805 0.828166
vt 0.845884 0.781321
vt 0.849995 0.780599
vt 0.950603 0.538628
vt 0.954592 0.516913
vt 0.958056 0.516950
vt 0.953823 0.539821
vt 0.939776 0.498883
vt 0.931103 0.482945
vt 0.933693 0.480867
vt 0.942890 0.497807
vt 0.779586 0.728926
vt 0.779616 0.724690
vt 0.803985 0.728186
vt 0.802684 0.732174
vt 0.865577 0.561435
vt 0.882090 0.567672
vt 0.881513 0.570861
vt 0.863938 0.564185
vt 0.841467 0.516061
vt 0.843991 0.533969
vt 0.840907 0.534975
vt 0.838140 0.516003
vt 0.756734 0.855177
vt 0.755293 0.859171
vt 0.733791 0.846937
vt 0.736497 0.843678
vt 0.721372 0.759965
vt 0.717784 0.757819
vt 0.733794 0.739439
vt 0.736392 0.742717
vt 0.822891 0.843547
vt 0.825589 0.846809
vt 0.804125 0.859100
vt 0.802691 0.855104
vt 0.755315 0.727902
vt 0.756585 0.731888
vt 0.489037 0.768239
vt 0.471761 0.768259
vt 0.468493 0.749894
vt 0.492265 0.749880
vt 0.518412 0.785192
vt 0.504170 0.797183
vt 0.495978 0.790279
vt 0.505235 0.774135
vt 0.475091 0.847622
vt 0.485910 0.847594
vt 0.489171 0.865949
vt 0.471879 0.865964
vt 0.689301 0.826887
vt 0.670755 0.826887
vt 0.667776 0.809989
vt 0.685203 0.803646
vt 0.509606 0.827545
vt 0.511442 0.816996
vt 0.530043 0.816953
vt 0.527129 0.833882
vt 0.503927 0.808507
vt 0.500537 0.809754
vt 0.496831 0.803369
vt 0.499597 0.801038
vt 0.451337 0.806632
vt 0.449498 0.817165
vt 0.430905 0.817190
vt 0.433832 0.800290
vt 0.527014 0.800049
vt 0.509550 0.806434
vt 0.451378 0.827722
vt 0.433904 0.834086
vt 0.456629 0.797323
vt 0.442366 0.785365
vt 0.456745 0.836984
vt 0.442482 0.848959
vt 0.464940 0.843899
vt 0.455648 0.860041
vt 0.492436 0.884341
vt 0.505415 0.859988
vt 0.514796 0.876123
vt 0.553396 0.826891
vt 0.571940 0.826890
vt 0.574920 0.843788
vt 0.557494 0.850131
vt 0.853445 0.482594
vt 0.844651 0.498242
vt 0.841566 0.497140
vt 0.850917 0.480541
vt 0.899768 0.567676
vt 0.900341 0.570869
vt 0.504305 0.836864
vt 0.518602 0.848826
vt 0.455484 0.817155
vt 0.459094 0.817152
vt 0.460391 0.824420
vt 0.457000 0.825663
vt 0.544455 0.793677
vt 0.548615 0.816901
vt 0.460361 0.809880
vt 0.456960 0.808650
vt 0.491155 0.798631
vt 0.484169 0.796108
vt 0.484793 0.792529
vt 0.492965 0.795488
vt 0.544631 0.840170
vt 0.499669 0.833029
vt 0.496883 0.830708
vt 0.500571 0.824297
vt 0.503975 0.825526
vt 0.533457 0.861196
vt 0.515150 0.876733
vt 0.532918 0.860748
vt 0.476724 0.796127
vt 0.476084 0.792540
vt 0.412345 0.817226
vt 0.416356 0.793991
vt 0.501836 0.817023
vt 0.505449 0.817016
vt 0.864979 0.467661
vt 0.850476 0.480176
vt 0.847513 0.477767
vt 0.862943 0.464253
vt 0.901749 0.460898
vt 0.882759 0.460872
vt 0.882113 0.457309
vt 0.902434 0.457151
vt 0.933317 0.552486
vt 0.943127 0.535841
vt 0.946560 0.537120
vt 0.936252 0.554968
vt 0.821292 0.541402
vt 0.816480 0.542967
vt 0.812733 0.515501
vt 0.817715 0.515613
vt 0.879239 0.441359
vt 0.878347 0.436398
vt 0.906191 0.436398
vt 0.905302 0.441387
vt 0.881407 0.571418
vt 0.900438 0.571430
vt 0.901089 0.575189
vt 0.880753 0.574985
vt 0.836571 0.536385
vt 0.840363 0.535154
vt 0.849290 0.552136
vt 0.846430 0.554398
vt 0.921644 0.464330
vt 0.919579 0.467747
vt 0.863644 0.564667
vt 0.861614 0.568055
vt 0.947263 0.496311
vt 0.943440 0.497621
vt 0.934144 0.480502
vt 0.937042 0.478176
vt 0.837422 0.495649
vt 0.841025 0.496941
vt 0.837561 0.515993
vt 0.833865 0.515925
vt 0.962683 0.491024
vt 0.949889 0.467840
vt 0.953869 0.464635
vt 0.967527 0.489378
vt 0.950492 0.516862
vt 0.946622 0.516810
vt 0.961846 0.542817
vt 0.966573 0.544582
vt 0.952496 0.568710
vt 0.948624 0.565435
vt 0.966644 0.517084
vt 0.971718 0.517171
vt 0.918445 0.564807
vt 0.920441 0.568277
vt 0.860843 0.460684
vt 0.881350 0.453101
vt 0.939471 0.557669
vt 0.944849 0.562227
vt 0.928457 0.582277
vt 0.926016 0.577983
vt 0.822620 0.515728
vt 0.822422 0.490217
vt 0.827006 0.491878
vt 0.859475 0.571585
vt 0.879974 0.579073
vt 0.940452 0.475440
vt 0.951235 0.494927
vt 0.927434 0.454700
vt 0.929969 0.450430
vt 0.945989 0.470983
vt 0.878721 0.585962
vt 0.902967 0.586111
vt 0.903788 0.590950
vt 0.877848 0.590796
vt 0.837534 0.561446
vt 0.833655 0.564526
vt 0.825974 0.539878
vt 0.923806 0.460771
vt 0.903164 0.453169
vt 0.832626 0.537699
vt 0.829652 0.515875
vt 0.838875 0.470686
vt 0.835067 0.467592
vt 0.854758 0.450450
vt 0.857275 0.454679
vt 0.904428 0.446242
vt 0.880113 0.446210
vt 0.844306 0.475113
vt 0.841657 0.472960
vt 0.859126 0.457795
vt 0.879370 0.582430
vt 0.902368 0.582592
vt 0.880753 0.449746
vt 0.903789 0.449795
vt 0.925595 0.457783
vt 0.829423 0.538749
vt 0.843057 0.557066
vt 0.840336 0.559222
vt 0.954552 0.493793
vt 0.943122 0.473291
vt 0.857754 0.574464
vt 0.922530 0.571875
vt 0.942063 0.559866
vt 0.924225 0.574850
vt 0.833611 0.494269
vt 0.826220 0.515797
vt 0.830354 0.493089
vt 0.883444 0.464614
vt 0.866933 0.470914
vt 0.865269 0.468151
vt 0.882857 0.461431
vt 0.930378 0.549994
vt 0.939506 0.534495
vt 0.942588 0.535636
vt 0.932880 0.552111
vt 0.942747 0.516776
vt 0.946043 0.516801
vt 0.852286 0.549769
vt 0.849738 0.551786
vt 0.822959 0.742874
vt 0.825549 0.739605
vt 0.841567 0.757839
vt 0.837989 0.759961
vt 0.779719 0.859144
vt 0.779716 0.863394
vt 0.917607 0.471006
vt 0.901058 0.464632
vt 0.901642 0.461454
vt 0.919281 0.468233
vt 0.916528 0.561492
vt 0.918162 0.564309
vt 0.569293 0.783211
vt 0.587370 0.768040
vt 0.596642 0.784101
vt 0.583498 0.795131
vt 0.685203 0.850127
vt 0.667776 0.843785
vt 0.468626 0.884343
vt 0.485841 0.786569
vt 0.416457 0.840432
vt 0.467907 0.795548
vt 0.469732 0.798691
vt 0.464050 0.803473
vt 0.461264 0.801151
vt 0.655322 0.768038
vt 0.646050 0.784099
vt 0.629926 0.778231
vt 0.633146 0.759968
vt 0.673404 0.870566
vt 0.655327 0.885737
vt 0.646053 0.869676
vt 0.659197 0.858646
vt 0.465721 0.791790
vt 0.457942 0.798399
vt 0.457156 0.797755
vt 0.465202 0.790914
vt 0.508012 0.826981
vt 0.509753 0.817009
vt 0.510761 0.817001
vt 0.508965 0.827318
vt 0.452912 0.807193
vt 0.451959 0.806856
vt 0.507968 0.807024
vt 0.508913 0.806671
vt 0.502895 0.798263
vt 0.503664 0.797609
vt 0.451185 0.817161
vt 0.452963 0.827142
vt 0.452017 0.827492
vt 0.450176 0.817168
vt 0.495131 0.791748
vt 0.495633 0.790868
vt 0.458038 0.835898
vt 0.457268 0.836551
vt 0.485545 0.788246
vt 0.485717 0.787243
vt 0.485608 0.845932
vt 0.495199 0.842381
vt 0.495717 0.843260
vt 0.485793 0.846937
vt 0.465789 0.842431
vt 0.465286 0.843311
vt 0.475325 0.788287
vt 0.475141 0.787286
vt 0.502992 0.835786
vt 0.503777 0.836431
vt 0.475382 0.845925
vt 0.475212 0.846928
vt 0.464093 0.830807
vt 0.461324 0.833137
vt 0.493022 0.838637
vt 0.491196 0.835489
vt 0.612767 0.778232
vt 0.609545 0.759968
vt 0.469769 0.835551
vt 0.476755 0.838073
vt 0.476130 0.841654
vt 0.467958 0.838691
vt 0.485420 0.788951
vt 0.475443 0.788954
vt 0.930968 0.586692
vt 0.904621 0.595915
vt 0.876951 0.595734
vt 0.829684 0.567677
vt 0.817731 0.488525
vt 0.932576 0.446032
vt 0.853378 0.581809
vt 0.850786 0.586170
vt 0.852172 0.446097
vt 0.831168 0.464422
vt 0.901779 0.579174
vt 0.961692 0.517008
vt 0.957208 0.541086
vt 0.957967 0.492626
vt 0.855896 0.577575
vt 0.507380 0.826753
vt 0.509063 0.817011
vt 0.475502 0.845237
vt 0.484841 0.841641
vt 0.485481 0.845225
vt 0.502457 0.835343
vt 0.466081 0.792407
vt 0.466137 0.841830
vt 0.494848 0.841777
vt 0.458553 0.835466
vt 0.453613 0.826904
vt 0.507320 0.807263
vt 0.453563 0.807425
vt 0.451878 0.817160
vt 0.689998 0.826887
vt 0.685859 0.850366
vt 0.458476 0.798841
vt 0.475018 0.786593
vt 0.464852 0.790323
vt 0.455533 0.774219
vt 0.532642 0.773236
vt 0.514543 0.758016
vt 0.609549 0.893809
vt 0.612770 0.875545
vt 0.629930 0.875545
vt 0.633151 0.893809
vt 0.583501 0.858648
vt 0.569294 0.870569
vt 0.587374 0.885738
vt 0.596646 0.869677
vt 0.446167 0.758103
vt 0.428070 0.773450
vt 0.446315 0.876165
vt 0.502366 0.798707
vt 0.494784 0.792349
vt 0.464609 0.830373
vt 0.470106 0.834963
vt 0.496070 0.843868
vt 0.557494 0.803649
vt 0.556838 0.803410
vt 0.568757 0.782762
vt 0.415699 0.793755
vt 0.427532 0.773002
vt 0.673938 0.871015
vt 0.655676 0.886340
vt 0.499937 0.824068
vt 0.501162 0.817026
vt 0.545110 0.793436
vt 0.549312 0.816898
vt 0.464568 0.803907
vt 0.460995 0.810110
vt 0.415803 0.840669
vt 0.411649 0.817226
vt 0.496364 0.830273
vt 0.476871 0.837404
vt 0.484082 0.837388
vt 0.484201 0.838057
vt 0.476843 0.796793
vt 0.470073 0.799277
vt 0.633271 0.894495
vt 0.655672 0.767435
vt 0.673936 0.782760
vt 0.673402 0.783208
vt 0.545288 0.840403
vt 0.492387 0.749189
vt 0.514893 0.757410
vt 0.552697 0.826890
vt 0.533177 0.772788
vt 0.459768 0.817152
vt 0.461024 0.824190
vt 0.685859 0.803408
vt 0.468370 0.749201
vt 0.587022 0.767437
vt 0.609426 0.759282
vt 0.490819 0.799218
vt 0.484052 0.796776
vt 0.633268 0.759281
vt 0.499905 0.809988
vt 0.496316 0.803804
vt 0.863148 0.799313
vt 0.855752 0.799313
vt 0.870544 0.799313
vt 0.877941 0.799313
vt 0.885337 0.799313
vt 0.892732 0.799313
vt 0.900130 0.799313
vt 0.907525 0.799313
vt 0.914922 0.799313
vt 0.922319 0.799313
vt 0.929715 0.799313
vt 0.937112 0.799313
vt 0.944507 0.799313
vt 0.951905 0.799313
vt 0.959300 0.799313
vt 0.966697 0.799313
vt 0.974093 0.799313
vt 0.981489 0.799313
vt 0.988886 0.799313
vt 0.779620 0.723973
vt 0.804206 0.727502
vt 0.755094 0.727217
vt 0.733346 0.738878
vt 0.717167 0.757453
vt 0.708559 0.780549
vt 0.708570 0.805264
vt 0.717181 0.828532
vt 0.733329 0.847496
vt 0.755048 0.859856
vt 0.779717 0.864122
vt 0.804372 0.859784
vt 0.826053 0.847367
vt 0.842146 0.828374
vt 0.850705 0.805122
vt 0.850699 0.780473
vt 0.842180 0.757473
vt 0.825992 0.739043
vt 0.721964 0.760311
vt 0.714064 0.781541
vt 0.802449 0.854451
vt 0.822444 0.843016
vt 0.736823 0.743250
vt 0.779713 0.858446
vt 0.822540 0.743415
vt 0.802478 0.732834
vt 0.756800 0.732544
vt 0.756964 0.854519
vt 0.837406 0.760314
vt 0.779585 0.729619
vt 0.736935 0.843139
vt 0.845212 0.781446
vt 0.722043 0.825683
vt 0.845192 0.804130
vt 0.714094 0.804272
vt 0.837288 0.825530
vt 0.852700 0.549439
vt 0.865847 0.560982
vt 0.882182 0.567151
vt 0.899670 0.567153
vt 0.916256 0.561030
vt 0.929966 0.549648
vt 0.939000 0.534310
vt 0.942205 0.516775
vt 0.939261 0.499063
vt 0.930687 0.483292
vt 0.917333 0.471461
vt 0.900963 0.465151
vt 0.883539 0.465132
vt 0.867211 0.471368
vt 0.853863 0.482931
vt 0.845162 0.498423
vt 0.842011 0.516065
vt 0.844497 0.533795
vt 0.574920 0.809991
vt 0.428227 0.860898
vt 0.659196 0.795129
vt 0.445964 0.876772
vt 0.427691 0.861344
vt 0.445814 0.757496
vt 0.609429 0.894496
vt 0.587026 0.886342
vt 0.568762 0.871018
vt 0.556839 0.850370
vt 0.468504 0.885036
vt 0.492560 0.885035
vt 0.490856 0.834901
vt 0.462850 0.036371
vt 0.462890 0.019908
vt 0.468433 0.019703
vt 0.468453 0.036210
vt 0.462957 0.002948
vt 0.468418 0.002702
vt 0.473885 0.002630
vt 0.473986 0.019646
vt 0.474066 0.036167
vt 0.451716 0.036947
vt 0.451857 0.020629
vt 0.457364 0.020235
vt 0.457269 0.036631
vt 0.452055 0.003797
vt 0.457505 0.003334
vt 0.479536 0.019746
vt 0.479675 0.036246
vt 0.479351 0.002749
vt 0.484816 0.003026
vt 0.485077 0.019979
vt 0.485270 0.036433
vt 0.440688 0.037551
vt 0.440877 0.021377
vt 0.446363 0.021031
vt 0.446191 0.037271
vt 0.441127 0.004667
vt 0.446598 0.004266
vt 0.490602 0.020309
vt 0.490843 0.036699
vt 0.490278 0.003411
vt 0.495745 0.003834
vt 0.496116 0.020674
vt 0.496393 0.036998
vt 0.429722 0.037802
vt 0.429913 0.021680
vt 0.435393 0.021606
vt 0.435201 0.037739
vt 0.430149 0.005014
vt 0.435641 0.004931
vt 0.501624 0.021022
vt 0.501922 0.037286
vt 0.501223 0.004234
vt 0.506709 0.004614
vt 0.507127 0.021356
vt 0.507441 0.037564
vt 0.418775 0.037578
vt 0.418965 0.021400
vt 0.424438 0.021588
vt 0.424248 0.037729
vt 0.419186 0.004686
vt 0.424665 0.004904
vt 0.876260 0.293718
vt 0.876252 0.310233
vt 0.870654 0.310259
vt 0.870639 0.293747
vt 0.876249 0.327301
vt 0.870682 0.327324
vt 0.865112 0.327375
vt 0.865058 0.310315
vt 0.865023 0.293805
vt 0.887501 0.293758
vt 0.887449 0.310280
vt 0.881851 0.310240
vt 0.881883 0.293721
vt 0.887384 0.327357
vt 0.881815 0.327313
vt 0.859465 0.310393
vt 0.859415 0.293887
vt 0.859537 0.327447
vt 0.853957 0.327528
vt 0.853876 0.310481
vt 0.853817 0.293979
vt 0.898710 0.293913
vt 0.898636 0.310436
vt 0.893045 0.310349
vt 0.893111 0.293825
vt 0.898532 0.327510
vt 0.892957 0.327425
vt 0.848293 0.310567
vt 0.848232 0.294068
vt 0.848374 0.327606
vt 0.842788 0.327673
vt 0.842715 0.310638
vt 0.842656 0.294141
vt 0.909876 0.294112
vt 0.909799 0.310632
vt 0.904219 0.310533
vt 0.904297 0.294011
vt 0.909686 0.327695
vt 0.904109 0.327601
vt 0.837141 0.310685
vt 0.837088 0.294188
vt 0.837202 0.327719
vt 0.831616 0.327741
vt 0.831568 0.310704
vt 0.831523 0.294204
vt 0.825994 0.310694
vt 0.825959 0.294186
vt 0.826029 0.327739
vt 0.820442 0.327724
vt 0.820420 0.310667
vt 0.820394 0.294151
vt 0.429403 0.118104
vt 0.435043 0.118247
vt 0.434902 0.178547
vt 0.429075 0.178106
vt 0.440715 0.118348
vt 0.440799 0.178892
vt 0.440914 0.239772
vt 0.434817 0.239179
vt 0.428825 0.238406
vt 0.417303 0.236730
vt 0.417730 0.177166
vt 0.423367 0.177639
vt 0.423011 0.237577
vt 0.418245 0.117773
vt 0.423810 0.117943
vt 0.429403 0.118104
vt 0.429075 0.178106
vt 0.428825 0.238406
vt 0.485400 0.117621
vt 0.490910 0.117574
vt 0.491145 0.176716
vt 0.485713 0.176927
vt 0.496410 0.117584
vt 0.496570 0.176665
vt 0.496780 0.235685
vt 0.491419 0.235744
vt 0.486052 0.236098
vt 0.464438 0.239040
vt 0.463852 0.178561
vt 0.469360 0.178141
vt 0.469906 0.238265
vt 0.463265 0.118154
vt 0.468817 0.118003
vt 0.474351 0.117850
vt 0.474817 0.177688
vt 0.475295 0.237445
vt 0.446393 0.118387
vt 0.446695 0.179070
vt 0.452054 0.118363
vt 0.452528 0.179067
vt 0.453007 0.240021
vt 0.447012 0.240063
vt 0.474351 0.117850
vt 0.479879 0.117718
vt 0.480268 0.177266
vt 0.474817 0.177688
vt 0.480675 0.236692
vt 0.475295 0.237445
vt 0.434963 0.274165
vt 0.428946 0.273168
vt 0.441092 0.274891
vt 0.441393 0.292815
vt 0.435401 0.292064
vt 0.429499 0.290979
vt 0.431245 0.320991
vt 0.430403 0.306091
vt 0.436096 0.307139
vt 0.436742 0.321904
vt 0.429499 0.290979
vt 0.435401 0.292064
vt 0.441834 0.307839
vt 0.442245 0.322506
vt 0.453332 0.292784
vt 0.447407 0.293065
vt 0.447236 0.275192
vt 0.453269 0.275034
vt 0.441393 0.292815
vt 0.441092 0.274891
vt 0.440914 0.239772
vt 0.447013 0.240063
vt 0.453007 0.240021
vt 0.447584 0.308035
vt 0.447749 0.322663
vt 0.447407 0.293065
vt 0.453332 0.292784
vt 0.453279 0.307703
vt 0.453230 0.322357
vt 0.464633 0.290872
vt 0.459070 0.292005
vt 0.459089 0.274437
vt 0.464700 0.273517
vt 0.458816 0.239656
vt 0.464438 0.239040
vt 0.458862 0.306879
vt 0.458671 0.321619
vt 0.459070 0.292005
vt 0.464633 0.290872
vt 0.464345 0.305707
vt 0.464082 0.320570
vt 0.475426 0.288257
vt 0.470065 0.289559
vt 0.470146 0.272415
vt 0.475504 0.271291
vt 0.469906 0.238265
vt 0.469759 0.304363
vt 0.469479 0.319359
vt 0.470065 0.289559
vt 0.475426 0.288257
vt 0.475142 0.303041
vt 0.474876 0.318163
vt 0.486136 0.286359
vt 0.480776 0.287147
vt 0.480850 0.270300
vt 0.486199 0.269558
vt 0.480675 0.236692
vt 0.486052 0.236098
vt 0.480523 0.301931
vt 0.480286 0.317158
vt 0.480776 0.287147
vt 0.485920 0.301169
vt 0.485712 0.316478
vt 0.496884 0.286136
vt 0.491511 0.285999
vt 0.491551 0.269164
vt 0.496898 0.269186
vt 0.491419 0.235744
vt 0.496780 0.235685
vt 0.491334 0.300868
vt 0.491154 0.316230
vt 0.491511 0.285999
vt 0.496884 0.286136
vt 0.496748 0.301081
vt 0.496596 0.316454
vt 0.507570 0.287682
vt 0.502234 0.286771
vt 0.502232 0.269636
vt 0.507559 0.270324
vt 0.502140 0.235933
vt 0.507500 0.236353
vt 0.502141 0.301794
vt 0.502027 0.317123
vt 0.502234 0.286771
vt 0.507521 0.302784
vt 0.507449 0.318037
vt 0.418015 0.288430
vt 0.417365 0.270917
vt 0.423104 0.272063
vt 0.423721 0.289738
vt 0.428946 0.273168
vt 0.420279 0.318764
vt 0.419165 0.303568
vt 0.424767 0.304869
vt 0.425759 0.319914
vt 0.431245 0.320991
vt 0.436742 0.321904
vt 0.437059 0.336071
vt 0.431659 0.335354
vt 0.442245 0.322506
vt 0.442466 0.336549
vt 0.442562 0.350216
vt 0.437164 0.349872
vt 0.431793 0.349384
vt 0.453392 0.350257
vt 0.447976 0.350351
vt 0.447875 0.336689
vt 0.453279 0.336472
vt 0.442466 0.336549
vt 0.442245 0.322506
vt 0.464183 0.349425
vt 0.458797 0.349932
vt 0.458672 0.335916
vt 0.464055 0.335107
vt 0.464082 0.320570
vt 0.474914 0.348147
vt 0.469549 0.348799
vt 0.469436 0.334156
vt 0.474825 0.333202
vt 0.485694 0.347143
vt 0.480296 0.347566
vt 0.480231 0.332386
vt 0.485654 0.331825
vt 0.480286 0.317158
vt 0.485712 0.316478
vt 0.496520 0.347007
vt 0.491104 0.346949
vt 0.491090 0.331611
vt 0.496529 0.331772
vt 0.491154 0.316230
vt 0.507343 0.347732
vt 0.501932 0.347304
vt 0.501962 0.332285
vt 0.507390 0.332992
vt 0.421131 0.348215
vt 0.420875 0.333609
vt 0.426265 0.334511
vt 0.426453 0.348817
vt 0.832140 0.009797
vt 0.837474 0.009903
vt 0.837676 0.025508
vt 0.832419 0.025210
vt 0.842853 0.010050
vt 0.842917 0.025675
vt 0.842981 0.039821
vt 0.837850 0.039647
vt 0.832651 0.039197
vt 0.842666 0.215837
vt 0.842836 0.162581
vt 0.848174 0.162432
vt 0.848188 0.215761
vt 0.842976 0.110670
vt 0.848157 0.110434
vt 0.853404 0.109968
vt 0.853554 0.162149
vt 0.853730 0.215638
vt 0.853289 0.039263
vt 0.848110 0.039678
vt 0.848173 0.025680
vt 0.853447 0.025538
vt 0.842981 0.039821
vt 0.842917 0.025675
vt 0.848268 0.010225
vt 0.853660 0.010404
vt 0.859012 0.161779
vt 0.859304 0.215487
vt 0.858762 0.109356
vt 0.864213 0.108688
vt 0.864534 0.161379
vt 0.864900 0.215330
vt 0.863917 0.037932
vt 0.858559 0.038650
vt 0.858740 0.025276
vt 0.864060 0.024938
vt 0.858979 0.010561
vt 0.864247 0.010677
vt 0.869734 0.108054
vt 0.870101 0.161001
vt 0.864534 0.161379
vt 0.875337 0.107534
vt 0.875720 0.160693
vt 0.876133 0.215085
vt 0.870510 0.215190
vt 0.864900 0.215330
vt 0.874827 0.036573
vt 0.869347 0.037210
vt 0.869414 0.024569
vt 0.874793 0.024208
vt 0.869502 0.010736
vt 0.874756 0.010709
vt 0.876133 0.215085
vt 0.875720 0.160693
vt 0.881396 0.160500
vt 0.881769 0.215028
vt 0.875337 0.107534
vt 0.881035 0.107198
vt 0.886813 0.107088
vt 0.887113 0.160443
vt 0.887408 0.215028
vt 0.885871 0.035833
vt 0.880336 0.036100
vt 0.880184 0.023887
vt 0.885587 0.023633
vt 0.880014 0.010576
vt 0.885274 0.010348
vt 0.892844 0.160534
vt 0.893041 0.215086
vt 0.892639 0.107223
vt 0.898431 0.107564
vt 0.898553 0.160749
vt 0.898657 0.215190
vt 0.897009 0.035983
vt 0.891432 0.035798
vt 0.891003 0.023468
vt 0.896422 0.023402
vt 0.890530 0.010047
vt 0.895769 0.009700
vt 0.897817 0.055088
vt 0.897475 0.046548
vt 0.903154 0.047171
vt 0.903506 0.055836
vt 0.897009 0.035983
vt 0.902592 0.036355
vt 0.908176 0.036828
vt 0.908824 0.047922
vt 0.909153 0.056715
vt 0.902592 0.036355
vt 0.901837 0.023429
vt 0.907249 0.023509
vt 0.900979 0.009335
vt 0.906171 0.008962
vt 0.904213 0.161055
vt 0.904248 0.215325
vt 0.904125 0.108056
vt 0.909757 0.108626
vt 0.909842 0.161408
vt 0.909826 0.215475
vt 0.821961 0.037775
vt 0.821788 0.024384
vt 0.827117 0.024820
vt 0.827340 0.038539
vt 0.821574 0.009694
vt 0.826846 0.009733
vt 0.832419 0.025210
vt 0.832651 0.039197
vt 0.820535 0.215558
vt 0.821112 0.161683
vt 0.826631 0.162064
vt 0.826087 0.215693
vt 0.821728 0.109126
vt 0.827175 0.109765
vt 0.832548 0.110295
vt 0.832103 0.162377
vt 0.831628 0.215798
vt 0.886299 0.054433
vt 0.886104 0.046087
vt 0.891784 0.046166
vt 0.892063 0.054593
vt 0.885871 0.035833
vt 0.891432 0.035798
vt 0.874957 0.055227
vt 0.874866 0.046901
vt 0.880461 0.046342
vt 0.880591 0.054655
vt 0.874827 0.036573
vt 0.880336 0.036100
vt 0.832816 0.059424
vt 0.832794 0.050609
vt 0.837963 0.051140
vt 0.837973 0.059965
vt 0.837850 0.039647
vt 0.842981 0.039821
vt 0.843036 0.051301
vt 0.843042 0.060099
vt 0.863926 0.057105
vt 0.863862 0.048651
vt 0.869328 0.047707
vt 0.869401 0.056084
vt 0.863917 0.037932
vt 0.869347 0.037210
vt 0.848098 0.051049
vt 0.848114 0.059782
vt 0.853289 0.039263
vt 0.853228 0.050451
vt 0.853261 0.059095
vt 0.837494 0.162559
vt 0.837151 0.215849
vt 0.837798 0.110615
vt 0.858486 0.049609
vt 0.858537 0.058156
vt 0.858559 0.038650
vt 0.831628 0.215798
vt 0.837151 0.215849
vt 0.837013 0.247147
vt 0.831440 0.247151
vt 0.842666 0.215837
vt 0.842597 0.247116
vt 0.842600 0.263825
vt 0.837018 0.263864
vt 0.831446 0.263875
vt 0.837048 0.278629
vt 0.831483 0.278641
vt 0.842620 0.278585
vt 0.853798 0.263688
vt 0.848193 0.263763
vt 0.848192 0.247062
vt 0.853799 0.246995
vt 0.842600 0.263825
vt 0.842597 0.247116
vt 0.842666 0.215837
vt 0.853730 0.215638
vt 0.853818 0.293979
vt 0.848232 0.294068
vt 0.848202 0.278514
vt 0.853795 0.278428
vt 0.842656 0.294141
vt 0.865039 0.263539
vt 0.859414 0.263609
vt 0.859418 0.246922
vt 0.865044 0.246856
vt 0.864900 0.215330
vt 0.865023 0.293805
vt 0.859415 0.293887
vt 0.859401 0.278338
vt 0.865019 0.278258
vt 0.876300 0.263466
vt 0.870669 0.263490
vt 0.870672 0.246808
vt 0.876300 0.246781
vt 0.870510 0.215190
vt 0.876260 0.293718
vt 0.870639 0.293747
vt 0.870646 0.278201
vt 0.876277 0.278172
vt 0.887544 0.263501
vt 0.881927 0.263470
vt 0.881922 0.246781
vt 0.887533 0.246807
vt 0.881769 0.215028
vt 0.887408 0.215028
vt 0.887501 0.293758
vt 0.881907 0.278174
vt 0.887530 0.278208
vt 0.898732 0.263632
vt 0.893146 0.263558
vt 0.893130 0.246857
vt 0.898711 0.246923
vt 0.893041 0.215086
vt 0.898657 0.215190
vt 0.898710 0.293913
vt 0.893141 0.278271
vt 0.898737 0.278355
vt 0.909866 0.263794
vt 0.904303 0.263712
vt 0.904277 0.246996
vt 0.909834 0.247073
vt 0.904248 0.215325
vt 0.904297 0.294011
vt 0.904318 0.278447
vt 0.909891 0.278543
vt 0.820322 0.263820
vt 0.820313 0.247090
vt 0.825874 0.247128
vt 0.825882 0.263856
vt 0.831446 0.263875
vt 0.820362 0.278580
vt 0.825922 0.278619
vt 0.825959 0.294186
vt 0.429567 0.067367
vt 0.424062 0.067338
vt 0.424125 0.052926
vt 0.429612 0.052975
vt 0.418558 0.067276
vt 0.418640 0.052821
vt 0.424248 0.037729
vt 0.429722 0.037802
vt 0.418487 0.084079
vt 0.424012 0.084133
vt 0.429567 0.067367
vt 0.429543 0.084169
vt 0.502045 0.052631
vt 0.496505 0.052416
vt 0.507441 0.037564
vt 0.507572 0.052840
vt 0.507556 0.067320
vt 0.502028 0.067181
vt 0.496487 0.067041
vt 0.496410 0.117584
vt 0.496412 0.083950
vt 0.501942 0.084033
vt 0.501904 0.117652
vt 0.496487 0.067041
vt 0.502028 0.067181
vt 0.507556 0.067320
vt 0.507464 0.084121
vt 0.507395 0.117751
vt 0.485270 0.036433
vt 0.490843 0.036699
vt 0.490939 0.052197
vt 0.485348 0.052004
vt 0.490923 0.066901
vt 0.485338 0.066780
vt 0.485400 0.117621
vt 0.485307 0.083823
vt 0.490867 0.083877
vt 0.490909 0.117574
vt 0.485338 0.066780
vt 0.490923 0.066901
vt 0.479736 0.051871
vt 0.474110 0.051813
vt 0.479737 0.066697
vt 0.474126 0.066662
vt 0.474153 0.083793
vt 0.479734 0.083793
vt 0.479737 0.066697
vt 0.462850 0.036371
vt 0.468453 0.036210
vt 0.468480 0.051842
vt 0.462857 0.051954
vt 0.468509 0.066679
vt 0.462896 0.066746
vt 0.462979 0.083875
vt 0.468567 0.083821
vt 0.468509 0.066679
vt 0.457269 0.036631
vt 0.457253 0.052138
vt 0.451674 0.052362
vt 0.457292 0.066858
vt 0.451706 0.066994
vt 0.452054 0.118363
vt 0.451800 0.084023
vt 0.457388 0.083946
vt 0.457679 0.118280
vt 0.451706 0.066994
vt 0.457292 0.066858
vt 0.446191 0.037271
vt 0.446125 0.052593
vt 0.440603 0.052793
vt 0.446142 0.067134
vt 0.440600 0.067255
vt 0.440715 0.118348
vt 0.440645 0.084148
vt 0.446217 0.084094
vt 0.440601 0.067255
vt 0.446142 0.067134
vt 0.435101 0.052928
vt 0.435078 0.067338
vt 0.440603 0.052793
vt 0.435087 0.084174
vt 0.501996 0.176783
vt 0.507422 0.176995
vt 0.507500 0.236353
vt 0.502140 0.235933
vt 0.640115 0.673630
vt 0.646279 0.672977
vt 0.646230 0.683675
vt 0.640063 0.684328
vt 0.652455 0.672477
vt 0.652407 0.683175
vt 0.652359 0.693875
vt 0.646180 0.694375
vt 0.640013 0.695028
vt 0.653112 0.364319
vt 0.653148 0.378324
vt 0.647299 0.378489
vt 0.647171 0.364512
vt 0.653168 0.391738
vt 0.647403 0.391876
vt 0.641692 0.392104
vt 0.641500 0.378781
vt 0.641277 0.364862
vt 0.640725 0.588531
vt 0.634662 0.589056
vt 0.634820 0.578525
vt 0.640851 0.578056
vt 0.628558 0.589379
vt 0.628738 0.578797
vt 0.628924 0.568239
vt 0.634982 0.568025
vt 0.640977 0.567620
vt 0.689400 0.696490
vt 0.683238 0.695740
vt 0.683280 0.685038
vt 0.689442 0.685786
vt 0.677077 0.695005
vt 0.677119 0.684303
vt 0.677160 0.673602
vt 0.683320 0.674336
vt 0.689483 0.675083
vt 0.653038 0.334539
vt 0.653001 0.318761
vt 0.659260 0.318741
vt 0.659184 0.334548
vt 0.652972 0.302381
vt 0.659341 0.302326
vt 0.665712 0.302459
vt 0.665515 0.318931
vt 0.665315 0.334777
vt 0.653134 0.416834
vt 0.653106 0.428592
vt 0.647553 0.428700
vt 0.647511 0.416941
vt 0.653080 0.439922
vt 0.647575 0.440040
vt 0.642067 0.440146
vt 0.642024 0.428807
vt 0.641941 0.417068
vt 0.652917 0.546081
vt 0.647077 0.546436
vt 0.647142 0.536053
vt 0.652939 0.535733
vt 0.641214 0.546799
vt 0.641324 0.536363
vt 0.641430 0.525868
vt 0.647202 0.525602
vt 0.652956 0.525315
vt 0.652635 0.629751
vt 0.652592 0.640416
vt 0.646429 0.640916
vt 0.646482 0.630250
vt 0.652547 0.651095
vt 0.646379 0.651595
vt 0.640221 0.652247
vt 0.640277 0.641567
vt 0.640339 0.630898
vt 0.675791 0.504063
vt 0.669981 0.503945
vt 0.669854 0.493375
vt 0.675628 0.493482
vt 0.664298 0.503925
vt 0.664219 0.493355
vt 0.664148 0.482773
vt 0.669740 0.482793
vt 0.675484 0.482891
vt 0.630788 0.417297
vt 0.624807 0.417392
vt 0.624606 0.405385
vt 0.630606 0.405217
vt 0.618619 0.417479
vt 0.618408 0.405545
vt 0.618050 0.393113
vt 0.624271 0.392880
vt 0.630310 0.392634
vt 0.639310 0.041394
vt 0.632530 0.041440
vt 0.632529 0.022329
vt 0.639309 0.022283
vt 0.625750 0.041395
vt 0.625749 0.022283
vt 0.625748 0.003169
vt 0.632528 0.003215
vt 0.639308 0.003169
vt 0.652879 0.041088
vt 0.646093 0.041264
vt 0.646092 0.022153
vt 0.652879 0.021977
vt 0.646092 0.003039
vt 0.652878 0.002863
vt 0.641692 0.392104
vt 0.647467 0.404682
vt 0.641834 0.404852
vt 0.653168 0.391738
vt 0.653159 0.404564
vt 0.653134 0.416834
vt 0.647511 0.416941
vt 0.641941 0.417068
vt 0.636514 0.428890
vt 0.636437 0.417189
vt 0.636532 0.440215
vt 0.630825 0.440246
vt 0.630844 0.428947
vt 0.630789 0.417297
vt 0.639832 0.242962
vt 0.646390 0.242699
vt 0.646505 0.282462
vt 0.640054 0.282779
vt 0.652944 0.242479
vt 0.652958 0.282227
vt 0.652972 0.302381
vt 0.646619 0.302624
vt 0.640277 0.302985
vt 0.652501 0.661783
vt 0.646329 0.662283
vt 0.652455 0.672477
vt 0.646279 0.672977
vt 0.640167 0.662936
vt 0.629306 0.547170
vt 0.623208 0.547058
vt 0.623418 0.536497
vt 0.629499 0.536631
vt 0.617051 0.546823
vt 0.617265 0.536256
vt 0.617482 0.525685
vt 0.623632 0.525921
vt 0.629696 0.526063
vt 0.665891 0.282211
vt 0.672373 0.282433
vt 0.672085 0.302754
vt 0.666067 0.242368
vt 0.672647 0.242508
vt 0.679262 0.242750
vt 0.678900 0.282758
vt 0.678514 0.303149
vt 0.666385 0.104143
vt 0.659639 0.104249
vt 0.659663 0.063160
vt 0.666442 0.063034
vt 0.652893 0.104415
vt 0.652882 0.063335
vt 0.659666 0.040912
vt 0.666449 0.040782
vt 0.677625 0.335643
vt 0.677182 0.350838
vt 0.671106 0.350375
vt 0.671428 0.335168
vt 0.676759 0.365331
vt 0.670800 0.364914
vt 0.664948 0.364564
vt 0.665127 0.349987
vt 0.665314 0.334777
vt 0.689040 0.568161
vt 0.682890 0.567642
vt 0.682725 0.557071
vt 0.688872 0.557530
vt 0.676782 0.567152
vt 0.676631 0.556646
vt 0.676472 0.546161
vt 0.682552 0.546521
vt 0.688695 0.546918
vt 0.689334 0.589490
vt 0.683179 0.588867
vt 0.683042 0.578241
vt 0.689195 0.578815
vt 0.677047 0.588261
vt 0.676922 0.577689
vt 0.664912 0.651052
vt 0.658730 0.650900
vt 0.658769 0.640220
vt 0.664945 0.640369
vt 0.652547 0.651095
vt 0.652592 0.640416
vt 0.652635 0.629751
vt 0.658803 0.629554
vt 0.664970 0.629700
vt 0.658638 0.504029
vt 0.658605 0.493446
vt 0.652978 0.504223
vt 0.652989 0.493619
vt 0.653000 0.483006
vt 0.658577 0.482852
vt 0.677154 0.598869
vt 0.671042 0.598272
vt 0.670956 0.587711
vt 0.677230 0.609506
vt 0.671101 0.608876
vt 0.664977 0.608431
vt 0.664944 0.597858
vt 0.664892 0.587341
vt 0.640793 0.335182
vt 0.641042 0.350333
vt 0.635084 0.350801
vt 0.634705 0.335661
vt 0.635439 0.365283
vt 0.629501 0.365703
vt 0.629031 0.351261
vt 0.628529 0.336124
vt 0.670916 0.694324
vt 0.670960 0.683622
vt 0.664744 0.693837
vt 0.664789 0.683136
vt 0.664833 0.672437
vt 0.671002 0.672922
vt 0.675791 0.504063
vt 0.675964 0.514634
vt 0.670114 0.514498
vt 0.669981 0.503944
vt 0.676138 0.525178
vt 0.670248 0.525011
vt 0.664461 0.524970
vt 0.664380 0.514474
vt 0.639403 0.104751
vt 0.639593 0.174075
vt 0.632921 0.174227
vt 0.632657 0.104832
vt 0.633259 0.243204
vt 0.626645 0.243383
vt 0.626226 0.174303
vt 0.625905 0.104826
vt 0.628038 0.631934
vt 0.621856 0.632043
vt 0.621953 0.621368
vt 0.628128 0.621269
vt 0.615661 0.631969
vt 0.615763 0.621282
vt 0.615891 0.610600
vt 0.622076 0.610701
vt 0.628244 0.610618
vt 0.625750 0.041395
vt 0.632530 0.041440
vt 0.632547 0.063695
vt 0.625771 0.063655
vt 0.639310 0.041394
vt 0.639322 0.063644
vt 0.639403 0.104751
vt 0.632657 0.104832
vt 0.687646 0.483205
vt 0.681487 0.483037
vt 0.681368 0.472406
vt 0.687537 0.472555
vt 0.675368 0.472278
vt 0.675296 0.461603
vt 0.681296 0.461714
vt 0.687469 0.461843
vt 0.680007 0.002558
vt 0.680008 0.021671
vt 0.673228 0.021626
vt 0.673227 0.002513
vt 0.680009 0.040782
vt 0.673229 0.040737
vt 0.666449 0.040782
vt 0.666449 0.021671
vt 0.666448 0.002559
vt 0.628558 0.589379
vt 0.628390 0.599987
vt 0.622230 0.600047
vt 0.622408 0.589408
vt 0.622076 0.610701
vt 0.615891 0.610600
vt 0.616049 0.599926
vt 0.616232 0.589264
vt 0.627896 0.653298
vt 0.621707 0.653418
vt 0.621776 0.642727
vt 0.627962 0.642612
vt 0.615505 0.653355
vt 0.615577 0.642660
vt 0.664759 0.566479
vt 0.658802 0.566481
vt 0.658780 0.556153
vt 0.664686 0.556112
vt 0.652861 0.566721
vt 0.652891 0.556399
vt 0.658757 0.545834
vt 0.664612 0.545758
vt 0.646538 0.619606
vt 0.652676 0.619108
vt 0.640339 0.630898
vt 0.640409 0.620249
vt 0.640495 0.609631
vt 0.646603 0.609000
vt 0.652716 0.608507
vt 0.634064 0.652872
vt 0.634126 0.642189
vt 0.640277 0.641567
vt 0.634195 0.631516
vt 0.681275 0.450909
vt 0.687448 0.451017
vt 0.675275 0.450816
vt 0.675288 0.439836
vt 0.681284 0.439921
vt 0.687458 0.440019
vt 0.626645 0.243383
vt 0.633259 0.243204
vt 0.633587 0.283103
vt 0.627064 0.283377
vt 0.633927 0.303380
vt 0.627506 0.303736
vt 0.675435 0.416960
vt 0.675325 0.428578
vt 0.669658 0.428504
vt 0.669785 0.416846
vt 0.675288 0.439836
vt 0.669589 0.439778
vt 0.664068 0.439769
vt 0.664160 0.428476
vt 0.664292 0.416777
vt 0.630099 0.504811
vt 0.635932 0.504798
vt 0.635774 0.515438
vt 0.629898 0.515451
vt 0.641640 0.504668
vt 0.641536 0.515294
vt 0.641430 0.525868
vt 0.635614 0.526039
vt 0.629696 0.526063
vt 0.671042 0.662226
vt 0.677199 0.662904
vt 0.664874 0.661742
vt 0.671077 0.651534
vt 0.677233 0.652209
vt 0.634308 0.319850
vt 0.628006 0.320274
vt 0.640530 0.319399
vt 0.640793 0.335182
vt 0.634705 0.335661
vt 0.628529 0.336124
vt 0.647314 0.504456
vt 0.647259 0.515059
vt 0.652978 0.504222
vt 0.652968 0.514801
vt 0.652956 0.525315
vt 0.647202 0.525602
vt 0.641214 0.546799
vt 0.647077 0.546436
vt 0.647005 0.556788
vt 0.641098 0.557209
vt 0.652917 0.546081
vt 0.652891 0.556399
vt 0.646928 0.567141
vt 0.640977 0.567620
vt 0.658836 0.587265
vt 0.658821 0.576845
vt 0.664829 0.576884
vt 0.652792 0.587486
vt 0.652828 0.577076
vt 0.630099 0.504811
vt 0.624068 0.504697
vt 0.624275 0.494076
vt 0.630292 0.494167
vt 0.617921 0.504509
vt 0.618123 0.493923
vt 0.618302 0.483333
vt 0.624460 0.483450
vt 0.630468 0.483515
vt 0.687628 0.417246
vt 0.687499 0.428786
vt 0.681314 0.428676
vt 0.681427 0.417098
vt 0.681284 0.439921
vt 0.640115 0.673630
vt 0.633953 0.674256
vt 0.634007 0.663561
vt 0.640167 0.662936
vt 0.627780 0.674686
vt 0.627836 0.663990
vt 0.681427 0.417098
vt 0.681683 0.405105
vt 0.687902 0.405319
vt 0.675667 0.404901
vt 0.675989 0.392321
vt 0.682050 0.392604
vt 0.688297 0.392896
vt 0.612180 0.041090
vt 0.618966 0.041265
vt 0.618989 0.063530
vt 0.612204 0.063360
vt 0.619139 0.104736
vt 0.612366 0.104599
vt 0.652861 0.566721
vt 0.652828 0.577076
vt 0.646846 0.577524
vt 0.646928 0.567141
vt 0.652792 0.587486
vt 0.646761 0.587955
vt 0.640725 0.588531
vt 0.690470 0.336621
vt 0.689877 0.351779
vt 0.683466 0.351310
vt 0.683995 0.336132
vt 0.689308 0.366183
vt 0.682959 0.365757
vt 0.641640 0.504668
vt 0.635932 0.504798
vt 0.636086 0.494146
vt 0.641742 0.494024
vt 0.636228 0.483487
vt 0.641837 0.483373
vt 0.678514 0.303149
vt 0.685045 0.303583
vt 0.684534 0.320209
vt 0.678080 0.319735
vt 0.691637 0.304033
vt 0.691070 0.320690
vt 0.677625 0.335643
vt 0.652958 0.282227
vt 0.659421 0.282139
vt 0.652944 0.242479
vt 0.659502 0.242360
vt 0.627671 0.696086
vt 0.621477 0.696211
vt 0.621532 0.685510
vt 0.627725 0.685385
vt 0.615273 0.696155
vt 0.615327 0.685453
vt 0.615382 0.674752
vt 0.621587 0.674810
vt 0.646093 0.041264
vt 0.646101 0.063511
vt 0.652879 0.041088
vt 0.652893 0.104415
vt 0.646148 0.104598
vt 0.646257 0.173873
vt 0.639593 0.174075
vt 0.652919 0.173673
vt 0.623832 0.379794
vt 0.629934 0.379480
vt 0.617565 0.380084
vt 0.616992 0.366395
vt 0.623321 0.366067
vt 0.629501 0.365703
vt 0.646756 0.319005
vt 0.653001 0.318761
vt 0.653038 0.334539
vt 0.646901 0.334775
vt 0.612178 0.021979
vt 0.618965 0.022154
vt 0.618966 0.041265
vt 0.612177 0.002866
vt 0.618964 0.003041
vt 0.625749 0.022283
vt 0.653075 0.349724
vt 0.647039 0.349942
vt 0.646901 0.334775
vt 0.658555 0.472243
vt 0.664091 0.472173
vt 0.653014 0.472380
vt 0.653031 0.461706
vt 0.658543 0.461583
vt 0.664051 0.461518
vt 0.664600 0.391852
vt 0.658915 0.391735
vt 0.658986 0.378341
vt 0.664771 0.378516
vt 0.653168 0.391738
vt 0.653148 0.378324
vt 0.653112 0.364319
vt 0.659051 0.364347
vt 0.664948 0.364564
vt 0.658645 0.672283
vt 0.658689 0.661588
vt 0.652455 0.672477
vt 0.652501 0.661783
vt 0.679262 0.242750
vt 0.685925 0.243058
vt 0.685500 0.283137
vt 0.678900 0.282758
vt 0.692616 0.243398
vt 0.692143 0.283539
vt 0.658744 0.416775
vt 0.658650 0.428510
vt 0.664292 0.416778
vt 0.664160 0.428476
vt 0.664069 0.439769
vt 0.658577 0.439823
vt 0.653080 0.439922
vt 0.659665 0.021801
vt 0.659664 0.002688
vt 0.659666 0.040912
vt 0.636059 0.392368
vt 0.635770 0.379129
vt 0.635439 0.365283
vt 0.658732 0.535491
vt 0.664538 0.535389
vt 0.658705 0.525084
vt 0.664461 0.524970
vt 0.658553 0.693682
vt 0.658600 0.682981
vt 0.652359 0.693875
vt 0.652407 0.683175
vt 0.677271 0.630837
vt 0.671123 0.630173
vt 0.671125 0.619512
vt 0.677266 0.620164
vt 0.664984 0.619049
vt 0.664977 0.608431
vt 0.671101 0.608876
vt 0.681811 0.504246
vt 0.681996 0.514844
vt 0.687957 0.504460
vt 0.688138 0.515090
vt 0.688324 0.525712
vt 0.682184 0.525425
vt 0.676138 0.525178
vt 0.670227 0.392060
vt 0.670504 0.378801
vt 0.676359 0.379147
vt 0.670800 0.364914
vt 0.676759 0.365331
vt 0.653000 0.483006
vt 0.652989 0.493619
vt 0.647368 0.493831
vt 0.647420 0.483196
vt 0.647314 0.504456
vt 0.641742 0.494024
vt 0.640603 0.599057
vt 0.634512 0.599624
vt 0.634662 0.589056
vt 0.634380 0.610226
vt 0.670744 0.566731
vt 0.670626 0.556299
vt 0.670503 0.545884
vt 0.624613 0.472802
vt 0.630616 0.472844
vt 0.618448 0.472719
vt 0.618554 0.462034
vt 0.624724 0.462089
vt 0.630725 0.462115
vt 0.634277 0.620860
vt 0.634380 0.610226
vt 0.682483 0.379507
vt 0.688774 0.379872
vt 0.682959 0.365757
vt 0.679883 0.104209
vt 0.686647 0.104369
vt 0.686338 0.173901
vt 0.679616 0.173675
vt 0.693418 0.104573
vt 0.693075 0.174166
vt 0.681811 0.504246
vt 0.681638 0.493645
vt 0.687790 0.493835
vt 0.658638 0.504029
vt 0.658673 0.514587
vt 0.664461 0.524970
vt 0.623851 0.515317
vt 0.629696 0.526063
vt 0.623632 0.525921
vt 0.617482 0.525685
vt 0.617704 0.515100
vt 0.617921 0.504509
vt 0.624807 0.417392
vt 0.624859 0.428986
vt 0.618682 0.429014
vt 0.630788 0.417297
vt 0.630844 0.428947
vt 0.630825 0.440246
vt 0.624830 0.440249
vt 0.618662 0.440237
vt 0.665712 0.302459
vt 0.672086 0.302754
vt 0.671763 0.319286
vt 0.665515 0.318931
vt 0.671428 0.335168
vt 0.665315 0.334777
vt 0.619499 0.174294
vt 0.619972 0.243476
vt 0.613265 0.243520
vt 0.612752 0.174237
vt 0.659639 0.104249
vt 0.659580 0.173527
vt 0.666385 0.104143
vt 0.666246 0.173470
vt 0.666067 0.242368
vt 0.619972 0.243476
vt 0.620454 0.283564
vt 0.613791 0.283697
vt 0.620968 0.304003
vt 0.614359 0.304214
vt 0.641997 0.461996
vt 0.647516 0.461857
vt 0.647469 0.472551
vt 0.641923 0.472710
vt 0.653000 0.483006
vt 0.647420 0.483196
vt 0.641837 0.483373
vt 0.682370 0.535979
vt 0.688512 0.536317
vt 0.676308 0.535680
vt 0.676138 0.525178
vt 0.682184 0.525425
vt 0.688324 0.525712
vt 0.641997 0.461995
vt 0.636446 0.462084
vt 0.636508 0.451248
vt 0.642052 0.451174
vt 0.630789 0.451274
vt 0.630825 0.440246
vt 0.636532 0.440215
vt 0.642067 0.440146
vt 0.670377 0.535465
vt 0.670248 0.525011
vt 0.658544 0.450810
vt 0.664037 0.450749
vt 0.653054 0.450922
vt 0.658577 0.439823
vt 0.666449 0.040782
vt 0.673229 0.040737
vt 0.673217 0.062992
vt 0.680009 0.040782
vt 0.679994 0.063042
vt 0.673131 0.104129
vt 0.635143 0.557546
vt 0.641098 0.557209
vt 0.629114 0.557701
vt 0.635301 0.547070
vt 0.689552 0.653680
vt 0.683391 0.652938
vt 0.683415 0.642243
vt 0.689575 0.642979
vt 0.677258 0.641519
vt 0.683426 0.631552
vt 0.689586 0.632279
vt 0.686793 0.040911
vt 0.686775 0.063175
vt 0.693580 0.041086
vt 0.693560 0.063353
vt 0.624789 0.451260
vt 0.618620 0.451224
vt 0.618662 0.440237
vt 0.624830 0.440249
vt 0.622797 0.568195
vt 0.623001 0.557620
vt 0.616631 0.567999
vt 0.616840 0.557402
vt 0.670855 0.577199
vt 0.683417 0.620866
vt 0.689576 0.621579
vt 0.683376 0.610187
vt 0.689534 0.610880
vt 0.669587 0.461530
vt 0.669567 0.450755
vt 0.669589 0.439778
vt 0.693577 0.002862
vt 0.693579 0.021975
vt 0.686792 0.021800
vt 0.686791 0.002687
vt 0.686793 0.040911
vt 0.658744 0.416775
vt 0.658834 0.404534
vt 0.664440 0.404590
vt 0.653159 0.404564
vt 0.647516 0.461857
vt 0.647558 0.451055
vt 0.647575 0.440040
vt 0.658829 0.618909
vt 0.658845 0.608303
vt 0.652755 0.597963
vt 0.646678 0.598447
vt 0.652716 0.608507
vt 0.646603 0.609000
vt 0.652792 0.587486
vt 0.658836 0.587265
vt 0.658846 0.597752
vt 0.652755 0.597963
vt 0.664892 0.587341
vt 0.658845 0.608303
vt 0.636350 0.472813
vt 0.659116 0.349750
vt 0.665127 0.349987
vt 0.653075 0.349724
vt 0.653038 0.334539
vt 0.665314 0.334777
vt 0.636284 0.405037
vt 0.641834 0.404852
vt 0.621645 0.664112
vt 0.615441 0.664053
vt 0.677047 0.588261
vt 0.683179 0.588867
vt 0.683294 0.599518
vt 0.677154 0.598869
vt 0.689334 0.589490
vt 0.689450 0.600181
vt 0.683376 0.610187
vt 0.622408 0.589408
vt 0.622599 0.578791
vt 0.616427 0.578620
vt 0.671105 0.640848
vt 0.669648 0.472191
vt 0.635458 0.536577
vt 0.635614 0.526039
vt 0.622765 0.351650
vt 0.622171 0.336503
vt 0.616992 0.366395
vt 0.616367 0.351991
vt 0.615702 0.336830
vt 0.669785 0.416846
vt 0.669981 0.404721
vt 0.679883 0.104209
vt 0.672921 0.173523
vt 0.673131 0.104129
vt 0.679262 0.242750
vt 0.672647 0.242508
vt 0.666067 0.242368
vt 0.666385 0.104143
vt 0.683358 0.663636
vt 0.689520 0.664381
vt 0.621555 0.320609
vt 0.615013 0.320888
vt 0.622171 0.336503
vt 0.367363 0.546910
vt 0.367340 0.557210
vt 0.361595 0.557594
vt 0.361660 0.547264
vt 0.367311 0.567510
vt 0.361521 0.567923
vt 0.356439 0.568363
vt 0.356552 0.557988
vt 0.356654 0.547611
vt 0.396989 0.365115
vt 0.396669 0.379041
vt 0.390641 0.378772
vt 0.390893 0.364786
vt 0.396378 0.392332
vt 0.390405 0.392130
vt 0.385340 0.391946
vt 0.385512 0.378517
vt 0.385687 0.364468
vt 0.353338 0.110213
vt 0.353171 0.064177
vt 0.358963 0.064035
vt 0.359081 0.110041
vt 0.353148 0.041292
vt 0.358946 0.041155
vt 0.365560 0.040979
vt 0.365568 0.063857
vt 0.365634 0.109849
vt 0.344266 0.110365
vt 0.344028 0.064251
vt 0.348600 0.064249
vt 0.348805 0.110319
vt 0.343994 0.041355
vt 0.348571 0.041360
vt 0.357086 0.462789
vt 0.361829 0.462625
vt 0.361845 0.473364
vt 0.357084 0.473544
vt 0.367251 0.462445
vt 0.367287 0.473168
vt 0.367318 0.483826
vt 0.361849 0.484038
vt 0.357061 0.484233
vt 0.395926 0.417222
vt 0.402215 0.417331
vt 0.402064 0.429047
vt 0.395793 0.428965
vt 0.408660 0.417449
vt 0.408492 0.429143
vt 0.408394 0.440487
vt 0.401982 0.440409
vt 0.395727 0.440342
vt 0.355643 0.364545
vt 0.360769 0.364222
vt 0.361004 0.378364
vt 0.355949 0.378642
vt 0.366648 0.363992
vt 0.366800 0.378161
vt 0.366932 0.391746
vt 0.361218 0.391924
vt 0.356233 0.392152
vt 0.331932 0.110345
vt 0.331624 0.064102
vt 0.338233 0.064193
vt 0.338506 0.110366
vt 0.331580 0.041186
vt 0.338195 0.041287
vt 0.386506 0.270425
vt 0.386787 0.190340
vt 0.392462 0.190541
vt 0.392077 0.270719
vt 0.387013 0.109580
vt 0.392772 0.109694
vt 0.399348 0.109864
vt 0.398965 0.190788
vt 0.398488 0.271051
vt 0.365991 0.270221
vt 0.372281 0.270113
vt 0.372334 0.314061
vt 0.366171 0.314137
vt 0.377797 0.270131
vt 0.377736 0.314136
vt 0.377695 0.333999
vt 0.372392 0.333890
vt 0.366333 0.333939
vt 0.356825 0.526730
vt 0.361759 0.526462
vt 0.361715 0.536899
vt 0.356744 0.537203
vt 0.367382 0.526168
vt 0.367377 0.536576
vt 0.367363 0.546910
vt 0.373067 0.546655
vt 0.373091 0.556956
vt 0.367340 0.557210
vt 0.378073 0.546528
vt 0.378140 0.556853
vt 0.378204 0.567186
vt 0.373111 0.567262
vt 0.367311 0.567510
vt 0.387109 0.063496
vt 0.392903 0.063573
vt 0.387124 0.040603
vt 0.392923 0.040675
vt 0.399534 0.040806
vt 0.399510 0.063709
vt 0.377938 0.109577
vt 0.377966 0.063551
vt 0.382537 0.063487
vt 0.382474 0.109540
vt 0.377971 0.040667
vt 0.382547 0.040599
vt 0.397718 0.589585
vt 0.403859 0.590053
vt 0.403963 0.600697
vt 0.397823 0.600200
vt 0.410023 0.590443
vt 0.410121 0.601109
vt 0.410192 0.611778
vt 0.404038 0.611347
vt 0.397900 0.610828
vt 0.378300 0.672748
vt 0.378271 0.683407
vt 0.372971 0.683378
vt 0.373002 0.672719
vt 0.378241 0.694067
vt 0.372939 0.694039
vt 0.366899 0.694256
vt 0.366932 0.683595
vt 0.366965 0.672936
vt 0.377411 0.462200
vt 0.372671 0.462296
vt 0.372626 0.451456
vt 0.377359 0.451363
vt 0.367251 0.462445
vt 0.367214 0.451596
vt 0.367177 0.440509
vt 0.372605 0.440379
vt 0.377349 0.440291
vt 0.336505 0.366040
vt 0.342451 0.365583
vt 0.342968 0.379525
vt 0.337109 0.379917
vt 0.347626 0.365177
vt 0.348064 0.379178
vt 0.348463 0.392575
vt 0.343436 0.392848
vt 0.337655 0.393157
vt 0.353338 0.110213
vt 0.359081 0.110041
vt 0.359365 0.190620
vt 0.353737 0.190860
vt 0.365634 0.109849
vt 0.365792 0.190393
vt 0.359715 0.270482
vt 0.354225 0.270797
vt 0.349527 0.462968
vt 0.349499 0.473738
vt 0.344517 0.473782
vt 0.344548 0.463017
vt 0.349434 0.484435
vt 0.344437 0.484468
vt 0.338685 0.484483
vt 0.338777 0.473813
vt 0.338806 0.463058
vt 0.398488 0.271051
vt 0.405101 0.271354
vt 0.404628 0.315597
vt 0.398063 0.315272
vt 0.411754 0.271634
vt 0.411254 0.315884
vt 0.410812 0.335816
vt 0.404209 0.335540
vt 0.397688 0.335216
vt 0.377582 0.391731
vt 0.377623 0.378201
vt 0.381555 0.378330
vt 0.381445 0.391814
vt 0.377652 0.364069
vt 0.381659 0.364234
vt 0.385687 0.364468
vt 0.385512 0.378517
vt 0.385340 0.391946
vt 0.386051 0.334451
vt 0.385864 0.349783
vt 0.381757 0.349519
vt 0.381861 0.334180
vt 0.381659 0.364234
vt 0.377652 0.364069
vt 0.377671 0.349335
vt 0.385036 0.417067
vt 0.381226 0.417028
vt 0.381333 0.404700
vt 0.385176 0.404779
vt 0.377465 0.417026
vt 0.377530 0.404661
vt 0.377582 0.391731
vt 0.381445 0.391814
vt 0.377349 0.440291
vt 0.377394 0.428876
vt 0.381136 0.428855
vt 0.381085 0.440259
vt 0.385036 0.417067
vt 0.384938 0.428870
vt 0.384890 0.440267
vt 0.333592 0.271932
vt 0.339967 0.271617
vt 0.340686 0.315816
vt 0.334425 0.316248
vt 0.345537 0.271326
vt 0.346151 0.315425
vt 0.346677 0.335283
vt 0.341314 0.335719
vt 0.335162 0.336204
vt 0.349220 0.505755
vt 0.344174 0.505761
vt 0.344320 0.495123
vt 0.349338 0.495103
vt 0.338375 0.505737
vt 0.338547 0.495117
vt 0.344437 0.484468
vt 0.349434 0.484435
vt 0.377966 0.063551
vt 0.372174 0.063684
vt 0.372173 0.040803
vt 0.372190 0.109686
vt 0.365568 0.063857
vt 0.365560 0.040979
vt 0.408378 0.462449
vt 0.402005 0.462382
vt 0.401965 0.451494
vt 0.408359 0.451562
vt 0.395777 0.462314
vt 0.395723 0.451431
vt 0.395727 0.440342
vt 0.401982 0.440409
vt 0.408394 0.440487
vt 0.367096 0.630358
vt 0.367063 0.640987
vt 0.361053 0.641480
vt 0.361094 0.630850
vt 0.367030 0.651630
vt 0.361015 0.652124
vt 0.355749 0.652705
vt 0.355792 0.642059
vt 0.355840 0.631426
vt 0.347433 0.653556
vt 0.342143 0.653899
vt 0.342192 0.643248
vt 0.347480 0.642908
vt 0.336103 0.654229
vt 0.336155 0.643574
vt 0.336219 0.632922
vt 0.342252 0.632602
vt 0.347536 0.632267
vt 0.361395 0.404899
vt 0.356480 0.405082
vt 0.367029 0.404742
vt 0.367095 0.417170
vt 0.361539 0.417315
vt 0.356689 0.417463
vt 0.409460 0.547899
vt 0.409619 0.558517
vt 0.403436 0.558209
vt 0.403267 0.547624
vt 0.409768 0.569144
vt 0.403593 0.568806
vt 0.397450 0.568413
vt 0.397293 0.557860
vt 0.397123 0.547321
vt 0.348463 0.392575
vt 0.348064 0.379178
vt 0.352014 0.378901
vt 0.352355 0.392358
vt 0.347626 0.365177
vt 0.351643 0.364850
vt 0.355643 0.364545
vt 0.355949 0.378642
vt 0.355001 0.334579
vt 0.355329 0.349860
vt 0.351258 0.350195
vt 0.350853 0.334923
vt 0.355643 0.364545
vt 0.351643 0.364850
vt 0.347165 0.350552
vt 0.346677 0.335283
vt 0.356689 0.417463
vt 0.352905 0.417578
vt 0.352653 0.405236
vt 0.356479 0.405082
vt 0.349088 0.417684
vt 0.348808 0.405393
vt 0.352355 0.392358
vt 0.349437 0.440941
vt 0.349298 0.429508
vt 0.353110 0.429434
vt 0.353254 0.440881
vt 0.352905 0.417578
vt 0.356689 0.417463
vt 0.356863 0.429342
vt 0.356990 0.440793
vt 0.378320 0.587972
vt 0.373139 0.587991
vt 0.373127 0.577600
vt 0.378265 0.577554
vt 0.367240 0.588224
vt 0.367277 0.577841
vt 0.367311 0.567510
vt 0.373111 0.567262
vt 0.378204 0.567186
vt 0.377412 0.462200
vt 0.377486 0.472905
vt 0.372727 0.473006
vt 0.372671 0.462296
vt 0.377572 0.483540
vt 0.372787 0.483650
vt 0.367318 0.483826
vt 0.367287 0.473168
vt 0.367251 0.462445
vt 0.397948 0.653404
vt 0.391943 0.652716
vt 0.391957 0.642067
vt 0.397959 0.642751
vt 0.386683 0.652073
vt 0.386699 0.641427
vt 0.386707 0.630792
vt 0.391960 0.631427
vt 0.397959 0.632103
vt 0.391343 0.557458
vt 0.391188 0.546984
vt 0.391487 0.567947
vt 0.386300 0.567524
vt 0.386176 0.557102
vt 0.386047 0.546695
vt 0.387013 0.109580
vt 0.386787 0.190340
vt 0.382325 0.190228
vt 0.386506 0.270425
vt 0.382143 0.270231
vt 0.377797 0.270131
vt 0.377874 0.190202
vt 0.356439 0.568363
vt 0.361521 0.567923
vt 0.361439 0.578280
vt 0.356319 0.578761
vt 0.367277 0.577842
vt 0.367240 0.588224
vt 0.361355 0.588683
vt 0.356197 0.589199
vt 0.384949 0.462192
vt 0.381145 0.462170
vt 0.381091 0.451330
vt 0.384895 0.451342
vt 0.381085 0.440259
vt 0.377486 0.472905
vt 0.381232 0.472876
vt 0.381341 0.483510
vt 0.377412 0.462200
vt 0.381145 0.462170
vt 0.384949 0.462192
vt 0.385047 0.472908
vt 0.385174 0.483550
vt 0.385469 0.504747
vt 0.381584 0.504695
vt 0.381460 0.494114
vt 0.385318 0.494159
vt 0.377756 0.504733
vt 0.377663 0.494148
vt 0.377572 0.483540
vt 0.381341 0.483510
vt 0.385174 0.483550
vt 0.377929 0.525778
vt 0.377846 0.515287
vt 0.381707 0.515247
vt 0.381825 0.525744
vt 0.377756 0.504733
vt 0.385469 0.504747
vt 0.385622 0.515309
vt 0.385771 0.525826
vt 0.372457 0.349216
vt 0.372392 0.333890
vt 0.372525 0.363961
vt 0.366648 0.363992
vt 0.366491 0.349250
vt 0.366333 0.333939
vt 0.410248 0.633109
vt 0.404098 0.632651
vt 0.404081 0.621999
vt 0.410232 0.622445
vt 0.397943 0.621462
vt 0.397900 0.610828
vt 0.404038 0.611348
vt 0.410192 0.611778
vt 0.410381 0.351076
vt 0.403805 0.350820
vt 0.404209 0.335540
vt 0.409961 0.365618
vt 0.403415 0.365386
vt 0.397331 0.350516
vt 0.409565 0.379474
vt 0.403049 0.379271
vt 0.409207 0.392692
vt 0.402719 0.392518
vt 0.372905 0.504868
vt 0.372847 0.494270
vt 0.367364 0.505076
vt 0.367344 0.494461
vt 0.367318 0.483826
vt 0.372787 0.483650
vt 0.361272 0.599145
vt 0.356078 0.599688
vt 0.367202 0.598672
vt 0.367165 0.609183
vt 0.361199 0.609666
vt 0.355976 0.610227
vt 0.347351 0.674868
vt 0.347312 0.685528
vt 0.342020 0.685875
vt 0.342059 0.675214
vt 0.347273 0.696189
vt 0.341981 0.696537
vt 0.335941 0.696871
vt 0.335979 0.686209
vt 0.336018 0.675548
vt 0.395881 0.473069
vt 0.390021 0.472981
vt 0.389916 0.462246
vt 0.396023 0.483750
vt 0.390162 0.483641
vt 0.385174 0.483550
vt 0.385047 0.472908
vt 0.378395 0.630168
vt 0.373114 0.630141
vt 0.373135 0.619534
vt 0.378405 0.619557
vt 0.367096 0.630358
vt 0.367130 0.619751
vt 0.373147 0.608964
vt 0.378397 0.608979
vt 0.357086 0.462789
vt 0.353348 0.462899
vt 0.353329 0.452002
vt 0.357060 0.451906
vt 0.349527 0.462968
vt 0.349510 0.452064
vt 0.349437 0.440941
vt 0.353254 0.440881
vt 0.349434 0.484435
vt 0.349499 0.473738
vt 0.353331 0.473666
vt 0.353285 0.484363
vt 0.353348 0.462899
vt 0.357086 0.462789
vt 0.357084 0.473544
vt 0.357061 0.484233
vt 0.356965 0.505547
vt 0.353126 0.505690
vt 0.353214 0.495035
vt 0.357020 0.494899
vt 0.353285 0.484363
vt 0.348944 0.526979
vt 0.349086 0.516389
vt 0.353025 0.516323
vt 0.352916 0.526903
vt 0.349220 0.505755
vt 0.353126 0.505690
vt 0.356899 0.516169
vt 0.356825 0.526730
vt 0.391158 0.350143
vt 0.391436 0.334825
vt 0.331582 0.003128
vt 0.338197 0.003228
vt 0.338196 0.022258
vt 0.331581 0.022157
vt 0.343996 0.003294
vt 0.343995 0.022325
vt 0.338195 0.041287
vt 0.372525 0.363961
vt 0.372585 0.378123
vt 0.377652 0.364069
vt 0.377623 0.378201
vt 0.372628 0.391692
vt 0.403267 0.547624
vt 0.403088 0.537043
vt 0.409295 0.537283
vt 0.397123 0.547321
vt 0.396943 0.536786
vt 0.396756 0.526232
vt 0.402905 0.526447
vt 0.409128 0.526650
vt 0.360021 0.314412
vt 0.354646 0.314770
vt 0.360284 0.334209
vt 0.397718 0.589585
vt 0.391739 0.589007
vt 0.391620 0.578462
vt 0.397593 0.578988
vt 0.386520 0.588468
vt 0.386416 0.577977
vt 0.397450 0.568413
vt 0.410199 0.675764
vt 0.410174 0.686428
vt 0.404025 0.685950
vt 0.404049 0.675287
vt 0.410149 0.697093
vt 0.403999 0.696614
vt 0.397857 0.696046
vt 0.397883 0.685383
vt 0.397908 0.674721
vt 0.386047 0.546695
vt 0.382038 0.546539
vt 0.381934 0.536166
vt 0.385912 0.536279
vt 0.378004 0.536183
vt 0.377929 0.525778
vt 0.381825 0.525744
vt 0.382139 0.556898
vt 0.382237 0.567269
vt 0.386177 0.557102
vt 0.382414 0.588123
vt 0.382329 0.577673
vt 0.382237 0.567269
vt 0.378367 0.598448
vt 0.382487 0.598624
vt 0.382537 0.609173
vt 0.382414 0.588123
vt 0.386520 0.588468
vt 0.386608 0.599001
vt 0.386671 0.609571
vt 0.347994 0.589908
vt 0.347838 0.600454
vt 0.342576 0.600736
vt 0.342743 0.590153
vt 0.347706 0.611033
vt 0.342434 0.611342
vt 0.336413 0.611631
vt 0.336563 0.600995
vt 0.336741 0.590372
vt 0.405635 0.191041
vt 0.405101 0.271354
vt 0.406067 0.110069
vt 0.412790 0.110290
vt 0.412326 0.191293
vt 0.411754 0.271633
vt 0.399537 0.002748
vt 0.399536 0.021777
vt 0.392924 0.021646
vt 0.392926 0.002616
vt 0.399534 0.040806
vt 0.392923 0.040675
vt 0.387124 0.040603
vt 0.387125 0.021574
vt 0.387127 0.002544
vt 0.345537 0.271326
vt 0.344835 0.191191
vt 0.349295 0.191045
vt 0.349895 0.271069
vt 0.354225 0.270797
vt 0.377974 0.002608
vt 0.377972 0.021638
vt 0.372174 0.021775
vt 0.372175 0.002745
vt 0.365561 0.021950
vt 0.365562 0.002921
vt 0.406279 0.002928
vt 0.406278 0.021957
vt 0.399536 0.021777
vt 0.413019 0.003133
vt 0.413017 0.022162
vt 0.413016 0.041191
vt 0.406277 0.040986
vt 0.367095 0.417170
vt 0.367141 0.429065
vt 0.361655 0.429209
vt 0.361539 0.417315
vt 0.367177 0.440509
vt 0.361742 0.440660
vt 0.356990 0.440793
vt 0.356689 0.417463
vt 0.341899 0.350990
vt 0.342451 0.365583
vt 0.335853 0.351480
vt 0.406249 0.063892
vt 0.413016 0.041191
vt 0.412986 0.064100
vt 0.397718 0.589585
vt 0.397823 0.600200
vt 0.391838 0.599582
vt 0.391910 0.610180
vt 0.386671 0.609571
vt 0.386608 0.599001
vt 0.386520 0.588468
vt 0.356654 0.547611
vt 0.352679 0.547852
vt 0.352801 0.537406
vt 0.348647 0.547987
vt 0.348798 0.537506
vt 0.352916 0.526903
vt 0.348326 0.568912
vt 0.348489 0.558449
vt 0.352548 0.558272
vt 0.352407 0.568691
vt 0.348647 0.547987
vt 0.352679 0.547852
vt 0.356552 0.557988
vt 0.356440 0.568363
vt 0.356197 0.589199
vt 0.352112 0.589605
vt 0.352260 0.579131
vt 0.356319 0.578761
vt 0.347994 0.589908
vt 0.348159 0.579396
vt 0.352407 0.568691
vt 0.356440 0.568363
vt 0.347838 0.600454
vt 0.351971 0.600122
vt 0.351850 0.610679
vt 0.352112 0.589606
vt 0.356197 0.589199
vt 0.356078 0.599688
vt 0.355976 0.610227
vt 0.344548 0.463017
vt 0.344524 0.452114
vt 0.338769 0.452161
vt 0.338700 0.441058
vt 0.344453 0.440999
vt 0.408660 0.417449
vt 0.402215 0.417331
vt 0.402437 0.405180
vt 0.408901 0.405325
vt 0.395926 0.417222
vt 0.396125 0.405036
vt 0.355674 0.674013
vt 0.355711 0.663356
vt 0.360979 0.662775
vt 0.360944 0.673431
vt 0.355749 0.652704
vt 0.367030 0.651630
vt 0.366998 0.662280
vt 0.392077 0.270719
vt 0.391735 0.314891
vt 0.386260 0.314537
vt 0.391436 0.334825
vt 0.408810 0.505308
vt 0.402542 0.505172
vt 0.402371 0.494516
vt 0.408665 0.494625
vt 0.396375 0.505027
vt 0.396191 0.494397
vt 0.396023 0.483750
vt 0.402218 0.483847
vt 0.408539 0.483934
vt 0.390499 0.504872
vt 0.390324 0.494267
vt 0.390162 0.483641
vt 0.349220 0.505755
vt 0.349086 0.516389
vt 0.344009 0.516387
vt 0.348944 0.526980
vt 0.343835 0.526981
vt 0.337973 0.526943
vt 0.338180 0.516349
vt 0.338375 0.505737
vt 0.386683 0.652073
vt 0.386662 0.662726
vt 0.382502 0.662302
vt 0.382525 0.651650
vt 0.386637 0.673383
vt 0.382475 0.672959
vt 0.378328 0.662091
vt 0.378354 0.651440
vt 0.386611 0.684043
vt 0.382447 0.683618
vt 0.386582 0.694704
vt 0.382418 0.694279
vt 0.382556 0.630375
vt 0.382557 0.619760
vt 0.386701 0.620171
vt 0.382537 0.609173
vt 0.386671 0.609571
vt 0.382525 0.651650
vt 0.382544 0.641007
vt 0.378354 0.651440
vt 0.378377 0.640798
vt 0.367214 0.451596
vt 0.361798 0.451760
vt 0.361829 0.462625
vt 0.357060 0.451906
vt 0.343477 0.548044
vt 0.343657 0.537528
vt 0.337555 0.548061
vt 0.337764 0.537510
vt 0.337973 0.526943
vt 0.343835 0.526981
vt 0.397947 0.653404
vt 0.397930 0.664061
vt 0.391924 0.663371
vt 0.391943 0.652716
vt 0.391901 0.674030
vt 0.361841 0.494690
vt 0.357020 0.494899
vt 0.367344 0.494461
vt 0.367364 0.505076
vt 0.361822 0.505324
vt 0.403859 0.590053
vt 0.403735 0.579421
vt 0.409904 0.579786
vt 0.403593 0.568806
vt 0.373061 0.651412
vt 0.373089 0.640770
vt 0.367063 0.640987
vt 0.373139 0.587991
vt 0.373147 0.598447
vt 0.378320 0.587972
vt 0.378367 0.598448
vt 0.378398 0.608979
vt 0.373147 0.608963
vt 0.377846 0.515287
vt 0.372958 0.515432
vt 0.372905 0.504868
vt 0.377929 0.525778
vt 0.373003 0.525927
vt 0.367382 0.526168
vt 0.367378 0.515658
vt 0.367364 0.505076
vt 0.372640 0.417072
vt 0.372646 0.404667
vt 0.367095 0.417170
vt 0.367029 0.404742
vt 0.366932 0.391746
vt 0.408441 0.473222
vt 0.402093 0.473149
vt 0.408539 0.483934
vt 0.402218 0.483847
vt 0.389916 0.462246
vt 0.389859 0.451378
vt 0.389856 0.440295
vt 0.355711 0.663357
vt 0.351555 0.663830
vt 0.351596 0.653177
vt 0.355674 0.674013
vt 0.351516 0.674487
vt 0.347391 0.664210
vt 0.347433 0.653556
vt 0.355637 0.684672
vt 0.351478 0.685147
vt 0.355601 0.695333
vt 0.351440 0.695808
vt 0.355840 0.631426
vt 0.351694 0.631894
vt 0.351760 0.621274
vt 0.355899 0.620811
vt 0.347608 0.621640
vt 0.347706 0.611033
vt 0.351850 0.610679
vt 0.355976 0.610227
vt 0.355749 0.652705
vt 0.351596 0.653177
vt 0.351641 0.642531
vt 0.355792 0.642059
vt 0.361795 0.515926
vt 0.396375 0.505027
vt 0.402542 0.505172
vt 0.402721 0.515820
vt 0.396565 0.515642
vt 0.408966 0.515988
vt 0.409128 0.526650
vt 0.402905 0.526447
vt 0.396756 0.526232
vt 0.373067 0.546655
vt 0.373038 0.536326
vt 0.367363 0.546910
vt 0.373003 0.525927
vt 0.338452 0.417960
vt 0.344144 0.417814
vt 0.344338 0.429592
vt 0.338620 0.429683
vt 0.349088 0.417684
vt 0.349298 0.429508
vt 0.349437 0.440941
vt 0.410237 0.654435
vt 0.404088 0.653964
vt 0.404099 0.643306
vt 0.410248 0.643772
vt 0.395926 0.417222
vt 0.395793 0.428965
vt 0.389910 0.428907
vt 0.390023 0.417133
vt 0.395727 0.440342
vt 0.389856 0.440295
vt 0.384890 0.440267
vt 0.384938 0.428870
vt 0.385036 0.417067
vt 0.367165 0.609183
vt 0.367130 0.619751
vt 0.361141 0.620239
vt 0.361199 0.609666
vt 0.355899 0.620811
vt 0.377465 0.417026
vt 0.377394 0.428876
vt 0.372618 0.428949
vt 0.372640 0.417072
vt 0.372605 0.440379
vt 0.353150 0.003233
vt 0.358949 0.003097
vt 0.358947 0.022126
vt 0.353149 0.022264
vt 0.365561 0.021950
vt 0.365560 0.040979
vt 0.349895 0.271069
vt 0.350414 0.315096
vt 0.350853 0.334923
vt 0.365991 0.270221
vt 0.365792 0.190393
vt 0.372229 0.190253
vt 0.372281 0.270113
vt 0.372190 0.109686
vt 0.377874 0.190202
vt 0.342743 0.590153
vt 0.342923 0.579596
vt 0.336934 0.579767
vt 0.337137 0.569182
vt 0.343108 0.569064
vt 0.396565 0.515642
vt 0.390678 0.515457
vt 0.390499 0.504872
vt 0.396756 0.526232
vt 0.390855 0.526007
vt 0.385771 0.525825
vt 0.385622 0.515309
vt 0.385469 0.504747
vt 0.391188 0.546984
vt 0.391025 0.536509
vt 0.391876 0.684690
vt 0.391849 0.695352
vt 0.342100 0.664555
vt 0.336058 0.664887
vt 0.391948 0.620797
vt 0.391910 0.610180
vt 0.390023 0.417133
vt 0.390193 0.404897
vt 0.390405 0.392130
vt 0.348647 0.547987
vt 0.348489 0.558449
vt 0.343294 0.558551
vt 0.343477 0.548044
vt 0.337137 0.569182
vt 0.337345 0.558615
vt 0.410220 0.665099
vt 0.404071 0.664625
vt 0.404088 0.653964
vt 0.344144 0.417814
vt 0.343838 0.405590
vt 0.338120 0.405812
vt 0.337655 0.393157
vt 0.343436 0.392848
vt 0.355637 0.684672
vt 0.360909 0.684090
vt 0.360874 0.694751
vt 0.366932 0.683595
vt 0.366899 0.694256
vt 0.386260 0.314537
vt 0.381987 0.314289
vt 0.377736 0.314136
vt 0.333592 0.271932
vt 0.332669 0.191467
vt 0.339157 0.191330
vt 0.342329 0.621965
vt 0.336301 0.622274
vt 0.342434 0.611342
vt 0.348573 0.003300
vt 0.348572 0.022331
vt 0.348571 0.041360
vt 0.373032 0.662063
vt 0.373061 0.651412
vt 0.366998 0.662280
vt 0.382549 0.021570
vt 0.382550 0.002540
vt 0.360530 0.349504
vt 0.360769 0.364222
vt 0.355001 0.334579
vt 0.360284 0.334209
vt 0.731192 0.236203
vt 0.731222 0.219607
vt 0.736816 0.219656
vt 0.736806 0.236199
vt 0.731290 0.183934
vt 0.736796 0.184158
vt 0.742283 0.184545
vt 0.742405 0.219808
vt 0.742419 0.236265
vt 0.719990 0.236399
vt 0.720046 0.219820
vt 0.725628 0.219666
vt 0.725584 0.236273
vt 0.720252 0.184065
vt 0.725769 0.183904
vt 0.708867 0.236739
vt 0.708956 0.220311
vt 0.714487 0.220048
vt 0.714416 0.236563
vt 0.709299 0.184837
vt 0.714758 0.184392
vt 0.697828 0.237057
vt 0.697968 0.220838
vt 0.703454 0.220576
vt 0.703341 0.236903
vt 0.698481 0.185887
vt 0.703879 0.185347
vt 0.775780 0.237120
vt 0.775701 0.221045
vt 0.781186 0.220968
vt 0.781282 0.237107
vt 0.775356 0.186486
vt 0.780812 0.186217
vt 0.786236 0.185836
vt 0.786659 0.220827
vt 0.786777 0.237053
vt 0.764736 0.236931
vt 0.764665 0.220854
vt 0.770194 0.221005
vt 0.770267 0.237058
vt 0.764307 0.186399
vt 0.769848 0.186550
vt 0.753613 0.236569
vt 0.753556 0.220329
vt 0.759117 0.220614
vt 0.759184 0.236758
vt 0.753246 0.185576
vt 0.758766 0.186053
vt 0.747985 0.220045
vt 0.748022 0.236396
vt 0.747758 0.185045
vt 0.563198 0.307833
vt 0.562908 0.322067
vt 0.557387 0.322853
vt 0.557399 0.308919
vt 0.562509 0.336229
vt 0.557298 0.336559
vt 0.552077 0.337046
vt 0.551845 0.323640
vt 0.551565 0.309885
vt 0.546310 0.324341
vt 0.545753 0.310609
vt 0.546840 0.337660
vt 0.541602 0.338338
vt 0.540772 0.324896
vt 0.539934 0.311034
vt 0.535208 0.325258
vt 0.534062 0.311130
vt 0.536381 0.339014
vt 0.531184 0.339632
vt 0.529609 0.325420
vt 0.528117 0.310926
vt 0.523973 0.325397
vt 0.522095 0.310476
vt 0.526012 0.340160
vt 0.520854 0.340635
vt 0.518317 0.325273
vt 0.516029 0.309896
vt 0.605940 0.308375
vt 0.605424 0.323822
vt 0.600079 0.322723
vt 0.600478 0.307059
vt 0.604957 0.339382
vt 0.599721 0.338661
vt 0.594443 0.337963
vt 0.594775 0.321762
vt 0.595129 0.305958
vt 0.589535 0.321061
vt 0.589965 0.305256
vt 0.589096 0.337318
vt 0.583711 0.336768
vt 0.584318 0.320670
vt 0.584873 0.305012
vt 0.579069 0.320611
vt 0.579713 0.305238
vt 0.578331 0.336356
vt 0.572995 0.336117
vt 0.573759 0.320860
vt 0.574400 0.305856
vt 0.568370 0.321372
vt 0.568884 0.306765
vt 0.567730 0.336077
vt 0.563198 0.307833
vt 0.557270 0.293071
vt 0.563281 0.291962
vt 0.551565 0.309885
vt 0.551210 0.294006
vt 0.550817 0.268525
vt 0.556983 0.267806
vt 0.563101 0.266913
vt 0.538514 0.269118
vt 0.544668 0.268976
vt 0.545169 0.294642
vt 0.539120 0.294927
vt 0.551210 0.294006
vt 0.545753 0.310609
vt 0.539934 0.311034
vt 0.526041 0.268503
vt 0.532312 0.268942
vt 0.533016 0.294841
vt 0.526833 0.294435
vt 0.534062 0.311130
vt 0.513304 0.267153
vt 0.519694 0.267876
vt 0.520567 0.293783
vt 0.514254 0.293003
vt 0.522095 0.310476
vt 0.595769 0.264289
vt 0.601270 0.265059
vt 0.600921 0.290371
vt 0.595501 0.289344
vt 0.606966 0.266016
vt 0.606510 0.291622
vt 0.600478 0.307059
vt 0.595130 0.305958
vt 0.585502 0.263871
vt 0.590580 0.263871
vt 0.590354 0.288737
vt 0.585312 0.288621
vt 0.574836 0.265042
vt 0.580292 0.264300
vt 0.580163 0.289006
vt 0.574795 0.289785
vt 0.579713 0.305238
vt 0.574400 0.305856
vt 0.574836 0.265042
vt 0.574795 0.289785
vt 0.569151 0.290819
vt 0.569084 0.265953
vt 0.563101 0.266913
vt 0.572453 0.042493
vt 0.566528 0.041881
vt 0.566461 0.024632
vt 0.572381 0.025255
vt 0.560640 0.041020
vt 0.560579 0.023740
vt 0.560519 0.006463
vt 0.566394 0.007387
vt 0.572311 0.008020
vt 0.584099 0.042606
vt 0.578327 0.042754
vt 0.578253 0.025502
vt 0.584022 0.025320
vt 0.578181 0.008254
vt 0.583947 0.008037
vt 0.595401 0.041158
vt 0.589754 0.042036
vt 0.589672 0.024700
vt 0.595311 0.023763
vt 0.589592 0.007365
vt 0.595224 0.006369
vt 0.606949 0.038973
vt 0.601143 0.040107
vt 0.601044 0.022653
vt 0.606842 0.021461
vt 0.600949 0.005199
vt 0.606737 0.003948
vt 0.526969 0.037900
vt 0.521219 0.038500
vt 0.521194 0.020962
vt 0.526942 0.020352
vt 0.515408 0.039288
vt 0.515387 0.021772
vt 0.515364 0.004255
vt 0.521168 0.003424
vt 0.526913 0.002807
vt 0.538173 0.037775
vt 0.532616 0.037645
vt 0.532587 0.020112
vt 0.538142 0.020277
vt 0.532557 0.002580
vt 0.538110 0.002780
vt 0.549134 0.004298
vt 0.549178 0.021682
vt 0.543646 0.020832
vt 0.543609 0.003388
vt 0.549221 0.039070
vt 0.543682 0.038279
vt 0.538173 0.037775
vt 0.742372 0.264047
vt 0.747951 0.264105
vt 0.747898 0.278806
vt 0.742343 0.278746
vt 0.753525 0.264186
vt 0.753452 0.278881
vt 0.753374 0.293919
vt 0.747842 0.293837
vt 0.742314 0.293763
vt 0.742418 0.236265
vt 0.748022 0.236396
vt 0.747998 0.249987
vt 0.742400 0.249908
vt 0.753613 0.236569
vt 0.753585 0.250100
vt 0.764450 0.294071
vt 0.758911 0.294001
vt 0.759003 0.278961
vt 0.764551 0.279036
vt 0.753374 0.293919
vt 0.753452 0.278881
vt 0.753525 0.264186
vt 0.759088 0.264278
vt 0.764641 0.264369
vt 0.759156 0.250228
vt 0.764710 0.250351
vt 0.753585 0.250100
vt 0.759184 0.236758
vt 0.764736 0.236931
vt 0.775532 0.294151
vt 0.769990 0.294121
vt 0.770094 0.279096
vt 0.775634 0.279136
vt 0.770184 0.264444
vt 0.775720 0.264493
vt 0.770247 0.250450
vt 0.775772 0.250509
vt 0.770267 0.237058
vt 0.775780 0.237120
vt 0.786619 0.294160
vt 0.781075 0.294161
vt 0.781173 0.279153
vt 0.786711 0.279158
vt 0.781250 0.264513
vt 0.786779 0.264516
vt 0.781289 0.250521
vt 0.786803 0.250506
vt 0.709170 0.293883
vt 0.703643 0.293982
vt 0.703524 0.279026
vt 0.709056 0.278937
vt 0.698116 0.294086
vt 0.697996 0.279117
vt 0.697893 0.264501
vt 0.703421 0.264413
vt 0.708956 0.264322
vt 0.703351 0.250399
vt 0.708884 0.250285
vt 0.697827 0.250505
vt 0.703341 0.236903
vt 0.708867 0.236739
vt 0.720225 0.293725
vt 0.714698 0.293794
vt 0.714594 0.278851
vt 0.720139 0.278777
vt 0.714502 0.264228
vt 0.720061 0.264141
vt 0.714435 0.250162
vt 0.720005 0.250045
vt 0.714416 0.236563
vt 0.719990 0.236399
vt 0.731269 0.293680
vt 0.725748 0.293686
vt 0.725686 0.278726
vt 0.731237 0.278702
vt 0.725631 0.264072
vt 0.731209 0.264030
vt 0.725593 0.249950
vt 0.731192 0.249890
vt 0.725584 0.236273
vt 0.742372 0.264047
vt 0.742343 0.278746
vt 0.736789 0.278710
vt 0.736790 0.264021
vt 0.742314 0.293763
vt 0.736790 0.293708
vt 0.731209 0.264030
vt 0.742400 0.249908
vt 0.736796 0.249875
vt 0.736806 0.236199
vt 0.731192 0.249890
vt 0.560726 0.059705
vt 0.554940 0.058783
vt 0.554868 0.040033
vt 0.560956 0.086787
vt 0.555132 0.086037
vt 0.549418 0.085308
vt 0.549278 0.057893
vt 0.595766 0.176014
vt 0.595831 0.224571
vt 0.590546 0.224416
vt 0.590358 0.176162
vt 0.585356 0.224533
vt 0.585013 0.176397
vt 0.560579 0.023740
vt 0.554815 0.022704
vt 0.554762 0.005379
vt 0.573873 0.176964
vt 0.574470 0.225465
vt 0.568652 0.226077
vt 0.568013 0.177184
vt 0.562646 0.226673
vt 0.562036 0.177325
vt 0.538173 0.037775
vt 0.543724 0.057171
vt 0.538201 0.056722
vt 0.549221 0.039070
vt 0.549418 0.085308
vt 0.543804 0.084713
vt 0.538222 0.084339
vt 0.538230 0.177138
vt 0.538264 0.227769
vt 0.532138 0.227585
vt 0.532280 0.176990
vt 0.538514 0.269118
vt 0.532312 0.268942
vt 0.525944 0.227260
vt 0.526256 0.176859
vt 0.607181 0.175985
vt 0.601401 0.175970
vt 0.601373 0.126870
vt 0.607175 0.126386
vt 0.595766 0.176014
vt 0.595679 0.127344
vt 0.595589 0.086832
vt 0.601325 0.086024
vt 0.607139 0.085158
vt 0.526969 0.037900
vt 0.532616 0.037645
vt 0.532634 0.056624
vt 0.526977 0.056882
vt 0.532595 0.084253
vt 0.526883 0.084461
vt 0.521219 0.038500
vt 0.521216 0.057460
vt 0.515394 0.058209
vt 0.521067 0.084933
vt 0.515192 0.085548
vt 0.580028 0.224914
vt 0.579538 0.176683
vt 0.580292 0.264300
vt 0.601143 0.040107
vt 0.601243 0.058938
vt 0.595495 0.059916
vt 0.606949 0.038973
vt 0.607057 0.057881
vt 0.601325 0.086024
vt 0.595589 0.086832
vt 0.526256 0.176859
vt 0.520146 0.176767
vt 0.520679 0.126594
vt 0.526620 0.126363
vt 0.513987 0.176700
vt 0.514682 0.126916
vt 0.521067 0.084933
vt 0.584099 0.042606
vt 0.589754 0.042036
vt 0.589846 0.060726
vt 0.584191 0.061243
vt 0.589972 0.087513
vt 0.584360 0.087961
vt 0.550056 0.177358
vt 0.550432 0.227567
vt 0.544347 0.227765
vt 0.544136 0.177269
vt 0.550817 0.268525
vt 0.544669 0.268976
vt 0.578423 0.061363
vt 0.572550 0.061102
vt 0.578632 0.088088
vt 0.572788 0.087900
vt 0.556548 0.227188
vt 0.556032 0.177381
vt 0.556983 0.267806
vt 0.560956 0.086787
vt 0.560726 0.059705
vt 0.566622 0.060516
vt 0.566868 0.087439
vt 0.566528 0.041881
vt 0.572550 0.061102
vt 0.572788 0.087900
vt 0.741801 0.057335
vt 0.741813 0.022542
vt 0.746880 0.024276
vt 0.746891 0.058786
vt 0.741973 0.006888
vt 0.747116 0.008774
vt 0.752278 0.010507
vt 0.752010 0.025899
vt 0.752061 0.060173
vt 0.742018 0.120863
vt 0.747286 0.121834
vt 0.752607 0.122796
vt 0.757300 0.027147
vt 0.757410 0.061269
vt 0.757530 0.011810
vt 0.762856 0.012483
vt 0.762718 0.027829
vt 0.762900 0.061903
vt 0.762900 0.061903
vt 0.768452 0.061953
vt 0.769133 0.124203
vt 0.763572 0.124091
vt 0.773946 0.061424
vt 0.774648 0.123918
vt 0.769847 0.186550
vt 0.764308 0.186399
vt 0.768192 0.027808
vt 0.768452 0.061953
vt 0.768210 0.012390
vt 0.773527 0.011580
vt 0.773614 0.027112
vt 0.773946 0.061424
vt 0.709942 0.120588
vt 0.715259 0.119839
vt 0.710423 0.056384
vt 0.715628 0.055335
vt 0.720899 0.054736
vt 0.720623 0.119369
vt 0.778898 0.025848
vt 0.779290 0.060396
vt 0.778753 0.010183
vt 0.783924 0.008475
vt 0.784097 0.024281
vt 0.784541 0.059099
vt 0.700232 0.059351
vt 0.700185 0.024606
vt 0.705215 0.022722
vt 0.705303 0.057778
vt 0.699612 0.008849
vt 0.704676 0.006797
vt 0.709830 0.004999
vt 0.710315 0.021066
vt 0.774648 0.123918
vt 0.780054 0.123277
vt 0.785392 0.122442
vt 0.715531 0.019844
vt 0.715140 0.003688
vt 0.720564 0.003006
vt 0.720839 0.019182
vt 0.726015 0.119240
vt 0.726203 0.054661
vt 0.731479 0.055112
vt 0.731395 0.119467
vt 0.758044 0.123590
vt 0.763572 0.124091
vt 0.726183 0.019163
vt 0.726032 0.003045
vt 0.731457 0.003783
vt 0.731491 0.019779
vt 0.699457 0.122588
vt 0.704683 0.121537
vt 0.731479 0.055112
vt 0.736676 0.056051
vt 0.736729 0.120036
vt 0.731395 0.119467
vt 0.742018 0.120863
vt 0.742283 0.184545
vt 0.736795 0.184158
vt 0.731290 0.183934
vt 0.741973 0.006888
vt 0.736698 0.020967
vt 0.736767 0.005137
vt 0.741801 0.057335
vt 0.736676 0.056051
vt 0.731479 0.055112
vt 0.731491 0.019779
vt 0.640013 0.695028
vt 0.633847 0.695655
vt 0.633899 0.684955
vt 0.640063 0.684328
vt 0.874957 0.055227
vt 0.880591 0.054655
vt 0.880748 0.061532
vt 0.875121 0.062053
vt 0.886299 0.054433
vt 0.886471 0.061354
vt 0.886596 0.068212
vt 0.880864 0.068356
vt 0.875241 0.068809
vt 0.880903 0.079099
vt 0.875239 0.079507
vt 0.886670 0.078969
vt 0.881035 0.107198
vt 0.892063 0.054593
vt 0.892278 0.061548
vt 0.897817 0.055088
vt 0.898047 0.062057
vt 0.898202 0.068875
vt 0.892427 0.068405
vt 0.892520 0.079139
vt 0.898320 0.079560
vt 0.903506 0.055836
vt 0.903672 0.062794
vt 0.909203 0.063649
vt 0.909240 0.070306
vt 0.903783 0.069541
vt 0.903955 0.080159
vt 0.909486 0.080849
vt 0.909757 0.108626
vt 0.904125 0.108056
vt 0.827175 0.109765
vt 0.827392 0.082276
vt 0.832667 0.082920
vt 0.822052 0.081501
vt 0.822148 0.071039
vt 0.827423 0.071893
vt 0.832648 0.072606
vt 0.827473 0.065383
vt 0.832725 0.066186
vt 0.822154 0.064423
vt 0.822121 0.057538
vt 0.827513 0.058564
vt 0.832816 0.059424
vt 0.869401 0.056084
vt 0.869576 0.062852
vt 0.864099 0.063822
vt 0.869700 0.069517
vt 0.864221 0.070385
vt 0.869672 0.080143
vt 0.864180 0.080922
vt 0.858686 0.064836
vt 0.853357 0.065758
vt 0.858790 0.071305
vt 0.853423 0.072153
vt 0.858749 0.081748
vt 0.853398 0.082508
vt 0.858762 0.109356
vt 0.853404 0.109968
vt 0.843042 0.060099
vt 0.848114 0.059782
vt 0.848127 0.066449
vt 0.842978 0.066787
vt 0.848136 0.072799
vt 0.842932 0.073126
vt 0.848145 0.083089
vt 0.842971 0.083384
vt 0.848157 0.110434
vt 0.842976 0.110670
vt 0.837973 0.059965
vt 0.837871 0.066684
vt 0.832725 0.066186
vt 0.837795 0.073046
vt 0.832648 0.072606
vt 0.837838 0.083315
vt 0.832667 0.082920
vt 0.837798 0.110615
vt 0.832548 0.110295
vt 0.822065 0.048827
vt 0.827474 0.049793
vt 0.827513 0.058564
vt 0.453007 0.240020
vt 0.452528 0.179067
vt 0.458248 0.178885
vt 0.458816 0.239656
vt 0.561424 0.127859
vt 0.555523 0.127459
vt 0.549696 0.127038
vt 0.543951 0.126667
vt 0.543804 0.084713
vt 0.538229 0.126404
vt 0.538222 0.084339
vt 0.526041 0.268503
vt 0.519673 0.226850
vt 0.525944 0.227260
vt 0.513304 0.267153
vt 0.513357 0.226397
vt 0.584360 0.087961
vt 0.584650 0.128141
vt 0.579029 0.128330
vt 0.578632 0.088088
vt 0.573260 0.128339
vt 0.606966 0.266016
vt 0.601270 0.265059
vt 0.601403 0.224963
vt 0.607156 0.225484
vt 0.595831 0.224571
vt 0.532465 0.126297
vt 0.532595 0.084253
vt 0.567365 0.128170
vt 0.566868 0.087439
vt 0.595589 0.086832
vt 0.590149 0.127790
vt 0.589972 0.087513
s 1
usemtl tool_base
f 54/1/1 2786/2/2 2794/3/3 53/4/4
f 71/5/5 2784/6/6 2801/7/7 70/8/8
f 58/9/9 2791/10/10 2790/11/11 57/12/12
f 2534/13/13 2563/14/14 2625/15/15 2624/16/16
f 50/17/17 2780/18/18 2797/19/19 72/20/20
f 72/20/20 2797/19/19 2785/21/21 73/22/22
f 68/23/23 2793/24/24 2789/25/25 67/26/26
f 3/27/9 2752/28/27 2753/29/28 4/30/12
f 65/31/29 2799/32/30 2796/33/31 64/34/32
f 69/35/33 2803/36/34 2793/24/24 68/23/23
f 67/26/26 2789/25/25 2788/37/35 66/38/36
f 62/39/37 2782/40/38 2800/41/39 61/42/40
f 66/38/36 2788/37/35 2799/32/30 65/31/29
f 61/42/40 2800/41/39 2802/43/41 60/44/15
f 55/45/42 2787/46/43 2786/2/2 54/1/1
f 59/47/44 2792/48/45 2791/10/10 58/9/9
f 63/49/46 2783/50/47 2782/40/38 62/39/37
f 52/51/48 2795/52/49 2781/53/50 51/54/51
f 56/55/52 2798/56/53 2787/46/43 55/45/42
f 60/44/15 2802/43/41 2792/48/45 59/47/44
f 285/57/54 150/58/55 148/59/56 289/60/57
f 2602/61/58 1261/62/58 1260/63/59 2601/64/59
f 516/65/60 708/66/61 709/67/62 519/68/63
f 277/69/64 160/70/65 157/71/66 280/72/67
f 2717/73/68 2718/74/69 2742/75/70 2741/76/70
f 2821/77/70 2820/78/70 105/79/71 107/80/72
f 48/81/70 25/82/70 2785/21/21 2797/19/19
f 2766/83/73 2837/84/74 2817/85/70 2818/86/70
f 34/87/70 35/88/70 2782/40/38 2783/50/47
f 40/89/70 2790/11/11 2791/10/10 39/90/70
f 42/91/70 43/92/70 2786/2/2 2787/46/43
f 122/93/70 288/94/75 220/95/76 146/96/70
f 122/93/70 124/97/70 286/98/77 288/94/75
f 2804/99/78 2805/100/79 121/101/80 74/102/81
f 137/103/70 246/104/82 249/105/83 136/106/70
f 2834/107/84 2833/108/85 2811/109/86 2812/110/87
f 2860/111/88 208/112/89 210/113/90 2846/114/88
f 125/115/70 283/116/91 286/98/77 124/97/70
f 145/117/70 146/96/70 220/95/76 223/118/92
f 2815/119/70 2814/120/70 92/121/93 95/122/94
f 2712/123/21 2736/124/70 2748/125/70 2724/126/6
f 2818/86/70 2817/85/70 98/127/95 100/128/96
f 2839/129/97 2820/78/70 2821/77/70 2840/130/98
f 2810/131/99 2809/132/100 82/133/101 84/134/102
f 1418/135/70 1421/136/70 1323/137/70 1324/138/70
f 1438/139/103 1437/140/104 1392/141/105 1393/142/106
f 11/143/107 10/144/108 2759/145/109 2762/146/110
f 75/147/111 73/148/22 71/149/5 76/150/112
f 9/151/113 2758/152/114 2759/145/109 10/144/108
f 13/153/115 12/154/116 2763/155/117 2764/156/118
f 20/157/119 19/158/120 2772/159/121 2774/160/122
f 17/161/123 16/162/124 2768/163/125 2769/164/126
f 2216/165/127 2217/166/128 2386/167/128 2385/168/129
f 18/169/130 2770/170/131 2772/159/121 19/158/120
f 528/171/132 712/172/133 707/173/134 475/174/135
f 17/161/123 2769/164/126 2770/170/131 18/169/130
f 23/175/136 22/176/137 2776/177/138 2778/178/139
f 21/179/140 20/157/119 2774/160/122 2775/180/141
f 13/153/115 2764/156/118 2765/181/142 14/182/143
f 6/183/42 2755/184/144 2756/185/145 7/186/146
f 1924/187/147 881/188/148 1284/189/149 2394/190/1
f 2720/191/150 2744/192/70 2743/193/70 2719/194/151
f 22/176/137 21/179/140 2775/180/141 2776/177/138
f 16/162/124 15/195/152 2767/196/153 2768/163/125
f 8/197/154 2757/198/155 2758/152/114 9/151/113
f 73/22/22 2785/21/21 2784/6/6 71/5/5
f 24/199/156 23/175/136 2778/178/139 2779/200/157
f 12/154/116 11/143/107 2762/146/110 2763/155/117
f 479/201/158 706/202/159 715/203/160 513/204/161
f 27/205/70 26/206/70 49/207/70
f 45/208/70 44/209/70 49/207/70
f 26/206/70 25/82/70 49/207/70
f 38/210/70 37/211/70 49/207/70
f 34/87/70 33/212/70 49/207/70
f 43/92/70 42/91/70 49/207/70
f 29/213/70 28/214/70 49/207/70
f 48/81/70 47/215/70 49/207/70
f 31/216/70 30/217/70 49/207/70
f 46/218/70 45/208/70 49/207/70
f 25/82/70 48/81/70 49/207/70
f 40/89/70 39/90/70 49/207/70
f 28/214/70 27/205/70 49/207/70
f 41/219/70 40/89/70 49/207/70
f 39/90/70 38/210/70 49/207/70
f 37/211/70 36/220/70 49/207/70
f 32/221/70 31/216/70 49/207/70
f 30/217/70 29/213/70 49/207/70
f 42/91/70 41/219/70 49/207/70
f 47/215/70 46/218/70 49/207/70
f 36/220/70 35/88/70 49/207/70
f 44/209/70 43/92/70 49/207/70
f 33/212/70 32/221/70 49/207/70
f 35/88/70 34/87/70 49/207/70
f 8/197/154 7/186/146 2756/185/145 2757/198/155
f 100/128/96 101/222/162 103/223/163 102/224/164
f 80/225/165 79/226/166 78/227/167 81/228/168
f 80/225/165 81/228/168 83/229/169 82/133/101
f 89/230/170 87/231/171 86/232/172 88/233/173
f 119/234/174 116/235/175 117/236/176 118/237/177
f 95/122/94 94/238/178 96/239/179 97/240/180
f 2766/83/73 2765/241/142 2764/242/118 2837/84/74
f 115/243/181 113/244/182 112/245/183 114/246/184
f 84/134/102 85/247/185 86/232/172 87/231/171
f 92/121/93 90/248/186 91/249/187 93/250/188
f 98/127/95 99/251/189 101/222/162 100/128/96
f 90/248/186 89/230/170 88/233/173 91/249/187
f 92/121/93 93/250/188 94/238/178 95/122/94
f 111/252/190 108/253/191 109/254/192 110/255/193
f 107/80/72 106/256/194 109/254/192 108/253/191
f 79/226/166 77/257/195 76/258/112 78/227/167
f 119/234/174 118/237/177 120/259/196 121/101/80
f 98/127/95 97/240/180 96/239/179 99/251/189
f 113/244/182 111/252/190 110/255/193 112/245/183
f 105/79/71 102/224/164 103/223/163 104/260/197
f 105/79/71 104/260/197 106/256/194 107/80/72
f 74/102/81 121/101/80 120/259/196 75/261/111
f 74/102/81 75/261/111 76/258/112 77/257/195
f 84/134/102 82/133/101 83/229/169 85/247/185
f 243/262/198 192/263/199 190/264/200 247/265/201
f 1123/266/202 932/267/202 933/268/203 1124/269/203
f 768/270/204 769/271/205 623/272/205 622/273/204
f 222/274/206 213/275/207 211/276/208 226/277/209
f 1751/278/210 1752/279/211 1504/280/212 1508/281/213
f 1758/282/214 1757/283/215 1557/284/216 1560/285/217
f 135/286/70 136/106/70 249/105/83 252/287/218
f 231/288/219 204/289/220 201/290/221 234/291/222
f 258/292/223 177/293/224 175/294/225 262/295/226
f 247/265/201 190/264/200 187/296/227 250/297/228
f 289/60/57 148/59/56 216/298/229 219/299/230
f 226/277/209 211/276/208 207/300/231 228/301/232
f 280/72/67 157/71/66 153/302/233 282/303/234
f 255/304/235 180/305/236 177/293/224 258/292/223
f 262/295/226 175/294/225 172/306/237 265/307/238
f 228/301/232 207/300/231 204/289/220 231/288/219
f 253/308/239 184/309/240 180/305/236 255/304/235
f 219/299/230 216/298/229 213/275/207 222/274/206
f 234/291/222 201/290/221 199/310/241 238/311/242
f 250/297/228 187/296/227 184/309/240 253/308/239
f 265/307/238 172/306/237 168/312/243 267/313/244
f 2624/16/16 1813/314/16 1812/315/245 2623/316/245
f 270/317/246 165/318/247 163/319/248 274/320/249
f 5/321/52 2754/322/250 2755/184/144 6/183/42
f 238/311/242 199/310/241 195/323/251 240/324/252
f 1855/325/253 2717/73/68 2716/326/254 1854/327/255
f 475/174/135 707/173/134 706/202/159 479/201/158
f 2846/114/88 2845/328/88 123/329/88
f 2847/330/88 2865/331/88 123/329/88
f 2851/332/88 2859/333/88 123/329/88
f 2864/334/88 2861/335/88 123/329/88
f 2848/336/88 2847/330/88 123/329/88
f 2849/337/88 2866/338/88 123/329/88
f 2859/333/88 2860/111/88 123/329/88
f 2850/339/88 2849/337/88 123/329/88
f 2867/340/88 2857/341/88 123/329/88
f 2861/335/88 2848/336/88 123/329/88
f 2852/342/88 2851/332/88 123/329/88
f 2868/343/88 2858/344/88 123/329/88
f 2845/328/88 217/345/88 123/329/88
f 2854/346/88 2853/347/88 123/329/88
f 2860/111/88 2846/114/88 123/329/88
f 51/54/51 2781/53/50 2780/18/18 50/17/17
f 2856/348/88 2855/349/88 123/329/88
f 2866/338/88 2868/343/88 123/329/88
f 2855/349/88 2863/350/88 123/329/88
f 2857/341/88 2856/348/88 123/329/88
f 2865/331/88 2867/340/88 123/329/88
f 2853/347/88 2864/334/88 123/329/88
f 2858/344/88 2854/346/88 123/329/88
f 2863/350/88 2852/342/88 123/329/88
f 142/351/70 143/352/70 229/353/256 232/354/257
f 2864/334/88 169/355/258 171/356/259 2861/335/88
f 2723/357/7 2747/358/70 2746/359/70 2722/360/34
f 2809/132/100 2808/361/260 80/225/165 82/133/101
f 2808/361/260 2807/362/261 79/226/166 80/225/165
f 2827/363/70 2826/364/70 116/235/175 119/234/174
f 2850/339/88 147/365/262 151/366/263 2849/337/88
f 2867/340/88 183/367/264 186/368/265 2857/341/88
f 35/88/70 36/220/70 2800/41/39 2782/40/38
f 127/369/70 128/370/70 273/371/266 276/372/267
f 2824/373/70 2823/374/70 111/252/190 113/244/182
f 2839/129/97 2838/375/268 2819/376/70 2820/78/70
f 141/377/70 142/351/70 232/354/257 235/378/269
f 2777/379/270 2827/363/70 2805/100/79 2844/380/271
f 144/381/70 145/117/70 223/118/92 225/382/272
f 2859/333/88 2851/332/88 202/383/273 205/384/274
f 2829/385/275 2806/386/276 2807/362/261 2751/387/277
f 2832/388/278 2831/389/279 2809/132/100 2810/131/99
f 129/390/70 130/391/70 268/392/280 271/393/281
f 2771/394/282 2841/395/283 2822/396/70 2823/374/70
f 2761/397/284 2760/398/285 2814/120/70 2815/119/70
f 2823/374/70 2822/396/70 108/253/191 111/252/190
f 278/399/286 276/372/267 273/371/266 275/400/287
f 226/277/209 227/401/288 224/402/289 222/274/206
f 196/403/290 193/404/291 194/405/292 197/406/293
f 164/407/294 163/319/248 165/318/247 167/408/295
f 254/409/296 252/287/218 249/105/83 251/410/297
f 289/60/57 290/411/298 287/412/299 285/57/54
f 166/413/300 167/408/295 170/414/301 169/355/258
f 170/414/301 167/408/295 165/318/247 168/312/243
f 272/415/302 275/400/287 273/371/266 271/393/281
f 258/292/223 262/295/226 263/416/303 260/417/304
f 154/418/305 155/419/306 158/420/307 156/421/308
f 255/304/235 257/422/309 254/409/296 253/308/239
f 248/423/310 251/410/297 249/105/83 246/104/82
f 250/297/228 251/410/297 248/423/310 247/265/201
f 208/112/89 209/424/311 212/425/312 210/113/90
f 240/324/252 242/426/313 239/427/314 238/311/242
f 236/428/315 235/378/269 232/354/257 233/429/316
f 234/291/222 236/428/315 233/429/316 231/288/219
f 230/430/317 233/429/316 232/354/257 229/353/256
f 228/301/232 231/288/219 233/429/316 230/430/317
f 239/427/314 242/426/313 241/431/318 237/432/319
f 265/307/238 266/433/320 263/416/303 262/295/226
f 214/434/321 210/113/90 212/425/312 215/435/322
f 182/436/323 180/305/236 184/309/240 185/437/324
f 245/438/325 248/423/310 246/104/82 244/439/326
f 2486/440/327 2469/441/328 2648/442/36 2647/443/36
f 260/417/304 263/416/303 261/444/329 259/445/330
f 209/424/311 207/300/231 211/276/208 212/425/312
f 272/415/302 271/393/281 268/392/280 269/446/331
f 238/311/242 239/427/314 236/428/315 234/291/222
f 290/411/298 221/447/332 220/95/76 288/94/75
f 152/448/333 149/449/334 148/59/56 150/58/55
f 186/368/265 188/450/335 191/451/336 189/452/337
f 285/57/54 287/412/299 284/453/338 282/303/234
f 151/366/263 152/448/333 155/419/306 154/418/305
f 194/405/292 191/451/336 190/264/200 192/263/199
f 281/454/339 279/455/340 276/372/267 278/399/286
f 197/406/293 194/405/292 192/263/199 195/323/251
f 263/416/303 266/433/320 264/456/341 261/444/329
f 243/262/198 245/438/325 242/426/313 240/324/252
f 281/454/339 284/453/338 283/116/91 279/455/340
f 185/437/324 184/309/240 187/296/227 188/450/335
f 254/409/296 257/422/309 256/457/342 252/287/218
f 2578/458/343 2557/459/344 2694/460/36 2693/461/36
f 205/384/274 202/383/273 203/462/345 206/463/346
f 277/69/64 278/399/286 275/400/287 274/320/249
f 205/384/274 206/463/346 209/424/311 208/112/89
f 164/407/294 161/464/347 160/70/65 163/319/248
f 158/420/307 157/71/66 160/70/65 161/464/347
f 169/355/258 170/414/301 173/465/348 171/356/259
f 197/406/293 195/323/251 199/310/241 200/466/349
f 196/403/290 197/406/293 200/466/349 198/467/350
f 243/262/198 247/265/201 248/423/310 245/438/325
f 287/412/299 290/411/298 288/94/75 286/98/77
f 250/297/228 253/308/239 254/409/296 251/410/297
f 806/468/351 1067/469/352 1111/470/353 830/471/354
f 176/472/355 175/294/225 177/293/224 179/473/356
f 171/356/259 173/465/348 176/472/355 174/474/357
f 228/301/232 230/430/317 227/401/288 226/277/209
f 159/475/358 161/464/347 164/407/294 162/476/359
f 2647/443/36 2648/442/36 2404/477/36 2413/478/36
f 186/368/265 183/367/264 185/437/324 188/450/335
f 215/435/322 213/275/207 216/298/229 218/479/360
f 224/402/289 227/401/288 225/382/272 223/118/92
f 206/463/346 203/462/345 201/290/221 204/289/220
f 181/480/361 178/481/362 179/473/356 182/436/323
f 209/424/311 206/463/346 204/289/220 207/300/231
f 162/476/359 164/407/294 167/408/295 166/413/300
f 277/69/64 280/72/67 281/454/339 278/399/286
f 178/481/362 174/474/357 176/472/355 179/473/356
f 149/449/334 218/479/360 216/298/229 148/59/56
f 2862/482/363 218/479/360 149/449/334 147/365/262
f 155/419/306 152/448/333 150/58/55 153/302/233
f 181/480/361 182/436/323 185/437/324 183/367/264
f 2693/461/36 2694/460/36 2448/483/36 2459/484/36
f 230/430/317 229/353/256 225/382/272 227/401/288
f 170/414/301 168/312/243 172/306/237 173/465/348
f 260/417/304 259/445/330 256/457/342 257/422/309
f 1756/485/364 1757/283/215 1558/486/365 1555/487/366
f 236/428/315 239/427/314 237/432/319 235/378/269
f 267/313/244 269/446/331 266/433/320 265/307/238
f 159/475/358 156/421/308 158/420/307 161/464/347
f 255/304/235 258/292/223 260/417/304 257/422/309
f 284/453/338 287/412/299 286/98/77 283/116/91
f 282/303/234 284/453/338 281/454/339 280/72/67
f 189/452/337 191/451/336 194/405/292 193/404/291
f 179/473/356 177/293/224 180/305/236 182/436/323
f 266/433/320 269/446/331 268/392/280 264/456/341
f 270/317/246 272/415/302 269/446/331 267/313/244
f 198/467/350 200/466/349 203/462/345 202/383/273
f 191/451/336 188/450/335 187/296/227 190/264/200
f 147/365/262 149/449/334 152/448/333 151/366/263
f 212/425/312 211/276/208 213/275/207 215/435/322
f 214/434/321 215/435/322 218/479/360 2862/482/363
f 270/317/246 274/320/249 275/400/287 272/415/302
f 245/438/325 244/439/326 241/431/318 242/426/313
f 217/345/88 2850/339/88 123/329/88
f 1173/488/44 904/489/367 902/490/368 1172/491/15
f 1174/492/9 901/493/369 904/489/367 1173/488/44
f 1983/494/370 1982/495/371 2272/496/372 2271/497/17
f 2278/498/373 1990/499/374 1988/500/375 2279/501/376
f 1553/502/377 1550/503/378 1552/504/379 1555/505/366
f 1989/506/380 1938/507/381 2275/508/1 2274/509/382
f 2276/510/36 1178/511/383 909/512/384 1946/513/385
f 1178/511/383 1179/514/32 908/515/386 909/512/384
f 1176/516/52 899/517/387 900/518/388 1175/519/389
f 1180/520/390 1181/521/37 905/522/391 906/523/392
f 1181/521/37 1182/524/40 903/525/393 905/522/391
f 1714/526/20 1436/527/394 1434/528/395 1713/529/22
f 1311/530/396 308/531/397 2700/532/88
f 1676/533/398 1314/534/399 1315/535/400 1675/536/401
f 1150/537/402 1155/538/403 792/539/404 791/540/405
f 800/541/406 801/542/407 1143/543/408 1144/544/409
f 1682/545/410 1306/546/411 1307/547/412 1681/548/413
f 794/549/414 795/550/415 1147/551/416 1148/552/417
f 1139/553/418 803/554/419 804/555/420 1149/556/421
f 799/557/422 1856/558/423 2230/559/424 1141/560/425
f 2254/561/426 1152/562/427 789/563/428 1844/564/429
f 1145/565/430 797/566/431 798/567/432 1142/568/433
f 638/569/434 648/570/435 312/571/436 311/572/437
f 1304/573/438 1305/574/439 1683/575/440 1684/576/441
f 1147/551/416 795/550/415 796/577/442 1146/578/443
f 1309/579/444 1308/580/445 2700/532/88
f 1304/573/438 1316/581/446 2700/532/88
f 307/582/447 1310/583/448 2700/532/88
f 1308/580/445 1307/547/412 2700/532/88
f 1316/581/446 1315/535/400 2700/532/88
f 306/584/449 307/582/447 2700/532/88
f 312/571/436 302/585/450 2700/532/88
f 1307/547/412 1306/546/411 2700/532/88
f 1315/535/400 1314/534/399 2700/532/88
f 305/586/451 306/584/449 2700/532/88
f 311/572/437 312/571/436 2700/532/88
f 2204/587/452 2190/588/453 2189/589/454 2202/590/455
f 2160/591/456 2158/592/457 2155/593/458 2157/594/459
f 1863/595/460 2355/596/461 2354/597/1 1865/598/1
f 554/599/462 424/600/1 564/601/463
f 1584/602/464 1605/603/465 1627/604/466 1624/605/467
f 732/606/468 743/607/469 744/608/470 313/609/471
f 2348/610/472 2344/611/472 2342/612/1 2345/613/1
f 919/614/1 920/615/1 1052/616/473 1062/617/474
f 324/618/205 364/619/204 758/620/204 752/621/205
f 1922/622/70 1923/623/475 1911/624/476 1912/625/477
f 1807/626/478 1363/627/478 1373/628/88 1802/629/88
f 1820/630/479 1658/631/479 1659/632/480 1821/633/480
f 2678/634/36 2677/635/36 2432/636/36 2443/637/36
f 1589/638/481 1635/639/482 1652/640/483 1335/641/484
f 2024/642/485 1891/643/486 2081/644/487 1897/645/488
f 1217/646/489 1014/647/490 1031/648/491 1216/649/492
f 842/650/493 1017/651/494 2312/652/495 2303/653/496
f 1500/654/497 1727/655/498 1726/656/499 1493/657/500
f 1231/658/501 1205/659/502 1221/660/503 1226/661/504
f 1521/662/505 1519/663/506 1494/664/507 1527/665/508
f 962/666/509 966/667/510 965/668/511 999/669/512
f 1769/670/513 1770/671/514 1774/672/515 1773/673/516
f 938/674/517 924/675/59 1282/676/518 1280/677/519
f 2140/678/520 2180/679/521 2183/680/522 2161/681/523
f 1218/682/524 1220/683/525 1230/684/526 1229/685/527
f 2223/686/528 2220/687/529 2072/688/530 2043/689/531
f 1331/690/532 1641/691/533 1638/692/534 1829/693/535
f 953/694/536 1135/695/537 1195/696/538 1187/697/539
f 1539/698/540 1349/699/1 1338/700/1 1484/701/541
f 1269/702/542 1271/703/22 944/704/22 941/705/542
f 2376/706/543 2026/707/544 2024/642/485 2374/708/545
f 512/709/546 316/710/70 531/711/547
f 1369/712/479 1329/713/480 1328/714/480 1368/715/479
f 425/716/1 424/600/1 561/717/548 551/718/549
f 2627/719/128 2368/720/128 2370/721/550 2628/722/550
f 857/723/551 856/724/551 895/725/552 814/726/552
f 662/727/389 663/728/52 295/729/553 294/730/554
f 925/731/202 852/732/203 939/733/203 936/734/202
f 2316/735/555 2064/736/556 2126/737/557 2125/738/558
f 2221/739/559 2297/740/560 2388/741/560 2121/742/561
f 338/743/562 632/744/563 346/745/564
f 1043/746/565 950/747/566 1189/748/567 1194/749/568
f 580/750/569 586/751/570 597/752/571
f 576/753/572 1372/754/573 582/755/574
f 327/756/575 330/757/576 777/758/577
f 316/710/70 383/759/70 378/760/70
f 1611/761/578 1609/762/579 1828/763/580 1830/764/581
f 1062/617/474 1063/765/582 1057/766/583 1055/767/584
f 330/757/576 327/756/575 331/768/585
f 775/769/586 579/770/587 606/771/588
f 346/745/564 494/772/589 337/773/590
f 1626/774/591 1581/775/592 1377/776/593 1382/777/594
f 418/778/595 617/779/596 545/780/597
f 1598/781/598 1603/782/599 1646/783/600 1643/784/601
f 1092/785/602 1927/786/603 1925/787/604 1090/788/605
f 1318/789/606 1797/790/607 1800/791/608 1786/792/609
f 1454/793/1 1450/794/1 1632/795/610 1606/796/611
f 1602/797/612 1599/798/613 1379/799/614 1380/800/615
f 1581/775/592 1602/797/612 1380/800/615 1377/776/593
f 1998/801/1 2000/802/1 2188/803/616 2203/804/617
f 1235/805/618 805/806/619 1251/807/620 1249/808/621
f 1626/774/591 1382/777/594 1378/809/622 1623/810/623
f 2136/811/624 2189/589/454 2161/681/523 2183/680/522
f 764/812/625 447/813/626 760/814/627
f 751/815/628 693/816/629 315/817/630
f 338/743/562 693/816/629 687/818/631
f 1887/819/1 1347/820/1 1536/821/632 2069/822/633
f 2039/823/634 1884/824/1 1896/825/1 2092/826/635
f 1047/827/636 1064/828/637 1086/829/638 1099/830/639
f 468/831/640 493/832/641 452/833/642
f 1071/834/643 1050/835/644 1051/836/645 1073/837/646
f 1993/838/647 2075/839/648 2071/840/649 1997/841/650
f 1345/842/1 1339/843/1 1478/844/651 1533/845/652
f 1337/846/1 1345/842/1 1533/845/652 1487/847/653
f 962/666/509 963/848/654 964/849/655 966/667/510
f 2195/850/656 2210/851/657 1882/852/658 1878/853/659
f 823/854/660 912/855/661 1127/856/662 1112/857/663
f 340/858/664 418/778/595 424/600/1
f 2165/859/665 2391/860/580 2394/190/1 2212/861/666
f 729/862/667 355/863/668 366/864/669 724/865/670
f 341/866/1 422/867/1 420/868/1
f 828/869/1 836/870/1 917/871/1 921/872/1
f 1886/873/1 1898/874/1 2003/875/1 2004/876/1
f 827/877/1 840/878/1 920/615/1 919/614/1
f 318/879/70 521/880/671 518/881/672
f 2100/882/673 1016/883/674 810/884/88 1957/885/88
f 813/886/88 1028/887/675 973/888/676 809/889/88
f 1868/890/88 1869/891/88 2106/892/677 2103/893/678
f 476/894/679 316/710/70 478/895/680
f 1025/896/681 1028/887/675 813/886/88 812/897/88
f 1022/898/682 1025/896/681 812/897/88 811/899/88
f 478/895/680 316/710/70 512/709/546
f 1766/900/683 1762/901/684 1763/902/685 1776/903/686
f 362/904/687 361/905/687 325/906/205 324/618/205
f 322/907/688 323/908/689 754/909/690 753/910/688
f 2021/911/691 1916/912/692 1910/913/693 2023/914/693
f 752/621/205 758/620/204 2584/915/204 2583/916/205
f 1259/917/203 817/918/203 857/723/551 1264/919/551
f 1458/920/694 1457/921/479 1469/922/479 1471/923/695
f 2501/924/696 2608/925/697 2607/926/698 2504/927/699
f 2368/720/128 1872/928/128 1915/929/550 2370/721/550
f 703/930/700 698/931/701 729/862/667
f 1364/932/702 1431/933/703 1442/934/704 1394/935/705
f 2104/936/706 2107/937/707 1901/938/708 1900/939/709
f 847/940/710 1023/941/711 1020/942/712 843/943/713
f 845/944/714 1026/945/715 1023/941/711 847/940/710
f 844/946/716 1029/947/717 1026/945/715 845/944/714
f 329/948/70 782/949/70 780/950/70
f 1041/951/718 1282/676/518 1281/952/719 1034/953/718
f 328/954/70 781/955/70 779/956/70
f 635/957/720 692/958/721 695/959/722 496/960/723
f 328/954/70 779/956/70 330/757/576
f 876/961/88 890/962/88 884/963/88 873/964/88
f 875/965/88 886/966/88 885/967/88 874/968/88
f 885/967/88 887/969/88 877/970/88 874/968/88
f 1413/971/70 1418/135/70 1324/138/70 1404/972/70
f 1961/973/88 1956/974/88 889/975/88 879/976/88
f 2703/977/724 2702/978/725 2726/979/70 2727/980/70
f 887/969/88 890/962/88 876/961/88 877/970/88
f 891/981/88 892/982/88 811/899/88 812/897/88
f 381/983/70 395/984/70 392/985/70 382/986/70
f 2816/987/70 2815/119/70 95/122/94 97/240/180
f 889/975/88 886/966/88 875/965/88 879/976/88
f 417/988/726 626/989/727 485/990/728
f 858/991/729 896/992/730 851/993/731 897/994/732
f 898/995/733 1934/996/734 1981/997/735 855/998/736
f 379/999/70 380/1000/70 329/948/70
f 718/1001/737 701/1002/738 699/1003/739 716/1004/740
f 1424/1005/741 1427/1006/742 1367/1007/743 1361/1008/480
f 869/1009/744 872/1010/745 908/515/386 906/523/392
f 1433/1011/746 1432/1012/747 1386/1013/748 1387/1014/749
f 1941/1015/750 1984/1016/751 1985/1017/752 1939/1018/753
f 867/1019/754 902/490/368 904/489/367 866/1020/755
f 906/523/392 905/522/391 868/1021/756 869/1009/744
f 904/489/367 901/493/369 864/1022/757 866/1020/755
f 1975/1023/758 1938/507/381 1989/506/380 1945/1024/759
f 899/517/387 907/1025/760 871/1026/761 862/1027/762
f 909/512/384 908/515/386 872/1010/745 870/1028/763
f 929/1029/203 927/1030/764 931/1031/765 933/268/203
f 1992/1032/766 1944/1033/767 1991/1034/768 1946/513/385
f 1625/1035/769 1623/810/623 1621/1036/770 1622/1037/771
f 2122/1038/528 2065/1039/772 2220/687/529 2223/686/528
f 531/711/547 316/710/70 481/1040/773
f 330/757/576 316/710/70 328/954/70
f 1526/1041/774 1522/1042/775 1446/1043/776 1444/1044/777
f 1333/1045/70 1412/1046/70 1405/1047/70 1401/1048/70
f 560/1049/778 588/1050/779 592/1051/780 552/1052/781
f 328/954/70 378/760/70 381/983/70
f 1072/1053/782 1049/1054/783 1102/1055/784 1114/1056/785
f 383/759/70 316/710/70 320/1057/70
f 2124/1058/786 1867/1059/88 1881/1060/787 1995/1061/788
f 2136/811/624 2138/1062/789 2160/591/456 2159/1063/790
f 328/954/70 316/710/70 378/760/70
f 329/948/70 328/954/70 381/983/70
f 329/948/70 381/983/70 382/986/70
f 329/948/70 382/986/70 379/999/70
f 1887/819/1 1896/825/1 1999/1064/1 2005/1065/1
f 805/806/619 1245/1066/1 1248/1067/1 807/1068/1
f 1061/1069/791 1053/1070/792 1093/1071/793 1089/1072/794
f 1078/1073/795 2212/861/666 2394/190/1 1284/189/149
f 416/1074/796 604/1075/797 617/779/596
f 420/868/1 614/1076/798 609/1077/799
f 1863/595/460 2349/1078/1 2350/1079/1 2338/1080/800
f 501/1081/801 543/1082/802 340/858/664
f 1670/1083/803 1529/1084/804 1731/1085/805 1738/1086/806
f 2015/1087/807 2011/1088/807 2007/1089/808 2013/1090/808
f 1056/1091/809 1061/1069/791 1089/1072/794 1084/1092/810
f 554/599/462 561/717/548 424/600/1
f 481/1040/773 316/710/70 536/1093/811
f 2134/1094/812 2186/1095/813 2173/1096/814 2151/1097/815
f 430/1098/816 723/1099/817 697/1100/818
f 1334/1101/819 1445/1102/820 1662/1103/821 1644/1104/822
f 861/1105/823 894/1106/824 852/732/203 925/731/202
f 1461/1107/480 1459/1108/825 1463/1109/826 1465/1110/480
f 1460/1111/479 1461/1107/480 1465/1110/480 1464/1112/479
f 2614/1113/480 1803/1114/480 1808/1115/827 2613/1116/827
f 435/1117/828 620/1118/687 625/1119/829 439/1120/830
f 1464/1112/479 1465/1110/480 1659/632/480 1658/631/479
f 1466/1121/831 1468/1122/832 1385/1123/833 1395/1124/834
f 871/1026/761 1975/1023/758 2018/1125/835 934/1126/836
f 895/725/552 856/724/551 1275/1127/551 1279/1128/552
f 1822/1129/837 1362/1130/838 1426/1131/839 1823/1132/839
f 369/1133/840 431/1134/841 435/1117/828
f 2012/1135/693 2023/914/693 2020/1136/807 2011/1088/807
f 435/1117/828 368/1137/842 369/1133/840
f 938/674/517 936/734/202 928/1138/202 924/675/59
f 939/733/203 937/1139/843 927/1030/764 929/1029/203
f 1385/1123/833 1468/1122/832 1463/1109/826 1386/1013/748
f 599/1140/844 598/1141/845 619/1142/846 621/1143/847
f 370/1144/848 441/1145/849 372/1146/850
f 402/1147/851 377/1148/852 360/1149/853
f 402/1147/851 373/1150/854 374/1151/855
f 373/1150/854 441/1145/849 370/1144/848
f 2665/1152/36 2664/1153/36 2418/1154/36 2427/1155/36
f 1330/1156/856 1326/1157/856 1327/1158/857 1726/656/499
f 839/1159/858 834/1160/859 994/1161/860 997/1162/861
f 536/1093/811 417/988/726 485/990/728
f 1511/1163/862 1571/1164/863 1569/1165/864 1759/1166/865
f 2056/1167/866 2060/1168/867 1906/1169/868 1904/1170/869
f 446/1171/870 339/1172/871 444/1173/872
f 444/1173/872 344/1174/873 445/1175/874
f 447/813/626 342/1176/875 446/1171/870
f 1892/1177/876 1348/1178/877 1474/1179/16 2028/1180/15
f 448/1181/625 337/773/590 447/813/626
f 2080/1182/878 1893/1183/879 1885/1184/1 2036/1185/880
f 315/817/630 346/745/564 448/1181/625
f 1385/1123/833 1386/1013/748 1432/1012/747 1430/1186/881
f 543/1082/802 493/832/641 340/858/664
f 1191/1187/882 1185/1188/883 1133/1189/884 995/1190/885
f 2080/1191/878 2225/1192/886 2087/1193/887 2086/1194/888
f 1529/1084/804 1670/1083/803 1669/1195/889 1531/1196/890
f 1540/1197/891 1480/1198/892 1478/1199/651 1539/1200/540
f 1010/1201/893 947/1202/894 948/1203/895 1012/1204/896
f 1534/1205/897 1489/1206/898 1487/1207/653 1533/1208/652
f 2323/1209/899 2319/1210/900 1933/1211/901 2302/1212/902
f 1501/1213/903 1492/1214/904 1490/1215/905 1500/654/497
f 475/174/135 479/201/158 353/1216/906 351/1217/907
f 322/907/688 326/1218/688 682/1219/908 323/908/689
f 951/1220/909 949/1221/910 965/668/511 966/667/510
f 2050/1222/911 2048/1223/912 2047/1224/913 2046/1225/914
f 466/1226/915 467/1227/916 464/1228/917
f 2159/1063/790 2160/591/456 2157/594/459 2154/1229/918
f 2753/1230/28 2752/1231/27 2751/387/277 2830/1232/919
f 774/1233/920 773/1234/921 434/1235/688 428/1236/688
f 1751/278/210 1509/1237/922 1506/1238/923 1752/279/211
f 480/1239/924 476/894/679 478/895/680
f 2102/1240/925 1018/1241/926 1016/883/674 2100/882/673
f 2101/1242/927 1210/1243/928 1018/1244/926 2102/1245/925
f 924/675/59 928/1138/202 932/267/202 930/1246/59
f 1210/1243/928 1211/1247/929 1021/1248/930 1018/1244/926
f 1555/487/366 1552/1249/379 1754/1250/931 1756/485/364
f 1022/898/682 1019/1251/932 1021/1252/930 1024/1253/933
f 2112/1254/934 2114/1255/935 2111/1256/936 2109/1257/937
f 1916/912/692 1978/1258/938 1909/1259/939 1977/1260/940
f 1537/1261/941 2070/1262/942 2069/1263/633 1536/1264/632
f 1535/1265/943 2068/1266/944 2070/1262/942 1537/1261/941
f 2398/1267/88 2396/1268/88 1958/1269/945 1883/1270/946
f 1030/1271/947 1028/887/675 1025/896/681 1027/1272/948
f 1032/1273/949 1033/1274/950 980/1275/951 978/1276/952
f 2120/1277/953 2064/736/556 2316/735/555 2317/1278/954
f 1666/1279/955 1567/1280/955 1565/1281/956 1665/1282/957
f 2126/1283/557 2064/1284/556 2062/1285/958 2124/1058/786
f 527/1286/959 477/1287/960 529/1288/961
f 1492/1214/904 1666/1279/955 1665/1282/957 1490/1215/905
f 2071/840/649 2073/1289/962 2219/1290/963 2218/1291/964
f 1664/1292/965 1517/1293/966 1518/1294/967 1663/1295/968
f 1521/1296/505 1528/1297/969 1526/1041/774 1520/1298/970
f 992/1299/971 990/1300/972 962/666/509 999/669/512
f 497/1301/973 493/832/641 499/1302/974
f 499/1302/974 493/832/641 498/1303/975
f 1518/1304/967 1521/1296/505 1520/1298/970 1516/1305/976
f 989/1306/977 988/1307/978 990/1300/972 992/1299/971
f 1045/1308/979 1003/1309/980 1002/1310/981 1044/1311/982
f 502/1312/983 542/1313/984 544/1314/985
f 1480/1198/892 1534/1205/897 1533/1208/652 1478/1199/651
f 345/1315/1 334/1316/1 424/600/1 425/716/1
f 1489/1206/898 1537/1261/941 1536/1264/632 1487/1207/653
f 956/1317/986 1007/1318/987 1009/1319/988 957/1320/989
f 1486/1321/990 1540/1197/891 1539/1200/540 1484/1322/541
f 2096/1323/991 2094/1324/992 2037/1325/993 2038/1326/994
f 1507/1327/995 1509/1328/922 1543/1329/996 1541/1330/997
f 1063/765/582 1061/1069/791 1056/1091/809 1057/766/583
f 1013/1331/998 1015/1332/999 1033/1274/950 1032/1273/949
f 1280/677/519 970/1333/1000 923/1334/1001 1199/1335/1002
f 1131/1336/1003 1036/1337/1003 1034/953/718 1130/1338/1004
f 1491/1339/1005 1667/1340/863 1666/1279/955 1492/1214/904
f 2125/738/558 2126/737/557 2067/1341/1006 2065/1039/772
f 2126/1283/557 2124/1058/786 2066/1342/1007 2067/1343/1006
f 1347/820/1 1337/846/1 1487/847/653 1536/821/632
f 918/1344/1 916/1345/1 1236/1346/1 1255/1347/1
f 837/1348/1008 942/1349/1009 833/1350/1010 1136/1351/1011
f 1941/1015/750 2021/911/691 2010/1352/1012 1940/1353/1013
f 828/869/1 840/878/1 1011/1354/1014 946/1355/1015
f 1921/1356/1016 1925/787/604 2177/1357/1017 2170/1358/1018
f 1408/1359/1019 1833/1360/70 1835/1361/70 1336/1362/1020
f 607/1363/1021 580/750/569 597/752/571
f 608/1364/1022 607/1363/1021 327/756/575
f 743/607/469 746/1365/1023 747/1366/1024
f 621/1143/847 619/1142/846 331/768/585
f 1065/1367/1025 1066/1368/1026 1048/1369/1027 1046/1370/1028
f 1066/1368/1026 1064/828/637 1047/827/636 1048/1369/1027
f 468/1371/640 469/1372/1029 465/1373/1030 498/1374/975
f 1602/797/612 1581/775/592 1582/1375/1031 1604/1376/1032
f 2132/1377/1033 2130/1378/1034 2034/1379/1035 2035/1380/1036
f 575/1381/1037 602/1382/1038 600/1383/1039 574/1384/1040
f 1593/1385/1041 1594/1386/1042 1588/1387/1043 1586/1388/1044
f 2150/1389/1045 2144/1390/1046 2143/1391/1047 2148/1392/1048
f 551/718/549 561/717/548 562/1393/1049 553/1394/1050
f 1635/639/482 1589/638/481 1591/1395/1051 1637/1396/1052
f 2139/1397/1053 2149/1398/1054 2150/1389/1045 2141/1399/1055
f 1054/1400/1056 1053/1070/792 1061/1069/791 1063/765/582
f 1055/767/584 1057/766/583 1066/1368/1026 1065/1367/1025
f 1057/766/583 1056/1091/809 1064/828/637 1066/1368/1026
f 617/779/596 605/1401/1057 618/1402/1058
f 1939/1018/753 1985/1017/752 1987/1403/1059 1942/1404/1060
f 1070/1405/1061 1073/837/646 1072/1053/782 1067/469/352
f 1599/798/613 1602/797/612 1604/1376/1032 1601/1406/1062
f 2275/508/1 1938/507/381 907/1025/760 1177/1407/1063
f 1079/1408/1064 1077/1409/1065 2211/1410/1066 2213/1411/1067
f 1107/1412/1068 1109/1413/1069 1082/1414/1070 1080/1415/1071
f 608/1364/1022 580/750/569 607/1363/1021
f 1080/1415/1071 1082/1414/1070 1077/1409/1065 1079/1408/1064
f 581/1416/1072 576/753/572 580/750/569
f 2203/804/617 2188/803/616 2190/588/453 2204/587/452
f 2032/1417/1073 2031/1418/1074 2094/1324/992 2096/1323/991
f 1616/1419/1075 1619/1420/1076 1617/1421/1077 1615/1422/1078
f 1085/1423/1079 1083/1424/1080 1087/1425/1081 1088/1426/1082
f 1094/1427/1083 1091/1428/1084 1089/1072/794 1093/1071/793
f 1094/1427/1083 1092/785/602 1090/788/605 1091/1428/1084
f 520/1429/1085 709/67/62 708/66/61 517/1430/1086
f 1611/761/578 1613/1431/1087 1608/1432/1088 1610/1433/1089
f 1654/1434/1090 1631/1435/1091 1629/1436/1092 1639/1437/1093
f 1120/1438/1094 1099/830/639 1100/1439/1095 1122/1440/1096
f 1619/1420/1076 1631/1435/1091 1630/1441/1097 1617/1421/1077
f 1088/1426/1082 1087/1425/1081 1098/1442/1098 1100/1439/1095
f 1734/1443/1099 1728/1444/1100 1668/1445/1101 1523/1446/1102
f 1586/1388/1044 1588/1387/1043 1597/1447/1103 1596/1448/1104
f 1642/1449/1105 1645/1450/1106 1648/1451/1107 1647/1452/1108
f 2201/1453/1109 2204/587/452 2202/590/455 2199/1454/1110
f 2161/681/523 2189/589/454 2190/588/453 2163/1455/1111
f 1076/1456/1112 1075/1457/1113 1101/1458/1114 1103/1459/1115
f 545/780/597 618/1402/1058 547/1460/1116
f 530/1461/1117 513/204/161 715/203/160 714/1462/1118
f 1083/1424/1080 1085/1423/1079 1091/1428/1084 1090/788/605
f 2178/1463/1119 2176/1464/1120 2171/1465/1121 2172/1466/1122
f 545/780/597 424/600/1 418/778/595
f 1764/1467/1123 1766/900/683 1776/903/686 1775/1468/1124
f 611/1469/1125 559/1470/1126 558/1471/1127
f 559/1470/1126 611/1469/1125 557/1472/1128
f 558/1471/1127 419/1473/1129 611/1469/1125
f 2221/739/559 2222/1474/1130 2044/1475/1131 2042/1476/1132
f 981/1477/1133 1129/1478/1134 1128/1479/1135 983/1480/1136
f 983/1481/1136 1128/1482/1135 1127/856/662 982/1483/1137
f 1278/1484/1138 853/1485/1139 895/725/552 1279/1128/552
f 1126/1486/552 1121/1487/551 931/1031/765 935/1488/1140
f 1274/1489/59 1276/1490/202 860/1491/202 819/1492/59
f 1823/1132/839 1819/1493/827 1653/1494/827 1661/1495/839
f 2384/1496/693 2215/1497/693 2214/1498/807 2383/1499/807
f 461/1500/1141 696/1501/921 629/1502/1142
f 1911/624/476 1923/623/475 2381/1503/1143 2385/168/129
f 1035/1504/1144 1132/1505/1144 1129/1478/1134 981/1477/1133
f 1196/1506/1145 1193/1507/1146 1136/1351/1011 997/1162/861
f 2200/1508/1147 1997/841/650 2071/840/649 2218/1291/964
f 1910/913/693 1974/1509/1148 1919/1510/1149 2008/1511/807
f 2081/644/487 2295/1512/1150 2296/1513/1151 2078/1514/1152
f 340/858/664 495/1515/1153 501/1081/801
f 2225/1192/886 2080/1191/878 2036/1516/880 2038/1326/994
f 637/1517/1154 685/1518/1155 632/744/563
f 494/772/589 690/1519/1156 636/1520/1157
f 2226/1521/1158 2294/1522/1159 2287/1523/1160 2085/1524/1161
f 1670/1083/803 1485/1525/1162 1486/1321/990 1669/1195/889
f 1147/551/416 1146/578/443 1153/1526/1163 1159/1527/1164
f 1149/556/421 1148/552/417 1154/1528/1165 1160/1529/1166
f 296/1530/1167 655/1531/1168 650/1532/1169 295/729/553
f 1145/565/430 1142/568/433 1151/1533/1170 1158/1534/1171
f 1157/1535/1172 1143/543/408 1140/1536/1173 1150/537/402
f 1156/1537/1174 1141/560/425 2230/559/424 2243/1538/1175
f 1139/553/418 1149/556/421 1160/1529/1166 1155/538/403
f 1148/552/417 1147/551/416 1159/1527/1164 1154/1528/1165
f 656/1539/1176 649/1540/1177 639/1541/1178 642/1542/1179
f 1152/562/427 1144/544/409 1143/543/408 1157/1535/1172
f 1142/568/433 1141/560/425 1156/1537/1174 1151/1533/1170
f 651/1543/1180 656/1539/1176 642/1542/1179 643/1544/1181
f 1688/1545/1182 1693/1546/1183 1302/1547/1184 1301/1548/1185
f 1151/1533/1170 1156/1537/1174 788/1549/1186 787/1550/1187
f 1846/1551/1188 2251/1552/1189 2246/1553/1190 1845/1554/1191
f 1840/1555/1192 2252/1556/1193 2247/1557/1194 1839/1558/1195
f 1154/1528/1165 1159/1527/1164 784/1559/1196 783/1560/1197
f 792/539/404 1155/538/403 1160/1529/1166 793/1561/1198
f 1156/1537/1174 2243/1538/1175 1843/1562/1199 788/1549/1186
f 1157/1535/1172 1150/537/402 791/540/405 790/1563/1200
f 786/1564/1201 1158/1534/1171 1151/1533/1170 787/1550/1187
f 1845/1554/1191 2246/1553/1190 2254/561/426 1844/564/429
f 1303/1565/1202 1699/1566/1203 1692/1567/1204 1291/1568/1205
f 1159/1527/1164 1153/1526/1163 785/1569/1206 784/1559/1196
f 793/1561/1198 783/1560/1197 1171/1570/15 1170/1571/40
f 1302/1547/1184 1303/1565/1202 1711/1572/5 1710/1573/8
f 791/540/405 792/539/404 1169/1574/37 1168/1575/390
f 1295/1576/1207 1703/1577/1208 1702/1578/372 1294/1579/1209
f 1296/1580/1210 1704/1581/382 1703/1577/1208 1295/1576/1207
f 1844/564/429 789/563/428 1166/1582/383 2262/1583/36
f 1843/1562/1199 2261/1584/1 1165/1585/1063 788/1549/1186
f 788/1549/1186 1165/1585/1063 1164/1586/52 787/1550/1187
f 787/1550/1187 1164/1586/52 1163/1587/389 786/1564/1201
f 1294/1579/1209 1702/1578/372 1701/1588/17 1293/1589/1211
f 300/1590/1212 668/1591/37 669/1592/40 301/1593/1213
f 784/1559/1196 1161/1594/44 1171/1570/15 783/1560/1197
f 1711/1572/5 1712/1595/22 1713/529/22 1725/1596/5
f 1600/1597/856 1658/631/479 1820/630/479 1817/1598/856
f 1163/1587/389 1175/1599/389 1174/1600/9 1162/1601/9
f 1167/1602/32 1168/1575/390 1180/1603/390 1179/1604/32
f 1166/1582/383 1167/1602/32 1179/1604/32 1178/1605/383
f 1224/1606/1214 1207/1607/1215 1202/1608/1216 1219/1609/1217
f 1705/1610/1 1719/1611/1 1718/1612/382 1704/1581/382
f 1165/1585/1063 1177/1613/1063 1176/1614/52 1164/1586/52
f 2272/1615/372 2273/1616/1208 2259/1617/1208 2258/1618/372
f 2271/1619/17 2272/1615/372 2258/1618/372 2257/1620/17
f 1710/1573/8 1711/1572/5 1725/1596/5 1724/1621/8
f 1161/1594/44 1173/1622/44 1172/1623/15 1171/1570/15
f 1600/1597/856 1733/1624/498 1490/1215/905 1740/1625/1218
f 2068/1266/944 1535/1265/943 1739/1626/1219 2296/1513/1151
f 693/816/629 500/1627/1220 687/818/631
f 1004/1628/1221 947/1202/894 1185/1188/883 1191/1187/882
f 2285/1629/1222 2094/1324/992 2031/1418/1074 2284/1630/1223
f 682/1219/908 326/1218/688 683/1631/920
f 1007/1318/987 956/1317/986 1193/1507/1146 1196/1506/1145
f 694/1632/1224 686/1633/1225 637/1517/1154
f 1482/1634/1226 1496/1635/1227 1735/1636/1228 1732/1637/1229
f 2286/1638/1230 2037/1325/993 2094/1324/992 2285/1629/1222
f 687/818/631 637/1517/1154 338/743/562
f 1500/654/497 1490/1215/905 1733/1624/498 1727/655/498
f 1744/1639/1231 1743/1640/1232 1764/1467/1123 1765/1641/1233
f 764/812/625 759/1642/1234 448/1181/625 447/813/626
f 849/1643/1235 1225/1644/1236 1199/1335/1002 923/1334/1001
f 2567/1645/1237 2566/1646/1238 2561/1647/1239 2560/1648/1240
f 2303/653/496 1900/939/709 2302/1212/902 1933/1211/901
f 1906/1169/868 2325/1649/1241 2304/1650/1242 1904/1170/869
f 1203/1651/1243 1201/1652/1244 843/943/713 842/650/493
f 1248/1067/1 740/1653/1 313/609/471 807/1068/1
f 1750/1654/1245 1749/1655/1246 1353/1656/1247 1354/1657/1248
f 1356/1658/1249 1744/1639/1231 1750/1654/1245 1354/1657/1248
f 1768/1659/1250 1771/1660/1251 1358/1661/1252 1357/1662/1253
f 53/4/4 2794/3/3 2795/52/49 52/51/48
f 1905/1663/1254 2301/1664/1255 2300/1665/1256 1901/938/708
f 519/68/63 709/67/62 710/1666/1257 522/1667/1258
f 522/1667/1258 710/1666/1257 711/1668/1259 525/1669/715
f 525/1669/715 711/1668/1259 712/172/133 528/171/132
f 801/542/407 2708/1670/1260 2709/1671/47 802/1672/1261
f 4/30/12 2753/29/28 2754/322/250 5/321/52
f 2/1673/44 2750/1674/1262 2752/28/27 3/27/9
f 2063/1675/1263 2118/1676/1264 2317/1278/954 2316/735/555
f 1202/1608/1216 1201/1652/1244 1218/682/524 1219/1609/1217
f 2054/1677/1265 2055/1678/1266 2129/1679/1130 2128/1680/561
f 1222/1681/1267 1204/1682/1268 1221/660/503 1205/659/502
f 1201/1652/1244 1203/1651/1243 1220/683/525 1218/682/524
f 2324/1683/1269 2326/1684/1270 2306/1685/1271 2304/1650/1242
f 2327/1686/1272 2307/1687/1273 2306/1685/1271 2326/1684/1270
f 1770/671/514 1750/1654/1245 1744/1639/1231 1765/1641/1233
f 698/931/701 720/1688/1274 723/1099/817
f 1227/1689/1275 894/1106/824 861/1105/823 1226/661/504
f 2290/1690/1276 2088/1691/1277 2040/1692/1278 2292/1693/1279
f 918/1344/1 826/1694/1 838/1695/1 916/1345/1
f 1625/1035/769 1628/1696/1280 1626/774/591 1623/810/623
f 2330/1697/1281 1974/1509/1148 1977/1260/940 2331/1698/1282
f 861/1105/823 850/1699/1283 1231/658/501 1226/661/504
f 698/931/701 355/863/668 729/862/667
f 882/1700/1284 825/1701/1285 1289/1702/88 1287/1703/88
f 473/1704/1286 427/1705/1287 474/1706/1288
f 923/1334/1001 1031/648/491 1014/647/490 849/1643/1235
f 531/711/547 481/1040/773 483/1707/1289 532/1708/1290
f 2355/596/461 2348/610/472 2345/613/1 2354/597/1
f 1779/1709/1 1449/1710/1 2005/1065/1 2335/1711/1
f 730/1712/1 420/868/1 609/1077/799
f 2166/1713/1291 2213/1411/1067 2211/1410/1066 2164/1714/1292
f 421/1715/1 733/1716/1 731/1717/1
f 852/732/203 858/991/729 937/1139/843 939/733/203
f 2194/1718/1293 2167/1719/1294 2169/1720/1295 2197/1721/1296
f 1240/1722/472 1920/1723/472 2339/1724/1297 1239/1725/1298
f 1237/1726/1299 1931/1727/1300 1928/1728/1301 1068/1729/1302
f 1239/1725/1298 2339/1724/1297 2356/1730/1303 1256/1731/1304
f 2344/611/472 1920/1723/472 1929/1732/1 2342/612/1
f 737/1733/1305 566/1734/1306 569/1735/1307
f 1704/1581/382 1718/1612/382 1717/1736/1208 1703/1577/1208
f 1894/1737/1 2089/1738/1308 2030/1739/1309 1886/873/1
f 2303/653/496 1933/1211/901 1203/1651/1243 842/650/493
f 336/1740/1310 612/1741/1311 610/1742/1312
f 1245/1066/1 1234/1743/1 1232/1744/1 1248/1067/1
f 587/1745/1313 599/1140/844 597/752/571 586/751/570
f 1236/1346/1 1234/1743/1 1245/1066/1 1246/1746/1
f 1642/1449/1105 1791/1747/1314 1340/1748/1315 1645/1450/1106
f 1251/807/620 1244/1749/472 1243/1750/1316 1249/808/621
f 1256/1731/1304 1237/1726/1299 1242/1751/1317 1257/1752/1318
f 1931/1727/1300 1237/1726/1299 1256/1731/1304 2356/1730/1303
f 2001/1753/1 2360/1754/1 2340/1755/1 1999/1064/1
f 2010/1352/1012 2021/911/691 2023/914/693 2012/1135/693
f 2359/1756/1319 2362/1757/1320 2347/1758/1321 2353/1759/1322
f 2359/1756/1319 2358/1760/1323 1888/1761/1324 1864/1762/1325
f 2358/1760/1323 2357/1763/1 2351/1764/1326 1888/1761/1324
f 688/1765/1327 323/908/689 691/1766/1328
f 2690/1767/36 2456/1768/36 2445/1769/36 2689/1770/36
f 2511/1771/1329 2488/1772/1330 2656/1773/36 2658/1774/36
f 2657/1775/36 2670/1776/36 2457/1777/36 2424/1778/36
f 2677/635/36 2676/1779/36 2431/1780/36 2432/636/36
f 2616/1781/856 1804/1782/856 1809/1783/479 2615/1784/479
f 2591/1785/1331 2592/1786/1332 2472/1787/1333 2475/1788/1334
f 760/814/627 763/1789/1331 2591/1785/1331 2590/1790/627
f 448/1181/625 759/1642/1234 315/817/630
f 2642/1791/36 2640/1792/36 2400/1793/36 2409/1794/36
f 2682/1795/36 2681/1796/36 2434/1797/36 2436/1798/36
f 1365/1799/827 1426/1131/839 1325/1800/839 1366/1801/827
f 860/1491/202 1276/1490/202 1277/1802/203 818/1803/203
f 2364/1804/70 2369/1805/477 2626/1806/477 2610/1807/70
f 765/1808/1335 754/909/690 323/908/689 751/815/628
f 2619/1809/1336 2527/1810/1337 2544/1811/1338 2620/1812/1339
f 1327/1158/857 1805/1813/1340 1816/1814/1341 1801/1815/1342
f 2216/165/127 2196/1816/1143 2018/1125/835 2017/1817/1343
f 1922/622/70 1912/625/477 2369/1805/477 2364/1804/70
f 1277/1802/203 1275/1127/551 856/724/551 818/1803/203
f 1660/1818/1344 1822/1129/837 1823/1132/839 1661/1495/839
f 767/1819/687 620/1118/687 623/272/205 769/271/205
f 819/1492/59 1184/1820/518 1190/1821/518 1274/1489/59
f 1069/1822/59 1123/266/202 1276/1490/202 1274/1489/59
f 2373/1823/1345 2027/1824/1346 2026/707/544 2376/706/543
f 1282/676/518 924/675/59 930/1246/59 1281/952/719
f 1571/1164/863 1566/1825/863 1513/1826/1347 1569/1165/864
f 2389/1827/1348 2007/1089/808 2022/1828/1349 2387/1829/1350
f 778/1830/1351 332/1831/1352 385/1832/1353
f 881/188/148 880/1833/1354 1286/1834/1351 1284/189/149
f 1283/1835/1355 825/1701/1285 882/1700/1284 1285/1836/1356
f 2391/860/580 1959/1837/1357 1924/187/147 2394/190/1
f 782/949/70 385/1832/1353 780/950/70
f 780/950/70 781/955/70 329/948/70
f 330/757/576 779/956/70 387/1838/1358
f 1410/1839/1359 1336/1362/1020 1835/1361/70 1832/1840/70
f 2118/1676/1264 2063/1675/1263 2055/1678/1266 2006/1841/1360
f 777/758/577 330/757/576 387/1838/1358
f 984/1842/1361 1007/1318/987 1196/1506/1145 1197/1843/860
f 2280/1844/8 1987/1403/1059 1985/1017/752 2281/1845/5
f 406/1846/1362 405/1847/1363 674/1848/389 673/1849/9
f 405/1847/1363 404/1850/1364 675/1851/52 674/1848/389
f 404/1850/1364 412/1852/1365 676/1853/1063 675/1851/52
f 412/1852/1365 1388/1854/1366 1719/1611/1 676/1853/1063
f 2041/1855/1367 2040/1692/1278 2088/1691/1277 2090/1856/1368
f 1177/1407/1063 907/1025/760 899/517/387 1176/516/52
f 678/1857/32 413/1858/1369 411/1859/1370 679/1860/390
f 1175/519/389 900/518/388 901/493/369 1174/492/9
f 843/943/713 1201/1652/1244 1202/1608/1216 847/940/710
f 681/1861/40 408/1862/1371 407/1863/1372 671/1864/15
f 1297/1865/1373 1687/1866/1374 655/1531/1168 296/1530/1167
f 641/1867/1375 640/1868/1376 307/582/447 306/584/449
f 299/1869/1377 649/1540/1177 656/1539/1176 298/1870/1378
f 645/1871/1379 644/1872/1380 305/586/451 304/1873/1381
f 2242/1874/1382 2240/1875/1383 1850/1876/1384 1862/1877/1385
f 655/1531/1168 1687/1866/1374 1674/1878/1386 640/1868/1376
f 2250/1879/1387 2233/1880/1388 2234/1881/1389 2245/1882/1390
f 639/1541/1178 310/1883/1391 309/1884/1392 642/1542/1179
f 1681/548/413 1307/547/412 1308/580/445 1678/1885/1393
f 643/1544/1181 308/531/397 1311/530/396 1685/1886/1394
f 648/570/435 647/1887/1395 302/585/450 312/571/436
f 1152/562/427 1157/1535/1172 790/1563/1200 789/563/428
f 426/1888/1 425/716/1 551/718/549 574/1384/1040
f 563/1889/1396 585/1890/1397 583/1891/1398 555/1892/1399
f 348/1893/1400 699/1003/739 701/1002/738 347/1894/1401
f 1055/767/584 1065/1367/1025 919/614/1
f 552/1052/781 592/1051/780 595/1895/1402 573/1896/1403
f 616/1897/1404 603/1898/1405 619/1142/846 598/1141/845
f 1318/789/606 1598/781/598 1643/784/601 1340/1748/1315
f 2003/875/1 2002/1899/1 2149/1398/1054 2139/1397/1053
f 1803/1114/480 1328/714/480 1366/1801/827 1808/1115/827
f 1875/1900/693 1876/1901/693 1918/1902/807 1917/1903/807
f 1805/1813/1340 1327/1158/857 1326/1157/856 1804/1782/856
f 2517/1904/1406 2494/1905/1407 2662/1906/36 2663/1907/36
f 831/1908/1408 1137/1909/1409 995/1190/885
f 833/1350/1010 997/1162/861 1136/1351/1011
f 1761/1910/1410 1542/1911/1411 1562/1912/1412 1760/1913/1413
f 1351/1914/1414 1548/1915/1415 1755/1916/1416 1746/1917/1417
f 2282/1918/1418 2283/1919/1348 2052/1920/1419 2045/1921/1420
f 1235/805/618 1253/1922/1421 1252/1923/1 1246/1746/1
f 721/1924/1422 719/1925/1423 724/865/670 725/1926/1424
f 1494/664/507 1498/1927/1425 1497/1928/1426 1527/665/508
f 722/1929/1427 721/1924/1422 725/1926/1424 726/1930/1428
f 405/1931/1363 368/1137/842 367/1932/1429 404/1933/1364
f 717/1934/1430 722/1929/1427 726/1930/1428 727/1935/1431
f 2072/688/530 2074/1936/1432 2051/1937/1433 2043/689/531
f 631/1938/1434 628/1939/1435 488/1940/1436 462/1941/1437
f 837/1348/1008 1136/1351/1011 1137/1909/1409
f 1485/1525/1162 1670/1083/803 1738/1086/806 1730/1942/1438
f 510/1943/1439 455/1944/1440 334/1316/1 345/1315/1
f 1813/314/16 2377/1945/15 2028/1180/15 1474/1179/16
f 1564/1946/1441 1760/1913/1413 1759/1166/865 1512/1947/1442
f 1013/1331/998 1032/1273/949 809/889/88
f 1806/1948/839 1808/1115/827 1366/1801/827 1325/1800/839
f 466/1226/915 470/1949/1443 490/1950/1444 465/1373/1030
f 1915/929/550 1914/1951/550 1876/1901/693 1875/1900/693
f 2536/1952/1445 2611/1953/478 2595/1954/88 2543/1955/1446
f 624/1956/1447 1640/1957/1448 1467/1958/1449 438/1959/1450
f 2023/914/693 1910/913/693 2008/1511/807 2020/1136/807
f 1499/1960/1451 1519/663/506 1517/1293/966 1491/1339/1005
f 629/1502/1142 696/1501/921 773/1234/921 533/1961/1452
f 832/1962/1453 1133/1189/884 1138/1963/1454
f 1574/1964/1455 1482/1634/1226 1732/1637/1229 1737/1965/1456
f 1087/1425/1081 1081/1966/1457 1098/1442/1098
f 1921/1356/1016 2211/1410/1066 1077/1409/1065
f 820/1967/1458 1285/1836/1356 823/854/660
f 809/889/88 873/964/88 878/1968/88
f 579/770/587 778/1830/1351 776/1969/149 577/1970/1459
f 606/771/588 608/1364/1022 327/756/575 777/758/577
f 823/854/660 824/1971/1460 820/1967/1458
f 1080/1415/1071 1283/1835/1355 1107/1412/1068
f 841/1972/1461 995/1190/885 1133/1189/884
f 487/1973/1462 489/1974/1463 627/1975/1464 626/989/727
f 913/1976/1465 1118/1977/1466 911/1978/1467
f 566/1734/1306 610/1742/1312 613/1979/1468 571/1980/1469
f 1623/810/623 1378/809/622 1376/1981/1470 1621/1036/770
f 1884/824/1 2039/823/634 2089/1738/1308 1894/1737/1
f 422/867/1 426/1888/1 574/1384/1040 600/1383/1039
f 1894/1737/1 1886/873/1 2004/876/1 2000/802/1
f 549/1982/1471 1377/776/593 1380/800/615 570/1983/1472
f 749/1984/1473 750/1985/1474 737/1733/1305 734/1986/1475
f 1780/1987/1476 1317/1988/1477 1793/1989/1478 1792/1990/1479
f 482/1991/1480 713/1992/1481 537/1993/1482 539/1994/1434
f 548/1995/1483 601/1996/1484 573/1896/1403 595/1895/1402
f 2009/1997/1485 2298/1998/1486 2387/1829/1350 2022/1828/1349
f 1194/749/568 1258/1999/1487 808/2000/1488
f 832/1962/1453 1194/749/568 808/2000/1488
f 507/2001/1489 343/2002/1 829/2003/1 985/2004/1490
f 458/2005/1491 333/2006/1 343/2002/1 507/2001/1489
f 760/814/627 447/813/626 446/1171/870 763/1789/1331
f 965/2007/511 949/2008/910 993/2009/1492
f 761/2010/1332 444/1173/872 445/1175/874 762/2011/874
f 511/2012/1493 509/2013/1494 456/2014/1495 457/2015/1496
f 341/866/1 504/2016/1497 449/2017/1498 335/2018/1
f 1431/933/703 1384/2019/1499 403/2020/1500 360/1149/853
f 1058/2021/1501 824/1971/1460 823/854/660
f 1335/641/484 1654/1434/1090 1639/1437/1093 1331/690/532
f 823/854/660 1112/857/663 1058/2021/1501
f 619/1142/846 603/1898/1405 557/1472/1128 331/768/585
f 835/2022/1502 913/1976/1465 993/2009/1492
f 1896/825/1 1884/824/1 2001/1753/1 1999/1064/1
f 1448/2023/1 1345/842/1 1337/846/1 1451/2024/1
f 917/871/1 836/870/1 915/2025/1
f 896/992/730 894/1106/824 1227/1689/1275 1228/2026/1503
f 1789/2027/1 1779/1709/1 2335/1711/1 2352/2028/1
f 1898/874/1 1885/1184/1 2002/1899/1 2003/875/1
f 1783/2029/1504 1381/2030/1505 1379/799/614 1599/798/613
f 1868/890/88 2103/893/678 2100/882/673 1957/885/88
f 1871/2031/88 1867/1059/88 2057/2032/1506 2115/2033/1507
f 317/2034/70 318/879/70 518/881/672 515/2035/1508
f 973/888/676 975/2036/1509 809/889/88
f 2123/2037/1130 2122/1038/528 2223/686/528 2222/1474/1130
f 975/2036/1509 1013/1331/998 809/889/88
f 1763/902/685 1762/901/684 718/1001/737 728/2038/1510
f 14/182/143 2765/181/142 2767/196/153 15/195/152
f 2374/708/545 2375/2039/1511 2639/2040/1511 2638/2041/545
f 441/1145/849 363/2042/1512 357/2043/205 443/2044/205
f 2371/2045/807 2366/2046/808 2631/2047/808 2630/2048/807
f 321/2049/829 362/904/687 757/2050/687 755/2051/829
f 440/2052/204 429/2053/204 430/1098/816 442/2054/1513
f 1330/1156/856 1369/712/479 1368/715/479 1326/1157/856
f 1809/1783/479 1804/1782/856 1326/1157/856 1368/715/479
f 1205/659/502 1231/658/501 1200/2055/1514
f 375/2056/1515 1442/934/704 1431/933/703 360/1149/853
f 516/65/60 519/68/63 348/1893/1400 347/1894/1401
f 1356/1658/1249 1554/2057/1516 1551/2058/1517 1352/2059/1518
f 2113/2060/216 2116/2061/1519 1902/2062/1520 1903/2063/1521
f 1353/1656/1247 1560/285/217 1557/284/216 1354/1657/1248
f 822/2064/88 1288/2065/88 1290/2066/88
f 1572/2067/956 1826/2068/498 1825/2069/1218 1565/1281/956
f 821/2070/88 1289/1702/88 822/2064/88
f 1412/1046/70 1834/2071/70 782/949/70 329/948/70
f 821/2070/88 823/854/660 1287/1703/88
f 383/759/70 388/2072/70 389/2073/70 378/760/70
f 1415/2074/70 1417/2075/70 1403/2076/70 1400/2077/70
f 1414/2078/70 1413/971/70 1404/972/70 1398/2079/70
f 320/1057/70 393/2080/70 388/2072/70 383/759/70
f 381/983/70 378/760/70 389/2073/70 395/984/70
f 1952/2081/88 1970/2082/88 1967/2083/88 1953/2084/88
f 319/2085/70 396/2086/70 393/2080/70 320/1057/70
f 1869/891/88 1972/2087/88 1971/2088/88 1870/2089/88
f 380/1000/70 391/2090/70 394/2091/70 384/2092/70
f 1407/2093/70 1399/2094/70 398/2095/70 317/2034/70
f 317/2034/70 398/2095/70 397/2096/70 318/879/70
f 1470/2097/1522 1367/1007/743 1428/2098/1523 1392/141/105
f 1221/660/503 1204/1682/1268 1206/2099/1524 1223/2100/1525
f 1429/2101/1526 1384/2019/1499 1431/933/703 1364/932/702
f 874/968/88 822/2064/88 875/965/88
f 360/1149/853 403/2020/1500 356/2102/1527 402/1147/851
f 363/2042/1512 401/2103/1528 399/2104/1529 357/2043/205
f 1990/499/374 1947/2105/1530 1943/2106/1531 1988/500/375
f 369/1133/840 368/1137/842 405/1931/1363 406/2107/1362
f 372/1146/850 407/2108/1372 408/2109/1371 370/1144/848
f 903/525/393 902/490/368 867/1019/754 865/2110/1532
f 1411/2111/70 384/2092/70 394/2091/70 1406/2112/70
f 318/879/70 397/2096/70 396/2086/70 319/2085/70
f 1425/2113/1533 1388/2114/1366 412/2115/1365 376/2116/1534
f 2360/1754/1 2357/1763/1 2350/1079/1 2340/1755/1
f 380/1000/70 379/999/70 390/2117/70 391/2090/70
f 370/1144/848 408/2109/1371 410/2118/1535 373/1150/854
f 1442/934/704 375/2056/1515 414/2119/1536 1396/2120/1537
f 528/171/132 475/174/135 351/1217/907 349/2121/1538
f 479/201/158 513/204/161 354/2122/1539 353/1216/906
f 1032/1273/949 978/1276/952 809/889/88
f 823/854/660 821/2070/88 809/889/88
f 2082/2123/1540 1994/2124/1541 1996/2125/1542 2077/2126/1543
f 879/976/88 1962/2127/88 1961/973/88
f 539/1994/1434 537/1993/1482 484/2128/1544 534/2129/1434
f 821/2070/88 876/961/88 873/964/88
f 1113/2130/1545 1111/470/353 1114/1056/785 1116/2131/1546
f 878/1968/88 813/886/88 809/889/88
f 536/1093/811 316/710/70 330/757/576 417/988/726
f 1520/1298/970 1526/1041/774 1444/1044/777 1443/2132/1547
f 821/2070/88 873/964/88 809/889/88
f 822/2064/88 876/961/88 821/2070/88
f 822/2064/88 877/970/88 876/961/88
f 822/2064/88 874/968/88 877/970/88
f 380/1000/70 384/2092/70 1412/1046/70 329/948/70
f 2265/2133/376 2279/2134/376 2280/2135/8 2266/2136/8
f 2352/2028/1 2349/1078/1 1863/595/460 1865/598/1
f 1592/2137/1548 1584/602/464 1624/605/467 1620/2138/1549
f 2284/1630/1223 2031/1418/1074 2088/1691/1277 2290/1690/1276
f 1105/2139/1550 911/1978/1467 1118/1977/1466
f 1115/2140/1551 915/2025/1 1110/2141/1552
f 313/609/471 740/1653/1 741/2142/1 732/606/468
f 1002/2143/981 835/2022/1502 1044/2144/982
f 416/1074/796 415/2145/1553 558/1471/1127 604/1075/797
f 436/2146/204 432/2147/204 428/1236/688 434/1235/688
f 2143/1391/1047 2171/1465/1121 2176/1464/1120 2148/1392/1048
f 1055/767/584 919/614/1 1062/617/474
f 978/1276/952 1037/2148/1554 809/889/88
f 546/2149/1555 598/1141/845 585/1890/1397 563/1889/1396
f 1225/1644/1236 926/2150/1556 1199/1335/1002
f 1359/2151/1557 1370/2152/1558 1457/921/479 1458/920/694
f 1370/2152/1558 1424/1005/741 1361/1008/480 1457/921/479
f 435/1117/828 431/1134/841 433/2153/205 437/2154/205
f 437/2154/205 433/2153/205 432/2147/204 436/2146/204
f 2617/2155/1340 1805/1813/1340 1804/1782/856 2616/1781/856
f 620/1118/687 435/1117/828 437/2154/205 623/272/205
f 2495/2156/1559 2602/61/58 2601/64/59 2493/2157/1560
f 439/1120/830 438/1959/1450 376/2116/1534 367/1932/1429
f 1067/469/352 1072/1053/782 1114/1056/785 1111/470/353
f 361/905/687 767/1819/687 769/271/205 325/906/205
f 2385/168/129 2386/167/128 1976/2158/128 1911/624/476
f 864/1022/757 927/1030/764 866/1020/755
f 433/2153/205 443/2044/205 440/2052/204 432/2147/204
f 435/1117/828 439/1120/830 367/1932/1429 368/1137/842
f 2011/1088/807 2020/1136/807 2022/1828/1349 2007/1089/808
f 443/2044/205 357/2043/205 429/2053/204 440/2052/204
f 372/1146/850 441/1145/849 431/1134/841 371/2159/1561
f 865/2110/1532 867/1019/754 937/1139/843
f 872/1010/745 897/994/732 855/998/736
f 1647/1452/1108 1648/1451/1107 1634/2160/1562 1632/795/610
f 937/1139/843 868/1021/756 865/2110/1532
f 2545/2161/1563 2526/2162/1564 2679/2163/36 2680/2164/36
f 1538/2165/1565 1485/1525/1162 1730/1942/1438 1729/2166/1566
f 1775/1468/1124 1360/2167/1567 1427/1006/742 1774/672/515
f 2055/1678/1266 2063/1675/1263 2127/2168/528 2129/1679/1130
f 928/1138/202 929/1029/203 933/268/203 932/267/202
f 833/1350/1010 942/1349/1009 940/2169/1568
f 839/1159/858 940/2169/1568 941/705/542
f 837/1348/1008 943/2170/1569 942/1349/1009
f 445/1175/874 344/1174/873 834/1160/859 944/704/22
f 831/1908/1408 945/2171/1570 943/2170/1569
f 495/1515/1153 340/858/664 334/1316/1 455/1944/1440
f 841/1972/1461 808/2000/1488 945/2171/1570
f 2128/1680/561 2389/1827/1348 2387/1829/1350 2054/1677/1265
f 993/2009/1492 1044/2144/982 835/2022/1502
f 2130/1378/1034 2293/2172/1571 2288/2173/1572 2034/1379/1035
f 1541/1330/997 1543/1329/996 1564/2174/1441 1563/2175/1573
f 633/2176/1574 634/2177/1575 500/1627/1220 502/1312/983
f 824/1971/1460 1122/1440/1096 1108/2178/1576 820/1967/1458
f 1223/2100/1525 1224/1606/1214 1228/2026/1503 1227/1689/1275
f 2039/2179/634 2041/1855/1367 2090/1856/1368 2089/2180/1308
f 1532/2181/1577 1488/2182/1578 1489/1206/898 1534/1205/897
f 947/1202/894 1010/1201/893 1186/2183/1579 1185/1188/883
f 1501/1213/903 1499/1960/1451 1491/1339/1005 1492/1214/904
f 2034/1379/1035 2048/2184/912 2050/2185/911 2035/1380/1036
f 1483/2186/1580 1481/2187/1581 1497/1928/1426 1498/1927/1425
f 469/1372/1029 467/1227/916 466/1226/915 465/1373/1030
f 961/2188/1582 969/2189/1583 968/2190/1584
f 472/2191/1585 470/1949/1443 466/1226/915 464/1228/917
f 473/1704/1286 474/1706/1288 541/2192/1586 540/2193/1452
f 474/1706/1288 482/1991/1480 539/1994/1434 541/2192/1586
f 751/815/628 323/908/689 688/1765/1327 693/816/629
f 977/2194/1587 973/888/676 974/2195/1588
f 626/989/727 627/1975/1464 486/2196/1589 485/990/728
f 2105/2197/1590 2310/2198/1591 2101/1242/927 2102/1245/925
f 518/881/672 520/2199/1085 517/2200/1086 515/2035/1508
f 2108/2201/1592 2311/2202/1593 2310/2198/1591 2105/2197/1590
f 709/67/62 520/1429/1085 523/2203/1594 710/1666/1257
f 317/2034/70 515/2035/1508 1544/2204/1595 1407/2093/70
f 1555/505/366 1558/2205/365 1556/2206/1596 1553/502/377
f 526/2207/1597 711/1668/1259 710/1666/1257 523/2203/1594
f 2069/1263/633 2070/1262/942 2093/2208/1598 2092/2209/635
f 2070/1262/942 2068/1266/944 2091/2210/1599 2093/2208/1598
f 2315/2211/1600 2314/2212/1601 2114/2213/935 2117/2214/1602
f 2117/2215/1602 2114/1255/935 2112/1254/934 2115/2033/1507
f 2119/2216/1603 2062/1285/958 2064/1284/556 2120/2217/953
f 2061/2218/1604 2099/2219/1605 2318/2220/1606 2308/2221/1607
f 713/1992/1481 483/2222/1289 538/2223/1608 537/1993/1482
f 538/2224/1608 483/1707/1289 481/1040/773 536/1093/811
f 1028/887/675 974/2195/1588 973/888/676
f 529/2225/961 477/2226/960 707/173/134 712/172/133
f 829/2003/1 343/2002/1 421/1715/1 922/2227/1
f 2073/2228/962 2072/688/530 2220/687/529 2219/2229/963
f 497/1301/973 499/1302/974 492/2230/1609 491/2231/1610
f 992/2232/971 999/2233/512 1000/2234/1611
f 998/2235/1612 1000/2234/1611 993/2009/1492
f 1000/2234/1611 999/2233/512 993/2009/1492
f 491/2231/1610 492/2230/1609 489/1974/1463 487/1973/1462
f 2073/2228/962 2076/2236/1613 2074/1936/1432 2072/688/530
f 2086/1194/888 2087/1193/887 2132/1377/1033 2131/2237/1614
f 1043/746/565 1003/1309/980 1045/1308/979
f 2089/2180/1308 2090/1856/1368 2032/1417/1073 2030/2238/1309
f 505/2239/1615 503/2240/1616 450/2241/1617 451/2242/1618
f 2092/2209/635 2093/2208/1598 2041/1855/1367 2039/2179/634
f 2128/1680/561 2129/1679/1130 2123/2037/1130 2121/742/561
f 2095/2243/1619 2096/1323/991 2038/1326/994 2036/1516/880
f 1485/1525/1162 1538/2165/1565 1540/1197/891 1486/1321/990
f 1443/2132/1547 1444/1044/777 1636/2244/1620 1590/2245/1621
f 1509/1237/922 1751/278/210 1761/1910/1410 1543/2246/996
f 2192/2247/1622 2146/2248/1623 2147/2249/1624 2193/2250/1625
f 514/2251/1626 532/2252/1290 714/1462/1118 715/203/160
f 894/1106/824 896/992/730 858/991/729 852/732/203
f 535/2253/1586 534/2129/1434 631/1938/1434 630/2254/1586
f 537/1993/1482 538/2223/1608 486/2255/1589 484/2128/1544
f 538/2224/1608 536/1093/811 485/990/728 486/2196/1589
f 540/2193/1452 541/2192/1586 535/2253/1586 533/1961/1452
f 541/2192/1586 539/1994/1434 534/2129/1434 535/2253/1586
f 452/2256/642 543/2257/802 544/1314/985 454/2258/1627
f 544/1314/985 542/1313/984 453/2259/1628 454/2258/1627
f 1339/843/1 1349/699/1 1539/698/540 1478/844/651
f 1372/754/573 1376/1981/1470 589/2260/1629 582/755/574
f 781/955/70 780/950/70 385/1832/1353 332/1831/1352
f 1108/2178/1576 1098/1442/1098 1081/1966/1457
f 1109/1413/1069 820/1967/1458 1108/2178/1576
f 1249/808/621 1253/1922/1421 1235/805/618
f 1122/1440/1096 824/1971/1460 1120/1438/1094
f 320/1057/70 316/710/70 476/894/679 527/1286/959
f 1625/1035/769 1622/1037/771 1620/2138/1549 1624/605/467
f 548/1995/1483 550/2261/1630 572/2262/1631 571/1980/1469
f 550/2261/1630 549/1982/1471 570/1983/1472 572/2262/1631
f 574/1384/1040 551/718/549 553/1394/1050 575/1381/1037
f 575/1381/1037 553/1394/1050 552/1052/781 573/1896/1403
f 561/717/548 554/599/462 556/2263/1632 562/1393/1049
f 562/1393/1049 556/2263/1632 555/1892/1399 560/1049/778
f 604/1075/797 558/1471/1127 559/1470/1126 605/1401/1057
f 559/1470/1126 557/1472/1128 603/1898/1405 605/1401/1057
f 2059/2264/1633 2097/2265/1634 2099/2266/1605 2061/2267/1604
f 1585/2268/1635 1584/602/464 1592/2137/1548 1594/1386/1042
f 1090/788/605 1925/787/604 1921/1356/1016 1083/1424/1080
f 1588/1387/1043 1587/2269/1636 1595/2270/1637 1597/1447/1103
f 1118/1977/1466 1106/2271/1638 1105/2139/1550
f 618/1402/1058 605/1401/1057 603/1898/1405 616/1897/1404
f 633/2176/1574 495/2272/1153 455/2273/1440 457/2015/1496
f 2135/2274/1639 2207/2275/1640 2205/2276/1641 2134/1094/812
f 1656/2277/1642 1657/2278/1643 578/2279/1644 577/1970/1459
f 1049/1054/783 1096/2280/1645 1074/2281/1646 1102/1055/784
f 1254/2282/1647 806/468/351 830/471/354 1253/1922/1421
f 1109/1413/1069 1081/1966/1457 1082/1414/1070
f 1080/1415/1071 1079/1408/1064 1078/1073/795
f 2166/1713/1291 2164/1714/1292 2169/1720/1295 2167/1719/1294
f 614/1076/798 600/1383/1039 602/1382/1038 615/2283/1648
f 615/2283/1648 602/1382/1038 601/1996/1484 613/1979/1468
f 2173/1096/814 2175/2284/1649 2172/1466/1122 2171/1465/1121
f 850/1699/1283 861/1105/823 925/731/202 926/2150/1556
f 1814/2285/1650 1812/315/245 1473/2286/1651 1475/2287/1652
f 524/2288/1653 526/2289/1597 523/2290/1594 521/880/671
f 594/2291/1654 596/2292/1655 593/2293/1656 591/2294/1657
f 1624/605/467 1627/604/466 1628/1696/1280 1625/1035/769
f 597/752/571 599/1140/844 621/1143/847 607/1363/1021
f 2187/2295/1658 2186/1095/813 2208/2296/1659 2210/851/657
f 598/1141/845 599/1140/844 587/1745/1313 585/1890/1397
f 1619/1420/1076 1618/2297/1660 1629/1436/1092 1631/1435/1091
f 595/1895/1402 596/2292/1655 550/2261/1630 548/1995/1483
f 596/2292/1655 594/2291/1654 549/1982/1471 550/2261/1630
f 609/1077/799 614/1076/798 615/2283/1648 612/1741/1311
f 612/1741/1311 615/2283/1648 613/1979/1468 610/1742/1312
f 573/1896/1403 601/1996/1484 602/1382/1038 575/1381/1037
f 2163/1455/1111 2190/588/453 2188/803/616 2162/2298/1661
f 1046/1370/1028 1119/2299/1662 1118/1977/1466
f 547/1460/1116 618/1402/1058 616/1897/1404 546/2149/1555
f 992/2232/971 1000/2234/1611 998/2235/1612 991/2300/1663
f 590/2301/1664 588/1050/779 583/1891/1398 584/2302/1665
f 919/614/1 1046/1370/1028 913/1976/1465
f 630/2254/1586 631/1938/1434 462/1941/1437 463/2303/1666
f 1112/857/663 1059/2304/1667 1060/2305/1668
f 1060/2305/1668 1058/2021/1501 1112/857/663
f 1059/2304/1667 1112/857/663 914/2306/1669
f 529/1288/961 526/2289/1597 524/2288/1653 527/1286/959
f 1513/1826/1347 1664/1292/965 1663/1295/968 1515/2307/1670
f 1515/2308/1670 1663/2309/968 1662/1103/821 1514/2310/1671
f 438/1959/1450 439/1120/830 625/1119/829 624/1956/1447
f 1465/1110/480 1463/1109/826 1653/1494/827 1659/632/480
f 768/270/204 622/273/204 568/2311/688 766/2312/688
f 1659/632/480 1653/1494/827 1819/1493/827 1821/633/480
f 1876/1901/693 2384/1496/693 2383/1499/807 1918/1902/807
f 2042/1476/1132 2289/2313/1348 2156/2314/808 2297/740/560
f 770/2315/1672 1818/2316/1448 1640/1957/1448 624/1956/1447
f 1074/2281/1646 1076/1456/1112 1103/1459/1115 1102/1055/784
f 1739/1626/1219 1736/2317/1673 1671/2318/1674 1525/2319/1675
f 2228/2320/1676 2290/1690/1276 2292/1693/1279 2227/2321/1677
f 636/1520/1157 690/1519/1156 692/958/721 635/957/720
f 1024/2322/933 1021/1248/930 1211/1247/929 1212/2323/1678
f 835/2022/1502 1002/2143/981 996/2324/1679
f 1669/1195/889 1486/1321/990 1484/1322/541 1524/2325/1680
f 1186/2183/1579 1138/1963/1454 1133/1189/884
f 1191/1187/882 995/1190/885 1137/1909/1409
f 634/2177/1575 694/1632/1224 687/818/631 500/1627/1220
f 1122/1440/1096 1100/1439/1095 1098/1442/1098 1108/2178/1576
f 1150/537/402 1140/1536/1173 1139/553/418 1155/538/403
f 1686/2326/1681 1684/576/441 1692/1567/1204 1699/1566/1203
f 1698/2327/1682 651/1543/1180 643/1544/1181 1685/1886/1394
f 2245/1882/1390 2234/1881/1389 2237/2328/1683 2252/1556/1193
f 294/730/554 295/729/553 650/1532/1169 657/2329/1684
f 2250/1879/1387 2243/1538/1175 2230/559/424 2233/1880/1388
f 1675/536/401 1686/2326/1681 1699/1566/1203 1693/1546/1183
f 2253/2330/1685 2239/2331/1686 2240/1875/1383 2248/2332/1687
f 657/2329/1684 644/1872/1380 645/1871/1379 652/2333/1688
f 1683/575/440 1682/545/410 1691/2334/1689 1697/2335/1690
f 639/1541/1178 638/569/434 311/572/437 310/1883/1391
f 649/1540/1177 654/2336/1691 638/569/434 639/1541/1178
f 300/1590/1212 654/2336/1691 649/1540/1177 299/1869/1377
f 2235/2337/1692 1859/2338/1693 1858/2339/1694 2236/2340/1695
f 298/1870/1378 656/1539/1176 651/1543/1180 297/2341/1696
f 294/730/554 657/2329/1684 652/2333/1688 293/2342/1697
f 1838/2343/1698 2253/2330/1685 2248/2332/1687 1837/2344/1699
f 1848/2345/1700 1849/2346/1701 2255/2347/1702 2249/2348/1703
f 1843/1562/1199 2243/1538/1175 2250/1879/1387 1842/2349/1704
f 653/2350/1705 647/1887/1395 648/570/435 659/2351/1706
f 2244/2352/1707 2249/2348/1703 2231/2353/1708 2232/2354/1709
f 297/2341/1696 651/1543/1180 1698/2327/1682 1298/2355/1710
f 301/1593/1213 291/2356/1711 653/2350/1705 659/2351/1706
f 1697/2335/1690 1691/2334/1689 1293/1589/1211 1292/2357/1712
f 1303/1565/1202 1291/1568/1205 1712/1595/22 1711/1572/5
f 1848/2345/1700 2266/2136/8 2267/2358/5 1849/2346/1701
f 661/2359/9 662/727/389 294/730/554 293/2342/1697
f 298/1870/1378 666/2360/32 667/2361/390 299/1869/1377
f 1845/1554/1191 2263/2362/1713 2264/2363/373 1846/1551/1188
f 1298/2355/1710 1299/2364/1714 1707/2365/1713 1706/2366/36
f 2260/2367/382 2261/1584/1 1843/1562/1199 1842/2349/1704
f 1755/1916/1416 516/65/60 347/1894/1401 1746/1917/1417
f 790/1563/1200 791/540/405 1168/1575/390 1167/1602/32
f 2257/1620/17 2258/1618/372 1840/1555/1192 1839/1558/1195
f 1293/1589/1211 1701/1588/17 1700/2368/20 1292/2357/1712
f 2268/2369/22 2256/2370/20 1838/2343/1698 1837/2344/1699
f 669/1592/40 681/1861/40 671/1864/15 670/2371/15
f 668/1591/37 680/2372/37 681/1861/40 669/1592/40
f 667/2361/390 679/1860/390 680/2372/37 668/1591/37
f 1164/1586/52 1176/1614/52 1175/1599/389 1163/1587/389
f 675/1851/52 676/1853/1063 664/2373/1063 663/728/52
f 1706/2366/36 1720/2374/36 677/2375/383 665/2376/383
f 676/1853/1063 1719/1611/1 1705/1610/1 664/2373/1063
f 519/68/63 522/1667/1258 352/2377/1715 348/1893/1400
f 674/1848/389 675/1851/52 663/728/52 662/727/389
f 673/1849/9 674/1848/389 662/727/389 661/2359/9
f 672/2378/44 673/1849/9 661/2359/9 660/2379/44
f 1700/2368/20 1714/526/20 1713/529/22 1712/1595/22
f 2295/1512/1150 2091/2210/1599 2068/1266/944 2296/1513/1151
f 1001/2380/1716 1194/749/568 1188/2381/1717
f 461/1500/1141 463/2303/1666 472/2191/1585 471/2382/1718
f 685/1518/1155 509/2013/1494 450/2241/1617 684/2383/1719
f 819/1492/59 1183/2384/1720 1184/1820/518
f 2292/1693/1279 2040/1692/1278 2091/2210/1599 2295/1512/1150
f 1195/696/538 1138/1963/1454 1187/697/539
f 691/1766/1328 467/1227/916 453/2259/1628 688/1765/1327
f 686/1633/1225 456/2014/1495 509/2013/1494 685/1518/1155
f 1188/2381/1717 1138/1963/1454 1195/696/538
f 2289/2313/1348 2042/1476/1132 2052/1920/1419 2283/1919/1348
f 1488/2182/1578 1532/2181/1577 1734/1443/1099 1736/2317/1673
f 1735/1636/1228 1496/1635/1227 1493/657/500 1726/656/499
f 1495/2385/1721 1494/664/507 1519/663/506 1499/1960/1451
f 348/1893/1400 352/2377/1715 700/2386/1722 699/1003/739
f 1746/1917/1417 347/1894/1401 701/1002/738 1383/2387/1723
f 353/1216/906 720/1688/1274 702/2388/1724 351/1217/907
f 1745/2389/1725 1743/1640/1232 1352/2059/1518 1351/1914/1414
f 349/2121/1538 351/1217/907 702/2388/1724 704/2390/1726
f 921/872/1 917/871/1 1101/1458/1114 1075/1457/1113
f 1905/1663/1254 1903/2063/1521 2307/1687/1273 2301/1664/1255
f 354/2122/1539 723/1099/817 720/1688/1274 353/1216/906
f 2625/15/15 2377/1945/15 1813/314/16 2624/16/16
f 1755/1916/1416 1545/2391/1727 708/66/61 516/65/60
f 1212/2323/1678 1211/1247/929 1020/942/712 1023/941/711
f 1213/2392/1728 1212/2323/1678 1023/941/711 1026/945/715
f 1214/2393/1729 1213/2392/1728 1026/945/715 1029/947/717
f 1209/2394/1730 1214/2393/1729 1029/947/717 972/2395/1731
f 1217/646/489 1208/2396/1732 976/2397/1733 1014/647/490
f 1208/2396/1732 1209/2394/1730 972/2395/1731 976/2397/1733
f 936/734/202 939/733/203 929/1029/203 928/1138/202
f 1785/2398/1734 1784/2399/1735 1787/2400/1736 1788/2401/1734
f 718/1001/737 1762/901/684 1383/2387/1723 701/1002/738
f 1768/1659/1250 1747/2402/1737 1767/2403/1738 1748/2404/1739
f 1743/1640/1232 1745/2389/1725 1766/900/683 1764/1467/1123
f 719/1925/1423 721/1924/1422 704/2390/1726 702/2388/1724
f 2158/592/457 1930/2405/1740 1928/1728/1301 2155/593/458
f 722/1929/1427 717/1934/1430 700/2386/1722 705/2406/1741
f 1200/2055/1514 1222/1681/1267 1205/659/502
f 851/993/731 898/995/733 855/998/736 897/994/732
f 727/1935/1431 726/1930/1428 401/2103/1528 356/2102/1527
f 1763/902/685 728/2038/1510 403/2020/1500 1384/2019/1499
f 727/1935/1431 356/2102/1527 403/2020/1500 728/2038/1510
f 725/1926/1424 399/2104/1529 401/2103/1528 726/1930/1428
f 1370/2152/1558 1359/2151/1557 1777/2407/1742 1772/2408/1743
f 850/1699/1283 1200/2055/1514 1231/658/501
f 430/1098/816 697/1100/818 772/2409/1744 442/2054/1513
f 923/1334/1001 970/1333/1000 971/2410/1745
f 1455/2411/1746 1562/1912/1412 1542/1911/1411 1358/1661/1252
f 530/1461/1117 482/1991/1480 474/1706/1288 427/1705/1287
f 2345/613/1 1788/2401/1734 1793/1989/1478 2354/597/1
f 2092/826/635 1896/825/1 1887/819/1 2069/822/633
f 915/2025/1 1233/2412/1 1110/2141/1552
f 1448/2023/1 1451/2024/1 1798/2413/1 1778/2414/1
f 916/1345/1 1234/1743/1 1236/1346/1
f 732/606/468 741/2142/1 745/2415/1 746/1365/1023
f 567/2416/1747 734/1986/1475 737/1733/1305 569/1735/1307
f 24/199/156 2779/200/157 2749/2417/1748 1/2418/1749
f 1572/2067/956 1502/2419/1750 1824/2420/1751 1826/2068/498
f 1317/1988/1477 1865/598/1 2354/597/1 1793/1989/1478
f 1929/1732/1 1371/2421/1734 1785/2398/1734 2342/612/1
f 1067/469/352 1242/1751/1317 1070/1405/1061
f 750/1985/1474 749/1984/1473 735/2422/1735 738/2423/1752
f 2342/612/1 1785/2398/1734 1788/2401/1734 2345/613/1
f 738/2423/1752 735/2422/1735 736/2424/1734 739/2425/1734
f 336/1740/1310 742/2426/1753 609/1077/799 612/1741/1311
f 2349/1078/1 2352/2028/1 2335/1711/1 2337/2427/1
f 745/2415/1 748/2428/1 730/1712/1 742/2426/1753
f 1869/891/88 1870/2089/88 2112/1254/934 2109/1257/937
f 1864/1762/1325 2346/2429/1754 2362/1757/1320 2359/1756/1319
f 2361/2430/1304 2362/1757/1320 2346/2429/1754 2341/2431/1755
f 1784/2399/1735 1781/2432/1756 1794/2433/1757 1799/2434/1473
f 423/2435/1 748/2428/1 733/1716/1 421/1715/1
f 1798/2413/1 1782/2436/1 1790/2437/1 1795/2438/1
f 747/1366/1024 750/1985/1474 738/2423/1752 743/607/469
f 747/1366/1024 746/1365/1023 336/1740/1310 314/2439/1758
f 746/1365/1023 745/2415/1 742/2426/1753 336/1740/1310
f 1737/1965/1456 1732/1637/1229 1327/1158/857 1801/1815/1342
f 2541/2440/1759 2520/2441/1760 2674/2442/36 2675/2443/36
f 2669/2444/36 2668/2445/36 2420/2446/36 2423/2447/36
f 2688/2448/36 2686/2449/36 2444/2450/36 2454/2451/36
f 2494/1905/1407 2492/2452/1761 2661/2453/36 2662/1906/36
f 2525/2454/1762 2617/2155/1340 2616/1781/856 2523/2455/1763
f 1329/713/480 1365/1799/827 1366/1801/827 1328/714/480
f 1362/1130/838 1374/2456/1764 1373/628/88 1363/627/478
f 1266/2457/1765 945/2171/1570 808/2000/1488
f 2476/2458/1766 2653/2459/36 2652/2460/36 2473/2461/1767
f 2651/2462/36 2407/2463/36 2405/2464/36 2650/2465/36
f 2590/1790/627 2591/1785/1331 2475/1788/1334 2470/2466/1768
f 2585/2467/688 753/910/688 754/909/690 2586/2468/690
f 2539/2469/1769 2518/2470/1770 2671/2471/36 2673/2472/36
f 759/1642/1234 765/1808/1335 751/815/628 315/817/630
f 2499/2473/1771 2606/2474/1772 2605/2475/1570 2514/2476/1773
f 2379/2477/1774 2367/2478/1775 1874/2479/1776 2363/2480/1777
f 358/2481/1778 1374/2456/1764 1818/2316/1448 770/2315/1672
f 1820/630/479 1821/633/480 1329/713/480 1369/712/479
f 620/1118/687 767/1819/687 771/2482/829 625/1119/829
f 624/1956/1447 625/1119/829 771/2482/829 770/2315/1672
f 2382/2483/550 1914/1951/550 1976/2158/128 2386/167/128
f 1330/1156/856 1727/655/498 1733/1624/498 1817/1598/856
f 1918/1902/807 2383/1499/807 2380/2484/808 1877/2485/808
f 2389/1827/1348 2388/741/560 2013/1090/808 2007/1089/808
f 696/1501/921 568/2311/688 434/1235/688 773/1234/921
f 1471/923/695 1456/2486/856 1826/2068/498 1824/2420/1751
f 2390/2487/1779 1883/1270/946 2393/2488/581 2167/1719/1294
f 2393/2488/581 1958/1269/945 1959/1837/1357 2391/860/580
f 1827/2489/1780 1336/1362/1020 1410/1839/1359 1829/693/535
f 776/1969/149 386/2490/1781 1375/2491/1782 1831/2492/1
f 880/1833/1354 1290/2066/88 1288/2065/88
f 1288/2065/88 822/2064/88 1289/1702/88
f 823/854/660 882/1700/1284 1287/1703/88
f 781/955/70 332/1831/1352 387/1838/1358 779/956/70
f 1834/2071/70 1375/2491/1782 386/2490/1781 782/949/70
f 1285/1836/1356 882/1700/1284 823/854/660
f 1984/1016/751 1986/2493/1783 2270/2494/20 2269/2495/22
f 1986/2493/1783 1983/494/370 2271/497/17 2270/2494/20
f 985/2496/1490 986/2497/1784 508/2498/1785 507/2499/1489
f 1763/902/685 1384/2019/1499 1429/2101/1526 1776/903/686
f 677/2375/383 414/2500/1536 413/1858/1369 678/1857/32
f 2276/510/36 1946/513/385 1991/1034/768 2277/2501/1713
f 1720/2374/36 1396/2502/1537 414/2500/1536 677/2375/383
f 1718/1612/382 1439/2503/1786 1430/2504/881 1717/1736/1208
f 1982/495/371 1980/2505/1787 2273/2506/1208 2272/496/372
f 679/1860/390 411/1859/1370 410/2507/1535 680/2372/37
f 680/2372/37 410/2507/1535 408/1862/1371 681/1861/40
f 1182/524/40 1172/491/15 902/490/368 903/525/393
f 1306/546/411 1305/574/439 2700/532/88
f 2232/2354/1709 2231/2353/1708 1861/2508/1788 1860/2509/1789
f 950/747/566 964/849/655 1192/2510/1790 1189/748/567
f 642/1542/1179 309/1884/1392 308/531/397 643/1544/1181
f 2238/2511/1791 2237/2328/1683 1853/2512/1792 1852/2513/1793
f 2239/2331/1686 1851/2514/1794 1850/1876/1384 2240/1875/1383
f 2231/2353/1708 2242/1874/1382 1862/1877/1385 1861/2508/1788
f 2230/559/424 1856/558/423 1855/325/253 2233/1880/1388
f 2232/2354/1709 1860/2509/1789 1859/2338/1693 2235/2337/1692
f 2237/2328/1683 2234/1881/1389 1854/327/255 1853/2512/1792
f 1857/2515/1795 800/541/406 1144/544/409 2241/2516/1796
f 659/2351/1706 648/570/435 638/569/434 654/2336/1691
f 2239/2331/1686 2238/2511/1791 1852/2513/1793 1851/2514/1794
f 1314/534/399 1313/2517/1797 2700/532/88
f 304/1873/1381 305/586/451 2700/532/88
f 310/1883/1391 311/572/437 2700/532/88
f 1305/574/439 1304/573/438 2700/532/88
f 1313/2517/1797 1312/2518/1798 2700/532/88
f 303/2519/1799 304/1873/1381 2700/532/88
f 309/1884/1392 310/1883/1391 2700/532/88
f 1312/2518/1798 1311/530/396 2700/532/88
f 302/585/450 303/2519/1799 2700/532/88
f 308/531/397 309/1884/1392 2700/532/88
f 1310/583/448 1309/579/444 2700/532/88
f 920/615/1 921/872/1 1075/1457/1113 1052/616/473
f 2151/1097/815 2173/1096/814 2171/1465/1121 2143/1391/1047
f 313/609/471 744/608/470 1250/2520/1 807/1068/1
f 1586/1388/1044 1596/1448/1104 1452/2521/1
f 1992/1032/766 1946/513/385 909/512/384 870/1028/763
f 1104/2522/1800 1117/2523/1801 1099/830/639 1120/1438/1094
f 1864/1762/1325 1888/1761/1324 2199/1454/1110 2154/1229/918
f 2338/1080/800 2350/1079/1 2357/1763/1 2358/1760/1323
f 1262/2524/552 814/726/552 854/2525/1802 1263/2526/1802
f 1260/63/59 815/2527/59 859/2528/202 1265/2529/202
f 1803/1114/480 1809/1783/479 1368/715/479 1328/714/480
f 1806/1948/839 1325/1800/839 1363/627/478 1807/626/478
f 2693/461/36 2459/484/36 2447/2530/36 2692/2531/36
f 1341/2532/1803 1672/2533/1804 1523/1446/1102
f 1343/2534/1805 1525/2319/1675 1671/2318/1674
f 2118/1676/1264 2098/2535/1806 2318/2220/1606 2317/1278/954
f 2312/652/495 2104/936/706 1900/939/709 2303/653/496
f 968/2190/1584 1184/1820/518 1183/2384/1720 961/2188/1582
f 2324/1683/1269 2305/2536/1807 2334/2537/1808 2329/2538/1809
f 2326/1684/1270 2324/1683/1269 2329/2538/1809 2330/1697/1281
f 2049/2539/1810 2050/1222/911 2046/1225/914 2083/2540/1811
f 2327/1686/1272 2326/1684/1270 2330/1697/1281 2331/1698/1282
f 1982/495/371 1936/2541/1812 1935/2542/1813 1980/2505/1787
f 2322/2543/1814 2327/1686/1272 2331/1698/1282 2332/2544/1815
f 2333/2545/1816 2323/1209/899 2321/2546/1817 2332/2544/1815
f 1132/1505/1144 959/2547/1818 988/1307/978 1129/1478/1134
f 1346/2548/1819 1671/2318/1674 1672/2533/1804
f 2037/1325/993 2286/1638/1230 2294/1522/1159 2226/1521/1158
f 2095/2549/1619 2036/1185/880 1885/1184/1 1898/874/1
f 2375/2039/1511 2025/2550/1511 2028/1180/15 2377/1945/15
f 763/1789/1331 446/1171/870 444/1173/872 761/2010/1332
f 1541/1330/997 1563/2175/1573 1320/2551/70
f 2512/2552/1820 2600/2553/202 2599/2554/203 2491/2555/1821
f 2047/1224/913 2051/1937/1433 2074/1936/1432 2046/1225/914
f 1264/919/551 857/723/551 814/726/552 1262/2524/552
f 1912/625/477 1872/928/128 2368/720/128 2369/1805/477
f 1125/2556/1822 934/1126/836 2018/1125/835 2196/1816/1143
f 2184/2557/1823 2183/680/522 2180/679/521 2181/2558/1824
f 488/1940/1436 490/1950/1444 470/1949/1443 462/1941/1437
f 2297/740/560 2156/2314/808 2013/1090/808 2388/741/560
f 1342/2559/1825 1668/1445/1101 1673/2560/1826
f 822/2064/88 1962/2127/88 879/976/88 875/965/88
f 1618/2297/1660 1612/2561/1827 1629/1436/1092
f 1372/754/573 1655/2562/1828 1608/1432/1088
f 1331/690/532 1829/693/535 1334/1101/819
f 1320/2551/70 1398/2079/70 1404/972/70
f 2167/1719/1294 2393/2488/581 2391/860/580 2165/859/665
f 2194/1718/1293 2197/1721/1296 1878/853/659 2392/2563/1829
f 1334/1101/819 1335/641/484 1331/690/532
f 1611/761/578 1827/2489/1780 1638/692/534
f 1350/2564/1830 1523/1446/1102 1668/1445/1101
f 2182/2565/1831 1932/2566/1832 1926/2567/1833 2137/2568/1834
f 1446/1043/776 1650/2569/1835 1444/1044/777
f 2154/1229/918 2199/1454/1110 2202/590/455 2159/1063/790
f 1925/787/604 1927/786/603 2179/2570/1836 2177/1357/1017
f 806/468/351 1254/2282/1647 1257/1752/1318 1242/1751/1317
f 2000/802/1 2004/876/1 2162/2298/1661 2188/803/616
f 1071/834/643 1068/1729/1302 1928/1728/1301 1930/2405/1740
f 2137/2568/1834 1926/2567/1833 1930/2405/1740 2158/592/457
f 917/871/1 915/2025/1 1115/2140/1551 1101/1458/1114
f 2338/1080/800 2353/1759/1322 2355/596/461 1863/595/460
f 1095/2571/1837 1932/2566/1832 1927/786/603 1092/785/602
f 1836/2572/70 1834/2071/70 1412/1046/70 1333/1045/70
f 2378/2573/1838 2372/2574/1839 2029/2575/1838 2027/1824/1346
f 1737/1965/1456 1801/1815/1342 1319/2576/1840
f 1342/2559/1825 1737/1965/1456 1319/2576/1840
f 986/2497/1784 984/1842/1361 506/2577/1841 508/2498/1785
f 838/1695/1 826/1694/1 955/2578/1842 1008/2579/1843
f 1267/2580/1772 1270/2581/698 942/1349/1009 943/2170/1569
f 1497/2582/1426 1481/2583/1581 1522/1042/775
f 2374/708/545 2024/642/485 2025/2550/1511 2375/2039/1511
f 415/2145/1553 491/2231/1610 487/1973/1462 419/1473/1129
f 2129/1679/1130 2127/2168/528 2122/1038/528 2123/2037/1130
f 826/1694/1 836/870/1 1005/2584/1844 955/2578/1842
f 1589/638/481 1335/641/484 1334/1101/819
f 607/1363/1021 621/1143/847 331/768/585 327/756/575
f 1334/1101/819 1644/1104/822 1589/638/481
f 2208/2296/1659 2191/2585/1845 2145/2586/1846 1882/852/658
f 1344/2587/1847 1446/1043/776 1522/1042/775
f 343/2002/1 333/2006/1 423/2435/1 421/1715/1
f 333/2006/1 341/866/1 420/868/1 423/2435/1
f 1450/794/1 1345/842/1 1448/2023/1
f 341/866/1 335/2018/1 426/1888/1 422/867/1
f 840/878/1 828/869/1 921/872/1 920/615/1
f 810/884/88 1016/883/674 1019/1251/932 811/899/88
f 318/879/70 319/2085/70 524/2288/1653 521/880/671
f 1610/1433/1089 1657/2278/1643 1656/2277/1642 1609/762/579
f 2162/2298/1661 2139/1397/1053 2141/1399/1055 2163/1455/1111
f 2090/1856/1368 2088/1691/1277 2031/1418/1074 2032/1417/1073
f 1505/2588/1848 1507/1327/995 1320/2551/70
f 319/2085/70 320/1057/70 527/1286/959 524/2288/1653
f 1507/1327/995 1541/1330/997 1320/2551/70
f 2320/2589/1849 2319/1210/900 2323/1209/899 2333/2545/1816
f 895/725/552 853/1485/1139 854/2525/1802 814/726/552
f 2364/1804/70 1263/2526/1802 854/2525/1802 1922/622/70
f 1994/2124/1541 2082/2123/1540 2075/839/648 1993/838/647
f 2598/2590/551 2599/2554/203 1259/917/203 1264/919/551
f 362/904/687 324/618/205 752/621/205 757/2050/687
f 2020/1136/807 2008/1511/807 2009/1997/1485 2022/1828/1349
f 2581/2591/829 755/2051/829 757/2050/687 2582/2592/687
f 1915/929/550 1875/1900/693 2365/2593/693 2370/721/550
f 1748/2404/1739 1777/2407/1742 1742/2594/1850
f 1944/1033/767 1992/1032/766 1981/997/735 1913/2595/1851
f 834/1160/859 839/1159/858 941/705/542 944/704/22
f 2107/937/707 2110/2596/1852 1905/1663/1254 1901/938/708
f 2110/2596/1852 2113/2060/216 1903/2063/1521 1905/1663/1254
f 1980/2505/1787 1989/506/380 2274/509/382 2273/2506/1208
f 1333/1045/70 1833/1360/70 1836/2572/70
f 2388/741/560 2389/1827/1348 2128/1680/561 2121/742/561
f 1332/2597/70 1835/1361/70 1333/1045/70
f 1962/2127/88 2397/2598/88 2399/2599/88 1880/2600/88
f 1332/2597/70 1334/1101/819 1832/1840/70
f 1954/2601/88 1963/2602/88 1964/2603/88 1948/2604/88
f 1951/2605/88 1950/2606/88 1965/2607/88 1966/2608/88
f 1953/2084/88 1967/2083/88 1965/2607/88 1950/2606/88
f 1871/2031/88 1968/2609/88 1963/2602/88 1954/2601/88
f 893/2610/88 1949/2611/88 1957/885/88 810/884/88
f 884/963/88 883/2612/88 878/1968/88 873/964/88
f 1436/2613/394 1433/1011/746 1387/1014/749 1390/2614/1853
f 1870/2089/88 1971/2088/88 1968/2609/88 1871/2031/88
f 413/2615/1369 377/1148/852 374/1151/855 411/2616/1370
f 1422/2617/70 1423/2618/70 1321/2619/70 1322/2620/70
f 1961/973/88 1955/2621/88 1969/2622/88 1956/974/88
f 1868/890/88 1973/2623/88 1972/2087/88 1869/891/88
f 2200/1508/1147 2218/1291/964 1995/1061/788 1881/1060/787
f 363/2042/1512 402/1147/851 356/2102/1527 401/2103/1528
f 1981/997/735 1934/996/734 1979/2624/1854 1913/2595/1851
f 1400/2077/70 1333/1045/70 1401/1048/70
f 1913/2595/1851 1979/2624/1854 1909/1259/939 1978/1258/938
f 1916/912/692 1977/1260/940 1974/1509/1148 1910/913/693
f 372/1146/850 371/2159/1561 409/2625/1855 407/2108/1372
f 1936/2541/1812 1982/495/371 1983/494/370 1937/2626/1856
f 1391/2627/1857 1434/2628/395 1436/2613/394 1390/2614/1853
f 1941/1015/750 1940/1353/1013 1986/2493/1783 1984/1016/751
f 1942/1404/1060 1987/1403/1059 1988/500/375 1943/2106/1531
f 1937/2626/1856 1983/494/370 1986/2493/1783 1940/1353/1013
f 1870/2089/88 1871/2031/88 2115/2033/1507 2112/1254/934
f 376/2116/1534 412/2115/1365 404/1933/1364 367/1932/1429
f 377/1148/852 413/2615/1369 414/2119/1536 375/2056/1515
f 2075/839/648 2076/2629/1613 2073/1289/962 2071/840/649
f 907/1025/760 1938/507/381 1975/1023/758 871/1026/761
f 846/2630/1858 972/2395/1731 1029/947/717 844/946/716
f 976/2397/1733 848/2631/1859 849/1643/1235 1014/647/490
f 1563/2175/1573 1510/2632/1860 1320/2551/70
f 1334/1101/819 1332/2597/70 1320/2551/70
f 1581/775/592 1626/774/591 1628/1696/1280 1582/1375/1031
f 1405/1047/70 1412/1046/70 1411/2111/70
f 2127/2168/528 2125/738/558 2065/1039/772 2122/1038/528
f 1332/2597/70 1402/2633/70 1398/2079/70
f 2159/1063/790 2202/590/455 2189/589/454 2136/811/624
f 1404/972/70 1324/138/70 1320/2551/70
f 2308/2221/1607 2309/2634/1861 2058/2635/1862 2061/2218/1604
f 416/1074/796 497/1301/973 491/2231/1610 415/2145/1553
f 1332/2597/70 1398/2079/70 1320/2551/70
f 1333/1045/70 1402/2633/70 1332/2597/70
f 1333/1045/70 1403/2076/70 1402/2633/70
f 1333/1045/70 1400/2077/70 1403/2076/70
f 1951/2605/88 1955/2621/88 1962/2127/88 1880/2600/88
f 916/1345/1 838/1695/1 829/2003/1 922/2227/1
f 1902/2062/1520 2306/1685/1271 2307/1687/1273 1903/2063/1521
f 2148/1392/1048 2176/1464/1120 2180/679/521 2140/678/520
f 577/1970/1459 776/1969/149 1831/2492/1 1656/2277/1642
f 1636/2244/1620 1444/1044/777 1650/2569/1835
f 1647/1452/1108 1448/2023/1 1642/1449/1105
f 948/1203/895 1006/2636/1863 1005/2637/1844 946/2638/1015
f 1530/2639/1864 1344/2587/1847 1575/2640/1865
f 1994/2124/1541 1993/838/647 2146/2248/1623 2192/2247/1622
f 2103/893/678 2105/2641/1590 2102/1240/925 2100/882/673
f 1603/782/599 1580/2642/1866 1633/2643/1867 1646/783/600
f 1586/1388/1044 1452/2521/1 1593/1385/1041
f 1510/2632/1860 1568/2644/1868 1320/2551/70
f 689/2645/920 683/1631/920 326/1218/688 766/2312/688
f 1771/1660/1251 1458/920/694 1741/2646/1869
f 2008/1511/807 1919/1510/1149 1908/2647/1870 2009/1997/1485
f 1358/1661/1252 1771/1660/1251 1741/2646/1869 1455/2411/1746
f 2014/2648/1871 2010/1352/1012 2012/1135/693 2016/2649/693
f 2016/2649/693 2012/1135/693 2011/1088/807 2015/1087/807
f 1462/2650/856 1464/1112/479 1658/631/479 1600/1597/856
f 2209/2651/550 2014/2648/1871 2016/2649/693 2215/1497/693
f 2523/2455/1763 2616/1781/856 2615/1784/479 2540/2652/1872
f 2019/2653/1873 2017/1817/1343 1945/1024/759 1935/2542/1813
f 376/2116/1534 438/1959/1450 1467/1958/1449 1425/2113/1533
f 1821/633/480 1819/1493/827 1365/1799/827 1329/713/480
f 2497/2654/1874 2604/2655/1765 2603/2656/1875 2516/2657/1876
f 1387/1014/749 1459/1108/825 1390/2614/1853
f 2172/1466/1122 2175/2284/1649 2174/2658/1877 2170/1358/1018
f 2014/2648/1871 2019/2653/1873 1935/2542/1813 1936/2541/1812
f 954/2659/1878 1012/1204/896 1011/2660/1014 952/2661/1879
f 431/1134/841 441/1145/849 443/2044/205 433/2153/205
f 927/1030/764 937/1139/843 867/1019/754 866/1020/755
f 1389/2662/1880 1391/2627/1857 1470/2097/1522
f 1397/2663/1881 1428/2098/1523 1364/932/702
f 1916/912/692 2021/911/691 1942/1404/1060 1978/1258/938
f 1470/2097/1522 1392/141/105 1389/2662/1880
f 2695/2664/36 2458/2665/36 2448/483/36 2694/460/36
f 1873/2666/808 1877/2485/808 2282/1918/1418 1874/2667/1776
f 1897/645/488 2081/644/487 2078/1514/1152 1892/1177/876
f 2063/1675/1263 2316/735/555 2125/738/558 2127/2168/528
f 848/2631/1859 976/2397/1733 972/2395/1731 846/2630/1858
f 1343/2534/1805 1475/2287/1652 1473/2286/1651
f 1348/1178/877 1473/2286/1651 1474/1179/16
f 1346/2548/1819 1476/2668/1882 1475/2287/1652
f 2025/2550/1511 1897/645/488 1892/1177/876 2028/1180/15
f 1341/2532/1803 1477/2669/1339 1476/2668/1882
f 827/877/1 835/2022/1502 996/2324/1679 952/2670/1879
f 1350/2564/1830 1319/2576/1840 1477/2669/1339
f 1041/951/718 970/1333/1000 1280/677/519 1282/676/518
f 1522/1042/775 1575/2640/1865 1344/2587/1847
f 2284/1630/1223 2290/1690/1276 2079/2671/1883 2224/2672/1884
f 1003/1309/980 1134/2673/1885 996/2674/1679 1002/1310/981
f 2027/1824/1346 1889/2675/1886 2228/2320/1676 1895/2676/1887
f 1012/1204/896 948/1203/895 946/2638/1015 1011/2660/1014
f 451/2242/1618 450/2241/1617 509/2013/1494 511/2012/1493
f 1006/2636/1863 957/1320/989 955/2677/1842 1005/2637/1844
f 460/2678/1888 459/2679/1889 503/2240/1616 505/2239/1615
f 2042/1476/1132 2044/1475/1131 2053/2680/1890 2052/1920/1419
f 2053/2680/1890 2044/1475/1131 2043/689/531 2051/1937/1433
f 950/747/566 951/1220/909 966/667/510 964/849/655
f 2035/1380/1036 2050/2185/911 2049/2681/1810 2033/2682/1891
f 1493/657/500 1501/1213/903 1500/654/497
f 2053/2680/1890 2051/1937/1433 2047/1224/913 2045/1921/1420
f 1042/2683/1003 971/2410/1745 970/1333/1000 1041/951/718
f 1040/2684/1144 979/2685/1892 971/2410/1745 1042/2683/1003
f 1208/2396/1732 977/2686/1587 974/2687/1588 1209/2394/1730
f 1509/1328/922 1505/2588/1848 1506/2688/923
f 515/2035/1508 517/2200/1086 1546/2689/1893 1544/2204/1595
f 2579/2690/1894 2556/2691/1895 2557/459/344 2578/458/343
f 1018/1241/926 1021/1252/930 1019/1251/932 1016/883/674
f 517/1430/1086 708/66/61 1545/2391/1727 1546/2692/1893
f 2311/2202/1593 2108/2201/1592 2111/2693/936 2313/2694/1896
f 2108/2695/1592 2106/892/677 2109/1257/937 2111/1256/936
f 1810/2696/1336 1319/2576/1840 1801/1815/1342 1816/1814/1341
f 2114/2213/935 2314/2212/1601 2313/2694/1896 2111/2693/936
f 1009/1319/988 986/2497/1784 985/2496/1490 1008/2697/1843
f 1007/1318/987 984/1842/1361 986/2497/1784 1009/1319/988
f 1214/2393/1729 1030/2698/947 1027/2699/948 1213/2392/1728
f 855/998/736 1981/997/735 1992/1032/766 870/1028/763
f 982/1483/1137 1037/2148/1554 1039/2700/1897 983/1481/1136
f 532/2252/1290 483/2222/1289 713/1992/1481 714/1462/1118
f 1039/2701/1897 980/2702/951 1215/2703/1898 1038/2704/1899
f 454/2258/1627 469/1372/1029 468/1371/640 452/2256/642
f 1559/2705/1900 1506/2688/923 1505/2588/1848
f 2117/2214/1602 2058/2635/1862 2309/2634/1861 2315/2211/1600
f 1128/1482/1135 989/2706/977 987/2707/1901 1127/856/662
f 2279/501/376 1988/500/375 1987/1403/1059 2280/1844/8
f 2082/2123/1540 2084/2708/1902 2076/2629/1613 2075/839/648
f 1521/1296/505 1527/2709/508 1528/1297/969
f 1526/1041/774 1528/1297/969 1522/1042/775
f 1528/1297/969 1527/2709/508 1522/1042/775
f 905/522/391 903/525/393 865/2110/1532 868/1021/756
f 2779/2710/157 2844/380/271 2828/2711/1903 2749/2712/1748
f 495/2272/1153 633/2176/1574 502/1312/983 501/2713/801
f 1574/1964/1455 1531/1196/890 1576/2714/1904
f 1770/671/514 1765/1641/1233 1775/1468/1124 1774/672/515
f 1482/1634/1226 1483/2186/1580 1498/1927/1425 1496/1635/1227
f 957/1320/989 1009/1319/988 1008/2697/1843 955/2677/1842
f 2093/2208/1598 2091/2210/1599 2040/1692/1278 2041/1855/1367
f 1011/1354/1014 840/878/1 827/877/1 952/2670/1879
f 2004/876/1 2003/875/1 2139/1397/1053 2162/2298/1661
f 975/2036/1509 977/2194/1587 1015/1332/999 1013/1331/998
f 480/2715/924 514/2251/1626 715/203/160 706/202/159
f 2097/2265/1634 2119/2216/1603 2120/2217/953 2099/2266/1605
f 2099/2219/1605 2120/1277/953 2317/1278/954 2318/2220/1606
f 2121/742/561 2123/2037/1130 2222/1474/1130 2221/739/559
f 1132/1505/1144 1035/1504/1144 1036/1337/1003 1131/1336/1003
f 1338/700/1 1344/2587/1847 1524/2716/1680 1484/701/541
f 833/1350/1010 940/2169/1568 839/1159/858 997/1162/861
f 1036/1337/1003 1042/2683/1003 1041/951/718 1034/953/718
f 1035/1504/1144 1040/2684/1144 1042/2683/1003 1036/1337/1003
f 949/1221/910 951/1220/909 1045/1308/979 1044/1311/982
f 950/747/566 1043/746/565 1045/1308/979 951/1220/909
f 1945/1024/759 2017/1817/1343 2018/1125/835 1975/1023/758
f 983/1480/1136 1039/2701/1897 1038/2704/1899 981/1477/1133
f 2001/1753/1 1998/801/1 2336/2717/1 2360/1754/1
f 1639/1437/1093 1629/1436/1092 1612/2561/1827
f 1641/691/533 1331/690/532 1639/1437/1093
f 1792/1990/1479 1796/2718/1905 1780/1987/1476
f 1654/1434/1090 1335/641/484 1652/640/483
f 564/601/463 545/780/597 547/1460/1116 565/2719/1906
f 2153/2720/1907 2135/2274/1639 2134/1094/812 2151/1097/815
f 1073/837/646 1051/836/645 1049/1054/783 1072/1053/782
f 2138/1062/789 2137/2568/1834 2158/592/457 2160/591/456
f 1075/1457/1113 1076/1456/1112 1054/1400/1056 1052/616/473
f 1076/1456/1112 1074/2281/1646 1053/1070/792 1054/1400/1056
f 2149/1398/1054 2142/2721/1908 2144/1390/1046 2150/1389/1045
f 2357/1763/1 2360/1754/1 2336/2717/1 2351/1764/1326
f 1105/2139/1550 1106/2271/1638 1060/2305/1668 1059/2304/1667
f 2147/2249/1624 2145/2586/1846 2191/2585/1845 2193/2250/1625
f 1052/616/473 1054/1400/1056 1063/765/582 1062/617/474
f 2141/1399/1055 2150/1389/1045 2148/1392/1048 2140/678/520
f 2142/2721/1908 2152/2722/1909 2153/2720/1907 2144/1390/1046
f 2144/1390/1046 2153/2720/1907 2151/1097/815 2143/1391/1047
f 1650/2569/1835 1637/1396/1052 1636/2244/1620
f 1119/2299/1662 1117/2523/1801 1104/2522/1800 1106/2271/1638
f 571/1980/1469 572/2262/1631 569/1735/1307 566/1734/1306
f 1068/1729/1302 1071/834/643 1073/837/646 1070/1405/1061
f 2212/861/666 2213/1411/1067 2166/1713/1291 2165/859/665
f 578/2279/1644 1657/2278/1643 1655/2562/1828 576/753/572
f 606/771/588 579/770/587 581/1416/1072 608/1364/1022
f 1641/691/533 1612/2561/1827 1613/1431/1087
f 1611/761/578 1610/1433/1089 1609/762/579
f 578/2279/1644 576/753/572 581/1416/1072 579/770/587
f 1115/2140/1551 1116/2131/1546 1103/1459/1115 1101/1458/1114
f 1116/2131/1546 1114/1056/785 1102/1055/784 1103/1459/1115
f 2170/1358/1018 2177/1357/1017 2178/1463/1119 2172/1466/1122
f 584/2302/1665 587/1745/1313 586/751/570 582/755/574
f 2176/1464/1120 2178/1463/1119 2181/2558/1824 2180/679/521
f 2181/2558/1824 2178/1463/1119 2177/1357/1017 2179/2570/1836
f 2182/2565/1831 2184/2557/1823 2181/2558/1824 2179/2570/1836
f 596/2292/1655 595/1895/1402 592/1051/780 593/2293/1656
f 2185/2723/1910 2187/2295/1658 2210/851/657 2195/850/656
f 501/2713/801 502/1312/983 544/1314/985 543/2257/802
f 2186/1095/813 2187/2295/1658 2175/2284/1649 2173/1096/814
f 2175/2284/1649 2187/2295/1658 2185/2723/1910 2174/2658/1877
f 1051/836/645 1097/2724/1911 1096/2280/1645 1049/1054/783
f 2184/2557/1823 2182/2565/1831 2137/2568/1834 2138/1062/789
f 1884/824/1 1894/1737/1 1998/801/1 2001/1753/1
f 1080/1415/1071 1078/1073/795 1284/189/149 1286/1834/1351
f 555/1892/1399 583/1891/1398 588/1050/779 560/1049/778
f 1069/1822/59 1190/1821/518 958/2725/1912 1198/2726/719
f 1577/2727/1913 1651/2728/1914 1650/2569/1835
f 1048/1369/1027 1047/827/636 1117/2523/1801 1119/2299/1662
f 582/755/574 589/2260/1629 590/2301/1664 584/2302/1665
f 2349/1078/1 2337/2427/1 2340/1755/1 2350/1079/1
f 1452/2521/1 1577/2727/1913 1446/1043/776
f 2222/1474/1130 2223/686/528 2043/689/531 2044/1475/1131
f 1644/1104/822 1590/2245/1621 1591/1395/1051
f 1591/1395/1051 1589/638/481 1644/1104/822
f 1590/2245/1621 1644/1104/822 1447/2729/1915
f 629/1502/1142 630/2254/1586 463/2303/1666 461/1500/1141
f 2219/2229/963 2220/687/529 2065/1039/772 2067/1341/1006
f 2218/1291/964 2219/1290/963 2067/1343/1006 2066/1342/1007
f 2017/1817/1343 2019/2653/1873 2217/166/128 2216/165/127
f 2014/2648/1871 2209/2651/550 2217/166/128 2019/2653/1873
f 2383/1499/807 2214/1498/807 2156/2314/808 2380/2484/808
f 1279/1128/552 1275/1127/551 1121/1487/551 1126/1486/552
f 365/2730/204 325/906/205 769/271/205 768/270/204
f 1945/1024/759 1989/506/380 1980/2505/1787 1935/2542/1813
f 1278/1484/1138 1125/2556/1822 2196/1816/1143 2381/1503/1143
f 534/2129/1434 484/2128/1544 628/1939/1435 631/1938/1434
f 2227/2321/1677 2292/1693/1279 2295/1512/1150 2081/644/487
f 611/1469/1125 419/1473/1129 487/1973/1462 626/989/727
f 1193/1507/1146 1191/1187/882 1137/1909/1409 1136/1351/1011
f 496/960/723 695/959/722 1197/1843/860 994/1161/860
f 1344/2587/1847 1530/2639/1864 1524/2716/1680
f 2226/1521/1158 2225/1192/886 2038/1326/994 2037/1325/993
f 1729/2166/1566 1673/2560/1826 1668/1445/1101
f 1734/1443/1099 1523/1446/1102 1672/2533/1804
f 1135/695/537 1001/2380/1716 1188/2381/1717 1195/696/538
f 1135/695/537 953/694/536 954/2659/1878 1134/2673/1885
f 2247/1557/1194 2238/2511/1791 2239/2331/1686 2253/2330/1685
f 2248/2332/1687 2240/1875/1383 2242/1874/1382 2255/2347/1702
f 2254/561/426 2246/1553/1190 2236/2340/1695 2241/2516/1796
f 2251/1552/1189 2244/2352/1707 2232/2354/1709 2235/2337/1692
f 2246/1553/1190 2251/1552/1189 2235/2337/1692 2236/2340/1695
f 1698/2327/1682 1685/1886/1394 1680/2731/1916 1690/2732/1917
f 2255/2347/1702 2242/1874/1382 2231/2353/1708 2249/2348/1703
f 1675/536/401 1315/535/400 1316/581/446 1686/2326/1681
f 1146/578/443 1145/565/430 1158/1534/1171 1153/1526/1163
f 652/2333/1688 645/1871/1379 646/2733/1918 658/2734/1919
f 655/1531/1168 640/1868/1376 641/1867/1375 650/1532/1169
f 650/1532/1169 641/1867/1375 644/1872/1380 657/2329/1684
f 1848/2345/1700 2249/2348/1703 2244/2352/1707 1847/2735/1920
f 1842/2349/1704 2250/1879/1387 2245/1882/1390 1841/2736/1921
f 2692/2531/36 2447/2530/36 2446/2737/36 2691/2738/36
f 293/2342/1697 652/2333/1688 658/2734/1919 292/2739/1922
f 793/1561/1198 1160/1529/1166 1154/1528/1165 783/1560/1197
f 644/1872/1380 641/1867/1375 306/584/449 305/586/451
f 2234/1881/1389 2233/1880/1388 1855/325/253 1854/327/255
f 1847/2735/1920 2244/2352/1707 2251/1552/1189 1846/1551/1188
f 1840/1555/1192 1841/2736/1921 2245/1882/1390 2252/1556/1193
f 1254/2282/1647 1249/808/621 1243/1750/1316 1257/1752/1318
f 1849/2346/1701 1837/2344/1699 2248/2332/1687 2255/2347/1702
f 1839/1558/1195 2247/1557/1194 2253/2330/1685 1838/2343/1698
f 670/2371/15 660/2379/44 292/2739/1922 291/2356/1711
f 792/539/404 793/1561/1198 1170/1571/40 1169/1574/37
f 299/1869/1377 667/2361/390 668/1591/37 300/1590/1212
f 1846/1551/1188 2264/2363/373 2265/2133/376 1847/2735/1920
f 663/728/52 664/2373/1063 296/1530/1167 295/729/553
f 1844/564/429 2262/1583/36 2263/2362/1713 1845/1554/1191
f 1298/2355/1710 1706/2366/36 665/2376/383 297/2341/1696
f 2259/1617/1208 2260/2367/382 1842/2349/1704 1841/2736/1921
f 2258/1618/372 2259/1617/1208 1841/2736/1921 1840/1555/1192
f 786/1564/1201 1163/1587/389 1162/1601/9 785/1569/1206
f 660/2379/44 661/2359/9 293/2342/1697 292/2739/1922
f 933/268/203 931/1031/765 1121/1487/551 1124/269/203
f 2267/2358/5 2281/2740/5 2269/2741/22 2268/2369/22
f 2266/2136/8 2280/2135/8 2281/2740/5 2267/2358/5
f 1168/1575/390 1169/1574/37 1181/2742/37 1180/1603/390
f 2264/2363/373 2278/2743/373 2279/2134/376 2265/2133/376
f 2263/2362/1713 2277/2744/1713 2278/2743/373 2264/2363/373
f 2262/1583/36 1166/1582/383 1178/1605/383 2276/2745/36
f 2274/2746/382 2275/2747/1 2261/1584/1 2260/2367/382
f 2273/1616/1208 2274/2746/382 2260/2367/382 2259/1617/1208
f 1708/2748/373 1709/2749/376 1723/2750/376 1722/2751/373
f 1747/2402/1737 1768/1659/1250 1357/1662/1253 1355/2752/1923
f 1162/1601/9 1174/1600/9 1173/1622/44 1161/1594/44
f 2269/2741/22 2270/2753/20 2256/2370/20 2268/2369/22
f 843/943/713 1020/942/712 1017/651/494 842/650/493
f 1529/1084/804 1737/1965/1456 1731/1085/805
f 684/2383/1719 450/2241/1617 503/2240/1616 690/1519/1156
f 2106/892/677 2108/2695/1592 2105/2641/1590 2103/893/678
f 1330/1156/856 1726/656/499 1727/655/498
f 692/958/721 459/2679/1889 506/2577/1841 695/959/722
f 1738/1086/806 1673/2560/1826 1730/1942/1438
f 2291/2754/1924 2048/2184/912 2034/1379/1035 2288/2173/1572
f 1010/1201/893 953/694/536 1187/697/539 1186/2183/1579
f 1731/1085/805 1673/2560/1826 1738/1086/806
f 1516/1305/976 1520/1298/970 1443/2132/1547 1447/2729/1915
f 690/1519/1156 503/2240/1616 459/2679/1889 692/958/721
f 691/1766/1328 682/1219/908 464/1228/917 467/1227/916
f 1907/2755/1925 2006/1841/1360 2298/1998/1486 2328/2756/1926
f 1715/2757/17 1433/2758/746 1436/527/394 1714/526/20
f 2362/1757/1320 2361/2430/1304 2343/2759/1298 2347/1758/1321
f 1204/1682/1268 1222/1681/1267 848/2631/1859 846/2630/1858
f 1901/938/708 2300/1665/1256 2302/1212/902 1900/939/709
f 844/946/716 1206/2099/1524 1204/1682/1268 846/2630/1858
f 1207/1607/1215 1206/2099/1524 844/946/716 845/944/714
f 1050/835/644 1071/834/643 1930/2405/1740 1926/2567/1833
f 1667/1340/863 1491/1339/1005 1517/1293/966 1664/1292/965
f 1754/1250/931 1753/2760/1927 1548/1915/1415 1551/2058/1517
f 1210/1243/928 2101/1242/927 2312/652/495 1017/651/494
f 1756/485/364 1754/1250/931 1551/2058/1517 1554/2057/1516
f 1757/283/215 1756/485/364 1554/2057/1516 1557/284/216
f 267/313/244 168/312/243 165/318/247 270/317/246
f 1752/279/211 1758/282/214 1560/285/217 1504/280/212
f 1761/1910/1410 1751/278/210 1508/281/213 1542/1911/1411
f 274/320/249 163/319/248 160/70/65 277/69/64
f 979/2685/1892 1215/2703/1898 1216/649/492 1031/648/491
f 2321/2546/1817 2300/1665/1256 2301/1664/1255 2322/2543/1814
f 1220/683/525 1203/1651/1243 1933/1211/901 2319/1210/900
f 1929/1732/1 1920/1723/472 1240/1722/472 1238/2761/1
f 2323/1209/899 2302/1212/902 2300/1665/1256 2321/2546/1817
f 2515/2762/1928 2496/2763/1929 2664/1153/36 2665/1152/36
f 1206/2099/1524 1207/1607/1215 1224/1606/1214 1223/2100/1525
f 2327/1686/1272 2322/2543/1814 2301/1664/1255 2307/1687/1273
f 1742/2594/1850 1768/1659/1250 1748/2404/1739
f 2330/1697/1281 2329/2538/1809 1919/1510/1149 1974/1509/1148
f 2332/2544/1815 2331/1698/1282 1977/1260/940 1909/1259/939
f 2320/2589/1849 2333/2545/1816 1979/2624/1854 1934/996/734
f 1094/1427/1083 1097/2724/1911 1095/2571/1837 1092/785/602
f 1927/786/603 1932/2566/1832 2182/2565/1831 2179/2570/1836
f 2334/2537/1808 1908/2647/1870 1919/1510/1149 2329/2538/1809
f 1359/2151/1557 1742/2594/1850 1777/2407/1742
f 1280/677/519 1199/1335/1002 926/2150/1556 938/674/517
f 1455/2411/1746 1502/2419/1750 1503/2764/1930
f 2098/2535/1806 2118/1676/1264 2006/1841/1360 1907/2755/1925
f 971/2410/1745 979/2685/1892 1031/648/491 923/1334/1001
f 1220/683/525 2319/1210/900 2320/2589/1849 1230/684/526
f 1234/1743/1 916/1345/1 922/2227/1 1232/1744/1
f 1448/2023/1 1778/2414/1 1642/1449/1105
f 423/2435/1 420/868/1 730/1712/1 748/2428/1
f 1449/1710/1 1779/1709/1 1782/2436/1
f 1777/2407/1742 1748/2404/1739 1767/2403/1738 1772/2408/1743
f 2155/593/458 2341/2431/1755 2346/2429/1754 2157/594/459
f 736/2424/1734 735/2422/1735 1781/2432/1756 1371/2421/1734
f 2341/2431/1755 2155/593/458 1928/1728/1301 1931/1727/1300
f 2343/2759/1298 2361/2430/1304 2356/1730/1303 2339/1724/1297
f 736/2424/1734 1371/2421/1734 1929/1732/1 1238/2761/1
f 1598/781/598 1786/792/609 1601/1406/1062
f 1239/1725/1298 1256/1731/1304 1257/1752/1318 1243/1750/1316
f 739/2425/1734 736/2424/1734 1238/2761/1 1241/2765/1
f 2347/1758/1321 2343/2759/1298 2344/611/472 2348/610/472
f 1888/1761/1324 2351/1764/1326 2198/2766/1931 2201/1453/1109
f 740/1653/1 1248/1067/1 1232/1744/1 731/1717/1
f 1233/2412/1 1255/1347/1 1252/1923/1 1247/2767/1932
f 740/1653/1 731/1717/1 733/1716/1 741/2142/1
f 744/608/470 743/607/469 738/2423/1752 739/2425/1734
f 2261/1584/1 2275/2747/1 1177/1613/1063 1165/1585/1063
f 2361/2430/1304 2341/2431/1755 1931/1727/1300 2356/1730/1303
f 2198/2766/1931 2203/804/617 2204/587/452 2201/1453/1109
f 748/2428/1 745/2415/1 741/2142/1 733/1716/1
f 1683/575/440 1305/574/439 1306/546/411 1682/545/410
f 1561/2768/1933 1758/282/214 1752/279/211 1506/1238/923
f 2163/1455/1111 2141/1399/1055 2140/678/520 2161/681/523
f 2363/2480/1777 1874/2479/1776 2288/2173/1572 2293/2172/1571
f 2513/2769/1934 2660/2770/36 2661/2453/36 2492/2452/1761
f 2687/2771/36 2455/2772/36 2444/2450/36 2686/2449/36
f 2581/2591/829 2582/2592/687 2481/2773/1935 2460/2774/1936
f 2662/1906/36 2661/2453/36 2416/2775/36 2417/2776/36
f 1069/1822/59 930/1246/59 932/267/202 1123/266/202
f 757/2050/687 752/621/205 2583/916/205 2582/2592/687
f 1917/1903/807 1918/1902/807 1877/2485/808 1873/2666/808
f 1810/2696/1336 1477/2669/1339 1319/2576/1840
f 2699/2777/36 2453/2778/36 2450/2779/36 2698/2780/36
f 2697/2781/36 2452/2782/36 2449/2783/36 2696/2784/36
f 2591/1785/1331 763/1789/1331 761/2010/1332 2592/1786/1332
f 2593/2785/874 2594/2786/22 2502/2787/1937 2477/2788/1938
f 2535/2789/1939 2530/2790/1940 2683/2791/36 2684/2792/36
f 2372/2574/1839 2379/2477/1774 2363/2480/1777 1866/2793/1941
f 2529/2794/1942 2621/2795/1943 2620/1812/1339 2544/1811/1338
f 816/2796/1944 1261/62/58 1273/2797/1875 1258/1999/1487
f 853/1485/1139 1278/1484/1138 2381/1503/1143 1923/623/475
f 1123/266/202 1124/269/203 1277/1802/203 1276/1490/202
f 1914/1951/550 2382/2483/550 2384/1496/693 1876/1901/693
f 1466/1121/831 1660/1818/1344 1661/1495/839 1468/1122/832
f 1124/269/203 1121/1487/551 1275/1127/551 1277/1802/203
f 2289/2313/1348 2283/1919/1348 1877/2485/808 2380/2484/808
f 365/2730/204 768/270/204 766/2312/688 326/1218/688
f 773/1234/921 774/1233/920 540/2193/1452 533/1961/1452
f 930/1246/59 1069/1822/59 1198/2726/719 1281/952/719
f 774/1233/920 428/1236/688 442/2054/1513 772/2409/1744
f 1080/1415/1071 1286/1834/1351 825/1701/1285 1283/1835/1355
f 297/2341/1696 665/2376/383 666/2360/32 298/1870/1378
f 2225/1192/886 2226/1521/1158 2085/1524/1161 2087/1193/887
f 1849/2346/1701 2267/2358/5 2268/2369/22 1837/2344/1699
f 1408/1359/1019 1836/2572/70 1833/1360/70
f 1833/1360/70 1333/1045/70 1835/1361/70
f 1334/1101/819 1410/1839/1359 1832/1840/70
f 2398/1267/88 1883/1270/946 1960/2798/1945 2395/2799/88
f 2397/2598/88 1924/187/147 1959/1837/1357 2399/2599/88
f 1829/693/535 1410/1839/1359 1334/1101/819
f 407/1863/1372 409/2800/1855 672/2378/44 671/1864/15
f 409/2800/1855 406/1846/1362 673/1849/9 672/2378/44
f 1716/2801/372 1432/2802/747 1433/2758/746 1715/2757/17
f 1717/1736/1208 1430/2504/881 1432/2802/747 1716/2801/372
f 2277/2501/1713 1991/1034/768 1990/499/374 2278/498/373
f 1719/1611/1 1388/1854/1366 1439/2503/1786 1718/1612/382
f 1720/2374/36 1721/2803/1713 1441/2804/1946 1396/2502/1537
f 1721/2803/1713 1722/2751/373 1440/2805/1947 1441/2804/1946
f 1722/2751/373 1723/2750/376 1438/2806/103 1440/2805/1947
f 1723/2750/376 1724/1621/8 1437/2807/104 1438/2806/103
f 1724/1621/8 1725/1596/5 1435/2808/1948 1437/2807/104
f 1725/1596/5 1713/529/22 1434/528/395 1435/2808/1948
f 1140/1536/1173 802/1672/1261 803/554/419 1139/553/418
f 1678/1885/1393 1308/580/445 1309/579/444 1677/2809/1949
f 1312/2518/1798 1313/2517/1797 1679/2810/1950 1680/2731/1916
f 1149/556/421 804/555/420 794/549/414 1148/552/417
f 646/2733/1918 303/2519/1799 302/585/450 647/1887/1395
f 2252/1556/1193 2237/2328/1683 2238/2511/1791 2247/1557/1194
f 1674/1878/1386 1310/583/448 307/582/447 640/1868/1376
f 801/542/407 802/1672/1261 1140/1536/1173 1143/543/408
f 1313/2517/1797 1314/534/399 1676/533/398 1679/2810/1950
f 1311/530/396 1312/2518/1798 1680/2731/1916 1685/1886/1394
f 1686/2326/1681 1316/581/446 1304/573/438 1684/576/441
f 646/2733/1918 645/1871/1379 304/1873/1381 303/2519/1799
f 1453/2811/1 1454/793/1 1606/796/611 1583/2812/1951
f 1064/828/637 1056/1091/809 1084/1092/810 1086/829/638
f 805/806/619 807/1068/1 1250/2520/1 1251/807/620
f 2142/2721/1908 2002/1899/1 2152/2722/1909
f 1053/1070/792 1074/2281/1646 1096/2280/1645 1093/1071/793
f 1635/639/482 1649/2813/1952 1630/1441/1097 1652/640/483
f 314/2439/1758 336/1740/1310 610/1742/1312 566/1734/1306
f 1452/2521/1 1453/2811/1 1583/2812/1951 1593/1385/1041
f 2636/2814/1345 2637/2815/543 2565/2816/1953 2558/2817/1954
f 364/619/204 324/618/205 325/906/205 365/2730/204
f 1802/629/88 1373/628/88 359/2818/1955 756/2819/1955
f 2595/1954/88 1802/629/88 756/2819/1955 2580/2820/1955
f 2547/2821/1956 2524/2822/1957 2677/635/36 2678/634/36
f 1341/2532/1803 1476/2668/1882 1346/2548/1819 1672/2533/1804
f 1343/2534/1805 1473/2286/1651 1348/1178/877 1525/2319/1675
f 482/1991/1480 530/1461/1117 714/1462/1118 713/1992/1481
f 664/2373/1063 1705/1610/1 1297/1865/1373 296/1530/1167
f 553/1394/1050 562/1393/1049 560/1049/778 552/1052/781
f 719/1925/1423 703/930/700 729/862/667 724/865/670
f 1221/660/503 1223/2100/1525 1227/1689/1275 1226/661/504
f 1611/761/578 1830/764/581 1336/1362/1020 1827/2489/1780
f 1084/1092/810 1089/1072/794 1091/1428/1084 1085/1423/1079
f 862/1027/762 863/2823/1958 900/518/388 899/517/387
f 1224/1606/1214 1219/1609/1217 1229/685/527 1228/2026/1503
f 728/2038/1510 718/1001/737 716/1004/740 727/1935/1431
f 1129/1478/1134 988/1307/978 989/1306/977 1128/1479/1135
f 446/1171/870 342/1176/875 635/957/720 339/1172/871
f 1543/2246/996 1761/1910/1410 1760/1913/1413 1564/1946/1441
f 2095/2549/1619 1898/874/1 1886/873/1 2030/1739/1309
f 2344/611/472 2343/2759/1298 2339/1724/1297 1920/1723/472
f 1270/2581/698 1268/2824/697 940/2169/1568 942/1349/1009
f 2097/2265/1634 1867/1059/88 2119/2216/1603
f 1265/2529/202 859/2528/202 817/918/203 1259/917/203
f 963/848/654 962/666/509 990/1300/972 967/2825/1959
f 359/2818/1955 321/2049/829 755/2051/829 756/2819/1955
f 1912/625/477 1911/624/476 1976/2158/128 1872/928/128
f 1660/1818/1344 1466/1121/831 1467/1958/1449 1640/1957/1448
f 1457/921/479 1361/1008/480 1472/2826/480 1469/922/479
f 967/2825/1959 990/1300/972 988/1307/978 959/2547/1818
f 1665/1282/957 1565/1281/956 1825/2069/1218 1740/1625/1218
f 1890/2827/1960 2224/2672/1884 1899/2828/1961
f 542/1313/984 693/816/629 688/1765/1327 453/2259/1628
f 2168/2829/1962 2174/2658/1877 2185/2723/1910
f 2164/1714/1292 1921/1356/1016 2170/1358/1018
f 1878/853/659 1881/1060/787 2392/2563/1829
f 1867/1059/88 1954/2601/88 1948/2604/88
f 1130/1338/1004 1034/953/718 1281/952/719 1198/2726/719
f 820/1967/1458 1109/1413/1069 1107/1412/1068 1285/1836/1356
f 1881/1060/787 1878/853/659 1882/852/658
f 2390/2487/1779 2167/1719/1294 2194/1718/1293
f 1899/2828/1961 2079/2671/1883 1889/2675/1886
f 1095/2571/1837 1050/835/644 1926/2567/1833 1932/2566/1832
f 1996/2125/1542 2206/2830/1963 2133/2831/1964
f 1812/315/245 1813/314/16 1474/1179/16 1473/2286/1651
f 968/2190/1584 958/2725/1912 1190/1821/518 1184/1820/518
f 314/2439/1758 737/1733/1305 750/1985/1474 747/1366/1024
f 847/940/710 1202/1608/1216 1207/1607/1215 845/944/714
f 570/1983/1472 1380/800/615 1379/799/614 567/2416/1747
f 335/2018/1 345/1315/1 425/716/1 426/1888/1
f 1450/794/1 1448/2023/1 1647/1452/1108 1632/795/610
f 1088/1426/1082 1100/1439/1095 1099/830/639 1086/829/638
f 1378/809/622 1382/777/594 594/2291/1654 591/2294/1657
f 1580/2642/1866 1627/604/466 1605/603/465 1633/2643/1867
f 2378/2573/1838 2027/1824/1346 2373/1823/1345
f 2363/2480/1777 2293/2172/1571 1866/2793/1941
f 1890/2827/1960 2293/2172/1571 2287/1523/1160
f 829/2003/1 838/1695/1 1008/2579/1843 985/2004/1490
f 2324/1683/1269 2304/1650/1242 2325/1649/1241 2305/2536/1807
f 1811/2832/1943 1814/2285/1650 1475/2287/1652 1476/2668/1882
f 2049/2833/1810 2077/2126/1543 2033/2834/1891
f 1268/2824/697 1269/702/542 941/705/542 940/2169/1568
f 987/2707/1901 991/2300/1663 910/2835/1965 914/2306/1669
f 836/870/1 828/869/1 946/1355/1015 1005/2584/1844
f 333/2006/1 458/2005/1491 504/2016/1497 341/866/1
f 1058/2021/1501 1104/2522/1800 1120/1438/1094 824/1971/1460
f 1595/2270/1637 1587/2269/1636 1615/1422/1078 1617/1421/1077
f 611/1469/1125 626/989/727 417/988/726 330/757/576
f 1893/1183/879 1996/2125/1542 2002/1899/1
f 1451/2024/1 1337/846/1 1347/820/1 1449/1710/1
f 915/2025/1 836/870/1 826/1694/1 918/1344/1
f 1894/1737/1 2000/802/1 1998/801/1
f 1339/843/1 1345/842/1 1450/794/1 1454/793/1
f 1349/699/1 1339/843/1 1454/793/1 1453/2811/1
f 1338/700/1 1349/699/1 1453/2811/1 1452/2521/1
f 1869/891/88 2109/1257/937 2106/892/677
f 1544/2204/1595 1547/2836/1966 1321/2619/70 1407/2093/70
f 1324/138/70 1559/2705/1900 1505/2588/1848 1320/2551/70
f 1321/2619/70 1547/2836/1966 1550/503/378 1322/2620/70
f 2057/2032/1506 1867/1059/88 2059/2264/1633
f 1556/2206/1596 1559/2705/1900 1324/138/70 1323/137/70
f 1553/502/377 1556/2206/1596 1323/137/70 1322/2620/70
f 2059/2264/1633 1867/1059/88 2097/2265/1634
f 1179/514/32 1180/520/390 906/523/392 908/515/386
f 2531/2837/1967 2623/316/245 2622/2838/1650 2532/2839/1968
f 2592/1786/1332 761/2010/1332 762/2011/874 2593/2785/874
f 1361/1008/480 1367/1007/743 1470/2097/1522 1472/2826/480
f 2615/1784/479 1809/1783/479 1803/1114/480 2614/1113/480
f 2365/2593/693 1875/1900/693 1917/1903/807 2371/2045/807
f 998/2235/1612 993/2009/1492 913/1976/1465 911/1978/1467
f 2214/1498/807 2015/1087/807 2013/1090/808 2156/2314/808
f 2629/2840/693 2630/2048/807 2573/2841/1969 2550/2842/1970
f 2305/2536/1807 2299/2843/1971 2334/2537/1808
f 2291/2844/1924 2282/1918/1418 2045/1921/1420 2048/1223/912
f 1352/2059/1518 1551/2058/1517 1548/1915/1415 1351/1914/1414
f 420/868/1 422/867/1 600/1383/1039 614/1076/798
f 522/1667/1258 525/1669/715 350/2845/1972 352/2377/1715
f 525/1669/715 528/171/132 349/2121/1538 350/2845/1972
f 1880/2600/88 2399/2599/88 2396/1268/88
f 1488/2182/1578 1535/1265/943 1537/1261/941 1489/1206/898
f 1879/2846/88 2398/1267/88 2395/2799/88
f 1290/2066/88 2397/2598/88 1962/2127/88 822/2064/88
f 1879/2846/88 2395/2799/88 1881/1060/787
f 1952/2081/88 1948/2604/88 1964/2603/88 1970/2082/88
f 382/986/70 392/985/70 390/2117/70 379/999/70
f 1401/1048/70 1416/2847/70 1415/2074/70 1400/2077/70
f 1947/2105/1530 1990/499/374 1991/1034/768 1944/1033/767
f 1411/2111/70 1406/2112/70 1419/2848/70 1405/1047/70
f 1402/2633/70 1420/2849/70 1414/2078/70 1398/2079/70
f 1417/2075/70 1420/2849/70 1402/2633/70 1403/2076/70
f 38/210/70 2792/48/45 2802/43/41 37/211/70
f 1421/136/70 1422/2617/70 1322/2620/70 1323/137/70
f 1419/2848/70 1416/2847/70 1401/1048/70 1405/1047/70
f 1423/2618/70 1399/2094/70 1407/2093/70 1321/2619/70
f 2817/85/70 2816/987/70 97/240/180 98/127/95
f 1995/1061/788 2218/1291/964 2066/1342/1007
f 1367/1007/743 1427/1006/742 1360/2167/1567 1428/2098/1523
f 507/2499/1489 508/2498/1785 460/2678/1888 458/2850/1491
f 1950/2606/88 1951/2605/88 1880/2600/88
f 2486/440/327 2647/443/36 2646/2851/36 2467/2852/1973
f 513/204/161 530/1461/1117 427/1705/1287 354/2122/1539
f 1393/142/106 1397/2663/1881 1440/2853/1947 1438/139/103
f 1435/2854/1948 1434/2628/395 1391/2627/1857 1389/2662/1880
f 2207/2275/1640 2193/2250/1625 2191/2585/1845 2205/2276/1641
f 2807/362/261 2806/386/276 77/257/195 79/226/166
f 369/1133/840 406/2107/1362 409/2625/1855 371/2159/1561
f 1439/2855/1786 1388/2114/1366 1425/2113/1533 1395/1124/834
f 1430/1186/881 1439/2855/1786 1395/1124/834 1385/1123/833
f 1441/2856/1946 1440/2853/1947 1397/2663/1881 1394/935/705
f 1437/140/104 1435/2854/1948 1389/2662/1880 1392/141/105
f 1442/934/704 1396/2120/1537 1441/2856/1946 1394/935/705
f 1355/2752/1923 1504/280/212 1560/285/217 1353/1656/1247
f 1508/281/213 1357/1662/1253 1358/1661/1252 1542/1911/1411
f 2119/2216/1603 1867/1059/88 2062/1285/958
f 1881/1060/787 1867/1059/88 1879/2846/88
f 497/1301/973 416/1074/796 418/778/595 493/832/641
f 1039/2700/1897 1037/2148/1554 978/1276/952 980/1275/951
f 1040/2684/1144 1035/1504/1144 981/1477/1133 1038/2704/1899
f 1879/2846/88 1948/2604/88 1952/2081/88
f 571/1980/1469 613/1979/1468 601/1996/1484 548/1995/1483
f 1954/2601/88 1867/1059/88 1871/2031/88
f 1568/2644/1868 1445/1102/820 1334/1101/819 1320/2551/70
f 991/2300/1663 998/2235/1612 911/1978/1467 910/2835/1965
f 1879/2846/88 1867/1059/88 1948/2604/88
f 1880/2600/88 1879/2846/88 1952/2081/88
f 1880/2600/88 1952/2081/88 1953/2084/88
f 1880/2600/88 1953/2084/88 1950/2606/88
f 1449/1710/1 1347/820/1 1887/819/1 2005/1065/1
f 1317/1988/1477 1789/2027/1 2352/2028/1 1865/598/1
f 432/2147/204 440/2052/204 442/2054/1513 428/1236/688
f 1609/762/579 1656/2277/1642 1831/2492/1 1828/763/580
f 1994/2124/1541 2192/2247/1622 2206/2830/1963
f 1998/801/1 2203/804/617 2198/2766/1931
f 1317/1988/1477 1780/1987/1476 1790/2437/1 1789/2027/1
f 2086/2857/888 2131/2858/1614 1893/1183/879
f 910/2835/1965 911/1978/1467 1105/2139/1550 1059/2304/1667
f 1456/2486/856 1460/1111/479 1464/1112/479 1462/2650/856
f 1587/2269/1636 1592/2137/1548 1620/2138/1549 1615/1422/1078
f 2142/2721/1908 2149/1398/1054 2002/1899/1
f 2062/1285/958 1867/1059/88 2124/1058/786
f 1578/2859/1974 1595/2270/1637 1617/1421/1077 1630/1441/1097
f 2009/1997/1485 2328/2756/1926 2298/1998/1486
f 429/2053/204 366/864/669 355/863/668 430/1098/816
f 357/2043/205 399/2104/1529 366/864/669 429/2053/204
f 864/1022/757 901/493/369 900/518/388 863/2823/1958
f 947/1202/894 1004/1628/1221 1006/2636/1863 948/1203/895
f 2370/721/550 2365/2593/693 2629/2840/693 2628/722/550
f 1661/1495/839 1653/1494/827 1463/1109/826 1468/1122/832
f 2639/2040/1511 2625/15/15 2563/14/14 2567/2860/1237
f 1085/1423/1079 1088/1426/1082 1086/829/638 1084/1092/810
f 1395/1124/834 1425/2113/1533 1467/1958/1449 1466/1121/831
f 1426/1131/839 1365/1799/827 1819/1493/827 1823/1132/839
f 770/2315/1672 771/2482/829 400/2861/829 358/2481/1778
f 1937/2626/1856 2010/1352/1012 2014/2648/1871
f 1469/922/479 1472/2826/480 1461/1107/480 1460/1111/479
f 2014/2648/1871 1936/2541/1812 1937/2626/1856
f 1471/923/695 1469/922/479 1460/1111/479 1456/2486/856
f 1472/2826/480 1470/2097/1522 1459/1108/825 1461/1107/480
f 2033/2682/1891 2131/2237/1614 2132/1377/1033 2035/1380/1036
f 1459/1108/825 1470/2097/1522 1391/2627/1857 1390/2614/1853
f 1939/1018/753 2021/911/691 1941/1015/750
f 1978/1258/938 1947/2105/1530 1913/2595/1851
f 1978/1258/938 1942/1404/1060 1943/2106/1531
f 1942/1404/1060 2021/911/691 1939/1018/753
f 2545/2161/1563 2680/2164/36 2681/1796/36 2528/2862/1975
f 819/1492/59 815/2527/59 816/2796/1944 1183/2384/1720
f 666/2360/32 678/1857/32 679/1860/390 667/2361/390
f 2124/1058/786 1995/1061/788 2066/1342/1007
f 979/2685/1892 1040/2684/1144 1038/2704/1899 1215/2703/1898
f 1357/1662/1253 1508/281/213 1504/280/212 1355/2752/1923
f 2026/707/544 1891/643/486 2024/642/485
f 2024/642/485 1897/645/488 2025/2550/1511
f 2027/1824/1346 1895/2676/1887 2026/707/544
f 1381/2030/1505 1783/2029/1504 1799/2434/1473 1794/2433/1757
f 2029/2575/1838 1889/2675/1886 2027/1824/1346
f 1597/1447/1103 1595/2270/1637 1578/2859/1974 1579/2863/1976
f 1866/2793/1941 1899/2828/1961 2029/2575/1838
f 540/2193/1452 774/1233/920 772/2409/1744 473/1704/1286
f 2131/2858/1614 2077/2126/1543 1893/1183/879
f 684/2383/1719 690/1519/1156 494/772/589 632/744/563
f 1531/1196/890 1669/1195/889 1524/2325/1680 1530/2864/1864
f 1001/2380/1716 1135/695/537 1134/2673/1885 1003/1309/980
f 449/2865/1498 451/2242/1618 511/2012/1493 510/2866/1439
f 1538/2165/1565 1479/2867/1977 1480/1198/892 1540/1197/891
f 2060/1168/867 2098/2535/1806 1907/2755/1925 1906/1169/868
f 1004/1628/1221 956/1317/986 957/1320/989 1006/2636/1863
f 969/2189/1583 960/2868/1978 958/2725/1912 968/2190/1584
f 472/2191/1585 463/2303/1666 462/1941/1437 470/1949/1443
f 453/2259/1628 467/1227/916 469/1372/1029 454/2258/1627
f 862/1027/762 935/1488/1140 931/1031/765 863/2823/1958
f 1494/664/507 1495/2385/1721 1496/1635/1227 1498/1927/1425
f 2047/1224/913 2048/1223/912 2045/1921/1420
f 961/2188/1582 963/848/654 967/2825/1959 969/2189/1583
f 1573/2869/955 1503/2764/1930 1502/2419/1750 1572/2067/956
f 1571/1164/863 1511/1163/862 1503/2764/1930 1573/2869/955
f 706/202/159 707/173/134 477/2226/960 480/2715/924
f 2061/2267/1604 2057/2032/1506 2059/2264/1633
f 1546/2689/1893 1549/2870/1979 1547/2836/1966 1544/2204/1595
f 1545/2391/1727 1753/2760/1927 1549/2871/1979 1546/2692/1893
f 1549/2870/1979 1552/504/379 1550/503/378 1547/2836/1966
f 1753/2760/1927 1754/1250/931 1552/1249/379 1549/2871/1979
f 1348/1178/877 1892/1177/876 2078/1514/1152 1525/2319/1675
f 520/2199/1085 518/881/672 521/880/671 523/2290/1594
f 1024/1253/933 1027/1272/948 1025/896/681 1022/898/682
f 1212/2323/1678 1213/2392/1728 1027/2699/948 1024/2322/933
f 722/1929/1427 705/2406/1741 704/2390/1726 721/1924/1422
f 1535/1265/943 1488/2182/1578 1736/2317/1673 1739/1626/1219
f 712/172/133 711/1668/1259 526/2207/1597 529/2225/961
f 1561/2872/1933 1559/2705/1900 1556/2206/1596 1558/2205/365
f 1563/2175/1573 1564/2174/1441 1512/2873/1442 1510/2632/1860
f 1033/2874/950 1216/649/492 1215/2703/1898 980/2702/951
f 1570/2875/1980 1512/1947/1442 1759/1166/865 1569/1165/864
f 1570/2876/1980 1568/2644/1868 1510/2632/1860 1512/2873/1442
f 2115/2033/1507 2058/2877/1862 2117/2215/1602
f 1030/2698/947 1214/2393/1729 1209/2394/1730 974/2687/1588
f 1663/2309/968 1518/1304/967 1516/1305/976 1662/1103/821
f 489/2878/1463 488/1940/1436 628/1939/1435 627/2879/1464
f 1409/2880/1981 1375/2491/1782 1834/2071/70 1836/2572/70
f 498/1374/975 465/1373/1030 490/1950/1444 492/2881/1609
f 2082/2123/1540 2077/2126/1543 2084/2708/1902
f 2084/2708/1902 2077/2126/1543 2083/2882/1811
f 989/2706/977 992/2232/971 991/2300/1663 987/2707/1901
f 1518/1294/967 1517/1293/966 1519/663/506 1521/662/505
f 1576/2714/1904 1531/1196/890 1530/2864/1864 1575/2883/1865
f 2087/1193/887 2130/1378/1034 2132/1377/1033
f 504/2884/1497 505/2239/1615 451/2242/1618 449/2865/1498
f 1479/2867/1977 1532/2181/1577 1534/1205/897 1480/1198/892
f 556/2263/1632 565/2719/1906 563/1889/1396 555/1892/1399
f 508/2498/1785 506/2577/1841 459/2679/1889 460/2678/1888
f 510/2866/1439 511/2012/1493 457/2015/1496 455/2273/1440
f 953/694/536 1010/1201/893 1012/1204/896 954/2659/1878
f 478/895/680 512/709/546 514/2885/1626 480/1239/924
f 977/2686/1587 1208/2396/1732 1217/646/489 1015/2886/999
f 512/709/546 531/711/547 532/1708/1290 514/2885/1626
f 1015/2886/999 1217/646/489 1216/649/492 1033/2874/950
f 533/1961/1452 535/2253/1586 630/2254/1586 629/1502/1142
f 1667/1340/863 1566/1825/863 1567/1280/955 1666/1279/955
f 1515/2307/1670 1570/2875/1980 1569/1165/864 1513/1826/1347
f 1514/2310/1671 1568/2644/1868 1570/2876/1980 1515/2308/1670
f 1567/1280/955 1573/2869/955 1572/2067/956 1565/1281/956
f 1566/1825/863 1571/1164/863 1573/2869/955 1567/1280/955
f 1481/2187/1581 1483/2186/1580 1576/2714/1904 1575/2883/1865
f 1482/1634/1226 1574/1964/1455 1576/2714/1904 1483/2186/1580
f 510/1943/1439 345/1315/1 335/2018/1 449/2017/1498
f 1621/1036/770 1376/1981/1470 1372/754/573 1614/2887/1982
f 880/1833/1354 1288/2065/88 1289/1702/88 825/1701/1285
f 2195/850/656 2168/2829/1962 2185/2723/1910
f 2197/1721/1296 2195/850/656 1878/853/659
f 2353/1759/1322 2358/1760/1323 2359/1756/1319
f 2210/851/657 2208/2296/1659 1882/852/658
f 1596/1448/1104 1597/1447/1103 1579/2863/1976 1577/2727/1913
f 565/2719/1906 547/1460/1116 546/2149/1555 563/1889/1396
f 1604/1376/1032 1582/1375/1031 1580/2642/1866 1603/782/599
f 805/806/619 1235/805/618 1246/1746/1 1245/1066/1
f 1606/796/611 1607/2888/1983 1585/2268/1635 1583/2812/1951
f 1607/2888/1983 1605/603/465 1584/602/464 1585/2268/1635
f 2152/2722/1909 2133/2831/1964 2135/2274/1639 2153/2720/1907
f 1594/1386/1042 1592/2137/1548 1587/2269/1636 1588/1387/1043
f 1636/2244/1620 1637/1396/1052 1591/1395/1051 1590/2245/1621
f 1758/282/214 1561/2768/1933 1558/486/365 1757/283/215
f 1583/2812/1951 1585/2268/1635 1594/1386/1042 1593/1385/1041
f 1037/2148/1554 912/855/661 823/854/660 809/889/88
f 554/599/462 564/601/463 565/2719/1906 556/2263/1632
f 2116/2061/1519 2056/1167/866 1904/1170/869 1902/2062/1520
f 2206/2830/1963 2193/2250/1625 2207/2275/1640
f 1651/2728/1914 1649/2813/1952 1635/639/482 1637/1396/1052
f 1601/1406/1062 1604/1376/1032 1603/782/599 1598/781/598
f 572/2262/1631 570/1983/1472 567/2416/1747 569/1735/1307
f 1079/1408/1064 2213/1411/1067 2212/861/666 1078/1073/795
f 1610/1433/1089 1608/1432/1088 1655/2562/1828 1657/2278/1643
f 1638/692/534 1641/691/533 1613/1431/1087 1611/761/578
f 2197/1721/1296 2168/2829/1962 2195/850/656
f 682/1219/908 683/1631/920 471/2382/1718 464/1228/917
f 2169/1720/1295 2164/1714/1292 2168/2829/1962
f 934/1126/836 935/1488/1140 862/1027/762 871/1026/761
f 1648/1451/1107 1646/783/600 1633/2643/1867 1634/2160/1562
f 585/1890/1397 587/1745/1313 584/2302/1665 583/1891/1398
f 1616/1419/1075 1614/2887/1982 1618/2297/1660 1619/1420/1076
f 588/1050/779 590/2301/1664 593/2293/1656 592/1051/780
f 593/2293/1656 590/2301/1664 589/2260/1629 591/2294/1657
f 2332/2544/1815 1909/1259/939 1979/2624/1854 2333/2545/1816
f 1093/1071/793 1096/2280/1645 1097/2724/1911 1094/1427/1083
f 2183/680/522 2184/2557/1823 2138/1062/789 2136/811/624
f 1652/640/483 1630/1441/1097 1631/1435/1091 1654/1434/1090
f 1493/657/500 1495/2385/1721 1499/1960/1451 1501/1213/903
f 1043/746/565 1194/749/568 1001/2380/1716 1003/1309/980
f 1582/1375/1031 1628/1696/1280 1627/604/466 1580/2642/1866
f 1050/835/644 1095/2571/1837 1097/2724/1911 1051/836/645
f 1110/2141/1552 1113/2130/1545 1116/2131/1546 1115/2140/1551
f 1645/1450/1106 1643/784/601 1646/783/600 1648/1451/1107
f 1605/603/465 1607/2888/1983 1634/2160/1562 1633/2643/1867
f 1607/2888/1983 1606/796/611 1632/795/610 1634/2160/1562
f 2133/2831/1964 2207/2275/1640 2135/2274/1639
f 1579/2863/1976 1578/2859/1974 1649/2813/1952 1651/2728/1914
f 1614/2887/1982 1616/1419/1075 1622/1037/771 1621/1036/770
f 1615/1422/1078 1620/2138/1549 1622/1037/771 1616/1419/1075
f 2133/2831/1964 2002/1899/1 1996/2125/1542
f 959/2547/1818 1132/1505/1144 1131/1336/1003 960/2868/1978
f 2200/1508/1147 2147/2249/1624 2146/2248/1623
f 2147/2249/1624 2200/1508/1147 2145/2586/1846
f 2146/2248/1623 1997/841/650 2200/1508/1147
f 960/2868/1978 1131/1336/1003 1130/1338/1004 958/2725/1912
f 458/2850/1491 460/2678/1888 505/2239/1615 504/2884/1497
f 1354/1657/1248 1557/284/216 1554/2057/1516 1356/1658/1249
f 934/1126/836 1125/2556/1822 1126/1486/552 935/1488/1140
f 767/1819/687 361/905/687 400/2861/829 771/2482/829
f 1817/1598/856 1820/630/479 1369/712/479 1330/1156/856
f 2589/2889/625 2590/1790/627 2470/2466/1768 2485/2890/1984
f 1325/1800/839 1426/1131/839 1362/1130/838 1363/627/478
f 2042/1476/1132 2297/740/560 2221/739/559
f 1822/1129/837 1660/1818/1344 1640/1957/1448 1818/2316/1448
f 1566/1825/863 1667/1340/863 1664/1292/965 1513/1826/1347
f 926/2150/1556 925/731/202 936/734/202 938/674/517
f 987/2707/1901 914/2306/1669 1112/857/663 1127/856/662
f 1736/2317/1673 1734/1443/1099 1672/2533/1804 1671/2318/1674
f 1197/1843/860 1196/1506/1145 997/1162/861 994/1161/860
f 1893/1183/879 2080/1182/878 2086/2857/888
f 1134/2673/1885 954/2659/1878 952/2661/1879 996/2674/1679
f 2229/2891/1985 2285/1629/1222 2224/2672/1884
f 2079/2671/1883 2290/1690/1276 2228/2320/1676
f 2390/2487/1779 2392/2563/1829 1960/2798/1945 1883/1270/946
f 634/2177/1575 633/2176/1574 457/2015/1496 456/2014/1495
f 2236/2340/1695 1858/2339/1694 1857/2515/1795 2241/2516/1796
f 1689/2892/1986 1694/2893/1987 1296/1580/1210 1295/1576/1207
f 2254/561/426 2241/2516/1796 1144/544/409 1152/562/427
f 1681/548/413 1678/1885/1393 1689/2892/1986 1696/2894/1988
f 1695/2895/1989 1679/2810/1950 1676/533/398 1688/1545/1182
f 1694/2893/1987 1677/2809/1949 1674/1878/1386 1687/1866/1374
f 1695/2895/1989 1688/1545/1182 1301/1548/1185 1300/2896/1990
f 1684/576/441 1683/575/440 1697/2335/1690 1692/1567/1204
f 1682/545/410 1681/548/413 1696/2894/1988 1691/2334/1689
f 1690/2732/1917 1680/2731/1916 1679/2810/1950 1695/2895/1989
f 1678/1885/1393 1677/2809/1949 1694/2893/1987 1689/2892/1986
f 1688/1545/1182 1676/533/398 1675/536/401 1693/1546/1183
f 1153/1526/1163 1158/1534/1171 786/1564/1201 785/1569/1206
f 1309/579/444 1310/583/448 1674/1878/1386 1677/2809/1949
f 1690/2732/1917 1695/2895/1989 1300/2896/1990 1299/2364/1714
f 1691/2334/1689 1696/2894/1988 1294/1579/1209 1293/1589/1211
f 1692/1567/1204 1697/2335/1690 1292/2357/1712 1291/1568/1205
f 1302/1547/1184 1693/1546/1183 1699/1566/1203 1303/1565/1202
f 1694/2893/1987 1687/1866/1374 1297/1865/1373 1296/1580/1210
f 1294/1579/1209 1696/2894/1988 1689/2892/1986 1295/1576/1207
f 658/2734/1919 646/2733/1918 647/1887/1395 653/2350/1705
f 1698/2327/1682 1690/2732/1917 1299/2364/1714 1298/2355/1710
f 1146/578/443 796/577/442 797/566/431 1145/565/430
f 300/1590/1212 301/1593/1213 659/2351/1706 654/2336/1691
f 301/1593/1213 669/1592/40 670/2371/15 291/2356/1711
f 762/2011/874 445/1175/874 944/704/22 1271/703/22
f 1301/1548/1185 1302/1547/1184 1710/1573/8 1709/2749/376
f 778/1830/1351 385/1832/1353 386/2490/1781 776/1969/149
f 1299/2364/1714 1300/2896/1990 1708/2748/373 1707/2365/1713
f 2281/1845/5 1985/1017/752 1984/1016/751 2269/2495/22
f 1297/1865/1373 1705/1610/1 1704/1581/382 1296/1580/1210
f 789/563/428 790/1563/1200 1167/1602/32 1166/1582/383
f 1300/2896/1990 1301/1548/1185 1709/2749/376 1708/2748/373
f 1170/1571/40 1171/1570/15 1172/1623/15 1182/2897/40
f 785/1569/1206 1162/1601/9 1161/1594/44 784/1559/1196
f 1292/2357/1712 1700/2368/20 1712/1595/22 1291/1568/1205
f 671/1864/15 672/2378/44 660/2379/44 670/2371/15
f 1169/1574/37 1170/1571/40 1182/2897/40 1181/2742/37
f 1709/2749/376 1710/1573/8 1724/1621/8 1723/2750/376
f 344/1174/873 496/960/723 994/1161/860 834/1160/859
f 665/2376/383 677/2375/383 678/1857/32 666/2360/32
f 1706/2366/36 1707/2365/1713 1721/2803/1713 1720/2374/36
f 2262/1583/36 2276/2745/36 2277/2744/1713 2263/2362/1713
f 1707/2365/1713 1708/2748/373 1722/2751/373 1721/2803/1713
f 1703/1577/1208 1717/1736/1208 1716/2801/372 1702/1578/372
f 1702/1578/372 1716/2801/372 1715/2757/17 1701/1588/17
f 1701/1588/17 1715/2757/17 1714/526/20 1700/2368/20
f 2385/168/129 2381/1503/1143 2196/1816/1143 2216/165/127
f 461/1500/1141 689/2645/920 568/2311/688 696/1501/921
f 695/959/722 506/2577/1841 984/1842/1361 1197/1843/860
f 2293/2172/1571 2085/1524/1161 2287/1523/1160
f 1532/2181/1577 1479/2867/1977 1728/1444/1100 1734/1443/1099
f 1479/2867/1977 1538/2165/1565 1729/2166/1566 1728/1444/1100
f 2282/1918/1418 1877/2485/808 2283/1919/1348
f 2312/652/495 2101/1242/927 2310/2198/1591 2104/936/706
f 2294/1522/1159 2286/1638/1230 2229/2891/1985
f 1142/568/433 798/567/432 799/557/422 1141/560/425
f 221/447/332 224/402/289 223/118/92 220/95/76
f 2287/1523/1160 2229/2891/1985 1890/2827/1960
f 689/2645/920 461/1500/1141 471/2382/1718 683/1631/920
f 956/1317/986 1004/1628/1221 1191/1187/882 1193/1507/1146
f 1192/2510/1790 964/849/655 961/2188/1582 1183/2384/1720
f 354/2122/1539 427/1705/1287 697/1100/818 723/1099/817
f 1743/1640/1232 1744/1639/1231 1356/1658/1249 1352/2059/1518
f 1746/1917/1417 1383/2387/1723 1745/2389/1725 1351/1914/1414
f 2337/2427/1 2335/1711/1 2005/1065/1 1999/1064/1
f 2270/2753/20 2271/1619/17 2257/1620/17 2256/2370/20
f 1353/1656/1247 1749/1655/1246 1747/2402/1737 1355/2752/1923
f 349/2121/1538 704/2390/1726 705/2406/1741 350/2845/1972
f 352/2377/1715 350/2845/1972 705/2406/1741 700/2386/1722
f 1222/1681/1267 1225/1644/1236 849/1643/1235 848/2631/1859
f 64/34/32 2796/33/31 2783/50/47 63/49/46
f 1753/2760/1927 1545/2391/1727 1755/1916/1416 1548/1915/1415
f 112/2898/183 53/2899/4 52/2900/48 114/2901/184
f 91/2902/187 64/2903/32 63/2904/46 93/2905/188
f 2107/937/707 2311/2202/1593 2313/2694/1896 2110/2596/1852
f 2110/2596/1852 2313/2694/1896 2314/2212/1601 2113/2060/216
f 2113/2060/216 2314/2212/1601 2315/2211/1600 2116/2061/1519
f 2116/2061/1519 2315/2211/1600 2309/2634/1861 2056/1167/866
f 1511/1163/862 1759/1166/865 1760/1913/1413 1562/1912/1412
f 716/1004/740 699/1003/739 700/2386/1722 717/1934/1430
f 1766/900/683 1745/2389/1725 1383/2387/1723 1762/901/684
f 719/1925/1423 702/2388/1724 720/1688/1274 703/930/700
f 1360/2167/1567 1429/2101/1526 1364/932/702 1428/2098/1523
f 1767/2403/1738 1747/2402/1737 1749/1655/1246 1769/670/513
f 1749/1655/1246 1750/1654/1245 1770/671/514 1769/670/513
f 2566/1646/1238 2562/2906/1991 2685/2907/36 2699/2777/36
f 2299/2843/1971 2325/1649/1241 2328/2756/1926
f 725/1926/1424 724/865/670 366/864/669 399/2104/1529
f 1229/685/527 851/993/731 896/992/730 1228/2026/1503
f 2320/2589/1849 1934/996/734 898/995/733 1230/684/526
f 1429/2101/1526 1360/2167/1567 1775/1468/1124 1776/903/686
f 1427/1006/742 1424/1005/741 1773/673/516 1774/672/515
f 883/2612/88 888/2908/88 813/886/88 878/1968/88
f 2299/2843/1971 1908/2647/1870 2334/2537/1808
f 1824/2420/1751 1741/2646/1869 1458/920/694 1471/923/695
f 2054/1677/1265 2006/1841/1360 2055/1678/1266
f 1104/2522/1800 1058/2021/1501 1060/2305/1668 1106/2271/1638
f 1503/2764/1930 1511/1163/862 1562/1912/1412 1455/2411/1746
f 1241/2765/1 1244/1749/472 1251/807/620 1250/2520/1
f 731/1717/1 1232/1744/1 922/2227/1 421/1715/1
f 2336/2717/1 1998/801/1 2198/2766/1931
f 915/2025/1 918/1344/1 1255/1347/1 1233/2412/1
f 1999/1064/1 2340/1755/1 2337/2427/1
f 1780/1987/1476 1796/2718/1905 1795/2438/1 1790/2437/1
f 1068/1729/1302 1070/1405/1061 1242/1751/1317 1237/1726/1299
f 1785/2398/1734 1371/2421/1734 1781/2432/1756 1784/2399/1735
f 734/1986/1475 567/2416/1747 1379/799/614 1381/2030/1505
f 735/2422/1735 749/1984/1473 1794/2433/1757 1781/2432/1756
f 2492/2452/1761 2494/1905/1407 2495/2909/1559 2493/2910/1560
f 2346/2429/1754 2154/1229/918 2157/594/459
f 1784/2399/1735 1799/2434/1473 1800/791/608 1787/2400/1736
f 1238/2761/1 1240/1722/472 1244/1749/472 1241/2765/1
f 1240/1722/472 1239/1725/1298 1243/1750/1316 1244/1749/472
f 1888/1761/1324 2201/1453/1109 2199/1454/1110
f 594/2291/1654 1382/777/594 1377/776/593 549/1982/1471
f 1778/2414/1 1798/2413/1 1795/2438/1 1791/1747/1314
f 1782/2436/1 1779/1709/1 1789/2027/1 1790/2437/1
f 2030/2238/1309 2032/1417/1073 2096/1323/991 2095/2243/1619
f 1793/1989/1478 1788/2401/1734 1787/2400/1736 1792/1990/1479
f 1799/2434/1473 1783/2029/1504 1786/792/609 1800/791/608
f 749/1984/1473 734/1986/1475 1381/2030/1505 1794/2433/1757
f 1451/2024/1 1449/1710/1 1782/2436/1 1798/2413/1
f 1255/1347/1 1236/1346/1 1246/1746/1 1252/1923/1
f 1797/790/607 1792/1990/1479 1787/2400/1736 1800/791/608
f 1797/790/607 1318/789/606 1340/1748/1315 1796/2718/1905
f 1796/2718/1905 1340/1748/1315 1791/1747/1314 1795/2438/1
f 2288/2173/1572 1874/2479/1776 2291/2754/1924
f 2675/2443/36 2674/2442/36 2430/2911/36 2440/2912/36
f 2570/2913/1992 2687/2771/36 2686/2449/36 2549/2914/1993
f 2642/1791/36 2409/1794/36 2441/2915/36 2655/2916/36
f 2646/2851/36 2403/2917/36 2402/2918/36 2645/2919/36
f 815/2527/59 819/1492/59 860/1491/202 859/2528/202
f 2637/2815/543 2638/2041/545 2560/2920/1240 2565/2816/1953
f 2365/2593/693 2371/2045/807 2630/2048/807 2629/2840/693
f 2029/2575/1838 2372/2574/1839 1866/2793/1941
f 2474/2921/1994 2651/2462/36 2650/2465/36 2471/2922/1995
f 2533/2923/1996 2528/2862/1975 2681/1796/36 2682/1795/36
f 2366/2046/808 2367/2924/1775 2632/2925/1775 2631/2047/808
f 1260/63/59 1261/62/58 816/2796/1944 815/2527/59
f 2684/2792/36 2683/2791/36 2435/2926/36 2437/2927/36
f 1266/2457/1765 808/2000/1488 1258/1999/1487 1273/2797/1875
f 2635/2928/1838 2636/2814/1345 2558/2817/1954 2577/2929/1997
f 969/2189/1583 967/2825/1959 959/2547/1818 960/2868/1978
f 1362/1130/838 1822/1129/837 1818/2316/1448 1374/2456/1764
f 758/620/204 364/619/204 322/907/688 753/910/688
f 2209/2651/550 2382/2483/550 2386/167/128 2217/166/128
f 1125/2556/1822 1278/1484/1138 1279/1128/552 1126/1486/552
f 2382/2483/550 2209/2651/550 2215/1497/693 2384/1496/693
f 1599/798/613 1601/1406/1062 1786/792/609 1783/2029/1504
f 1902/2062/1520 1904/1170/869 2304/1650/1242 2306/1685/1271
f 1824/2420/1751 1502/2419/1750 1455/2411/1746 1741/2646/1869
f 1826/2068/498 1456/2486/856 1462/2650/856 1825/2069/1218
f 1462/2650/856 1600/1597/856 1740/1625/1218 1825/2069/1218
f 627/2879/1464 628/1939/1435 484/2128/1544 486/2255/1589
f 2393/2488/581 1883/1270/946 1958/1269/945
f 1409/2880/1981 1408/1359/1019 1830/764/581 1828/763/580
f 775/769/586 777/758/577 387/1838/1358 332/1831/1352
f 1375/2491/1782 1409/2880/1981 1828/763/580 1831/2492/1
f 2399/2599/88 1958/1269/945 2396/1268/88
f 2396/1268/88 2398/1267/88 1880/2600/88
f 1881/1060/787 2395/2799/88 1960/2798/1945
f 2205/2276/1641 2191/2585/1845 2208/2296/1659 2186/1095/813
f 881/188/148 1924/187/147 2397/2598/88 1290/2066/88
f 2392/2563/1829 1881/1060/787 1960/2798/1945
f 2610/1807/70 2596/2930/1802 1263/2526/1802 2364/1804/70
f 2657/1775/36 2424/1778/36 2414/2931/36 2656/1773/36
f 2474/2921/1994 2473/2461/1767 2652/2460/36 2651/2462/36
f 2060/1168/867 2308/2221/1607 2318/2220/1606 2098/2535/1806
f 2367/2478/1775 2379/2477/1774 2633/2932/1774 2632/2933/1775
f 2608/925/697 1268/2824/697 1270/2581/698 2607/926/698
f 2539/2469/1769 2673/2472/36 2674/2442/36 2520/2441/1760
f 765/1808/1335 759/1642/1234 2588/2934/1234 2587/2935/1335
f 2478/2936/1998 2642/1791/36 2655/2916/36 2542/2937/1999
f 2378/2573/1838 2373/1823/1345 2636/2814/1345 2635/2928/1838
f 2510/2938/2000 2598/2590/551 2597/2939/552 2489/2940/2001
f 2572/2941/2002 2553/2942/2003 2691/2738/36 2690/1767/36
f 173/465/348 172/306/237 175/294/225 176/472/355
f 2594/2786/22 1271/703/22 1269/702/542 2609/2943/542
f 764/812/625 760/814/627 2590/1790/627 2589/2889/625
f 2537/2944/2004 2672/2945/36 2671/2471/36 2518/2470/1770
f 2619/1809/1336 1810/2696/1336 1816/1814/1341 2618/2946/1341
f 2580/2820/1955 2581/2591/829 2460/2774/1936 2479/2947/2005
f 2513/2769/1934 2490/2948/2006 2659/2949/36 2660/2770/36
f 2688/2448/36 2454/2451/36 2457/1777/36 2670/1776/36
f 2627/719/128 2628/722/550 2571/2950/2007 2548/2951/2008
f 756/2819/1955 755/2051/829 2581/2591/829 2580/2820/1955
f 2690/1767/36 2691/2738/36 2446/2737/36 2456/1768/36
f 2480/2952/2009 2463/2953/2010 2643/2954/36 2641/2955/36
f 2585/2467/688 2586/2468/690 2466/2956/2011 2464/2957/2012
f 2603/2656/1875 1273/2797/1875 1261/62/58 2602/61/58
f 2611/1953/478 1807/626/478 1802/629/88 2595/1954/88
f 2660/2770/36 2426/2958/36 2416/2775/36 2661/2453/36
f 2673/2472/36 2439/2959/36 2430/2911/36 2674/2442/36
f 2663/1907/36 2428/2960/36 2418/1154/36 2664/1153/36
f 2606/2474/1772 1267/2580/1772 1272/2961/1570 2605/2475/1570
f 1907/2755/1925 2328/2756/1926 2325/1649/1241 1906/1169/868
f 219/299/230 221/447/332 290/411/298 289/60/57
f 2639/2040/1511 2375/2039/1511 2377/1945/15 2625/15/15
f 2489/2940/2001 2597/2939/552 2596/2930/1802 2508/2962/2013
f 2537/2944/2004 2542/2937/1999 2655/2916/36 2672/2945/36
f 2665/1152/36 2427/1155/36 2419/2963/36 2666/2964/36
f 854/2525/1802 853/1485/1139 1923/623/475 1922/622/70
f 2476/2458/1766 2503/2965/2014 2654/2966/36 2653/2459/36
f 2697/2781/36 2698/2780/36 2450/2779/36 2452/2782/36
f 2667/2967/36 2422/2968/36 2420/2446/36 2668/2445/36
f 1/2418/1749 2749/2417/1748 2750/1674/1262 2/1673/44
f 2623/316/245 1812/315/245 1814/2285/1650 2622/2838/1650
f 2478/2936/1998 2461/2969/2015 2640/1792/36 2642/1791/36
f 2601/64/59 1260/63/59 1265/2529/202 2600/2553/202
f 2379/2477/1774 2372/2574/1839 2634/2970/1839 2633/2932/1774
f 2504/927/699 2607/926/698 2606/2474/1772 2499/2473/1771
f 2678/634/36 2443/637/36 2433/2971/36 2679/2163/36
f 762/2011/874 1271/703/22 2594/2786/22 2593/2785/874
f 2680/2164/36 2442/2972/36 2434/1797/36 2681/1796/36
f 2472/1787/1333 2592/1786/1332 2593/2785/874 2477/2788/1938
f 2649/2973/36 2650/2465/36 2405/2464/36 2412/2974/36
f 2604/2655/1765 1266/2457/1765 1273/2797/1875 2603/2656/1875
f 1847/2735/1920 2265/2133/376 2266/2136/8 1848/2345/1700
f 2611/1953/478 2612/2975/839 1806/1948/839 1807/626/478
f 2641/2955/36 2410/2976/36 2400/1793/36 2640/1792/36
f 2597/2939/552 1262/2524/552 1263/2526/1802 2596/2930/1802
f 2372/2574/1839 2378/2573/1838 2635/2928/1838 2634/2970/1839
f 754/909/690 765/1808/1335 2587/2935/1335 2586/2468/690
f 2518/2470/1770 2519/2977/2016 2536/2978/1445 2537/2944/2004
f 2490/2948/2006 2491/2979/1821 2510/2980/2000 2511/1771/1329
f 2483/2981/2017 2482/2982/2018 2463/2953/2010 2462/2983/2019
f 2554/2984/2020 2555/2985/2021 2553/2942/2003 2552/2986/2022
f 2496/2763/1929 2497/2987/1874 2516/2988/1876 2517/1904/1406
f 2498/2989/2023 2499/2990/1771 2514/2991/1773 2515/2762/1928
f 2500/2992/2024 2501/2993/696 2504/2994/699 2505/2995/2025
f 2503/2965/2014 2502/2996/1937 2506/2997/2026 2507/2998/2027
f 2577/2999/1997 2576/3000/2028 2557/459/344 2556/2691/1895
f 2565/3001/1953 2564/3002/2029 2559/3003/2030 2558/3004/1954
f 2488/1772/1330 2489/3005/2001 2508/3006/2013 2509/3007/2031
f 2477/3008/1938 2502/2996/1937 2503/2965/2014 2476/2458/1766
f 2500/2992/2024 2507/2998/2027 2506/2997/2026 2501/2993/696
f 2573/3009/1969 2552/2986/2022 2553/2942/2003 2572/2941/2002
f 2494/1905/1407 2517/1904/1406 2516/2988/1876 2495/2909/1559
f 2479/3010/2005 2460/3011/1936 2461/2969/2015 2478/2936/1998
f 2573/3009/1969 2572/2941/2002 2551/3012/2032 2550/3013/1970
f 2522/3014/2033 2523/3015/1763 2540/3016/1872 2541/2440/1759
f 2522/3014/2033 2524/2822/1957 2525/3017/1762 2523/3015/1763
f 2579/2690/1894 2578/458/343 2555/2985/2021 2554/2984/2020
f 2528/2862/1975 2529/3018/1942 2544/3019/1338 2545/2161/1563
f 2488/1772/1330 2511/1771/1329 2510/2980/2000 2489/3005/2001
f 2571/3020/2007 2570/2913/1992 2549/2914/1993 2548/3021/2008
f 2485/3022/1984 2484/3023/2034 2469/441/328 2468/3024/2035
f 2475/3025/1334 2474/2921/1994 2471/2922/1995 2470/3026/1768
f 2477/3008/1938 2476/2458/1766 2473/2461/1767 2472/3027/1333
f 2479/3010/2005 2478/2936/1998 2542/2937/1999 2543/3028/1446
f 2481/3029/1935 2480/2952/2009 2461/2969/2015 2460/3011/1936
f 2569/3030/2036 2568/3031/2037 2575/3032/2038 2574/3033/2039
f 2296/1513/1151 1739/1626/1219 1525/2319/1675 2078/1514/1152
f 2569/3030/2036 2548/3021/2008 2549/2914/1993 2568/3031/2037
f 2571/3020/2007 2550/3013/1970 2551/3012/2032 2570/2913/1992
f 2490/2948/2006 2513/2769/1934 2512/3034/1820 2491/2979/1821
f 2466/3035/2011 2467/2852/1973 2465/3036/2040 2464/3037/2012
f 2487/3038/2041 2468/3024/2035 2469/441/328 2486/440/327
f 2577/2999/1997 2558/3004/1954 2559/3003/2030 2576/3000/2028
f 2565/3001/1953 2560/1648/1240 2561/1647/1239 2564/3002/2029
f 2498/2989/2023 2505/2995/2025 2504/2994/699 2499/2990/1771
f 2485/3022/1984 2470/3026/1768 2471/2922/1995 2484/3023/2034
f 2520/2441/1760 2521/3039/2042 2538/3040/2043 2539/2469/1769
f 2567/1645/1237 2563/3041/14 2562/2906/1991 2566/1646/1238
f 2575/3032/2038 2509/3007/2031 2508/3006/2013 2574/3033/2039
f 2530/2790/1940 2531/3042/1967 2532/3043/1968 2533/2923/1996
f 2483/2981/2017 2464/3037/2012 2465/3036/2040 2482/2982/2018
f 2487/3038/2041 2486/440/327 2467/2852/1973 2466/3035/2011
f 2496/2763/1929 2515/2762/1928 2514/2991/1773 2497/2987/1874
f 2481/3029/1935 2462/2983/2019 2463/2953/2010 2480/2952/2009
f 2492/2452/1761 2493/2910/1560 2512/3034/1820 2513/2769/1934
f 744/608/470 739/2425/1734 1241/2765/1 1250/2520/1
f 2526/2162/1564 2527/3044/1337 2546/3045/2044 2547/2821/1956
f 898/995/733 851/993/731 1229/685/527 1230/684/526
f 2475/3025/1334 2472/3027/1333 2473/2461/1767 2474/2921/1994
f 2562/2906/1991 2563/3041/14 2534/3046/13 2535/2789/1939
f 2526/2162/1564 2545/2161/1563 2544/3019/1338 2527/3044/1337
f 2528/2862/1975 2533/2923/1996 2532/3043/1968 2529/3018/1942
f 2530/2790/1940 2535/2789/1939 2534/3046/13 2531/3042/1967
f 2542/2937/1999 2537/2944/2004 2536/2978/1445 2543/3028/1446
f 2518/2470/1770 2539/2469/1769 2538/3040/2043 2519/2977/2016
f 2520/2441/1760 2541/2440/1759 2540/3016/1872 2521/3039/2042
f 2524/2822/1957 2547/2821/1956 2546/3045/2044 2525/3017/1762
f 2598/2590/551 1264/919/551 1262/2524/552 2597/2939/552
f 2582/2592/687 2583/916/205 2462/3047/2019 2481/2773/1935
f 2516/2657/1876 2603/2656/1875 2602/61/58 2495/2156/1559
f 2634/2970/1839 2635/2928/1838 2577/2929/1997 2556/3048/1895
f 2626/1806/477 2369/1805/477 2368/720/128 2627/719/128
f 1873/2666/808 1874/2667/1776 2367/2924/1775 2366/2046/808
f 2587/2935/1335 2588/2934/1234 2468/3049/2035 2487/3050/2041
f 2527/1810/1337 2619/1809/1336 2618/2946/1341 2546/3051/2044
f 1872/928/128 1976/2158/128 1914/1951/550 1915/929/550
f 2502/2787/1937 2594/2786/22 2609/2943/542 2506/3052/2026
f 2519/3053/2016 2612/2975/839 2611/1953/478 2536/1952/1445
f 2632/2933/1775 2633/2932/1774 2579/3054/1894 2554/3055/2020
f 2612/2975/839 2613/1116/827 1808/1115/827 1806/1948/839
f 2638/2041/545 2639/2040/1511 2567/2860/1237 2560/2920/1240
f 568/2311/688 622/273/204 436/2146/204 434/1235/688
f 2610/1807/70 2626/1806/477 2569/3056/2036 2574/3057/2039
f 2609/2943/542 1269/702/542 1268/2824/697 2608/925/697
f 2628/722/550 2629/2840/693 2550/2842/1970 2571/2950/2007
f 2588/2934/1234 2589/2889/625 2485/2890/1984 2468/3049/2035
f 2215/1497/693 2016/2649/693 2015/1087/807 2214/1498/807
f 2546/3051/2044 2618/2946/1341 2617/2155/1340 2525/2454/1762
f 2491/2555/1821 2599/2554/203 2598/2590/551 2510/2938/2000
f 321/2049/829 359/2818/1955 358/2481/1778 400/2861/829
f 758/620/204 753/910/688 2585/2467/688 2584/915/204
f 359/2818/1955 1373/628/88 1374/2456/1764 358/2481/1778
f 2586/2468/690 2587/2935/1335 2487/3050/2041 2466/2956/2011
f 2621/2795/1943 1811/2832/1943 1815/3058/1339 2620/1812/1339
f 2521/3059/2042 2614/1113/480 2613/1116/827 2538/3060/2043
f 818/1803/203 856/724/551 857/723/551 817/918/203
f 2604/2655/1765 2497/2654/1874 2514/2476/1773 2605/2475/1570
f 2618/2946/1341 1816/1814/1341 1805/1813/1340 2617/2155/1340
f 2534/13/13 2624/16/16 2623/316/245 2531/2837/1967
f 2633/2932/1774 2634/2970/1839 2556/3048/1895 2579/3054/1894
f 362/904/687 321/2049/829 400/2861/829 361/905/687
f 2631/2047/808 2632/2925/1775 2554/3061/2020 2552/3062/2022
f 1810/2696/1336 2619/1809/1336 2620/1812/1339 1815/3058/1339
f 2595/1954/88 2580/2820/1955 2479/2947/2005 2543/1955/1446
f 804/555/420 2711/3063/39 2701/3064/41 794/549/414
f 2540/2652/1872 2615/1784/479 2614/1113/480 2521/3059/2042
f 2532/2839/1968 2622/2838/1650 2621/2795/1943 2529/2794/1942
f 2376/706/543 2374/708/545 2638/2041/545 2637/2815/543
f 759/1642/1234 764/812/625 2589/2889/625 2588/2934/1234
f 282/303/234 153/302/233 150/58/55 285/57/54
f 2508/2962/2013 2596/2930/1802 2610/1807/70 2574/3057/2039
f 2583/916/205 2584/915/204 2483/3065/2017 2462/3047/2019
f 1917/1903/807 1873/2666/808 2366/2046/808 2371/2045/807
f 2373/1823/1345 2376/706/543 2637/2815/543 2636/2814/1345
f 2483/3065/2017 2584/915/204 2585/2467/688 2464/2957/2012
f 2256/2370/20 2257/1620/17 1839/1558/1195 1838/2343/1698
f 70/8/8 2801/7/7 2803/36/34 69/35/33
f 2506/3052/2026 2609/2943/542 2608/925/697 2501/924/696
f 2493/2157/1560 2601/64/59 2600/2553/202 2512/2552/1820
f 2538/3060/2043 2613/1116/827 2612/2975/839 2519/3053/2016
f 623/272/205 437/2154/205 436/2146/204 622/273/204
f 1266/2457/1765 2604/2655/1765 2605/2475/1570 1272/2961/1570
f 2607/926/698 1270/2581/698 1267/2580/1772 2606/2474/1772
f 2626/1806/477 2627/719/128 2548/2951/2008 2569/3056/2036
f 2621/2795/1943 2622/2838/1650 1814/2285/1650 1811/2832/1943
f 2630/2048/807 2631/2047/808 2552/3062/2022 2573/2841/1969
f 859/2528/202 860/1491/202 818/1803/203 817/918/203
f 2564/3002/2029 2561/1647/1239 2698/2780/36 2697/2781/36
f 2484/3023/2034 2471/2922/1995 2650/2465/36 2649/2973/36
f 2515/2762/1928 2665/1152/36 2666/2964/36 2498/2989/2023
f 2547/2821/1956 2678/634/36 2679/2163/36 2526/2162/1564
f 2672/2945/36 2438/3066/36 2429/3067/36 2671/2471/36
f 2505/2995/2025 2667/2967/36 2668/2445/36 2500/2992/2024
f 2651/2462/36 2652/2460/36 2406/3068/36 2407/2463/36
f 2669/2444/36 2423/2447/36 2421/3069/36 2654/2966/36
f 2576/3000/2028 2559/3003/2030 2696/2784/36 2695/2664/36
f 2482/2982/2018 2465/3036/2040 2645/2919/36 2644/3070/36
f 155/419/306 153/302/233 157/71/66 158/420/307
f 2695/2664/36 2696/2784/36 2449/2783/36 2458/2665/36
f 2517/1904/1406 2663/1907/36 2664/1153/36 2496/2763/1929
f 2511/1771/1329 2658/1774/36 2659/2949/36 2490/2948/2006
f 2675/2443/36 2440/2912/36 2431/1780/36 2676/1779/36
f 2658/1774/36 2425/3071/36 2415/3072/36 2659/2949/36
f 2644/3070/36 2645/2919/36 2402/2918/36 2411/3073/36
f 2568/3031/2037 2688/2448/36 2670/1776/36 2575/3032/2038
f 2641/2955/36 2643/2954/36 2401/3074/36 2410/2976/36
f 1773/673/516 1424/1005/741 1370/2152/1558 1772/2408/1743
f 203/462/345 200/466/349 199/310/241 201/290/221
f 2541/2440/1759 2675/2443/36 2676/1779/36 2522/3014/2033
f 2507/2998/2027 2669/2444/36 2654/2966/36 2503/2965/2014
f 2570/2913/1992 2551/3012/2032 2689/1770/36 2687/2771/36
f 2533/2923/1996 2682/1795/36 2683/2791/36 2530/2790/1940
f 2509/3007/2031 2657/1775/36 2656/1773/36 2488/1772/1330
f 2535/2789/1939 2684/2792/36 2685/2907/36 2562/2906/1991
f 2687/2771/36 2689/1770/36 2445/1769/36 2455/2772/36
f 2699/2777/36 2685/2907/36 2451/3075/36 2453/2778/36
f 2467/2852/1973 2646/2851/36 2645/2919/36 2465/3036/2040
f 2672/2945/36 2655/2916/36 2441/2915/36 2438/3066/36
f 2682/1795/36 2436/1798/36 2435/2926/36 2683/2791/36
f 2644/3070/36 2411/3073/36 2401/3074/36 2643/2954/36
f 2680/2164/36 2679/2163/36 2433/2971/36 2442/2972/36
f 222/274/206 224/402/289 221/447/332 219/299/230
f 2684/2792/36 2437/2927/36 2451/3075/36 2685/2907/36
f 2564/3002/2029 2697/2781/36 2696/2784/36 2559/3003/2030
f 2566/1646/1238 2699/2777/36 2698/2780/36 2561/1647/1239
f 2555/2985/2021 2692/2531/36 2691/2738/36 2553/2942/2003
f 2673/2472/36 2671/2471/36 2429/3067/36 2439/2959/36
f 2572/2941/2002 2690/1767/36 2689/1770/36 2551/3012/2032
f 2576/3000/2028 2695/2664/36 2694/460/36 2557/459/344
f 2578/458/343 2693/461/36 2692/2531/36 2555/2985/2021
f 2653/2459/36 2654/2966/36 2421/3069/36 2408/3076/36
f 2667/2967/36 2666/2964/36 2419/2963/36 2422/2968/36
f 2653/2459/36 2408/3076/36 2406/3068/36 2652/2460/36
f 2524/2822/1957 2522/3014/2033 2676/1779/36 2677/635/36
f 2568/3031/2037 2549/2914/1993 2686/2449/36 2688/2448/36
f 2480/2952/2009 2641/2955/36 2640/1792/36 2461/2969/2015
f 2482/2982/2018 2644/3070/36 2643/2954/36 2463/2953/2010
f 2484/3023/2034 2649/2973/36 2648/442/36 2469/441/328
f 2647/443/36 2413/478/36 2403/2917/36 2646/2851/36
f 2505/2995/2025 2498/2989/2023 2666/2964/36 2667/2967/36
f 2507/2998/2027 2500/2992/2024 2668/2445/36 2669/2444/36
f 2355/596/461 2353/1759/1322 2347/1758/1321 2348/610/472
f 2509/3007/2031 2575/3032/2038 2670/1776/36 2657/1775/36
f 2658/1774/36 2656/1773/36 2414/2931/36 2425/3071/36
f 2660/2770/36 2659/2949/36 2415/3072/36 2426/2958/36
f 2649/2973/36 2412/2974/36 2404/477/36 2648/442/36
f 2663/1907/36 2662/1906/36 2417/2776/36 2428/2960/36
f 57/12/12 2790/11/11 2798/56/53 56/55/52
f 1861/2508/1788 2723/357/7 2722/360/34 1860/2509/1789
f 795/550/415 2702/978/725 2703/977/724 796/577/442
f 1853/2512/1792 2715/3077/50 2714/3078/2045 1852/2513/1793
f 802/1672/1261 2709/1671/47 2710/3079/38 803/554/419
f 1862/1877/1385 2724/126/6 2723/357/7 1861/2508/1788
f 796/577/442 2703/977/724 2704/3080/11 797/566/431
f 1854/327/255 2716/326/254 2715/3077/50 1853/2512/1792
f 803/554/419 2710/3079/38 2711/3063/39 804/555/420
f 1850/1876/1384 2712/123/21 2724/126/6 1862/1877/1385
f 797/566/431 2704/3080/11 2705/3081/2046 798/567/432
f 78/3082/167 70/3083/8 69/3084/33 81/3085/168
f 240/324/252 195/323/251 192/263/199 243/262/198
f 798/567/432 2705/3081/2046 2706/3086/2047 799/557/422
f 1856/558/423 2718/74/69 2717/73/68 1855/325/253
f 799/557/422 2706/3086/2047 2718/74/69 1856/558/423
f 1858/2339/1694 2720/191/150 2719/194/151 1857/2515/1795
f 1857/2515/1795 2719/194/151 2707/3087/2048 800/541/406
f 1859/2338/1693 2721/3088/2049 2720/191/150 1858/2339/1694
f 1851/2514/1794 2713/3089/2050 2712/123/21 1850/1876/1384
f 800/541/406 2707/3087/2048 2708/1670/1260 801/542/407
f 1860/2509/1789 2722/360/34 2721/3088/2049 1859/2338/1693
f 794/549/414 2701/3064/41 2702/978/725 795/550/415
f 1852/2513/1793 2714/3078/2045 2713/3089/2050 1851/2514/1794
f 2707/3087/2048 2731/3090/70 2732/3091/70 2708/1670/1260
f 2845/328/88 2846/114/88 210/113/90 214/434/321
f 28/214/70 29/213/70 2793/24/24 2803/36/34
f 2716/326/254 2717/73/68 2741/76/70 2740/3092/70
f 2705/3081/2046 2704/3080/11 2728/3093/70 2729/3094/70
f 34/87/70 2783/50/47 2796/33/31 33/212/70
f 138/3095/70 244/439/326 246/104/82 137/103/70
f 2708/1670/1260 2732/3091/70 2733/3096/70 2709/1671/47
f 373/1150/854 410/2118/1535 411/2616/1370 374/1151/855
f 2806/386/276 2804/99/78 74/102/81 77/257/195
f 2705/3081/2046 2729/3094/70 2730/3097/70 2706/3086/2047
f 2720/191/150 2721/3088/2049 2745/3098/70 2744/192/70
f 2805/100/79 2827/363/70 119/234/174 121/101/80
f 46/218/70 2781/53/50 2795/52/49 45/208/70
f 2714/3078/2045 2738/3099/70 2737/3100/70 2713/3089/2050
f 133/3101/70 259/445/330 261/444/329 132/3102/70
f 2714/3078/2045 2715/3077/50 2739/3103/70 2738/3099/70
f 126/3104/70 279/455/340 283/116/91 125/115/70
f 888/2908/88 891/981/88 812/897/88 813/886/88
f 2761/397/284 2762/3105/110 2759/3106/109 2760/398/285
f 2841/395/283 2770/3107/131 2769/3108/126 2840/130/98
f 2755/3109/144 2832/388/278 2833/108/85 2756/3110/145
f 2836/3111/2051 2763/3112/117 2762/3105/110 2761/397/284
f 115/243/181 114/246/184 117/236/176 116/235/175
f 2766/83/73 2838/375/268 2767/3113/153 2765/241/142
f 2837/84/74 2764/242/118 2763/3112/117 2836/3111/2051
f 2753/1230/28 2830/1232/919 2831/389/279 2754/3114/250
f 2841/395/283 2771/394/282 2772/3115/121 2770/3107/131
f 2771/394/282 2773/3116/2052 2774/3117/122 2772/3115/121
f 2839/129/97 2840/130/98 2769/3108/126 2768/3118/125
f 489/2878/1463 492/2881/1609 490/1950/1444 488/1940/1436
f 2843/3119/2053 2776/3120/138 2775/3121/141 2842/3122/2054
f 2838/375/268 2839/129/97 2768/3118/125 2767/3113/153
f 2750/3123/1262 2749/2712/1748 2828/2711/1903 2829/385/275
f 2777/379/270 2778/3124/139 2776/3120/138 2843/3119/2053
f 2752/1231/27 2750/3123/1262 2829/385/275 2751/387/277
f 2834/107/84 2835/3125/2055 2758/3126/114 2757/3127/155
f 2755/3109/144 2754/3114/250 2831/389/279 2832/388/278
f 2760/398/285 2759/3106/109 2758/3126/114 2835/3125/2055
f 2842/3122/2054 2775/3121/141 2774/3117/122 2773/3116/2052
f 2777/379/270 2844/380/271 2779/2710/157 2778/3124/139
f 2757/3127/155 2756/3110/145 2833/108/85 2834/107/84
f 292/2739/1922 658/2734/1919 653/2350/1705 291/2356/1711
f 2600/2553/202 1265/2529/202 1259/917/203 2599/2554/203
f 2056/1167/866 2309/2634/1861 2308/2221/1607 2060/1168/867
f 104/3128/197 57/3129/12 56/3130/52 106/3131/194
f 322/907/688 364/619/204 365/2730/204 326/1218/688
f 2104/936/706 2310/2198/1591 2311/2202/1593 2107/937/707
f 99/3132/189 60/3133/15 59/3134/44 101/3135/162
f 106/3131/194 56/3130/52 55/3136/42 109/3137/192
f 114/2901/184 52/2900/48 51/3138/51 117/3139/176
f 93/2905/188 63/2904/46 62/3140/37 94/3141/178
f 101/3135/162 59/3134/44 58/3142/9 103/3143/163
f 109/3137/192 55/3136/42 54/3144/1 110/3145/193
f 96/3146/179 61/3147/40 60/3133/15 99/3132/189
f 86/3148/172 66/3149/36 65/3150/29 88/3151/173
f 94/3141/178 62/3140/37 61/3147/40 96/3146/179
f 85/3152/185 67/3153/26 66/3149/36 86/3148/172
f 81/3085/168 69/3084/33 68/3154/23 83/3155/169
f 88/3151/173 65/3150/29 64/2903/32 91/2902/187
f 83/3155/169 68/3154/23 67/3153/26 85/3152/185
f 120/3156/196 72/3157/20 73/148/22 75/147/111
f 118/3158/177 50/3159/17 72/3157/20 120/3156/196
f 117/3139/176 51/3138/51 50/3159/17 118/3158/177
f 103/3143/163 58/3142/9 57/3129/12 104/3128/197
f 76/150/112 71/149/5 70/3083/8 78/3082/167
f 110/3145/193 54/3144/1 53/3160/4 112/3161/183
f 28/214/70 2803/36/34 2801/7/7 27/205/70
f 2819/376/70 2818/86/70 100/128/96 102/224/164
f 36/220/70 37/211/70 2802/43/41 2800/41/39
f 31/216/70 2788/37/35 2789/25/25 30/217/70
f 31/216/70 32/221/70 2799/32/30 2788/37/35
f 47/215/70 2780/18/18 2781/53/50 46/218/70
f 27/205/70 2801/7/7 2784/6/6 26/206/70
f 32/221/70 33/212/70 2796/33/31 2799/32/30
f 2828/2711/1903 2804/99/78 2806/386/276 2829/385/275
f 2854/346/88 2858/344/88 159/475/358 162/476/359
f 2703/977/724 2727/980/70 2728/3093/70 2704/3080/11
f 2707/3087/2048 2719/194/151 2743/193/70 2731/3090/70
f 26/206/70 2784/6/6 2785/21/21 25/82/70
f 2711/3063/39 2735/3162/70 2725/3163/70 2701/3064/41
f 39/90/70 2791/10/10 2792/48/45 38/210/70
f 47/215/70 48/81/70 2797/19/19 2780/18/18
f 2701/3064/41 2725/3163/70 2726/979/70 2702/978/725
f 40/89/70 41/219/70 2798/56/53 2790/11/11
f 2721/3088/2049 2722/360/34 2746/359/70 2745/3098/70
f 2822/396/70 2821/77/70 107/80/72 108/253/191
f 44/209/70 45/208/70 2795/52/49 2794/3/3
f 42/91/70 2787/46/43 2798/56/53 41/219/70
f 128/370/70 129/390/70 271/393/281 273/371/266
f 2706/3086/2047 2730/3097/70 2742/75/70 2718/74/69
f 2858/344/88 2868/343/88 156/421/308 159/475/358
f 2761/397/284 2815/119/70 2816/987/70 2836/3111/2051
f 139/3164/70 241/431/318 244/439/326 138/3095/70
f 2859/333/88 205/384/274 208/112/89 2860/111/88
f 2840/130/98 2821/77/70 2822/396/70 2841/395/283
f 2771/394/282 2823/374/70 2824/373/70 2773/3116/2052
f 2863/350/88 2855/349/88 193/404/291 196/403/290
f 143/352/70 144/381/70 225/382/272 229/353/256
f 141/377/70 235/378/269 237/432/319 140/3165/70
f 1376/1981/1470 1378/809/622 591/2294/1657 589/2260/1629
f 2813/3166/70 2812/110/87 89/230/170 90/248/186
f 2844/380/271 2805/100/79 2804/99/78 2828/2711/1903
f 2835/3125/2055 2834/107/84 2812/110/87 2813/3166/70
f 131/3167/70 264/456/341 268/392/280 130/391/70
f 2825/3168/70 2824/373/70 113/244/182 115/243/181
f 135/286/70 252/287/218 256/457/342 134/3169/70
f 2830/1232/919 2808/361/260 2809/132/100 2831/389/279
f 2842/3122/2054 2773/3116/2052 2824/373/70 2825/3168/70
f 2760/398/285 2835/3125/2055 2813/3166/70 2814/120/70
f 2811/109/86 2810/131/99 84/134/102 87/231/171
f 140/3165/70 237/432/319 241/431/318 139/3164/70
f 892/982/88 893/2610/88 810/884/88 811/899/88
f 2716/326/254 2740/3092/70 2739/3103/70 2715/3077/50
f 44/209/70 2794/3/3 2786/2/2 43/92/70
f 2711/3063/39 2710/3079/38 2734/3170/70 2735/3162/70
f 2724/126/6 2748/125/70 2747/358/70 2723/357/7
f 1957/885/88 1949/2611/88 1973/2623/88 1868/890/88
f 2852/342/88 2863/350/88 196/403/290 198/467/350
f 2710/3079/38 2709/1671/47 2733/3096/70 2734/3170/70
f 2812/110/87 2811/109/86 87/231/171 89/230/170
f 2843/3119/2053 2826/364/70 2827/363/70 2777/379/270
f 2826/364/70 2825/3168/70 115/243/181 116/235/175
f 30/217/70 2789/25/25 2793/24/24 29/213/70
f 2842/3122/2054 2825/3168/70 2826/364/70 2843/3119/2053
f 2820/78/70 2819/376/70 102/224/164 105/79/71
f 2712/123/21 2713/3089/2050 2737/3100/70 2736/124/70
f 2847/330/88 2848/336/88 174/474/357 178/481/362
f 2866/338/88 154/418/305 156/421/308 2868/343/88
f 2837/84/74 2836/3111/2051 2816/987/70 2817/85/70
f 2833/108/85 2832/388/278 2810/131/99 2811/109/86
f 2853/347/88 166/413/300 169/355/258 2864/334/88
f 1951/2605/88 1966/2608/88 1969/2622/88 1955/2621/88
f 134/3169/70 256/457/342 259/445/330 133/3101/70
f 2852/342/88 198/467/350 202/383/273 2851/332/88
f 2865/331/88 2847/330/88 178/481/362 181/480/361
f 2857/341/88 186/368/265 189/452/337 2856/348/88
f 2867/340/88 2865/331/88 181/480/361 183/367/264
f 2853/347/88 2854/346/88 162/476/359 166/413/300
f 2838/375/268 2766/83/73 2818/86/70 2819/376/70
f 2849/337/88 151/366/263 154/418/305 2866/338/88
f 217/345/88 2845/328/88 214/434/321 2862/482/363
f 2850/339/88 217/345/88 2862/482/363 147/365/262
f 2814/120/70 2813/3166/70 90/248/186 92/121/93
f 2861/335/88 171/356/259 174/474/357 2848/336/88
f 2856/348/88 189/452/337 193/404/291 2855/349/88
f 132/3102/70 261/444/329 264/456/341 131/3167/70
f 2751/387/277 2807/362/261 2808/361/260 2830/1232/919
f 126/3104/70 127/369/70 276/372/267 279/455/340
f 1211/1247/929 1210/1243/928 1017/651/494 1020/942/712
f 598/1141/845 546/2149/1555 616/1897/1404
f 337/773/590 494/772/589 636/1520/1157
f 339/1172/871 635/957/720 496/960/723
f 498/1303/975 493/832/641 468/831/640
f 727/1935/1431 716/1004/740 717/1934/1430
f 342/1176/875 636/1520/1157 635/957/720
f 338/743/562 637/1517/1154 632/744/563
f 580/750/569 576/753/572 586/751/570
f 582/755/574 586/751/570 576/753/572
f 576/753/572 1655/2562/1828 1372/754/573
f 777/758/577 775/769/586 606/771/588
f 456/2014/1495 686/1633/1225 694/1632/1224 634/2177/1575
f 346/745/564 632/744/563 494/772/589
f 418/778/595 416/1074/796 617/779/596
f 1810/2696/1336 1815/3058/1339 1476/2668/1882 1477/2669/1339
f 1194/749/568 1189/748/567 816/2796/1944 1258/1999/1487
f 338/743/562 315/817/630 693/816/629
f 557/1472/1128 330/757/576 331/768/585
f 330/757/576 557/1472/1128 611/1469/1125
f 340/858/664 493/832/641 418/778/595
f 334/1316/1 340/858/664 424/600/1
f 360/1149/853 377/1148/852 375/2056/1515
f 328/954/70 329/948/70 781/955/70
f 384/2092/70 1411/2111/70 1412/1046/70
f 415/2145/1553 419/1473/1129 558/1471/1127
f 430/1098/816 355/863/668 723/1099/817
f 369/1133/840 371/2159/1561 431/1134/841
f 402/1147/851 374/1151/855 377/1148/852
f 937/1139/843 858/991/729 897/994/732 868/1021/756
f 682/1219/908 691/1766/1328 323/908/689
f 448/1181/625 346/745/564 337/773/590
f 315/817/630 338/743/562 346/745/564
f 543/1082/802 452/833/642 493/832/641
f 632/744/563 685/1518/1155 684/2383/1719
f 464/1228/917 471/2382/1718 472/2191/1585
f 480/1239/924 477/1287/960 476/894/679
f 527/1286/959 476/894/679 477/1287/960
f 492/2230/1609 499/1302/974 498/1303/975
f 1110/2141/1552 1247/2767/1932 830/471/354 1113/2130/1545
f 743/607/469 732/606/468 746/1365/1023
f 617/779/596 604/1075/797 605/1401/1057
f 608/1364/1022 581/1416/1072 580/750/569
f 579/770/587 577/1970/1459 578/2279/1644
f 545/780/597 617/779/596 618/1402/1058
f 545/780/597 564/601/463 424/600/1
f 637/1517/1154 686/1633/1225 685/1518/1155
f 689/2645/920 766/2312/688 568/2311/688
f 687/818/631 694/1632/1224 637/1517/1154
f 698/931/701 703/930/700 720/1688/1274
f 698/931/701 723/1099/817 355/863/668
f 737/1733/1305 314/2439/1758 566/1734/1306
f 742/2426/1753 730/1712/1 609/1077/799
f 782/949/70 386/2490/1781 385/1832/1353
f 1117/2523/1801 1047/827/636 1099/830/639
f 447/813/626 337/773/590 636/1520/1157 342/1176/875
f 444/1173/872 339/1172/871 496/960/723 344/1174/873
f 965/2007/511 993/2009/1492 999/2233/512
f 1219/1609/1217 1218/682/524 1229/685/527
f 1346/2548/1819 1475/2287/1652 1343/2534/1805 1671/2318/1674
f 1253/1922/1421 830/471/354 1247/2767/1932 1252/1923/1
f 832/1962/1453 841/1972/1461 1133/1189/884
f 1087/1425/1081 1077/1409/1065 1081/1966/1457
f 1077/1409/1065 1087/1425/1081 1083/1424/1080
f 1083/1424/1080 1921/1356/1016 1077/1409/1065
f 1107/1412/1068 1283/1835/1355 1285/1836/1356
f 841/1972/1461 831/1908/1408 995/1190/885
f 913/1976/1465 1046/1370/1028 1118/1977/1466
f 1272/2961/1570 1267/2580/1772 943/2170/1569
f 832/1962/1453 1188/2381/1717 1194/749/568
f 835/2022/1502 919/614/1 913/1976/1465
f 919/614/1 835/2022/1502 827/877/1
f 811/899/88 1019/1251/932 1022/898/682
f 870/1028/763 872/1010/745 855/998/736
f 821/2070/88 1287/1703/88 1289/1702/88
f 912/855/661 982/1483/1137 1127/856/662
f 1059/2304/1667 914/2306/1669 910/2835/1965
f 1225/1644/1236 850/1699/1283 926/2150/1556
f 864/1022/757 931/1031/765 927/1030/764
f 931/1031/765 864/1022/757 863/2823/1958
f 872/1010/745 869/1009/744 897/994/732
f 897/994/732 869/1009/744 868/1021/756
f 816/2796/1944 1192/2510/1790 1183/2384/1720
f 1037/2148/1554 982/1483/1137 912/855/661
f 831/1908/1408 841/1972/1461 945/2171/1570
f 841/1972/1461 832/1962/1453 808/2000/1488
f 993/2009/1492 949/2008/910 1044/2144/982
f 1185/1188/883 1186/2183/1579 1133/1189/884
f 963/848/654 961/2188/1582 964/849/655
f 977/2194/1587 975/2036/1509 973/888/676
f 1028/887/675 1030/1271/947 974/2195/1588
f 1574/1964/1455 1737/1965/1456 1529/1084/804 1531/1196/890
f 1249/808/621 1254/2282/1647 1253/1922/1421
f 1118/1977/1466 1119/2299/1662 1106/2271/1638
f 1109/1413/1069 1108/2178/1576 1081/1966/1457
f 1082/1414/1070 1081/1966/1457 1077/1409/1065
f 1046/1370/1028 1048/1369/1027 1119/2299/1662
f 919/614/1 1065/1367/1025 1046/1370/1028
f 958/2725/1912 1130/1338/1004 1198/2726/719
f 1186/2183/1579 1187/697/539 1138/1963/1454
f 1069/1822/59 1274/1489/59 1190/1821/518
f 1188/2381/1717 832/1962/1453 1138/1963/1454
f 1200/2055/1514 1225/1644/1236 1222/1681/1267
f 850/1699/1283 1225/1644/1236 1200/2055/1514
f 2298/1998/1486 2006/1841/1360 2054/1677/1265 2387/1829/1350
f 1067/469/352 806/468/351 1242/1751/1317
f 830/471/354 1111/470/353 1113/2130/1545
f 1110/2141/1552 1233/2412/1 1247/2767/1932
f 1189/748/567 1192/2510/1790 816/2796/1944
f 1286/1834/1351 880/1833/1354 825/1701/1285
f 880/1833/1354 881/188/148 1290/2066/88
f 1649/2813/1952 1578/2859/1974 1630/1441/1097
f 831/1908/1408 943/2170/1569 837/1348/1008 1137/1909/1409
f 1767/2403/1738 1769/670/513 1773/673/516 1772/2408/1743
f 1497/2582/1426 1522/1042/775 1527/2709/508
f 1765/1641/1233 1764/1467/1123 1775/1468/1124
f 2026/707/544 1895/2676/1887 2227/2321/1677 1891/643/486
f 2083/2540/1811 2046/1225/914 2074/1936/1432 2076/2236/1613
f 1342/2559/1825 1350/2564/1830 1668/1445/1101
f 1618/2297/1660 1608/1432/1088 1612/2561/1827
f 1608/1432/1088 1618/2297/1660 1614/2887/1982
f 1614/2887/1982 1372/754/573 1608/1432/1088
f 1638/692/534 1827/2489/1780 1829/693/535
f 1350/2564/1830 1341/2532/1803 1523/1446/1102
f 1446/1043/776 1577/2727/1913 1650/2569/1835
f 1815/3058/1339 1811/2832/1943 1476/2668/1882
f 1342/2559/1825 1731/1085/805 1737/1965/1456
f 1344/2587/1847 1452/2521/1 1446/1043/776
f 1452/2521/1 1344/2587/1847 1338/700/1
f 1322/2620/70 1550/503/378 1553/502/377
f 1394/935/705 1397/2663/1881 1364/932/702
f 1332/2597/70 1832/1840/70 1835/1361/70
f 1445/1102/820 1514/2310/1671 1662/1103/821
f 1590/2245/1621 1447/2729/1915 1443/2132/1547
f 1771/1660/1251 1359/2151/1557 1458/920/694
f 1387/1014/749 1463/1109/826 1459/1108/825
f 1463/1109/826 1387/1014/749 1386/1013/748
f 1397/2663/1881 1393/142/106 1428/2098/1523
f 1428/2098/1523 1393/142/106 1392/141/105
f 1327/1158/857 1735/1636/1228 1726/656/499
f 1568/2644/1868 1514/2310/1671 1445/1102/820
f 1341/2532/1803 1350/2564/1830 1477/2669/1339
f 1350/2564/1830 1342/2559/1825 1319/2576/1840
f 1522/1042/775 1481/2583/1581 1575/2640/1865
f 1728/1444/1100 1729/2166/1566 1668/1445/1101
f 1495/2385/1721 1493/657/500 1496/1635/1227
f 1509/1328/922 1507/1327/995 1505/2588/1848
f 1559/2705/1900 1561/2872/1933 1506/2688/923
f 2293/2172/1571 2130/1378/1034 2087/1193/887 2085/1524/1161
f 1792/1990/1479 1797/790/607 1796/2718/1905
f 1650/2569/1835 1651/2728/1914 1637/1396/1052
f 1641/691/533 1639/1437/1093 1612/2561/1827
f 1613/1431/1087 1612/2561/1827 1608/1432/1088
f 1577/2727/1913 1579/2863/1976 1651/2728/1914
f 1452/2521/1 1596/1448/1104 1577/2727/1913
f 1490/1215/905 1665/1282/957 1740/1625/1218
f 1729/2166/1566 1730/1942/1438 1673/2560/1826
f 1600/1597/856 1817/1598/856 1733/1624/498
f 1731/1085/805 1342/2559/1825 1673/2560/1826
f 1742/2594/1850 1771/1660/1251 1768/1659/1250
f 1359/2151/1557 1771/1660/1251 1742/2594/1850
f 697/1100/818 427/1705/1287 473/1704/1286 772/2409/1744
f 1598/781/598 1318/789/606 1786/792/609
f 1340/1748/1315 1643/784/601 1645/1450/1106
f 1642/1449/1105 1778/2414/1 1791/1747/1314
f 1732/1637/1229 1735/1636/1228 1327/1158/857
f 1830/764/581 1408/1359/1019 1336/1362/1020
f 1408/1359/1019 1409/2880/1981 1836/2572/70
f 2186/1095/813 2134/1094/812 2205/2276/1641
f 1889/2675/1886 2079/2671/1883 2228/2320/1676
f 1891/643/486 2227/2321/1677 2081/644/487
f 2083/2882/1811 2077/2126/1543 2049/2833/1810
f 2332/2544/1815 2321/2546/1817 2322/2543/1814
f 1895/2676/1887 2228/2320/1676 2227/2321/1677
f 1890/2827/1960 2229/2891/1985 2224/2672/1884
f 2168/2829/1962 2164/1714/1292 2174/2658/1877
f 2170/1358/1018 2174/2658/1877 2164/1714/1292
f 2164/1714/1292 2211/1410/1066 1921/1356/1016
f 2392/2563/1829 2390/2487/1779 2194/1718/1293
f 775/769/586 332/1831/1352 778/1830/1351 579/770/587
f 1899/2828/1961 2224/2672/1884 2079/2671/1883
f 1996/2125/1542 1994/2124/1541 2206/2830/1963
f 1266/2457/1765 1272/2961/1570 943/2170/1569 945/2171/1570
f 1516/1305/976 1447/2729/1915 1644/1104/822 1662/1103/821
f 1890/2827/1960 1866/2793/1941 2293/2172/1571
f 2145/2586/1846 1881/1060/787 1882/852/658
f 1881/1060/787 2145/2586/1846 2200/1508/1147
f 1893/1183/879 2077/2126/1543 1996/2125/1542
f 1885/1184/1 1893/1183/879 2002/1899/1
f 1913/2595/1851 1947/2105/1530 1944/1033/767
f 1879/2846/88 1880/2600/88 2398/1267/88
f 1955/2621/88 1961/973/88 1962/2127/88
f 1993/838/647 1997/841/650 2146/2248/1623
f 2009/1997/1485 1908/2647/1870 2328/2756/1926
f 1937/2626/1856 1940/1353/1013 2010/1352/1012
f 1978/1258/938 1943/2106/1531 1947/2105/1530
f 363/2042/1512 441/1145/849 373/1150/854 402/1147/851
f 2282/1918/1418 2291/2844/1924 1874/2667/1776
f 2029/2575/1838 1899/2828/1961 1889/2675/1886
f 1866/2793/1941 1890/2827/1960 1899/2828/1961
f 2131/2858/1614 2033/2834/1891 2077/2126/1543
f 2224/2672/1884 2285/1629/1222 2284/1630/1223
f 2045/1921/1420 2052/1920/1419 2053/2680/1890
f 2061/2267/1604 2058/2877/1862 2057/2032/1506
f 2115/2033/1507 2057/2032/1506 2058/2877/1862
f 2076/2629/1613 2084/2708/1902 2083/2882/1811
f 693/816/629 542/1313/984 502/1312/983 500/1627/1220
f 2353/1759/1322 2338/1080/800 2358/1760/1323
f 2206/2830/1963 2192/2247/1622 2193/2250/1625
f 2197/1721/1296 2169/1720/1295 2168/2829/1962
f 2167/1719/1294 2165/859/665 2166/1713/1291
f 2133/2831/1964 2206/2830/1963 2207/2275/1640
f 2133/2831/1964 2152/2722/1909 2002/1899/1
f 2229/2891/1985 2286/1638/1230 2285/1629/1222
f 2289/2313/1348 2380/2484/808 2156/2314/808
f 2287/1523/1160 2294/1522/1159 2229/2891/1985
f 2299/2843/1971 2305/2536/1807 2325/1649/1241
f 2299/2843/1971 2328/2756/1926 1908/2647/1870
f 2346/2429/1754 1864/1762/1325 2154/1229/918
f 2351/1764/1326 2336/2717/1 2198/2766/1931
f 2399/2599/88 1959/1837/1357 1958/1269/945
f 3245/3171/9 3163/3172/9 3162/3173/2056 3230/3174/2056
f 3244/3175/2057 3171/3176/2057 3170/3177/2058 3246/3178/2058
f 3243/3179/2059 3164/3180/2059 3163/3172/9 3245/3171/9
f 3242/3181/8 3172/3182/8 3171/3176/2057 3244/3175/2057
f 3196/3183/2060 3197/3184/2061 3143/3185/2062 3142/3186/17
f 3014/3187/2063 3015/3188/2064 3273/3189/2064 3276/3190/2063
f 3030/3191/2065 3013/3192/36 3272/3193/36 3271/3194/2065
f 3198/3195/2066 3199/3196/2067 3145/3197/8 3144/3198/2057
f 3013/3192/36 3014/3187/2063 3276/3190/2063 3272/3193/36
f 3071/3199/2068 3073/3200/2069 3002/3201/2059 3001/3202/9
f 3238/3203/1 3166/3204/1 3165/3205/2070 3241/3206/2070
f 3029/3207/2071 3030/3191/2065 3271/3194/2065 3275/3208/2071
f 3202/3209/2072 3203/3210/2073 3149/3211/2074 3148/3212/36
f 3020/3213/2059 3021/3214/2070 3277/3215/2070 3279/3216/2059
f 3229/3217/2075 3161/3218/2075 3160/3219/37 3233/3220/37
f 3232/3221/17 3169/3222/17 3168/3223/2076 3231/3224/2076
f 3230/3174/2056 3162/3173/2056 3161/3218/2075 3229/3217/2075
f 3119/3225/88 2895/3226/88 2894/3227/88 3117/3228/88
f 3256/3229/70 3285/3230/70 3286/3231/70 3257/3232/70
f 3297/3233/70 3299/3234/70 3255/3235/70 3254/3236/70
f 2871/3237/88 2872/3238/88 3108/3239/88 3107/3240/88
f 3116/3241/88 3118/3242/88 2902/3243/88 2901/3244/88
f 3112/3245/88 2899/3246/88 2898/3247/88 3110/3248/88
f 3248/3249/70 3289/3250/70 3300/3251/70 3247/3252/70
f 3247/3252/70 3300/3251/70 3287/3253/70 3249/3254/70
f 3027/3255/2057 3028/3256/8 3278/3257/8 3280/3258/2057
f 3186/3259/2077 3132/3260/2078 3131/3261/2079 3185/3262/2080
f 3028/3256/8 3029/3207/2071 3275/3208/2071 3278/3257/8
f 3180/3263/2081 3126/3264/2082 3125/3265/2083 3179/3266/2084
f 3188/3267/2061 3134/3268/2085 3133/3269/2086 3187/3270/2060
f 3181/3271/2087 3127/3272/2088 3126/3264/2082 3180/3263/2081
f 3015/3188/2064 3016/3273/37 3269/3274/37 3273/3189/2064
f 3176/3275/2089 3122/3276/2090 3138/3277/2091 3192/3278/2092
f 3144/3198/2057 3468/3279/2057 3467/3280/2058 3143/3185/2062
f 3175/3281/2093 3121/3282/2094 3122/3276/2090 3176/3275/2089
f 3191/3283/2095 3137/3284/2096 3136/3285/2097 3190/3286/2098
f 3184/3287/2099 3130/3288/2100 3129/3289/2101 3183/3290/2102
f 3177/3291/2103 3123/3292/2104 3121/3282/2094 3175/3281/2093
f 3192/3278/2092 3138/3277/2091 3137/3284/2096 3191/3283/2095
f 3185/3262/2080 3131/3261/2079 3130/3288/2100 3184/3287/2099
f 3091/3293/88 3093/3294/88 2938/3295/88 2937/3296/88
f 3089/3297/88 2936/3298/88 2935/3299/88 3086/3300/88
f 2883/3301/88 2884/3302/88 3118/3242/88 3116/3241/88
f 3099/3303/88 3102/3304/88 2926/3305/88 2925/3306/88
f 3101/3307/88 2933/3308/88 2932/3309/88 3098/3310/88
f 3092/3311/88 2930/3312/88 2929/3313/88 3090/3314/88
f 3292/3315/70 3294/3316/70 3260/3317/70 3259/3318/70
f 3032/3319/2105 3035/3320/2106 3054/3321/2107 3052/3322/2108
f 3047/3323/2109 3031/3324/2110 3049/3325/2111 3065/3326/2112
f 3033/3327/2113 3034/3328/2114 3053/3329/2115 3050/3330/2116
f 2974/3331/2117 2976/3332/2118 2958/3333/2119 2956/3334/2120
f 2959/3335/2121 2941/3336/2122 2957/3337/2123 2975/3338/2124
f 3043/3339/2125 3046/3340/2126 3064/3341/2127 3061/3342/2128
f 3039/3343/2129 3040/3344/2130 3058/3345/2131 3051/3346/2132
f 3063/3347/2133 3045/3348/2134 3047/3323/2109 3065/3326/2112
f 3040/3344/2130 3043/3339/2125 3061/3342/2128 3058/3345/2131
f 3042/3349/2135 3045/3348/2134 3063/3347/2133 3060/3350/2136
f 3056/3351/2137 3037/3352/2138 3041/3353/2139 3059/3354/2140
f 3062/3355/2141 3044/3356/2142 3039/3343/2129 3051/3346/2132
f 3055/3357/2143 3036/3358/2144 3038/3359/2145 3057/3360/2146
f 2963/3361/2147 2944/3362/2148 2943/3363/2149 2960/3364/2150
f 3053/3329/2115 3034/3328/2114 3036/3358/2144 3055/3357/2143
f 2971/3365/2151 2953/3366/2152 2950/3367/2153 2968/3368/2154
f 3064/3341/2127 3046/3340/2126 3048/3369/2155 3066/3370/2156
f 3031/3324/2110 3032/3319/2105 3052/3322/2108 3049/3325/2111
f 3050/3330/2116 3053/3329/2115 3071/3199/2068 3068/3371/2157
f 3049/3325/2111 3052/3322/2108 3070/3372/2158 3067/3373/2159
f 3066/3370/2156 3050/3330/2116 3068/3371/2157 3084/3374/2160
f 3048/3369/2155 3033/3327/2113 3050/3330/2116 3066/3370/2156
f 3072/3375/2161 3054/3321/2107 3056/3351/2137 3074/3376/2162
f 3055/3357/2143 3057/3360/2146 3075/3377/2163 3073/3200/2069
f 3060/3350/2136 3063/3347/2133 3081/3378/2164 3078/3379/2165
f 2983/3380/2166 2965/3381/2167 2963/3361/2147 2981/3382/2168
f 3057/3360/2146 3060/3350/2136 3078/3379/2165 3075/3377/2163
f 3076/3383/2169 3058/3345/2131 3061/3342/2128 3079/3384/2170
f 2979/3385/2171 2961/3386/2172 2972/3387/2173 2990/3388/2174
f 3052/3322/2108 3054/3321/2107 3072/3375/2161 3070/3372/2158
f 2993/3389/2175 2977/3390/2176 2959/3335/2121 2975/3338/2124
f 2988/3391/2177 2970/3392/2178 2967/3393/2179 2985/3394/2180
f 2986/3395/2181 2989/3396/2182 2971/3365/2151 2968/3368/2154
f 3082/3397/2183 3064/3341/2127 3066/3370/2156 3084/3374/2160
f 3053/3329/2115 3055/3357/2143 3073/3200/2069 3071/3199/2068
f 3079/3384/2170 3061/3342/2128 3064/3341/2127 3082/3397/2183
f 3084/3374/2160 3068/3371/2157 3000/3398/2184 2999/3399/2075
f 2998/3400/37 2992/3401/2185 2989/3396/2182 2997/3402/2186
f 3001/3202/9 2981/3382/2168 2978/3403/2187 3000/3398/2184
f 3081/3378/2164 3083/3404/2188 3006/3405/2076 3005/3406/2189
f 3080/3407/2190 3069/3408/2191 2995/3409/36 3012/3410/2065
f 3074/3376/2162 3077/3411/2192 3011/3412/2193 3010/3413/8
f 3078/3379/2165 3081/3378/2164 3005/3406/2189 3004/3414/1
f 3073/3200/2069 3075/3377/2163 3003/3415/2070 3002/3201/2059
f 3003/3415/2070 2985/3394/2180 2983/3380/2166 3002/3201/2059
f 3000/3398/2184 2978/3403/2187 2994/3416/2194 2999/3399/2075
f 2996/3417/2063 2986/3395/2181 2979/3385/2171 2995/3409/36
f 2995/3409/36 3069/3408/2191 3076/3383/2169 2996/3417/2063
f 3006/3405/2076 2993/3389/2175 2991/3418/2195 3005/3406/2189
f 3072/3375/2161 3074/3376/2162 3010/3413/8 3009/3419/2057
f 3083/3404/2188 3067/3373/2159 3007/3420/17 3006/3405/2076
f 3008/3421/2062 3070/3372/2158 3072/3375/2161 3009/3419/2057
f 3068/3371/2157 3071/3199/2068 3001/3202/9 3000/3398/2184
f 2998/3400/37 3082/3397/2183 3084/3374/2160 2999/3399/2075
f 3464/3422/2196 3463/3423/1 3140/3424/1 3139/3425/2196
f 3025/3426/17 3026/3427/2058 3282/3428/2058 3268/3429/17
f 3018/3430/2056 3019/3431/9 3281/3432/9 3266/3433/2056
f 3026/3427/2058 3027/3255/2057 3280/3258/2057 3282/3428/2058
f 3019/3431/9 3020/3213/2059 3279/3216/2059 3281/3432/9
f 3241/3206/2070 3165/3205/2070 3164/3180/2059 3243/3179/2059
f 3240/3434/2063 3157/3435/2063 3158/3436/36 3236/3437/36
f 3179/3266/2084 3125/3265/2083 3124/3438/2197 3178/3439/2198
f 3236/3437/36 3158/3436/36 3174/3440/2065 3235/3441/2065
f 3237/3442/2064 3159/3443/2064 3157/3435/2063 3240/3434/2063
f 3235/3441/2065 3174/3440/2065 3173/3444/2071 3239/3445/2071
f 3234/3446/2189 3167/3447/2189 3166/3204/1 3238/3203/1
f 3189/3448/2199 3135/3449/2200 3134/3268/2085 3188/3267/2061
f 3021/3214/2070 3022/3450/1 3274/3451/1 3277/3215/2070
f 3182/3452/2201 3128/3453/2202 3127/3272/2088 3181/3271/2087
f 3023/3454/2189 3024/3455/2076 3267/3456/2076 3270/3457/2189
f 3016/3273/37 3017/3458/2075 3265/3459/2075 3269/3274/37
f 3024/3455/2076 3025/3426/17 3268/3429/17 3267/3456/2076
f 2878/3460/88 3105/3461/88 3119/3225/88 2877/3462/88
f 3108/3239/88 2890/3463/88 2889/3464/88 3107/3240/88
f 2869/3465/88 3109/3466/88 3104/3467/88 2886/3468/88
f 3106/3469/88 3110/3248/88 2898/3247/88 2897/3470/88
f 3101/3307/88 3085/3471/88 2934/3472/88 2933/3308/88
f 3115/3473/88 3117/3228/88 2894/3227/88 2893/3474/88
f 3114/3475/88 3116/3241/88 2901/3244/88 2900/3476/88
f 3114/3475/88 2900/3476/88 2899/3246/88 3112/3245/88
f 2874/3477/88 3113/3478/88 3111/3479/88 2873/3480/88
f 3111/3479/88 2891/3481/88 2890/3463/88 3108/3239/88
f 3109/3466/88 3120/3482/88 2888/3483/88 2887/3484/88
f 3118/3242/88 3103/3485/88 2903/3486/88 2902/3243/88
f 3105/3461/88 3106/3469/88 2897/3470/88 2896/3487/88
f 3120/3482/88 3107/3240/88 2889/3464/88 2888/3483/88
f 3022/3450/1 3023/3454/2189 3270/3457/2189 3274/3451/1
f 3190/3286/2098 3136/3285/2097 3135/3449/2200 3189/3448/2199
f 3032/3319/2105 3031/3324/2110 3268/3429/17 3282/3428/2058
f 3088/3488/88 2928/3489/88 2927/3490/88 3087/3491/88
f 3291/3492/70 3293/3493/70 3252/3494/70 3251/3495/70
f 3089/3297/88 3091/3293/88 2937/3296/88 2936/3298/88
f 3087/3491/88 2927/3490/88 2926/3305/88 3102/3304/88
f 3094/3496/88 2931/3497/88 2930/3312/88 3092/3311/88
f 3288/3498/70 3291/3492/70 3251/3495/70 3250/3499/70
f 3097/3500/88 2939/3501/88 2938/3295/88 3093/3294/88
f 3252/3494/70 3293/3493/70 3295/3502/70 3253/3503/70
f 3100/3504/88 2940/3505/88 2939/3501/88 3097/3500/88
f 3312/3506/2203 3311/3507/2204 3257/3232/70 3258/3508/70
f 2882/3509/88 3114/3475/88 3112/3245/88 2881/3510/88
f 3085/3471/88 3086/3300/88 2935/3299/88 2934/3472/88
f 3100/3504/88 3095/3511/88 2923/3512/88 2940/3505/88
f 3096/3513/88 3099/3303/88 2925/3306/88 2924/3514/88
f 3088/3488/88 3090/3314/88 2929/3313/88 2928/3489/88
f 2960/3364/2150 2943/3363/2149 2958/3333/2119 2976/3332/2118
f 2974/3331/2117 2956/3334/2120 2953/3366/2152 2971/3365/2151
f 3054/3321/2107 3035/3320/2106 3037/3352/2138 3056/3351/2137
f 2973/3515/2205 2975/3338/2124 2957/3337/2123 2955/3516/2206
f 2972/3387/2173 2961/3386/2172 2949/3517/2207 2954/3518/2208
f 2966/3519/2209 2969/3520/2210 2951/3521/2211 2947/3522/2212
f 2973/3515/2205 2955/3516/2206 2952/3523/2213 2970/3392/2178
f 2972/3387/2173 2954/3518/2208 2951/3521/2211 2969/3520/2210
f 2965/3381/2167 2967/3393/2179 2948/3524/2214 2946/3525/2215
f 2967/3393/2179 2970/3392/2178 2952/3523/2213 2948/3524/2214
f 2963/3361/2147 2965/3381/2167 2946/3525/2215 2944/3362/2148
f 2968/3368/2154 2950/3367/2153 2949/3517/2207 2961/3386/2172
f 3041/3353/2139 3044/3356/2142 3062/3355/2141 3059/3354/2140
f 2962/3526/2216 2942/3527/2217 2941/3336/2122 2959/3335/2121
f 2964/3528/2218 2945/3529/2219 2942/3527/2217 2962/3526/2216
f 2964/3528/2218 2966/3519/2209 2947/3522/2212 2945/3529/2219
f 3038/3359/2145 3042/3349/2135 3060/3350/2136 3057/3360/2146
f 2980/3530/2220 2962/3526/2216 2959/3335/2121 2977/3390/2176
f 2984/3531/2221 2966/3519/2209 2964/3528/2218 2982/3532/2222
f 2982/3532/2222 2964/3528/2218 2962/3526/2216 2980/3530/2220
f 3056/3351/2137 3059/3354/2140 3077/3411/2192 3074/3376/2162
f 3081/3378/2164 3063/3347/2133 3065/3326/2112 3083/3404/2188
f 3059/3354/2140 3062/3355/2141 3080/3407/2190 3077/3411/2192
f 2979/3385/2171 2986/3395/2181 2968/3368/2154 2961/3386/2172
f 2987/3533/2223 2969/3520/2210 2966/3519/2209 2984/3531/2221
f 3062/3355/2141 3051/3346/2132 3069/3408/2191 3080/3407/2190
f 2985/3394/2180 2967/3393/2179 2965/3381/2167 2983/3380/2166
f 2990/3388/2174 2972/3387/2173 2969/3520/2210 2987/3533/2223
f 2991/3418/2195 2973/3515/2205 2970/3392/2178 2988/3391/2177
f 3083/3404/2188 3065/3326/2112 3049/3325/2111 3067/3373/2159
f 3069/3408/2191 3051/3346/2132 3058/3345/2131 3076/3383/2169
f 2991/3418/2195 2993/3389/2175 2975/3338/2124 2973/3515/2205
f 2981/3382/2168 2963/3361/2147 2960/3364/2150 2978/3403/2187
f 2989/3396/2182 2992/3401/2185 2974/3331/2117 2971/3365/2151
f 2978/3403/2187 2960/3364/2150 2976/3332/2118 2994/3416/2194
f 3009/3419/2057 2982/3532/2222 2980/3530/2220 3008/3421/2062
f 3079/3384/2170 3082/3397/2183 2998/3400/37 2997/3402/2186
f 2998/3400/37 2999/3399/2075 2994/3416/2194 2992/3401/2185
f 3005/3406/2189 2991/3418/2195 2988/3391/2177 3004/3414/1
f 3007/3420/17 3067/3373/2159 3070/3372/2158 3008/3421/2062
f 3007/3420/17 2977/3390/2176 2993/3389/2175 3006/3405/2076
f 3003/3415/2070 3075/3377/2163 3078/3379/2165 3004/3414/1
f 3076/3383/2169 3079/3384/2170 2997/3402/2186 2996/3417/2063
f 2997/3402/2186 2989/3396/2182 2986/3395/2181 2996/3417/2063
f 3003/3415/2070 3004/3414/1 2988/3391/2177 2985/3394/2180
f 3011/3412/2193 2987/3533/2223 2984/3531/2221 3010/3413/8
f 3012/3410/2065 2995/3409/36 2979/3385/2171 2990/3388/2174
f 3011/3412/2193 3077/3411/2192 3080/3407/2190 3012/3410/2065
f 3011/3412/2193 3012/3410/2065 2990/3388/2174 2987/3533/2223
f 3002/3201/2059 2983/3380/2166 2981/3382/2168 3001/3202/9
f 2992/3401/2185 2994/3416/2194 2976/3332/2118 2974/3331/2117
f 3010/3413/8 2984/3531/2221 2982/3532/2222 3009/3419/2057
f 3007/3420/17 3008/3421/2062 2980/3530/2220 2977/3390/2176
f 3017/3458/2075 3018/3430/2056 3266/3433/2056 3265/3459/2075
f 2873/3480/88 3111/3479/88 3108/3239/88 2872/3238/88
f 2912/3534/88 2913/3535/88 3094/3496/88 3092/3311/88
f 3094/3496/88 3098/3310/88 2932/3309/88 2931/3497/88
f 2911/3536/88 3090/3314/88 3088/3488/88 2910/3537/88
f 2917/3538/88 2918/3539/88 3089/3297/88 3086/3300/88
f 2911/3536/88 2912/3534/88 3092/3311/88 3090/3314/88
f 2879/3540/88 2880/3541/88 3110/3248/88 3106/3469/88
f 2878/3460/88 2879/3540/88 3106/3469/88 3105/3461/88
f 3298/3542/70 3283/3543/70 3263/3544/70 3262/3545/70
f 3295/3502/70 3297/3233/70 3254/3236/70 3253/3503/70
f 3260/3317/70 3294/3316/70 3296/3546/70 3261/3547/70
f 3261/3547/70 3296/3546/70 3298/3542/70 3262/3545/70
f 3113/3478/88 2892/3548/88 2891/3481/88 3111/3479/88
f 3258/3508/70 3290/3549/70 3292/3315/70 3259/3318/70
f 3257/3232/70 3286/3231/70 3290/3549/70 3258/3508/70
f 3284/3550/70 3289/3250/70 3248/3249/70 3264/3551/70
f 3249/3254/70 3287/3253/70 3288/3498/70 3250/3499/70
f 3109/3466/88 2887/3484/88 2904/3552/88 3104/3467/88
f 3104/3467/88 2904/3552/88 2903/3486/88 3103/3485/88
f 2911/3536/88 3127/3272/2088 3128/3453/2202 2912/3534/88
f 3137/3284/2096 3138/3277/2091 2922/3553/88 2921/3554/88
f 2897/3470/88 3185/3262/2080 3184/3287/2099 2896/3487/88
f 2938/3295/88 3208/3555/2087 3207/3556/2081 2937/3296/88
f 3189/3448/2199 3188/3267/2061 2900/3476/88 2901/3244/88
f 3250/3499/70 3304/3557/2224 3303/3558/2225 3249/3254/70
f 3184/3287/2099 3183/3290/2102 2895/3226/88 2896/3487/88
f 3124/3438/2197 3125/3265/2083 2909/3559/88 2908/3560/88
f 2939/3501/88 3209/3561/2201 3208/3555/2087 2938/3295/88
f 2924/3514/88 3193/3562/2226 3194/3563/2227 2923/3512/88
f 2925/3306/88 3195/3564/2077 3193/3562/2226 2924/3514/88
f 3132/3260/2078 3133/3269/2086 2917/3538/88 2916/3565/88
f 2928/3489/88 3198/3566/2066 3197/3567/2061 2927/3490/88
f 2919/3568/88 3135/3449/2200 3136/3285/2097 2920/3569/88
f 3222/3570/2078 3223/3571/2228 2881/3510/88 2880/3541/88
f 3251/3495/70 3305/3572/2229 3304/3557/2224 3250/3499/70
f 3316/3573/2230 3315/3574/2231 3261/3547/70 3262/3545/70
f 3123/3292/2104 3124/3438/2197 2908/3560/88 2907/3575/88
f 3227/3576/2096 3228/3577/2091 2886/3468/88 2885/3578/88
f 3228/3577/2091 3212/3579/2090 2869/3465/88 2886/3468/88
f 3214/3580/2232 3215/3581/2083 2873/3480/88 2872/3238/88
f 3207/3556/2081 3206/3582/2233 2936/3298/88 2937/3296/88
f 2918/3539/88 2919/3568/88 3091/3293/88 3089/3297/88
f 2875/3583/88 3217/3584/2234 3218/3585/2202 2876/3586/88
f 3255/3235/70 3309/3587/2235 3308/3588/2236 3254/3236/70
f 3256/3229/70 3310/3589/2237 3309/3587/2235 3255/3235/70
f 3201/3590/2238 3200/3591/2239 2930/3312/88 2931/3497/88
f 3205/3592/2240 3204/3593/2241 2934/3472/88 2935/3299/88
f 2902/3243/88 3190/3286/2098 3189/3448/2199 2901/3244/88
f 3213/3594/2104 3214/3580/2232 2872/3238/88 2871/3237/88
f 2870/3595/88 3211/3596/2094 3213/3594/2104 2871/3237/88
f 3248/3249/70 3302/3597/2242 3318/3598/2243 3264/3551/70
f 2934/3472/88 3204/3593/2241 3203/3599/2073 2933/3308/88
f 2929/3313/88 3199/3600/2067 3198/3566/2066 2928/3489/88
f 3183/3290/2102 3182/3452/2201 2894/3227/88 2895/3226/88
f 3194/3601/2227 3193/3602/2226 3139/3425/2196 3140/3424/1
f 3193/3602/2226 3195/3603/2077 3141/3604/2244 3139/3425/2196
f 3195/3603/2077 3196/3183/2060 3142/3186/17 3141/3604/2244
f 3178/3439/2198 3124/3438/2197 3123/3292/2104 3177/3291/2103
f 3197/3184/2061 3198/3195/2066 3144/3198/2057 3143/3185/2062
f 3239/3445/2071 3173/3444/2071 3172/3182/8 3242/3181/8
f 3199/3196/2067 3200/3605/2239 3146/3606/2193 3145/3197/8
f 3200/3605/2239 3201/3607/2238 3147/3608/2245 3146/3606/2193
f 3201/3607/2238 3202/3209/2072 3148/3212/36 3147/3608/2245
f 3233/3220/37 3160/3219/37 3159/3443/2064 3237/3442/2064
f 3231/3224/2076 3168/3223/2076 3167/3447/2189 3234/3446/2189
f 3183/3290/2102 3129/3289/2101 3128/3453/2202 3182/3452/2201
f 3203/3210/2073 3204/3609/2241 3150/3610/2186 3149/3211/2074
f 3204/3609/2241 3205/3611/2240 3151/3612/37 3150/3610/2186
f 3205/3611/2240 3206/3613/2233 3152/3614/2075 3151/3612/37
f 3206/3613/2233 3207/3615/2081 3153/3616/2056 3152/3614/2075
f 3207/3615/2081 3208/3617/2087 3154/3618/9 3153/3616/2056
f 3208/3617/2087 3209/3619/2201 3155/3620/2246 3154/3618/9
f 3209/3619/2201 3210/3621/2247 3156/3622/2248 3155/3620/2246
f 3210/3621/2247 3194/3623/2227 3140/3624/1 3156/3622/2248
f 3246/3178/2058 3170/3177/2058 3169/3222/17 3232/3221/17
f 3140/3624/1 3463/3625/1 3480/3626/2248 3156/3622/2248
f 3156/3622/2248 3480/3626/2248 3479/3627/2246 3155/3620/2246
f 3155/3620/2246 3479/3627/2246 3478/3628/9 3154/3618/9
f 3154/3618/9 3478/3628/9 3477/3629/2056 3153/3616/2056
f 3477/3629/2056 3476/3630/2075 3152/3614/2075 3153/3616/2056
f 3152/3614/2075 3476/3630/2075 3475/3631/37 3151/3612/37
f 3151/3612/37 3475/3631/37 3474/3632/2186 3150/3610/2186
f 3474/3632/2186 3473/3633/2074 3149/3211/2074 3150/3610/2186
f 3149/3211/2074 3473/3633/2074 3472/3634/36 3148/3212/36
f 3148/3212/36 3472/3634/36 3471/3635/2245 3147/3608/2245
f 3147/3608/2245 3471/3635/2245 3470/3636/2193 3146/3606/2193
f 3470/3636/2193 3469/3637/8 3145/3197/8 3146/3606/2193
f 3145/3197/8 3469/3637/8 3468/3279/2057 3144/3198/2057
f 3143/3185/2062 3467/3280/2058 3466/3638/17 3142/3186/17
f 3142/3186/17 3466/3638/17 3465/3639/2244 3141/3604/2244
f 3141/3604/2244 3465/3639/2244 3464/3422/2196 3139/3425/2196
f 3211/3640/2094 3212/3641/2090 3158/3436/36 3157/3435/2063
f 3213/3642/2104 3211/3640/2094 3157/3435/2063 3159/3443/2064
f 3214/3643/2232 3213/3642/2104 3159/3443/2064 3160/3219/37
f 3215/3644/2083 3214/3643/2232 3160/3219/37 3161/3218/2075
f 3216/3645/2082 3215/3644/2083 3161/3218/2075 3162/3173/2056
f 3217/3646/2234 3216/3645/2082 3162/3173/2056 3163/3172/9
f 3218/3647/2202 3217/3646/2234 3163/3172/9 3164/3180/2059
f 3219/3648/2249 3218/3647/2202 3164/3180/2059 3165/3205/2070
f 3220/3649/2100 3219/3648/2249 3165/3205/2070 3166/3204/1
f 3221/3650/2250 3220/3649/2100 3166/3204/1 3167/3447/2189
f 3222/3651/2078 3221/3650/2250 3167/3447/2189 3168/3223/2076
f 3223/3652/2228 3222/3651/2078 3168/3223/2076 3169/3222/17
f 3224/3653/2085 3223/3652/2228 3169/3222/17 3170/3177/2058
f 3225/3654/2200 3224/3653/2085 3170/3177/2058 3171/3176/2057
f 3226/3655/2251 3225/3654/2200 3171/3176/2057 3172/3182/8
f 3227/3656/2096 3226/3655/2251 3172/3182/8 3173/3444/2071
f 3228/3657/2091 3227/3656/2096 3173/3444/2071 3174/3440/2065
f 3212/3641/2090 3228/3657/2091 3174/3440/2065 3158/3436/36
f 2958/3333/2119 2943/3363/2149 3230/3174/2056 3229/3217/2075
f 2957/3337/2123 2941/3336/2122 3232/3221/17 3231/3224/2076
f 2956/3334/2120 2958/3333/2119 3229/3217/2075 3233/3220/37
f 2955/3516/2206 2957/3337/2123 3231/3224/2076 3234/3446/2189
f 2954/3518/2208 2949/3517/2207 3236/3437/36 3235/3441/2065
f 2953/3366/2152 2956/3334/2120 3233/3220/37 3237/3442/2064
f 2952/3523/2213 2955/3516/2206 3234/3446/2189 3238/3203/1
f 2951/3521/2211 2954/3518/2208 3235/3441/2065 3239/3445/2071
f 2950/3367/2153 2953/3366/2152 3237/3442/2064 3240/3434/2063
f 2948/3524/2214 2952/3523/2213 3238/3203/1 3241/3206/2070
f 2947/3522/2212 2951/3521/2211 3239/3445/2071 3242/3181/8
f 2949/3517/2207 2950/3367/2153 3240/3434/2063 3236/3437/36
f 2946/3525/2215 2948/3524/2214 3241/3206/2070 3243/3179/2059
f 2945/3529/2219 2947/3522/2212 3242/3181/8 3244/3175/2057
f 2944/3362/2148 2946/3525/2215 3243/3179/2059 3245/3171/9
f 2942/3527/2217 2945/3529/2219 3244/3175/2057 3246/3178/2058
f 2943/3363/2149 2944/3362/2148 3245/3171/9 3230/3174/2056
f 2941/3336/2122 2942/3527/2217 3246/3178/2058 3232/3221/17
f 3302/3658/2242 3301/3659/2252 3014/3187/2063 3013/3192/36
f 3301/3659/2252 3303/3660/2225 3015/3188/2064 3014/3187/2063
f 3303/3660/2225 3304/3661/2224 3016/3273/37 3015/3188/2064
f 3304/3661/2224 3305/3662/2229 3017/3458/2075 3016/3273/37
f 3305/3662/2229 3306/3663/2253 3018/3430/2056 3017/3458/2075
f 3306/3663/2253 3307/3664/2254 3019/3431/9 3018/3430/2056
f 3307/3664/2254 3308/3665/2236 3020/3213/2059 3019/3431/9
f 3308/3665/2236 3309/3666/2235 3021/3214/2070 3020/3213/2059
f 3309/3666/2235 3310/3667/2237 3022/3450/1 3021/3214/2070
f 3310/3667/2237 3311/3668/2204 3023/3454/2189 3022/3450/1
f 3311/3668/2204 3312/3669/2203 3024/3455/2076 3023/3454/2189
f 3312/3669/2203 3313/3670/2255 3025/3426/17 3024/3455/2076
f 3313/3670/2255 3314/3671/2256 3026/3427/2058 3025/3426/17
f 3314/3671/2256 3315/3672/2231 3027/3255/2057 3026/3427/2058
f 3315/3672/2231 3316/3673/2230 3028/3256/8 3027/3255/2057
f 3316/3673/2230 3317/3674/2257 3029/3207/2071 3028/3256/8
f 3317/3674/2257 3318/3675/2243 3030/3191/2065 3029/3207/2071
f 3318/3675/2243 3302/3658/2242 3013/3192/36 3030/3191/2065
f 3033/3327/2113 3048/3369/2155 3265/3459/2075 3266/3433/2056
f 3031/3324/2110 3047/3323/2109 3267/3456/2076 3268/3429/17
f 3048/3369/2155 3046/3340/2126 3269/3274/37 3265/3459/2075
f 3047/3323/2109 3045/3348/2134 3270/3457/2189 3267/3456/2076
f 3039/3343/2129 3044/3356/2142 3271/3194/2065 3272/3193/36
f 3046/3340/2126 3043/3339/2125 3273/3189/2064 3269/3274/37
f 3045/3348/2134 3042/3349/2135 3274/3451/1 3270/3457/2189
f 3044/3356/2142 3041/3353/2139 3275/3208/2071 3271/3194/2065
f 3043/3339/2125 3040/3344/2130 3276/3190/2063 3273/3189/2064
f 3042/3349/2135 3038/3359/2145 3277/3215/2070 3274/3451/1
f 3041/3353/2139 3037/3352/2138 3278/3257/8 3275/3208/2071
f 3040/3344/2130 3039/3343/2129 3272/3193/36 3276/3190/2063
f 3038/3359/2145 3036/3358/2144 3279/3216/2059 3277/3215/2070
f 3037/3352/2138 3035/3320/2106 3280/3258/2057 3278/3257/8
f 3036/3358/2144 3034/3328/2114 3281/3432/9 3279/3216/2059
f 3035/3320/2106 3032/3319/2105 3282/3428/2058 3280/3258/2057
f 3034/3328/2114 3033/3327/2113 3266/3433/2056 3281/3432/9
f 2870/3595/88 2871/3237/88 3107/3240/88 3120/3482/88
f 3105/3461/88 2896/3487/88 2895/3226/88 3119/3225/88
f 2880/3541/88 2881/3510/88 3112/3245/88 3110/3248/88
f 2869/3465/88 2870/3595/88 3120/3482/88 3109/3466/88
f 2906/3676/88 3096/3513/88 3095/3511/88 2905/3677/88
f 2885/3578/88 3103/3485/88 3118/3242/88 2884/3302/88
f 2874/3477/88 2875/3583/88 3115/3473/88 3113/3478/88
f 3299/3234/70 3285/3230/70 3256/3229/70 3255/3235/70
f 2882/3509/88 2883/3301/88 3116/3241/88 3114/3475/88
f 3283/3543/70 3284/3550/70 3264/3551/70 3263/3544/70
f 2877/3462/88 3119/3225/88 3117/3228/88 2876/3586/88
f 3113/3478/88 3115/3473/88 2893/3474/88 2892/3548/88
f 2876/3586/88 3117/3228/88 3115/3473/88 2875/3583/88
f 2886/3468/88 3104/3467/88 3103/3485/88 2885/3578/88
f 2908/3560/88 2909/3559/88 3087/3491/88 3102/3304/88
f 2922/3553/88 2905/3677/88 3095/3511/88 3100/3504/88
f 2908/3560/88 3102/3304/88 3099/3303/88 2907/3575/88
f 3096/3513/88 2924/3514/88 2923/3512/88 3095/3511/88
f 2916/3565/88 3085/3471/88 3101/3307/88 2915/3678/88
f 2907/3575/88 3099/3303/88 3096/3513/88 2906/3676/88
f 2915/3678/88 3101/3307/88 3098/3310/88 2914/3679/88
f 2913/3535/88 2914/3679/88 3098/3310/88 3094/3496/88
f 2921/3554/88 2922/3553/88 3100/3504/88 3097/3500/88
f 2920/3569/88 3093/3294/88 3091/3293/88 2919/3568/88
f 2910/3537/88 3088/3488/88 3087/3491/88 2909/3559/88
f 3317/3680/2257 3316/3573/2230 3262/3545/70 3263/3544/70
f 3219/3681/2249 3220/3682/2100 2878/3460/88 2877/3462/88
f 2917/3538/88 3086/3300/88 3085/3471/88 2916/3565/88
f 2878/3460/88 3220/3682/2100 3221/3683/2250 2879/3540/88
f 2879/3540/88 3221/3683/2250 3222/3570/2078 2880/3541/88
f 3259/3318/70 3313/3684/2255 3312/3506/2203 3258/3508/70
f 2874/3477/88 3216/3685/2082 3217/3584/2234 2875/3583/88
f 3134/3268/2085 3135/3449/2200 2919/3568/88 2918/3539/88
f 3223/3571/2228 3224/3686/2085 2882/3509/88 2881/3510/88
f 2884/3302/88 3226/3687/2251 3227/3576/2096 2885/3578/88
f 3264/3551/70 3318/3598/2243 3317/3680/2257 3263/3544/70
f 3311/3507/2204 3310/3589/2237 3256/3229/70 3257/3232/70
f 2914/3679/88 3130/3288/2100 3131/3261/2079 2915/3678/88
f 3303/3558/2225 3301/3688/2252 3247/3252/70 3249/3254/70
f 3261/3547/70 3315/3574/2231 3314/3689/2256 3260/3317/70
f 2883/3301/88 3225/3690/2200 3226/3687/2251 2884/3302/88
f 3260/3317/70 3314/3689/2256 3313/3684/2255 3259/3318/70
f 3308/3588/2236 3307/3691/2254 3253/3503/70 3254/3236/70
f 2920/3569/88 2921/3554/88 3097/3500/88 3093/3294/88
f 3128/3453/2202 3129/3289/2101 2913/3535/88 2912/3534/88
f 2894/3227/88 3182/3452/2201 3181/3271/2087 2893/3474/88
f 2892/3548/88 3180/3263/2081 3179/3266/2084 2891/3481/88
f 2893/3474/88 3181/3271/2087 3180/3263/2081 2892/3548/88
f 2906/3676/88 3121/3282/2094 3123/3292/2104 2907/3575/88
f 3194/3563/2227 3210/3692/2247 2940/3505/88 2923/3512/88
f 3301/3688/2252 3302/3597/2242 3248/3249/70 3247/3252/70
f 2898/3247/88 3186/3259/2077 3185/3262/2080 2897/3470/88
f 3187/3270/2060 3186/3259/2077 2898/3247/88 2899/3246/88
f 3179/3266/2084 3178/3439/2198 2890/3463/88 2891/3481/88
f 3188/3267/2061 3187/3270/2060 2899/3246/88 2900/3476/88
f 2903/3486/88 3191/3283/2095 3190/3286/2098 2902/3243/88
f 3176/3275/2089 3192/3278/2092 2904/3552/88 2887/3484/88
f 2905/3677/88 3122/3276/2090 3121/3282/2094 2906/3676/88
f 3192/3278/2092 3191/3283/2095 2903/3486/88 2904/3552/88
f 3307/3691/2254 3306/3693/2253 3252/3494/70 3253/3503/70
f 2909/3559/88 3125/3265/2083 3126/3264/2082 2910/3537/88
f 2910/3537/88 3126/3264/2082 3127/3272/2088 2911/3536/88
f 3196/3694/2060 3195/3564/2077 2925/3306/88 2926/3305/88
f 2915/3678/88 3131/3261/2079 3132/3260/2078 2916/3565/88
f 3129/3289/2101 3130/3288/2100 2914/3679/88 2913/3535/88
f 2869/3465/88 3212/3579/2090 3211/3596/2094 2870/3595/88
f 3215/3581/2083 3216/3685/2082 2874/3477/88 2873/3480/88
f 3178/3439/2198 3177/3291/2103 2889/3464/88 2890/3463/88
f 2888/3483/88 3175/3281/2093 3176/3275/2089 2887/3484/88
f 3138/3277/2091 3122/3276/2090 2905/3677/88 2922/3553/88
f 2889/3464/88 3177/3291/2103 3175/3281/2093 2888/3483/88
f 2930/3312/88 3200/3591/2239 3199/3600/2067 2929/3313/88
f 3197/3567/2061 3196/3694/2060 2926/3305/88 2927/3490/88
f 3252/3494/70 3306/3693/2253 3305/3572/2229 3251/3495/70
f 3206/3582/2233 3205/3592/2240 2935/3299/88 2936/3298/88
f 3202/3695/2072 3201/3590/2238 2931/3497/88 2932/3309/88
f 2933/3308/88 3203/3599/2073 3202/3695/2072 2932/3309/88
f 3218/3585/2202 3219/3681/2249 2877/3462/88 2876/3586/88
f 2920/3569/88 3136/3285/2097 3137/3284/2096 2921/3554/88
f 3133/3269/2086 3134/3268/2085 2918/3539/88 2917/3538/88
f 3224/3686/2085 3225/3690/2200 2883/3301/88 2882/3509/88
f 3210/3692/2247 3209/3561/2201 2939/3501/88 2940/3505/88
f 3187/3270/2060 3133/3269/2086 3132/3260/2078 3186/3259/2077
f 3623/3696/9 3559/3697/9 3558/3698/2056 3608/3699/2056
f 3622/3700/2057 3567/3701/2057 3566/3702/2058 3624/3703/2062
f 3621/3704/2059 3560/3705/2059 3559/3697/9 3623/3696/9
f 3620/3706/8 3568/3707/8 3567/3701/2057 3622/3700/2057
f 3521/3708/2068 3523/3709/2069 3398/3710/2059 3397/3711/9
f 3417/3712/2070 3418/3713/1 3652/3714/1 3655/3715/2070
f 3618/3716/2063 3553/3717/2063 3554/3718/36 3614/3719/36
f 3410/3720/2063 3411/3721/2064 3651/3722/2064 3654/3723/2063
f 3425/3724/2071 3426/3725/2065 3649/3726/2065 3653/3727/2071
f 3616/3728/1 3562/3729/1 3561/3730/2070 3619/3731/2070
f 3607/3732/2075 3557/3733/2075 3556/3734/37 3611/3735/37
f 3610/3736/17 3565/3737/17 3564/3738/2076 3609/3739/2076
f 3611/3735/37 3556/3734/37 3555/3740/2064 3615/3741/2064
f 3677/3742/70 3663/3743/70 3634/3744/70 3633/3745/70
f 3673/3746/70 3433/3747/70 3434/3748/70 3675/3749/70
f 3444/3750/70 3427/3751/70 3667/3752/70 3662/3753/70
f 3327/3754/88 3551/3755/88 3549/3756/88 3326/3757/88
f 3430/3758/70 3431/3759/70 3669/3760/70 3666/3761/70
f 3682/3762/70 3576/3763/70 3577/3764/70 3684/3765/70
f 3439/3766/70 3440/3767/70 3672/3768/70 3670/3769/70
f 3671/3770/70 3432/3771/70 3433/3747/70 3673/3746/70
f 3672/3768/70 3440/3767/70 3441/3772/70 3674/3773/70
f 3438/3774/70 3439/3766/70 3670/3769/70 3668/3775/70
f 3674/3773/70 3441/3772/70 3442/3776/70 3676/3777/70
f 3443/3778/70 3444/3750/70 3662/3753/70 3661/3779/70
f 3626/3780/70 3667/3752/70 3678/3781/70 3625/3782/70
f 3676/3777/70 3442/3776/70 3443/3778/70 3661/3779/70
f 3336/3783/88 3536/3784/88 3535/3785/88 3335/3786/88
f 3423/3787/2057 3424/3788/8 3656/3789/8 3658/3790/2057
f 3424/3788/8 3425/3724/2071 3653/3727/2071 3656/3789/8
f 3411/3721/2064 3412/3791/37 3647/3792/37 3651/3722/2064
f 3429/3793/70 3430/3758/70 3666/3761/70 3665/3794/70
f 3683/3795/70 3584/3796/70 3585/3797/70 3685/3798/70
f 3669/3760/70 3671/3770/70 3630/3799/70 3629/3800/70
f 3583/3801/70 3584/3796/70 3683/3795/70 3680/3802/70
f 3578/3803/70 3579/3804/70 3688/3805/70 3686/3806/70
f 3666/3761/70 3669/3760/70 3629/3800/70 3628/3807/70
f 3693/3808/70 3573/3809/70 3574/3810/70 3696/3811/70
f 3699/3812/2225 3697/3813/2252 3625/3782/70 3627/3814/70
f 3688/3805/70 3579/3804/70 3580/3815/70 3692/3816/70
f 3577/3764/70 3578/3803/70 3686/3806/70 3684/3765/70
f 3670/3769/70 3672/3768/70 3638/3817/70 3637/3818/70
f 3574/3810/70 3575/3819/70 3681/3820/70 3696/3811/70
f 3482/3821/2105 3485/3822/2106 3504/3823/2107 3502/3824/2108
f 3497/3825/2109 3481/3826/2110 3499/3827/2111 3515/3828/2112
f 3483/3829/2113 3484/3830/2114 3503/3831/2115 3500/3832/2116
f 3368/3833/2173 3350/3834/2208 3347/3835/2211 3365/3836/2210
f 3355/3837/2121 3337/3838/2122 3353/3839/2123 3371/3840/2124
f 3493/3841/2125 3496/3842/2126 3514/3843/2127 3511/3844/2128
f 3512/3845/2141 3494/3846/2142 3489/3847/2129 3501/3848/2132
f 3513/3849/2133 3495/3850/2134 3497/3825/2109 3515/3828/2112
f 3490/3851/2130 3493/3841/2125 3511/3844/2128 3508/3852/2131
f 3507/3853/2146 3488/3854/2145 3492/3855/2135 3510/3856/2136
f 3506/3857/2137 3487/3858/2138 3491/3859/2139 3509/3860/2140
f 3363/3861/2179 3366/3862/2178 3348/3863/2213 3344/3864/2214
f 3505/3865/2143 3486/3866/2144 3488/3854/2145 3507/3853/2146
f 3359/3867/2147 3340/3868/2148 3339/3869/2149 3356/3870/2150
f 3503/3831/2115 3484/3830/2114 3486/3866/2144 3505/3865/2143
f 3361/3871/2167 3363/3861/2179 3344/3864/2214 3342/3872/2215
f 3514/3843/2127 3496/3842/2126 3498/3873/2155 3516/3874/2156
f 3481/3826/2110 3482/3821/2105 3502/3824/2108 3499/3827/2111
f 3499/3827/2111 3502/3824/2108 3520/3875/2158 3517/3876/2159
f 3500/3832/2116 3503/3831/2115 3521/3708/2068 3518/3877/2157
f 3374/3878/2187 3356/3870/2150 3372/3879/2118 3390/3880/2194
f 3383/3881/2223 3365/3836/2210 3362/3882/2209 3380/3883/2221
f 3526/3884/2169 3508/3852/2131 3511/3844/2128 3529/3885/2170
f 3507/3853/2146 3510/3856/2136 3528/3886/2165 3525/3887/2163
f 3387/3888/2195 3369/3889/2205 3366/3862/2178 3384/3890/2177
f 3385/3891/2182 3388/3892/2185 3370/3893/2258 3367/3894/2151
f 3375/3895/2171 3357/3896/2172 3368/3833/2173 3386/3897/2174
f 3531/3898/2164 3513/3849/2133 3515/3828/2112 3533/3899/2188
f 3509/3860/2140 3512/3845/2141 3530/3900/2190 3527/3901/2192
f 3378/3902/2222 3360/3903/2218 3358/3904/2216 3376/3905/2220
f 3389/3906/2175 3373/3907/2176 3355/3837/2121 3371/3840/2124
f 3510/3856/2136 3513/3849/2133 3531/3898/2164 3528/3886/2165
f 3505/3865/2143 3507/3853/2146 3525/3887/2163 3523/3709/2069
f 3376/3905/2220 3358/3904/2216 3355/3837/2121 3373/3907/2176
f 3498/3873/2155 3483/3829/2113 3500/3832/2116 3516/3874/2156
f 3502/3824/2108 3504/3823/2107 3522/3908/2161 3520/3875/2158
f 3405/3909/2057 3378/3902/2222 3376/3905/2220 3404/3910/2062
f 3393/3911/2186 3394/3912/37 3388/3892/2185 3385/3891/2182
f 3403/3913/17 3404/3910/2062 3376/3905/2220 3373/3907/2176
f 3531/3898/2164 3533/3899/2188 3402/3914/2076 3401/3915/2189
f 3408/3916/2065 3530/3900/2190 3519/3917/2191 3391/3918/36
f 3402/3914/2076 3533/3899/2188 3517/3876/2159 3403/3913/17
f 3399/3919/2070 3525/3887/2163 3528/3886/2165 3400/3920/1
f 3526/3884/2169 3529/3885/2170 3393/3911/2186 3392/3921/2063
f 3523/3709/2069 3525/3887/2163 3399/3919/2070 3398/3710/2059
f 3534/3922/2160 3518/3877/2157 3396/3923/2184 3395/3924/2075
f 3524/3925/2162 3527/3901/2192 3407/3926/2193 3406/3927/8
f 3391/3918/36 3519/3917/2191 3526/3884/2169 3392/3921/2063
f 3402/3914/2076 3389/3906/2175 3387/3888/2195 3401/3915/2189
f 3522/3908/2161 3524/3925/2162 3406/3927/8 3405/3909/2057
f 3402/3914/2076 3403/3913/17 3373/3907/2176 3389/3906/2175
f 3520/3875/2158 3522/3908/2161 3405/3909/2057 3404/3910/2062
f 3518/3877/2157 3521/3708/2068 3397/3711/9 3396/3923/2184
f 3406/3927/8 3380/3883/2221 3378/3902/2222 3405/3909/2057
f 3421/3928/17 3422/3929/2058 3660/3930/2058 3646/3931/17
f 3414/3932/2056 3415/3933/9 3659/3934/9 3644/3935/2056
f 3422/3929/2058 3423/3787/2057 3658/3790/2057 3660/3930/2058
f 3415/3933/9 3416/3936/2059 3657/3937/2059 3659/3934/9
f 3619/3731/2070 3561/3730/2070 3560/3705/2059 3621/3704/2059
f 3416/3936/2059 3417/3712/2070 3655/3715/2070 3657/3937/2059
f 3409/3938/36 3410/3720/2063 3654/3723/2063 3650/3939/36
f 3613/3940/2065 3570/3941/2065 3569/3942/2071 3617/3943/2071
f 3426/3725/2065 3409/3938/36 3650/3939/36 3649/3726/2065
f 3612/3944/2189 3563/3945/2189 3562/3729/1 3616/3728/1
f 3614/3719/36 3554/3718/36 3570/3941/2065 3613/3940/2065
f 3419/3946/2189 3420/3947/2076 3645/3948/2076 3648/3949/2189
f 3412/3791/37 3413/3950/2075 3643/3951/2075 3647/3792/37
f 3420/3947/2076 3421/3928/17 3646/3931/17 3645/3948/2076
f 3320/3952/88 3321/3953/88 3539/3954/88 3552/3955/88
f 3328/3956/88 3537/3957/88 3551/3755/88 3327/3754/88
f 3662/3753/70 3667/3752/70 3626/3780/70 3642/3958/70
f 3434/3748/70 3435/3959/70 3677/3742/70 3675/3749/70
f 3638/3817/70 3672/3768/70 3674/3773/70 3639/3960/70
f 3695/3961/70 3581/3962/70 3582/3963/70 3679/3964/70
f 3324/3965/88 3545/3966/88 3543/3967/88 3323/3968/88
f 3329/3969/88 3330/3970/88 3542/3971/88 3538/3972/88
f 3418/3713/1 3419/3946/2189 3648/3949/2189 3652/3714/1
f 3743/3973/2259 3744/3974/2203 3726/3975/2260 3725/3976/2261
f 3736/3977/2262 3737/3978/2229 3719/3979/2263 3718/3980/2264
f 3744/3974/2203 3745/3981/2265 3727/3982/2266 3726/3975/2260
f 3737/3978/2229 3738/3983/2253 3720/3984/2267 3719/3979/2263
f 3482/3821/2105 3481/3826/2110 3646/3931/17 3660/3930/2058
f 3738/3983/2253 3739/3985/2268 3721/3986/2269 3720/3984/2267
f 3746/3987/2256 3747/3988/2231 3729/3989/2270 3728/3990/2271
f 3739/3985/2268 3740/3991/2236 3722/3992/2272 3721/3986/2269
f 3747/3988/2231 3748/3993/2273 3730/3994/2274 3729/3989/2270
f 3740/3991/2236 3741/3995/2275 3723/3996/2276 3722/3992/2272
f 3734/3997/2242 3733/3998/2252 3715/3999/2277 3716/4000/2278
f 3748/3993/2273 3749/4001/2257 3731/4002/2279 3730/3994/2274
f 3741/3995/2275 3742/4003/2237 3724/4004/2280 3723/3996/2276
f 3733/3998/2252 3735/4005/2225 3717/4006/2281 3715/3999/2277
f 3749/4001/2257 3750/4007/2243 3732/4008/2282 3731/4002/2279
f 3742/4003/2237 3743/3973/2259 3725/3976/2261 3724/4004/2280
f 3685/3798/70 3585/3797/70 3586/4009/70 3687/4010/70
f 3679/3964/70 3582/3963/70 3583/3801/70 3680/3802/70
f 3690/4011/70 3571/4012/70 3573/3809/70 3693/3808/70
f 3323/3968/88 3543/3967/88 3540/4013/88 3322/4014/88
f 3587/4015/70 3588/4016/70 3694/4017/70 3691/4018/70
f 3453/4019/70 3688/3805/70 3692/3816/70 3454/4020/70
f 3356/3870/2150 3339/3869/2149 3354/4021/2119 3372/3879/2118
f 3370/3893/2258 3352/4022/2120 3349/4023/2152 3367/3894/2151
f 3504/3823/2107 3485/3822/2106 3487/3858/2138 3506/3857/2137
f 3491/3859/2139 3494/3846/2142 3512/3845/2141 3509/3860/2140
f 3368/3833/2173 3357/3896/2172 3345/4024/2207 3350/3834/2208
f 3362/3882/2209 3365/3836/2210 3347/3835/2211 3343/4025/2212
f 3501/3848/2132 3489/3847/2129 3490/3851/2130 3508/3852/2131
f 3370/3893/2258 3372/3879/2118 3354/4021/2119 3352/4022/2120
f 3369/3889/2205 3371/3840/2124 3353/3839/2123 3351/4026/2206
f 3369/3889/2205 3351/4026/2206 3348/3863/2213 3366/3862/2178
f 3359/3867/2147 3361/3871/2167 3342/3872/2215 3340/3868/2148
f 3357/3896/2172 3364/4027/2154 3346/4028/2153 3345/4024/2207
f 3367/3894/2151 3349/4023/2152 3346/4028/2153 3364/4027/2154
f 3358/3904/2216 3338/4029/2217 3337/3838/2122 3355/3837/2121
f 3360/3903/2218 3341/4030/2219 3338/4029/2217 3358/3904/2216
f 3360/3903/2218 3362/3882/2209 3343/4025/2212 3341/4030/2219
f 3492/3855/2135 3495/3850/2134 3513/3849/2133 3510/3856/2136
f 3522/3908/2161 3504/3823/2107 3506/3857/2137 3524/3925/2162
f 3532/4031/2183 3514/3843/2127 3516/3874/2156 3534/3922/2160
f 3516/3874/2156 3500/3832/2116 3518/3877/2157 3534/3922/2160
f 3379/4032/2166 3361/3871/2167 3359/3867/2147 3377/4033/2168
f 3380/3883/2221 3362/3882/2209 3360/3903/2218 3378/3902/2222
f 3381/4034/2180 3363/3861/2179 3361/3871/2167 3379/4032/2166
f 3512/3845/2141 3501/3848/2132 3519/3917/2191 3530/3900/2190
f 3533/3899/2188 3515/3828/2112 3499/3827/2111 3517/3876/2159
f 3519/3917/2191 3501/3848/2132 3508/3852/2131 3526/3884/2169
f 3382/4035/2181 3385/3891/2182 3367/3894/2151 3364/4027/2154
f 3387/3888/2195 3389/3906/2175 3371/3840/2124 3369/3889/2205
f 3375/3895/2171 3382/4035/2181 3364/4027/2154 3357/3896/2172
f 3503/3831/2115 3505/3865/2143 3523/3709/2069 3521/3708/2068
f 3384/3890/2177 3366/3862/2178 3363/3861/2179 3381/4034/2180
f 3386/3897/2174 3368/3833/2173 3365/3836/2210 3383/3881/2223
f 3388/3892/2185 3390/3880/2194 3372/3879/2118 3370/3893/2258
f 3529/3885/2170 3511/3844/2128 3514/3843/2127 3532/4031/2183
f 3524/3925/2162 3506/3857/2137 3509/3860/2140 3527/3901/2192
f 3396/3923/2184 3374/3878/2187 3390/3880/2194 3395/3924/2075
f 3393/3911/2186 3529/3885/2170 3532/4031/2183 3394/3912/37
f 3403/3913/17 3517/3876/2159 3520/3875/2158 3404/3910/2062
f 3528/3886/2165 3531/3898/2164 3401/3915/2189 3400/3920/1
f 3397/3711/9 3377/4033/2168 3374/3878/2187 3396/3923/2184
f 3407/3926/2193 3383/3881/2223 3380/3883/2221 3406/3927/8
f 3401/3915/2189 3387/3888/2195 3384/3890/2177 3400/3920/1
f 3407/3926/2193 3408/3916/2065 3386/3897/2174 3383/3881/2223
f 3393/3911/2186 3385/3891/2182 3382/4035/2181 3392/3921/2063
f 3399/3919/2070 3400/3920/1 3384/3890/2177 3381/4034/2180
f 3392/3921/2063 3382/4035/2181 3375/3895/2171 3391/3918/36
f 3408/3916/2065 3391/3918/36 3375/3895/2171 3386/3897/2174
f 3399/3919/2070 3381/4034/2180 3379/4032/2166 3398/3710/2059
f 3407/3926/2193 3527/3901/2192 3530/3900/2190 3408/3916/2065
f 3398/3710/2059 3379/4032/2166 3377/4033/2168 3397/3711/9
f 3377/4033/2168 3359/3867/2147 3356/3870/2150 3374/3878/2187
f 3394/3912/37 3532/4031/2183 3534/3922/2160 3395/3924/2075
f 3394/3912/37 3395/3924/2075 3390/3880/2194 3388/3892/2185
f 3735/4005/2225 3736/3977/2262 3718/3980/2264 3717/4006/2281
f 3413/3950/2075 3414/3932/2056 3644/3935/2056 3643/3951/2075
f 3448/4036/70 3696/3811/70 3681/3820/70 3449/4037/70
f 3462/4038/70 3694/4017/70 3689/4039/70 3445/4040/70
f 3693/3808/70 3696/3811/70 3448/4036/70 3447/4041/70
f 3692/3816/70 3695/3961/70 3455/4042/70 3454/4020/70
f 3461/4043/70 3691/4018/70 3694/4017/70 3462/4038/70
f 3580/3815/70 3581/3962/70 3695/3961/70 3692/3816/70
f 3689/4039/70 3690/4011/70 3446/4044/70 3445/4040/70
f 3685/3798/70 3687/4010/70 3460/4045/70 3459/4046/70
f 3575/3819/70 3576/3763/70 3682/3762/70 3681/3820/70
f 3681/3820/70 3682/3762/70 3450/4047/70 3449/4037/70
f 3457/4048/70 3680/3802/70 3683/3795/70 3458/4049/70
f 3597/4050/2249 3598/4051/2100 3328/3956/88 3327/3754/88
f 3679/3964/70 3680/3802/70 3457/4048/70 3456/4052/70
f 3625/3782/70 3678/3781/70 3665/3794/70 3627/3814/70
f 3328/3956/88 3329/3969/88 3538/3972/88 3537/3957/88
f 3321/3953/88 3322/4014/88 3540/4013/88 3539/3954/88
f 3663/3743/70 3436/4053/70 3437/4054/70 3664/4055/70
f 3664/4055/70 3437/4054/70 3438/3774/70 3668/3775/70
f 3630/3799/70 3671/3770/70 3673/3746/70 3631/4056/70
f 3673/3746/70 3675/3749/70 3632/4057/70 3631/4056/70
f 3332/4058/88 3546/4059/88 3544/4060/88 3331/4061/88
f 3335/3786/88 3535/3785/88 3550/4062/88 3334/4063/88
f 3627/3814/70 3665/3794/70 3666/3761/70 3628/3807/70
f 3333/4064/88 3334/4063/88 3550/4062/88 3548/4065/88
f 3635/4066/70 3664/4055/70 3668/3775/70 3636/4067/70
f 3330/3970/88 3331/4061/88 3544/4060/88 3542/3971/88
f 3661/3779/70 3662/3753/70 3642/3958/70 3641/4068/70
f 3445/4040/70 3734/3997/2242 3750/4007/2243 3462/4038/70
f 3740/3991/2236 3739/3985/2268 3451/4069/70 3452/4070/70
f 3458/4049/70 3746/3987/2256 3745/3981/2265 3457/4048/70
f 3766/4071/2269 3767/4072/2272 3587/4015/70 3586/4009/70
f 3715/3999/2277 3717/4006/2281 3429/3793/70 3428/4073/70
f 3454/4020/70 3742/4003/2237 3741/3995/2275 3453/4019/70
f 3319/4074/88 3590/4075/2090 3589/4076/2094 3320/3952/88
f 3725/3976/2261 3726/3975/2260 3438/3774/70 3437/4054/70
f 3748/3993/2273 3747/3988/2231 3459/4046/70 3460/4045/70
f 3440/3767/70 3728/3990/2271 3729/3989/2270 3441/3772/70
f 3720/3984/2267 3721/3986/2269 3433/3747/70 3432/3771/70
f 3637/3818/70 3709/4077/2255 3708/4078/2203 3636/4067/70
f 3329/3969/88 3599/4079/2250 3600/4080/2078 3330/3970/88
f 3716/4000/2278 3715/3999/2277 3428/4073/70 3427/3751/70
f 3744/3974/2203 3743/3973/2259 3455/4042/70 3456/4052/70
f 3749/4001/2257 3748/3993/2273 3460/4045/70 3461/4043/70
f 3574/3810/70 3754/4081/2266 3755/4082/2271 3575/3819/70
f 3630/3799/70 3702/4083/2253 3701/4084/2229 3629/3800/70
f 3429/3793/70 3717/4006/2281 3718/3980/2264 3430/3758/70
f 3724/4004/2280 3725/3976/2261 3437/4054/70 3436/4053/70
f 3582/3963/70 3762/4085/2283 3763/4086/2284 3583/3801/70
f 3430/3758/70 3718/3980/2264 3719/3979/2263 3431/3759/70
f 3639/3960/70 3711/4087/2231 3710/4088/2256 3638/3817/70
f 3439/3766/70 3727/3982/2266 3728/3990/2271 3440/3767/70
f 3573/3809/70 3753/4089/2260 3754/4081/2266 3574/3810/70
f 3588/4016/70 3768/4090/2285 3752/4091/2286 3572/4092/70
f 3760/4093/2287 3761/4094/2288 3581/3962/70 3580/3815/70
f 3587/4015/70 3767/4072/2272 3768/4090/2285 3588/4016/70
f 3600/4080/2078 3601/4095/2228 3331/4061/88 3330/3970/88
f 3324/3965/88 3594/4096/2082 3595/4097/2234 3325/4098/88
f 3459/4046/70 3747/3988/2231 3746/3987/2256 3458/4049/70
f 3629/3800/70 3701/4084/2229 3700/4099/2224 3628/3807/70
f 3633/3745/70 3705/4100/2235 3704/4101/2236 3632/4057/70
f 3606/4102/2091 3590/4075/2090 3319/4074/88 3336/3783/88
f 3453/4019/70 3741/3995/2275 3740/3991/2236 3452/4070/70
f 3703/4103/2254 3702/4083/2253 3630/3799/70 3631/4056/70
f 3584/3796/70 3764/4104/2289 3765/4105/2267 3585/3797/70
f 3458/4049/70 3683/3795/70 3685/3798/70 3459/4046/70
f 3325/4098/88 3595/4097/2234 3596/4106/2202 3326/3757/88
f 3596/4106/2202 3597/4050/2249 3327/3754/88 3326/3757/88
f 3634/3744/70 3706/4107/2237 3705/4100/2235 3633/3745/70
f 3738/3983/2253 3737/3978/2229 3449/4037/70 3450/4047/70
f 3729/3989/2270 3730/3994/2274 3442/3776/70 3441/3772/70
f 3591/4108/2104 3592/4109/2232 3322/4014/88 3321/3953/88
f 3578/3803/70 3758/4110/2290 3759/4111/2291 3579/3804/70
f 3438/3774/70 3726/3975/2260 3727/3982/2266 3439/3766/70
f 3593/4112/2083 3594/4096/2082 3324/3965/88 3323/3968/88
f 3756/4113/2292 3757/4114/2293 3577/3764/70 3576/3763/70
f 3735/4005/2225 3733/3998/2252 3446/4044/70 3447/4041/70
f 3444/3750/70 3732/4008/2282 3716/4000/2278 3427/3751/70
f 3617/3943/2071 3569/3942/2071 3568/3707/8 3620/3706/8
f 3608/3699/2056 3558/3698/2056 3557/3733/2075 3607/3732/2075
f 3609/3739/2076 3564/3738/2076 3563/3945/2189 3612/3944/2189
f 3750/4007/2243 3734/3997/2242 3716/4000/2278 3732/4008/2282
f 3624/3703/2062 3566/3702/2058 3565/3737/17 3610/3736/17
f 3751/4115/2294 3752/4116/2286 3463/3423/1 3464/3422/2196
f 3753/4117/2260 3751/4115/2294 3464/3422/2196 3465/3639/2244
f 3754/4118/2266 3753/4117/2260 3465/3639/2244 3466/3638/17
f 3755/4119/2271 3754/4118/2266 3466/3638/17 3467/3280/2058
f 3756/4120/2292 3755/4119/2271 3467/3280/2058 3468/3279/2057
f 3757/4121/2293 3756/4120/2292 3468/3279/2057 3469/3637/8
f 3758/4122/2290 3757/4121/2293 3469/3637/8 3470/3636/2193
f 3759/4123/2291 3758/4122/2290 3470/3636/2193 3471/3635/2245
f 3760/4124/2287 3759/4123/2291 3471/3635/2245 3472/3634/36
f 3761/4125/2288 3760/4124/2287 3472/3634/36 3473/3633/2074
f 3762/4126/2283 3761/4125/2288 3473/3633/2074 3474/3632/2186
f 3763/4127/2284 3762/4126/2283 3474/3632/2186 3475/3631/37
f 3764/4128/2289 3763/4127/2284 3475/3631/37 3476/3630/2075
f 3765/4129/2267 3764/4128/2289 3476/3630/2075 3477/3629/2056
f 3766/4130/2269 3765/4129/2267 3477/3629/2056 3478/3628/9
f 3767/4131/2272 3766/4130/2269 3478/3628/9 3479/3627/2246
f 3768/4132/2285 3767/4131/2272 3479/3627/2246 3480/3626/2248
f 3752/4133/2286 3768/4132/2285 3480/3626/2248 3463/3625/1
f 3615/3741/2064 3555/3740/2064 3553/3717/2063 3618/3716/2063
f 3745/3981/2265 3746/3987/2256 3728/3990/2271 3727/3982/2266
f 3589/4134/2094 3590/4135/2090 3554/3718/36 3553/3717/2063
f 3591/4136/2104 3589/4134/2094 3553/3717/2063 3555/3740/2064
f 3592/4137/2232 3591/4136/2104 3555/3740/2064 3556/3734/37
f 3593/4138/2083 3592/4137/2232 3556/3734/37 3557/3733/2075
f 3594/4139/2082 3593/4138/2083 3557/3733/2075 3558/3698/2056
f 3595/4140/2234 3594/4139/2082 3558/3698/2056 3559/3697/9
f 3596/4141/2202 3595/4140/2234 3559/3697/9 3560/3705/2059
f 3597/4142/2249 3596/4141/2202 3560/3705/2059 3561/3730/2070
f 3598/4143/2100 3597/4142/2249 3561/3730/2070 3562/3729/1
f 3599/4144/2250 3598/4143/2100 3562/3729/1 3563/3945/2189
f 3600/4145/2078 3599/4144/2250 3563/3945/2189 3564/3738/2076
f 3601/4146/2228 3600/4145/2078 3564/3738/2076 3565/3737/17
f 3602/4147/2085 3601/4146/2228 3565/3737/17 3566/3702/2058
f 3603/4148/2200 3602/4147/2085 3566/3702/2058 3567/3701/2057
f 3604/4149/2251 3603/4148/2200 3567/3701/2057 3568/3707/8
f 3605/4150/2096 3604/4149/2251 3568/3707/8 3569/3942/2071
f 3606/4151/2091 3605/4150/2096 3569/3942/2071 3570/3941/2065
f 3590/4135/2090 3606/4151/2091 3570/3941/2065 3554/3718/36
f 3354/4152/2119 3339/4153/2149 3608/3699/2056 3607/3732/2075
f 3353/4154/2123 3337/4155/2122 3610/3736/17 3609/3739/2076
f 3352/4156/2120 3354/4152/2119 3607/3732/2075 3611/3735/37
f 3351/4157/2206 3353/4154/2123 3609/3739/2076 3612/3944/2189
f 3350/4158/2208 3345/4159/2207 3614/3719/36 3613/3940/2065
f 3349/4160/2152 3352/4156/2120 3611/3735/37 3615/3741/2064
f 3348/4161/2213 3351/4157/2206 3612/3944/2189 3616/3728/1
f 3347/4162/2211 3350/4158/2208 3613/3940/2065 3617/3943/2071
f 3346/4163/2153 3349/4160/2152 3615/3741/2064 3618/3716/2063
f 3344/4164/2214 3348/4161/2213 3616/3728/1 3619/3731/2070
f 3343/4165/2212 3347/4162/2211 3617/3943/2071 3620/3706/8
f 3345/4159/2207 3346/4163/2153 3618/3716/2063 3614/3719/36
f 3342/4166/2215 3344/4164/2214 3619/3731/2070 3621/3704/2059
f 3341/4167/2219 3343/4165/2212 3620/3706/8 3622/3700/2057
f 3340/4168/2148 3342/4166/2215 3621/3704/2059 3623/3696/9
f 3338/4169/2217 3341/4167/2219 3622/3700/2057 3624/3703/2062
f 3339/4153/2149 3340/4168/2148 3623/3696/9 3608/3699/2056
f 3337/4155/2122 3338/4169/2217 3624/3703/2062 3610/3736/17
f 3698/4170/2242 3697/4171/2252 3410/3720/2063 3409/3938/36
f 3697/4171/2252 3699/4172/2225 3411/3721/2064 3410/3720/2063
f 3699/4172/2225 3700/4173/2224 3412/3791/37 3411/3721/2064
f 3700/4173/2224 3701/4174/2229 3413/3950/2075 3412/3791/37
f 3701/4174/2229 3702/4175/2253 3414/3932/2056 3413/3950/2075
f 3702/4175/2253 3703/4176/2254 3415/3933/9 3414/3932/2056
f 3703/4176/2254 3704/4177/2236 3416/3936/2059 3415/3933/9
f 3704/4177/2236 3705/4178/2235 3417/3712/2070 3416/3936/2059
f 3705/4178/2235 3706/4179/2237 3418/3713/1 3417/3712/2070
f 3706/4179/2237 3707/4180/2204 3419/3946/2189 3418/3713/1
f 3707/4180/2204 3708/4181/2203 3420/3947/2076 3419/3946/2189
f 3708/4181/2203 3709/4182/2255 3421/3928/17 3420/3947/2076
f 3709/4182/2255 3710/4183/2256 3422/3929/2058 3421/3928/17
f 3710/4183/2256 3711/4184/2231 3423/3787/2057 3422/3929/2058
f 3711/4184/2231 3712/4185/2230 3424/3788/8 3423/3787/2057
f 3712/4185/2230 3713/4186/2257 3425/3724/2071 3424/3788/8
f 3713/4186/2257 3714/4187/2243 3426/3725/2065 3425/3724/2071
f 3714/4187/2243 3698/4170/2242 3409/3938/36 3426/3725/2065
f 3483/3829/2113 3498/3873/2155 3643/3951/2075 3644/3935/2056
f 3481/3826/2110 3497/3825/2109 3645/3948/2076 3646/3931/17
f 3498/3873/2155 3496/3842/2126 3647/3792/37 3643/3951/2075
f 3497/3825/2109 3495/3850/2134 3648/3949/2189 3645/3948/2076
f 3489/3847/2129 3494/3846/2142 3649/3726/2065 3650/3939/36
f 3496/3842/2126 3493/3841/2125 3651/3722/2064 3647/3792/37
f 3495/3850/2134 3492/3855/2135 3652/3714/1 3648/3949/2189
f 3494/3846/2142 3491/3859/2139 3653/3727/2071 3649/3726/2065
f 3493/3841/2125 3490/3851/2130 3654/3723/2063 3651/3722/2064
f 3492/3855/2135 3488/3854/2145 3655/3715/2070 3652/3714/1
f 3491/3859/2139 3487/3858/2138 3656/3789/8 3653/3727/2071
f 3490/3851/2130 3489/3847/2129 3650/3939/36 3654/3723/2063
f 3488/3854/2145 3486/3866/2144 3657/3937/2059 3655/3715/2070
f 3487/3858/2138 3485/3822/2106 3658/3790/2057 3656/3789/8
f 3486/3866/2144 3484/3830/2114 3659/3934/9 3657/3937/2059
f 3485/3822/2106 3482/3821/2105 3660/3930/2058 3658/3790/2057
f 3484/3830/2114 3483/3829/2113 3644/3935/2056 3659/3934/9
f 3678/3781/70 3428/4073/70 3429/3793/70 3665/3794/70
f 3634/3744/70 3663/3743/70 3664/4055/70 3635/4066/70
f 3675/3749/70 3677/3742/70 3633/3745/70 3632/4057/70
f 3319/4074/88 3320/3952/88 3552/3955/88 3541/4188/88
f 3676/3777/70 3661/3779/70 3641/4068/70 3640/4189/70
f 3332/4058/88 3333/4064/88 3548/4065/88 3546/4059/88
f 3324/3965/88 3325/4098/88 3547/4190/88 3545/3966/88
f 3435/3959/70 3436/4053/70 3663/3743/70 3677/3742/70
f 3431/3759/70 3432/3771/70 3671/3770/70 3669/3760/70
f 3326/3757/88 3549/3756/88 3547/4190/88 3325/4098/88
f 3572/4092/70 3571/4012/70 3690/4011/70 3689/4039/70
f 3319/4074/88 3541/4188/88 3536/3784/88 3336/3783/88
f 3636/4067/70 3668/3775/70 3670/3769/70 3637/3818/70
f 3667/3752/70 3427/3751/70 3428/4073/70 3678/3781/70
f 3682/3762/70 3684/3765/70 3451/4069/70 3450/4047/70
f 3690/4011/70 3693/3808/70 3447/4041/70 3446/4044/70
f 3694/4017/70 3588/4016/70 3572/4092/70 3689/4039/70
f 3639/3960/70 3674/3773/70 3676/3777/70 3640/4189/70
f 3452/4070/70 3686/3806/70 3688/3805/70 3453/4019/70
f 3586/4009/70 3587/4015/70 3691/4018/70 3687/4010/70
f 3713/4191/2257 3712/4192/2230 3640/4189/70 3641/4068/70
f 3451/4069/70 3684/3765/70 3686/3806/70 3452/4070/70
f 3328/3956/88 3598/4051/2100 3599/4079/2250 3329/3969/88
f 3708/4078/2203 3707/4193/2204 3635/4066/70 3636/4067/70
f 3602/4194/2085 3603/4195/2200 3333/4064/88 3332/4058/88
f 3712/4192/2230 3711/4087/2231 3639/3960/70 3640/4189/70
f 3592/4109/2232 3593/4112/2083 3323/3968/88 3322/4014/88
f 3334/4063/88 3604/4196/2251 3605/4197/2096 3335/3786/88
f 3642/3958/70 3714/4198/2243 3713/4191/2257 3641/4068/70
f 3707/4193/2204 3706/4107/2237 3634/3744/70 3635/4066/70
f 3579/3804/70 3759/4111/2291 3760/4093/2287 3580/3815/70
f 3320/3952/88 3589/4076/2094 3591/4108/2104 3321/3953/88
f 3628/3807/70 3700/4099/2224 3699/3812/2225 3627/3814/70
f 3333/4064/88 3603/4195/2200 3604/4196/2251 3334/4063/88
f 3575/3819/70 3755/4082/2271 3756/4113/2292 3576/3763/70
f 3638/3817/70 3710/4088/2256 3709/4077/2255 3637/3818/70
f 3704/4101/2236 3703/4103/2254 3631/4056/70 3632/4057/70
f 3460/4045/70 3687/4010/70 3691/4018/70 3461/4043/70
f 3733/3998/2252 3734/3997/2242 3445/4040/70 3446/4044/70
f 3443/3778/70 3731/4002/2279 3732/4008/2282 3444/3750/70
f 3765/4105/2267 3766/4071/2269 3586/4009/70 3585/3797/70
f 3697/3813/2252 3698/4199/2242 3626/3780/70 3625/3782/70
f 3457/4048/70 3745/3981/2265 3744/3974/2203 3456/4052/70
f 3719/3979/2263 3720/3984/2267 3432/3771/70 3431/3759/70
f 3695/3961/70 3679/3964/70 3456/4052/70 3455/4042/70
f 3601/4095/2228 3602/4194/2085 3332/4058/88 3331/4061/88
f 3448/4036/70 3736/3977/2262 3735/4005/2225 3447/4041/70
f 3751/4200/2294 3753/4089/2260 3573/3809/70 3571/4012/70
f 3435/3959/70 3723/3996/2276 3724/4004/2280 3436/4053/70
f 3626/3780/70 3698/4199/2242 3714/4198/2243 3642/3958/70
f 3583/3801/70 3763/4086/2284 3764/4104/2289 3584/3796/70
f 3739/3985/2268 3738/3983/2253 3450/4047/70 3451/4069/70
f 3721/3986/2269 3722/3992/2272 3434/3748/70 3433/3747/70
f 3434/3748/70 3722/3992/2272 3723/3996/2276 3435/3959/70
f 3462/4038/70 3750/4007/2243 3749/4001/2257 3461/4043/70
f 3761/4094/2288 3762/4085/2283 3582/3963/70 3581/3962/70
f 3743/3973/2259 3742/4003/2237 3454/4020/70 3455/4042/70
f 3605/4197/2096 3606/4102/2091 3336/3783/88 3335/3786/88
f 3730/3994/2274 3731/4002/2279 3443/3778/70 3442/3776/70
f 3449/4037/70 3737/3978/2229 3736/3977/2262 3448/4036/70
f 3757/4114/2293 3758/4110/2290 3578/3803/70 3577/3764/70
f 3752/4091/2286 3751/4200/2294 3571/4012/70 3572/4092/70
f 4145/4201/9 4063/4202/9 4062/4203/2056 4130/4204/2056
f 4144/4205/2057 4071/4206/2057 4070/4207/2058 4146/4208/2058
f 4143/4209/2059 4064/4210/2059 4063/4202/9 4145/4201/9
f 4142/4211/8 4072/4212/8 4071/4206/2057 4144/4205/2057
f 4096/4213/2060 4097/4214/2061 4043/4215/2062 4042/4216/17
f 3914/4217/2063 3915/4218/2064 4173/4219/2064 4176/4220/2063
f 3930/4221/2065 3913/4222/36 4172/4223/36 4171/4224/2065
f 4098/4225/2066 4099/4226/2067 4045/4227/8 4044/4228/2057
f 3913/4222/36 3914/4217/2063 4176/4220/2063 4172/4223/36
f 3971/4229/2068 3973/4230/2069 3902/4231/2059 3901/4232/9
f 4138/4233/1 4066/4234/1 4065/4235/2070 4141/4236/2070
f 3929/4237/2071 3930/4221/2065 4171/4224/2065 4175/4238/2071
f 4102/4239/2072 4103/4240/2073 4049/4241/2074 4048/4242/36
f 3920/4243/2059 3921/4244/2070 4177/4245/2070 4179/4246/2059
f 4129/4247/2075 4061/4248/2075 4060/4249/37 4133/4250/37
f 4132/4251/17 4069/4252/17 4068/4253/2076 4131/4254/2076
f 4130/4204/2056 4062/4203/2056 4061/4248/2075 4129/4247/2075
f 4019/4255/88 3795/4256/88 3794/4257/88 4017/4258/88
f 4156/4259/70 4185/4260/70 4186/4261/70 4157/4262/70
f 4197/4263/70 4199/4264/70 4155/4265/70 4154/4266/70
f 3771/4267/88 3772/4268/88 4008/4269/88 4007/4270/88
f 4016/4271/88 4018/4272/88 3802/4273/88 3801/4274/88
f 4012/4275/88 3799/4276/88 3798/4277/88 4010/4278/88
f 4148/4279/70 4189/4280/70 4200/4281/70 4147/4282/70
f 4147/4282/70 4200/4281/70 4187/4283/70 4149/4284/70
f 3927/4285/2057 3928/4286/8 4178/4287/8 4180/4288/2057
f 4086/4289/2077 4032/4290/2078 4031/4291/2079 4085/4292/2080
f 3928/4286/8 3929/4237/2071 4175/4238/2071 4178/4287/8
f 4080/4293/2081 4026/4294/2082 4025/4295/2083 4079/4296/2084
f 4088/4297/2061 4034/4298/2085 4033/4299/2086 4087/4300/2060
f 4081/4301/2087 4027/4302/2088 4026/4294/2082 4080/4293/2081
f 3915/4218/2064 3916/4303/37 4169/4304/37 4173/4219/2064
f 4076/4305/2089 4022/4306/2090 4038/4307/2091 4092/4308/2092
f 4044/4228/2057 4368/4309/2057 4367/4310/2058 4043/4215/2062
f 4075/4311/2093 4021/4312/2094 4022/4306/2090 4076/4305/2089
f 4091/4313/2095 4037/4314/2096 4036/4315/2097 4090/4316/2098
f 4084/4317/2099 4030/4318/2100 4029/4319/2101 4083/4320/2102
f 4077/4321/2103 4023/4322/2104 4021/4312/2094 4075/4311/2093
f 4092/4308/2092 4038/4307/2091 4037/4314/2096 4091/4313/2095
f 4085/4292/2080 4031/4291/2079 4030/4318/2100 4084/4317/2099
f 3991/4323/88 3993/4324/88 3838/4325/88 3837/4326/88
f 3989/4327/88 3836/4328/88 3835/4329/88 3986/4330/88
f 3783/4331/88 3784/4332/88 4018/4272/88 4016/4271/88
f 3999/4333/88 4002/4334/88 3826/4335/88 3825/4336/88
f 4001/4337/88 3833/4338/88 3832/4339/88 3998/4340/88
f 3992/4341/88 3830/4342/88 3829/4343/88 3990/4344/88
f 4192/4345/70 4194/4346/70 4160/4347/70 4159/4348/70
f 3932/4349/2105 3935/4350/2106 3954/4351/2107 3952/4352/2108
f 3947/4353/2109 3931/4354/2110 3949/4355/2111 3965/4356/2112
f 3933/4357/2113 3934/4358/2114 3953/4359/2115 3950/4360/2116
f 3874/4361/2258 3876/4362/2118 3858/4363/2119 3856/4364/2120
f 3859/4365/2121 3841/4366/2122 3857/4367/2123 3875/4368/2124
f 3943/4369/2125 3946/4370/2126 3964/4371/2127 3961/4372/2128
f 3939/4373/2129 3940/4374/2130 3958/4375/2131 3951/4376/2132
f 3963/4377/2133 3945/4378/2134 3947/4353/2109 3965/4356/2112
f 3940/4374/2130 3943/4369/2125 3961/4372/2128 3958/4375/2131
f 3942/4379/2135 3945/4378/2134 3963/4377/2133 3960/4380/2136
f 3956/4381/2137 3937/4382/2138 3941/4383/2139 3959/4384/2140
f 3962/4385/2141 3944/4386/2142 3939/4373/2129 3951/4376/2132
f 3955/4387/2143 3936/4388/2144 3938/4389/2145 3957/4390/2146
f 3863/4391/2147 3844/4392/2148 3843/4393/2149 3860/4394/2150
f 3953/4359/2115 3934/4358/2114 3936/4388/2144 3955/4387/2143
f 3871/4395/2151 3853/4396/2152 3850/4397/2153 3868/4398/2154
f 3964/4371/2127 3946/4370/2126 3948/4399/2155 3966/4400/2156
f 3931/4354/2110 3932/4349/2105 3952/4352/2108 3949/4355/2111
f 3950/4360/2116 3953/4359/2115 3971/4229/2068 3968/4401/2157
f 3949/4355/2111 3952/4352/2108 3970/4402/2158 3967/4403/2159
f 3966/4400/2156 3950/4360/2116 3968/4401/2157 3984/4404/2160
f 3948/4399/2155 3933/4357/2113 3950/4360/2116 3966/4400/2156
f 3972/4405/2161 3954/4351/2107 3956/4381/2137 3974/4406/2162
f 3955/4387/2143 3957/4390/2146 3975/4407/2163 3973/4230/2069
f 3960/4380/2136 3963/4377/2133 3981/4408/2164 3978/4409/2165
f 3883/4410/2166 3865/4411/2167 3863/4391/2147 3881/4412/2168
f 3957/4390/2146 3960/4380/2136 3978/4409/2165 3975/4407/2163
f 3976/4413/2169 3958/4375/2131 3961/4372/2128 3979/4414/2170
f 3879/4415/2171 3861/4416/2172 3872/4417/2173 3890/4418/2174
f 3952/4352/2108 3954/4351/2107 3972/4405/2161 3970/4402/2158
f 3893/4419/2175 3877/4420/2176 3859/4365/2121 3875/4368/2124
f 3888/4421/2177 3870/4422/2178 3867/4423/2179 3885/4424/2180
f 3886/4425/2181 3889/4426/2182 3871/4395/2151 3868/4398/2154
f 3982/4427/2183 3964/4371/2127 3966/4400/2156 3984/4404/2160
f 3953/4359/2115 3955/4387/2143 3973/4230/2069 3971/4229/2068
f 3979/4414/2170 3961/4372/2128 3964/4371/2127 3982/4427/2183
f 3984/4404/2160 3968/4401/2157 3900/4428/2184 3899/4429/2075
f 3898/4430/37 3892/4431/2185 3889/4426/2182 3897/4432/2186
f 3901/4232/9 3881/4412/2168 3878/4433/2187 3900/4428/2184
f 3981/4408/2164 3983/4434/2188 3906/4435/2076 3905/4436/2189
f 3980/4437/2190 3969/4438/2191 3895/4439/36 3912/4440/2065
f 3974/4406/2162 3977/4441/2192 3911/4442/2193 3910/4443/8
f 3978/4409/2165 3981/4408/2164 3905/4436/2189 3904/4444/1
f 3973/4230/2069 3975/4407/2163 3903/4445/2070 3902/4231/2059
f 3903/4445/2070 3885/4424/2180 3883/4410/2166 3902/4231/2059
f 3900/4428/2184 3878/4433/2187 3894/4446/2194 3899/4429/2075
f 3896/4447/2063 3886/4425/2181 3879/4415/2171 3895/4439/36
f 3895/4439/36 3969/4438/2191 3976/4413/2169 3896/4447/2063
f 3906/4435/2076 3893/4419/2175 3891/4448/2195 3905/4436/2189
f 3972/4405/2161 3974/4406/2162 3910/4443/8 3909/4449/2057
f 3983/4434/2188 3967/4403/2159 3907/4450/17 3906/4435/2076
f 3908/4451/2062 3970/4402/2158 3972/4405/2161 3909/4449/2057
f 3968/4401/2157 3971/4229/2068 3901/4232/9 3900/4428/2184
f 3898/4430/37 3982/4427/2183 3984/4404/2160 3899/4429/2075
f 4364/4452/2196 4363/4453/1 4040/4454/1 4039/4455/2196
f 3925/4456/17 3926/4457/2058 4182/4458/2058 4168/4459/17
f 3918/4460/2056 3919/4461/9 4181/4462/9 4166/4463/2056
f 3926/4457/2058 3927/4285/2057 4180/4288/2057 4182/4458/2058
f 3919/4461/9 3920/4243/2059 4179/4246/2059 4181/4462/9
f 4141/4236/2070 4065/4235/2070 4064/4210/2059 4143/4209/2059
f 4140/4464/2063 4057/4465/2063 4058/4466/36 4136/4467/36
f 4079/4296/2084 4025/4295/2083 4024/4468/2197 4078/4469/2198
f 4136/4467/36 4058/4466/36 4074/4470/2065 4135/4471/2065
f 4137/4472/2064 4059/4473/2064 4057/4465/2063 4140/4464/2063
f 4135/4471/2065 4074/4470/2065 4073/4474/2071 4139/4475/2071
f 4134/4476/2189 4067/4477/2189 4066/4234/1 4138/4233/1
f 4089/4478/2199 4035/4479/2200 4034/4298/2085 4088/4297/2061
f 3921/4244/2070 3922/4480/1 4174/4481/1 4177/4245/2070
f 4082/4482/2201 4028/4483/2202 4027/4302/2088 4081/4301/2087
f 3923/4484/2189 3924/4485/2076 4167/4486/2076 4170/4487/2189
f 3916/4303/37 3917/4488/2075 4165/4489/2075 4169/4304/37
f 3924/4485/2076 3925/4456/17 4168/4459/17 4167/4486/2076
f 3778/4490/88 4005/4491/88 4019/4255/88 3777/4492/88
f 4008/4269/88 3790/4493/88 3789/4494/88 4007/4270/88
f 3769/4495/88 4009/4496/88 4004/4497/88 3786/4498/88
f 4006/4499/88 4010/4278/88 3798/4277/88 3797/4500/88
f 4001/4337/88 3985/4501/88 3834/4502/88 3833/4338/88
f 4015/4503/88 4017/4258/88 3794/4257/88 3793/4504/88
f 4014/4505/88 4016/4271/88 3801/4274/88 3800/4506/88
f 4014/4505/88 3800/4506/88 3799/4276/88 4012/4275/88
f 3774/4507/88 4013/4508/88 4011/4509/88 3773/4510/88
f 4011/4509/88 3791/4511/88 3790/4493/88 4008/4269/88
f 4009/4496/88 4020/4512/88 3788/4513/88 3787/4514/88
f 4018/4272/88 4003/4515/88 3803/4516/88 3802/4273/88
f 4005/4491/88 4006/4499/88 3797/4500/88 3796/4517/88
f 4020/4512/88 4007/4270/88 3789/4494/88 3788/4513/88
f 3922/4480/1 3923/4484/2189 4170/4487/2189 4174/4481/1
f 4090/4316/2098 4036/4315/2097 4035/4479/2200 4089/4478/2199
f 3932/4349/2105 3931/4354/2110 4168/4459/17 4182/4458/2058
f 3988/4518/88 3828/4519/88 3827/4520/88 3987/4521/88
f 4191/4522/70 4193/4523/70 4152/4524/70 4151/4525/70
f 3989/4327/88 3991/4323/88 3837/4326/88 3836/4328/88
f 3987/4521/88 3827/4520/88 3826/4335/88 4002/4334/88
f 3994/4526/88 3831/4527/88 3830/4342/88 3992/4341/88
f 4188/4528/70 4191/4522/70 4151/4525/70 4150/4529/70
f 3997/4530/88 3839/4531/88 3838/4325/88 3993/4324/88
f 4152/4524/70 4193/4523/70 4195/4532/70 4153/4533/70
f 4000/4534/88 3840/4535/88 3839/4531/88 3997/4530/88
f 4212/4536/2203 4211/4537/2204 4157/4262/70 4158/4538/70
f 3782/4539/88 4014/4505/88 4012/4275/88 3781/4540/88
f 3985/4501/88 3986/4330/88 3835/4329/88 3834/4502/88
f 4000/4534/88 3995/4541/88 3823/4542/88 3840/4535/88
f 3996/4543/88 3999/4333/88 3825/4336/88 3824/4544/88
f 3988/4518/88 3990/4344/88 3829/4343/88 3828/4519/88
f 3860/4394/2150 3843/4393/2149 3858/4363/2119 3876/4362/2118
f 3874/4361/2258 3856/4364/2120 3853/4396/2152 3871/4395/2151
f 3954/4351/2107 3935/4350/2106 3937/4382/2138 3956/4381/2137
f 3873/4545/2205 3875/4368/2124 3857/4367/2123 3855/4546/2206
f 3872/4417/2173 3861/4416/2172 3849/4547/2207 3854/4548/2208
f 3866/4549/2209 3869/4550/2210 3851/4551/2211 3847/4552/2212
f 3873/4545/2205 3855/4546/2206 3852/4553/2213 3870/4422/2178
f 3872/4417/2173 3854/4548/2208 3851/4551/2211 3869/4550/2210
f 3865/4411/2167 3867/4423/2179 3848/4554/2214 3846/4555/2215
f 3867/4423/2179 3870/4422/2178 3852/4553/2213 3848/4554/2214
f 3863/4391/2147 3865/4411/2167 3846/4555/2215 3844/4392/2148
f 3868/4398/2154 3850/4397/2153 3849/4547/2207 3861/4416/2172
f 3941/4383/2139 3944/4386/2142 3962/4385/2141 3959/4384/2140
f 3862/4556/2216 3842/4557/2217 3841/4366/2122 3859/4365/2121
f 3864/4558/2218 3845/4559/2219 3842/4557/2217 3862/4556/2216
f 3864/4558/2218 3866/4549/2209 3847/4552/2212 3845/4559/2219
f 3938/4389/2145 3942/4379/2135 3960/4380/2136 3957/4390/2146
f 3880/4560/2220 3862/4556/2216 3859/4365/2121 3877/4420/2176
f 3884/4561/2221 3866/4549/2209 3864/4558/2218 3882/4562/2222
f 3882/4562/2222 3864/4558/2218 3862/4556/2216 3880/4560/2220
f 3956/4381/2137 3959/4384/2140 3977/4441/2192 3974/4406/2162
f 3981/4408/2164 3963/4377/2133 3965/4356/2112 3983/4434/2188
f 3959/4384/2140 3962/4385/2141 3980/4437/2190 3977/4441/2192
f 3879/4415/2171 3886/4425/2181 3868/4398/2154 3861/4416/2172
f 3887/4563/2223 3869/4550/2210 3866/4549/2209 3884/4561/2221
f 3962/4385/2141 3951/4376/2132 3969/4438/2191 3980/4437/2190
f 3885/4424/2180 3867/4423/2179 3865/4411/2167 3883/4410/2166
f 3890/4418/2174 3872/4417/2173 3869/4550/2210 3887/4563/2223
f 3891/4448/2195 3873/4545/2205 3870/4422/2178 3888/4421/2177
f 3983/4434/2188 3965/4356/2112 3949/4355/2111 3967/4403/2159
f 3969/4438/2191 3951/4376/2132 3958/4375/2131 3976/4413/2169
f 3891/4448/2195 3893/4419/2175 3875/4368/2124 3873/4545/2205
f 3881/4412/2168 3863/4391/2147 3860/4394/2150 3878/4433/2187
f 3889/4426/2182 3892/4431/2185 3874/4361/2258 3871/4395/2151
f 3878/4433/2187 3860/4394/2150 3876/4362/2118 3894/4446/2194
f 3909/4449/2057 3882/4562/2222 3880/4560/2220 3908/4451/2062
f 3979/4414/2170 3982/4427/2183 3898/4430/37 3897/4432/2186
f 3898/4430/37 3899/4429/2075 3894/4446/2194 3892/4431/2185
f 3905/4436/2189 3891/4448/2195 3888/4421/2177 3904/4444/1
f 3907/4450/17 3967/4403/2159 3970/4402/2158 3908/4451/2062
f 3907/4450/17 3877/4420/2176 3893/4419/2175 3906/4435/2076
f 3903/4445/2070 3975/4407/2163 3978/4409/2165 3904/4444/1
f 3976/4413/2169 3979/4414/2170 3897/4432/2186 3896/4447/2063
f 3897/4432/2186 3889/4426/2182 3886/4425/2181 3896/4447/2063
f 3903/4445/2070 3904/4444/1 3888/4421/2177 3885/4424/2180
f 3911/4442/2193 3887/4563/2223 3884/4561/2221 3910/4443/8
f 3912/4440/2065 3895/4439/36 3879/4415/2171 3890/4418/2174
f 3911/4442/2193 3977/4441/2192 3980/4437/2190 3912/4440/2065
f 3911/4442/2193 3912/4440/2065 3890/4418/2174 3887/4563/2223
f 3902/4231/2059 3883/4410/2166 3881/4412/2168 3901/4232/9
f 3892/4431/2185 3894/4446/2194 3876/4362/2118 3874/4361/2258
f 3910/4443/8 3884/4561/2221 3882/4562/2222 3909/4449/2057
f 3907/4450/17 3908/4451/2062 3880/4560/2220 3877/4420/2176
f 3917/4488/2075 3918/4460/2056 4166/4463/2056 4165/4489/2075
f 3773/4510/88 4011/4509/88 4008/4269/88 3772/4268/88
f 3812/4564/88 3813/4565/88 3994/4526/88 3992/4341/88
f 3994/4526/88 3998/4340/88 3832/4339/88 3831/4527/88
f 3811/4566/88 3990/4344/88 3988/4518/88 3810/4567/88
f 3817/4568/88 3818/4569/88 3989/4327/88 3986/4330/88
f 3811/4566/88 3812/4564/88 3992/4341/88 3990/4344/88
f 3779/4570/88 3780/4571/88 4010/4278/88 4006/4499/88
f 3778/4490/88 3779/4570/88 4006/4499/88 4005/4491/88
f 4198/4572/70 4183/4573/70 4163/4574/70 4162/4575/70
f 4195/4532/70 4197/4263/70 4154/4266/70 4153/4533/70
f 4160/4347/70 4194/4346/70 4196/4576/70 4161/4577/70
f 4161/4577/70 4196/4576/70 4198/4572/70 4162/4575/70
f 4013/4508/88 3792/4578/88 3791/4511/88 4011/4509/88
f 4158/4538/70 4190/4579/70 4192/4345/70 4159/4348/70
f 4157/4262/70 4186/4261/70 4190/4579/70 4158/4538/70
f 4184/4580/70 4189/4280/70 4148/4279/70 4164/4581/70
f 4149/4284/70 4187/4283/70 4188/4528/70 4150/4529/70
f 4009/4496/88 3787/4514/88 3804/4582/88 4004/4497/88
f 4004/4497/88 3804/4582/88 3803/4516/88 4003/4515/88
f 3811/4566/88 4027/4302/2088 4028/4483/2202 3812/4564/88
f 4037/4314/2096 4038/4307/2091 3822/4583/88 3821/4584/88
f 3797/4500/88 4085/4292/2080 4084/4317/2099 3796/4517/88
f 3838/4325/88 4108/4585/2087 4107/4586/2081 3837/4326/88
f 4089/4478/2199 4088/4297/2061 3800/4506/88 3801/4274/88
f 4150/4529/70 4204/4587/2224 4203/4588/2225 4149/4284/70
f 4084/4317/2099 4083/4320/2102 3795/4256/88 3796/4517/88
f 4024/4468/2197 4025/4295/2083 3809/4589/88 3808/4590/88
f 3839/4531/88 4109/4591/2201 4108/4585/2087 3838/4325/88
f 3824/4544/88 4093/4592/2226 4094/4593/2227 3823/4542/88
f 3825/4336/88 4095/4594/2077 4093/4592/2226 3824/4544/88
f 4032/4290/2078 4033/4299/2086 3817/4568/88 3816/4595/88
f 3828/4519/88 4098/4596/2066 4097/4597/2061 3827/4520/88
f 3819/4598/88 4035/4479/2200 4036/4315/2097 3820/4599/88
f 4122/4600/2078 4123/4601/2228 3781/4540/88 3780/4571/88
f 4151/4525/70 4205/4602/2229 4204/4587/2224 4150/4529/70
f 4216/4603/2230 4215/4604/2231 4161/4577/70 4162/4575/70
f 4023/4322/2104 4024/4468/2197 3808/4590/88 3807/4605/88
f 4127/4606/2096 4128/4607/2091 3786/4498/88 3785/4608/88
f 4128/4607/2091 4112/4609/2090 3769/4495/88 3786/4498/88
f 4114/4610/2232 4115/4611/2083 3773/4510/88 3772/4268/88
f 4107/4586/2081 4106/4612/2233 3836/4328/88 3837/4326/88
f 3818/4569/88 3819/4598/88 3991/4323/88 3989/4327/88
f 3775/4613/88 4117/4614/2234 4118/4615/2202 3776/4616/88
f 4155/4265/70 4209/4617/2235 4208/4618/2236 4154/4266/70
f 4156/4259/70 4210/4619/2237 4209/4617/2235 4155/4265/70
f 4101/4620/2238 4100/4621/2239 3830/4342/88 3831/4527/88
f 4105/4622/2198 4104/4623/2241 3834/4502/88 3835/4329/88
f 3802/4273/88 4090/4316/2098 4089/4478/2199 3801/4274/88
f 4113/4624/2104 4114/4610/2232 3772/4268/88 3771/4267/88
f 3770/4625/88 4111/4626/2094 4113/4624/2104 3771/4267/88
f 4148/4279/70 4202/4627/2242 4218/4628/2243 4164/4581/70
f 3834/4502/88 4104/4623/2241 4103/4629/2073 3833/4338/88
f 3829/4343/88 4099/4630/2067 4098/4596/2066 3828/4519/88
f 4083/4320/2102 4082/4482/2201 3794/4257/88 3795/4256/88
f 4094/4631/2227 4093/4632/2226 4039/4455/2196 4040/4454/1
f 4093/4632/2226 4095/4633/2077 4041/4634/2244 4039/4455/2196
f 4095/4633/2077 4096/4213/2060 4042/4216/17 4041/4634/2244
f 4078/4469/2198 4024/4468/2197 4023/4322/2104 4077/4321/2103
f 4097/4214/2061 4098/4225/2066 4044/4228/2057 4043/4215/2062
f 4139/4475/2071 4073/4474/2071 4072/4212/8 4142/4211/8
f 4099/4226/2067 4100/4635/2239 4046/4636/2193 4045/4227/8
f 4100/4635/2239 4101/4637/2238 4047/4638/2245 4046/4636/2193
f 4101/4637/2238 4102/4239/2072 4048/4242/36 4047/4638/2245
f 4133/4250/37 4060/4249/37 4059/4473/2064 4137/4472/2064
f 4131/4254/2076 4068/4253/2076 4067/4477/2189 4134/4476/2189
f 4083/4320/2102 4029/4319/2101 4028/4483/2202 4082/4482/2201
f 4103/4240/2073 4104/4639/2241 4050/4640/2186 4049/4241/2074
f 4104/4639/2241 4105/4641/2198 4051/4642/37 4050/4640/2186
f 4105/4641/2198 4106/4643/2233 4052/4644/2075 4051/4642/37
f 4106/4643/2233 4107/4645/2081 4053/4646/2056 4052/4644/2075
f 4107/4645/2081 4108/4647/2087 4054/4648/9 4053/4646/2056
f 4108/4647/2087 4109/4649/2201 4055/4650/2246 4054/4648/9
f 4109/4649/2201 4110/4651/2247 4056/4652/2248 4055/4650/2246
f 4110/4651/2247 4094/4653/2227 4040/4654/1 4056/4652/2248
f 4146/4208/2058 4070/4207/2058 4069/4252/17 4132/4251/17
f 4040/4654/1 4363/4655/1 4380/4656/2248 4056/4652/2248
f 4056/4652/2248 4380/4656/2248 4379/4657/2246 4055/4650/2246
f 4055/4650/2246 4379/4657/2246 4378/4658/9 4054/4648/9
f 4054/4648/9 4378/4658/9 4377/4659/2056 4053/4646/2056
f 4377/4659/2056 4376/4660/2075 4052/4644/2075 4053/4646/2056
f 4052/4644/2075 4376/4660/2075 4375/4661/37 4051/4642/37
f 4051/4642/37 4375/4661/37 4374/4662/2186 4050/4640/2186
f 4374/4662/2186 4373/4663/2074 4049/4241/2074 4050/4640/2186
f 4049/4241/2074 4373/4663/2074 4372/4664/36 4048/4242/36
f 4048/4242/36 4372/4664/36 4371/4665/2245 4047/4638/2245
f 4047/4638/2245 4371/4665/2245 4370/4666/2193 4046/4636/2193
f 4370/4666/2193 4369/4667/8 4045/4227/8 4046/4636/2193
f 4045/4227/8 4369/4667/8 4368/4309/2057 4044/4228/2057
f 4043/4215/2062 4367/4310/2058 4366/4668/17 4042/4216/17
f 4042/4216/17 4366/4668/17 4365/4669/2244 4041/4634/2244
f 4041/4634/2244 4365/4669/2244 4364/4452/2196 4039/4455/2196
f 4111/4670/2094 4112/4671/2090 4058/4466/36 4057/4465/2063
f 4113/4672/2104 4111/4670/2094 4057/4465/2063 4059/4473/2064
f 4114/4673/2232 4113/4672/2104 4059/4473/2064 4060/4249/37
f 4115/4674/2083 4114/4673/2232 4060/4249/37 4061/4248/2075
f 4116/4675/2082 4115/4674/2083 4061/4248/2075 4062/4203/2056
f 4117/4676/2234 4116/4675/2082 4062/4203/2056 4063/4202/9
f 4118/4677/2202 4117/4676/2234 4063/4202/9 4064/4210/2059
f 4119/4678/2249 4118/4677/2202 4064/4210/2059 4065/4235/2070
f 4120/4679/2100 4119/4678/2249 4065/4235/2070 4066/4234/1
f 4121/4680/2250 4120/4679/2100 4066/4234/1 4067/4477/2189
f 4122/4681/2078 4121/4680/2250 4067/4477/2189 4068/4253/2076
f 4123/4682/2228 4122/4681/2078 4068/4253/2076 4069/4252/17
f 4124/4683/2085 4123/4682/2228 4069/4252/17 4070/4207/2058
f 4125/4684/2200 4124/4683/2085 4070/4207/2058 4071/4206/2057
f 4126/4685/2251 4125/4684/2200 4071/4206/2057 4072/4212/8
f 4127/4686/2096 4126/4685/2251 4072/4212/8 4073/4474/2071
f 4128/4687/2091 4127/4686/2096 4073/4474/2071 4074/4470/2065
f 4112/4671/2090 4128/4687/2091 4074/4470/2065 4058/4466/36
f 3858/4363/2119 3843/4393/2149 4130/4204/2056 4129/4247/2075
f 3857/4367/2123 3841/4366/2122 4132/4251/17 4131/4254/2076
f 3856/4364/2120 3858/4363/2119 4129/4247/2075 4133/4250/37
f 3855/4546/2206 3857/4367/2123 4131/4254/2076 4134/4476/2189
f 3854/4548/2208 3849/4547/2207 4136/4467/36 4135/4471/2065
f 3853/4396/2152 3856/4364/2120 4133/4250/37 4137/4472/2064
f 3852/4553/2213 3855/4546/2206 4134/4476/2189 4138/4233/1
f 3851/4551/2211 3854/4548/2208 4135/4471/2065 4139/4475/2071
f 3850/4397/2153 3853/4396/2152 4137/4472/2064 4140/4464/2063
f 3848/4554/2214 3852/4553/2213 4138/4233/1 4141/4236/2070
f 3847/4552/2212 3851/4551/2211 4139/4475/2071 4142/4211/8
f 3849/4547/2207 3850/4397/2153 4140/4464/2063 4136/4467/36
f 3846/4555/2215 3848/4554/2214 4141/4236/2070 4143/4209/2059
f 3845/4559/2219 3847/4552/2212 4142/4211/8 4144/4205/2057
f 3844/4392/2148 3846/4555/2215 4143/4209/2059 4145/4201/9
f 3842/4557/2217 3845/4559/2219 4144/4205/2057 4146/4208/2058
f 3843/4393/2149 3844/4392/2148 4145/4201/9 4130/4204/2056
f 3841/4366/2122 3842/4557/2217 4146/4208/2058 4132/4251/17
f 4202/4688/2242 4201/4689/2252 3914/4217/2063 3913/4222/36
f 4201/4689/2252 4203/4690/2225 3915/4218/2064 3914/4217/2063
f 4203/4690/2225 4204/4691/2224 3916/4303/37 3915/4218/2064
f 4204/4691/2224 4205/4692/2229 3917/4488/2075 3916/4303/37
f 4205/4692/2229 4206/4693/2253 3918/4460/2056 3917/4488/2075
f 4206/4693/2253 4207/4694/2254 3919/4461/9 3918/4460/2056
f 4207/4694/2254 4208/4695/2236 3920/4243/2059 3919/4461/9
f 4208/4695/2236 4209/4696/2235 3921/4244/2070 3920/4243/2059
f 4209/4696/2235 4210/4697/2237 3922/4480/1 3921/4244/2070
f 4210/4697/2237 4211/4698/2204 3923/4484/2189 3922/4480/1
f 4211/4698/2204 4212/4699/2203 3924/4485/2076 3923/4484/2189
f 4212/4699/2203 4213/4700/2255 3925/4456/17 3924/4485/2076
f 4213/4700/2255 4214/4701/2256 3926/4457/2058 3925/4456/17
f 4214/4701/2256 4215/4702/2231 3927/4285/2057 3926/4457/2058
f 4215/4702/2231 4216/4703/2230 3928/4286/8 3927/4285/2057
f 4216/4703/2230 4217/4704/2257 3929/4237/2071 3928/4286/8
f 4217/4704/2257 4218/4705/2243 3930/4221/2065 3929/4237/2071
f 4218/4705/2243 4202/4688/2242 3913/4222/36 3930/4221/2065
f 3933/4357/2113 3948/4399/2155 4165/4489/2075 4166/4463/2056
f 3931/4354/2110 3947/4353/2109 4167/4486/2076 4168/4459/17
f 3948/4399/2155 3946/4370/2126 4169/4304/37 4165/4489/2075
f 3947/4353/2109 3945/4378/2134 4170/4487/2189 4167/4486/2076
f 3939/4373/2129 3944/4386/2142 4171/4224/2065 4172/4223/36
f 3946/4370/2126 3943/4369/2125 4173/4219/2064 4169/4304/37
f 3945/4378/2134 3942/4379/2135 4174/4481/1 4170/4487/2189
f 3944/4386/2142 3941/4383/2139 4175/4238/2071 4171/4224/2065
f 3943/4369/2125 3940/4374/2130 4176/4220/2063 4173/4219/2064
f 3942/4379/2135 3938/4389/2145 4177/4245/2070 4174/4481/1
f 3941/4383/2139 3937/4382/2138 4178/4287/8 4175/4238/2071
f 3940/4374/2130 3939/4373/2129 4172/4223/36 4176/4220/2063
f 3938/4389/2145 3936/4388/2144 4179/4246/2059 4177/4245/2070
f 3937/4382/2138 3935/4350/2106 4180/4288/2057 4178/4287/8
f 3936/4388/2144 3934/4358/2114 4181/4462/9 4179/4246/2059
f 3935/4350/2106 3932/4349/2105 4182/4458/2058 4180/4288/2057
f 3934/4358/2114 3933/4357/2113 4166/4463/2056 4181/4462/9
f 3770/4625/88 3771/4267/88 4007/4270/88 4020/4512/88
f 4005/4491/88 3796/4517/88 3795/4256/88 4019/4255/88
f 3780/4571/88 3781/4540/88 4012/4275/88 4010/4278/88
f 3769/4495/88 3770/4625/88 4020/4512/88 4009/4496/88
f 3806/4706/88 3996/4543/88 3995/4541/88 3805/4707/88
f 3785/4608/88 4003/4515/88 4018/4272/88 3784/4332/88
f 3774/4507/88 3775/4613/88 4015/4503/88 4013/4508/88
f 4199/4264/70 4185/4260/70 4156/4259/70 4155/4265/70
f 3782/4539/88 3783/4331/88 4016/4271/88 4014/4505/88
f 4183/4573/70 4184/4580/70 4164/4581/70 4163/4574/70
f 3777/4492/88 4019/4255/88 4017/4258/88 3776/4616/88
f 4013/4508/88 4015/4503/88 3793/4504/88 3792/4578/88
f 3776/4616/88 4017/4258/88 4015/4503/88 3775/4613/88
f 3786/4498/88 4004/4497/88 4003/4515/88 3785/4608/88
f 3808/4590/88 3809/4589/88 3987/4521/88 4002/4334/88
f 3822/4583/88 3805/4707/88 3995/4541/88 4000/4534/88
f 3808/4590/88 4002/4334/88 3999/4333/88 3807/4605/88
f 3996/4543/88 3824/4544/88 3823/4542/88 3995/4541/88
f 3816/4595/88 3985/4501/88 4001/4337/88 3815/4708/88
f 3807/4605/88 3999/4333/88 3996/4543/88 3806/4706/88
f 3815/4708/88 4001/4337/88 3998/4340/88 3814/4709/88
f 3813/4565/88 3814/4709/88 3998/4340/88 3994/4526/88
f 3821/4584/88 3822/4583/88 4000/4534/88 3997/4530/88
f 3820/4599/88 3993/4324/88 3991/4323/88 3819/4598/88
f 3810/4567/88 3988/4518/88 3987/4521/88 3809/4589/88
f 4217/4710/2257 4216/4603/2230 4162/4575/70 4163/4574/70
f 4119/4711/2249 4120/4712/2100 3778/4490/88 3777/4492/88
f 3817/4568/88 3986/4330/88 3985/4501/88 3816/4595/88
f 3778/4490/88 4120/4712/2100 4121/4713/2250 3779/4570/88
f 3779/4570/88 4121/4713/2250 4122/4600/2078 3780/4571/88
f 4159/4348/70 4213/4714/2255 4212/4536/2203 4158/4538/70
f 3774/4507/88 4116/4715/2082 4117/4614/2234 3775/4613/88
f 4034/4298/2085 4035/4479/2200 3819/4598/88 3818/4569/88
f 4123/4601/2228 4124/4716/2085 3782/4539/88 3781/4540/88
f 3784/4332/88 4126/4717/2251 4127/4606/2096 3785/4608/88
f 4164/4581/70 4218/4628/2243 4217/4710/2257 4163/4574/70
f 4211/4537/2204 4210/4619/2237 4156/4259/70 4157/4262/70
f 3814/4709/88 4030/4318/2100 4031/4291/2079 3815/4708/88
f 4203/4588/2225 4201/4718/2252 4147/4282/70 4149/4284/70
f 4161/4577/70 4215/4604/2231 4214/4719/2256 4160/4347/70
f 3783/4331/88 4125/4720/2200 4126/4717/2251 3784/4332/88
f 4160/4347/70 4214/4719/2256 4213/4714/2255 4159/4348/70
f 4208/4618/2236 4207/4721/2254 4153/4533/70 4154/4266/70
f 3820/4599/88 3821/4584/88 3997/4530/88 3993/4324/88
f 4028/4483/2202 4029/4319/2101 3813/4565/88 3812/4564/88
f 3794/4257/88 4082/4482/2201 4081/4301/2087 3793/4504/88
f 3792/4578/88 4080/4293/2081 4079/4296/2084 3791/4511/88
f 3793/4504/88 4081/4301/2087 4080/4293/2081 3792/4578/88
f 3806/4706/88 4021/4312/2094 4023/4322/2104 3807/4605/88
f 4094/4593/2227 4110/4722/2247 3840/4535/88 3823/4542/88
f 4201/4718/2252 4202/4627/2242 4148/4279/70 4147/4282/70
f 3798/4277/88 4086/4289/2077 4085/4292/2080 3797/4500/88
f 4087/4300/2060 4086/4289/2077 3798/4277/88 3799/4276/88
f 4079/4296/2084 4078/4469/2198 3790/4493/88 3791/4511/88
f 4088/4297/2061 4087/4300/2060 3799/4276/88 3800/4506/88
f 3803/4516/88 4091/4313/2095 4090/4316/2098 3802/4273/88
f 4076/4305/2089 4092/4308/2092 3804/4582/88 3787/4514/88
f 3805/4707/88 4022/4306/2090 4021/4312/2094 3806/4706/88
f 4092/4308/2092 4091/4313/2095 3803/4516/88 3804/4582/88
f 4207/4721/2254 4206/4723/2253 4152/4524/70 4153/4533/70
f 3809/4589/88 4025/4295/2083 4026/4294/2082 3810/4567/88
f 3810/4567/88 4026/4294/2082 4027/4302/2088 3811/4566/88
f 4096/4724/2060 4095/4594/2077 3825/4336/88 3826/4335/88
f 3815/4708/88 4031/4291/2079 4032/4290/2078 3816/4595/88
f 4029/4319/2101 4030/4318/2100 3814/4709/88 3813/4565/88
f 3769/4495/88 4112/4609/2090 4111/4626/2094 3770/4625/88
f 4115/4611/2083 4116/4715/2082 3774/4507/88 3773/4510/88
f 4078/4469/2198 4077/4321/2103 3789/4494/88 3790/4493/88
f 3788/4513/88 4075/4311/2093 4076/4305/2089 3787/4514/88
f 4038/4307/2091 4022/4306/2090 3805/4707/88 3822/4583/88
f 3789/4494/88 4077/4321/2103 4075/4311/2093 3788/4513/88
f 3830/4342/88 4100/4621/2239 4099/4630/2067 3829/4343/88
f 4097/4597/2061 4096/4724/2060 3826/4335/88 3827/4520/88
f 4152/4524/70 4206/4723/2253 4205/4602/2229 4151/4525/70
f 4106/4612/2233 4105/4622/2198 3835/4329/88 3836/4328/88
f 4102/4725/2072 4101/4620/2238 3831/4527/88 3832/4339/88
f 3833/4338/88 4103/4629/2073 4102/4725/2072 3832/4339/88
f 4118/4615/2202 4119/4711/2249 3777/4492/88 3776/4616/88
f 3820/4599/88 4036/4315/2097 4037/4314/2096 3821/4584/88
f 4033/4299/2086 4034/4298/2085 3818/4569/88 3817/4568/88
f 4124/4716/2085 4125/4720/2200 3783/4331/88 3782/4539/88
f 4110/4722/2247 4109/4591/2201 3839/4531/88 3840/4535/88
f 4087/4300/2060 4033/4299/2086 4032/4290/2078 4086/4289/2077
f 4523/4726/9 4459/4727/9 4458/4728/2056 4508/4729/2056
f 4522/4730/2057 4467/4731/2057 4466/4732/2058 4524/4733/2058
f 4521/4734/2059 4460/4735/2059 4459/4727/9 4523/4726/9
f 4520/4736/8 4468/4737/8 4467/4731/2057 4522/4730/2057
f 4421/4738/2068 4423/4739/2069 4298/4740/2059 4297/4741/9
f 4317/4742/2070 4318/4743/1 4552/4744/1 4555/4745/2070
f 4518/4746/2063 4453/4747/2063 4454/4748/36 4514/4749/36
f 4310/4750/2063 4311/4751/2064 4551/4752/2064 4554/4753/2063
f 4325/4754/2071 4326/4755/2065 4549/4756/2065 4553/4757/2071
f 4516/4758/1 4462/4759/1 4461/4760/2070 4519/4761/2070
f 4507/4762/2075 4457/4763/2075 4456/4764/37 4511/4765/37
f 4510/4766/17 4465/4767/17 4464/4768/2076 4509/4769/2076
f 4511/4765/37 4456/4764/37 4455/4770/2064 4515/4771/2064
f 4577/4772/70 4563/4773/70 4534/4774/70 4533/4775/70
f 4573/4776/70 4333/4777/70 4334/4778/70 4575/4779/70
f 4344/4780/70 4327/4781/70 4567/4782/70 4562/4783/70
f 4227/4784/88 4451/4785/88 4449/4786/88 4226/4787/88
f 4330/4788/70 4331/4789/70 4569/4790/70 4566/4791/70
f 4582/4792/70 4476/4793/70 4477/4794/70 4584/4795/70
f 4339/4796/70 4340/4797/70 4572/4798/70 4570/4799/70
f 4571/4800/70 4332/4801/70 4333/4777/70 4573/4776/70
f 4572/4798/70 4340/4797/70 4341/4802/70 4574/4803/70
f 4338/4804/70 4339/4796/70 4570/4799/70 4568/4805/70
f 4574/4803/70 4341/4802/70 4342/4806/70 4576/4807/70
f 4343/4808/70 4344/4780/70 4562/4783/70 4561/4809/70
f 4526/4810/70 4567/4782/70 4578/4811/70 4525/4812/70
f 4576/4807/70 4342/4806/70 4343/4808/70 4561/4809/70
f 4236/4813/88 4436/4814/88 4435/4815/88 4235/4816/88
f 4323/4817/2057 4324/4818/8 4556/4819/8 4558/4820/2057
f 4324/4818/8 4325/4754/2071 4553/4757/2071 4556/4819/8
f 4311/4751/2064 4312/4821/37 4547/4822/37 4551/4752/2064
f 4329/4823/70 4330/4788/70 4566/4791/70 4565/4824/70
f 4583/4825/70 4484/4826/70 4485/4827/70 4585/4828/70
f 4569/4790/70 4571/4800/70 4530/4829/70 4529/4830/70
f 4483/4831/70 4484/4826/70 4583/4825/70 4580/4832/70
f 4478/4833/70 4479/4834/70 4588/4835/70 4586/4836/70
f 4566/4791/70 4569/4790/70 4529/4830/70 4528/4837/70
f 4593/4838/70 4473/4839/70 4474/4840/70 4596/4841/70
f 4599/4842/2225 4597/4843/2252 4525/4812/70 4527/4844/70
f 4588/4835/70 4479/4834/70 4480/4845/70 4592/4846/70
f 4477/4794/70 4478/4833/70 4586/4836/70 4584/4795/70
f 4570/4799/70 4572/4798/70 4538/4847/70 4537/4848/70
f 4474/4840/70 4475/4849/70 4581/4850/70 4596/4841/70
f 4382/4851/2105 4385/4852/2106 4404/4853/2107 4402/4854/2108
f 4397/4855/2109 4381/4856/2110 4399/4857/2111 4415/4858/2112
f 4383/4859/2113 4384/4860/2114 4403/4861/2115 4400/4862/2116
f 4268/4863/2173 4250/4864/2208 4247/4865/2211 4265/4866/2210
f 4255/4867/2121 4237/4868/2122 4253/4869/2123 4271/4870/2124
f 4393/4871/2125 4396/4872/2126 4414/4873/2127 4411/4874/2128
f 4412/4875/2141 4394/4876/2142 4389/4877/2129 4401/4878/2132
f 4413/4879/2133 4395/4880/2134 4397/4855/2109 4415/4858/2112
f 4390/4881/2130 4393/4871/2125 4411/4874/2128 4408/4882/2131
f 4407/4883/2146 4388/4884/2145 4392/4885/2135 4410/4886/2136
f 4406/4887/2137 4387/4888/2138 4391/4889/2139 4409/4890/2140
f 4263/4891/2179 4266/4892/2178 4248/4893/2213 4244/4894/2214
f 4405/4895/2143 4386/4896/2144 4388/4884/2145 4407/4883/2146
f 4259/4897/2147 4240/4898/2148 4239/4899/2149 4256/4900/2150
f 4403/4861/2115 4384/4860/2114 4386/4896/2144 4405/4895/2143
f 4261/4901/2167 4263/4891/2179 4244/4894/2214 4242/4902/2215
f 4414/4873/2127 4396/4872/2126 4398/4903/2155 4416/4904/2156
f 4381/4856/2110 4382/4851/2105 4402/4854/2108 4399/4857/2111
f 4399/4857/2111 4402/4854/2108 4420/4905/2158 4417/4906/2159
f 4400/4862/2116 4403/4861/2115 4421/4738/2068 4418/4907/2157
f 4274/4908/2187 4256/4900/2150 4272/4909/2118 4290/4910/2194
f 4283/4911/2223 4265/4866/2210 4262/4912/2209 4280/4913/2221
f 4426/4914/2169 4408/4882/2131 4411/4874/2128 4429/4915/2170
f 4407/4883/2146 4410/4886/2136 4428/4916/2165 4425/4917/2163
f 4287/4918/2195 4269/4919/2205 4266/4892/2178 4284/4920/2177
f 4285/4921/2182 4288/4922/2185 4270/4923/2258 4267/4924/2151
f 4275/4925/2171 4257/4926/2172 4268/4863/2173 4286/4927/2174
f 4431/4928/2164 4413/4879/2133 4415/4858/2112 4433/4929/2188
f 4409/4890/2140 4412/4875/2141 4430/4930/2190 4427/4931/2192
f 4278/4932/2222 4260/4933/2218 4258/4934/2216 4276/4935/2220
f 4289/4936/2175 4273/4937/2176 4255/4867/2121 4271/4870/2124
f 4410/4886/2136 4413/4879/2133 4431/4928/2164 4428/4916/2165
f 4405/4895/2143 4407/4883/2146 4425/4917/2163 4423/4739/2069
f 4276/4935/2220 4258/4934/2216 4255/4867/2121 4273/4937/2176
f 4398/4903/2155 4383/4859/2113 4400/4862/2116 4416/4904/2156
f 4402/4854/2108 4404/4853/2107 4422/4938/2161 4420/4905/2158
f 4305/4939/2057 4278/4932/2222 4276/4935/2220 4304/4940/2062
f 4293/4941/2186 4294/4942/37 4288/4922/2185 4285/4921/2182
f 4303/4943/17 4304/4940/2062 4276/4935/2220 4273/4937/2176
f 4431/4928/2164 4433/4929/2188 4302/4944/2076 4301/4945/2189
f 4308/4946/2065 4430/4930/2190 4419/4947/2191 4291/4948/36
f 4302/4944/2076 4433/4929/2188 4417/4906/2159 4303/4943/17
f 4299/4949/2070 4425/4917/2163 4428/4916/2165 4300/4950/1
f 4426/4914/2169 4429/4915/2170 4293/4941/2186 4292/4951/2063
f 4423/4739/2069 4425/4917/2163 4299/4949/2070 4298/4740/2059
f 4434/4952/2160 4418/4907/2157 4296/4953/2184 4295/4954/2075
f 4424/4955/2162 4427/4931/2192 4307/4956/2193 4306/4957/8
f 4291/4948/36 4419/4947/2191 4426/4914/2169 4292/4951/2063
f 4302/4944/2076 4289/4936/2175 4287/4918/2195 4301/4945/2189
f 4422/4938/2161 4424/4955/2162 4306/4957/8 4305/4939/2057
f 4302/4944/2076 4303/4943/17 4273/4937/2176 4289/4936/2175
f 4420/4905/2158 4422/4938/2161 4305/4939/2057 4304/4940/2062
f 4418/4907/2157 4421/4738/2068 4297/4741/9 4296/4953/2184
f 4306/4957/8 4280/4913/2221 4278/4932/2222 4305/4939/2057
f 4321/4958/17 4322/4959/2058 4560/4960/2058 4546/4961/17
f 4314/4962/2056 4315/4963/9 4559/4964/9 4544/4965/2056
f 4322/4959/2058 4323/4817/2057 4558/4820/2057 4560/4960/2058
f 4315/4963/9 4316/4966/2059 4557/4967/2059 4559/4964/9
f 4519/4761/2070 4461/4760/2070 4460/4735/2059 4521/4734/2059
f 4316/4966/2059 4317/4742/2070 4555/4745/2070 4557/4967/2059
f 4309/4968/36 4310/4750/2063 4554/4753/2063 4550/4969/36
f 4513/4970/2065 4470/4971/2065 4469/4972/2071 4517/4973/2071
f 4326/4755/2065 4309/4968/36 4550/4969/36 4549/4756/2065
f 4512/4974/2189 4463/4975/2189 4462/4759/1 4516/4758/1
f 4514/4749/36 4454/4748/36 4470/4971/2065 4513/4970/2065
f 4319/4976/2189 4320/4977/2076 4545/4978/2076 4548/4979/2189
f 4312/4821/37 4313/4980/2075 4543/4981/2075 4547/4822/37
f 4320/4977/2076 4321/4958/17 4546/4961/17 4545/4978/2076
f 4220/4982/88 4221/4983/88 4439/4984/88 4452/4985/88
f 4228/4986/88 4437/4987/88 4451/4785/88 4227/4784/88
f 4562/4783/70 4567/4782/70 4526/4810/70 4542/4988/70
f 4334/4778/70 4335/4989/70 4577/4772/70 4575/4779/70
f 4538/4847/70 4572/4798/70 4574/4803/70 4539/4990/70
f 4595/4991/70 4481/4992/70 4482/4993/70 4579/4994/70
f 4224/4995/88 4445/4996/88 4443/4997/88 4223/4998/88
f 4229/4999/88 4230/5000/88 4442/5001/88 4438/5002/88
f 4318/4743/1 4319/4976/2189 4548/4979/2189 4552/4744/1
f 4643/5003/2259 4644/5004/2203 4626/5005/2260 4625/5006/2261
f 4636/5007/2262 4637/5008/2229 4619/5009/2263 4618/5010/2264
f 4644/5004/2203 4645/5011/2265 4627/5012/2266 4626/5005/2260
f 4637/5008/2229 4638/5013/2253 4620/5014/2267 4619/5009/2263
f 4382/4851/2105 4381/4856/2110 4546/4961/17 4560/4960/2058
f 4638/5013/2253 4639/5015/2268 4621/5016/2269 4620/5014/2267
f 4646/5017/2256 4647/5018/2231 4629/5019/2270 4628/5020/2271
f 4639/5015/2268 4640/5021/2236 4622/5022/2272 4621/5016/2269
f 4647/5018/2231 4648/5023/2273 4630/5024/2274 4629/5019/2270
f 4640/5021/2236 4641/5025/2275 4623/5026/2276 4622/5022/2272
f 4634/5027/2242 4633/5028/2252 4615/5029/2277 4616/5030/2278
f 4648/5023/2273 4649/5031/2257 4631/5032/2279 4630/5024/2274
f 4641/5025/2275 4642/5033/2237 4624/5034/2280 4623/5026/2276
f 4633/5028/2252 4635/5035/2225 4617/5036/2281 4615/5029/2277
f 4649/5031/2257 4650/5037/2243 4632/5038/2282 4631/5032/2279
f 4642/5033/2237 4643/5003/2259 4625/5006/2261 4624/5034/2280
f 4585/4828/70 4485/4827/70 4486/5039/70 4587/5040/70
f 4579/4994/70 4482/4993/70 4483/4831/70 4580/4832/70
f 4590/5041/70 4471/5042/70 4473/4839/70 4593/4838/70
f 4223/4998/88 4443/4997/88 4440/5043/88 4222/5044/88
f 4487/5045/70 4488/5046/70 4594/5047/70 4591/5048/70
f 4353/5049/70 4588/4835/70 4592/4846/70 4354/5050/70
f 4256/4900/2150 4239/4899/2149 4254/5051/2119 4272/4909/2118
f 4270/4923/2258 4252/5052/2120 4249/5053/2152 4267/4924/2151
f 4404/4853/2107 4385/4852/2106 4387/4888/2138 4406/4887/2137
f 4391/4889/2139 4394/4876/2142 4412/4875/2141 4409/4890/2140
f 4268/4863/2173 4257/4926/2172 4245/5054/2207 4250/4864/2208
f 4262/4912/2209 4265/4866/2210 4247/4865/2211 4243/5055/2212
f 4401/4878/2132 4389/4877/2129 4390/4881/2130 4408/4882/2131
f 4270/4923/2258 4272/4909/2118 4254/5051/2119 4252/5052/2120
f 4269/4919/2205 4271/4870/2124 4253/4869/2123 4251/5056/2206
f 4269/4919/2205 4251/5056/2206 4248/4893/2213 4266/4892/2178
f 4259/4897/2147 4261/4901/2167 4242/4902/2215 4240/4898/2148
f 4257/4926/2172 4264/5057/2154 4246/5058/2153 4245/5054/2207
f 4267/4924/2151 4249/5053/2152 4246/5058/2153 4264/5057/2154
f 4258/4934/2216 4238/5059/2217 4237/4868/2122 4255/4867/2121
f 4260/4933/2218 4241/5060/2219 4238/5059/2217 4258/4934/2216
f 4260/4933/2218 4262/4912/2209 4243/5055/2212 4241/5060/2219
f 4392/4885/2135 4395/4880/2134 4413/4879/2133 4410/4886/2136
f 4422/4938/2161 4404/4853/2107 4406/4887/2137 4424/4955/2162
f 4432/5061/2183 4414/4873/2127 4416/4904/2156 4434/4952/2160
f 4416/4904/2156 4400/4862/2116 4418/4907/2157 4434/4952/2160
f 4279/5062/2166 4261/4901/2167 4259/4897/2147 4277/5063/2168
f 4280/4913/2221 4262/4912/2209 4260/4933/2218 4278/4932/2222
f 4281/5064/2180 4263/4891/2179 4261/4901/2167 4279/5062/2166
f 4412/4875/2141 4401/4878/2132 4419/4947/2191 4430/4930/2190
f 4433/4929/2188 4415/4858/2112 4399/4857/2111 4417/4906/2159
f 4419/4947/2191 4401/4878/2132 4408/4882/2131 4426/4914/2169
f 4282/5065/2181 4285/4921/2182 4267/4924/2151 4264/5057/2154
f 4287/4918/2195 4289/4936/2175 4271/4870/2124 4269/4919/2205
f 4275/4925/2171 4282/5065/2181 4264/5057/2154 4257/4926/2172
f 4403/4861/2115 4405/4895/2143 4423/4739/2069 4421/4738/2068
f 4284/4920/2177 4266/4892/2178 4263/4891/2179 4281/5064/2180
f 4286/4927/2174 4268/4863/2173 4265/4866/2210 4283/4911/2223
f 4288/4922/2185 4290/4910/2194 4272/4909/2118 4270/4923/2258
f 4429/4915/2170 4411/4874/2128 4414/4873/2127 4432/5061/2183
f 4424/4955/2162 4406/4887/2137 4409/4890/2140 4427/4931/2192
f 4296/4953/2184 4274/4908/2187 4290/4910/2194 4295/4954/2075
f 4293/4941/2186 4429/4915/2170 4432/5061/2183 4294/4942/37
f 4303/4943/17 4417/4906/2159 4420/4905/2158 4304/4940/2062
f 4428/4916/2165 4431/4928/2164 4301/4945/2189 4300/4950/1
f 4297/4741/9 4277/5063/2168 4274/4908/2187 4296/4953/2184
f 4307/4956/2193 4283/4911/2223 4280/4913/2221 4306/4957/8
f 4301/4945/2189 4287/4918/2195 4284/4920/2177 4300/4950/1
f 4307/4956/2193 4308/4946/2065 4286/4927/2174 4283/4911/2223
f 4293/4941/2186 4285/4921/2182 4282/5065/2181 4292/4951/2063
f 4299/4949/2070 4300/4950/1 4284/4920/2177 4281/5064/2180
f 4292/4951/2063 4282/5065/2181 4275/4925/2171 4291/4948/36
f 4308/4946/2065 4291/4948/36 4275/4925/2171 4286/4927/2174
f 4299/4949/2070 4281/5064/2180 4279/5062/2166 4298/4740/2059
f 4307/4956/2193 4427/4931/2192 4430/4930/2190 4308/4946/2065
f 4298/4740/2059 4279/5062/2166 4277/5063/2168 4297/4741/9
f 4277/5063/2168 4259/4897/2147 4256/4900/2150 4274/4908/2187
f 4294/4942/37 4432/5061/2183 4434/4952/2160 4295/4954/2075
f 4294/4942/37 4295/4954/2075 4290/4910/2194 4288/4922/2185
f 4635/5035/2225 4636/5007/2262 4618/5010/2264 4617/5036/2281
f 4313/4980/2075 4314/4962/2056 4544/4965/2056 4543/4981/2075
f 4348/5066/70 4596/4841/70 4581/4850/70 4349/5067/70
f 4362/5068/70 4594/5047/70 4589/5069/70 4345/5070/70
f 4593/4838/70 4596/4841/70 4348/5066/70 4347/5071/70
f 4592/4846/70 4595/4991/70 4355/5072/70 4354/5050/70
f 4361/5073/70 4591/5048/70 4594/5047/70 4362/5068/70
f 4480/4845/70 4481/4992/70 4595/4991/70 4592/4846/70
f 4589/5069/70 4590/5041/70 4346/5074/70 4345/5070/70
f 4585/4828/70 4587/5040/70 4360/5075/70 4359/5076/70
f 4475/4849/70 4476/4793/70 4582/4792/70 4581/4850/70
f 4581/4850/70 4582/4792/70 4350/5077/70 4349/5067/70
f 4357/5078/70 4580/4832/70 4583/4825/70 4358/5079/70
f 4497/5080/2249 4498/5081/2100 4228/4986/88 4227/4784/88
f 4579/4994/70 4580/4832/70 4357/5078/70 4356/5082/70
f 4525/4812/70 4578/4811/70 4565/4824/70 4527/4844/70
f 4228/4986/88 4229/4999/88 4438/5002/88 4437/4987/88
f 4221/4983/88 4222/5044/88 4440/5043/88 4439/4984/88
f 4563/4773/70 4336/5083/70 4337/5084/70 4564/5085/70
f 4564/5085/70 4337/5084/70 4338/4804/70 4568/4805/70
f 4530/4829/70 4571/4800/70 4573/4776/70 4531/5086/70
f 4573/4776/70 4575/4779/70 4532/5087/70 4531/5086/70
f 4232/5088/88 4446/5089/88 4444/5090/88 4231/5091/88
f 4235/4816/88 4435/4815/88 4450/5092/88 4234/5093/88
f 4527/4844/70 4565/4824/70 4566/4791/70 4528/4837/70
f 4233/5094/88 4234/5093/88 4450/5092/88 4448/5095/88
f 4535/5096/70 4564/5085/70 4568/4805/70 4536/5097/70
f 4230/5000/88 4231/5091/88 4444/5090/88 4442/5001/88
f 4561/4809/70 4562/4783/70 4542/4988/70 4541/5098/70
f 4345/5070/70 4634/5027/2242 4650/5037/2243 4362/5068/70
f 4640/5021/2236 4639/5015/2268 4351/5099/70 4352/5100/70
f 4358/5079/70 4646/5017/2256 4645/5011/2265 4357/5078/70
f 4666/5101/2269 4667/5102/2272 4487/5045/70 4486/5039/70
f 4615/5029/2277 4617/5036/2281 4329/4823/70 4328/5103/70
f 4354/5050/70 4642/5033/2237 4641/5025/2275 4353/5049/70
f 4219/5104/88 4490/5105/2090 4489/5106/2094 4220/4982/88
f 4625/5006/2261 4626/5005/2260 4338/4804/70 4337/5084/70
f 4648/5023/2273 4647/5018/2231 4359/5076/70 4360/5075/70
f 4340/4797/70 4628/5020/2271 4629/5019/2270 4341/4802/70
f 4620/5014/2267 4621/5016/2269 4333/4777/70 4332/4801/70
f 4537/4848/70 4609/5107/2255 4608/5108/2203 4536/5097/70
f 4229/4999/88 4499/5109/2250 4500/5110/2078 4230/5000/88
f 4616/5030/2278 4615/5029/2277 4328/5103/70 4327/4781/70
f 4644/5004/2203 4643/5003/2259 4355/5072/70 4356/5082/70
f 4649/5031/2257 4648/5023/2273 4360/5075/70 4361/5073/70
f 4474/4840/70 4654/5111/2266 4655/5112/2271 4475/4849/70
f 4530/4829/70 4602/5113/2253 4601/5114/2229 4529/4830/70
f 4329/4823/70 4617/5036/2281 4618/5010/2264 4330/4788/70
f 4624/5034/2280 4625/5006/2261 4337/5084/70 4336/5083/70
f 4482/4993/70 4662/5115/2283 4663/5116/2284 4483/4831/70
f 4330/4788/70 4618/5010/2264 4619/5009/2263 4331/4789/70
f 4539/4990/70 4611/5117/2231 4610/5118/2256 4538/4847/70
f 4339/4796/70 4627/5012/2266 4628/5020/2271 4340/4797/70
f 4473/4839/70 4653/5119/2260 4654/5111/2266 4474/4840/70
f 4488/5046/70 4668/5120/2285 4652/5121/2286 4472/5122/70
f 4660/5123/2287 4661/5124/2288 4481/4992/70 4480/4845/70
f 4487/5045/70 4667/5102/2272 4668/5120/2285 4488/5046/70
f 4500/5110/2078 4501/5125/2228 4231/5091/88 4230/5000/88
f 4224/4995/88 4494/5126/2082 4495/5127/2234 4225/5128/88
f 4359/5076/70 4647/5018/2231 4646/5017/2256 4358/5079/70
f 4529/4830/70 4601/5114/2229 4600/5129/2224 4528/4837/70
f 4533/4775/70 4605/5130/2235 4604/5131/2236 4532/5087/70
f 4506/5132/2091 4490/5105/2090 4219/5104/88 4236/4813/88
f 4353/5049/70 4641/5025/2275 4640/5021/2236 4352/5100/70
f 4603/5133/2254 4602/5113/2253 4530/4829/70 4531/5086/70
f 4484/4826/70 4664/5134/2289 4665/5135/2267 4485/4827/70
f 4358/5079/70 4583/4825/70 4585/4828/70 4359/5076/70
f 4225/5128/88 4495/5127/2234 4496/5136/2202 4226/4787/88
f 4496/5136/2202 4497/5080/2249 4227/4784/88 4226/4787/88
f 4534/4774/70 4606/5137/2237 4605/5130/2235 4533/4775/70
f 4638/5013/2253 4637/5008/2229 4349/5067/70 4350/5077/70
f 4629/5019/2270 4630/5024/2274 4342/4806/70 4341/4802/70
f 4491/5138/2104 4492/5139/2232 4222/5044/88 4221/4983/88
f 4478/4833/70 4658/5140/2290 4659/5141/2291 4479/4834/70
f 4338/4804/70 4626/5005/2260 4627/5012/2266 4339/4796/70
f 4493/5142/2083 4494/5126/2082 4224/4995/88 4223/4998/88
f 4656/5143/2292 4657/5144/2293 4477/4794/70 4476/4793/70
f 4635/5035/2225 4633/5028/2252 4346/5074/70 4347/5071/70
f 4344/4780/70 4632/5038/2282 4616/5030/2278 4327/4781/70
f 4517/4973/2071 4469/4972/2071 4468/4737/8 4520/4736/8
f 4508/4729/2056 4458/4728/2056 4457/4763/2075 4507/4762/2075
f 4509/4769/2076 4464/4768/2076 4463/4975/2189 4512/4974/2189
f 4650/5037/2243 4634/5027/2242 4616/5030/2278 4632/5038/2282
f 4524/4733/2058 4466/4732/2058 4465/4767/17 4510/4766/17
f 4651/5145/2294 4652/5146/2286 4363/4453/1 4364/4452/2196
f 4653/5147/2260 4651/5145/2294 4364/4452/2196 4365/4669/2244
f 4654/5148/2266 4653/5147/2260 4365/4669/2244 4366/4668/17
f 4655/5149/2271 4654/5148/2266 4366/4668/17 4367/4310/2058
f 4656/5150/2292 4655/5149/2271 4367/4310/2058 4368/4309/2057
f 4657/5151/2293 4656/5150/2292 4368/4309/2057 4369/4667/8
f 4658/5152/2290 4657/5151/2293 4369/4667/8 4370/4666/2193
f 4659/5153/2291 4658/5152/2290 4370/4666/2193 4371/4665/2245
f 4660/5154/2287 4659/5153/2291 4371/4665/2245 4372/4664/36
f 4661/5155/2288 4660/5154/2287 4372/4664/36 4373/4663/2074
f 4662/5156/2283 4661/5155/2288 4373/4663/2074 4374/4662/2186
f 4663/5157/2284 4662/5156/2283 4374/4662/2186 4375/4661/37
f 4664/5158/2289 4663/5157/2284 4375/4661/37 4376/4660/2075
f 4665/5159/2267 4664/5158/2289 4376/4660/2075 4377/4659/2056
f 4666/5160/2269 4665/5159/2267 4377/4659/2056 4378/4658/9
f 4667/5161/2272 4666/5160/2269 4378/4658/9 4379/4657/2246
f 4668/5162/2285 4667/5161/2272 4379/4657/2246 4380/4656/2248
f 4652/5163/2286 4668/5162/2285 4380/4656/2248 4363/4655/1
f 4515/4771/2064 4455/4770/2064 4453/4747/2063 4518/4746/2063
f 4645/5011/2265 4646/5017/2256 4628/5020/2271 4627/5012/2266
f 4489/5164/2094 4490/5165/2090 4454/4748/36 4453/4747/2063
f 4491/5166/2104 4489/5164/2094 4453/4747/2063 4455/4770/2064
f 4492/5167/2232 4491/5166/2104 4455/4770/2064 4456/4764/37
f 4493/5168/2083 4492/5167/2232 4456/4764/37 4457/4763/2075
f 4494/5169/2082 4493/5168/2083 4457/4763/2075 4458/4728/2056
f 4495/5170/2234 4494/5169/2082 4458/4728/2056 4459/4727/9
f 4496/5171/2202 4495/5170/2234 4459/4727/9 4460/4735/2059
f 4497/5172/2249 4496/5171/2202 4460/4735/2059 4461/4760/2070
f 4498/5173/2100 4497/5172/2249 4461/4760/2070 4462/4759/1
f 4499/5174/2250 4498/5173/2100 4462/4759/1 4463/4975/2189
f 4500/5175/2078 4499/5174/2250 4463/4975/2189 4464/4768/2076
f 4501/5176/2228 4500/5175/2078 4464/4768/2076 4465/4767/17
f 4502/5177/2085 4501/5176/2228 4465/4767/17 4466/4732/2058
f 4503/5178/2200 4502/5177/2085 4466/4732/2058 4467/4731/2057
f 4504/5179/2251 4503/5178/2200 4467/4731/2057 4468/4737/8
f 4505/5180/2096 4504/5179/2251 4468/4737/8 4469/4972/2071
f 4506/5181/2091 4505/5180/2096 4469/4972/2071 4470/4971/2065
f 4490/5165/2090 4506/5181/2091 4470/4971/2065 4454/4748/36
f 4254/5182/2119 4239/5183/2149 4508/4729/2056 4507/4762/2075
f 4253/5184/2123 4237/5185/2122 4510/4766/17 4509/4769/2076
f 4252/5186/2120 4254/5182/2119 4507/4762/2075 4511/4765/37
f 4251/5187/2206 4253/5184/2123 4509/4769/2076 4512/4974/2189
f 4250/5188/2208 4245/5189/2207 4514/4749/36 4513/4970/2065
f 4249/5190/2152 4252/5186/2120 4511/4765/37 4515/4771/2064
f 4248/5191/2213 4251/5187/2206 4512/4974/2189 4516/4758/1
f 4247/5192/2211 4250/5188/2208 4513/4970/2065 4517/4973/2071
f 4246/5193/2153 4249/5190/2152 4515/4771/2064 4518/4746/2063
f 4244/5194/2214 4248/5191/2213 4516/4758/1 4519/4761/2070
f 4243/5195/2212 4247/5192/2211 4517/4973/2071 4520/4736/8
f 4245/5189/2207 4246/5193/2153 4518/4746/2063 4514/4749/36
f 4242/5196/2215 4244/5194/2214 4519/4761/2070 4521/4734/2059
f 4241/5197/2219 4243/5195/2212 4520/4736/8 4522/4730/2057
f 4240/5198/2148 4242/5196/2215 4521/4734/2059 4523/4726/9
f 4238/5199/2217 4241/5197/2219 4522/4730/2057 4524/4733/2058
f 4239/5183/2149 4240/5198/2148 4523/4726/9 4508/4729/2056
f 4237/5185/2122 4238/5199/2217 4524/4733/2058 4510/4766/17
f 4598/5200/2242 4597/5201/2252 4310/4750/2063 4309/4968/36
f 4597/5201/2252 4599/5202/2225 4311/4751/2064 4310/4750/2063
f 4599/5202/2225 4600/5203/2224 4312/4821/37 4311/4751/2064
f 4600/5203/2224 4601/5204/2229 4313/4980/2075 4312/4821/37
f 4601/5204/2229 4602/5205/2253 4314/4962/2056 4313/4980/2075
f 4602/5205/2253 4603/5206/2254 4315/4963/9 4314/4962/2056
f 4603/5206/2254 4604/5207/2236 4316/4966/2059 4315/4963/9
f 4604/5207/2236 4605/5208/2235 4317/4742/2070 4316/4966/2059
f 4605/5208/2235 4606/5209/2237 4318/4743/1 4317/4742/2070
f 4606/5209/2237 4607/5210/2204 4319/4976/2189 4318/4743/1
f 4607/5210/2204 4608/5211/2203 4320/4977/2076 4319/4976/2189
f 4608/5211/2203 4609/5212/2255 4321/4958/17 4320/4977/2076
f 4609/5212/2255 4610/5213/2256 4322/4959/2058 4321/4958/17
f 4610/5213/2256 4611/5214/2231 4323/4817/2057 4322/4959/2058
f 4611/5214/2231 4612/5215/2230 4324/4818/8 4323/4817/2057
f 4612/5215/2230 4613/5216/2257 4325/4754/2071 4324/4818/8
f 4613/5216/2257 4614/5217/2243 4326/4755/2065 4325/4754/2071
f 4614/5217/2243 4598/5200/2242 4309/4968/36 4326/4755/2065
f 4383/4859/2113 4398/4903/2155 4543/4981/2075 4544/4965/2056
f 4381/4856/2110 4397/4855/2109 4545/4978/2076 4546/4961/17
f 4398/4903/2155 4396/4872/2126 4547/4822/37 4543/4981/2075
f 4397/4855/2109 4395/4880/2134 4548/4979/2189 4545/4978/2076
f 4389/4877/2129 4394/4876/2142 4549/4756/2065 4550/4969/36
f 4396/4872/2126 4393/4871/2125 4551/4752/2064 4547/4822/37
f 4395/4880/2134 4392/4885/2135 4552/4744/1 4548/4979/2189
f 4394/4876/2142 4391/4889/2139 4553/4757/2071 4549/4756/2065
f 4393/4871/2125 4390/4881/2130 4554/4753/2063 4551/4752/2064
f 4392/4885/2135 4388/4884/2145 4555/4745/2070 4552/4744/1
f 4391/4889/2139 4387/4888/2138 4556/4819/8 4553/4757/2071
f 4390/4881/2130 4389/4877/2129 4550/4969/36 4554/4753/2063
f 4388/4884/2145 4386/4896/2144 4557/4967/2059 4555/4745/2070
f 4387/4888/2138 4385/4852/2106 4558/4820/2057 4556/4819/8
f 4386/4896/2144 4384/4860/2114 4559/4964/9 4557/4967/2059
f 4385/4852/2106 4382/4851/2105 4560/4960/2058 4558/4820/2057
f 4384/4860/2114 4383/4859/2113 4544/4965/2056 4559/4964/9
f 4578/4811/70 4328/5103/70 4329/4823/70 4565/4824/70
f 4534/4774/70 4563/4773/70 4564/5085/70 4535/5096/70
f 4575/4779/70 4577/4772/70 4533/4775/70 4532/5087/70
f 4219/5104/88 4220/4982/88 4452/4985/88 4441/5218/88
f 4576/4807/70 4561/4809/70 4541/5098/70 4540/5219/70
f 4232/5088/88 4233/5094/88 4448/5095/88 4446/5089/88
f 4224/4995/88 4225/5128/88 4447/5220/88 4445/4996/88
f 4335/4989/70 4336/5083/70 4563/4773/70 4577/4772/70
f 4331/4789/70 4332/4801/70 4571/4800/70 4569/4790/70
f 4226/4787/88 4449/4786/88 4447/5220/88 4225/5128/88
f 4472/5122/70 4471/5042/70 4590/5041/70 4589/5069/70
f 4219/5104/88 4441/5218/88 4436/4814/88 4236/4813/88
f 4536/5097/70 4568/4805/70 4570/4799/70 4537/4848/70
f 4567/4782/70 4327/4781/70 4328/5103/70 4578/4811/70
f 4582/4792/70 4584/4795/70 4351/5099/70 4350/5077/70
f 4590/5041/70 4593/4838/70 4347/5071/70 4346/5074/70
f 4594/5047/70 4488/5046/70 4472/5122/70 4589/5069/70
f 4539/4990/70 4574/4803/70 4576/4807/70 4540/5219/70
f 4352/5100/70 4586/4836/70 4588/4835/70 4353/5049/70
f 4486/5039/70 4487/5045/70 4591/5048/70 4587/5040/70
f 4613/5221/2257 4612/5222/2230 4540/5219/70 4541/5098/70
f 4351/5099/70 4584/4795/70 4586/4836/70 4352/5100/70
f 4228/4986/88 4498/5081/2100 4499/5109/2250 4229/4999/88
f 4608/5108/2203 4607/5223/2204 4535/5096/70 4536/5097/70
f 4502/5224/2085 4503/5225/2200 4233/5094/88 4232/5088/88
f 4612/5222/2230 4611/5117/2231 4539/4990/70 4540/5219/70
f 4492/5139/2232 4493/5142/2083 4223/4998/88 4222/5044/88
f 4234/5093/88 4504/5226/2251 4505/5227/2096 4235/4816/88
f 4542/4988/70 4614/5228/2243 4613/5221/2257 4541/5098/70
f 4607/5223/2204 4606/5137/2237 4534/4774/70 4535/5096/70
f 4479/4834/70 4659/5141/2291 4660/5123/2287 4480/4845/70
f 4220/4982/88 4489/5106/2094 4491/5138/2104 4221/4983/88
f 4528/4837/70 4600/5129/2224 4599/4842/2225 4527/4844/70
f 4233/5094/88 4503/5225/2200 4504/5226/2251 4234/5093/88
f 4475/4849/70 4655/5112/2271 4656/5143/2292 4476/4793/70
f 4538/4847/70 4610/5118/2256 4609/5107/2255 4537/4848/70
f 4604/5131/2236 4603/5133/2254 4531/5086/70 4532/5087/70
f 4360/5075/70 4587/5040/70 4591/5048/70 4361/5073/70
f 4633/5028/2252 4634/5027/2242 4345/5070/70 4346/5074/70
f 4343/4808/70 4631/5032/2279 4632/5038/2282 4344/4780/70
f 4665/5135/2267 4666/5101/2269 4486/5039/70 4485/4827/70
f 4597/4843/2252 4598/5229/2242 4526/4810/70 4525/4812/70
f 4357/5078/70 4645/5011/2265 4644/5004/2203 4356/5082/70
f 4619/5009/2263 4620/5014/2267 4332/4801/70 4331/4789/70
f 4595/4991/70 4579/4994/70 4356/5082/70 4355/5072/70
f 4501/5125/2228 4502/5224/2085 4232/5088/88 4231/5091/88
f 4348/5066/70 4636/5007/2262 4635/5035/2225 4347/5071/70
f 4651/5230/2294 4653/5119/2260 4473/4839/70 4471/5042/70
f 4335/4989/70 4623/5026/2276 4624/5034/2280 4336/5083/70
f 4526/4810/70 4598/5229/2242 4614/5228/2243 4542/4988/70
f 4483/4831/70 4663/5116/2284 4664/5134/2289 4484/4826/70
f 4639/5015/2268 4638/5013/2253 4350/5077/70 4351/5099/70
f 4621/5016/2269 4622/5022/2272 4334/4778/70 4333/4777/70
f 4334/4778/70 4622/5022/2272 4623/5026/2276 4335/4989/70
f 4362/5068/70 4650/5037/2243 4649/5031/2257 4361/5073/70
f 4661/5124/2288 4662/5115/2283 4482/4993/70 4481/4992/70
f 4643/5003/2259 4642/5033/2237 4354/5050/70 4355/5072/70
f 4505/5227/2096 4506/5132/2091 4236/4813/88 4235/4816/88
f 4630/5024/2274 4631/5032/2279 4343/4808/70 4342/4806/70
f 4349/5067/70 4637/5008/2229 4636/5007/2262 4348/5066/70
f 4657/5144/2293 4658/5140/2290 4478/4833/70 4477/4794/70
f 4652/5121/2286 4651/5230/2294 4471/5042/70 4472/5122/70
usemtl tool_rope
f 4671/5231/2295 5267/5232/2296 6181/5233/2297 5246/5234/2298
f 5267/5232/2296 4670/5235/2299 5268/5236/2300 6181/5233/2297
f 6181/5233/2297 5268/5236/2300 4669/5237/2301 5287/5238/2302
f 5246/5234/2298 6181/5233/2297 5287/5238/2302 4672/5239/2303
f 4674/5240/2304 5296/5241/2305 6182/5242/2306 5262/5243/2307
f 5296/5241/2305 4673/5244/2308 5280/5245/2309 6182/5242/2306
f 6182/5242/2306 5280/5245/2309 4670/5235/2299 5267/5232/2296
f 5262/5243/2307 6182/5242/2306 5267/5232/2296 4671/5231/2295
f 4672/5239/2303 5287/5238/2302 6183/5246/2310 5257/5247/2311
f 5287/5238/2302 4669/5237/2301 5214/5248/2312 6183/5246/2310
f 6183/5246/2310 5214/5248/2312 4675/5249/2313 5352/5250/2314
f 5257/5247/2311 6183/5246/2310 5352/5250/2314 4676/5251/2315
f 4678/5252/2316 5202/5253/2317 6184/5254/2318 5348/5255/2319
f 5202/5253/2317 4677/5256/2320 5252/5257/2321 6184/5254/2318
f 6184/5254/2318 5252/5257/2321 4673/5244/2308 5296/5241/2305
f 5348/5255/2319 6184/5254/2318 5296/5241/2305 4674/5240/2304
f 4676/5251/2315 5352/5250/2314 6185/5258/2322 5303/5259/2323
f 5352/5250/2314 4675/5249/2313 5295/5260/2324 6185/5258/2322
f 6185/5258/2322 5295/5260/2324 4679/5261/2325 5369/5262/2326
f 5303/5259/2323 6185/5258/2322 5369/5262/2326 4680/5263/2327
f 4682/5264/2328 5374/5265/2329 6186/5266/2330 5212/5267/2331
f 5374/5265/2329 4681/5268/2332 5225/5269/2333 6186/5266/2330
f 6186/5266/2330 5225/5269/2333 4677/5256/2320 5202/5253/2317
f 5212/5267/2331 6186/5266/2330 5202/5253/2317 4678/5252/2316
f 4680/5263/2327 5369/5262/2326 6187/5270/2334 5386/5271/2335
f 5369/5262/2326 4679/5261/2325 5385/5272/2336 6187/5270/2334
f 6187/5270/2334 5385/5272/2336 4683/5273/2337 5339/5274/2338
f 5386/5271/2335 6187/5270/2334 5339/5274/2338 4684/5275/2339
f 4684/5276/2339 5339/5277/2338 6188/5278/2340 5350/5279/2341
f 5339/5277/2338 4683/5280/2337 5367/5281/2342 6188/5278/2340
f 6188/5278/2340 5367/5281/2342 4681/5268/2332 5374/5265/2329
f 5350/5279/2341 6188/5278/2340 5374/5265/2329 4682/5264/2328
f 4687/5282/2343 5203/5283/2344 6189/5284/2345 5226/5285/2346
f 5203/5283/2344 4686/5286/2347 5209/5287/2348 6189/5284/2345
f 6189/5284/2345 5209/5287/2348 4685/5288/2349 5233/5289/2350
f 5226/5285/2346 6189/5284/2345 5233/5289/2350 4688/5290/2351
f 4690/5291/2352 5297/5292/2353 6190/5293/2354 5213/5294/2355
f 5297/5292/2353 4689/5295/2356 5242/5296/2357 6190/5293/2354
f 6190/5293/2354 5242/5296/2357 4686/5286/2347 5203/5283/2344
f 5213/5294/2355 6190/5293/2354 5203/5283/2344 4687/5282/2343
f 4688/5290/2351 5233/5289/2350 6191/5297/2358 5324/5298/2359
f 5233/5289/2350 4685/5288/2349 5243/5299/2360 6191/5297/2358
f 6191/5297/2358 5243/5299/2360 4691/5300/2361 5361/5301/2362
f 5324/5298/2359 6191/5297/2358 5361/5301/2362 4692/5302/2363
f 4694/5303/2364 5264/5304/2365 6192/5305/2366 5360/5306/2367
f 5264/5304/2365 4693/5307/2368 5331/5308/2369 6192/5305/2366
f 6192/5305/2366 5331/5308/2369 4689/5295/2356 5297/5292/2353
f 5360/5306/2367 6192/5305/2366 5297/5292/2353 4690/5291/2352
f 4692/5302/2363 5361/5301/2362 6193/5309/2370 5293/5310/2371
f 5361/5301/2362 4691/5300/2361 5340/5311/2372 6193/5309/2370
f 6193/5309/2370 5340/5311/2372 4695/5312/2373 5279/5313/2374
f 5293/5310/2371 6193/5309/2370 5279/5313/2374 4696/5314/2375
f 4698/5315/2376 5247/5316/2377 6194/5317/2378 5278/5318/2379
f 5247/5316/2377 4697/5319/2380 5301/5320/2381 6194/5317/2378
f 6194/5317/2378 5301/5320/2381 4693/5307/2368 5264/5304/2365
f 5278/5318/2379 6194/5317/2378 5264/5304/2365 4694/5303/2364
f 4696/5314/2375 5279/5313/2374 6195/5321/2382 5271/5322/2383
f 5279/5313/2374 4695/5312/2373 5256/5323/2384 6195/5321/2382
f 6195/5321/2382 5256/5323/2384 4699/5324/2385 5320/5325/2386
f 5271/5322/2383 6195/5321/2382 5320/5325/2386 4700/5326/2387
f 4700/5326/2387 5320/5325/2386 6196/5327/2388 5307/5328/2389
f 5320/5325/2386 4699/5324/2385 5240/5329/2390 6196/5327/2388
f 6196/5327/2388 5240/5329/2390 4697/5330/2380 5247/5331/2377
f 5307/5328/2389 6196/5327/2388 5247/5331/2377 4698/5332/2376
f 4768/5333/2391 5305/5334/2392 6197/5335/2393 5349/5336/2394
f 5305/5334/2392 4780/5337/2395 5356/5338/2396 6197/5335/2393
f 6197/5335/2393 5356/5338/2396 4702/5339/2397 5237/5340/2398
f 5349/5336/2394 6197/5335/2393 5237/5340/2398 4701/5341/2399
f 4708/5342/2400 5364/5343/2401 6198/5344/2402 5309/5345/2403
f 5364/5343/2401 4767/5346/2404 5245/5347/2405 6198/5344/2402
f 6198/5344/2402 5245/5347/2405 4768/5348/2391 5349/5349/2394
f 5309/5345/2403 6198/5344/2402 5349/5349/2394 4701/5350/2399
f 4772/5351/2406 5281/5352/2407 6199/5353/2408 5362/5354/2409
f 5281/5352/2407 4770/5355/2410 5380/5356/2411 6199/5353/2408
f 6199/5353/2408 5380/5356/2411 4707/5357/2412 5210/5358/2413
f 5362/5354/2409 6199/5353/2408 5210/5358/2413 4706/5359/2414
f 4704/5360/2415 5345/5361/2416 6200/5362/2417 5344/5363/2418
f 5345/5361/2416 4776/5364/2419 5315/5365/2420 6200/5362/2417
f 6200/5362/2417 5315/5365/2420 4774/5366/2421 5355/5367/2422
f 5344/5363/2418 6200/5362/2417 5355/5367/2422 4705/5368/2423
f 4780/5337/2395 5218/5369/2424 6201/5370/2425 5356/5338/2396
f 5218/5369/2424 4778/5371/2426 5381/5372/2427 6201/5370/2425
f 6201/5370/2425 5381/5372/2427 4703/5373/2428 5259/5374/2429
f 5356/5338/2396 6201/5370/2425 5259/5374/2429 4702/5339/2397
f 4774/5375/2421 5328/5376/2430 6202/5377/2431 5355/5378/2422
f 5328/5376/2430 4772/5351/2406 5362/5354/2409 6202/5377/2431
f 6202/5377/2431 5362/5354/2409 4706/5359/2414 5354/5379/2432
f 5355/5378/2422 6202/5377/2431 5354/5379/2432 4705/5380/2423
f 4701/5341/2399 5237/5340/2398 6203/5381/2433 5323/5382/2434
f 5237/5340/2398 4702/5339/2397 5300/5383/2435 6203/5381/2433
f 6203/5381/2433 5300/5383/2435 4709/5384/2436 5198/5385/2437
f 5323/5382/2434 6203/5381/2433 5198/5385/2437 4710/5386/2438
f 4711/5387/2439 5204/5388/2440 6204/5389/2441 5343/5390/2442
f 5204/5388/2440 4710/5391/2438 5198/5392/2437 6204/5389/2441
f 6204/5389/2441 5198/5392/2437 4709/5384/2436 5207/5393/2443
f 5343/5390/2442 6204/5389/2441 5207/5393/2443 4712/5394/2444
f 4713/5395/2445 5200/5396/2446 6205/5397/2447 5351/5398/2448
f 5200/5396/2446 4709/5399/2436 5300/5400/2435 6205/5397/2447
f 6205/5397/2447 5300/5400/2435 4702/5401/2397 5259/5402/2429
f 5351/5398/2448 6205/5397/2447 5259/5402/2429 4703/5403/2428
f 4712/5394/2444 5207/5393/2443 6206/5404/2449 5366/5405/2450
f 5207/5393/2443 4709/5384/2436 5200/5406/2446 6206/5404/2449
f 6206/5404/2449 5200/5406/2446 4713/5407/2445 5334/5408/2451
f 5366/5405/2450 6206/5404/2449 5334/5408/2451 4714/5409/2452
f 4715/5410/2453 5326/5411/2454 6207/5412/2455 5318/5413/2456
f 5326/5411/2454 4713/5395/2445 5351/5398/2448 6207/5412/2455
f 6207/5412/2455 5351/5398/2448 4703/5403/2428 5220/5414/2457
f 5318/5413/2456 6207/5412/2455 5220/5414/2457 4704/5415/2415
f 4714/5409/2452 5334/5408/2451 6208/5416/2458 5333/5417/2459
f 5334/5408/2451 4713/5407/2445 5326/5418/2454 6208/5416/2458
f 6208/5416/2458 5326/5418/2454 4715/5419/2453 5319/5420/2460
f 5333/5417/2459 6208/5416/2458 5319/5420/2460 4716/5421/2461
f 4717/5422/2462 5313/5423/2463 6209/5424/2464 5263/5425/2465
f 5313/5423/2463 4715/5410/2453 5318/5413/2456 6209/5424/2464
f 6209/5424/2464 5318/5413/2456 4704/5415/2415 5344/5426/2418
f 5263/5425/2465 6209/5424/2464 5344/5426/2418 4705/5368/2423
f 4716/5421/2461 5319/5420/2460 6210/5427/2466 5236/5428/2467
f 5319/5420/2460 4715/5419/2453 5313/5429/2463 6210/5427/2466
f 6210/5427/2466 5313/5429/2463 4717/5430/2462 5250/5431/2468
f 5236/5428/2467 6210/5427/2466 5250/5431/2468 4718/5432/2469
f 4719/5433/2470 5238/5434/2471 6211/5435/2472 5276/5436/2473
f 5238/5434/2471 4717/5422/2462 5263/5425/2465 6211/5435/2472
f 6211/5435/2472 5263/5425/2465 4705/5368/2423 5354/5437/2432
f 5276/5436/2473 6211/5435/2472 5354/5437/2432 4706/5438/2414
f 4718/5432/2469 5250/5431/2468 6212/5439/2474 5249/5440/2475
f 5250/5431/2468 4717/5430/2462 5238/5441/2471 6212/5439/2474
f 6212/5439/2474 5238/5441/2471 4719/5433/2470 5290/5442/2476
f 5249/5440/2475 6212/5439/2474 5290/5442/2476 4720/5443/2477
f 4721/5444/2478 5282/5445/2479 6213/5446/2480 5292/5447/2481
f 5282/5445/2479 4719/5433/2470 5276/5436/2473 6213/5446/2480
f 6213/5446/2480 5276/5436/2473 4706/5438/2414 5210/5448/2413
f 5292/5447/2481 6213/5446/2480 5210/5448/2413 4707/5449/2412
f 4720/5443/2477 5290/5442/2476 6214/5450/2482 5322/5451/2483
f 5290/5442/2476 4719/5433/2470 5282/5452/2479 6214/5450/2482
f 6214/5450/2482 5282/5452/2479 4721/5453/2478 5274/5454/2484
f 5322/5451/2483 6214/5450/2482 5274/5454/2484 4722/5455/2485
f 4723/5456/2486 5266/5457/2487 6215/5458/2488 5357/5459/2489
f 5266/5457/2487 4721/5444/2478 5292/5447/2481 6215/5458/2488
f 6215/5458/2488 5292/5447/2481 4707/5449/2412 5378/5460/2490
f 5357/5459/2489 6215/5458/2488 5378/5460/2490 4708/5461/2400
f 4722/5455/2485 5274/5454/2484 6216/5462/2491 5273/5463/2492
f 5274/5454/2484 4721/5453/2478 5266/5464/2487 6216/5462/2491
f 6216/5462/2491 5266/5464/2487 4723/5456/2486 5370/5465/2493
f 5273/5463/2492 6216/5462/2491 5370/5465/2493 4724/5466/2494
f 4723/5467/2486 5357/5468/2489 6217/5469/2495 5335/5470/2496
f 5357/5468/2489 4708/5342/2400 5309/5345/2403 6217/5469/2495
f 6217/5469/2495 5309/5345/2403 4701/5350/2399 5323/5471/2434
f 5335/5470/2496 6217/5469/2495 5323/5471/2434 4710/5391/2438
f 4724/5472/2494 5370/5473/2493 6218/5474/2497 5205/5475/2498
f 5370/5473/2493 4723/5467/2486 5335/5470/2496 6218/5474/2497
f 6218/5474/2497 5335/5470/2496 4710/5391/2438 5204/5388/2440
f 5205/5475/2498 6218/5474/2497 5204/5388/2440 4711/5387/2439
f 4711/5476/2439 5343/5477/2442 6219/5478/2499 5216/5479/2500
f 5343/5477/2442 4712/5480/2444 5188/5481/2501 6219/5478/2499
f 6219/5478/2499 5188/5481/2501 4725/5482/2502 5308/5483/2503
f 5216/5479/2500 6219/5478/2499 5308/5483/2503 4726/5484/2504
f 4727/5485/2505 5312/5486/2506 6220/5487/2507 5239/5488/2508
f 5312/5486/2506 4725/5482/2502 5188/5489/2501 6220/5487/2507
f 6220/5487/2507 5188/5489/2501 4712/5490/2444 5366/5405/2450
f 5239/5488/2508 6220/5487/2507 5366/5405/2450 4714/5409/2452
f 4728/5491/2509 5379/5492/2510 6221/5493/2511 5199/5494/2512
f 5379/5492/2510 4727/5485/2505 5239/5488/2508 6221/5493/2511
f 6221/5493/2511 5239/5488/2508 4714/5409/2452 5333/5417/2459
f 5199/5494/2512 6221/5493/2511 5333/5417/2459 4716/5495/2461
f 4729/5496/2513 5372/5497/2514 6222/5498/2515 5373/5499/2516
f 5372/5497/2514 4728/5491/2509 5199/5494/2512 6222/5498/2515
f 6222/5498/2515 5199/5494/2512 4716/5495/2461 5236/5428/2467
f 5373/5499/2516 6222/5498/2515 5236/5428/2467 4718/5432/2469
f 4730/5500/2517 5310/5501/2518 6223/5502/2519 5387/5503/2520
f 5310/5501/2518 4729/5496/2513 5373/5499/2516 6223/5502/2519
f 6223/5502/2519 5373/5499/2516 4718/5432/2469 5249/5504/2475
f 5387/5503/2520 6223/5502/2519 5249/5504/2475 4720/5505/2477
f 4731/5506/2521 5338/5507/2522 6224/5508/2523 5193/5509/2524
f 5338/5507/2522 4730/5500/2517 5387/5503/2520 6224/5508/2523
f 6224/5508/2523 5387/5503/2520 4720/5505/2477 5322/5510/2483
f 5193/5509/2524 6224/5508/2523 5322/5510/2483 4722/5455/2485
f 4732/5511/2525 5346/5512/2526 6225/5513/2527 5254/5514/2528
f 5346/5512/2526 4731/5506/2521 5193/5509/2524 6225/5513/2527
f 6225/5513/2527 5193/5509/2524 4722/5455/2485 5273/5463/2492
f 5254/5514/2528 6225/5513/2527 5273/5463/2492 4724/5466/2494
f 4732/5515/2525 5254/5516/2528 6226/5517/2529 5228/5518/2530
f 5254/5516/2528 4724/5472/2494 5205/5475/2498 6226/5517/2529
f 6226/5517/2529 5205/5475/2498 4711/5387/2439 5216/5479/2500
f 5228/5518/2530 6226/5517/2529 5216/5479/2500 4726/5484/2504
f 4733/5519/2531 5255/5520/2532 6227/5521/2533 5219/5522/2534
f 5255/5520/2532 4734/5523/2535 5190/5524/2536 6227/5521/2533
f 6227/5521/2533 5190/5524/2536 4741/5525/2537 5230/5526/2538
f 5219/5522/2534 6227/5521/2533 5230/5526/2538 4742/5527/2539
f 4750/5528/2540 6153/5529/2541 6228/5530/2542 5288/5531/2543
f 6153/5529/2541 5159/5532/2544 6145/5533/2545 6228/5530/2542
f 6228/5530/2542 6145/5533/2545 5162/5534/2546 6155/5535/2547
f 5288/5531/2543 6228/5530/2542 6155/5535/2547 4751/5536/2548
f 4743/5537/2549 5359/5538/2550 6229/5539/2551 5299/5540/2552
f 5359/5538/2550 4741/5541/2537 5190/5542/2536 6229/5539/2551
f 6229/5539/2551 5190/5542/2536 4734/5523/2535 5286/5543/2553
f 5299/5540/2552 6229/5539/2551 5286/5543/2553 4735/5544/2554
f 4751/5536/2548 6155/5535/2547 6230/5545/2555 5195/5546/2556
f 6155/5535/2547 5162/5534/2546 6140/5547/2557 6230/5545/2555
f 6230/5545/2555 6140/5547/2557 5165/5548/2558 6157/5549/2559
f 5195/5546/2556 6230/5545/2555 6157/5549/2559 4752/5550/2560
f 4744/5551/2561 5327/5552/2562 6231/5553/2563 5336/5554/2564
f 5327/5552/2562 4743/5537/2549 5299/5540/2552 6231/5553/2563
f 6231/5553/2563 5299/5540/2552 4735/5544/2554 5217/5555/2565
f 5336/5554/2564 6231/5553/2563 5217/5555/2565 4736/5556/2566
f 5165/5548/2558 6135/5557/2567 6232/5558/2568 6157/5559/2559
f 6135/5557/2567 5168/5560/2569 6159/5561/2570 6232/5558/2568
f 6232/5558/2568 6159/5561/2570 4753/5562/2571 5376/5563/2572
f 6157/5559/2559 6232/5558/2568 5376/5563/2572 4752/5564/2560
f 4745/5565/2573 5314/5566/2574 6233/5567/2575 5289/5568/2576
f 5314/5566/2574 4744/5551/2561 5336/5554/2564 6233/5567/2575
f 6233/5567/2575 5336/5554/2564 4736/5556/2566 5191/5569/2577
f 5289/5568/2576 6233/5567/2575 5191/5569/2577 4737/5570/2578
f 4753/5571/2571 6159/5572/2570 6234/5573/2579 5365/5574/2580
f 6159/5572/2570 5168/5575/2569 6115/5576/2581 6234/5573/2579
f 6234/5573/2579 6115/5576/2581 5172/5577/2582 6161/5578/2583
f 5365/5574/2580 6234/5573/2579 6161/5578/2583 4754/5579/2584
f 4746/5580/2585 5298/5581/2586 6235/5582/2587 5248/5583/2588
f 5298/5581/2586 4745/5565/2573 5289/5568/2576 6235/5582/2587
f 6235/5582/2587 5289/5568/2576 4737/5570/2578 5317/5584/2589
f 5248/5583/2588 6235/5582/2587 5317/5584/2589 4738/5585/2590
f 4754/5579/2584 6161/5578/2583 6236/5586/2591 5353/5587/2592
f 6161/5578/2583 5172/5577/2582 6120/5588/2593 6236/5586/2591
f 6236/5586/2591 6120/5588/2593 5175/5589/2594 6163/5590/2595
f 5353/5587/2592 6236/5586/2591 6163/5590/2595 4755/5591/2596
f 4747/5592/2597 5224/5593/2598 6237/5594/2599 5258/5595/2600
f 5224/5593/2598 4746/5580/2585 5248/5583/2588 6237/5594/2599
f 6237/5594/2599 5248/5583/2588 4738/5585/2590 5330/5596/2601
f 5258/5595/2600 6237/5594/2599 5330/5596/2601 4739/5597/2602
f 5174/5598/2603 6164/5599/2604 6238/5600/2605 6121/5601/2606
f 6164/5599/2604 4747/5602/2597 5265/5603/2607 6238/5600/2605
f 6238/5600/2605 5265/5603/2607 4748/5604/2608 6149/5605/2609
f 6121/5601/2606 6238/5600/2605 6149/5605/2609 5177/5606/2610
f 4748/5604/2608 5265/5607/2607 6239/5608/2611 5272/5609/2612
f 5265/5607/2607 4747/5592/2597 5258/5595/2600 6239/5608/2611
f 6239/5608/2611 5258/5595/2600 4739/5597/2602 5382/5610/2613
f 5272/5609/2612 6239/5608/2611 5382/5610/2613 4740/5611/2614
f 4755/5591/2596 6163/5590/2595 6240/5612/2615 5384/5613/2616
f 6163/5590/2595 5175/5589/2594 6125/5614/2617 6240/5612/2615
f 6240/5612/2615 6125/5614/2617 5178/5615/2618 6151/5616/2619
f 5384/5613/2616 6240/5612/2615 6151/5616/2619 4756/5617/2620
f 4748/5618/2608 5272/5619/2612 6241/5620/2621 5306/5621/2622
f 5272/5619/2612 4740/5622/2614 5231/5623/2623 6241/5620/2621
f 6241/5620/2621 5231/5623/2623 4733/5519/2531 5219/5624/2534
f 5306/5621/2622 6241/5620/2621 5219/5624/2534 4742/5625/2539
f 4756/5626/2620 6151/5627/2619 6242/5628/2624 5235/5629/2625
f 6151/5627/2619 5178/5630/2618 6127/5631/2626 6242/5628/2624
f 6242/5628/2624 6127/5631/2626 5157/5632/2627 6152/5633/2628
f 5235/5629/2625 6242/5628/2624 6152/5633/2628 4749/5634/2629
f 5171/5635/2630 6162/5636/2631 6243/5637/2632 6116/5638/2633
f 6162/5636/2631 4746/5639/2585 5224/5640/2598 6243/5637/2632
f 6243/5637/2632 5224/5640/2598 4747/5602/2597 6164/5599/2604
f 6116/5638/2633 6243/5637/2632 6164/5599/2604 5174/5598/2603
f 5169/5641/2634 6160/5642/2635 6244/5643/2636 6110/5644/2637
f 6160/5642/2635 4745/5645/2573 5298/5646/2586 6244/5643/2636
f 6244/5643/2636 5298/5646/2586 4746/5639/2585 6162/5636/2631
f 6110/5644/2637 6244/5643/2636 6162/5636/2631 5171/5635/2630
f 5156/5647/2638 6150/5648/2639 6245/5649/2640 6146/5650/2641
f 6150/5648/2639 4742/5625/2539 5230/5651/2538 6245/5649/2640
f 6245/5649/2640 5230/5651/2538 4741/5652/2537 6154/5653/2642
f 6146/5650/2641 6245/5649/2640 6154/5653/2642 5160/5654/2643
f 5166/5655/2644 6158/5656/2645 6246/5657/2646 6132/5658/2647
f 6158/5656/2645 4744/5659/2561 5314/5660/2574 6246/5657/2646
f 6246/5657/2646 5314/5660/2574 4745/5645/2573 6160/5642/2635
f 6132/5658/2647 6246/5657/2646 6160/5642/2635 5169/5641/2634
f 5160/5654/2643 6154/5653/2642 6247/5661/2648 6142/5662/2649
f 6154/5653/2642 4741/5652/2537 5359/5538/2550 6247/5661/2648
f 6247/5661/2648 5359/5538/2550 4743/5663/2549 6156/5664/2650
f 6142/5662/2649 6247/5661/2648 6156/5664/2650 5163/5665/2651
f 4749/5634/2629 6152/5633/2628 6248/5666/2652 5321/5667/2653
f 6152/5633/2628 5157/5632/2627 6148/5668/2654 6248/5666/2652
f 6248/5666/2652 6148/5668/2654 5159/5532/2544 6153/5529/2541
f 5321/5667/2653 6248/5666/2652 6153/5529/2541 4750/5528/2540
f 5163/5665/2651 6156/5664/2650 6249/5669/2655 6137/5670/2656
f 6156/5664/2650 4743/5663/2549 5327/5671/2562 6249/5669/2655
f 6249/5669/2655 5327/5671/2562 4744/5659/2561 6158/5656/2645
f 6137/5670/2656 6249/5669/2655 6158/5656/2645 5166/5655/2644
f 4749/5672/2629 5321/5673/2653 6250/5674/2657 5197/5675/2658
f 5321/5673/2653 4750/5676/2540 5215/5677/2659 6250/5674/2657
f 6250/5674/2657 5215/5677/2659 4757/5678/2660 5234/5679/2661
f 5197/5675/2658 6250/5674/2657 5234/5679/2661 4758/5680/2662
f 4758/5680/2662 5234/5679/2661 6251/5681/2663 5189/5682/2664
f 5234/5679/2661 4757/5678/2660 5332/5683/2665 6251/5681/2663
f 6251/5681/2663 5332/5683/2665 4696/5314/2375 5271/5322/2383
f 5189/5682/2664 6251/5681/2663 5271/5322/2383 4700/5326/2387
f 4759/5684/2666 5241/5685/2667 6252/5686/2668 5285/5687/2669
f 5241/5685/2667 4757/5688/2660 5215/5689/2659 6252/5686/2668
f 6252/5686/2668 5215/5689/2659 4750/5690/2540 5288/5531/2543
f 5285/5687/2669 6252/5686/2668 5288/5531/2543 4751/5691/2548
f 4692/5692/2363 5293/5693/2371 6253/5694/2670 5275/5695/2671
f 5293/5693/2371 4696/5696/2375 5332/5683/2665 6253/5694/2670
f 6253/5694/2670 5332/5683/2665 4757/5688/2660 5241/5685/2667
f 5275/5695/2671 6253/5694/2670 5241/5685/2667 4759/5684/2666
f 4760/5697/2672 5196/5698/2673 6254/5699/2674 5342/5700/2675
f 5196/5698/2673 4759/5684/2666 5285/5687/2669 6254/5699/2674
f 6254/5699/2674 5285/5687/2669 4751/5691/2548 5195/5546/2556
f 5342/5700/2675 6254/5699/2674 5195/5546/2556 4752/5701/2560
f 4688/5702/2351 5324/5703/2359 6255/5704/2676 5244/5705/2677
f 5324/5703/2359 4692/5692/2363 5275/5695/2671 6255/5704/2676
f 6255/5704/2676 5275/5695/2671 4759/5684/2666 5196/5698/2673
f 5244/5705/2677 6255/5704/2676 5196/5698/2673 4760/5697/2672
f 4761/5706/2678 5294/5707/2679 6256/5708/2680 5325/5709/2681
f 5294/5707/2679 4760/5697/2672 5342/5700/2675 6256/5708/2680
f 6256/5708/2680 5342/5700/2675 4752/5701/2560 5376/5710/2572
f 5325/5709/2681 6256/5708/2680 5376/5710/2572 4753/5562/2571
f 4687/5711/2343 5226/5712/2346 6257/5713/2682 5358/5714/2683
f 5226/5712/2346 4688/5702/2351 5244/5705/2677 6257/5713/2682
f 6257/5713/2682 5244/5705/2677 4760/5697/2672 5294/5707/2679
f 5358/5714/2683 6257/5713/2682 5294/5707/2679 4761/5706/2678
f 4762/5715/2684 5316/5716/2685 6258/5717/2686 5194/5718/2687
f 5316/5716/2685 4761/5706/2678 5325/5709/2681 6258/5717/2686
f 6258/5717/2686 5325/5709/2681 4753/5562/2571 5365/5719/2580
f 5194/5718/2687 6258/5717/2686 5365/5719/2580 4754/5720/2584
f 4690/5721/2352 5213/5294/2355 6259/5722/2688 5283/5723/2689
f 5213/5294/2355 4687/5711/2343 5358/5714/2683 6259/5722/2688
f 6259/5722/2688 5358/5714/2683 4761/5706/2678 5316/5716/2685
f 5283/5723/2689 6259/5722/2688 5316/5716/2685 4762/5715/2684
f 4763/5724/2690 5337/5725/2691 6260/5726/2692 5223/5727/2693
f 5337/5725/2691 4762/5715/2684 5194/5718/2687 6260/5726/2692
f 6260/5726/2692 5194/5718/2687 4754/5720/2584 5353/5728/2592
f 5223/5727/2693 6260/5726/2692 5353/5728/2592 4755/5729/2596
f 4694/5730/2364 5360/5306/2367 6261/5731/2694 5222/5732/2695
f 5360/5306/2367 4690/5721/2352 5283/5723/2689 6261/5731/2694
f 6261/5731/2694 5283/5723/2689 4762/5715/2684 5337/5725/2691
f 5222/5732/2695 6261/5731/2694 5337/5725/2691 4763/5724/2690
f 4764/5733/2696 5329/5734/2697 6262/5735/2698 5363/5736/2699
f 5329/5734/2697 4763/5724/2690 5223/5727/2693 6262/5735/2698
f 6262/5735/2698 5223/5727/2693 4755/5729/2596 5384/5737/2616
f 5363/5736/2699 6262/5735/2698 5384/5737/2616 4756/5617/2620
f 4698/5315/2376 5278/5738/2379 6263/5739/2700 5201/5740/2701
f 5278/5738/2379 4694/5730/2364 5222/5732/2695 6263/5739/2700
f 6263/5739/2700 5222/5732/2695 4763/5724/2690 5329/5734/2697
f 5201/5740/2701 6263/5739/2700 5329/5734/2697 4764/5733/2696
f 4764/5741/2696 5363/5742/2699 6264/5743/2702 5383/5744/2703
f 5363/5742/2699 4756/5626/2620 5235/5629/2625 6264/5743/2702
f 6264/5743/2702 5235/5629/2625 4749/5634/2629 5197/5675/2658
f 5383/5744/2703 6264/5743/2702 5197/5675/2658 4758/5745/2662
f 4698/5332/2376 5201/5746/2701 6265/5747/2704 5307/5748/2389
f 5201/5746/2701 4764/5741/2696 5383/5744/2703 6265/5747/2704
f 6265/5747/2704 5383/5744/2703 4758/5745/2662 5189/5682/2664
f 5307/5748/2389 6265/5747/2704 5189/5682/2664 4700/5326/2387
f 4765/5749/2705 5284/5750/2706 6266/5751/2707 5371/5752/2708
f 5284/5750/2706 4766/5753/2709 5375/5754/2710 6266/5751/2707
f 6266/5751/2707 5375/5754/2710 4684/5276/2339 5350/5755/2341
f 5371/5752/2708 6266/5751/2707 5350/5755/2341 4682/5756/2328
f 4767/5346/2404 5251/5757/2711 6267/5758/2712 5245/5347/2405
f 5251/5757/2711 4766/5753/2709 5284/5750/2706 6267/5758/2712
f 6267/5758/2712 5284/5750/2706 4765/5759/2705 5269/5760/2713
f 5245/5347/2405 6267/5758/2712 5269/5760/2713 4768/5348/2391
f 4680/5263/2327 5386/5271/2335 6268/5761/2714 5221/5762/2715
f 5386/5271/2335 4684/5763/2339 5375/5764/2710 6268/5761/2714
f 6268/5761/2714 5375/5764/2710 4766/5765/2709 5260/5766/2716
f 5221/5762/2715 6268/5761/2714 5260/5766/2716 4769/5767/2717
f 4770/5768/2410 5253/5769/2718 6269/5770/2719 5227/5771/2720
f 5253/5769/2718 4769/5772/2717 5260/5773/2716 6269/5770/2719
f 6269/5770/2719 5260/5773/2716 4766/5774/2709 5251/5775/2711
f 5227/5771/2720 6269/5770/2719 5251/5775/2711 4767/5776/2404
f 4676/5777/2315 5303/5778/2323 6270/5779/2721 5291/5780/2722
f 5303/5778/2323 4680/5263/2327 5221/5762/2715 6270/5779/2721
f 6270/5779/2721 5221/5762/2715 4769/5767/2717 5261/5781/2723
f 5291/5780/2722 6270/5779/2721 5261/5781/2723 4771/5782/2724
f 4772/5783/2406 5270/5784/2725 6271/5785/2726 5281/5786/2407
f 5270/5784/2725 4771/5787/2724 5261/5788/2723 6271/5785/2726
f 6271/5785/2726 5261/5788/2723 4769/5772/2717 5253/5769/2718
f 5281/5786/2407 6271/5785/2726 5253/5769/2718 4770/5768/2410
f 4672/5239/2303 5257/5247/2311 6272/5789/2727 5208/5790/2728
f 5257/5247/2311 4676/5777/2315 5291/5780/2722 6272/5789/2727
f 6272/5789/2727 5291/5780/2722 4771/5782/2724 5277/5791/2729
f 5208/5790/2728 6272/5789/2727 5277/5791/2729 4773/5792/2730
f 4774/5366/2421 5341/5793/2731 6273/5794/2732 5328/5376/2430
f 5341/5793/2731 4773/5792/2730 5277/5795/2729 6273/5794/2732
f 6273/5794/2732 5277/5795/2729 4771/5787/2724 5270/5784/2725
f 5328/5376/2430 6273/5794/2732 5270/5784/2725 4772/5783/2406
f 4671/5796/2295 5246/5797/2298 6274/5798/2733 5232/5799/2734
f 5246/5797/2298 4672/5239/2303 5208/5790/2728 6274/5798/2733
f 6274/5798/2733 5208/5790/2728 4773/5792/2730 5347/5800/2735
f 5232/5799/2734 6274/5798/2733 5347/5800/2735 4775/5801/2736
f 4776/5364/2419 5302/5802/2737 6275/5803/2738 5315/5365/2420
f 5302/5802/2737 4775/5801/2736 5347/5804/2735 6275/5803/2738
f 6275/5803/2738 5347/5804/2735 4773/5792/2730 5341/5793/2731
f 5315/5365/2420 6275/5803/2738 5341/5793/2731 4774/5366/2421
f 4674/5240/2304 5262/5805/2307 6276/5806/2739 5304/5807/2740
f 5262/5805/2307 4671/5796/2295 5232/5799/2734 6276/5806/2739
f 6276/5806/2739 5232/5799/2734 4775/5801/2736 5311/5808/2741
f 5304/5807/2740 6276/5806/2739 5311/5808/2741 4777/5809/2742
f 4778/5810/2426 5206/5811/2743 6277/5812/2744 5192/5813/2745
f 5206/5811/2743 4777/5814/2742 5311/5815/2741 6277/5812/2744
f 6277/5812/2744 5311/5815/2741 4775/5801/2736 5302/5802/2737
f 5192/5813/2745 6277/5812/2744 5302/5802/2737 4776/5364/2419
f 4678/5252/2316 5348/5816/2319 6278/5817/2746 5377/5818/2747
f 5348/5816/2319 4674/5240/2304 5304/5807/2740 6278/5817/2746
f 6278/5817/2746 5304/5807/2740 4777/5809/2742 5211/5819/2748
f 5377/5818/2747 6278/5817/2746 5211/5819/2748 4779/5820/2749
f 4780/5821/2395 5229/5822/2750 6279/5823/2751 5218/5369/2424
f 5229/5822/2750 4779/5824/2749 5211/5825/2748 6279/5823/2751
f 6279/5823/2751 5211/5825/2748 4777/5814/2742 5206/5811/2743
f 5218/5369/2424 6279/5823/2751 5206/5811/2743 4778/5810/2426
f 4765/5759/2705 5371/5752/2708 6280/5826/2752 5368/5827/2753
f 5371/5752/2708 4682/5264/2328 5212/5267/2331 6280/5826/2752
f 6280/5826/2752 5212/5267/2331 4678/5252/2316 5377/5828/2747
f 5368/5827/2753 6280/5826/2752 5377/5828/2747 4779/5824/2749
f 4768/5348/2391 5269/5760/2713 6281/5829/2754 5305/5334/2392
f 5269/5760/2713 4765/5759/2705 5368/5827/2753 6281/5829/2754
f 6281/5829/2754 5368/5827/2753 4779/5824/2749 5229/5822/2750
f 5305/5334/2392 6281/5829/2754 5229/5822/2750 4780/5821/2395
f 4770/5355/2410 5227/5771/2720 6282/5830/2755 5380/5356/2411
f 5227/5771/2720 4767/5776/2404 5364/5831/2401 6282/5830/2755
f 6282/5830/2755 5364/5831/2401 4708/5832/2400 5378/5833/2490
f 5380/5356/2411 6282/5830/2755 5378/5833/2490 4707/5357/2412
f 4894/5834/2756 5440/5835/2757 6283/5836/2758 5548/5837/2756
f 5440/5835/2757 4874/5838/2759 5560/5839/2760 6283/5836/2758
f 6283/5836/2758 5560/5839/2760 4875/5840/2761 5623/5841/2762
f 5548/5837/2756 6283/5836/2758 5623/5841/2762 4893/5842/2763
f 4796/5843/2764 5435/5844/2765 6284/5845/2766 5463/5846/2767
f 5435/5844/2765 4797/5847/2768 5636/5848/2769 6284/5845/2766
f 6284/5845/2766 5636/5848/2769 4820/5849/2770 5525/5850/2771
f 5463/5846/2767 6284/5845/2766 5525/5850/2771 4821/5851/2772
f 4871/5852/2773 5638/5853/2774 6285/5854/2775 5642/5855/2776
f 5638/5853/2774 4867/5856/2777 5470/5857/2778 6285/5854/2775
f 6285/5854/2775 5470/5857/2778 4865/5858/2779 5504/5859/2780
f 5642/5855/2776 6285/5854/2775 5504/5859/2780 4869/5860/2781
f 4885/5861/2782 5537/5862/2783 6286/5863/2784 5411/5864/2785
f 5537/5862/2783 4881/5865/2786 5526/5866/2787 6286/5863/2784
f 6286/5863/2784 5526/5866/2787 4882/5867/2787 5564/5868/2788
f 5411/5864/2785 6286/5863/2784 5564/5868/2788 4886/5869/2789
f 4798/5870/2790 5478/5871/2791 6287/5872/2792 5574/5873/2793
f 5478/5871/2791 4898/5874/2794 5533/5875/2795 6287/5872/2792
f 6287/5872/2792 5533/5875/2795 4782/5876/2796 5618/5877/2797
f 5574/5873/2793 6287/5872/2792 5618/5877/2797 4781/5878/2798
f 4800/5879/2799 5609/5880/2800 6288/5881/2801 5589/5882/2802
f 5609/5880/2800 4799/5883/2803 5634/5884/2804 6288/5881/2801
f 6288/5881/2801 5634/5884/2804 4824/5885/2805 5404/5886/2806
f 5589/5882/2802 6288/5881/2801 5404/5886/2806 4823/5887/2807
f 4849/5888/2808 5561/5889/2809 6289/5890/2810 5632/5891/2811
f 5561/5889/2809 4870/5892/2812 5412/5893/2813 6289/5890/2810
f 6289/5890/2810 5412/5893/2813 4848/5894/2814 5610/5895/2815
f 5632/5891/2811 6289/5890/2810 5610/5895/2815 4827/5896/2816
f 4876/5897/2817 5431/5898/2818 6290/5899/2819 5542/5900/2820
f 5431/5898/2818 4873/5901/2821 5629/5902/2819 6290/5899/2819
f 6290/5899/2819 5629/5902/2819 4895/5903/2756 5396/5904/2822
f 5542/5900/2820 6290/5899/2819 5396/5904/2822 4896/5905/2822
f 4835/5906/2823 5535/5907/2824 6291/5908/2825 5413/5909/2826
f 5535/5907/2824 4831/5910/2827 5540/5911/2828 6291/5908/2825
f 6291/5908/2825 5540/5911/2828 4829/5912/2829 5579/5913/2830
f 5413/5909/2826 6291/5908/2825 5579/5913/2830 4833/5914/2831
f 4818/5915/2832 5510/5916/2833 6292/5917/2834 5596/5918/2835
f 5510/5916/2833 4813/5919/2836 5421/5920/2837 6292/5917/2834
f 6292/5917/2834 5421/5920/2837 4810/5921/2838 5451/5922/2839
f 5596/5918/2835 6292/5917/2834 5451/5922/2839 4815/5923/2840
f 4786/5924/2841 5453/5925/2842 6293/5926/2842 5398/5927/2843
f 5453/5925/2842 4788/5928/2844 5415/5929/2845 6293/5926/2842
f 6293/5926/2842 5415/5929/2845 4910/5930/2846 5492/5931/2842
f 5398/5927/2843 6293/5926/2842 5492/5931/2842 4908/5932/2847
f 4785/5933/2848 5420/5934/2849 6294/5935/2850 5551/5936/2851
f 5420/5934/2849 4786/5924/2841 5398/5927/2843 6294/5935/2850
f 6294/5935/2850 5398/5927/2843 4908/5932/2847 5591/5937/2852
f 5551/5936/2851 6294/5935/2850 5591/5937/2852 4907/5938/2853
f 4820/5939/2770 5636/5848/2769 6295/5940/2854 5475/5941/2855
f 5636/5848/2769 4797/5942/2768 5523/5943/2856 6295/5940/2854
f 6295/5940/2854 5523/5943/2856 4800/5944/2799 5589/5945/2802
f 5475/5941/2855 6295/5940/2854 5589/5945/2802 4823/5946/2807
f 4823/5887/2807 5404/5886/2806 6296/5947/2857 5615/5948/2858
f 5404/5886/2806 4824/5885/2805 5495/5949/2859 6296/5947/2857
f 6296/5947/2857 5495/5949/2859 4819/5950/2860 5550/5951/2861
f 5615/5948/2858 6296/5947/2857 5550/5951/2861 4818/5952/2832
f 4899/5953/2862 5476/5954/2863 6297/5955/2864 5572/5956/2865
f 5476/5954/2863 4897/5957/2866 5443/5958/2867 6297/5955/2864
f 6297/5955/2864 5443/5958/2867 4898/5959/2794 5499/5960/2868
f 5572/5956/2865 6297/5955/2864 5499/5960/2868 4900/5961/2869
f 4873/5901/2821 5479/5962/2870 6298/5963/2757 5629/5902/2819
f 5479/5962/2870 4874/5964/2759 5440/5965/2757 6298/5963/2757
f 6298/5963/2757 5440/5965/2757 4894/5834/2756 5603/5966/2871
f 5629/5902/2819 6298/5963/2757 5603/5966/2871 4895/5903/2756
f 4866/5967/2872 5493/5968/2873 6299/5969/2874 5530/5970/2875
f 5493/5968/2873 4862/5971/2876 5639/5972/2877 6299/5969/2874
f 6299/5969/2874 5639/5972/2877 4840/5973/2878 5511/5974/2879
f 5530/5970/2875 6299/5969/2874 5511/5974/2879 4844/5975/2880
f 4782/5876/2796 5452/5976/2881 6300/5977/2882 5549/5978/2883
f 5452/5976/2881 4783/5979/2884 5486/5980/2885 6300/5977/2882
f 6300/5977/2882 5486/5980/2885 4905/5981/2886 5487/5982/2887
f 5549/5978/2883 6300/5977/2882 5487/5982/2887 4906/5983/2888
f 4795/5984/2889 5620/5985/2890 6301/5986/2891 5643/5987/2892
f 5620/5985/2890 4784/5988/2893 5395/5989/2894 6301/5986/2891
f 6301/5986/2891 5395/5989/2894 4785/5933/2848 5538/5990/2895
f 5643/5987/2892 6301/5986/2891 5538/5990/2895 4794/5991/2896
f 4807/5992/2897 5389/5993/2898 6302/5994/2899 5496/5995/2900
f 5389/5993/2898 4806/5996/2901 5641/5997/2902 6302/5994/2899
f 6302/5994/2899 5641/5997/2902 4802/5998/2903 5428/5999/2904
f 5496/5995/2900 6302/5994/2899 5428/5999/2904 4781/6000/2798
f 4861/6001/2905 5522/6002/2906 6303/6003/2907 5625/6004/2908
f 5522/6002/2906 4857/6005/2909 5468/6006/2910 6303/6003/2907
f 6303/6003/2907 5468/6006/2910 4858/6007/2911 5573/6008/2912
f 5625/6004/2908 6303/6003/2907 5573/6008/2912 4862/6009/2876
f 4863/6010/2913 5552/6011/2914 6304/6012/2915 5388/6013/2916
f 5552/6011/2914 4859/6014/2917 5485/6015/2918 6304/6012/2915
f 6304/6012/2915 5485/6015/2918 4857/6005/2909 5522/6002/2906
f 5388/6013/2916 6304/6012/2915 5522/6002/2906 4861/6001/2905
f 4879/6016/2919 5520/6017/2920 6305/6018/2921 5417/6019/2919
f 5520/6017/2920 4873/6020/2821 5431/6021/2818 6305/6018/2921
f 6305/6018/2921 5431/6021/2818 4876/6022/2817 5483/6023/2922
f 5417/6019/2919 6305/6018/2921 5483/6023/2922 4880/6024/2923
f 4831/5910/2827 5612/6025/2924 6306/6026/2925 5540/5911/2828
f 5612/6025/2924 4828/6027/2926 5422/6028/2927 6306/6026/2925
f 6306/6026/2925 5422/6028/2927 4826/6029/2928 5433/6030/2929
f 5540/5911/2828 6306/6026/2925 5433/6030/2929 4829/5912/2829
f 4859/6014/2917 5402/6031/2930 6307/6032/2931 5519/6033/2932
f 5402/6031/2930 4860/6034/2933 5541/6035/2934 6307/6032/2931
f 6307/6032/2931 5541/6035/2934 4856/6036/2935 5434/6037/2936
f 5519/6033/2932 6307/6032/2931 5434/6037/2936 4855/6038/2937
f 4822/6039/2938 5419/6040/2939 6308/6041/2940 5583/6042/2941
f 5419/6040/2939 4821/5851/2772 5410/6043/2942 6308/6041/2940
f 6308/6041/2940 5410/6043/2942 4816/6044/2943 5430/6045/2944
f 5583/6042/2941 6308/6041/2940 5430/6045/2944 4817/6046/2945
f 4881/5865/2786 5613/6047/2946 6309/6048/2947 5526/5866/2787
f 5613/6047/2946 4877/6049/2948 5401/6050/2949 6309/6048/2947
f 6309/6048/2947 5401/6050/2949 4878/6051/2949 5466/6052/2947
f 5526/5866/2787 6309/6048/2947 5466/6052/2947 4882/5867/2787
f 4835/6053/2823 5640/6054/2950 6310/6055/2951 5535/6056/2824
f 5640/6054/2950 4836/6057/2952 5516/6058/2953 6310/6055/2951
f 6310/6055/2951 5516/6058/2953 4832/6059/2954 5473/6060/2955
f 5535/6056/2824 6310/6055/2951 5473/6060/2955 4831/5910/2827
f 4787/6061/2956 5601/6062/2957 6311/6063/2958 5563/6064/2959
f 5601/6062/2957 4899/5953/2862 5554/6065/2960 6311/6063/2958
f 6311/6063/2958 5554/6065/2960 4901/6066/2961 5502/6067/2962
f 5563/6064/2959 6311/6063/2958 5502/6067/2962 4789/6068/2963
f 4892/6069/2964 5445/6070/2965 6312/6071/2966 5391/6072/2967
f 5445/6070/2965 4888/6073/2968 5501/6074/2968 6312/6071/2966
f 6312/6071/2966 5501/6074/2968 4864/6075/2969 5624/6076/2970
f 5391/6072/2967 6312/6071/2966 5624/6076/2970 4868/6077/2971
f 4788/6078/2844 5453/6079/2842 6313/6080/2972 5409/6081/2973
f 5453/6079/2842 4786/6082/2841 5498/6083/2974 6313/6080/2972
f 6313/6080/2972 5498/6083/2974 4787/6084/2956 5563/6085/2959
f 5409/6081/2973 6313/6080/2972 5563/6085/2959 4789/6068/2963
f 4837/6086/2975 5481/6087/2976 6314/6088/2977 5513/6089/2978
f 5481/6087/2976 4833/5914/2831 5403/6090/2979 6314/6088/2977
f 6314/6088/2977 5403/6090/2979 4834/6091/2980 5630/6092/2981
f 5513/6089/2978 6314/6088/2977 5630/6092/2981 4838/6093/2982
f 4911/6094/2983 5490/6095/2984 6315/6096/2985 5503/6097/2985
f 5490/6095/2984 4792/6098/2986 5488/6099/2987 6315/6096/2985
f 6315/6096/2985 5488/6099/2987 4794/6100/2896 5437/6101/2988
f 5503/6097/2985 6315/6096/2985 5437/6101/2988 4909/6102/2989
f 4867/6103/2777 5392/6104/2990 6316/6105/2991 5471/6106/2992
f 5392/6104/2990 4868/6077/2971 5624/6107/2970 6316/6105/2991
f 6316/6105/2991 5624/6107/2970 4864/6108/2969 5494/6109/2993
f 5471/6106/2992 6316/6105/2991 5494/6109/2993 4863/6110/2913
f 4891/6111/2994 5576/6112/2995 6317/6113/2995 5514/6114/2994
f 5576/6112/2995 4887/6115/2996 5427/6116/2968 6317/6113/2995
f 6317/6113/2995 5427/6116/2968 4888/6073/2968 5445/6070/2965
f 5514/6114/2994 6317/6113/2995 5445/6070/2965 4892/6069/2964
f 4853/6117/2997 5584/6118/2998 6318/6119/2999 5626/6120/3000
f 5584/6118/2998 4850/6121/3001 5393/6122/3002 6318/6119/2999
f 6318/6119/2999 5393/6122/3002 4849/5888/2808 5570/6123/3003
f 5626/6120/3000 6318/6119/2999 5570/6123/3003 4854/6124/3004
f 4876/6022/2817 5542/5900/2820 6319/6125/2819 5556/6126/2817
f 5542/5900/2820 4896/6127/2822 5544/6128/3005 6319/6125/2819
f 6319/6125/2819 5544/6128/3005 4872/6129/3006 5616/6130/3007
f 5556/6126/2817 6319/6125/2819 5616/6130/3007 4851/6131/3008
f 4895/5903/2756 5474/6132/3009 6320/6133/3009 5396/6134/2822
f 5474/6132/3009 4891/6111/2994 5514/6114/2994 6320/6133/3009
f 6320/6133/3009 5514/6114/2994 4892/6069/2964 5460/6135/3010
f 5396/6134/2822 6320/6133/3009 5460/6135/3010 4896/6127/2822
f 4838/6093/2982 5630/6092/2981 6321/6136/3011 5508/6137/3012
f 5630/6092/2981 4834/6091/2980 5438/6138/3013 6321/6136/3011
f 6321/6136/3011 5438/6138/3013 4809/6139/3014 5432/6140/3015
f 5508/6137/3012 6321/6136/3011 5432/6140/3015 4814/6141/3016
f 4901/6142/2961 5554/6143/2960 6322/6144/3017 5447/6145/3018
f 5554/6143/2960 4899/5953/2862 5572/5956/2865 6322/6144/3017
f 6322/6144/3017 5572/5956/2865 4900/5961/2869 5534/6146/3019
f 5447/6145/3018 6322/6144/3017 5534/6146/3019 4902/6147/3020
f 4808/6148/3021 5600/6149/3022 6323/6150/3023 5418/6151/3024
f 5600/6149/3022 4809/6152/3014 5617/6153/3025 6323/6150/3023
f 6323/6150/3023 5617/6153/3025 4804/6154/3026 5477/6155/3027
f 5418/6151/3024 6323/6150/3023 5477/6155/3027 4803/6156/3028
f 4843/6157/3029 5577/6158/3030 6324/6159/3031 5578/6160/3032
f 5577/6158/3030 4847/6161/3033 5425/6162/3034 6324/6159/3031
f 6324/6159/3031 5425/6162/3034 4848/6163/2814 5597/6164/3035
f 5578/6160/3032 6324/6159/3031 5597/6164/3035 4844/6165/2880
f 4882/5867/2787 5466/6052/2947 6325/6166/2947 5637/6167/2787
f 5466/6052/2947 4878/6051/2949 5454/6168/2919 6325/6166/2947
f 6325/6166/2947 5454/6168/2919 4879/6016/2919 5482/6169/3036
f 5637/6167/2787 6325/6166/2947 5482/6169/3036 4883/6170/3037
f 4902/6147/3020 5534/6146/3019 6326/6171/3038 5416/6172/3039
f 5534/6146/3019 4900/5961/2869 5429/6173/3040 6326/6171/3038
f 6326/6171/3038 5429/6173/3040 4822/6174/2938 5583/6175/2941
f 5416/6172/3039 6326/6171/3038 5583/6175/2941 4817/6176/2945
f 4847/6161/3033 5635/6177/3041 6327/6178/3042 5425/6162/3034
f 5635/6177/3041 4828/6179/2926 5444/6180/3043 6327/6178/3042
f 6327/6178/3042 5444/6180/3043 4827/6181/2816 5610/6182/2815
f 5425/6162/3034 6327/6178/3042 5610/6182/2815 4848/6163/2814
f 4870/6183/2812 5561/6184/2809 6328/6185/3044 5621/6186/3045
f 5561/6184/2809 4849/6187/2808 5393/6188/3002 6328/6185/3044
f 6328/6185/3044 5393/6188/3002 4850/6121/3001 5594/6189/3046
f 5621/6186/3045 6328/6185/3044 5594/6189/3046 4869/6190/2781
f 4855/6038/2937 5593/6191/3047 6329/6192/3048 5524/6193/3049
f 5593/6191/3047 4852/6194/3050 5580/6195/3051 6329/6192/3048
f 6329/6192/3048 5580/6195/3051 4850/6121/3001 5584/6118/2998
f 5524/6193/3049 6329/6192/3048 5584/6118/2998 4853/6117/2997
f 4843/6196/3029 5528/6197/3052 6330/6198/3053 5405/6199/3054
f 5528/6197/3052 4839/6200/3055 5531/6201/3056 6330/6198/3053
f 6330/6198/3053 5531/6201/3056 4837/6202/2975 5571/6203/3057
f 5405/6199/3054 6330/6198/3053 5571/6203/3057 4841/6204/3058
f 4813/6205/2836 5581/6206/3059 6331/6207/3060 5406/6208/3061
f 5581/6206/3059 4814/6141/3016 5432/6209/3015 6331/6207/3060
f 6331/6207/3060 5432/6209/3015 4809/6152/3014 5600/6149/3022
f 5406/6208/3061 6331/6207/3060 5600/6149/3022 4808/6148/3021
f 4894/6210/2756 5512/6211/3009 6332/6212/3009 5603/6213/2871
f 5512/6211/3009 4890/6214/3062 5459/6215/3063 6332/6212/3009
f 6332/6212/3009 5459/6215/3063 4891/6111/2994 5474/6132/3009
f 5603/6213/2871 6332/6212/3009 5474/6132/3009 4895/5903/2756
f 4813/6205/2836 5406/6216/3061 6333/6217/3064 5421/6218/2837
f 5406/6216/3061 4808/6148/3021 5458/6219/3065 6333/6217/3064
f 6333/6217/3064 5458/6219/3065 4805/6220/3066 5602/6221/3067
f 5421/6218/2837 6333/6217/3064 5602/6221/3067 4810/6222/2838
f 4790/6223/3068 5442/6224/3069 6334/6225/3070 5553/6226/3071
f 5442/6224/3069 4788/6078/2844 5409/6081/2973 6334/6225/3070
f 6334/6225/3070 5409/6081/2973 4789/6068/2963 5628/6227/3072
f 5553/6226/3071 6334/6225/3070 5628/6227/3072 4791/6228/3073
f 4850/6229/3001 5580/6230/3051 6335/6231/3074 5594/6232/3046
f 5580/6230/3051 4852/6233/3050 5467/6234/3075 6335/6231/3074
f 6335/6231/3074 5467/6234/3075 4871/6235/2773 5642/5855/2776
f 5594/6232/3046 6335/6231/3074 5642/5855/2776 4869/6190/2781
f 4812/6236/3076 5461/6237/3077 6336/6238/3078 5588/6239/3079
f 5461/6237/3077 4811/6240/3080 5585/6241/3081 6336/6238/3078
f 6336/6238/3078 5585/6241/3081 4806/5996/2901 5389/5993/2898
f 5588/6239/3079 6336/6238/3078 5389/5993/2898 4807/5992/2897
f 4847/6242/3033 5577/6243/3030 6337/6244/3082 5505/6245/3083
f 5577/6243/3030 4843/6196/3029 5405/6199/3054 6337/6244/3082
f 6337/6244/3082 5405/6199/3054 4841/6204/3058 5464/6246/3084
f 5505/6245/3083 6337/6244/3082 5464/6246/3084 4845/6247/3085
f 4906/6248/2888 5558/6249/3086 6338/6250/3087 5408/6251/3088
f 5558/6249/3086 4904/6252/3089 5529/6253/3090 6338/6250/3087
f 6338/6250/3087 5529/6253/3090 4812/6236/3076 5588/6239/3079
f 5408/6251/3088 6338/6250/3087 5588/6239/3079 4807/6254/2897
f 4898/5874/2794 5443/6255/2867 6339/6256/3091 5533/5875/2795
f 5443/6255/2867 4897/6257/2866 5489/6258/3092 6339/6256/3091
f 6339/6256/3091 5489/6258/3092 4783/5979/2884 5452/5976/2881
f 5533/5875/2795 6339/6256/3091 5452/5976/2881 4782/5876/2796
f 4889/6259/3093 5633/6260/3094 6340/6261/3095 5423/6262/3096
f 5633/6260/3094 4885/6263/2782 5411/6264/2785 6340/6261/3095
f 6340/6261/3095 5411/6264/2785 4886/6265/2789 5555/6266/3097
f 5423/6262/3096 6340/6261/3095 5555/6266/3097 4890/6214/3062
f 4786/6082/2841 5420/6267/2849 6341/6268/3098 5498/6083/2974
f 5420/6267/2849 4785/6269/2848 5395/5989/2894 6341/6268/3098
f 6341/6268/3098 5395/5989/2894 4784/6270/2893 5500/6271/3099
f 5498/6083/2974 6341/6268/3098 5500/6271/3099 4787/6084/2956
f 4787/6084/2956 5500/6271/3099 6342/6272/3100 5601/6273/2957
f 5500/6271/3099 4784/6270/2893 5622/6274/3101 6342/6272/3100
f 6342/6272/3100 5622/6274/3101 4897/5957/2866 5476/5954/2863
f 5601/6273/2957 6342/6272/3100 5476/5954/2863 4899/5953/2862
f 4815/5923/2840 5451/5922/2839 6343/6275/3102 5644/6276/3103
f 5451/5922/2839 4810/5921/2838 5448/6277/3104 6343/6275/3102
f 6343/6275/3102 5448/6277/3104 4811/6278/3080 5536/6279/3105
f 5644/6276/3103 6343/6275/3102 5536/6279/3105 4816/6280/2943
f 4900/5961/2869 5499/5960/2868 6344/6281/3106 5429/6173/3040
f 5499/5960/2868 4898/5959/2794 5478/6282/2791 6344/6281/3106
f 6344/6281/3106 5478/6282/2791 4798/6283/2790 5545/6284/3107
f 5429/6173/3040 6344/6281/3106 5545/6284/3107 4822/6174/2938
f 4790/6223/3068 5480/6285/3108 6345/6286/3109 5442/6287/3069
f 5480/6285/3108 4912/6288/3110 5575/6289/3111 6345/6286/3109
f 6345/6286/3109 5575/6289/3111 4910/5930/2846 5415/6290/2845
f 5442/6287/3069 6345/6286/3109 5415/6290/2845 4788/5928/2844
f 4798/5870/2790 5441/6291/3112 6346/6292/3113 5545/6293/3107
f 5441/6291/3112 4796/5843/2764 5463/5846/2767 6346/6292/3113
f 6346/6292/3113 5463/5846/2767 4821/5851/2772 5419/6040/2939
f 5545/6293/3107 6346/6292/3113 5419/6040/2939 4822/6039/2938
f 4829/5912/2829 5433/6030/2929 6347/6294/3114 5521/6295/3115
f 5433/6030/2929 4826/6029/2928 5426/6296/3116 6347/6294/3114
f 6347/6294/3114 5426/6296/3116 4825/6297/3117 5559/6298/3118
f 5521/6295/3115 6347/6294/3114 5559/6298/3118 4830/6299/3119
f 4801/6300/3120 5539/6301/3121 6348/6302/3122 5515/6303/3123
f 5539/6301/3121 4797/6304/2768 5435/6305/2765 6348/6302/3122
f 6348/6302/3122 5435/6305/2765 4796/6306/2764 5518/6307/3124
f 5515/6303/3123 6348/6302/3122 5518/6307/3124 4802/6308/2903
f 4878/6051/2949 5565/6309/3125 6349/6310/3126 5454/6168/2919
f 5565/6309/3125 4874/6311/2759 5479/6312/2870 6349/6310/3126
f 6349/6310/3126 5479/6312/2870 4873/6020/2821 5520/6017/2920
f 5454/6168/2919 6349/6310/3126 5520/6017/2920 4879/6016/2919
f 4905/6313/2886 5631/6314/3127 6350/6315/3128 5487/6316/2887
f 5631/6314/3127 4903/6317/3129 5446/6318/3130 6350/6315/3128
f 6350/6315/3128 5446/6318/3130 4904/6252/3089 5558/6249/3086
f 5487/6316/2887 6350/6315/3128 5558/6249/3086 4906/6248/2888
f 4800/5944/2799 5611/6319/3131 6351/6320/3132 5609/5880/2800
f 5611/6319/3131 4803/6321/3028 5477/6322/3027 6351/6320/3132
f 6351/6320/3132 5477/6322/3027 4804/6323/3026 5590/6324/3133
f 5609/5880/2800 6351/6320/3132 5590/6324/3133 4799/6325/2803
f 4909/6102/2989 5437/6101/2988 6352/6326/3134 5614/6327/3135
f 5437/6101/2988 4794/6100/2896 5538/6328/2895 6352/6326/3134
f 6352/6326/3134 5538/6328/2895 4785/6269/2848 5551/5936/2851
f 5614/6327/3135 6352/6326/3134 5551/5936/2851 4907/5938/2853
f 4820/5939/2770 5436/6329/3136 6353/6330/3137 5525/5850/2771
f 5436/6329/3136 4815/5923/2840 5644/6276/3103 6353/6330/3137
f 6353/6330/3137 5644/6276/3103 4816/6280/2943 5410/6331/2942
f 5525/5850/2771 6353/6330/3137 5410/6331/2942 4821/5851/2772
f 4854/6124/3004 5570/6123/3003 6354/6332/3138 5407/6333/3139
f 5570/6123/3003 4849/5888/2808 5632/5891/2811 6354/6332/3138
f 6354/6332/3138 5632/5891/2811 4827/5896/2816 5592/6334/3140
f 5407/6333/3139 6354/6332/3138 5592/6334/3140 4832/6335/2954
f 4877/6049/2948 5604/6336/3141 6355/6337/3142 5401/6050/2949
f 5604/6336/3141 4875/6338/2761 5560/6339/2760 6355/6337/3142
f 6355/6337/3142 5560/6339/2760 4874/6311/2759 5565/6309/3125
f 5401/6050/2949 6355/6337/3142 5565/6309/3125 4878/6051/2949
f 4884/6340/3037 5506/6341/3036 6356/6342/3036 5397/6343/2787
f 5506/6341/3036 4880/6024/2923 5399/6344/3143 6356/6342/3036
f 6356/6342/3036 5399/6344/3143 4856/6345/2935 5541/6346/2934
f 5397/6343/2787 6356/6342/3036 5541/6346/2934 4860/6034/2933
f 4835/6053/2823 5605/6347/3144 6357/6348/3145 5640/6054/2950
f 5605/6347/3144 4839/6349/3055 5469/6350/3146 6357/6348/3145
f 6357/6348/3145 5469/6350/3146 4840/6351/2878 5587/6352/3147
f 5640/6054/2950 6357/6348/3145 5587/6352/3147 4836/6353/2952
f 4805/6220/3066 5557/6354/3148 6358/6355/3149 5394/6356/3150
f 5557/6354/3148 4801/6300/3120 5515/6303/3123 6358/6355/3149
f 6358/6355/3149 5515/6303/3123 4802/6308/2903 5641/6357/2902
f 5394/6356/3150 6358/6355/3149 5641/6357/2902 4806/6358/2901
f 4826/6359/2928 5422/6360/2927 6359/6361/3151 5547/6362/3152
f 5422/6360/2927 4828/6027/2926 5635/6363/3041 6359/6361/3151
f 6359/6361/3151 5635/6363/3041 4847/6161/3033 5505/6364/3083
f 5547/6362/3152 6359/6361/3151 5505/6364/3083 4845/6247/3085
f 4871/6235/2773 5491/6365/3153 6360/6366/3154 5638/6367/2774
f 5491/6365/3153 4872/6129/3006 5527/6368/3010 6360/6366/3154
f 6360/6366/3154 5527/6368/3010 4868/6077/2971 5392/6104/2990
f 5638/6367/2774 6360/6366/3154 5392/6104/2990 4867/6103/2777
f 4857/6005/2909 5562/6369/3155 6361/6370/3156 5468/6006/2910
f 5562/6369/3155 4853/6117/2997 5626/6120/3000 6361/6370/3156
f 6361/6370/3156 5626/6120/3000 4854/6124/3004 5586/6371/3157
f 5468/6006/2910 6361/6370/3156 5586/6371/3157 4858/6007/2911
f 4841/6204/3058 5571/6203/3057 6362/6372/3158 5456/6373/3159
f 5571/6203/3057 4837/6202/2975 5513/6374/2978 6362/6372/3158
f 6362/6372/3158 5513/6374/2978 4838/6375/2982 5595/6376/3160
f 5456/6373/3159 6362/6372/3158 5595/6376/3160 4842/6377/3161
f 4896/6127/2822 5460/6135/3010 6363/6378/3010 5544/6128/3005
f 5460/6135/3010 4892/6069/2964 5391/6072/2967 6363/6378/3010
f 6363/6378/3010 5391/6072/2967 4868/6077/2971 5527/6379/3010
f 5544/6128/3005 6363/6378/3010 5527/6379/3010 4872/6129/3006
f 4810/6222/2838 5602/6221/3067 6364/6380/3162 5448/6381/3104
f 5602/6221/3067 4805/6220/3066 5394/6356/3150 6364/6380/3162
f 6364/6380/3162 5394/6356/3150 4806/6358/2901 5585/6382/3081
f 5448/6381/3104 6364/6380/3162 5585/6382/3081 4811/6240/3080
f 4793/6383/3163 5449/6384/3164 6365/6385/3165 5484/6386/3166
f 5449/6384/3164 4791/6387/3073 5645/6388/3167 6365/6385/3165
f 6365/6385/3165 5645/6388/3167 4903/6317/3129 5631/6314/3127
f 5484/6386/3166 6365/6385/3165 5631/6314/3127 4905/6313/2886
f 4839/6349/3055 5605/6389/3144 6366/6390/3168 5531/6391/3056
f 5605/6389/3144 4835/5906/2823 5413/5909/2826 6366/6390/3168
f 6366/6390/3168 5413/5909/2826 4833/5914/2831 5481/6087/2976
f 5531/6391/3056 6366/6390/3168 5481/6087/2976 4837/6086/2975
f 4828/6179/2926 5612/6392/2924 6367/6393/3169 5444/6180/3043
f 5612/6392/2924 4831/5910/2827 5473/6060/2955 6367/6393/3169
f 6367/6393/3169 5473/6060/2955 4832/6394/2954 5592/6334/3140
f 5444/6180/3043 6367/6393/3169 5592/6334/3140 4827/6181/2816
f 4843/6196/3029 5578/6160/3032 6368/6395/3170 5528/6197/3052
f 5578/6160/3032 4844/6396/2880 5511/6397/2879 6368/6395/3170
f 6368/6395/3170 5511/6397/2879 4840/6398/2878 5469/6399/3146
f 5528/6197/3052 6368/6395/3170 5469/6399/3146 4839/6400/3055
f 4813/5919/2836 5510/6401/2833 6369/6402/3171 5581/6403/3059
f 5510/6401/2833 4818/6404/2832 5550/6405/2861 6369/6402/3171
f 6369/6402/3171 5550/6405/2861 4819/6406/2860 5439/6407/3172
f 5581/6403/3059 6369/6402/3171 5439/6407/3172 4814/6408/3016
f 4782/6409/2796 5549/6410/2883 6370/6411/3173 5618/6412/2797
f 5549/6410/2883 4906/6248/2888 5408/6251/3088 6370/6411/3173
f 6370/6411/3173 5408/6251/3088 4807/6254/2897 5496/6413/2900
f 5618/6412/2797 6370/6411/3173 5496/6413/2900 4781/6414/2798
f 4789/6068/2963 5502/6067/2962 6371/6415/3174 5628/6227/3072
f 5502/6067/2962 4901/6066/2961 5627/6416/3175 6371/6415/3174
f 6371/6415/3174 5627/6416/3175 4903/6417/3129 5645/6418/3167
f 5628/6227/3072 6371/6415/3174 5645/6418/3167 4791/6228/3073
f 4784/6270/2893 5620/6419/2890 6372/6420/3176 5622/6274/3101
f 5620/6419/2890 4795/6421/2889 5598/6422/3177 6372/6420/3176
f 6372/6420/3176 5598/6422/3177 4783/6423/2884 5489/6258/3092
f 5622/6274/3101 6372/6420/3176 5489/6258/3092 4897/5957/2866
f 4903/6417/3129 5627/6424/3175 6373/6425/3178 5446/6426/3130
f 5627/6424/3175 4901/6142/2961 5447/6145/3018 6373/6425/3178
f 6373/6425/3178 5447/6145/3018 4902/6147/3020 5462/6427/3179
f 5446/6426/3130 6373/6425/3178 5462/6427/3179 4904/6428/3089
f 4846/6429/3180 5566/6430/3181 6374/6431/3182 5606/6432/3183
f 5566/6430/3181 4825/6297/3117 5426/6296/3116 6374/6431/3182
f 6374/6431/3182 5426/6296/3116 4826/6433/2928 5547/6434/3152
f 5606/6432/3183 6374/6431/3182 5547/6434/3152 4845/6435/3085
f 4862/6009/2876 5573/6008/2912 6375/6436/3184 5639/6437/2877
f 5573/6008/2912 4858/6007/2911 5507/6438/3185 6375/6436/3184
f 6375/6436/3184 5507/6438/3185 4836/6439/2952 5587/6440/3147
f 5639/6437/2877 6375/6436/3184 5587/6440/3147 4840/6441/2878
f 4846/6442/3180 5424/6443/3186 6376/6444/3187 5414/6445/3188
f 5424/6443/3186 4842/6377/3161 5450/6446/3189 6376/6444/3187
f 6376/6444/3187 5450/6446/3189 4819/6447/2860 5495/6448/2859
f 5414/6445/3188 6376/6444/3187 5495/6448/2859 4824/6449/2805
f 4858/6007/2911 5586/6371/3157 6377/6450/3190 5507/6438/3185
f 5586/6371/3157 4854/6124/3004 5407/6333/3139 6377/6450/3190
f 6377/6450/3190 5407/6333/3139 4832/6335/2954 5516/6451/2953
f 5507/6438/3185 6377/6450/3190 5516/6451/2953 4836/6439/2952
f 4830/6299/3119 5559/6298/3118 6378/6452/3191 5400/6453/3192
f 5559/6298/3118 4825/6297/3117 5390/6454/3193 6378/6452/3191
f 6378/6452/3191 5390/6454/3193 4799/5883/2803 5590/6455/3133
f 5400/6453/3192 6378/6452/3191 5590/6455/3133 4804/6154/3026
f 4794/6456/2896 5488/6457/2987 6379/6458/3194 5643/5987/2892
f 5488/6457/2987 4792/6459/2986 5607/6460/3195 6379/6458/3194
f 6379/6458/3194 5607/6460/3195 4793/6383/3163 5509/6461/3196
f 5643/5987/2892 6379/6458/3194 5509/6461/3196 4795/6421/2889
f 4869/5860/2781 5504/5859/2780 6380/6462/3197 5621/6463/3045
f 5504/5859/2780 4865/5858/2779 5455/6464/3198 6380/6462/3197
f 6380/6462/3197 5455/6464/3198 4866/5967/2872 5567/6465/3199
f 5621/6463/3045 6380/6462/3197 5567/6465/3199 4870/5892/2812
f 4887/6466/2996 5582/6467/3200 6381/6468/3200 5427/6469/2968
f 5582/6467/3200 4883/6170/3037 5568/6470/3037 6381/6468/3200
f 6381/6468/3200 5568/6470/3037 4884/6340/3037 5608/6471/3200
f 5427/6469/2968 6381/6468/3200 5608/6471/3200 4888/6472/2968
f 4792/6459/2986 5472/6473/3201 6382/6474/3202 5607/6460/3195
f 5472/6473/3201 4790/6475/3068 5553/6476/3071 6382/6474/3202
f 6382/6474/3202 5553/6476/3071 4791/6387/3073 5449/6384/3164
f 5607/6460/3195 6382/6474/3202 5449/6384/3164 4793/6383/3163
f 4842/6377/3161 5595/6376/3160 6383/6477/3203 5450/6446/3189
f 5595/6376/3160 4838/6375/2982 5508/6478/3012 6383/6477/3203
f 6383/6477/3203 5508/6478/3012 4814/6479/3016 5439/6480/3172
f 5450/6446/3189 6383/6477/3203 5439/6480/3172 4819/6447/2860
f 4865/5858/2779 5599/6481/3204 6384/6482/3205 5455/6464/3198
f 5599/6481/3204 4861/6483/2905 5625/6484/2908 6384/6482/3205
f 6384/6482/3205 5625/6484/2908 4862/5971/2876 5493/5968/2873
f 5455/6464/3198 6384/6482/3205 5493/5968/2873 4866/5967/2872
f 4859/6014/2917 5519/6033/2932 6385/6485/3206 5485/6015/2918
f 5519/6033/2932 4855/6038/2937 5524/6193/3049 6385/6485/3206
f 6385/6485/3206 5524/6193/3049 4853/6117/2997 5562/6369/3155
f 5485/6015/2918 6385/6485/3206 5562/6369/3155 4857/6005/2909
f 4888/6472/2968 5608/6471/3200 6386/6486/3200 5501/6487/2968
f 5608/6471/3200 4884/6340/3037 5397/6343/2787 6386/6486/3200
f 6386/6486/3200 5397/6343/2787 4860/6034/2933 5532/6488/3207
f 5501/6487/2968 6386/6486/3200 5532/6488/3207 4864/6489/2969
f 4834/6091/2980 5543/6490/3208 6387/6491/3209 5438/6138/3013
f 5543/6490/3208 4830/6299/3119 5400/6453/3192 6387/6491/3209
f 6387/6491/3209 5400/6453/3192 4804/6154/3026 5617/6492/3025
f 5438/6138/3013 6387/6491/3209 5617/6492/3025 4809/6139/3014
f 4912/6493/3110 5480/6494/3108 6388/6495/3210 5497/6496/3211
f 5480/6494/3108 4790/6475/3068 5472/6497/3201 6388/6495/3210
f 6388/6495/3210 5472/6497/3201 4792/6098/2986 5490/6095/2984
f 5497/6496/3211 6388/6495/3210 5490/6095/2984 4911/6094/2983
f 4803/6156/3028 5611/6498/3131 6389/6499/3212 5517/6500/3213
f 5611/6498/3131 4800/5944/2799 5523/6501/2856 6389/6499/3212
f 6389/6499/3212 5523/6501/2856 4797/6304/2768 5539/6301/3121
f 5517/6500/3213 6389/6499/3212 5539/6301/3121 4801/6300/3120
f 4825/6297/3117 5566/6502/3181 6390/6503/3214 5390/6454/3193
f 5566/6502/3181 4846/6442/3180 5414/6445/3188 6390/6503/3214
f 6390/6503/3214 5414/6445/3188 4824/6449/2805 5634/6504/2804
f 5390/6454/3193 6390/6503/3214 5634/6504/2804 4799/5883/2803
f 4880/6024/2923 5483/6023/2922 6391/6505/3215 5399/6344/3143
f 5483/6023/2922 4876/6022/2817 5556/6126/2817 6391/6505/3215
f 6391/6505/3215 5556/6126/2817 4851/6131/3008 5619/6506/3216
f 5399/6344/3143 6391/6505/3215 5619/6506/3216 4856/6345/2935
f 4852/6233/3050 5546/6507/3217 6392/6508/3218 5467/6234/3075
f 5546/6507/3217 4851/6509/3008 5616/6510/3007 6392/6508/3218
f 6392/6508/3218 5616/6510/3007 4872/6129/3006 5491/6365/3153
f 5467/6234/3075 6392/6508/3218 5491/6365/3153 4871/6235/2773
f 4852/6511/3050 5593/6512/3047 6393/6513/3219 5546/6514/3217
f 5593/6512/3047 4855/6515/2937 5434/6037/2936 6393/6513/3219
f 6393/6513/3219 5434/6037/2936 4856/6036/2935 5619/6516/3216
f 5546/6514/3217 6393/6513/3219 5619/6516/3216 4851/6131/3008
f 4845/6247/3085 5464/6246/3084 6394/6517/3220 5606/6432/3183
f 5464/6246/3084 4841/6204/3058 5456/6373/3159 6394/6517/3220
f 6394/6517/3220 5456/6373/3159 4842/6377/3161 5424/6443/3186
f 5606/6432/3183 6394/6517/3220 5424/6443/3186 4846/6442/3180
f 4802/6308/2903 5518/6307/3124 6395/6518/3221 5428/6519/2904
f 5518/6307/3124 4796/6306/2764 5441/6520/3112 6395/6518/3221
f 6395/6518/3221 5441/6520/3112 4798/6521/2790 5574/5873/2793
f 5428/6519/2904 6395/6518/3221 5574/5873/2793 4781/6522/2798
f 4823/5887/2807 5615/5948/2858 6396/6523/3222 5475/6524/2855
f 5615/5948/2858 4818/5915/2832 5596/5918/2835 6396/6523/3222
f 6396/6523/3222 5596/5918/2835 4815/5923/2840 5436/6329/3136
f 5475/6524/2855 6396/6523/3222 5436/6329/3136 4820/5939/2770
f 4890/6214/3062 5555/6266/3097 6397/6525/3223 5459/6215/3063
f 5555/6266/3097 4886/6265/2789 5465/6526/2996 6397/6525/3223
f 6397/6525/3223 5465/6526/2996 4887/6115/2996 5576/6112/2995
f 5459/6215/3063 6397/6525/3223 5576/6112/2995 4891/6111/2994
f 4859/6527/2917 5552/6528/2914 6398/6529/3224 5402/6530/2930
f 5552/6528/2914 4863/6531/2913 5494/6532/2993 6398/6529/3224
f 6398/6529/3224 5494/6532/2993 4864/6489/2969 5532/6533/3207
f 5402/6530/2930 6398/6529/3224 5532/6533/3207 4860/6034/2933
f 4867/5856/2777 5471/6534/2992 6399/6535/3225 5470/5857/2778
f 5471/6534/2992 4863/6110/2913 5388/6536/2916 6399/6535/3225
f 6399/6535/3225 5388/6536/2916 4861/6483/2905 5599/6481/3204
f 5470/5857/2778 6399/6535/3225 5599/6481/3204 4865/5858/2779
f 4883/6170/3037 5482/6169/3036 6400/6537/3036 5568/6470/3037
f 5482/6169/3036 4879/6016/2919 5417/6019/2919 6400/6537/3036
f 6400/6537/3036 5417/6019/2919 4880/6024/2923 5506/6341/3036
f 5568/6470/3037 6400/6537/3036 5506/6341/3036 4884/6340/3037
f 4833/5914/2831 5579/5913/2830 6401/6538/3226 5403/6090/2979
f 5579/5913/2830 4829/5912/2829 5521/6295/3115 6401/6538/3226
f 6401/6538/3226 5521/6295/3115 4830/6299/3119 5543/6490/3208
f 5403/6090/2979 6401/6538/3226 5543/6490/3208 4834/6091/2980
f 4870/5892/2812 5567/6465/3199 6402/6539/3227 5412/5893/2813
f 5567/6465/3199 4866/5967/2872 5530/5970/2875 6402/6539/3227
f 6402/6539/3227 5530/5970/2875 4844/5975/2880 5597/6540/3035
f 5412/5893/2813 6402/6539/3227 5597/6540/3035 4848/5894/2814
f 4817/6046/2945 5430/6045/2944 6403/6541/3228 5569/6542/3229
f 5430/6045/2944 4816/6044/2943 5536/6279/3105 6403/6541/3228
f 6403/6541/3228 5536/6279/3105 4811/6543/3080 5461/6544/3077
f 5569/6542/3229 6403/6541/3228 5461/6544/3077 4812/6545/3076
f 4808/6148/3021 5418/6546/3024 6404/6547/3230 5458/6219/3065
f 5418/6546/3024 4803/6156/3028 5517/6500/3213 6404/6547/3230
f 6404/6547/3230 5517/6500/3213 4801/6300/3120 5557/6354/3148
f 5458/6219/3065 6404/6547/3230 5557/6354/3148 4805/6220/3066
f 4793/6548/3163 5484/6386/3166 6405/6549/3231 5509/6550/3196
f 5484/6386/3166 4905/6551/2886 5486/6552/2885 6405/6549/3231
f 6405/6549/3231 5486/6552/2885 4783/6553/2884 5598/6422/3177
f 5509/6550/3196 6405/6549/3231 5598/6422/3177 4795/6554/2889
f 4886/5869/2789 5564/5868/2788 6406/6555/3232 5465/6556/2996
f 5564/5868/2788 4882/5867/2787 5637/6167/2787 6406/6555/3232
f 6406/6555/3232 5637/6167/2787 4883/6170/3037 5582/6467/3200
f 5465/6556/2996 6406/6555/3232 5582/6467/3200 4887/6466/2996
f 4904/6428/3089 5462/6427/3179 6407/6557/3233 5529/6558/3090
f 5462/6427/3179 4902/6147/3020 5416/6172/3039 6407/6557/3233
f 6407/6557/3233 5416/6172/3039 4817/6176/2945 5569/6559/3229
f 5529/6558/3090 6407/6557/3233 5569/6559/3229 4812/6545/3076
f 4990/6560/3234 5730/6561/3235 6408/6562/3236 5926/6563/3237
f 5730/6561/3235 4991/6564/3238 5746/6565/3239 6408/6562/3236
f 6408/6562/3236 5746/6565/3239 5015/6566/3240 5661/6567/3241
f 5926/6563/3237 6408/6562/3236 5661/6567/3241 5014/6568/3242
f 4942/6569/3243 5679/6570/3244 6409/6571/3245 5921/6572/3246
f 5679/6570/3244 4943/6573/3247 5811/6574/3248 6409/6571/3245
f 6409/6571/3245 5811/6574/3248 4938/6575/3249 5717/6576/3250
f 5921/6572/3246 6409/6571/3245 5717/6576/3250 4937/6577/3251
f 4915/6578/3252 5671/6579/3253 6410/6580/3254 5929/6581/3255
f 5671/6579/3253 4916/6582/3256 5875/6583/3257 6410/6580/3254
f 6410/6580/3254 5875/6583/3257 4914/6584/3258 5837/6585/3259
f 5929/6581/3255 6410/6580/3254 5837/6585/3259 4913/6586/3260
f 4917/6587/3261 5841/6588/3262 6411/6589/3263 5863/6590/3264
f 5841/6588/3262 4918/6591/3265 5715/6592/3266 6411/6589/3263
f 6411/6589/3263 5715/6592/3266 4916/6582/3256 5671/6579/3253
f 5863/6590/3264 6411/6589/3263 5671/6579/3253 4915/6578/3252
f 4986/6593/3267 5765/6594/3268 6412/6595/3269 5862/6596/3270
f 5765/6594/3268 4962/6597/3271 5930/6598/3272 6412/6595/3269
f 6412/6595/3269 5930/6598/3272 4963/6599/3273 5778/6600/3274
f 5862/6596/3270 6412/6595/3269 5778/6600/3274 4987/6601/3275
f 4945/6602/3276 5877/6603/3277 6413/6604/3278 5819/6605/3279
f 5877/6603/3277 4950/6606/3280 5770/6607/3281 6413/6604/3278
f 6413/6604/3278 5770/6607/3281 4951/6608/3282 5676/6609/3283
f 5819/6605/3279 6413/6604/3278 5676/6609/3283 4946/6610/3284
f 4957/6611/3285 5901/6612/3286 6414/6613/3287 5854/6614/3288
f 5901/6612/3286 4928/6615/3289 5932/6616/3290 6414/6613/3287
f 6414/6613/3287 5932/6616/3290 4927/6617/3291 5918/6618/3292
f 5854/6614/3288 6414/6613/3287 5918/6618/3292 4958/6619/3293
f 4919/6620/3294 5686/6621/3295 6415/6622/3296 5931/6623/3297
f 5686/6621/3295 4920/6624/3298 5809/6625/3299 6415/6622/3296
f 6415/6622/3296 5809/6625/3299 4918/6591/3265 5841/6588/3262
f 5931/6623/3297 6415/6622/3296 5841/6588/3262 4917/6587/3261
f 5051/6626/3300 5928/6627/3301 6416/6628/3302 5898/6629/3303
f 5928/6627/3301 4923/6630/3304 5793/6631/3305 6416/6628/3302
f 6416/6628/3302 5793/6631/3305 4921/6632/3306 5817/6633/3307
f 5898/6629/3303 6416/6628/3302 5817/6633/3307 5050/6634/3308
f 5046/6635/3309 5927/6636/3310 6417/6637/3311 5713/6638/3312
f 5927/6636/3310 5052/6639/3313 5649/6640/3314 6417/6637/3311
f 6417/6637/3311 5649/6640/3314 4934/6641/3315 5897/6642/3316
f 5713/6638/3312 6417/6637/3311 5897/6642/3316 4929/6643/3317
f 4989/6644/3318 5814/6645/3319 6418/6646/3320 5880/6647/3321
f 5814/6645/3319 4964/6648/3322 5783/6649/3323 6418/6646/3320
f 6418/6646/3320 5783/6649/3323 4990/6650/3234 5926/6563/3237
f 5880/6647/3321 6418/6646/3320 5926/6563/3237 5014/6568/3242
f 4990/6650/3234 5853/6651/3324 6419/6652/3325 5730/6653/3235
f 5853/6651/3324 4994/6654/3326 5869/6655/3327 6419/6652/3325
f 6419/6652/3325 5869/6655/3327 4995/6656/3328 5796/6657/3329
f 5730/6653/3235 6419/6652/3325 5796/6657/3329 4991/6658/3238
f 4923/6630/3304 5701/6659/3330 6420/6660/3331 5793/6631/3305
f 5701/6659/3330 4924/6661/3332 5881/6662/3333 6420/6660/3331
f 6420/6660/3331 5881/6662/3333 4922/6663/3334 5727/6664/3335
f 5793/6631/3305 6420/6660/3331 5727/6664/3335 4921/6632/3306
f 4925/6665/3336 5775/6666/3337 6421/6667/3338 5922/6668/3339
f 5775/6666/3337 4926/6669/3340 5652/6670/3341 6421/6667/3338
f 6421/6667/3338 5652/6670/3341 4924/6661/3332 5701/6659/3330
f 5922/6668/3339 6421/6667/3338 5701/6659/3330 4923/6630/3304
f 5004/6671/3342 5808/6672/3343 6422/6673/3344 5764/6674/3345
f 5808/6672/3343 5008/6675/3346 5913/6676/3347 6422/6673/3344
f 6422/6673/3344 5913/6676/3347 5009/6677/3348 5860/6678/3349
f 5764/6674/3345 6422/6673/3344 5860/6678/3349 5005/6679/3350
f 5023/6680/3351 5872/6681/3351 6423/6682/3352 5709/6683/3352
f 5872/6681/3351 5024/6684/3353 5742/6685/3354 6423/6682/3352
f 6423/6682/3352 5742/6685/3354 5020/6686/3355 5708/6687/3356
f 5709/6683/3352 6423/6682/3352 5708/6687/3356 5018/6688/3356
f 4966/6689/3357 5907/6690/3358 6424/6691/3359 5703/6692/3360
f 5907/6690/3358 4962/6693/3271 5779/6694/3361 6424/6691/3359
f 6424/6691/3359 5779/6694/3361 4930/6695/3362 5833/6696/3363
f 5703/6692/3360 6424/6691/3359 5833/6696/3363 4936/6697/3364
f 4947/6698/3365 5739/6699/3366 6425/6700/3367 5794/6701/3368
f 5739/6699/3366 4952/6702/3369 5910/6703/3370 6425/6700/3367
f 6425/6700/3367 5910/6703/3370 4953/6704/3371 5749/6705/3372
f 5794/6701/3368 6425/6700/3367 5749/6705/3372 4948/6706/3373
f 4915/6707/3252 5929/6708/3255 6426/6709/3374 5788/6710/3375
f 5929/6708/3255 4913/6711/3260 5786/6712/3376 6426/6709/3374
f 6426/6709/3374 5786/6712/3376 5046/6635/3309 5912/6713/3377
f 5788/6710/3375 6426/6709/3374 5912/6713/3377 5047/6714/3378
f 4982/6715/3379 5694/6716/3380 6427/6717/3381 5896/6718/3382
f 5694/6716/3380 4983/6719/3383 5876/6720/3384 6427/6717/3381
f 6427/6717/3381 5876/6720/3384 4979/6721/3385 5836/6722/3386
f 5896/6718/3382 6427/6717/3381 5836/6722/3386 4978/6723/3387
f 5050/6724/3308 5884/6725/3388 6428/6726/3389 5842/6727/3390
f 5884/6725/3388 5049/6728/3391 5698/6729/3392 6428/6726/3389
f 6428/6726/3389 5698/6729/3392 4949/6730/3393 5870/6731/3394
f 5842/6727/3390 6428/6726/3389 5870/6731/3394 4944/6732/3395
f 4933/6733/3396 5666/6734/3397 6429/6735/3398 5844/6736/3399
f 5666/6734/3397 4932/6737/3400 5729/6738/3401 6429/6735/3398
f 6429/6735/3398 5729/6738/3401 4937/6739/3251 5717/6740/3250
f 5844/6736/3399 6429/6735/3398 5717/6740/3250 4938/6741/3249
f 4939/6742/3402 5874/6743/3403 6430/6744/3404 5758/6745/3405
f 5874/6743/3403 4937/6577/3251 5729/6746/3401 6430/6744/3404
f 6430/6744/3404 5729/6746/3401 4932/6747/3400 5683/6748/3406
f 5758/6745/3405 6430/6744/3404 5683/6748/3406 4934/6641/3315
f 4940/6749/3407 5682/6750/3408 6431/6751/3409 5648/6752/3410
f 5682/6750/3408 4935/6753/3411 5789/6754/3412 6431/6751/3409
f 6431/6751/3409 5789/6754/3412 4933/6755/3396 5844/6756/3399
f 5648/6752/3410 6431/6751/3409 5844/6756/3399 4938/6575/3249
f 4936/6757/3364 5900/6758/3413 6432/6759/3414 5651/6760/3415
f 5900/6758/3413 4935/6753/3411 5682/6750/3408 6432/6759/3414
f 6432/6759/3414 5682/6750/3408 4940/6761/3407 5785/6762/3416
f 5651/6760/3415 6432/6759/3414 5785/6762/3416 4941/6763/3417
f 5049/6764/3391 5925/6765/3418 6433/6766/3419 5698/6767/3392
f 5925/6765/3418 5048/6768/3420 5791/6769/3421 6433/6766/3419
f 6433/6766/3419 5791/6769/3421 4954/6770/3422 5818/6771/3423
f 5698/6767/3392 6433/6766/3419 5818/6771/3423 4949/6772/3393
f 4984/6773/3424 5857/6774/3425 6434/6775/3426 5672/6776/3427
f 5857/6774/3425 4980/6777/3428 5816/6778/3429 6434/6775/3426
f 6434/6775/3426 5816/6778/3429 4979/6721/3385 5876/6779/3384
f 5672/6776/3427 6434/6775/3426 5876/6779/3384 4983/6780/3383
f 4926/6669/3340 5775/6781/3337 6435/6782/3430 5780/6783/3431
f 5775/6781/3337 4925/6665/3336 5741/6784/3432 6435/6782/3430
f 6435/6782/3430 5741/6784/3432 4913/6711/3260 5837/6785/3259
f 5780/6783/3431 6435/6782/3430 5837/6785/3259 4914/6786/3258
f 4978/6787/3387 5738/6788/3433 6436/6789/3434 5821/6790/3435
f 5738/6788/3433 4974/6791/3436 5650/6792/3437 6436/6789/3434
f 6436/6789/3434 5650/6792/3437 4946/6793/3284 5676/6794/3283
f 5821/6790/3435 6436/6789/3434 5676/6794/3283 4951/6795/3282
f 5021/6796/3438 5716/6797/3439 6437/6798/3440 5744/6799/3440
f 5716/6797/3439 5019/6800/3439 5800/6801/3441 6437/6798/3440
f 6437/6798/3440 5800/6801/3441 5042/6802/3442 5711/6803/3442
f 5744/6799/3440 6437/6798/3440 5711/6803/3442 5045/6804/3443
f 5038/6805/3444 5866/6806/3445 6438/6807/3445 5886/6808/3444
f 5866/6806/3445 5034/6809/3446 5891/6810/3447 6438/6807/3445
f 6438/6807/3445 5891/6810/3447 5037/6811/3447 5840/6812/3448
f 5886/6808/3444 6438/6807/3445 5840/6812/3448 5041/6813/3444
f 4958/6619/3293 5918/6618/3292 6439/6814/3449 5776/6815/3450
f 5918/6618/3292 4927/6617/3291 5893/6816/3451 6439/6814/3449
f 6439/6814/3449 5893/6816/3451 4931/6817/3452 5829/6818/3453
f 5776/6815/3450 6439/6814/3449 5829/6818/3453 4960/6819/3454
f 5006/6820/3455 5868/6821/3456 6440/6822/3457 5723/6823/3458
f 5868/6821/3456 5007/6824/3459 5798/6825/3460 6440/6822/3457
f 6440/6822/3457 5798/6825/3460 5003/6826/3461 5702/6827/3462
f 5723/6823/3458 6440/6822/3457 5702/6827/3462 5002/6828/3463
f 4953/6829/3371 5910/6830/3370 6441/6831/3464 5697/6832/3465
f 5910/6830/3370 4952/6833/3369 5691/6834/3466 6441/6831/3464
f 6441/6831/3464 5691/6834/3466 4957/6835/3285 5854/6836/3288
f 5697/6832/3465 6441/6831/3464 5854/6836/3288 4958/6619/3293
f 4959/6837/3467 5834/6838/3468 6442/6839/3469 5646/6840/3470
f 5834/6838/3468 4957/6841/3285 5691/6842/3466 6442/6839/3469
f 6442/6839/3469 5691/6842/3466 4952/6833/3369 5883/6843/3471
f 5646/6840/3470 6442/6839/3469 5883/6843/3471 4954/6844/3422
f 4960/6845/3454 5867/6846/3472 6443/6847/3473 5776/6848/3450
f 5867/6846/3472 4955/6849/3474 5909/6850/3475 6443/6847/3473
f 6443/6847/3473 5909/6850/3475 4953/6829/3371 5697/6851/3465
f 5776/6848/3450 6443/6847/3473 5697/6851/3465 4958/6619/3293
f 4956/6852/3476 5675/6853/3477 6444/6854/3478 5904/6855/3479
f 5675/6853/3477 4955/6849/3474 5867/6856/3472 6444/6854/3478
f 6444/6854/3478 5867/6856/3472 4960/6857/3454 5760/6858/3480
f 5904/6855/3479 6444/6854/3478 5760/6858/3480 4961/6859/3481
f 4996/6860/3482 5714/6861/3483 6445/6862/3484 5894/6863/3485
f 5714/6861/3483 4993/6864/3486 5850/6865/3487 6445/6862/3484
f 6445/6862/3484 5850/6865/3487 4991/6866/3238 5796/6867/3329
f 5894/6863/3485 6445/6862/3484 5796/6867/3329 4995/6868/3328
f 4966/6869/3357 5654/6870/3488 6446/6871/3489 5907/6872/3358
f 5654/6870/3488 4967/6873/3490 5659/6874/3491 6446/6871/3489
f 6446/6871/3489 5659/6874/3491 4963/6875/3273 5930/6876/3272
f 5907/6872/3358 6446/6871/3489 5930/6876/3272 4962/6877/3271
f 5030/6878/3492 5848/6879/3493 6447/6880/3494 5733/6881/3492
f 5848/6879/3493 5026/6882/3495 5871/6883/3495 6447/6880/3494
f 6447/6880/3494 5871/6883/3495 5029/6884/3496 5761/6885/3494
f 5733/6881/3492 6447/6880/3494 5761/6885/3494 5033/6886/3497
f 5002/6828/3463 5702/6827/3462 6448/6887/3498 5882/6888/3499
f 5702/6827/3462 5003/6826/3461 5906/6889/3500 6448/6887/3498
f 6448/6887/3498 5906/6889/3500 4999/6890/3501 5792/6891/3502
f 5882/6888/3499 6448/6887/3498 5792/6891/3502 4998/6892/3503
f 4923/6893/3304 5928/6894/3301 6449/6895/3504 5922/6668/3339
f 5928/6894/3301 5051/6896/3300 5759/6897/3505 6449/6895/3504
f 6449/6895/3504 5759/6897/3505 5052/6898/3313 5756/6899/3506
f 5922/6668/3339 6449/6895/3504 5756/6899/3506 4925/6665/3336
f 5015/6900/3240 5746/6901/3239 6450/6902/3507 5838/6903/3508
f 5746/6901/3239 4991/6658/3238 5850/6904/3487 6450/6902/3507
f 6450/6902/3507 5850/6904/3487 4993/6905/3486 5815/6906/3509
f 5838/6903/3508 6450/6902/3507 5815/6906/3509 5016/6907/3510
f 4970/6908/3511 5696/6909/3512 6451/6910/3513 5726/6911/3514
f 5696/6909/3512 4966/6689/3357 5703/6692/3360 6451/6910/3513
f 6451/6910/3513 5703/6692/3360 4936/6697/3364 5651/6912/3415
f 5726/6911/3514 6451/6910/3513 5651/6912/3415 4941/6763/3417
f 4967/6873/3490 5654/6913/3488 6452/6914/3515 5680/6915/3516
f 5654/6913/3488 4966/6916/3357 5696/6917/3512 6452/6914/3515
f 6452/6914/3515 5696/6917/3512 4970/6918/3511 5845/6919/3517
f 5680/6915/3516 6452/6914/3515 5845/6919/3517 4971/6920/3518
f 4972/6921/3519 5787/6922/3520 6453/6923/3521 5826/6924/3522
f 5787/6922/3520 4968/6925/3523 5924/6926/3524 6453/6923/3521
f 6453/6923/3521 5924/6926/3524 4967/6927/3490 5680/6928/3516
f 5826/6924/3522 6453/6923/3521 5680/6928/3516 4971/6929/3518
f 4969/6930/3525 5743/6931/3526 6454/6932/3527 5710/6933/3528
f 5743/6931/3526 4968/6934/3523 5787/6922/3520 6454/6932/3527
f 6454/6932/3527 5787/6922/3520 4972/6935/3519 5807/6936/3529
f 5710/6933/3528 6454/6932/3527 5807/6936/3529 4973/6937/3530
f 4934/6641/3315 5683/6748/3406 6455/6938/3531 5897/6939/3316
f 5683/6748/3406 4932/6747/3400 5718/6940/3532 6455/6938/3531
f 6455/6938/3531 5718/6940/3532 4928/6941/3289 5889/6942/3533
f 5897/6939/3316 6455/6938/3531 5889/6942/3533 4929/6943/3317
f 5037/6944/3447 5847/6945/3534 6456/6946/3535 5700/6947/3536
f 5847/6945/3534 5033/6886/3497 5832/6948/3497 6456/6946/3535
f 6456/6946/3535 5832/6948/3497 5005/6949/3350 5860/6950/3349
f 5700/6947/3536 6456/6946/3535 5860/6950/3349 5009/6951/3348
f 4949/6730/3393 5773/6952/3537 6457/6953/3538 5870/6954/3394
f 5773/6952/3537 4947/6955/3365 5736/6956/3539 6457/6953/3538
f 6457/6953/3538 5736/6956/3539 4942/6569/3243 5687/6957/3540
f 5870/6954/3394 6457/6953/3538 5687/6957/3540 4944/6732/3395
f 4947/6955/3365 5794/6958/3368 6458/6959/3541 5736/6956/3539
f 5794/6958/3368 4948/6960/3373 5895/6961/3542 6458/6959/3541
f 6458/6959/3541 5895/6961/3542 4943/6573/3247 5679/6570/3244
f 5736/6956/3539 6458/6959/3541 5679/6570/3244 4942/6569/3243
f 4968/6925/3523 5762/6962/3543 6459/6963/3544 5924/6926/3524
f 5762/6962/3543 4965/6964/3545 5905/6965/3546 6459/6963/3544
f 6459/6963/3544 5905/6965/3546 4963/6966/3273 5659/6967/3491
f 5924/6926/3524 6459/6963/3544 5659/6967/3491 4967/6927/3490
f 5016/6907/3510 5815/6906/3509 6460/6968/3547 5820/6969/3548
f 5815/6906/3509 4993/6905/3486 5665/6970/3549 6460/6968/3547
f 6460/6968/3547 5665/6970/3549 4992/6971/3550 5852/6972/3551
f 5820/6969/3548 6460/6968/3547 5852/6972/3551 5017/6973/3552
f 5039/6974/3553 5658/6975/3553 6461/6976/3554 5745/6977/3555
f 5658/6975/3553 5040/6978/3556 5919/6979/3557 6461/6976/3554
f 6461/6976/3554 5919/6979/3557 5036/6980/3558 5667/6981/3446
f 5745/6977/3555 6461/6976/3554 5667/6981/3446 5035/6982/3446
f 4974/6791/3436 5705/6983/3559 6462/6984/3560 5902/6985/3561
f 5705/6983/3559 4975/6986/3562 5878/6987/3563 6462/6984/3560
f 6462/6984/3560 5878/6987/3563 4971/6988/3518 5845/6989/3517
f 5902/6985/3561 6462/6984/3560 5845/6989/3517 4970/6908/3511
f 5025/6990/3564 5805/6991/3565 6463/6992/3352 5824/6993/3564
f 5805/6991/3565 5021/6994/3438 5663/6995/3438 6463/6992/3352
f 6463/6992/3352 5663/6995/3438 4992/6971/3550 5681/6996/3566
f 5824/6993/3564 6463/6992/3352 5681/6996/3566 4997/6997/3567
f 4986/6998/3267 5712/6999/3568 6464/7000/3569 5731/7001/3570
f 5712/6999/3568 4982/7002/3379 5748/7003/3571 6464/7000/3569
f 6464/7000/3569 5748/7003/3571 4956/7004/3476 5904/7005/3479
f 5731/7001/3570 6464/7000/3569 5904/7005/3479 4961/6859/3481
f 4983/7006/3383 5694/7007/3380 6465/7008/3572 5754/7009/3573
f 5694/7007/3380 4982/6715/3379 5712/7010/3568 6465/7008/3572
f 6465/7008/3572 5712/7010/3568 4986/7011/3267 5862/7012/3270
f 5754/7009/3573 6465/7008/3572 5862/7012/3270 4987/7013/3275
f 4988/7014/3574 5706/7015/3575 6466/7016/3576 5887/7017/3577
f 5706/7015/3575 4984/6773/3424 5672/6776/3427 6466/7016/3576
f 6466/7016/3576 5672/6776/3427 4983/6780/3383 5754/7018/3573
f 5887/7017/3577 6466/7016/3576 5754/7018/3573 4987/7013/3275
f 4985/7019/3578 5752/7020/3579 6467/7021/3580 5657/7022/3581
f 5752/7020/3579 4984/7023/3424 5706/7024/3575 6467/7021/3580
f 6467/7021/3580 5706/7024/3575 4988/7014/3574 5823/7025/3582
f 5657/7022/3581 6467/7021/3580 5823/7025/3582 4989/7026/3318
f 4944/6732/3395 5687/6957/3540 6468/7027/3583 5865/7028/3584
f 5687/6957/3540 4942/6569/3243 5921/6572/3246 6468/7027/3583
f 6468/7027/3583 5921/6572/3246 4937/6577/3251 5874/6743/3403
f 5865/7028/3584 6468/7027/3583 5874/6743/3403 4939/6742/3402
f 5058/7029/3585 5766/7030/3586 6469/7031/3587 5781/7032/3588
f 5766/7030/3586 5055/7033/3589 5707/7034/3590 6469/7031/3587
f 6469/7031/3587 5707/7034/3590 4918/6591/3265 5809/7035/3299
f 5781/7032/3588 6469/7031/3587 5809/7035/3299 4920/6624/3298
f 4928/6615/3289 5718/7036/3532 6470/7037/3591 5932/6616/3290
f 5718/7036/3532 4932/7038/3400 5666/7039/3397 6470/7037/3591
f 6470/7037/3591 5666/7039/3397 4933/6733/3396 5917/7040/3592
f 5932/6616/3290 6470/7037/3591 5917/7040/3592 4927/6617/3291
f 5006/6820/3455 5723/7041/3458 6471/7042/3593 5684/7043/3594
f 5723/7041/3458 5002/7044/3463 5763/7045/3595 6471/7042/3593
f 6471/7042/3593 5763/7045/3595 4977/7046/3596 5916/7047/3597
f 5684/7043/3594 6471/7042/3593 5916/7047/3597 4981/7048/3598
f 5047/6714/3378 5912/6713/3377 6472/7049/3599 5747/7050/3600
f 5912/6713/3377 5046/6635/3309 5713/6638/3312 6472/7049/3599
f 6472/7049/3599 5713/6638/3312 4929/6643/3317 5757/7051/3601
f 5747/7050/3600 6472/7049/3599 5757/7051/3601 4959/6837/3467
f 5004/7052/3342 5846/7053/3602 6473/7054/3603 5722/7055/3604
f 5846/7053/3602 5000/7056/3605 5810/7057/3606 6473/7054/3603
f 6473/7054/3603 5810/7057/3606 4999/6890/3501 5906/6889/3500
f 5722/7055/3604 6473/7054/3603 5906/6889/3500 5003/7058/3461
f 5035/7059/3446 5667/7060/3446 6474/7061/3607 5899/7062/3607
f 5667/7060/3446 5036/7063/3558 5822/7064/3608 6474/7061/3607
f 6474/7061/3607 5822/7064/3608 5032/7065/3609 5795/7066/3497
f 5899/7062/3607 6474/7061/3607 5795/7066/3497 5031/7067/3497
f 4998/7068/3503 5669/7069/3610 6475/7070/3611 5908/7071/3612
f 5669/7069/3610 4994/6654/3326 5827/7072/3613 6475/7070/3611
f 6475/7070/3611 5827/7072/3613 4969/7073/3525 5710/7074/3528
f 5908/7071/3612 6475/7070/3611 5710/7074/3528 4973/6937/3530
f 4995/6868/3328 5869/6655/3327 6476/7075/3614 5688/7076/3615
f 5869/6655/3327 4994/6654/3326 5669/7069/3610 6476/7075/3614
f 6476/7075/3614 5669/7069/3610 4998/7068/3503 5792/7077/3502
f 5688/7076/3615 6476/7075/3614 5792/7077/3502 4999/6890/3501
f 5000/7056/3605 5767/7078/3616 6477/7079/3617 5810/7057/3606
f 5767/7078/3616 4996/6860/3482 5894/6863/3485 6477/7079/3617
f 6477/7079/3617 5894/6863/3485 4995/6868/3328 5688/7080/3615
f 5810/7057/3606 6477/7079/3617 5688/7080/3615 4999/6890/3501
f 4997/6997/3567 5830/7081/3618 6478/7082/3619 5719/7083/3620
f 5830/7081/3618 4996/6860/3482 5767/7084/3616 6478/7082/3619
f 6478/7082/3619 5767/7084/3616 5000/7085/3605 5914/7086/3621
f 5719/7083/3620 6478/7082/3619 5914/7086/3621 5001/7087/3622
f 5012/7088/3623 5750/7089/3624 6479/7090/3625 5890/7091/3626
f 5750/7089/3624 5013/7092/3627 5782/7093/3628 6479/7090/3625
f 6479/7090/3625 5782/7093/3628 5009/7094/3348 5913/7095/3347
f 5890/7091/3626 6479/7090/3625 5913/7095/3347 5008/7096/3346
f 5050/6634/3308 5817/6633/3307 6480/7097/3629 5884/7098/3388
f 5817/6633/3307 4921/6632/3306 5856/7099/3630 6480/7097/3629
f 6480/7097/3629 5856/7099/3630 4919/7100/3294 5915/7101/3631
f 5884/7098/3388 6480/7097/3629 5915/7101/3631 5049/7102/3391
f 5059/7103/3632 5777/7104/3633 6481/7105/3634 5790/7106/3635
f 5777/7104/3633 4922/7107/3334 5881/7108/3333 6481/7105/3634
f 6481/7105/3634 5881/7108/3333 4924/7109/3332 5699/7110/3636
f 5790/7106/3635 6481/7105/3634 5699/7110/3636 5057/7111/3637
f 5048/7112/3420 5888/7113/3638 6482/7114/3639 5695/7115/3640
f 5888/7113/3638 4917/6587/3261 5863/6590/3264 6482/7114/3639
f 6482/7114/3639 5863/6590/3264 4915/6578/3252 5788/6710/3375
f 5695/7115/3640 6482/7114/3639 5788/6710/3375 5047/7116/3378
f 5056/7117/3641 5668/7118/3642 6483/7119/3643 5797/7120/3644
f 5668/7118/3642 4926/6669/3340 5780/6783/3431 6483/7119/3643
f 6483/7119/3643 5780/6783/3431 4914/6786/3258 5923/7121/3645
f 5797/7120/3644 6483/7119/3643 5923/7121/3645 5053/7122/3646
f 5059/7103/3632 5825/7123/3647 6484/7124/3648 5777/7125/3633
f 5825/7123/3647 5058/7126/3585 5781/7127/3588 6484/7124/3648
f 6484/7124/3648 5781/7127/3588 4920/7128/3298 5859/7129/3649
f 5777/7125/3633 6484/7124/3648 5859/7129/3649 4922/7107/3334
f 4931/7130/3452 5735/7131/3650 6485/7132/3651 5829/7133/3453
f 5735/7131/3650 4930/7134/3362 5839/7135/3652 6485/7132/3651
f 6485/7132/3651 5839/7135/3652 4961/7136/3481 5760/6858/3480
f 5829/7133/3453 6485/7132/3651 5760/6858/3480 4960/7137/3454
f 4954/6844/3422 5883/6843/3471 6486/7138/3653 5818/6771/3423
f 5883/6843/3471 4952/6833/3369 5739/7139/3366 6486/7138/3653
f 6486/7138/3653 5739/7139/3366 4947/6698/3365 5773/7140/3537
f 5818/6771/3423 6486/7138/3653 5773/7140/3537 4949/6772/3393
f 4921/6632/3306 5727/6664/3335 6487/7141/3654 5856/7099/3630
f 5727/6664/3335 4922/6663/3334 5859/7129/3649 6487/7141/3654
f 6487/7141/3654 5859/7129/3649 4920/7142/3298 5686/7143/3295
f 5856/7099/3630 6487/7141/3654 5686/7143/3295 4919/7100/3294
f 5004/7144/3342 5764/7145/3345 6488/7146/3655 5846/7053/3602
f 5764/7145/3345 5005/6949/3350 5873/7147/3656 6488/7146/3655
f 6488/7146/3655 5873/7147/3656 5001/7148/3622 5914/7149/3621
f 5846/7053/3602 6488/7146/3655 5914/7149/3621 5000/7150/3605
f 5014/7151/3242 5693/7152/3657 6489/7153/3658 5880/6647/3321
f 5693/7152/3657 5010/7154/3659 5804/7155/3660 6489/7153/3658
f 6489/7153/3658 5804/7155/3660 4985/7019/3578 5657/7156/3581
f 5880/6647/3321 6489/7153/3658 5657/7156/3581 4989/7026/3318
f 5011/7157/3661 5725/7158/3662 6490/7159/3663 5674/7160/3664
f 5725/7158/3662 5010/7161/3659 5693/7162/3657 6490/7159/3663
f 6490/7159/3663 5693/7162/3657 5014/6568/3242 5661/7163/3241
f 5674/7160/3664 6490/7159/3663 5661/7163/3241 5015/7164/3240
f 5016/7165/3510 5737/7166/3665 6491/7167/3666 5838/7168/3508
f 5737/7166/3665 5012/7169/3623 5768/7170/3667 6491/7167/3666
f 6491/7167/3666 5768/7170/3667 5011/7157/3661 5674/7171/3664
f 5838/7168/3508 6491/7167/3666 5674/7171/3664 5015/7172/3240
f 5013/7092/3627 5750/7173/3624 6492/7174/3668 5656/7175/3669
f 5750/7173/3624 5012/7169/3623 5737/7176/3665 6492/7174/3668
f 6492/7174/3668 5737/7176/3665 5016/7177/3510 5820/7178/3548
f 5656/7175/3669 6492/7174/3668 5820/7178/3548 5017/7179/3552
f 4982/7002/3379 5896/7180/3382 6493/7181/3670 5748/7003/3571
f 5896/7180/3382 4978/6723/3387 5821/7182/3435 6493/7181/3670
f 6493/7181/3670 5821/7182/3435 4951/7183/3282 5799/7184/3671
f 5748/7003/3571 6493/7181/3670 5799/7184/3671 4956/7004/3476
f 4950/7185/3280 5877/7186/3277 6494/7187/3672 5728/7188/3673
f 5877/7186/3277 4945/7189/3276 5678/7190/3674 6494/7187/3672
f 6494/7187/3672 5678/7190/3674 4943/6573/3247 5895/6961/3542
f 5728/7188/3673 6494/7187/3672 5895/6961/3542 4948/6960/3373
f 5043/7191/3675 5803/7192/3676 6495/7193/3441 5879/7194/3677
f 5803/7192/3676 5042/7195/3442 5800/6801/3441 6495/7193/3441
f 6495/7193/3441 5800/6801/3441 5019/7196/3439 5692/7197/3356
f 5879/7194/3677 6495/7193/3441 5692/7197/3356 5018/6688/3356
f 5051/6626/3300 5898/7198/3303 6496/7199/3678 5740/7200/3679
f 5898/7198/3303 5050/6724/3308 5842/6727/3390 6496/7199/3678
f 6496/7199/3678 5842/6727/3390 4944/6732/3395 5865/7201/3584
f 5740/7200/3679 6496/7199/3678 5865/7201/3584 4939/6742/3402
f 4980/7202/3428 5772/7203/3680 6497/7204/3681 5816/7205/3429
f 5772/7203/3680 4976/7206/3682 5689/7207/3683 6497/7204/3681
f 6497/7204/3681 5689/7207/3683 4975/7208/3562 5724/7209/3684
f 5816/7205/3429 6497/7204/3681 5724/7209/3684 4979/7210/3385
f 4976/7206/3682 5864/7211/3685 6498/7212/3686 5689/7207/3683
f 5864/7211/3685 4972/6921/3519 5826/6924/3522 6498/7212/3686
f 6498/7212/3686 5826/6924/3522 4971/6929/3518 5878/7213/3563
f 5689/7207/3683 6498/7212/3686 5878/7213/3563 4975/7208/3562
f 4984/7214/3424 5752/7215/3579 6499/7216/3687 5857/6774/3425
f 5752/7215/3579 4985/7217/3578 5885/7218/3688 6499/7216/3687
f 6499/7216/3687 5885/7218/3688 4981/7219/3598 5802/7220/3689
f 5857/6774/3425 6499/7216/3687 5802/7220/3689 4980/7221/3428
f 5026/7222/3495 5774/7223/3495 6500/7224/3690 5664/7225/3690
f 5774/7223/3495 5027/7226/3495 5892/7227/3690 6500/7224/3690
f 6500/7224/3690 5892/7227/3690 5023/6680/3351 5849/7228/3691
f 5664/7225/3690 6500/7224/3690 5849/7228/3691 5022/7229/3692
f 5027/7226/3495 5655/7230/3495 6501/7231/3693 5892/7227/3690
f 5655/7230/3495 5028/7232/3694 5813/7233/3695 6501/7231/3693
f 6501/7231/3693 5813/7233/3695 5024/6684/3353 5872/6681/3351
f 5892/7227/3690 6501/7231/3693 5872/6681/3351 5023/6680/3351
f 5029/6884/3496 5831/7234/3696 6502/7235/3697 5920/7236/3496
f 5831/7234/3696 5025/6990/3564 5824/6993/3564 6502/7235/3697
f 6502/7235/3697 5824/6993/3564 4997/6997/3567 5719/7237/3620
f 5920/7236/3496 6502/7235/3697 5719/7237/3620 5001/7238/3622
f 5026/6882/3495 5664/7239/3690 6503/7240/3696 5871/6883/3495
f 5664/7239/3690 5022/7241/3692 5677/7242/3691 6503/7240/3696
f 6503/7240/3696 5677/7242/3691 5025/6990/3564 5831/7234/3696
f 5871/6883/3495 6503/7240/3696 5831/7234/3696 5029/6884/3496
f 4930/7134/3362 5779/7243/3361 6504/7244/3698 5839/7135/3652
f 5779/7243/3361 4962/6877/3271 5765/7245/3268 6504/7244/3698
f 6504/7244/3698 5765/7245/3268 4986/7011/3267 5731/7246/3570
f 5839/7135/3652 6504/7244/3698 5731/7246/3570 4961/7136/3481
f 5010/7154/3659 5835/7247/3699 6505/7248/3700 5804/7155/3660
f 5835/7247/3699 5006/7249/3455 5684/7250/3594 6505/7248/3700
f 6505/7248/3700 5684/7250/3594 4981/7251/3598 5885/7252/3688
f 5804/7155/3660 6505/7248/3700 5885/7252/3688 4985/7019/3578
f 5030/7253/3492 5653/7254/3497 6506/7255/3493 5848/7256/3493
f 5653/7254/3497 5031/7067/3497 5732/7257/3493 6506/7255/3493
f 6506/7255/3493 5732/7257/3493 5027/7226/3495 5774/7223/3495
f 5848/7256/3493 6506/7255/3493 5774/7223/3495 5026/7222/3495
f 4987/6601/3275 5778/6600/3274 6507/7258/3701 5887/7259/3577
f 5778/6600/3274 4963/6599/3273 5905/7260/3546 6507/7258/3701
f 6507/7258/3701 5905/7260/3546 4965/7261/3545 5843/7262/3702
f 5887/7259/3577 6507/7258/3701 5843/7262/3702 4988/7014/3574
f 5008/6675/3346 5808/7263/3343 6508/7264/3703 5647/7265/3704
f 5808/7263/3343 5004/7052/3342 5722/7055/3604 6508/7264/3703
f 6508/7264/3703 5722/7055/3604 5003/7058/3461 5798/7266/3460
f 5647/7265/3704 6508/7264/3703 5798/7266/3460 5007/6824/3459
f 5022/7241/3692 5806/7267/3705 6509/7268/3705 5677/7242/3691
f 5806/7267/3705 5019/7196/3439 5716/7269/3439 6509/7268/3705
f 6509/7268/3705 5716/7269/3439 5021/6994/3438 5805/6991/3565
f 5677/7242/3691 6509/7268/3705 5805/6991/3565 5025/6990/3564
f 4993/6905/3486 5714/7270/3483 6510/7271/3706 5665/6970/3549
f 5714/7270/3483 4996/7272/3482 5830/7273/3618 6510/7271/3706
f 6510/7271/3706 5830/7273/3618 4997/7274/3567 5681/7275/3566
f 5665/6970/3549 6510/7271/3706 5681/7275/3566 4992/6971/3550
f 4968/6934/3523 5743/7276/3526 6511/7277/3707 5762/7278/3543
f 5743/7276/3526 4969/7279/3525 5662/7280/3708 6511/7277/3707
f 6511/7277/3707 5662/7280/3708 4964/7281/3322 5690/7282/3709
f 5762/7278/3543 6511/7277/3707 5690/7282/3709 4965/7283/3545
f 4935/6753/3411 5851/7284/3710 6512/7285/3711 5789/6754/3412
f 5851/7284/3710 4931/7286/3452 5893/7287/3451 6512/7285/3711
f 6512/7285/3711 5893/7287/3451 4927/7288/3291 5917/7040/3592
f 5789/6754/3412 6512/7285/3711 5917/7040/3592 4933/6755/3396
f 4978/6787/3387 5836/7289/3386 6513/7290/3712 5738/6788/3433
f 5836/7289/3386 4979/7291/3385 5724/7292/3684 6513/7290/3712
f 6513/7290/3712 5724/7292/3684 4975/6986/3562 5705/6983/3559
f 5738/6788/3433 6513/7290/3712 5705/6983/3559 4974/6791/3436
f 4974/6791/3436 5902/7293/3561 6514/7294/3713 5650/6792/3437
f 5902/7293/3561 4970/6908/3511 5726/6911/3514 6514/7294/3713
f 6514/7294/3713 5726/6911/3514 4941/6763/3417 5704/7295/3714
f 5650/6792/3437 6514/7294/3713 5704/7295/3714 4946/6793/3284
f 5042/6802/3442 5803/7296/3676 6515/7297/3715 5861/7298/3715
f 5803/7296/3676 5043/7299/3675 5673/7300/3715 6515/7297/3715
f 6515/7297/3715 5673/7300/3715 5039/6974/3553 5769/7301/3553
f 5861/7298/3715 6515/7297/3715 5769/7301/3553 5038/7302/3444
f 5043/7299/3675 5784/7303/3675 6516/7304/3716 5673/7300/3715
f 5784/7303/3675 5044/7305/3717 5755/7306/3718 6516/7304/3716
f 6516/7304/3716 5755/7306/3718 5040/6978/3556 5658/6975/3553
f 5673/7300/3715 6516/7304/3716 5658/6975/3553 5039/6974/3553
f 5045/7307/3443 5801/7308/3716 6517/7309/3719 5751/7310/3443
f 5801/7308/3716 5041/6813/3444 5812/7311/3720 6517/7309/3719
f 6517/7309/3719 5812/7311/3720 5013/7312/3627 5656/7313/3669
f 5751/7310/3443 6517/7309/3719 5656/7313/3669 5017/7314/3552
f 5042/7315/3442 5861/7316/3715 6518/7317/3716 5711/7318/3442
f 5861/7316/3715 5038/6805/3444 5886/6808/3444 6518/7317/3716
f 6518/7317/3716 5886/6808/3444 5041/6813/3444 5801/7308/3716
f 5711/7318/3442 6518/7317/3716 5801/7308/3716 5045/7307/3443
f 4988/7014/3574 5843/7262/3702 6519/7319/3721 5823/7025/3582
f 5843/7262/3702 4965/7261/3545 5690/7282/3709 6519/7319/3721
f 6519/7319/3721 5690/7282/3709 4964/6648/3322 5814/6645/3319
f 5823/7025/3582 6519/7319/3721 5814/6645/3319 4989/6644/3318
f 4976/7320/3682 5772/7321/3680 6520/7322/3722 5670/7323/3723
f 5772/7321/3680 4980/7202/3428 5802/7324/3689 6520/7322/3722
f 6520/7322/3722 5802/7324/3689 4981/7325/3598 5916/7326/3597
f 5670/7323/3723 6520/7322/3722 5916/7326/3597 4977/7327/3596
f 4994/6654/3326 5853/7328/3324 6521/7329/3724 5827/7072/3613
f 5853/7328/3324 4990/7330/3234 5783/6649/3323 6521/7329/3724
f 6521/7329/3724 5783/6649/3323 4964/6648/3322 5662/7331/3708
f 5827/7072/3613 6521/7329/3724 5662/7331/3708 4969/7073/3525
f 4950/7332/3280 5855/7333/3725 6522/7334/3726 5770/7335/3281
f 5855/7333/3725 4955/7336/3474 5675/7337/3477 6522/7334/3726
f 6522/7334/3726 5675/7337/3477 4956/7338/3476 5799/7184/3671
f 5770/7335/3281 6522/7334/3726 5799/7184/3671 4951/7183/3282
f 5034/7339/3446 5721/7340/3727 6523/7341/3534 5891/7342/3447
f 5721/7340/3727 5030/6878/3492 5733/6881/3492 6523/7341/3534
f 6523/7341/3534 5733/6881/3492 5033/6886/3497 5847/6945/3534
f 5891/7342/3447 6523/7341/3534 5847/6945/3534 5037/6944/3447
f 4945/7343/3276 5819/7344/3279 6524/7345/3728 5858/7346/3729
f 5819/7344/3279 4946/7347/3284 5704/7348/3714 6524/7345/3728
f 6524/7345/3728 5704/7348/3714 4941/7349/3417 5785/7350/3416
f 5858/7346/3729 6524/7345/3728 5785/7350/3416 4940/7351/3407
f 4992/7352/3550 5663/7353/3438 6525/7354/3730 5852/7355/3551
f 5663/7353/3438 5021/6796/3438 5744/6799/3440 6525/7354/3730
f 6525/7354/3730 5744/6799/3440 5045/6804/3443 5751/7356/3443
f 5852/7355/3551 6525/7354/3730 5751/7356/3443 5017/7179/3552
f 4935/7357/3411 5900/7358/3413 6526/7359/3731 5851/7360/3710
f 5900/7358/3413 4936/6697/3364 5833/7361/3363 6526/7359/3731
f 6526/7359/3731 5833/7361/3363 4930/7134/3362 5735/7131/3650
f 5851/7360/3710 6526/7359/3731 5735/7131/3650 4931/7130/3452
f 5054/7362/3732 5734/7363/3733 6527/7364/3734 5720/7365/3735
f 5734/7363/3733 5053/7122/3646 5923/7366/3645 6527/7364/3734
f 6527/7364/3734 5923/7366/3645 4914/7367/3258 5875/6583/3257
f 5720/7365/3735 6527/7364/3734 5875/6583/3257 4916/6582/3256
f 5048/6768/3420 5695/7368/3640 6528/7369/3736 5791/6769/3421
f 5695/7368/3640 5047/6714/3378 5747/7050/3600 6528/7369/3736
f 6528/7369/3736 5747/7050/3600 4959/6837/3467 5646/7370/3470
f 5791/6769/3421 6528/7369/3736 5646/7370/3470 4954/6770/3422
f 5046/7371/3309 5786/7372/3376 6529/7373/3737 5927/7374/3310
f 5786/7372/3376 4913/6586/3260 5741/7375/3432 6529/7373/3737
f 6529/7373/3737 5741/7375/3432 4925/6665/3336 5756/7376/3506
f 5927/7374/3310 6529/7373/3737 5756/7376/3506 5052/6639/3313
f 5012/7169/3623 5890/7377/3626 6530/7378/3738 5768/7170/3667
f 5890/7377/3626 5008/7096/3346 5647/7379/3704 6530/7378/3738
f 6530/7378/3738 5647/7379/3704 5007/7380/3459 5911/7381/3739
f 5768/7170/3667 6530/7378/3738 5911/7381/3739 5011/7157/3661
f 4976/7206/3682 5670/7382/3723 6531/7383/3740 5864/7384/3685
f 5670/7382/3723 4977/7385/3596 5828/7386/3741 6531/7383/3740
f 6531/7383/3740 5828/7386/3741 4973/7387/3530 5807/7388/3529
f 5864/7384/3685 6531/7383/3740 5807/7388/3529 4972/7389/3519
f 5002/7044/3463 5882/7390/3499 6532/7391/3742 5763/7045/3595
f 5882/7390/3499 4998/7068/3503 5908/7071/3612 6532/7391/3742
f 6532/7391/3742 5908/7071/3612 4973/6937/3530 5828/7386/3741
f 5763/7045/3595 6532/7391/3742 5828/7386/3741 4977/7046/3596
f 5031/7067/3497 5795/7066/3497 6533/7392/3494 5732/7257/3493
f 5795/7066/3497 5032/7065/3609 5903/7393/3743 6533/7392/3494
f 6533/7392/3494 5903/7393/3743 5028/7232/3694 5655/7230/3495
f 5732/7257/3493 6533/7392/3494 5655/7230/3495 5027/7226/3495
f 5038/7302/3444 5769/7301/3553 6534/7394/3555 5866/6806/3445
f 5769/7301/3553 5039/6974/3553 5745/6977/3555 6534/7394/3555
f 6534/7394/3555 5745/6977/3555 5035/6982/3446 5771/7395/3446
f 5866/6806/3445 6534/7394/3555 5771/7395/3446 5034/6809/3446
f 5033/6886/3497 5761/6885/3494 6535/7396/3494 5832/6948/3497
f 5761/6885/3494 5029/6884/3496 5920/7236/3496 6535/7396/3494
f 6535/7396/3494 5920/7236/3496 5001/7238/3622 5873/7397/3656
f 5832/6948/3497 6535/7396/3494 5873/7397/3656 5005/6949/3350
f 4945/7189/3276 5858/7398/3729 6536/7399/3744 5678/7190/3674
f 5858/7398/3729 4940/6749/3407 5648/6752/3410 6536/7399/3744
f 6536/7399/3744 5648/6752/3410 4938/6575/3249 5811/7400/3248
f 5678/7190/3674 6536/7399/3744 5811/7400/3248 4943/6573/3247
f 5010/7401/3659 5725/7402/3662 6537/7403/3745 5835/7404/3699
f 5725/7402/3662 5011/7157/3661 5911/7381/3739 6537/7403/3745
f 6537/7403/3745 5911/7381/3739 5007/7405/3459 5868/7406/3456
f 5835/7404/3699 6537/7403/3745 5868/7406/3456 5006/7249/3455
f 5034/7339/3446 5771/7407/3446 6538/7408/3607 5721/7409/3727
f 5771/7407/3446 5035/7059/3446 5899/7062/3607 6538/7408/3607
f 6538/7408/3607 5899/7062/3607 5031/7067/3497 5653/7254/3497
f 5721/7409/3727 6538/7408/3607 5653/7254/3497 5030/7253/3492
f 4955/6849/3474 5855/7410/3725 6539/7411/3746 5909/6850/3475
f 5855/7410/3725 4950/7332/3280 5728/7412/3673 6539/7411/3746
f 6539/7411/3746 5728/7412/3673 4948/7413/3373 5749/7414/3372
f 5909/6850/3475 6539/7411/3746 5749/7414/3372 4953/6829/3371
f 5044/7305/3717 5784/7415/3675 6540/7416/3747 5753/7417/3748
f 5784/7415/3675 5043/7191/3675 5879/7194/3677 6540/7416/3747
f 6540/7416/3747 5879/7194/3677 5018/6688/3356 5708/7418/3356
f 5753/7417/3748 6540/7416/3747 5708/7418/3356 5020/7419/3355
f 5051/6896/3300 5740/7420/3679 6541/7421/3749 5759/6897/3505
f 5740/7420/3679 4939/6742/3402 5758/6745/3405 6541/7421/3749
f 6541/7421/3749 5758/6745/3405 4934/6641/3315 5649/7422/3314
f 5759/6897/3505 6541/7421/3749 5649/7422/3314 5052/6898/3313
f 5049/7423/3391 5915/7424/3631 6542/7425/3750 5925/6765/3418
f 5915/7424/3631 4919/6620/3294 5931/6623/3297 6542/7425/3750
f 6542/7425/3750 5931/6623/3297 4917/6587/3261 5888/7113/3638
f 5925/6765/3418 6542/7425/3750 5888/7113/3638 5048/7112/3420
f 5041/6813/3444 5840/6812/3448 6543/7426/3751 5812/7311/3720
f 5840/6812/3448 5037/6811/3447 5700/7427/3536 6543/7426/3751
f 6543/7426/3751 5700/7427/3536 5009/7094/3348 5782/7428/3628
f 5812/7311/3720 6543/7426/3751 5782/7428/3628 5013/7312/3627
f 5055/7033/3589 5660/7429/3752 6544/7430/3753 5707/7034/3590
f 5660/7429/3752 5054/7362/3732 5720/7365/3735 6544/7430/3753
f 6544/7430/3753 5720/7365/3735 4916/6582/3256 5715/7431/3266
f 5707/7034/3590 6544/7430/3753 5715/7431/3266 4918/6591/3265
f 5022/7229/3692 5849/7228/3691 6545/7432/3565 5806/7433/3705
f 5849/7228/3691 5023/6680/3351 5709/6683/3352 6545/7432/3565
f 6545/7432/3565 5709/6683/3352 5018/6688/3356 5692/7434/3356
f 5806/7433/3705 6545/7432/3565 5692/7434/3356 5019/6800/3439
f 5057/7111/3637 5699/7110/3636 6546/7435/3754 5685/7436/3755
f 5699/7110/3636 4924/7109/3332 5652/6670/3341 6546/7435/3754
f 6546/7435/3754 5652/6670/3341 4926/6669/3340 5668/7118/3642
f 5685/7436/3755 6546/7435/3754 5668/7118/3642 5056/7117/3641
f 4957/6835/3285 5834/6838/3468 6547/7437/3756 5901/7438/3286
f 5834/6838/3468 4959/7439/3467 5757/7440/3601 6547/7437/3756
f 6547/7437/3756 5757/7440/3601 4929/6943/3317 5889/6942/3533
f 5901/7438/3286 6547/7437/3756 5889/6942/3533 4928/6941/3289
f 5070/7441/3757 6039/7442/3758 6548/7443/3759 6035/7444/3760
f 6039/7442/3758 5069/7445/3761 6056/7446/3762 6548/7443/3759
f 6548/7443/3759 6056/7446/3762 5068/7447/3763 6081/7448/3764
f 6035/7444/3760 6548/7443/3759 6081/7448/3764 5071/7449/3765
f 5073/7450/3766 5987/7451/3767 6549/7452/3768 6019/7453/3769
f 5987/7451/3767 5072/7454/3770 6055/7455/3771 6549/7452/3768
f 6549/7452/3768 6055/7455/3771 5069/7445/3761 6039/7442/3758
f 6019/7453/3769 6549/7452/3768 6039/7442/3758 5070/7441/3757
f 5075/7456/3772 6018/7457/3773 6550/7458/3774 5997/7459/3775
f 6018/7457/3773 5074/7460/3776 5991/7461/3777 6550/7458/3774
f 6550/7458/3774 5991/7461/3777 5072/7454/3770 5987/7451/3767
f 5997/7459/3775 6550/7458/3774 5987/7451/3767 5073/7450/3766
f 5077/7462/3778 6033/7463/3779 6551/7464/3780 6054/7465/3781
f 6033/7463/3779 5076/7466/3782 6006/7467/3783 6551/7464/3780
f 6551/7464/3780 6006/7467/3783 5074/7460/3776 6018/7457/3773
f 6054/7465/3781 6551/7464/3780 6018/7457/3773 5075/7456/3772
f 5079/7468/3784 5968/7469/3785 6552/7470/3786 6025/7471/3787
f 5968/7469/3785 5078/7472/3788 6043/7473/3789 6552/7470/3786
f 6552/7470/3786 6043/7473/3789 5076/7474/3782 6033/7475/3779
f 6025/7471/3787 6552/7470/3786 6033/7475/3779 5077/7476/3778
f 5081/7477/3790 6090/7478/3791 6553/7479/3792 5980/7480/3793
f 6090/7478/3791 5080/7481/3794 5962/7482/3795 6553/7479/3792
f 6553/7479/3792 5962/7482/3795 5078/7472/3788 5968/7469/3785
f 5980/7480/3793 6553/7479/3792 5968/7469/3785 5079/7468/3784
f 5083/7483/3796 6086/7484/3797 6554/7485/3798 5936/7486/3799
f 6086/7484/3797 5082/7487/3800 6104/7488/3801 6554/7485/3798
f 6554/7485/3798 6104/7488/3801 5080/7481/3794 6090/7478/3791
f 5936/7486/3799 6554/7485/3798 6090/7478/3791 5081/7477/3790
f 5071/7449/3765 6081/7448/3764 6555/7489/3802 6088/7490/3803
f 6081/7448/3764 5068/7447/3763 5982/7491/3804 6555/7489/3802
f 6555/7489/3802 5982/7491/3804 5082/7487/3800 6086/7484/3797
f 6088/7490/3803 6555/7489/3802 6086/7484/3797 5083/7483/3796
f 5086/7492/3805 6079/7493/3806 6556/7494/3807 6083/7495/3808
f 6079/7493/3806 5085/7496/3809 6096/7497/3810 6556/7494/3807
f 6556/7494/3807 6096/7497/3810 5084/7498/3811 5974/7499/3812
f 6083/7495/3808 6556/7494/3807 5974/7499/3812 5087/7500/3813
f 5087/7500/3813 5974/7499/3812 6557/7501/3814 6082/7502/3815
f 5974/7499/3812 5084/7498/3811 5971/7503/3816 6557/7501/3814
f 6557/7501/3814 5971/7503/3816 5088/7504/3817 5946/7505/3818
f 6082/7502/3815 6557/7501/3814 5946/7505/3818 5089/7506/3819
f 5089/7506/3819 5946/7505/3818 6558/7507/3820 6094/7508/3821
f 5946/7505/3818 5088/7504/3817 5938/7509/3822 6558/7507/3820
f 6558/7507/3820 5938/7509/3822 5090/7510/3823 6051/7511/3824
f 6094/7508/3821 6558/7507/3820 6051/7511/3824 5091/7512/3825
f 5091/7512/3825 6051/7511/3824 6559/7513/3826 6050/7514/3827
f 6051/7511/3824 5090/7510/3823 6042/7515/3828 6559/7513/3826
f 6559/7513/3826 6042/7515/3828 5092/7516/3829 6041/7517/3830
f 6050/7514/3827 6559/7513/3826 6041/7517/3830 5093/7518/3831
f 5093/7519/3831 6041/7520/3830 6560/7521/3832 5937/7522/3833
f 6041/7520/3830 5092/7523/3829 6036/7524/3834 6560/7521/3832
f 6560/7521/3832 6036/7524/3834 5094/7525/3835 5953/7526/3836
f 5937/7522/3833 6560/7521/3832 5953/7526/3836 5095/7527/3837
f 5095/7527/3837 5953/7526/3836 6561/7528/3838 5952/7529/3839
f 5953/7526/3836 5094/7525/3835 5945/7530/3840 6561/7528/3838
f 6561/7528/3838 5945/7530/3840 5096/7531/3841 5978/7532/3842
f 5952/7529/3839 6561/7528/3838 5978/7532/3842 5097/7533/3843
f 5097/7533/3843 5978/7532/3842 6562/7534/3844 5963/7535/3845
f 5978/7532/3842 5096/7531/3841 5973/7536/3846 6562/7534/3844
f 6562/7534/3844 5973/7536/3846 5098/7537/3847 6009/7538/3848
f 5963/7535/3845 6562/7534/3844 6009/7538/3848 5099/7539/3849
f 5099/7539/3849 6009/7538/3848 6563/7540/3850 6052/7541/3851
f 6009/7538/3848 5098/7537/3847 6005/7542/3852 6563/7540/3850
f 6563/7540/3850 6005/7542/3852 5085/7496/3809 6079/7493/3806
f 6052/7541/3851 6563/7540/3850 6079/7493/3806 5086/7492/3805
f 5086/7543/3805 6083/7495/3808 6564/7544/3853 6072/7545/3854
f 6083/7495/3808 5087/7546/3813 6065/7547/3855 6564/7544/3853
f 6564/7544/3853 6065/7547/3855 5100/7548/3856 5998/7549/3857
f 6072/7545/3854 6564/7544/3853 5998/7549/3857 5101/7550/3858
f 5102/7551/3859 6045/7552/3860 6565/7553/3861 6017/7554/3862
f 6045/7552/3860 5100/7548/3856 6065/7555/3855 6565/7553/3861
f 6565/7553/3861 6065/7555/3855 5087/7546/3813 6082/7556/3815
f 6017/7554/3862 6565/7553/3861 6082/7556/3815 5089/7557/3819
f 5103/7558/3863 6015/7559/3864 6566/7560/3865 5942/7561/3866
f 6015/7559/3864 5102/7551/3859 6017/7554/3862 6566/7560/3865
f 6566/7560/3865 6017/7554/3862 5089/7557/3819 6094/7562/3821
f 5942/7561/3866 6566/7560/3865 6094/7562/3821 5091/7512/3825
f 5104/7563/3867 5965/7564/3868 6567/7565/3869 5961/7566/3870
f 5965/7564/3868 5103/7558/3863 5942/7561/3866 6567/7565/3869
f 6567/7565/3869 5942/7561/3866 5091/7512/3825 6050/7567/3827
f 5961/7566/3870 6567/7565/3869 6050/7567/3827 5093/7518/3831
f 5105/7568/3871 5944/7569/3872 6568/7570/3873 6098/7571/3874
f 5944/7569/3872 5104/7572/3867 5961/7573/3870 6568/7570/3873
f 6568/7570/3873 5961/7573/3870 5093/7519/3831 5937/7574/3833
f 6098/7571/3874 6568/7570/3873 5937/7574/3833 5095/7575/3837
f 5106/7576/3875 6034/7577/3876 6569/7578/3877 6061/7579/3878
f 6034/7577/3876 5105/7568/3871 6098/7571/3874 6569/7578/3877
f 6569/7578/3877 6098/7571/3874 5095/7575/3837 5952/7529/3839
f 6061/7579/3878 6569/7578/3877 5952/7529/3839 5097/7533/3843
f 5107/7580/3879 6046/7581/3880 6570/7582/3881 6074/7583/3882
f 6046/7581/3880 5106/7576/3875 6061/7579/3878 6570/7582/3881
f 6570/7582/3881 6061/7579/3878 5097/7533/3843 5963/7584/3845
f 6074/7583/3882 6570/7582/3881 5963/7584/3845 5099/7585/3849
f 5107/7586/3879 6074/7587/3882 6571/7588/3883 6092/7589/3884
f 6074/7587/3882 5099/7539/3849 6052/7541/3851 6571/7588/3883
f 6571/7588/3883 6052/7541/3851 5086/7492/3805 6072/7545/3854
f 6092/7589/3884 6571/7588/3883 6072/7545/3854 5101/7590/3858
f 5108/7591/3885 5984/7592/3886 6572/7593/3887 5995/7594/3888
f 5984/7592/3886 5109/7595/3889 6001/7596/3890 6572/7593/3887
f 6572/7593/3887 6001/7596/3890 5110/7597/3891 6060/7598/3892
f 5995/7594/3888 6572/7593/3887 6060/7598/3892 5111/7599/3893
f 5112/7600/3894 6000/7601/3895 6573/7602/3896 6004/7603/3897
f 6000/7601/3895 5108/7591/3885 5995/7594/3888 6573/7602/3896
f 6573/7602/3896 5995/7594/3888 5111/7599/3893 5992/7604/3898
f 6004/7603/3897 6573/7602/3896 5992/7604/3898 5113/7605/3899
f 5114/7606/3900 6011/7607/3901 6574/7608/3902 5960/7609/3903
f 6011/7607/3901 5112/7600/3894 6004/7603/3897 6574/7608/3902
f 6574/7608/3902 6004/7603/3897 5113/7605/3899 6003/7610/3904
f 5960/7609/3903 6574/7608/3902 6003/7610/3904 5115/7611/3905
f 5116/7612/3906 5964/7613/3907 6575/7614/3908 5976/7615/3909
f 5964/7613/3907 5114/7606/3900 5960/7609/3903 6575/7614/3908
f 6575/7614/3908 5960/7609/3903 5115/7611/3905 5949/7616/3910
f 5976/7615/3909 6575/7614/3908 5949/7616/3910 5117/7617/3911
f 5118/7618/3912 5954/7619/3913 6576/7620/3914 6099/7621/3915
f 5954/7619/3913 5116/7622/3906 5976/7623/3909 6576/7620/3914
f 6576/7620/3914 5976/7623/3909 5117/7624/3911 5959/7625/3916
f 6099/7621/3915 6576/7620/3914 5959/7625/3916 5119/7626/3917
f 5120/7627/3918 5941/7628/3919 6577/7629/3920 6084/7630/3921
f 5941/7628/3919 5118/7618/3912 6099/7621/3915 6577/7629/3920
f 6577/7629/3920 6099/7621/3915 5119/7626/3917 6097/7631/3922
f 6084/7630/3921 6577/7629/3920 6097/7631/3922 5121/7632/3923
f 5122/7633/3924 6066/7634/3925 6578/7635/3926 6057/7636/3927
f 6066/7634/3925 5123/7637/3928 6040/7638/3929 6578/7635/3926
f 6578/7635/3926 6040/7638/3929 5120/7639/3918 6084/7630/3921
f 6057/7636/3927 6578/7635/3926 6084/7630/3921 5121/7632/3923
f 5124/7640/3930 5951/7641/3931 6579/7642/3932 5966/7643/3933
f 5951/7641/3931 5125/7644/3934 6010/7645/3935 6579/7642/3932
f 6579/7642/3932 6010/7645/3935 5067/7646/3936 5975/7647/3937
f 5966/7643/3933 6579/7642/3932 5975/7647/3937 5066/7648/3938
f 5071/7649/3765 6088/7650/3803 6580/7651/3939 5958/7652/3940
f 6088/7650/3803 5083/7653/3796 6022/7654/3941 6580/7651/3939
f 6580/7651/3939 6022/7654/3941 5125/7644/3934 5951/7641/3931
f 5958/7652/3940 6580/7651/3939 5951/7641/3931 5124/7640/3930
f 5065/7655/3942 6024/7656/3943 6581/7657/3944 6075/7658/3945
f 6024/7656/3943 5067/7659/3936 6010/7660/3935 6581/7657/3944
f 6581/7657/3944 6010/7660/3935 5125/7661/3934 6107/7662/3946
f 6075/7658/3945 6581/7657/3944 6107/7662/3946 5126/7663/3947
f 5126/7663/3947 6107/7662/3946 6582/7664/3948 6091/7665/3949
f 6107/7662/3946 5125/7661/3934 6022/7666/3941 6582/7664/3948
f 6582/7664/3948 6022/7666/3941 5083/7653/3796 5936/7667/3799
f 6091/7665/3949 6582/7664/3948 5936/7667/3799 5081/7668/3790
f 5063/7669/3950 5996/7670/3951 6583/7671/3952 6093/7672/3953
f 5996/7670/3951 5065/7655/3942 6075/7658/3945 6583/7671/3952
f 6583/7671/3952 6075/7658/3945 5126/7663/3947 6027/7673/3954
f 6093/7672/3953 6583/7671/3952 6027/7673/3954 5127/7674/3955
f 5127/7674/3955 6027/7673/3954 6584/7675/3956 5967/7676/3957
f 6027/7673/3954 5126/7663/3947 6091/7665/3949 6584/7675/3956
f 6584/7675/3956 6091/7665/3949 5081/7668/3790 5980/7677/3793
f 5967/7676/3957 6584/7675/3956 5980/7677/3793 5079/7678/3784
f 5061/7679/3958 6037/7680/3959 6585/7681/3960 6008/7682/3961
f 6037/7680/3959 5063/7669/3950 6093/7672/3953 6585/7681/3960
f 6585/7681/3960 6093/7672/3953 5127/7674/3955 6032/7683/3962
f 6008/7682/3961 6585/7681/3960 6032/7683/3962 5128/7684/3963
f 5128/7684/3963 6032/7683/3962 6586/7685/3964 6013/7686/3965
f 6032/7683/3962 5127/7674/3955 5967/7676/3957 6586/7685/3964
f 6586/7685/3964 5967/7676/3957 5079/7678/3784 6025/7471/3787
f 6013/7686/3965 6586/7685/3964 6025/7471/3787 5077/7476/3778
f 5060/7687/3966 6063/7688/3967 6587/7689/3968 6028/7690/3969
f 6063/7688/3967 5061/7691/3958 6008/7692/3961 6587/7689/3968
f 6587/7689/3968 6008/7692/3961 5128/7693/3963 6064/7694/3970
f 6028/7690/3969 6587/7689/3968 6064/7694/3970 5129/7695/3971
f 5129/7695/3971 6064/7694/3970 6588/7696/3972 5993/7697/3973
f 6064/7694/3970 5128/7693/3963 6013/7698/3965 6588/7696/3972
f 6588/7696/3972 6013/7698/3965 5077/7462/3778 6054/7699/3781
f 5993/7697/3973 6588/7696/3972 6054/7699/3781 5075/7700/3772
f 5062/7701/3974 6080/7702/3975 6589/7703/3976 5955/7704/3977
f 6080/7702/3975 5060/7687/3966 6028/7690/3969 6589/7703/3976
f 6589/7703/3976 6028/7690/3969 5129/7695/3971 6044/7705/3978
f 5955/7704/3977 6589/7703/3976 6044/7705/3978 5130/7706/3979
f 5130/7706/3979 6044/7705/3978 6590/7707/3980 6069/7708/3981
f 6044/7705/3978 5129/7695/3971 5993/7697/3973 6590/7707/3980
f 6590/7707/3980 5993/7697/3973 5075/7700/3772 5997/7709/3775
f 6069/7708/3981 6590/7707/3980 5997/7709/3775 5073/7710/3766
f 5064/7711/3982 5981/7712/3983 6591/7713/3984 6062/7714/3985
f 5981/7712/3983 5062/7701/3974 5955/7704/3977 6591/7713/3984
f 6591/7713/3984 5955/7704/3977 5130/7706/3979 6007/7715/3986
f 6062/7714/3985 6591/7713/3984 6007/7715/3986 5131/7716/3987
f 5131/7716/3987 6007/7715/3986 6592/7717/3988 5940/7718/3989
f 6007/7715/3986 5130/7706/3979 6069/7708/3981 6592/7717/3988
f 6592/7717/3988 6069/7708/3981 5073/7710/3766 6019/7719/3769
f 5940/7718/3989 6592/7717/3988 6019/7719/3769 5070/7441/3757
f 5124/7720/3930 5966/7721/3933 6593/7722/3990 6058/7723/3991
f 5966/7721/3933 5066/7724/3938 6070/7725/3992 6593/7722/3990
f 6593/7722/3990 6070/7725/3992 5064/7711/3982 6062/7714/3985
f 6058/7723/3991 6593/7722/3990 6062/7714/3985 5131/7726/3987
f 5071/7449/3765 5958/7727/3940 6594/7728/3993 6035/7729/3760
f 5958/7727/3940 5124/7720/3930 6058/7723/3991 6594/7728/3993
f 6594/7728/3993 6058/7723/3991 5131/7726/3987 5940/7730/3989
f 6035/7729/3760 6594/7728/3993 5940/7730/3989 5070/7441/3757
f 5109/7595/3889 5934/7731/3994 6595/7732/3995 6101/7733/3996
f 5934/7731/3994 5132/7734/3997 6016/7735/3998 6595/7732/3995
f 6595/7732/3995 6016/7735/3998 5133/7736/3999 5948/7737/4000
f 6101/7733/3996 6595/7732/3995 5948/7737/4000 5123/7637/3928
f 5186/7738/4001 6171/7739/4002 6596/7740/4003 6180/7741/4004
f 6171/7739/4002 5105/7568/3871 6034/7577/3876 6596/7740/4003
f 6596/7740/4003 6034/7577/3876 5106/7576/3875 6168/7742/4005
f 6180/7741/4004 6596/7740/4003 6168/7742/4005 5183/7743/4006
f 5110/7597/3891 6001/7744/3890 6597/7745/4007 6108/7746/4008
f 6001/7744/3890 5109/7595/3889 6101/7733/3996 6597/7745/4007
f 6597/7745/4007 6101/7733/3996 5123/7637/3928 6066/7634/3925
f 6108/7746/4008 6597/7745/4007 6066/7634/3925 5122/7633/3924
f 5185/7747/4009 6170/7748/4010 6598/7749/4011 6179/7750/4012
f 6170/7748/4010 5107/7586/3879 6092/7589/3884 6598/7749/4011
f 6598/7749/4011 6092/7589/3884 5101/7590/3858 6165/7751/4013
f 6179/7750/4012 6598/7749/4011 6165/7751/4013 5180/7752/4014
f 5120/7753/3918 6040/7638/3929 6599/7754/4015 6014/7755/4016
f 6040/7638/3929 5123/7756/3928 5948/7737/4000 6599/7754/4015
f 6599/7754/4015 5948/7737/4000 5133/7757/3999 6012/7758/4017
f 6014/7755/4016 6599/7754/4015 6012/7758/4017 5134/7759/4018
f 5181/7760/4019 6166/7761/4020 6600/7762/4021 6178/7763/4022
f 6166/7761/4020 5102/7764/3859 6015/7765/3864 6600/7762/4021
f 6600/7762/4021 6015/7765/3864 5103/7558/3863 6169/7766/4023
f 6178/7763/4022 6600/7762/4021 6169/7766/4023 5184/7767/4024
f 5187/7768/4025 6177/7769/4026 6601/7770/4027 6106/7771/4028
f 6177/7769/4026 5186/7772/4001 6100/7773/4029 6601/7770/4027
f 6601/7770/4027 6100/7773/4029 5137/7774/4030 5950/7775/4031
f 6106/7771/4028 6601/7770/4027 5950/7775/4031 5136/7776/4032
f 5118/7777/3912 5941/7778/3919 6602/7779/4033 6026/7780/4034
f 5941/7778/3919 5120/7753/3918 6014/7755/4016 6602/7779/4033
f 6602/7779/4033 6014/7755/4016 5134/7759/4018 6095/7781/4035
f 6026/7780/4034 6602/7779/4033 6095/7781/4035 5135/7782/4036
f 5116/7622/3906 5954/7783/3913 6603/7784/4037 5939/7785/4038
f 5954/7783/3913 5118/7777/3912 6026/7780/4034 6603/7784/4037
f 6603/7784/4037 6026/7780/4034 5135/7782/4036 6073/7786/4039
f 5939/7785/4038 6603/7784/4037 6073/7786/4039 5136/7787/4032
f 5183/7743/4006 6168/7742/4005 6604/7788/4040 6176/7789/4041
f 6168/7742/4005 5106/7576/3875 6046/7790/3880 6604/7788/4040
f 6604/7788/4040 6046/7790/3880 5107/7586/3879 6170/7748/4010
f 6176/7789/4041 6604/7788/4040 6170/7748/4010 5185/7747/4009
f 5114/7606/3900 5964/7791/3907 6605/7792/4042 5947/7793/4043
f 5964/7791/3907 5116/7794/3906 5939/7795/4038 6605/7792/4042
f 6605/7792/4042 5939/7795/4038 5136/7776/4032 5950/7796/4031
f 5947/7793/4043 6605/7792/4042 5950/7796/4031 5137/7797/4030
f 5184/7798/4024 6175/7799/4044 6606/7800/4045 6071/7801/4046
f 6175/7799/4044 5187/7802/4025 6106/7803/4028 6606/7800/4045
f 6606/7800/4045 6106/7803/4028 5136/7787/4032 6073/7804/4039
f 6071/7801/4046 6606/7800/4045 6073/7804/4039 5135/7782/4036
f 5112/7805/3894 6011/7806/3901 6607/7807/4047 5990/7808/4048
f 6011/7806/3901 5114/7606/3900 5947/7793/4043 6607/7807/4047
f 6607/7807/4047 5947/7793/4043 5137/7797/4030 6030/7809/4049
f 5990/7808/4048 6607/7807/4047 6030/7809/4049 5138/7810/4050
f 5182/7811/4051 6167/7812/4052 6608/7813/4053 6174/7814/4054
f 6167/7812/4052 5100/7815/3856 6045/7816/3860 6608/7813/4053
f 6608/7813/4053 6045/7816/3860 5102/7764/3859 6166/7761/4020
f 6174/7814/4054 6608/7813/4053 6166/7761/4020 5181/7760/4019
f 5108/7591/3885 6000/7601/3895 6609/7817/4055 6102/7818/4056
f 6000/7601/3895 5112/7805/3894 5990/7808/4048 6609/7817/4055
f 6609/7817/4055 5990/7808/4048 5138/7810/4050 5977/7819/4057
f 6102/7818/4056 6609/7817/4055 5977/7819/4057 5139/7820/4058
f 5180/7752/4014 6165/7751/4013 6610/7821/4059 6173/7822/4060
f 6165/7751/4013 5101/7590/3858 5998/7823/3857 6610/7821/4059
f 6610/7821/4059 5998/7823/3857 5100/7815/3856 6167/7812/4052
f 6173/7822/4060 6610/7821/4059 6167/7812/4052 5182/7811/4051
f 5132/7824/3997 5934/7825/3994 6611/7826/4061 6031/7827/4062
f 5934/7825/3994 5109/7595/3889 5984/7828/3886 6611/7826/4061
f 6611/7826/4061 5984/7828/3886 5108/7591/3885 6102/7829/4056
f 6031/7827/4062 6611/7826/4061 6102/7829/4056 5139/7830/4058
f 5142/7831/4063 6023/7832/4064 6612/7833/4065 6087/7834/4066
f 6023/7832/4064 5140/7835/4067 6048/7836/4068 6612/7833/4065
f 6612/7833/4065 6048/7836/4068 5141/7837/4069 6029/7838/4070
f 6087/7834/4066 6612/7833/4065 6029/7838/4070 5143/7839/4071
f 5068/7447/3763 6105/7840/4072 6613/7841/4073 5982/7491/3804
f 6105/7840/4072 5142/7831/4063 6087/7834/4066 6613/7841/4073
f 6613/7841/4073 6087/7834/4066 5143/7839/4071 6085/7842/4074
f 5982/7491/3804 6613/7841/4073 6085/7842/4074 5082/7487/3800
f 5143/7839/4071 6029/7838/4070 6614/7843/4075 5985/7844/4076
f 6029/7838/4070 5141/7837/4069 5972/7845/4077 6614/7843/4075
f 6614/7843/4075 5972/7845/4077 5144/7846/4078 5935/7847/4079
f 5985/7844/4076 6614/7843/4075 5935/7847/4079 5145/7848/4080
f 5145/7849/4080 5956/7850/4081 6615/7851/4082 5986/7852/4083
f 5956/7850/4081 5147/7853/4084 6002/7854/4085 6615/7851/4082
f 6615/7851/4082 6002/7854/4085 5078/7472/3788 5962/7855/3795
f 5986/7852/4083 6615/7851/4082 5962/7855/3795 5080/7856/3794
f 5145/7848/4080 5935/7847/4079 6616/7857/4086 5956/7858/4081
f 5935/7847/4079 5144/7846/4078 5969/7859/4087 6616/7857/4086
f 6616/7857/4086 5969/7859/4087 5146/7860/4088 6053/7861/4089
f 5956/7858/4081 6616/7857/4086 6053/7861/4089 5147/7862/4084
f 5074/7460/3776 6059/7863/4090 6617/7864/4091 5991/7461/3777
f 6059/7863/4090 5151/7865/4092 5943/7866/4093 6617/7864/4091
f 6617/7864/4091 5943/7866/4093 5153/7867/4094 6021/7868/4095
f 5991/7461/3777 6617/7864/4091 6021/7868/4095 5072/7454/3770
f 5147/7862/4084 6053/7861/4089 6618/7869/4096 5994/7870/4097
f 6053/7861/4089 5146/7860/4088 5999/7871/4098 6618/7869/4096
f 6618/7869/4096 5999/7871/4098 5148/7872/4099 5933/7873/4100
f 5994/7870/4097 6618/7869/4096 5933/7873/4100 5149/7874/4101
f 5149/7875/4101 5933/7876/4100 6619/7877/4102 6038/7878/4103
f 5933/7876/4100 5148/7879/4099 5979/7880/4104 6619/7877/4102
f 6619/7877/4102 5979/7880/4104 5150/7881/4105 6068/7882/4106
f 6038/7878/4103 6619/7877/4102 6068/7882/4106 5151/7865/4092
f 5078/7472/3788 6002/7883/4085 6620/7884/4107 6043/7473/3789
f 6002/7883/4085 5147/7862/4084 5994/7870/4097 6620/7884/4107
f 6620/7884/4107 5994/7870/4097 5149/7874/4101 6103/7885/4108
f 6043/7473/3789 6620/7884/4107 6103/7885/4108 5076/7474/3782
f 5151/7865/4092 6068/7882/4106 6621/7886/4109 5943/7866/4093
f 6068/7882/4106 5150/7881/4105 5970/7887/4110 6621/7886/4109
f 6621/7886/4109 5970/7887/4110 5152/7888/4111 6047/7889/4112
f 5943/7866/4093 6621/7886/4109 6047/7889/4112 5153/7867/4094
f 5072/7454/3770 6021/7868/4095 6622/7890/4113 6055/7455/3771
f 6021/7868/4095 5153/7867/4094 6089/7891/4114 6622/7890/4113
f 6622/7890/4113 6089/7891/4114 5155/7892/4115 6077/7893/4116
f 6055/7455/3771 6622/7890/4113 6077/7893/4116 5069/7445/3761
f 5082/7487/3800 6085/7842/4074 6623/7894/4117 6104/7488/3801
f 6085/7842/4074 5143/7839/4071 5985/7844/4076 6623/7894/4117
f 6623/7894/4117 5985/7844/4076 5145/7848/4080 5986/7895/4083
f 6104/7488/3801 6623/7894/4117 5986/7895/4083 5080/7481/3794
f 5153/7867/4094 6047/7889/4112 6624/7896/4118 6089/7891/4114
f 6047/7889/4112 5152/7888/4111 6076/7897/4119 6624/7896/4118
f 6624/7896/4118 6076/7897/4119 5154/7898/4120 5989/7899/4121
f 6089/7891/4114 6624/7896/4118 5989/7899/4121 5155/7892/4115
f 5076/7466/3782 6103/7900/4108 6625/7901/4122 6006/7467/3783
f 6103/7900/4108 5149/7875/4101 6038/7878/4103 6625/7901/4122
f 6625/7901/4122 6038/7878/4103 5151/7865/4092 6059/7863/4090
f 6006/7467/3783 6625/7901/4122 6059/7863/4090 5074/7460/3776
f 5155/7902/4115 5988/7903/4123 6626/7904/4124 6077/7905/4116
f 5988/7903/4123 5142/7831/4063 6105/7906/4072 6626/7904/4124
f 6626/7904/4124 6105/7906/4072 5068/7907/3763 6056/7908/3762
f 6077/7905/4116 6626/7904/4124 6056/7908/3762 5069/7909/3761
f 5140/7910/4067 6023/7832/4064 6627/7911/4125 5957/7912/4126
f 6023/7832/4064 5142/7913/4063 5988/7914/4123 6627/7911/4125
f 6627/7911/4125 5988/7914/4123 5155/7915/4115 5989/7916/4121
f 5957/7912/4126 6627/7911/4125 5989/7916/4121 5154/7898/4120
f 4893/7917/2763 5457/7918/4127 6628/7919/3009 5548/7920/2756
f 5457/7918/4127 4889/6259/3093 5423/6262/3096 6628/7919/3009
f 6628/7919/3009 5423/6262/3096 4890/6214/3062 5512/6211/3009
f 5548/7920/2756 6628/7919/3009 5512/6211/3009 4894/6210/2756
f 5169/7921/2634 6110/7922/2637 6629/7923/4128 6109/7924/4129
f 6110/7922/2637 5171/7925/2630 6111/7926/4130 6629/7923/4128
f 6629/7923/4128 6111/7926/4130 5173/7927/4131 6112/7928/4132
f 6109/7924/4129 6629/7923/4128 6112/7928/4132 5170/7929/4133
f 5170/7929/4133 6112/7928/4132 6630/7930/4134 6113/7931/4135
f 6112/7928/4132 5173/7927/4131 6114/7932/4136 6630/7930/4134
f 6630/7930/4134 6114/7932/4136 5172/5577/2582 6115/7933/2581
f 6113/7931/4135 6630/7930/4134 6115/7933/2581 5168/5560/2569
f 5171/7925/2630 6116/7934/2633 6631/7935/4137 6111/7926/4130
f 6116/7934/2633 5174/7936/2603 6117/7937/4138 6631/7935/4137
f 6631/7935/4137 6117/7937/4138 5176/7938/4139 6118/7939/4140
f 6111/7926/4130 6631/7935/4137 6118/7939/4140 5173/7927/4131
f 5173/7927/4131 6118/7939/4140 6632/7940/4141 6114/7932/4136
f 6118/7939/4140 5176/7938/4139 6119/7941/4142 6632/7940/4141
f 6632/7940/4141 6119/7941/4142 5175/5589/2594 6120/5588/2593
f 6114/7932/4136 6632/7940/4141 6120/5588/2593 5172/5577/2582
f 5174/7936/2603 6121/7942/2606 6633/7943/4143 6117/7937/4138
f 6121/7942/2606 5177/5606/2610 6122/7944/4144 6633/7943/4143
f 6633/7943/4143 6122/7944/4144 5179/7945/4145 6123/7946/4146
f 6117/7937/4138 6633/7943/4143 6123/7946/4146 5176/7938/4139
f 5176/7938/4139 6123/7946/4146 6634/7947/4147 6119/7941/4142
f 6123/7946/4146 5179/7945/4145 6124/7948/4148 6634/7947/4147
f 6634/7947/4147 6124/7948/4148 5178/7949/2618 6125/7950/2617
f 6119/7941/4142 6634/7947/4147 6125/7950/2617 5175/5589/2594
f 5157/5632/2627 6127/7951/2626 6635/7952/4149 6126/7953/4150
f 6127/7951/2626 5178/5630/2618 6124/7954/4148 6635/7952/4149
f 6635/7952/4149 6124/7954/4148 5179/7955/4145 6128/7956/4151
f 6126/7953/4150 6635/7952/4149 6128/7956/4151 5158/7957/4152
f 5158/7957/4152 6128/7956/4151 6636/7958/4153 6129/7959/4154
f 6128/7956/4151 5179/7955/4145 6122/7960/4144 6636/7958/4153
f 6636/7958/4153 6122/7960/4144 5177/7961/2610 6130/7962/4155
f 6129/7959/4154 6636/7958/4153 6130/7962/4155 5156/7963/2638
f 5166/5655/2644 6132/7964/2647 6637/7965/4156 6131/7966/4157
f 6132/7964/2647 5169/7921/2634 6109/7924/4129 6637/7965/4156
f 6637/7965/4156 6109/7924/4129 5170/7929/4133 6133/7967/4158
f 6131/7966/4157 6637/7965/4156 6133/7967/4158 5167/7968/4159
f 5167/7968/4159 6133/7967/4158 6638/7969/4160 6134/7970/4161
f 6133/7967/4158 5170/7929/4133 6113/7931/4135 6638/7969/4160
f 6638/7969/4160 6113/7931/4135 5168/5560/2569 6135/5557/2567
f 6134/7970/4161 6638/7969/4160 6135/5557/2567 5165/5548/2558
f 5163/5665/2651 6137/5670/2656 6639/7971/4162 6136/7972/4163
f 6137/5670/2656 5166/5655/2644 6131/7966/4157 6639/7971/4162
f 6639/7971/4162 6131/7966/4157 5167/7968/4159 6138/7973/4164
f 6136/7972/4163 6639/7971/4162 6138/7973/4164 5164/7974/4165
f 5164/7974/4165 6138/7973/4164 6640/7975/4166 6139/7976/4167
f 6138/7973/4164 5167/7968/4159 6134/7970/4161 6640/7975/4166
f 6640/7975/4166 6134/7970/4161 5165/5548/2558 6140/7977/2557
f 6139/7976/4167 6640/7975/4166 6140/7977/2557 5162/7978/2546
f 5160/7979/2643 6142/7980/2649 6641/7981/4168 6141/7982/4169
f 6142/7980/2649 5163/5665/2651 6136/7972/4163 6641/7981/4168
f 6641/7981/4168 6136/7972/4163 5164/7974/4165 6143/7983/4170
f 6141/7982/4169 6641/7981/4168 6143/7983/4170 5161/7984/4171
f 5161/7984/4171 6143/7983/4170 6642/7985/4172 6144/7986/4173
f 6143/7983/4170 5164/7974/4165 6139/7976/4167 6642/7985/4172
f 6642/7985/4172 6139/7976/4167 5162/7978/2546 6145/7987/2545
f 6144/7986/4173 6642/7985/4172 6145/7987/2545 5159/7988/2544
f 5156/5647/2638 6146/7989/2641 6643/7990/4174 6129/7991/4154
f 6146/7989/2641 5160/7979/2643 6141/7982/4169 6643/7990/4174
f 6643/7990/4174 6141/7982/4169 5161/7984/4171 6147/7992/4175
f 6129/7991/4154 6643/7990/4174 6147/7992/4175 5158/7993/4152
f 5158/7993/4152 6147/7992/4175 6644/7994/4176 6126/7995/4150
f 6147/7992/4175 5161/7984/4171 6144/7986/4173 6644/7994/4176
f 6644/7994/4176 6144/7986/4173 5159/7988/2544 6148/7996/2654
f 6126/7995/4150 6644/7994/4176 6148/7996/2654 5157/7997/2627
f 5177/7961/2610 6149/7998/2609 6645/7999/4177 6130/8000/4155
f 6149/7998/2609 4748/5618/2608 5306/5621/2622 6645/7999/4177
f 6645/7999/4177 5306/5621/2622 4742/5625/2539 6150/5648/2639
f 6130/8000/4155 6645/7999/4177 6150/5648/2639 5156/5647/2638
f 4703/8001/2428 5381/8002/2427 6646/8003/4178 5220/8004/2457
f 5381/8002/2427 4778/5810/2426 5192/5813/2745 6646/8003/4178
f 6646/8003/4178 5192/5813/2745 4776/5364/2419 5345/5361/2416
f 5220/8004/2457 6646/8003/4178 5345/5361/2416 4704/5360/2415
f 5132/7734/3997 5983/8005/4179 6647/8006/4180 6016/7735/3998
f 5983/8005/4179 5180/7752/4014 6173/7822/4060 6647/8006/4180
f 6647/8006/4180 6173/7822/4060 5182/7811/4051 6049/8007/4181
f 6016/7735/3998 6647/8006/4180 6049/8007/4181 5133/7736/3999
f 5133/7736/3999 6049/8007/4181 6648/8008/4182 6012/8009/4017
f 6049/8007/4181 5182/7811/4051 6174/7814/4054 6648/8008/4182
f 6648/8008/4182 6174/7814/4054 5181/7760/4019 6020/8010/4183
f 6012/8009/4017 6648/8008/4182 6020/8010/4183 5134/8011/4018
f 5103/8012/3863 5965/7564/3868 6649/8013/4184 6169/8014/4023
f 5965/7564/3868 5104/8015/3867 6172/8016/4185 6649/8013/4184
f 6649/8013/4184 6172/8016/4185 5187/7802/4025 6175/7799/4044
f 6169/8014/4023 6649/8013/4184 6175/7799/4044 5184/7798/4024
f 5138/8017/4050 6067/8018/4186 6650/8019/4187 5977/8020/4057
f 6067/8018/4186 5183/7743/4006 6176/7789/4041 6650/8019/4187
f 6650/8019/4187 6176/7789/4041 5185/7747/4009 6078/8021/4188
f 5977/8020/4057 6650/8019/4187 6078/8021/4188 5139/7820/4058
f 5104/8022/3867 5944/8023/3872 6651/8024/4189 6172/8025/4185
f 5944/8023/3872 5105/7568/3871 6171/8026/4002 6651/8024/4189
f 6651/8024/4189 6171/8026/4002 5186/7772/4001 6177/7769/4026
f 6172/8025/4185 6651/8024/4189 6177/7769/4026 5187/7768/4025
f 5134/8011/4018 6020/8010/4183 6652/8027/4190 6095/8028/4035
f 6020/8010/4183 5181/7760/4019 6178/7763/4022 6652/8027/4190
f 6652/8027/4190 6178/7763/4022 5184/7767/4024 6071/7801/4046
f 6095/8028/4035 6652/8027/4190 6071/7801/4046 5135/7782/4036
f 5139/7820/4058 6078/8021/4188 6653/8029/4191 6031/8030/4062
f 6078/8021/4188 5185/7747/4009 6179/7750/4012 6653/8029/4191
f 6653/8029/4191 6179/7750/4012 5180/7752/4014 5983/8005/4179
f 6031/8030/4062 6653/8029/4191 5983/8005/4179 5132/7734/3997
f 5137/8031/4030 6100/7773/4029 6654/8032/4192 6030/8033/4049
f 6100/7773/4029 5186/7738/4001 6180/7741/4004 6654/8032/4192
f 6654/8032/4192 6180/7741/4004 5183/7743/4006 6067/8018/4186
f 6030/8033/4049 6654/8032/4192 6067/8018/4186 5138/8017/4050
